사건번호,용도,LTV_광주,LTV_전북,시도,시군구,소재지,감정가,최저가,결과,낙찰가,낙찰율,매각일,분기,기간구분
중앙 2계 2019-109187,대지,나대지,나대지,서울,종로구,서울 종로구 동숭동 25-3,"2,528,488,000","2,022,790,000",기각,0,0%,2026-04-09,2026_2Q,0
중앙 11계 2021-105850,다세대,다세대주택,다세대,서울,서초구,"서울 서초구 잠원동 24-20 ,-21 3층 304호","12,887,000,000","4,222,812,000",낙찰,"8,505,000,000",66.0%,2026-04-09,2026_2Q,0
중앙 4계 2022-107457,아파트상가,아파트상가,근린상가,서울,동작구,"서울 동작구 사당동 105 ,105-2 극동 113상가동 2층 202호","178,000,000","178,000,000",취하,0,0%,2026-04-01,2026_2Q,0
중앙 12계 2023-3842(1),근린상가,근린상가,근린상가,서울,관악구,서울 관악구 남현동 1082-33 한샘빌라 지1층 비101호,"166,000,000","67,994,000",낙찰,"70,707,077",42.6%,2026-04-23,2026_2Q,0
중앙 12계 2023-3842(3),다세대,다세대주택,다세대,서울,관악구,서울 관악구 남현동 1082-33 한샘빌라 5층 502호,"409,000,000","167,526,000",낙찰,"178,341,000",43.6%,2026-04-23,2026_2Q,0
중앙 7계 2023-4722,오피스텔(주거),오피스텔,오피스텔(업무용),서울,중구,서울 중구 오장동 145-1 오렌지카운티을지로 6층 604호,"231,000,000","5,201,000",낙찰,"5,410,000",2.3%,2026-04-02,2026_2Q,0
중앙 10계 2023-6278,아파트,아파트,아파트,서울,강남구,"서울 강남구 도곡동 527 ,527-2,528,529,530 도곡렉슬 206동 2층 203호","2,700,000,000","2,160,000,000",낙찰,"3,336,524,000",123.6%,2026-04-08,2026_2Q,0
중앙 1계 2023-110689,다가구,다가구,다가구,서울,동작구,서울 동작구 사당동 422-3,"1,968,638,200","1,259,929,000",낙찰,"1,588,880,000",80.7%,2026-04-14,2026_2Q,0
중앙 11계 2023-114094(2),다세대,다세대주택,다세대,서울,관악구,서울 관악구 신림동 99-23 서린빌 2층 201호,"238,000,000","121,856,000",유찰,0,0%,2026-04-09,2026_2Q,0
중앙 7계 2023-114353,오피스텔(주거),오피스텔,오피스텔(업무용),서울,관악구,"서울 관악구 신림동 1431-38 ,1431-39,1431-40 신림 10층 1004호","148,000,000","75,776,000",취하,0,0%,2026-04-07,2026_2Q,0
중앙 11계 2024-178(1),시장,기타토지,기타토지,서울,중구,서울 중구 신당동 217-91 청평화시장 5층 가504호,"304,000,000","16,713,000",유찰,0,0%,2026-04-09,2026_2Q,0
중앙 8계 2024-772,근린주택,근린주택,근린주택,서울,관악구,서울 관악구 신림동 492-21,"2,649,910,860","1,356,754,000",낙찰,"1,700,000,000",64.2%,2026-04-22,2026_2Q,0
중앙 8계 2024-932,오피스텔(주거),오피스텔,오피스텔(업무용),서울,관악구,"서울 관악구 봉천동 27-2 ,27-7 시우트리 11층 1101호","261,000,000","7,346,000",유찰,0,0%,2026-04-22,2026_2Q,0
중앙 2계 2024-1423,아파트,아파트,아파트,서울,강남구,"서울 강남구 압구정동 481 ,481-1,482 현대 91동 5층 510호","4,000,000,000","4,000,000,000",낙찰,"5,137,960,000",128.4%,2026-04-16,2026_2Q,0
중앙 4계 2024-2020,다세대,다세대주택,다세대,서울,동작구,서울 동작구 상도동 301-191 라이온골드빌2차 4층 402호,"372,000,000","297,600,000",기각,0,0%,2026-04-07,2026_2Q,0
중앙 10계 2024-2525,대지,나대지,나대지,서울,종로구,서울 종로구 평창동 563-2,"4,174,040,000","1,367,750,000",취하,0,0%,2026-04-08,2026_2Q,0
중앙 8계 2024-4859,다세대,다세대주택,다세대,서울,종로구,"서울 종로구 숭인동 509 ,510,512,513,514,515,516,636-5 행복타운 4층 402호","368,000,000","294,400,000",낙찰,"295,000,000",80.2%,2026-04-22,2026_2Q,0
중앙 1계 2024-4941,근린상가,근린상가,근린상가,서울,중구,"서울 중구 을지로6가 21-31 ,20-2,21-23,광희동1가 182-1 동대문패션티브이 7층 7193호","76,000,000","10,200,000",낙찰,"12,050,000",15.9%,2026-04-14,2026_2Q,0
중앙 4계 2024-5258,점포,근린상가,점포상가,서울,종로구,서울 종로구 견지동 68-18,"1,242,636,224","994,109,000",취하,0,0%,2026-04-13,2026_2Q,0
중앙 8계 2024-101026,근린주택,근린주택,근린주택,서울,관악구,서울 관악구 신림동 520-27 이룸,"3,225,205,600","3,225,205,600",변경,0,0%,2026-04-22,2026_2Q,0
중앙 10계 2024-101323,다가구,다가구,다가구,서울,강남구,서울 강남구 논현동 109-23,"8,593,707,630","5,499,973,000",취하,0,0%,2026-04-08,2026_2Q,0
중앙 21계 2024-101989,대지,나대지,나대지,서울,종로구,서울 종로구 평창동 526-8,"797,160,000","797,160,000",정지,0,0%,2026-04-21,2026_2Q,0
중앙 2계 2024-102319,근린주택,근린주택,근린주택,서울,관악구,"서울 관악구 봉천동 24-27 ,23-54,24-19 이-샤르망7차","1,917,573,000","1,227,248,000",낙찰,"1,227,248,000",64.0%,2026-04-16,2026_2Q,0
중앙 12계 2024-104155,근린주택,근린주택,근린주택,서울,관악구,"서울 관악구 봉천동 1559-26 ,1559-27","2,252,321,360","2,252,321,360",낙찰,"2,511,115,000",111.5%,2026-04-23,2026_2Q,0
중앙 4계 2024-106168,오피스텔(주거),오피스텔,오피스텔(업무용),서울,서초구,서울 서초구 서초동 1303-16 강남역아이파크 5층 514호,"256,000,000","9,008,000",기각,0,0%,2026-04-20,2026_2Q,0
중앙 12계 2024-110822,다세대,다세대주택,다세대,서울,동작구,서울 동작구 상도동 301-234 지하층1호,"199,000,000","159,200,000",낙찰,"170,000,000",85.4%,2026-04-23,2026_2Q,0
중앙 12계 2024-111344,근린주택,근린주택,근린주택,서울,동작구,"서울 동작구 상도동 360-45 ,360-46 청솔","3,361,496,600","1,721,085,000",낙찰,"1,951,380,000",58.1%,2026-04-23,2026_2Q,0
중앙 21계 2024-113586,오피스텔(주거),오피스텔,오피스텔(업무용),서울,관악구,서울 관악구 봉천동 882-4 케이타워 2층 209호,"125,000,000","20,971,000",낙찰,"21,000,000",16.8%,2026-04-21,2026_2Q,0
중앙 4계 2024-114862,임야,임야,임야,서울,강남구,서울 강남구 자곡동 산4-2,"615,324,000","615,324,000",낙찰,"631,110,000",102.6%,2026-04-01,2026_2Q,0
중앙 12계 2024-115582,아파트,아파트,아파트,서울,강남구,"서울 강남구 청담동 114-9 ,114-10 청담브르넨 1층 102호","7,530,000,000","4,819,200,000",낙찰,"4,930,000,000",65.5%,2026-04-23,2026_2Q,0
중앙 4계 2024-116561,근린주택,근린주택,근린주택,서울,동작구,서울 동작구 사당동 64-125 만사형통,"2,099,569,980","2,099,569,980",변경,0,0%,2026-04-01,2026_2Q,0
중앙 12계 2024-116981(1),다세대,다세대주택,다세대,서울,관악구,서울 관악구 봉천동 100-199 에스베네스트 1층 101호,"252,000,000","161,280,000",낙찰,"180,000,000",71.4%,2026-04-23,2026_2Q,0
중앙 12계 2024-117731,오피스텔(주거),오피스텔,오피스텔(업무용),서울,강남구,서울 강남구 수서동 716 사이룩스 동관동 16층 1604호,"334,000,000","213,760,000",낙찰,"220,000,000",65.9%,2026-04-23,2026_2Q,0
중앙 21계 2024-117946,근린주택,근린주택,근린주택,서울,서초구,서울 서초구 서초동 1482-4,"3,317,603,340","3,317,603,340",정지,0,0%,2026-04-21,2026_2Q,0
중앙 9계 2024-119171,아파트,아파트,아파트,서울,서초구,서울 서초구 잠원동 162 반포센트럴자이 104동 7층 701호,"1,360,000,000","1,360,000,000",취하,0,0%,2026-04-20,2026_2Q,0
중앙 12계 2024-119713,임야,임야,임야,서울,강남구,서울 강남구 세곡동 산2,"983,111,000","257,717,000",낙찰,"278,999,900",28.4%,2026-04-23,2026_2Q,0
중앙 9계 2024-120188,의료시설,병원,병원,서울,서초구,서울 서초구 서초동 1600-10 세바른병원,"35,155,136,000","28,124,108,000",낙찰,"29,178,890,000",83.0%,2026-04-07,2026_2Q,0
중앙 8계 2024-120539(6),다세대,다세대주택,다세대,서울,동작구,서울 동작구 대방동 402-22 디안 3층 301호,"255,000,000","130,560,000",낙찰,"141,000,000",55.3%,2026-04-22,2026_2Q,0
중앙 8계 2024-120539(8),다세대,다세대주택,다세대,서울,동작구,서울 동작구 대방동 402-22 디안 3층 303호,"175,000,000","89,600,000",낙찰,"93,500,000",53.4%,2026-04-22,2026_2Q,0
중앙 8계 2024-120539(9),다세대,다세대주택,다세대,서울,동작구,서울 동작구 대방동 402-22 디안 3층 304호,"175,000,000","89,600,000",낙찰,"91,110,400",52.1%,2026-04-22,2026_2Q,0
중앙 4계 2024-120591(5),다세대,다세대주택,다세대,서울,동작구,서울 동작구 상도동 244-29 다인캐슬2차 3층 304호,"311,000,000","311,000,000",낙찰,"381,199,000",122.6%,2026-04-01,2026_2Q,0
중앙 4계 2024-120591(6),다세대,다세대주택,다세대,서울,동작구,서울 동작구 상도동 244-29 다인캐슬2차 4층 401호,"311,000,000","311,000,000",낙찰,"357,500,000",115.0%,2026-04-01,2026_2Q,0
중앙 2계 2024-120911,아파트,아파트,아파트,서울,강남구,서울 강남구 삼성동 103-22 래미안삼성1차 302동 1층 102호,"3,030,000,000","3,030,000,000",낙찰,"3,152,010,000",104.0%,2026-04-16,2026_2Q,0
중앙 9계 2024-120980,다세대,다세대주택,다세대,서울,동작구,서울 동작구 상도1동 417-4 예준빌 2층 202호,"551,000,000","440,800,000",낙찰,"451,220,000",81.9%,2026-04-07,2026_2Q,0
중앙 9계 2024-121259,다세대,다세대주택,다세대,서울,동작구,"서울 동작구 사당동 44-179 ,44-108,44-175,44-208,44-217 디에스리브1단지 102동 3층 301호","489,000,000","82,040,000",낙찰,"82,040,000",16.8%,2026-04-07,2026_2Q,0
중앙 2계 2024-123040,다세대,다세대주택,다세대,서울,관악구,"서울 관악구 신림동 608-7 ,598-347 한나래빌 3층 302호","371,000,000","296,800,000",낙찰,"328,300,000",88.5%,2026-04-16,2026_2Q,0
중앙 4계 2024-123187,아파트,아파트,아파트,서울,강남구,서울 강남구 도곡동 91-5 도곡동삼성래미안 101동 22층 2202호,"2,750,000,000","2,750,000,000",낙찰,"3,155,000,000",114.7%,2026-04-01,2026_2Q,0
중앙 21계 2024-123439,다세대,다세대주택,다세대,서울,동작구,서울 동작구 상도동 126-13 상도그린빌 A동 4층 402호,"428,000,000","89,756,000",유찰,0,0%,2026-04-21,2026_2Q,0
중앙 21계 2024-123507,다가구,다가구,다가구,서울,동작구,서울 동작구 상도1동 409-5 도영타운,"2,035,784,380","1,302,901,000",낙찰,"1,640,000,000",80.6%,2026-04-21,2026_2Q,0
중앙 12계 2024-124104,다세대,다세대주택,다세대,서울,관악구,"서울 관악구 신림동 469-4 ,469-32 바벨 5층 504호","408,000,000","208,896,000",낙찰,"231,300,000",56.7%,2026-04-23,2026_2Q,0
중앙 8계 2024-124609,다세대,다세대주택,다세대,서울,서초구,서울 서초구 방배동 322-1 방배동내방하이츠빌라 4층 401호,"834,360,000","834,360,000",기각,0,0%,2026-04-16,2026_2Q,0
중앙 4계 2024-124852,아파트,아파트,아파트,서울,서초구,서울 서초구 반포동 20-43 반포자이 102동 1층 103호,"4,960,000,000","4,960,000,000",변경,0,0%,2026-04-01,2026_2Q,0
중앙 8계 2024-124890,다세대,다세대주택,다세대,서울,관악구,서울 관악구 신림동 1437-19 태양오피스텔 6층 602호,"180,000,000","73,728,000",낙찰,"76,350,000",42.4%,2026-04-22,2026_2Q,0
중앙 21계 2024-124999,오피스텔(주거),오피스텔,오피스텔(업무용),서울,관악구,서울 관악구 신림동 1437-19 태양 7층 703호,"415,000,000","87,031,000",유찰,0,0%,2026-04-21,2026_2Q,0
중앙 21계 2024-125480,오피스텔(주거),오피스텔,오피스텔(업무용),서울,관악구,"서울 관악구 봉천동 921-6 ,921-7,921-9 청룡 3층 301호","79,000,000","63,200,000",낙찰,"78,930,000",99.9%,2026-04-21,2026_2Q,0
중앙 4계 2024-125695,연립,연립주택,연립·빌라,서울,강남구,"서울 강남구 논현동 176-4 ,176-5,176-10 현대빌라 B동 1,2층 103호","1,870,000,000","1,496,000,000",낙찰,"1,707,070,707",91.3%,2026-05-06,2026_2Q,0
중앙 11계 2025-342,근린주택,근린주택,근린주택,서울,관악구,서울 관악구 봉천동 886-7 만봉,"2,279,493,040","2,279,493,040",변경,0,0%,2026-04-09,2026_2Q,0
중앙 21계 2025-526,근린상가,근린상가,근린상가,서울,관악구,서울 관악구 신림동 1422-5 르네상스복합쇼핑몰 5층 5098호,"28,000,000","14,336,000",낙찰,"16,000,000",57.1%,2026-04-21,2026_2Q,0
중앙 21계 2025-571,다세대,다세대주택,다세대,서울,관악구,서울 관악구 신림동 467-20 라움 5층 502호,"408,000,000","208,896,000",낙찰,"208,896,000",51.2%,2026-04-21,2026_2Q,0
중앙 9계 2025-1017,주상복합(상가),기타토지,기타토지,서울,중구,"서울 중구 황학동 2523 ,688,668 황학아크로타워 1층 101호","1,020,000,000","417,792,000",낙찰,"481,000,000",47.2%,2026-04-07,2026_2Q,0
중앙 2계 2025-1086,오피스텔,오피스텔,오피스텔(업무용),서울,서초구,서울 서초구 서초동 1316-5 부띠크 모나코 13층 1310호,"2,070,000,000","1,324,800,000",낙찰,"1,670,000,000",80.7%,2026-04-16,2026_2Q,0
중앙 1계 2025-1376,단독주택,단독,단독주택,서울,관악구,서울 관악구 신림동 661-23,"754,995,800","483,198,000",낙찰,"510,100,000",67.6%,2026-04-14,2026_2Q,0
중앙 21계 2025-1499,오피스텔,오피스텔,오피스텔(업무용),서울,중구,서울 중구 신당동 773 맥스타일 1500동 15층 2호,"299,000,000","239,200,000",낙찰,"256,000,000",85.6%,2026-04-21,2026_2Q,0
중앙 10계 2025-2126,오피스텔(주거),오피스텔,오피스텔(업무용),서울,강남구,서울 강남구 자곡동 662 강남지웰홈스 B동 2층 220호,"149,000,000","119,200,000",낙찰,"135,555,900",91.0%,2026-04-08,2026_2Q,0
중앙 1계 2025-2805,오피스텔(주거),오피스텔,오피스텔(업무용),서울,서초구,서울 서초구 신원동 662 자연누리 3층 325호,"165,000,000","132,000,000",낙찰,"160,000,000",97.0%,2026-04-14,2026_2Q,0
중앙 9계 2025-3235,다세대,다세대주택,다세대,서울,관악구,"서울 관악구 남현동 1079-22 ,1079-43 한샘빌라 5층 502호","371,000,000","371,000,000",변경,0,0%,2026-04-07,2026_2Q,0
중앙 10계 2025-100488,다세대,다세대주택,다세대,서울,강남구,서울 강남구 청담동 59-30 청담 가동 2층 201호,"1,460,000,000","934,400,000",취하,0,0%,2026-04-08,2026_2Q,0
중앙 2계 2025-100600,아파트,아파트,아파트,서울,종로구,서울 종로구 창신동 23-814 창신 제9호 B동 내4층 35호,"183,000,000","183,000,000",낙찰,"183,100,000",100.1%,2026-04-16,2026_2Q,0
중앙 9계 2025-100631,다세대,다세대주택,다세대,서울,관악구,"서울 관악구 신림동 624-14 ,624-15 바벨 3층 304호","248,000,000","198,400,000",낙찰,"204,000,000",82.3%,2026-04-07,2026_2Q,0
중앙 21계 2025-100679,단독주택,단독,단독주택,서울,동작구,서울 동작구 사당동 231-13,"1,463,716,000","1,463,716,000",취하,0,0%,2026-04-21,2026_2Q,0
중앙 4계 2025-100761,차량,기타토지,기타토지,서울,서초구,서울 서초구 내곡동 1-593 내 보관,"49,000,000","31,360,000",낙찰,"33,900,000",69.2%,2026-05-06,2026_2Q,0
중앙 7계 2025-100846(1),오피스텔(주거),오피스텔,오피스텔(업무용),서울,관악구,"서울 관악구 신림동 1568-5 ,1568-6 더위일관악파크뷰 3층 304호","232,000,000","95,027,000",유찰,0,0%,2026-04-02,2026_2Q,0
중앙 7계 2025-100846(2),오피스텔(주거),오피스텔,오피스텔(업무용),서울,관악구,"서울 관악구 신림동 1568-5 ,1568-6 더위일관악파크뷰 3층 305호","232,000,000","95,027,000",유찰,0,0%,2026-04-02,2026_2Q,0
중앙 7계 2025-100846(3),오피스텔(주거),오피스텔,오피스텔(업무용),서울,관악구,"서울 관악구 신림동 1568-5 ,1568-6 더위일관악파크뷰 3층 306호","232,000,000","95,027,000",유찰,0,0%,2026-04-02,2026_2Q,0
중앙 7계 2025-100846(4),오피스텔(주거),오피스텔,오피스텔(업무용),서울,관악구,"서울 관악구 신림동 1568-5 ,1568-6 더위일관악파크뷰 5층 507호","239,000,000","97,894,000",유찰,0,0%,2026-04-02,2026_2Q,0
중앙 7계 2025-100846(5),오피스텔(주거),오피스텔,오피스텔(업무용),서울,관악구,"서울 관악구 신림동 1568-5 ,1568-6 더위일관악파크뷰 7층 708호","240,000,000","98,304,000",유찰,0,0%,2026-04-02,2026_2Q,0
중앙 7계 2025-100846(6),오피스텔(주거),오피스텔,오피스텔(업무용),서울,관악구,"서울 관악구 신림동 1568-5 ,1568-6 더위일관악파크뷰 9층 909호","244,000,000","99,942,000",유찰,0,0%,2026-04-02,2026_2Q,0
중앙 8계 2025-100891,다세대,다세대주택,다세대,서울,관악구,"서울 관악구 봉천동 1559-20 ,1559-21,1559-22,1559-31,1559-34 샤인빌 2층 201호","434,000,000","347,200,000",낙찰,"347,600,000",80.1%,2026-04-22,2026_2Q,0
중앙 12계 2025-101177,근린주택,근린주택,근린주택,서울,동작구,서울 동작구 사당동 1009-14 범일하우스,"2,845,470,400","2,276,376,000",낙찰,"2,344,450,000",82.4%,2026-04-23,2026_2Q,0
중앙 12계 2025-101528,다세대,다세대주택,다세대,서울,강남구,서울 강남구 논현동 188-12 케아하우스 2층 201호,"342,000,000","342,000,000",낙찰,"361,299,920",105.6%,2026-04-23,2026_2Q,0
중앙 21계 2025-101849,근린주택,근린주택,근린주택,서울,강남구,서울 강남구 역삼동 729-17,"4,519,236,720","4,519,236,720",변경,0,0%,2026-04-21,2026_2Q,0
중앙 12계 2025-102085,오피스텔(주거),오피스텔,오피스텔(업무용),서울,관악구,"서울 관악구 봉천동 921-6 ,921-7,921-9 청룡오피스텔 8층 802호","82,000,000","65,600,000",낙찰,"74,424,414",90.8%,2026-04-23,2026_2Q,0
중앙 1계 2025-102112,다세대,다세대주택,다세대,서울,동작구,서울 동작구 상도동 301-101 시나빌 3층 302호,"424,000,000","339,200,000",낙찰,"400,190,000",94.4%,2026-04-14,2026_2Q,0
중앙 2계 2025-102155,오피스텔(주거),오피스텔,오피스텔(업무용),서울,관악구,서울 관악구 신림동 1474-15 몽삐에뜨골드 9층 905호,"308,000,000","197,120,000",낙찰,"219,075,472",71.1%,2026-04-16,2026_2Q,0
중앙 4계 2025-102157,오피스텔(주거),오피스텔,오피스텔(업무용),서울,관악구,서울 관악구 신림동 1474-15 몽삐에뜨골드 12층 1203호,"266,000,000","170,240,000",낙찰,"184,000,998",69.2%,2026-05-06,2026_2Q,0
중앙 4계 2025-102174,오피스텔(주거),오피스텔,오피스텔(업무용),서울,서초구,"서울 서초구 서초동 1337-14 ,1337-15 이즈타워 12층 1223호","202,000,000","52,954,000",낙찰,"53,000,000",26.2%,2026-04-01,2026_2Q,0
중앙 21계 2025-102206,아파트,아파트,아파트,서울,서초구,서울 서초구 반포동 20-43 반포자이 123동 21층 2102호,"4,260,000,000","4,260,000,000",낙찰,"4,510,990,000",105.9%,2026-04-21,2026_2Q,0
중앙 2계 2025-102213,연립,연립주택,연립·빌라,서울,동작구,서울 동작구 상도동 299-24 현대훼미리빌라 3층 303호,"222,500,000","222,500,000",유찰,0,0%,2026-04-16,2026_2Q,0
중앙 21계 2025-102250,다세대,다세대주택,다세대,서울,서초구,서울 서초구 서초동 1626-10 서초다산빌라주건축물제1동 2층 204호,"377,000,000","241,280,000",낙찰,"310,500,000",82.4%,2026-04-21,2026_2Q,0
중앙 4계 2025-102259,오피스텔(주거),오피스텔,오피스텔(업무용),서울,중구,서울 중구 황학동 1452 제이위드미 1동 2층 202호,"304,000,000","304,000,000",낙찰,"304,000,000",100.0%,2026-05-06,2026_2Q,0
중앙 2계 2025-102283,아파트,아파트,아파트,서울,강남구,"서울 강남구 일원동 741 ,741-2 래미안개포루체하임 108동 8층 803호","3,510,000,000","3,510,000,000",취하,0,0%,2026-04-16,2026_2Q,0
중앙 10계 2025-102297,다세대,다세대주택,다세대,서울,관악구,"서울 관악구 남현동 1079-22 ,1079-43 한샘빌라 2층 201호","276,000,000","141,312,000",낙찰,"170,000,000",61.6%,2026-04-08,2026_2Q,0
중앙 21계 2025-102299,단독주택,단독,단독주택,서울,관악구,서울 관악구 신림동 673-47,"664,994,880","425,596,000",낙찰,"438,363,800",65.9%,2026-04-21,2026_2Q,0
중앙 4계 2025-102329,다세대,다세대주택,다세대,서울,강남구,서울 강남구 역삼동 745-36 역삼빌라 지하층2호,"318,000,000","318,000,000",낙찰,"365,000,000",114.8%,2026-04-01,2026_2Q,0
중앙 4계 2025-102369,아파트,아파트,아파트,서울,강남구,서울 강남구 대치동 316 은마 10동 4층 404호,"3,220,000,000","3,220,000,000",낙찰,"3,916,999,000",121.6%,2026-05-06,2026_2Q,0
중앙 1계 2025-102375,다세대,다세대주택,다세대,서울,관악구,"서울 관악구 신림동 646-323 ,646-325,646-326,646-501,646-504,646-505 데시앙 가동 4층 401호","280,000,000","224,000,000",낙찰,"234,000,000",83.6%,2026-04-14,2026_2Q,0
중앙 10계 2025-102383,오피스텔(주거),오피스텔,오피스텔(업무용),서울,강남구,"서울 강남구 자곡동 655 ,656 강남푸르지오시티2차 3층 307호","147,000,000","117,600,000",낙찰,"117,899,500",80.2%,2026-04-08,2026_2Q,0
중앙 11계 2025-102431,오피스텔(주거),오피스텔,오피스텔(업무용),서울,동작구,서울 동작구 상도1동 519-1 더포레스트 6층 602호,"176,000,000","112,640,000",낙찰,"120,588,888",68.5%,2026-04-09,2026_2Q,0
중앙 7계 2025-102443(4),다세대,다세대주택,다세대,서울,서초구,서울 서초구 서초동 1617-19 더클래식1동 4층 403호,"572,000,000","292,864,000",낙찰,"292,864,000",51.2%,2026-04-02,2026_2Q,0
중앙 7계 2025-102443(7),다세대,다세대주택,다세대,서울,서초구,서울 서초구 서초동 1617-19 더클래식1동 5층 502호,"545,000,000","279,040,000",낙찰,"316,316,000",58.0%,2026-04-02,2026_2Q,0
중앙 7계 2025-102443(8),다세대,다세대주택,다세대,서울,서초구,서울 서초구 서초동 1617-19 더클래식1동 5층 503호,"533,000,000","272,896,000",낙찰,"282,000,000",52.9%,2026-04-02,2026_2Q,0
중앙 7계 2025-102443(9),다세대,다세대주택,다세대,서울,서초구,서울 서초구 서초동 1617-19 더클래식1동 5층 504호,"597,000,000","305,664,000",낙찰,"342,581,000",57.4%,2026-04-02,2026_2Q,0
중앙 7계 2025-102443(10),다세대,다세대주택,다세대,서울,서초구,서울 서초구 서초동 1617-19 더클래식1동 6층 601호,"1,149,000,000","588,288,000",낙찰,"675,500,000",58.8%,2026-04-02,2026_2Q,0
중앙 4계 2025-102453,다세대,다세대주택,다세대,서울,서초구,"서울 서초구 방배동 901-8 ,901-16 베라루체 2층 203호","550,000,000","550,000,000",정지,0,0%,2026-05-06,2026_2Q,0
중앙 4계 2025-102469,다세대,다세대주택,다세대,서울,관악구,서울 관악구 신림동 529-15 투니온 8층 804호,"145,000,000","92,800,000",낙찰,"99,001,400",68.3%,2026-05-06,2026_2Q,0
중앙 4계 2025-102485,단독주택,단독,단독주택,서울,종로구,서울 종로구 부암동 302-2,"5,256,055,700","5,256,055,700",변경,0,0%,2026-05-06,2026_2Q,0
중앙 12계 2025-102501,대지,나대지,나대지,서울,관악구,서울 관악구 신림동 704-61,"1,575,000,000","645,120,000",낙찰,"651,999,999",41.4%,2026-04-23,2026_2Q,0
중앙 9계 2025-102516,오피스텔(주거),오피스텔,오피스텔(업무용),서울,강남구,"서울 강남구 역삼동 837-13 ,837-14,837-33 강남역와이즈플레이스 9층 919호","220,000,000","176,000,000",낙찰,"180,000,000",81.8%,2026-04-07,2026_2Q,0
중앙 7계 2025-102533,다세대,다세대주택,다세대,서울,동작구,"서울 동작구 대방동 391-75 ,391-288,391-578 명성하우스 4층 404호","324,000,000","207,360,000",낙찰,"315,000,000",97.2%,2026-04-02,2026_2Q,0
중앙 3계 2025-102545,다세대,다세대주택,다세대,서울,강남구,서울 강남구 대치동 916-31 팰리스빌(대치) 5층 502호,"492,000,000","314,880,000",취하,0,0%,2026-04-14,2026_2Q,0
중앙 9계 2025-102550,도로,기타토지,기타토지,서울,서초구,서울 서초구 방배동 141-2,"3,470,950,000","3,470,950,000",취하,0,0%,2026-04-07,2026_2Q,0
중앙 10계 2025-102557,다세대,다세대주택,다세대,서울,동작구,서울 동작구 상도동 126-13 상도그린빌 B동 2층 201호,"450,000,000","360,000,000",낙찰,"425,088,000",94.5%,2026-04-08,2026_2Q,0
중앙 1계 2025-102560,다세대,다세대주택,다세대,서울,강남구,서울 강남구 청담동 34-13 청담스위트 5층 512호,"251,000,000","200,800,000",낙찰,"203,036,370",80.9%,2026-04-14,2026_2Q,0
중앙 4계 2025-102567,다세대,다세대주택,다세대,서울,관악구,서울 관악구 봉천동 635-518 중현빌 4층 401호,"357,000,000","285,600,000",낙찰,"317,000,000",88.8%,2026-04-01,2026_2Q,0
중앙 12계 2025-102578(1),근린상가,근린상가,근린상가,서울,강남구,서울 강남구 개포동 1204-2 THE ZEEUM HERITAGE 지1층 비101호,"219,000,000","112,128,000",낙찰,"121,760,000",55.6%,2026-04-23,2026_2Q,0
중앙 12계 2025-102583,숙박시설,숙박시설,숙박시설,서울,중구,서울 중구 충무로1가 24-1 밀리오레명동 12층 1232호,"385,000,000","197,120,000",기각,0,0%,2026-04-01,2026_2Q,0
중앙 10계 2025-102592,다세대,다세대주택,다세대,서울,관악구,서울 관악구 신림동 650-61 씨지아름채 201동 2층 201호,"356,000,000","227,840,000",낙찰,"299,800,000",84.2%,2026-04-08,2026_2Q,0
중앙 12계 2025-102610,묘지,기타토지,기타토지,서울,종로구,서울 종로구 평창동 산16-4,"744,992,000","744,992,000",취하,0,0%,2026-04-29,2026_2Q,0
중앙 10계 2025-102662,다세대,다세대주택,다세대,서울,관악구,"서울 관악구 신림동 571-5 ,1670 모던하우스 2층 204호","266,000,000","136,192,000",낙찰,"163,990,000",61.7%,2026-04-08,2026_2Q,0
중앙 12계 2025-102667,다세대,다세대주택,다세대,서울,종로구,"서울 종로구 구기동 50-31 ,50-32 지하층 101호","267,000,000","136,704,000",낙찰,"160,100,000",60.0%,2026-04-23,2026_2Q,0
중앙 21계 2025-102668,근린주택,근린주택,근린주택,서울,서초구,서울 서초구 방배동 830-4,"7,344,869,160","5,875,895,000",취하,0,0%,2026-04-21,2026_2Q,0
중앙 2계 2025-102678,다세대,다세대주택,다세대,서울,관악구,"서울 관악구 남현동 1079-22 ,1079-43 한샘빌라 4층 402호","370,000,000","296,000,000",낙찰,"320,000,000",86.5%,2026-04-16,2026_2Q,0
중앙 4계 2025-102725,다세대,다세대주택,다세대,서울,관악구,서울 관악구 신림동 627-3 지오빌 5층 502호,"345,000,000","141,312,000",기각,0,0%,2026-04-01,2026_2Q,0
중앙 21계 2025-102727,주상복합(주거),기타토지,기타토지,서울,중구,"서울 중구 중림동 355 ,356,356-2,373-1,16-10 브라운스톤서울 102동 11층 1101호","1,100,000,000","880,000,000",낙찰,"1,133,800,000",103.1%,2026-04-21,2026_2Q,0
중앙 4계 2025-102742,임야,임야,임야,서울,종로구,서울 종로구 평창동 425-12,"1,995,110,000","653,758,000",낙찰,"720,000,800",36.1%,2026-05-06,2026_2Q,0
중앙 21계 2025-102747,아파트,아파트,아파트,서울,강남구,서울 강남구 역삼동 735-15 강남역이스턴오피스텔 9층 902호,"190,000,000","152,000,000",기각,0,0%,2026-04-21,2026_2Q,0
중앙 21계 2025-102771,다세대,다세대주택,다세대,서울,관악구,서울 관악구 신림동 98-249 팔로스22 1동 1층 202호,"291,000,000","148,992,000",유찰,0,0%,2026-04-21,2026_2Q,0
중앙 4계 2025-102789,다세대,다세대주택,다세대,서울,관악구,"서울 관악구 신림동 94-176 ,94-223 청자타운 3층 301호","230,000,000","147,200,000",낙찰,"185,280,000",80.6%,2026-05-06,2026_2Q,0
중앙 10계 2025-102794,오피스텔(주거),오피스텔,오피스텔(업무용),서울,관악구,서울 관악구 신림동 1421-1 신림큐브 4층 411호,"110,000,000","88,000,000",낙찰,"88,000,400",80.0%,2026-04-08,2026_2Q,0
중앙 4계 2025-102803,아파트,아파트,아파트,서울,동작구,서울 동작구 흑석동 336 흑석한강푸르지오 108동 13층 1302호,"870,000,000","696,000,000",낙찰,"900,880,000",103.5%,2026-05-06,2026_2Q,0
중앙 4계 2025-102806,연립,연립주택,연립·빌라,서울,동작구,서울 동작구 상도동 379-7 2층 201호,"440,000,000","440,000,000",취하,0,0%,2026-04-01,2026_2Q,0
중앙 1계 2025-102822,다세대,다세대주택,다세대,서울,관악구,"서울 관악구 신림동 571-5 ,1670 모던하우스 3층 301호","323,000,000","165,376,000",유찰,0,0%,2026-04-14,2026_2Q,0
중앙 8계 2025-102828,아파트,아파트,아파트,서울,강남구,서울 강남구 도곡동 969 도곡2차 아이파크 102동 6층 602호,"3,000,000,000","3,000,000,000",낙찰,"3,166,000,000",105.5%,2026-04-22,2026_2Q,0
중앙 11계 2025-102829,근린상가,근린상가,근린상가,서울,강남구,서울 강남구 논현동 177-11 꿈꾸지오 지하층 비101호,"362,000,000","362,000,000",낙찰,"400,010,000",110.5%,2026-04-09,2026_2Q,0
중앙 21계 2025-102834,오피스텔(주거),오피스텔,오피스텔(업무용),서울,종로구,서울 종로구 관수동 98-1 종로하이뷰디아트 4층 411호,"284,000,000","145,408,000",낙찰,"180,000,000",63.4%,2026-04-21,2026_2Q,0
중앙 9계 2025-102914,오피스텔(상가),근린상가,오피스텔(업무용),서울,강남구,"서울 강남구 역삼동 825-20 ,825-19,825-21,825-31,825-34 강남역센트럴푸르지오시티 1층 센트럴애비뉴110호","4,190,000,000","2,145,280,000",유찰,0,0%,2026-04-07,2026_2Q,0
중앙 4계 2025-102970,단독주택,단독,단독주택,서울,관악구,서울 관악구 봉천동 4-44,"654,283,080","654,283,080",낙찰,"731,600,000",111.8%,2026-05-06,2026_2Q,0
중앙 9계 2025-103019,단독주택,단독,단독주택,서울,서초구,서울 서초구 염곡동 107-5,"3,802,668,140","1,946,965,000",기각,0,0%,2026-04-17,2026_2Q,0
중앙 10계 2025-103020,다세대,다세대주택,다세대,서울,관악구,서울 관악구 봉천동 635-419 행복스위트 3층 302호,"202,000,000","103,424,000",취하,0,0%,2026-04-09,2026_2Q,0
중앙 4계 2025-103114,오피스텔,오피스텔,오피스텔(업무용),서울,관악구,서울 관악구 봉천동 882-4 케이타워 3층 308호,"120,000,000","120,000,000",변경,0,0%,2026-05-06,2026_2Q,0
중앙 10계 2025-103150,다세대,다세대주택,다세대,서울,동작구,서울 동작구 신대방동 632-30 에덴빌 2층 201호,"250,000,000","160,000,000",낙찰,"250,000,000",100.0%,2026-04-08,2026_2Q,0
중앙 10계 2025-103209,주상복합(주거),기타토지,기타토지,서울,강남구,서울 강남구 도곡동 467-24 우성캐릭터199 5층 2-505호,"2,880,000,000","2,880,000,000",취하,0,0%,2026-04-08,2026_2Q,0
중앙 1계 2025-103216,아파트,아파트,아파트,서울,강남구,서울 강남구 도곡동 467 타워팰리스 B동 5층 507호,"2,220,000,000","2,220,000,000",취하,0,0%,2026-04-30,2026_2Q,0
중앙 4계 2025-103255,다세대,다세대주택,다세대,서울,관악구,"서울 관악구 봉천동 41-58 ,41-65 프리우스 5층 502호","321,000,000","321,000,000",낙찰,"333,840,000",104.0%,2026-05-06,2026_2Q,0
중앙 10계 2025-103287,다세대,다세대주택,다세대,서울,동작구,서울 동작구 상도동 256-227 휴먼빌 2층 202호,"291,000,000","291,000,000",낙찰,"380,110,000",130.6%,2026-04-08,2026_2Q,0
중앙 4계 2025-103310,다세대,다세대주택,다세대,서울,관악구,서울 관악구 봉천동 635-491 연지하이츠빌 2층 201호,"331,000,000","264,800,000",낙찰,"288,888,990",87.3%,2026-04-01,2026_2Q,0
중앙 9계 2025-103350,근린주택,근린주택,근린주택,서울,동작구,서울 동작구 사당동 1040-7 첼시하우스,"2,687,069,300","1,719,724,000",낙찰,"2,201,000,000",81.9%,2026-04-07,2026_2Q,0
중앙 9계 2025-103379,다세대,다세대주택,다세대,서울,관악구,"서울 관악구 신림동 646-317 ,646-318,646-320 대림아트빌 3층 301호","207,000,000","132,480,000",유찰,0,0%,2026-04-07,2026_2Q,0
중앙 10계 2025-103467,차량,기타토지,기타토지,서울,서초구,서울 서초구 내곡동 1-593 내 보관,"12,500,000","5,600,000",낙찰,"6,110,000",48.9%,2026-04-08,2026_2Q,0
중앙 21계 2025-103472,차량,기타토지,기타토지,서울,서초구,서울 서초구 내곡동 1-593 내곡주차장내 보관,"4,000,000","1,568,000",낙찰,"1,712,000",42.8%,2026-04-21,2026_2Q,0
중앙 9계 2025-103518,오피스텔(주거),오피스텔,오피스텔(업무용),서울,중구,서울 중구 황학동 787 한양아이클래스 11층 1117호,"133,000,000","106,400,000",낙찰,"120,000,000",90.2%,2026-04-07,2026_2Q,0
중앙 21계 2025-103543,차량,기타토지,기타토지,서울,서초구,서울 서초구 방배동 1823 위너스마당주차장내 보관,"9,500,000","6,080,000",낙찰,"6,250,000",65.8%,2026-04-21,2026_2Q,0
중앙 9계 2025-103597,오피스텔(주거),오피스텔,오피스텔(업무용),서울,관악구,서울 관악구 신림동 1414-21 아트리움,"2,622,719,280","2,098,175,000",낙찰,"2,424,000,000",92.4%,2026-04-07,2026_2Q,0
중앙 4계 2025-103687,다세대,다세대주택,다세대,서울,관악구,"서울 관악구 봉천동 1513-5 ,1513-6 행복쉐르빌II 1층 102호","307,000,000","196,480,000",유찰,0,0%,2026-04-01,2026_2Q,0
중앙 9계 2025-103701,아파트,아파트,아파트,서울,종로구,"서울 종로구 창신동 703 ,703-1,703-2,703-3,703-4,703-6 창신쌍용 205동 6층 604호","859,000,000","687,200,000",낙찰,"852,000,000",99.2%,2026-04-07,2026_2Q,0
중앙 4계 2025-103706,차량,기타토지,기타토지,서울,동작구,서울 동작구 흑석동 327 청호아파트 103동 101호(사용본거지),"12,000,000","7,680,000",낙찰,"8,690,000",72.4%,2026-05-06,2026_2Q,0
중앙 9계 2025-103727,차량,기타토지,기타토지,서울,서초구,서울 서초구 원지동 401-5 원터골주차장(채권자폭스바겐파이낸셜서비스코리아)내 보관,"15,300,000","12,240,000",낙찰,"12,599,000",82.3%,2026-04-07,2026_2Q,0
중앙 9계 2025-103823,단독주택,단독,단독주택,서울,동작구,서울 동작구 대방동 68-40 정원하우스,"1,234,349,100","1,234,349,100",변경,0,0%,2026-04-07,2026_2Q,0
중앙 9계 2025-103891,다세대,다세대주택,다세대,서울,동작구,서울 동작구 사당동 300-37 더존예가 2층 202호,"313,000,000","313,000,000",낙찰,"313,001,111",100.0%,2026-04-07,2026_2Q,0
중앙 9계 2025-103923,근린주택,근린주택,근린주택,서울,동작구,서울 동작구 사당동 314-16 베니스,"2,296,841,570","2,296,841,570",변경,0,0%,2026-04-07,2026_2Q,0
중앙 9계 2025-103956,다세대,다세대주택,다세대,서울,관악구,서울 관악구 신림동 409-234 태경빌 1층 103호,"345,000,000","345,000,000",낙찰,"383,899,999",111.3%,2026-04-07,2026_2Q,0
동부 3계 2023-1276(1),근린상가,근린상가,근린상가,서울,광진구,서울 광진구 구의동 546-4 테크노-마트21 4층 디046호,"22,000,000","22,000,000",취하,0,0%,2026-04-06,2026_2Q,0
동부 3계 2023-1276(2),근린상가,근린상가,근린상가,서울,광진구,서울 광진구 구의동 546-4 테크노-마트21 4층 디048호,"11,000,000","11,000,000",취하,0,0%,2026-04-06,2026_2Q,0
동부 3계 2023-1276(3),근린상가,근린상가,근린상가,서울,광진구,서울 광진구 구의동 546-4 테크노-마트21 4층 디055호,"33,000,000","33,000,000",취하,0,0%,2026-04-06,2026_2Q,0
동부 3계 2023-1276(4),근린상가,근린상가,근린상가,서울,광진구,서울 광진구 구의동 546-4 테크노-마트21 2층 비113호,"16,000,000","16,000,000",취하,0,0%,2026-04-06,2026_2Q,0
동부 3계 2023-1276(5),근린상가,근린상가,근린상가,서울,광진구,서울 광진구 구의동 546-4 테크노-마트21 2층 비021호,"26,000,000","26,000,000",취하,0,0%,2026-04-06,2026_2Q,0
동부 5계 2023-3340,아파트,아파트,아파트,서울,송파구,서울 송파구 오금동 1-6 에스아이팰리스 송파 올림픽공원 15층 1501호,"567,000,000","362,880,000",낙찰,"461,270,000",81.4%,2026-04-13,2026_2Q,0
동부 6계 2023-3753,근린상가,근린상가,근린상가,서울,광진구,서울 광진구 구의동 546-4 테크노-마트21 5층 비110호,"20,000,000","5,243,000",낙찰,"5,410,000",27.1%,2026-04-20,2026_2Q,0
동부 7계 2023-3784,주상복합(주거),기타토지,기타토지,서울,송파구,서울 송파구 송파동 167-1 한영해시안 8층 801호,"904,000,000","723,200,000",낙찰,"861,100,000",95.3%,2026-04-13,2026_2Q,0
동부 6계 2023-53765,다세대,다세대주택,다세대,서울,강동구,서울 강동구 암사동 478-95 지하층 2호,"139,000,000","88,960,000",낙찰,"92,990,000",66.9%,2026-04-20,2026_2Q,0
동부 7계 2023-54492,노유자시설,기타건물,노유자시설,서울,광진구,서울 광진구 구의동 631-1 현대프라임아파트 유치원동,"12,825,458,210","2,689,694,000",낙찰,"2,920,100,000",22.8%,2026-04-13,2026_2Q,0
동부 6계 2023-57873,근린상가,근린상가,근린상가,서울,광진구,"서울 광진구 중곡동 158-29 ,158-30 엘엔케이빌딩","5,257,504,200","4,206,003,000",기각,0,0%,2026-04-20,2026_2Q,0
동부 7계 2023-60534,아파트,아파트,아파트,서울,광진구,"서울 광진구 화양동 111-88 ,111-90,111-146,111-168,111-170,111-258 신원리브웰 4층 405호","227,000,000","19,499,000",유찰,0,0%,2026-04-13,2026_2Q,0
동부 7계 2023-61063,다세대,다세대주택,다세대,서울,광진구,"서울 광진구 중곡동 67-10 ,67-30 2층 203호","365,000,000","31,354,000",유찰,0,0%,2026-04-13,2026_2Q,0
동부 7계 2023-62004,아파트,아파트,아파트,서울,성동구,"서울 성동구 행당동 349 ,348 서울숲 한신 더 휴 103동 20층 2002호","1,070,000,000","1,070,000,000",변경,0,0%,2026-04-13,2026_2Q,0
동부 5계 2024-782,아파트,아파트,아파트,서울,성동구,서울 성동구 행당동 346 행당한진타운 110동 12층 1201호,"1,460,000,000","1,168,000,000",취하,0,0%,2026-04-16,2026_2Q,0
동부 5계 2024-881,아파트,아파트,아파트,서울,송파구,서울 송파구 오금동 135 송파두산위브 102동 14층 1405호,"1,140,000,000","912,000,000",낙찰,"1,390,122,200",121.9%,2026-04-13,2026_2Q,0
동부 1계 2024-1723,근린주택,근린주택,근린주택,서울,광진구,서울 광진구 중곡동 176-45,"1,038,112,940","531,514,000",낙찰,"532,514,000",51.3%,2026-04-20,2026_2Q,0
동부 4계 2024-2542,임야,임야,임야,서울,광진구,서울 광진구 광장동 372-11,"253,228,000","66,382,000",낙찰,"68,400,000",27.0%,2026-04-27,2026_2Q,0
동부 4계 2024-3033,아파트,아파트,아파트,서울,송파구,서울 송파구 거여동 294 거여5단지 505동 4층 404호,"831,000,000","831,000,000",낙찰,"1,221,500,000",147.0%,2026-04-27,2026_2Q,0
동부 5계 2024-3040(2),아파트형공장,공장(지식산업센터 업무시설),공장,서울,성동구,서울 성동구 성수동2가 289-18 서울숲코리아아이티센터 1층 111호,"439,000,000","224,768,000",낙찰,"256,000,000",58.3%,2026-04-13,2026_2Q,0
동부 7계 2024-3200,아파트,아파트,아파트,서울,송파구,서울 송파구 오금동 31-2 오금동쌍용스윗닷홈 401동 10층 1001호,"1,620,000,000","1,296,000,000",낙찰,"1,470,000,000",90.7%,2026-04-13,2026_2Q,0
동부 3계 2024-3361,다세대,다세대주택,다세대,서울,송파구,서울 송파구 문정동 88-4 더빌Ⅰ 2층 203호,"310,000,000","198,400,000",낙찰,"198,400,000",64.0%,2026-04-06,2026_2Q,0
동부 7계 2024-51674(1),다세대,다세대주택,다세대,서울,송파구,서울 송파구 석촌동 173-2 리치팰리스 1동 1층 101호,"305,000,000","195,200,000",낙찰,"231,270,000",75.8%,2026-04-13,2026_2Q,0
동부 7계 2024-51674(2),다세대,다세대주택,다세대,서울,송파구,서울 송파구 석촌동 173-2 리치팰리스 1동 5층 501호,"430,000,000","275,200,000",낙찰,"326,070,000",75.8%,2026-04-13,2026_2Q,0
동부 7계 2024-51674(3),다세대,다세대주택,다세대,서울,송파구,서울 송파구 석촌동 173-2 리치팰리스 1동 5층 502호,"372,750,000","238,560,000",낙찰,"282,660,000",75.8%,2026-04-13,2026_2Q,0
동부 6계 2024-51681,주상복합(상가),기타토지,기타토지,서울,강동구,서울 강동구 천호동 565 현대코아 2층 268호,"84,000,000","14,093,000",낙찰,"15,150,000",18.0%,2026-04-20,2026_2Q,0
동부 6계 2024-52899,아파트형공장,공장(지식산업센터 업무시설),공장,서울,성동구,"서울 성동구 성수동2가 280-15 ,280-19 에이스성수타워1 5층 502호","1,298,000,000","531,661,000",취하,0,0%,2026-04-20,2026_2Q,0
동부 7계 2024-53847,아파트,아파트,아파트,서울,송파구,"서울 송파구 문정동 145 ,145-1 문정시영 7동 9층 909호","512,000,000","512,000,000",낙찰,"692,999,990",135.4%,2026-04-13,2026_2Q,0
동부 6계 2024-55621,단독주택,단독,단독주택,서울,광진구,서울 광진구 자양동 851-13,"1,708,077,100","1,366,462,000",취하,0,0%,2026-04-20,2026_2Q,0
동부 7계 2024-58101,근린상가,근린상가,근린상가,서울,송파구,서울 송파구 거여동 605-4 우성어반타워 1층 110호,"1,090,000,000","558,080,000",유찰,0,0%,2026-04-13,2026_2Q,0
동부 5계 2024-58200,단독주택,단독,단독주택,서울,성동구,서울 성동구 홍익동 68,"877,868,010","359,574,000",낙찰,"386,000,000",44.0%,2026-04-13,2026_2Q,0
동부 4계 2024-58606,다세대,다세대주택,다세대,서울,송파구,"서울 송파구 문정동 80-8 ,80-9 집앤사베스타 4층 401호","338,000,000","173,056,000",낙찰,"173,056,000",51.2%,2026-04-27,2026_2Q,0
동부 7계 2024-59104(1),근린상가,근린상가,근린상가,서울,송파구,"서울 송파구 방이동 43 ,43-1,43-8 대명벨리온 2층 상가206호","656,000,000","419,840,000",낙찰,"517,477,777",78.9%,2026-04-13,2026_2Q,0
동부 5계 2024-59401,아파트형공장,공장(지식산업센터 업무시설),공장,서울,송파구,서울 송파구 문정동 644-2 문정현대지식산업센터1-2 15층 1520호,"1,200,000,000","768,000,000",낙찰,"961,990,000",80.2%,2026-04-13,2026_2Q,0
동부 7계 2024-59562,아파트,아파트,아파트,서울,강동구,서울 강동구 길동 385-3 광남벨라스 3층 304호,"691,000,000","552,800,000",낙찰,"593,280,000",85.9%,2026-04-13,2026_2Q,0
동부 7계 2024-59647,다세대,다세대주택,다세대,서울,송파구,서울 송파구 오금동 55-3 하이힐 B동 3층 302호,"567,000,000","290,304,000",유찰,0,0%,2026-04-13,2026_2Q,0
동부 7계 2024-59753,아파트,아파트,아파트,서울,강동구,"서울 강동구 성내동 590 ,589,590-1,591,591-1 삼성 202동 6층 605호","1,240,000,000","1,240,000,000",낙찰,"1,449,777,000",116.9%,2026-04-13,2026_2Q,0
동부 4계 2024-59845,다세대,다세대주택,다세대,서울,강동구,"서울 강동구 암사동 489-62 ,489-63 암사팰리스 4층 402호","257,000,000","205,600,000",낙찰,"255,256,278",99.3%,2026-04-27,2026_2Q,0
동부 7계 2024-60135(1),근린상가,근린상가,근린상가,서울,광진구,서울 광진구 구의동 546-4 테크노-마트21 2층 시097호,"17,000,000","13,600,000",낙찰,"14,050,000",82.6%,2026-04-13,2026_2Q,0
동부 7계 2024-60135(2),근린상가,근린상가,근린상가,서울,광진구,서울 광진구 구의동 546-4 테크노-마트21 2층 시096호,"17,000,000","13,600,000",낙찰,"13,700,000",80.6%,2026-04-13,2026_2Q,0
동부 7계 2024-60364,다세대,다세대주택,다세대,서울,송파구,"서울 송파구 방이동 159-3 ,159-7 베스트블루 6층 602호","353,000,000","282,400,000",낙찰,"350,000,000",99.2%,2026-04-13,2026_2Q,0
동부 5계 2024-60746,아파트,아파트,아파트,서울,강동구,서울 강동구 길동 415-13 강동큐브2차 14층 1406호,"126,000,000","80,640,000",낙찰,"83,090,000",65.9%,2026-04-13,2026_2Q,0
동부 5계 2024-61213,오피스텔(주거),오피스텔,오피스텔(업무용),서울,강동구,"서울 강동구 둔촌동 435-1 ,435 한울둔촌베아체 6층 603호","338,000,000","216,320,000",낙찰,"243,400,000",72.0%,2026-04-13,2026_2Q,0
동부 7계 2024-61343,아파트,아파트,아파트,서울,강동구,서울 강동구 명일동 257 고덕주공 914동 7층 706호,"1,320,000,000","1,320,000,000",변경,0,0%,2026-04-13,2026_2Q,0
동부 1계 2024-61923,다세대,다세대주택,다세대,서울,광진구,서울 광진구 중곡동 85-1 드림빌 5층 501호,"243,000,000","194,400,000",낙찰,"215,380,000",88.6%,2026-04-20,2026_2Q,0
동부 7계 2024-62032,다세대,다세대주택,다세대,서울,송파구,"서울 송파구 삼전동 65-2 ,65-7 어반하임 B동 6층 603호","373,648,000","373,648,000",낙찰,"510,000,000",136.5%,2026-04-13,2026_2Q,0
동부 6계 2024-62261,다세대,다세대주택,다세대,서울,송파구,서울 송파구 가락동 151-4 GOOD PEOPLE HOUSE 3층 301호,"282,000,000","115,507,000",낙찰,"204,200,000",72.4%,2026-04-20,2026_2Q,0
동부 1계 2024-62537,사무실,사무실,사무실,서울,광진구,서울 광진구 구의동 546-4 테크노-마트21 6층 제이003호,"285,000,000","116,736,000",낙찰,"129,688,000",45.5%,2026-04-20,2026_2Q,0
동부 7계 2024-62759,오피스텔,오피스텔,오피스텔(업무용),서울,광진구,서울 광진구 군자동 91-1 뫼비우스 5층 503호,"338,000,000","338,000,000",변경,0,0%,2026-04-13,2026_2Q,0
동부 6계 2024-62780,아파트,아파트,아파트,서울,송파구,서울 송파구 거여동 9-6 대영무지개 5층 501호,"486,000,000","388,800,000",낙찰,"451,115,000",92.8%,2026-04-20,2026_2Q,0
동부 3계 2024-63073,근린상가,근린상가,근린상가,서울,송파구,"서울 송파구 오금동 131-1 ,131-4 청전빌딩 지하층 101호","277,000,000","141,824,000",낙찰,"161,600,000",58.3%,2026-04-06,2026_2Q,0
동부 5계 2024-64045,연립,연립주택,연립·빌라,서울,광진구,서울 광진구 화양동 19-54 백조그린빌라 4층 403호,"341,000,000","174,592,000",낙찰,"250,014,500",73.3%,2026-04-13,2026_2Q,0
동부 7계 2024-64151,아파트,아파트,아파트,서울,송파구,서울 송파구 가락동 80 송파성원상떼빌 102동 20층 2006호,"1,170,000,000","1,170,000,000",낙찰,"1,319,990,000",112.8%,2026-04-13,2026_2Q,0
동부 7계 2024-64489,다세대,다세대주택,다세대,서울,송파구,서울 송파구 삼전동 42-14 은하수 4층 402호,"360,000,000","360,000,000",낙찰,"567,660,000",157.7%,2026-04-13,2026_2Q,0
동부 6계 2024-64557,오피스텔(주거),오피스텔,오피스텔(업무용),서울,강동구,"서울 강동구 성내동 81-10 ,81-11 마이플레이스성내 2층 201호","272,000,000","139,264,000",낙찰,"156,672,000",57.6%,2026-04-20,2026_2Q,0
동부 6계 2024-64625,다세대,다세대주택,다세대,서울,광진구,"서울 광진구 중곡동 124-55 ,124-57 하우징허브이어짐 3층 303호","292,000,000","149,504,000",낙찰,"320,760,000",109.8%,2026-04-20,2026_2Q,0
동부 3계 2024-64915,다세대,다세대주택,다세대,서울,강동구,서울 강동구 길동 379-2 삼성월드빌 3층 303호,"210,000,000","168,000,000",낙찰,"190,000,000",90.5%,2026-04-06,2026_2Q,0
동부 6계 2024-65093,오피스텔,오피스텔,오피스텔(업무용),서울,강동구,서울 강동구 길동 456-3 강동큐브 19층 1906호,"127,000,000","65,024,000",낙찰,"65,024,000",51.2%,2026-04-20,2026_2Q,0
동부 5계 2024-65185,오피스텔(주거),오피스텔,오피스텔(업무용),서울,송파구,"서울 송파구 방이동 50 ,50-11,50-12,50-16,50-17 잠실엘퍼스트오피스텔 10층 1012호","249,000,000","159,360,000",낙찰,"220,000,000",88.4%,2026-04-13,2026_2Q,0
동부 3계 2025-130,다세대,다세대주택,다세대,서울,광진구,서울 광진구 군자동 355-16 애드하우징 6층 601호,"299,180,000","239,344,000",낙찰,"239,344,000",80.0%,2026-04-06,2026_2Q,0
동부 3계 2025-216,다세대,다세대주택,다세대,서울,송파구,서울 송파구 송파동 150-1 더헤리움 103동 5층 502호,"463,100,000","370,480,000",낙찰,"370,480,000",80.0%,2026-04-06,2026_2Q,0
동부 6계 2025-234,다세대,다세대주택,다세대,서울,송파구,"서울 송파구 잠실동 212-44 ,212-45 5층 501호","759,600,000","486,144,000",낙찰,"550,600,000",72.5%,2026-04-20,2026_2Q,0
동부 6계 2025-246(1),근린상가,근린상가,근린상가,서울,송파구,서울 송파구 거여동 604-4 우성르보아위례 1층 111호,"1,420,000,000","1,420,000,000",정지,0,0%,2026-04-20,2026_2Q,0
동부 6계 2025-246(2),근린상가,근린상가,근린상가,서울,송파구,서울 송파구 거여동 604-4 우성르보아위례 1층 112호,"2,840,000,000","2,840,000,000",정지,0,0%,2026-04-20,2026_2Q,0
동부 1계 2025-248,오피스텔,오피스텔,오피스텔(업무용),서울,광진구,"서울 광진구 화양동 23-5 ,23-6,23-7,23-8,23-9 더메종건대 18층 1810호","262,000,000","209,600,000",낙찰,"221,119,000",84.4%,2026-04-20,2026_2Q,0
동부 1계 2025-264(2),다세대,다세대주택,다세대,서울,광진구,서울 광진구 중곡동 51-45 다온 House 2층 201호,"368,000,000","368,000,000",낙찰,"373,000,000",101.4%,2026-04-20,2026_2Q,0
동부 4계 2025-286(1),아파트형공장,공장(지식산업센터 업무시설),공장,서울,성동구,서울 성동구 성수동2가 277-43 성수동아크밸리 9층 905호,"2,010,000,000","1,286,400,000",낙찰,"1,350,000,000",67.2%,2026-04-27,2026_2Q,0
동부 4계 2025-286(2),아파트형공장,공장(지식산업센터 업무시설),공장,서울,성동구,서울 성동구 성수동2가 277-43 성수동아크밸리 9층 906호,"2,010,000,000","1,286,400,000",낙찰,"1,350,000,000",67.2%,2026-04-27,2026_2Q,0
동부 4계 2025-337(1),다세대,다세대주택,다세대,서울,송파구,서울 송파구 방이동 156 강남캐슬 6층 601호,"521,000,000","416,800,000",낙찰,"421,100,000",80.8%,2026-04-27,2026_2Q,0
동부 4계 2025-337(3),다세대,다세대주택,다세대,서울,송파구,서울 송파구 방이동 156 강남캐슬 6층 604호,"521,000,000","416,800,000",낙찰,"417,850,000",80.2%,2026-04-27,2026_2Q,0
동부 4계 2025-369,다세대,다세대주택,다세대,서울,광진구,"서울 광진구 구의동 80-29 ,80-30,620-20 구의동홀가하우스 5층 503호","397,000,000","397,000,000",변경,0,0%,2026-04-27,2026_2Q,0
동부 4계 2025-379,아파트,아파트,아파트,서울,성동구,서울 성동구 성수동2가 834 성수동아이파크 107동 18층 1801호,"1,850,000,000","1,850,000,000",낙찰,"2,100,090,900",113.5%,2026-04-27,2026_2Q,0
동부 4계 2025-385,아파트,아파트,아파트,서울,송파구,서울 송파구 잠실동 40 갤러리아팰리스 A동 38층 3810호,"2,990,000,000","2,990,000,000",변경,0,0%,2026-04-27,2026_2Q,0
동부 5계 2025-50012,오피스텔(주거),오피스텔,오피스텔(업무용),서울,송파구,서울 송파구 문정동 652-5 문정아이파크 1동 7층 704호,"236,000,000","188,800,000",낙찰,"188,800,000",80.0%,2026-04-13,2026_2Q,0
동부 4계 2025-50166,근린주택,근린주택,근린주택,서울,강동구,서울 강동구 천호동 335-24,"1,800,681,360","1,800,681,360",변경,0,0%,2026-04-27,2026_2Q,0
동부 5계 2025-50234,차량,기타토지,기타토지,서울,강동구,서울 강동구 둔촌동 589 둔촌주차장(채권자 현대캐피탈)내 보관,"21,000,000","16,800,000",낙찰,"19,110,000",91.0%,2026-04-13,2026_2Q,0
동부 4계 2025-50296,다세대,다세대주택,다세대,서울,강동구,서울 강동구 길동 377-1 미르빌 5층 501호,"360,000,000","360,000,000",정지,0,0%,2026-04-27,2026_2Q,0
동부 1계 2025-50661,다가구,다가구,다가구,서울,송파구,서울 송파구 잠실동 318-15,"2,794,795,300","2,235,836,000",낙찰,"2,460,000,001",88.0%,2026-04-20,2026_2Q,0
동부 5계 2025-50715,주상복합(주거),기타토지,기타토지,서울,강동구,서울 강동구 성내동 428-2 파크프라자 3층 303호,"755,000,000","604,000,000",낙찰,"791,111,000",104.8%,2026-04-13,2026_2Q,0
동부 1계 2025-50739,아파트,아파트,아파트,서울,성동구,"서울 성동구 성수동2가 712 ,712-1 청구강변 101동 17층 1711호","2,380,000,000","2,380,000,000",변경,0,0%,2026-04-20,2026_2Q,0
동부 3계 2025-50845,아파트,아파트,아파트,서울,송파구,서울 송파구 장지동 894 위례아이파크 102동 2층 205호,"1,694,000,000","1,694,000,000",낙찰,"2,089,999,999",123.4%,2026-04-06,2026_2Q,0
동부 5계 2025-50883,오피스텔(주거),오피스텔,오피스텔(업무용),서울,송파구,서울 송파구 문정동 652 송파법조타운푸르지오시티 13층 1358호,"204,000,000","163,200,000",낙찰,"169,990,000",83.3%,2026-04-13,2026_2Q,0
동부 4계 2025-50988,근린상가,근린상가,근린상가,서울,광진구,"서울 광진구 능동 177-3 ,177-4,177-5 빌라헤르메스 지층 103호","120,000,000","49,152,000",낙찰,"73,000,000",60.8%,2026-04-27,2026_2Q,0
동부 1계 2025-51001,다세대,다세대주택,다세대,서울,성동구,서울 성동구 사근동 230-1 청계더하임 102동 3층 301호,"272,000,000","174,080,000",기각,0,0%,2026-04-20,2026_2Q,0
동부 3계 2025-51005,오피스텔(주거),오피스텔,오피스텔(업무용),서울,송파구,서울 송파구 문정동 618 파크하비오푸르지오 204동 4층 406호,"202,000,000","161,600,000",낙찰,"185,000,000",91.6%,2026-04-06,2026_2Q,0
동부 3계 2025-51011,다세대,다세대주택,다세대,서울,송파구,서울 송파구 석촌동 213-7 리버팰리스 103동 4층 401호,"523,000,000","418,400,000",낙찰,"482,100,000",92.2%,2026-04-06,2026_2Q,0
동부 5계 2025-51027,다세대,다세대주택,다세대,서울,송파구,서울 송파구 가락동 52-3 스타빌리지 3층 301호,"519,000,000","415,200,000",낙찰,"438,577,000",84.5%,2026-04-13,2026_2Q,0
동부 1계 2025-51049,아파트,아파트,아파트,서울,송파구,서울 송파구 석촌동 24-3 석촌호수효성해링턴타워 6층 616호,"242,000,000","154,880,000",낙찰,"192,200,000",79.4%,2026-04-20,2026_2Q,0
동부 1계 2025-51070,다세대,다세대주택,다세대,서울,송파구,서울 송파구 문정동 83-24 한울리움 2층 202호,"395,250,000","395,250,000",변경,0,0%,2026-04-20,2026_2Q,0
동부 5계 2025-51077,아파트,아파트,아파트,서울,강동구,서울 강동구 강일동 72 힐스테이트리슈빌강일 505동 27층 2704호,"702,000,000","702,000,000",취하,0,0%,2026-04-13,2026_2Q,0
동부 5계 2025-51112,다세대,다세대주택,다세대,서울,성동구,"서울 성동구 금호동1가 151-1 ,152 2층 201호","307,000,000","307,000,000",취하,0,0%,2026-04-13,2026_2Q,0
동부 6계 2025-51125(1),다세대,다세대주택,다세대,서울,강동구,서울 강동구 둔촌동 447-1 공간지음 2층 201호,"704,800,000","451,072,000",낙찰,"485,200,000",68.8%,2026-04-20,2026_2Q,0
동부 6계 2025-51125(3),다세대,다세대주택,다세대,서울,강동구,서울 강동구 둔촌동 447-1 공간지음 3층 301호,"770,700,000","493,248,000",낙찰,"503,250,000",65.3%,2026-04-20,2026_2Q,0
동부 6계 2025-51125(6),다세대,다세대주택,다세대,서울,강동구,서울 강동구 둔촌동 447-1 공간지음 4층 402호,"714,000,000","456,960,000",낙찰,"492,760,000",69.0%,2026-04-20,2026_2Q,0
동부 5계 2025-51130,다세대,다세대주택,다세대,서울,광진구,서울 광진구 중곡동 234-20 2층 203호,"197,000,000","197,000,000",낙찰,"251,000,000",127.4%,2026-04-13,2026_2Q,0
동부 5계 2025-51194,주상복합(주거),기타토지,기타토지,서울,광진구,서울 광진구 구의동 199-18 구의동삼성쉐르빌 101동 18층 1803호,"1,480,000,000","1,480,000,000",변경,0,0%,2026-04-13,2026_2Q,0
동부 1계 2025-51197,다세대,다세대주택,다세대,서울,강동구,서울 강동구 천호동 363-24 현영쉬크빌 4층 402호,"347,000,000","347,000,000",낙찰,"367,700,000",106.0%,2026-04-20,2026_2Q,0
동부 1계 2025-51206,다세대,다세대주택,다세대,서울,광진구,"서울 광진구 중곡동 247-21 ,247-22,247-27,247-61 한양팰리스 4층 404호","331,000,000","331,000,000",낙찰,"419,390,000",126.7%,2026-04-20,2026_2Q,0
동부 1계 2025-51248(1),다세대,다세대주택,다세대,서울,송파구,서울 송파구 거여동 24-3 신광빌라 지하층 01호,"325,000,000","325,000,000",변경,0,0%,2026-04-20,2026_2Q,0
동부 1계 2025-51248(2),다세대,다세대주택,다세대,서울,송파구,서울 송파구 거여동 173-15 3층 301호,"264,000,000","264,000,000",변경,0,0%,2026-04-20,2026_2Q,0
동부 5계 2025-51262,오피스텔(주거),오피스텔,오피스텔(업무용),서울,송파구,서울 송파구 송파동 85 에스아이팰리스레이크잠실 6층 602호,"281,000,000","224,800,000",낙찰,"250,000,000",89.0%,2026-04-13,2026_2Q,0
동부 5계 2025-51264,아파트,아파트,아파트,서울,강동구,"서울 강동구 성내동 598 ,598-1 성내1차이편한세상 102동 3층 305호","1,020,000,000","1,020,000,000",취하,0,0%,2026-04-13,2026_2Q,0
동부 5계 2025-51266,차량,기타토지,기타토지,서울,강동구,서울 강동구 둔촌동 589 내 보관(채권자대리인 정방연),"46,000,000","36,800,000",낙찰,"36,800,000",80.0%,2026-04-13,2026_2Q,0
동부 4계 2025-51280,다가구,다가구,다가구,서울,강동구,서울 강동구 암사동 470-12 엘림파크,"1,996,358,400","1,277,670,000",낙찰,"1,278,670,000",64.1%,2026-04-27,2026_2Q,0
동부 4계 2025-51287,오피스텔(주거),오피스텔,오피스텔(업무용),서울,강동구,서울 강동구 길동 388-5 메트로아파텔 1층 101호,"125,000,000","100,000,000",낙찰,"104,000,400",83.2%,2026-04-27,2026_2Q,0
동부 5계 2025-51288,다가구,다가구,다가구,서울,강동구,서울 강동구 강일동 667-36 제이제이파크뷰,"1,648,053,000","1,648,053,000",정지,0,0%,2026-04-13,2026_2Q,0
동부 5계 2025-51315,다세대,다세대주택,다세대,서울,광진구,"서울 광진구 구의동 31-1 ,31-2 현진빌 A동 6층 601호","357,000,000","357,000,000",낙찰,"500,000,000",140.1%,2026-04-13,2026_2Q,0
동부 1계 2025-51442,주상복합(주거),기타토지,기타토지,서울,송파구,"서울 송파구 신천동 7-17 웰리스타워,삼성웰리스 20층 2003호","2,210,000,000","1,768,000,000",낙찰,"1,990,000,009",90.0%,2026-04-20,2026_2Q,0
동부 6계 2025-51548,다세대,다세대주택,다세대,서울,강동구,서울 강동구 성내동 423-10 세림빌라 4층 402호,"227,000,000","227,000,000",변경,0,0%,2026-04-20,2026_2Q,0
동부 4계 2025-51574,다세대,다세대주택,다세대,서울,강동구,"서울 강동구 천호동 330-1 ,330-2 신안아트빌 4층 401호","300,000,000","240,000,000",낙찰,"254,210,000",84.7%,2026-04-27,2026_2Q,0
동부 1계 2025-51602(2),다세대,다세대주택,다세대,서울,광진구,"서울 광진구 광장동 340-11 ,340-12 대종아트빌 3층 303호","215,000,000","172,000,000",낙찰,"220,000,000",102.3%,2026-04-20,2026_2Q,0
동부 4계 2025-51692,아파트,아파트,아파트,서울,강동구,서울 강동구 길동 474 지에스강동자이 111동 14층 1401호,"1,390,000,000","1,390,000,000",낙찰,"1,579,000,000",113.6%,2026-04-27,2026_2Q,0
동부 6계 2025-51697,오피스텔(주거),오피스텔,오피스텔(업무용),서울,광진구,"서울 광진구 구의동 80-29 ,80-30,620-20 구의동홀가하우스 3층 301호","260,000,000","260,000,000",변경,0,0%,2026-04-20,2026_2Q,0
동부 4계 2025-51711,다세대,다세대주택,다세대,서울,광진구,서울 광진구 중곡동 235-29 누리마루 B동 3층 302호,"290,000,000","290,000,000",낙찰,"372,699,999",128.5%,2026-04-27,2026_2Q,0
동부 6계 2025-51726,오피스텔(주거),오피스텔,오피스텔(업무용),서울,송파구,"서울 송파구 방이동 38-3 ,38-9,38-10 더엘라소프잠실 10층 1005호","913,000,000","913,000,000",취하,0,0%,2026-04-24,2026_2Q,0
동부 7계 2025-51744,차량,기타토지,기타토지,서울,강동구,서울 강동구 둔촌동 589 둔촌주차장내 보관(채권자 한국캐피탈에게 보관),"35,000,000","28,000,000",낙찰,"28,010,000",80.0%,2026-04-13,2026_2Q,0
동부 4계 2025-51779,오피스텔(주거),오피스텔,오피스텔(업무용),서울,송파구,서울 송파구 문정동 618 파크하비오 송파파크하비오푸르지오 204동 3층 302호,"201,000,000","201,000,000",유찰,0,0%,2026-04-27,2026_2Q,0
동부 4계 2025-51802,오피스텔(상가),근린상가,오피스텔(업무용),서울,송파구,서울 송파구 거여동 605-3 송파헤븐시티더테라스 2층 208호,"474,000,000","474,000,000",유찰,0,0%,2026-04-27,2026_2Q,0
동부 4계 2025-51813(1),다세대,다세대주택,다세대,서울,광진구,서울 광진구 구의동 596-1 힐하우스 2층 206호,"174,000,000","174,000,000",유찰,0,0%,2026-04-27,2026_2Q,0
동부 4계 2025-51813(2),다세대,다세대주택,다세대,서울,광진구,서울 광진구 구의동 596-1 힐하우스 4층 413호,"174,000,000","174,000,000",유찰,0,0%,2026-04-27,2026_2Q,0
동부 3계 2025-52340,차량,기타토지,기타토지,서울,송파구,서울 송파구 방이동 443-30 승일주차장내 보관(채권자 김권태에게 보관),"110,000,000","88,000,000",낙찰,"93,138,000",84.7%,2026-04-06,2026_2Q,0
동부 6계 2026-50046(1),차량,기타토지,기타토지,서울,송파구,서울 송파구 방이동 443-30 승일주차장내 보관(채권자 제이씨캐피탈대부),"8,000,000","8,000,000",낙찰,"8,520,000",106.5%,2026-04-20,2026_2Q,0
서부 7계 2022-56943,다세대,다세대주택,다세대,서울,은평구,"서울 은평구 응암동 578-33 ,578-38 더세영 5층 503호","296,000,000","189,440,000",취하,0,0%,2026-04-21,2026_2Q,0
서부 5계 2023-57738,다세대,다세대주택,다세대,서울,은평구,"서울 은평구 구산동 177-132 ,177-135 프라임하우스 6층 602호","210,000,000","3,026,000",낙찰,"4,110,000",2.0%,2026-04-14,2026_2Q,0
서부 5계 2023-58922,다세대,다세대주택,다세대,서울,은평구,서울 은평구 응암동 197-11 호안빌 2층 202호,"320,000,000","11,259,000",낙찰,"11,500,000",3.6%,2026-04-14,2026_2Q,0
서부 6계 2024-74,근린상가,근린상가,근린상가,서울,서대문구,서울 서대문구 홍은동 396-19 브엘세바빌딩 지1층 비01호,"977,000,000","320,143,000",낙찰,"389,880,000",39.9%,2026-04-07,2026_2Q,0
서부 7계 2024-1848,도로,기타토지,기타토지,서울,서대문구,서울 서대문구 연희동 136-28,"1,150,220,000","471,130,000",낙찰,"620,000,000",53.9%,2026-04-14,2026_2Q,0
서부 3계 2024-2933(1),오피스텔(상가),근린상가,오피스텔(업무용),서울,마포구,서울 마포구 성산동 592-2 태림센트윈2 1층 101호,"1,520,000,000","778,240,000",유찰,0,0%,2026-04-07,2026_2Q,0
서부 3계 2024-2933(2),오피스텔(상가),근린상가,오피스텔(업무용),서울,마포구,서울 마포구 성산동 592-2 태림센트윈2 1층 102호,"1,620,000,000","829,440,000",낙찰,"850,000,000",52.5%,2026-04-07,2026_2Q,0
서부 6계 2024-51256,다세대,다세대주택,다세대,서울,은평구,서울 은평구 신사동 270-2 하늘정원 B동 4층 401호,"273,000,000","218,400,000",낙찰,"241,300,000",88.4%,2026-04-07,2026_2Q,0
서부 6계 2024-52402,다세대,다세대주택,다세대,서울,은평구,"서울 은평구 녹번동 156-26 ,156-58 삼영평안채 A동 4층 401호","224,000,000","91,750,000",낙찰,"198,000,000",88.4%,2026-04-07,2026_2Q,0
서부 1계 2024-52624,근린상가,근린상가,근린상가,서울,마포구,"서울 마포구 아현동 327-25 ,327-30 1층","4,161,141,100","1,705,632,000",취하,0,0%,2026-04-15,2026_2Q,0
서부 6계 2024-52693,아파트,아파트,아파트,서울,용산구,서울 용산구 이촌동 411 동아그린 106동 6층 601호,"1,847,000,000","1,847,000,000",정지,0,0%,2026-04-07,2026_2Q,0
서부 3계 2024-53665,오피스텔(주거),오피스텔,오피스텔(업무용),서울,은평구,서울 은평구 불광동 281-41 샹그리라 3층 301호,"259,000,000","34,762,000",낙찰,"220,000,000",84.9%,2026-04-07,2026_2Q,0
서부 5계 2024-59106,근린상가,근린상가,근린상가,서울,마포구,서울 마포구 서교동 398-5 상상하는 사람,"2,485,571,040","2,485,571,040",정지,0,0%,2026-04-14,2026_2Q,0
서부 3계 2024-59243,대지,나대지,나대지,서울,은평구,서울 은평구 녹번동 29-43,"1,824,900,000","934,349,000",낙찰,"1,033,399,100",56.6%,2026-04-07,2026_2Q,0
서부 5계 2024-59632,아파트,아파트,아파트,서울,용산구,"서울 용산구 후암동 438-7 ,438-16 제일 1층 101호","435,840,000","435,840,000",취하,0,0%,2026-04-14,2026_2Q,0
서부 3계 2024-60922,아파트,아파트,아파트,서울,서대문구,서울 서대문구 홍은동 277-105 백련 7층 702호,"390,000,000","390,000,000",취하,0,0%,2026-04-16,2026_2Q,0
서부 3계 2024-61710,다세대,다세대주택,다세대,서울,마포구,서울 마포구 성산동 20-22 라비앙로즈 5층 502호,"380,000,000","63,753,000",낙찰,"70,010,000",18.4%,2026-04-07,2026_2Q,0
서부 6계 2024-61734,오피스텔(주거),오피스텔,오피스텔(업무용),서울,은평구,서울 은평구 불광동 281-110 샹그리라 B동 10층 1003호,"258,000,000","27,703,000",낙찰,"31,990,000",12.4%,2026-04-07,2026_2Q,0
서부 7계 2024-62300,점포,근린상가,점포상가,서울,서대문구,서울 서대문구 창천동 18-20 1호,"36,003,346,890","18,433,714,000",취하,0,0%,2026-04-27,2026_2Q,0
서부 3계 2024-63198,다세대,다세대주택,다세대,서울,은평구,"서울 은평구 역촌동 20-20 ,20-21,20-22 금강블루 2층 202호","247,000,000","51,800,000",낙찰,"52,990,000",21.5%,2026-04-07,2026_2Q,0
서부 7계 2024-64207,다세대,다세대주택,다세대,서울,은평구,"서울 은평구 대조동 221-17 ,221-18 금호하이츠 5층 502호","328,353,000","210,146,000",낙찰,"267,835,000",81.6%,2026-04-14,2026_2Q,0
서부 7계 2024-64368,오피스텔(주거),오피스텔,오피스텔(업무용),서울,서대문구,서울 서대문구 홍은동 400-3 디에이원파크 4층 403호,"280,000,000","179,200,000",낙찰,"192,800,000",68.9%,2026-04-14,2026_2Q,0
서부 7계 2024-65064,아파트,아파트,아파트,서울,서대문구,서울 서대문구 홍제동 459 홍제원현대 109동 15층 1502호,"910,000,000","728,000,000",낙찰,"1,060,392,000",116.5%,2026-04-14,2026_2Q,0
서부 5계 2024-65200,아파트,아파트,아파트,서울,은평구,서울 은평구 응암동 694-1 응암우성 102동 8층 805호,"795,000,000","508,800,000",낙찰,"651,000,000",81.9%,2026-04-14,2026_2Q,0
서부 6계 2025-651,아파트,아파트,아파트,서울,마포구,"서울 마포구 도화동 357 ,357-1,357-4,357-5,357-6,357-9 도화동현대 106동 9층 902호","242,500,000","242,500,000",변경,0,0%,2026-04-07,2026_2Q,0
서부 7계 2025-941,근린상가,근린상가,근린상가,서울,서대문구,"서울 서대문구 홍은동 168-2 ,164-55 진성위메이드 지1층 비101호","302,000,000","193,280,000",유찰,0,0%,2026-04-14,2026_2Q,0
서부 3계 2025-965,점포,근린상가,점포상가,서울,마포구,서울 마포구 신공덕동 14-8,"1,308,052,740","837,154,000",기각,0,0%,2026-04-07,2026_2Q,0
서부 3계 2025-1067,연립,연립주택,연립·빌라,서울,서대문구,서울 서대문구 북가좌동 5-119 충우주택 1층 101호,"319,000,000","204,160,000",낙찰,"239,999,900",75.2%,2026-04-07,2026_2Q,0
서부 7계 2025-1203,오피스텔(주거),오피스텔,오피스텔(업무용),서울,마포구,서울 마포구 공덕동 467 롯데캐슬프레지던트 40층 오-4002호,"3,510,000,000","2,808,000,000",낙찰,"2,932,200,000",83.5%,2026-04-14,2026_2Q,0
서부 3계 2025-1432,대지,나대지,나대지,서울,용산구,서울 용산구 서계동 267-42,"441,232,000","441,232,000",취하,0,0%,2026-04-14,2026_2Q,0
서부 7계 2025-2503,차량,기타토지,기타토지,서울,강서구,서울 강서구 방화동 78-5 금화주차장내 보관,"35,000,000","28,000,000",낙찰,"29,389,990",84.0%,2026-04-14,2026_2Q,0
서부 6계 2025-50458,대지,나대지,나대지,서울,용산구,서울 용산구 이태원동 225-28,"557,700,000","228,434,000",낙찰,"229,000,000",41.1%,2026-04-07,2026_2Q,0
서부 6계 2025-50731,단독주택,단독,단독주택,서울,은평구,서울 은평구 증산동 159-23,"940,663,200","752,531,000",취하,0,0%,2026-04-17,2026_2Q,0
서부 1계 2025-51008,단독주택,단독,단독주택,서울,은평구,서울 은평구 증산동 167-5,"1,265,524,520","809,936,000",취하,0,0%,2026-04-29,2026_2Q,0
서부 5계 2025-51016,다세대,다세대주택,다세대,서울,은평구,서울 은평구 갈현동 327-19 현대하우징 6층 601호,"331,000,000","264,800,000",낙찰,"273,000,000",82.5%,2026-04-14,2026_2Q,0
서부 5계 2025-51054,아파트,아파트,아파트,서울,서대문구,"서울 서대문구 남가좌동 385 ,382,383,384,386 디엠씨파크뷰자이 126동 26층 2602호","2,348,000,000","1,878,400,000",낙찰,"2,006,700,900",85.5%,2026-04-14,2026_2Q,0
서부 7계 2025-51060,근린주택,근린주택,근린주택,서울,용산구,서울 용산구 이태원동 102-29,"4,182,013,000","4,182,013,000",정지,0,0%,2026-04-14,2026_2Q,0
서부 7계 2025-51116,다세대,다세대주택,다세대,서울,은평구,서울 은평구 녹번동 76-77 디에이치팰리스 B동 5층 502호,"317,000,000","103,874,000",취하,0,0%,2026-04-14,2026_2Q,0
서부 5계 2025-51123,다세대,다세대주택,다세대,서울,은평구,서울 은평구 신사동 287-11 파크빌 3층 302호,"241,000,000","154,240,000",낙찰,"185,000,000",76.8%,2026-04-14,2026_2Q,0
서부 3계 2025-51153,오피스텔(주거),오피스텔,오피스텔(업무용),서울,마포구,서울 마포구 합정동 382-20 스퀘어리버뷰합정 6층 602호,"320,000,000","320,000,000",변경,0,0%,2026-04-07,2026_2Q,0
서부 5계 2025-51199,다세대,다세대주택,다세대,서울,은평구,"서울 은평구 응암동 120-7 ,120-8 더어베인 8층 801호","334,000,000","267,200,000",낙찰,"267,217,000",80.0%,2026-04-14,2026_2Q,0
서부 6계 2025-51223,다세대,다세대주택,다세대,서울,용산구,"서울 용산구 이태원동 181-40 ,171-3 에어181파크 2층 205호","629,000,000","402,560,000",낙찰,"445,009,999",70.7%,2026-04-07,2026_2Q,0
서부 6계 2025-51274,다세대,다세대주택,다세대,서울,은평구,"서울 은평구 응암동 244-178 ,244 한강타운빌 2층 203호","300,000,000","192,000,000",낙찰,"232,000,000",77.3%,2026-04-07,2026_2Q,0
서부 3계 2025-51299,다세대,다세대주택,다세대,서울,은평구,서울 은평구 구산동 308-88 3층 301호,"283,000,000","115,917,000",낙찰,"142,270,000",50.3%,2026-04-07,2026_2Q,0
서부 7계 2025-51305,다세대,다세대주택,다세대,서울,용산구,"서울 용산구 원효로1가 82-9 ,82-10,29-37,29-38 시티파크힐 B동 지하1층 비엠01호","510,000,000","408,000,000",취하,0,0%,2026-04-14,2026_2Q,0
서부 6계 2025-51334,연립,연립주택,연립·빌라,서울,용산구,서울 용산구 이태원동 234-1 벨라지오빌 3층 302호,"1,530,000,000","979,200,000",낙찰,"1,100,621,427",71.9%,2026-04-07,2026_2Q,0
서부 3계 2025-51369,주상복합(상가),기타토지,기타토지,서울,은평구,서울 은평구 응암동 738 해태드림타운 1층 122호,"17,450,000","8,934,000",낙찰,"12,190,400",69.9%,2026-04-07,2026_2Q,0
서부 5계 2025-51436,오피스텔(주거),오피스텔,오피스텔(업무용),서울,서대문구,"서울 서대문구 대현동 56-100 ,56-101,56-102,56-103 이대투웨니퍼스트 10층 1002호","204,000,000","204,000,000",낙찰,"204,000,000",100.0%,2026-04-14,2026_2Q,0
서부 6계 2025-51528,아파트,아파트,아파트,서울,서대문구,"서울 서대문구 북가좌동 431 ,435,437,439,440,441,442 DMC한양 6동 10층 1002호","697,000,000","446,080,000",항고,0,0%,2026-04-07,2026_2Q,0
서부 7계 2025-51535,오피스텔(주거),오피스텔,오피스텔(업무용),서울,마포구,서울 마포구 아현동 437-3 고려아카데미텔 6층 22호,"221,000,000","221,000,000",낙찰,"300,000,000",135.7%,2026-04-14,2026_2Q,0
서부 3계 2025-51553,오피스텔(주거),오피스텔,오피스텔(업무용),서울,마포구,서울 마포구 상암동 1734 상암한화오벨리스크 5층 씨530호,"105,000,000","67,200,000",유찰,0,0%,2026-04-07,2026_2Q,0
서부 6계 2025-51565,다세대,다세대주택,다세대,서울,은평구,"서울 은평구 신사동 200-34 ,200-136 파크원 6층 601호","301,000,000","240,800,000",낙찰,"256,030,000",85.1%,2026-04-07,2026_2Q,0
서부 7계 2025-51570,아파트,아파트,아파트,서울,서대문구,서울 서대문구 홍은동 265-350 홍은드림 2층 202호,"475,000,000","380,000,000",낙찰,"453,000,000",95.4%,2026-04-14,2026_2Q,0
서부 7계 2025-51577,다세대,다세대주택,다세대,서울,은평구,서울 은평구 구산동 25-49 벨에어하우스 B동 4층 402호,"340,000,000","217,600,000",낙찰,"231,600,000",68.1%,2026-04-14,2026_2Q,0
서부 7계 2025-51627,다세대,다세대주택,다세대,서울,은평구,서울 은평구 신사동 40-19 엘렌시아14차 4층 401호,"246,000,000","157,440,000",낙찰,"195,000,000",79.3%,2026-04-14,2026_2Q,0
서부 7계 2025-51634,다세대,다세대주택,다세대,서울,은평구,서울 은평구 녹번동 108-7 베라힐7차 2층 203호,"421,000,000","336,800,000",낙찰,"360,001,111",85.5%,2026-04-14,2026_2Q,0
서부 6계 2025-51646,주상복합(주거),기타토지,기타토지,서울,용산구,"서울 용산구 한강로3가 63-387 ,용산동5가 19-31 용산시티파크 29층 202-2902호","3,720,000,000","3,720,000,000",정지,0,0%,2026-04-07,2026_2Q,0
서부 7계 2025-51647,전,전,전,서울,마포구,서울 마포구 대흥동 337-17,"96,614,000","96,614,000",변경,0,0%,2026-04-14,2026_2Q,0
서부 7계 2025-51660,아파트,아파트,아파트,서울,서대문구,서울 서대문구 홍제동 471 홍제금호어울림 107동 8층 802호,"880,000,000","880,000,000",낙찰,"933,000,000",106.0%,2026-04-14,2026_2Q,0
서부 3계 2025-51661,다세대,다세대주택,다세대,서울,은평구,서울 은평구 역촌동 1-28 역촌팰리스 4층 401호,"230,000,000","230,000,000",변경,0,0%,2026-04-07,2026_2Q,0
서부 6계 2025-51701,아파트,아파트,아파트,서울,마포구,서울 마포구 대흥동 660 마포태영 110동 4층 401호,"2,000,000,000","2,000,000,000",낙찰,"2,149,000,000",107.5%,2026-04-07,2026_2Q,0
서부 3계 2025-51762,다세대,다세대주택,다세대,서울,은평구,서울 은평구 신사동 227-2 소노빌리지 4층 401호,"392,000,000","392,000,000",취하,0,0%,2026-04-10,2026_2Q,0
서부 1계 2025-51791(1),오피스텔(주거),오피스텔,오피스텔(업무용),서울,은평구,"서울 은평구 응암동 96-19 ,96-20 삼영앤-시티 3층 302호","327,000,000","261,600,000",기각,0,0%,2026-04-21,2026_2Q,0
서부 1계 2025-51791(2),오피스텔(주거),오피스텔,오피스텔(업무용),서울,은평구,"서울 은평구 응암동 599-15 ,599-16,599-17,599-35,599-41,599-96,599-97 뉴월드애필리움 7층 703호","336,000,000","268,800,000",기각,0,0%,2026-04-21,2026_2Q,0
서부 7계 2025-51806,단독주택,단독,단독주택,서울,서대문구,서울 서대문구 연희동 703-22,"821,637,580","821,637,580",정지,0,0%,2026-04-14,2026_2Q,0
서부 7계 2025-51830,도로,기타토지,기타토지,서울,용산구,서울 용산구 후암동 409-289,"14,080,000","14,080,000",낙찰,"17,100,009",121.4%,2026-04-14,2026_2Q,0
서부 6계 2025-52116,다세대,다세대주택,다세대,서울,은평구,서울 은평구 갈현동 523-40 정우타운 C동 지하층 2호,"98,000,000","78,400,000",낙찰,"84,600,000",86.3%,2026-04-07,2026_2Q,0
남부 5계 2022-2480,공장,공장(지식산업센터 업무시설),공장,서울,금천구,"서울 금천구 독산동 720-4 ,720-5,720-6,721-5","68,630,400","17,990,000",낙찰,"21,110,000",30.8%,2026-04-09,2026_2Q,0
남부 2계 2023-6090,근린상가,근린상가,근린상가,서울,구로구,"서울 구로구 고척동 171-7 ,171-8,171-55,171-78,171-79 소담밸리 3층 301호","138,000,000","9,483,000",낙찰,"12,109,900",8.8%,2026-04-08,2026_2Q,0
남부 13계 2023-102448,다세대,다세대주택,다세대,서울,강서구,"서울 강서구 방화동 249-10 ,249-145 리치펠리스 103동 4층 402호","308,000,000","157,696,000",낙찰,"212,800,000",69.1%,2026-04-02,2026_2Q,0
남부 2계 2023-104475,다세대,다세대주택,다세대,서울,금천구,"서울 금천구 시흥동 848-23 ,848-36 동산골드하우스 5층 502호","319,500,000","130,867,000",낙찰,"172,800,000",54.1%,2026-04-08,2026_2Q,0
남부 9계 2023-105423,다가구,다가구,다가구,서울,영등포구,"서울 영등포구 대림동 1020-6 ,1020-13 두호아이라이프 주건축물 1동","1,869,493,680","1,196,476,000",낙찰,"1,630,000,000",87.2%,2026-04-07,2026_2Q,0
남부 2계 2023-106914,근린상가,근린상가,근린상가,서울,구로구,서울 구로구 구로동 3-25 신도림테크노마트 10층 063호,"637,000,000","22,412,000",낙찰,"22,500,000",3.5%,2026-04-08,2026_2Q,0
남부 9계 2023-108033,다세대,다세대주택,다세대,서울,구로구,"서울 구로구 개봉동 334-4 ,334-5,334-20,334-22 상떼그린힐 101동 1층 103호","291,000,000","6,552,000",낙찰,"9,300,000",3.2%,2026-04-07,2026_2Q,0
남부 6계 2023-108750,오피스텔(주거),오피스텔,오피스텔(업무용),서울,영등포구,서울 영등포구 영등포동2가 28-153 오스본 4층 403호,"138,000,000","3,884,000",낙찰,"4,149,999",3.0%,2026-04-14,2026_2Q,0
남부 7계 2023-111053,다세대,다세대주택,다세대,서울,강서구,서울 강서구 내발산동 695-5 청솔펠리체 105동 2층 201호,"339,000,000","339,000,000",유찰,0,0%,2026-04-21,2026_2Q,0
남부 6계 2023-112452,다세대,다세대주택,다세대,서울,금천구,"서울 금천구 독산동 1044 ,1044-1 모던하우스 5층 502호","230,000,000","10,116,000",낙찰,"12,300,000",5.3%,2026-04-14,2026_2Q,0
남부 9계 2023-119538,아파트,아파트,아파트,서울,강서구,서울 강서구 화곡동 1139 초록 103동 1층 105호,"661,000,000","528,800,000",낙찰,"612,300,000",92.6%,2026-04-07,2026_2Q,0
남부 9계 2023-121104,오피스텔(상가),근린상가,오피스텔(업무용),서울,강서구,서울 강서구 마곡동 795-2 마곡아이파크 1층 129호,"1,320,000,000","432,538,000",낙찰,"480,500,000",36.4%,2026-04-07,2026_2Q,0
남부 10계 2023-125656,오피스텔,오피스텔,오피스텔(업무용),서울,강서구,서울 강서구 등촌동 658-2 신성 2층 201호,"1,120,840,000","96,280,000",항고,0,0%,2026-04-01,2026_2Q,0
남부 3계 2023-127836,다세대,다세대주택,다세대,서울,강서구,서울 강서구 화곡동 865-12 현경뜰안채 1동 4층 402호,"210,000,000","9,236,000",낙찰,"9,526,000",4.5%,2026-04-30,2026_2Q,0
남부 7계 2024-624,아파트형공장,공장(지식산업센터 업무시설),공장,서울,금천구,서울 금천구 가산동 219-6 에이스하이엔드타워클래식지식산업센터 7층 712호,"919,000,000","588,160,000",낙찰,"730,000,000",79.4%,2026-04-21,2026_2Q,0
남부 9계 2024-2903,근린주택,근린주택,근린주택,서울,금천구,서울 금천구 가산동 147-55 그린엠빌딩,"2,997,544,460","1,918,429,000",낙찰,"2,139,999,999",71.4%,2026-04-07,2026_2Q,0
남부 14계 2024-3050,다세대,다세대주택,다세대,서울,강서구,"서울 강서구 화곡동 56-592 ,56-615 케렌시아 5층 501호","257,000,000","205,600,000",낙찰,"222,675,000",86.6%,2026-04-22,2026_2Q,0
남부 14계 2024-3357,대지,나대지,나대지,서울,영등포구,서울 영등포구 신길동 97-73,"1,987,200,000","1,987,200,000",변경,0,0%,2026-04-22,2026_2Q,0
남부 14계 2024-3777,단독주택,단독,단독주택,서울,영등포구,서울 영등포구 신길동 65-63,"1,287,697,240","824,126,000",취하,0,0%,2026-04-29,2026_2Q,0
남부 9계 2024-4046,다세대,다세대주택,다세대,서울,구로구,서울 구로구 궁동 237-9 현대힐타운 2동 5층 502호,"232,000,000","118,784,000",낙찰,"225,000,000",97.0%,2026-04-07,2026_2Q,0
남부 3계 2024-5476,임야,임야,임야,서울,영등포구,서울 영등포구 양화동 153-35,"2,222,122,000","466,013,000",유찰,0,0%,2026-04-30,2026_2Q,0
남부 3계 2024-6103(1),아파트상가,아파트상가,근린상가,서울,강서구,서울 강서구 방화동 904 신마곡벽산블루밍 판매시설2동 105동 2층 201호,"1,180,000,000","247,464,000",유찰,0,0%,2026-04-30,2026_2Q,0
남부 3계 2024-6103(2),아파트상가,아파트상가,근린상가,서울,강서구,서울 강서구 방화동 904 신마곡벽산블루밍 판매시설2동 105동 2층 202호,"1,430,000,000","299,893,000",유찰,0,0%,2026-04-30,2026_2Q,0
남부 9계 2024-6219(2),근린상가,근린상가,근린상가,서울,강서구,서울 강서구 마곡동 795-6 뉴골든타워 4층 406호,"696,000,000","285,082,000",낙찰,"295,000,000",42.4%,2026-04-07,2026_2Q,0
남부 9계 2024-6271(1),근린상가,근린상가,근린상가,서울,강서구,서울 강서구 내발산동 750-2 새롬프라자 6층 601호,"286,000,000","117,146,000",낙찰,"171,345,000",59.9%,2026-04-07,2026_2Q,0
남부 9계 2024-6271(2),근린상가,근린상가,근린상가,서울,강서구,서울 강서구 내발산동 750-2 새롬프라자 6층 602호,"193,000,000","79,053,000",낙찰,"115,000,007",59.6%,2026-04-07,2026_2Q,0
남부 9계 2024-6271(3),근린상가,근린상가,근린상가,서울,강서구,서울 강서구 내발산동 750-2 새롬프라자 6층 603호,"420,000,000","172,032,000",낙찰,"252,000,007",60.0%,2026-04-07,2026_2Q,0
남부 9계 2024-6271(4),근린상가,근린상가,근린상가,서울,강서구,서울 강서구 내발산동 750-2 새롬프라자 9층 901호,"286,000,000","117,146,000",낙찰,"171,000,007",59.8%,2026-04-07,2026_2Q,0
남부 9계 2024-6271(5),근린상가,근린상가,근린상가,서울,강서구,서울 강서구 내발산동 750-2 새롬프라자 9층 902호,"193,000,000","79,053,000",낙찰,"115,000,007",59.6%,2026-04-07,2026_2Q,0
남부 9계 2024-6271(6),근린상가,근린상가,근린상가,서울,강서구,서울 강서구 내발산동 750-2 새롬프라자 9층 903호,"420,000,000","172,032,000",낙찰,"253,000,007",60.2%,2026-04-07,2026_2Q,0
남부 8계 2024-6325,아파트형공장,공장(지식산업센터 업무시설),공장,서울,금천구,서울 금천구 가산동 60-5 갑을그레이트밸리 5층 비-501호,"545,000,000","279,040,000",낙찰,"330,000,000",60.6%,2026-04-15,2026_2Q,0
남부 10계 2024-101275,아파트,아파트,아파트,서울,구로구,서울 구로구 구로동 256-1 삼성래미안 108동 7층 702호,"849,000,000","679,200,000",낙찰,"923,777,700",108.8%,2026-04-01,2026_2Q,0
남부 13계 2024-101718,다세대,다세대주택,다세대,서울,강서구,서울 강서구 내발산동 709-33 대상힐탑 4층 401호,"201,860,000","103,352,000",낙찰,"115,417,425",57.2%,2026-04-02,2026_2Q,0
남부 3계 2024-102636,아파트,아파트,아파트,서울,영등포구,서울 영등포구 대림동 1123 신대림 한솔 솔파크 105동 11층 1102호,"825,000,000","660,000,000",낙찰,"806,009,999",97.7%,2026-04-30,2026_2Q,0
남부 7계 2024-103325,근린주택,근린주택,근린주택,서울,영등포구,"서울 영등포구 신길동 97-62 ,97-63","2,346,589,350","1,501,817,000",낙찰,"1,811,111,100",77.2%,2026-04-21,2026_2Q,0
남부 3계 2024-103899,주상복합(주거),기타토지,기타토지,서울,강서구,"서울 강서구 화곡동 922-17 ,922-18 우공 3층 303호","231,000,000","8,127,000",유찰,0,0%,2026-04-30,2026_2Q,0
남부 2계 2024-104168(1),다가구,다가구,다가구,서울,양천구,서울 양천구 신정동 989-22,"1,123,581,000","719,092,000",낙찰,"813,890,000",72.4%,2026-04-08,2026_2Q,0
남부 13계 2024-105239,주상복합(주거),기타토지,기타토지,서울,강서구,"서울 강서구 화곡동 922-17 ,922-18 우공 4층 404호","238,000,000","238,000,000",각하,0,0%,2026-04-02,2026_2Q,0
남부 10계 2024-106263,아파트,아파트,아파트,서울,금천구,"서울 금천구 시흥동 220-2 ,221,230-1,230-7,231 현대 1동 2층 208호","494,000,000","252,928,000",낙찰,"353,370,000",71.5%,2026-04-01,2026_2Q,0
남부 4계 2024-108832,아파트,아파트,아파트,서울,구로구,서울 구로구 오류동 12-2 미진주택 B동 7층 701호,"217,000,000","138,880,000",낙찰,"153,199,000",70.6%,2026-04-16,2026_2Q,0
남부 10계 2024-109248,오피스텔(주거),오피스텔,오피스텔(업무용),서울,강서구,"서울 강서구 화곡동 24-122 ,24-125,24-565 송원 6층 602호","105,000,000","27,525,000",낙찰,"40,360,000",38.4%,2026-04-01,2026_2Q,0
남부 9계 2024-110323,근린주택,근린주택,근린주택,서울,강서구,서울 강서구 공항동 1348-5,"1,802,682,960","922,974,000",낙찰,"1,058,888,880",58.7%,2026-04-07,2026_2Q,0
남부 7계 2024-114035,다세대,다세대주택,다세대,서울,강서구,"서울 강서구 방화동 557-7 ,557-25 남성아트빌 101동 3층 303호","236,000,000","151,040,000",낙찰,"172,000,000",72.9%,2026-04-21,2026_2Q,0
남부 10계 2024-115496,아파트,아파트,아파트,서울,영등포구,서울 영등포구 당산동4가 96 당산동반도유보라팰리스 105동 3층 301호,"1,793,000,000","1,434,400,000",낙찰,"1,702,500,000",95.0%,2026-04-01,2026_2Q,0
남부 15계 2024-120917,연립,연립주택,연립·빌라,서울,강서구,서울 강서구 화곡동 1162 우장산파크빌 2층 207호,"206,000,000","105,472,000",낙찰,"185,000,000",89.8%,2026-04-23,2026_2Q,0
남부 9계 2024-120948,답,답,답,서울,영등포구,서울 영등포구 신길동 388-13,"1,450,460,000","1,450,460,000",낙찰,"1,501,000,000",103.5%,2026-04-07,2026_2Q,0
남부 15계 2024-121811,다세대,다세대주택,다세대,서울,금천구,"서울 금천구 독산동 972-32 ,972-55 블루972 5층 504호","335,000,000","56,203,000",낙찰,"56,203,000",16.8%,2026-04-23,2026_2Q,0
남부 7계 2024-123657,다세대,다세대주택,다세대,서울,강서구,서울 강서구 화곡동 410-212 광명빌라 2층 202호,"200,000,000","17,179,000",낙찰,"17,200,000",8.6%,2026-04-21,2026_2Q,0
남부 2계 2024-124230,아파트,아파트,아파트,서울,구로구,서울 구로구 고척동 141-1 서울가든 4동 9층 905호,"730,000,000","584,000,000",낙찰,"664,410,000",91.0%,2026-04-08,2026_2Q,0
남부 14계 2024-127659,오피스텔(주거),오피스텔,오피스텔(업무용),서울,구로구,서울 구로구 구로동 98-4 대림역와이즈플레이스 6층 602호,"147,000,000","30,828,000",유찰,0,0%,2026-04-22,2026_2Q,0
남부 16계 2024-127741,다세대,다세대주택,다세대,서울,강서구,"서울 강서구 화곡동 1037-10 ,1037-11 트리빌리지 5층 502호","290,000,000","290,000,000",낙찰,"291,500,000",100.5%,2026-04-28,2026_2Q,0
남부 14계 2024-127888,오피스텔(주거),오피스텔,오피스텔(업무용),서울,양천구,서울 양천구 신정동 1290-4 신정동대우미래사랑5차 3층 318호,"442,000,000","282,880,000",기각,0,0%,2026-04-17,2026_2Q,0
남부 3계 2024-128843,다세대,다세대주택,다세대,서울,강서구,"서울 강서구 방화동 612-197 ,612-222 마곡킹덤비바체 10층 1004호","230,000,000","19,757,000",유찰,0,0%,2026-04-30,2026_2Q,0
남부 9계 2024-129297,다세대,다세대주택,다세대,서울,구로구,"서울 구로구 개봉동 139-89 ,139-90 다빈빌 1층 101호","175,000,000","140,000,000",낙찰,"150,000,000",85.7%,2026-04-07,2026_2Q,0
남부 3계 2024-130310,오피스텔(주거),오피스텔,오피스텔(업무용),서울,금천구,"서울 금천구 독산동 962-42 ,962-43 더뷰 3층 304호","216,592,000","56,778,000",낙찰,"56,778,000",26.2%,2026-04-30,2026_2Q,0
남부 15계 2024-130433,다세대,다세대주택,다세대,서울,강서구,"서울 강서구 화곡동 1017-24 ,1017-26 동우하이빌 5층 501호","256,000,000","163,840,000",낙찰,"184,990,000",72.3%,2026-04-23,2026_2Q,0
남부 16계 2024-130860,다세대,다세대주택,다세대,서울,영등포구,서울 영등포구 당산동1가 181 썬샤인 2층 201호,"236,000,000","236,000,000",유찰,0,0%,2026-04-28,2026_2Q,0
남부 16계 2024-134572,다세대,다세대주택,다세대,서울,강서구,서울 강서구 화곡동 348-12 명가 3층 303호,"302,000,000","193,280,000",낙찰,"195,116,160",64.6%,2026-04-28,2026_2Q,0
남부 5계 2024-135346,다세대,다세대주택,다세대,서울,영등포구,서울 영등포구 신길동 386-1 상아빌라 지하층 2호,"293,000,000","150,016,000",낙찰,"150,100,000",51.2%,2026-04-09,2026_2Q,0
남부 7계 2024-136318,빌딩,기타건물,기타건물,서울,영등포구,서울 영등포구 대림동 737-8,"2,740,699,380","1,403,238,000",낙찰,"1,484,000,000",54.1%,2026-04-21,2026_2Q,0
남부 9계 2024-136554,아파트,아파트,아파트,서울,강서구,서울 강서구 등촌동 687 등촌2단지주공 201동 11층 1103호,"552,000,000","441,600,000",낙찰,"643,700,000",116.6%,2026-04-07,2026_2Q,0
남부 14계 2024-136592,다세대,다세대주택,다세대,서울,양천구,서울 양천구 신월동 532-5 우림빌라 가동 지하층 1호,"202,000,000","161,600,000",기각,0,0%,2026-04-02,2026_2Q,0
남부 14계 2024-136684,다세대,다세대주택,다세대,서울,금천구,서울 금천구 가산동 235-46 세교예지안10차 9층 902호,"259,000,000","207,200,000",낙찰,"250,030,000",96.5%,2026-04-22,2026_2Q,0
남부 5계 2024-138437,오피스텔(주거),오피스텔,오피스텔(업무용),서울,강서구,서울 강서구 마곡동 784 마곡경동미르웰 101동 8층 803호,"143,000,000","91,520,000",낙찰,"105,122,000",73.5%,2026-04-09,2026_2Q,0
남부 10계 2024-138772,아파트,아파트,아파트,서울,양천구,서울 양천구 신정동 918-1 훼미리 5층 502호,"520,000,000","332,800,000",취하,0,0%,2026-04-01,2026_2Q,0
남부 14계 2024-138871,아파트형공장,공장(지식산업센터 업무시설),공장,서울,구로구,서울 구로구 구로동 197-28 이앤씨벤처드림타워6차 4층 410호,"770,000,000","315,392,000",낙찰,"315,410,000",41.0%,2026-04-22,2026_2Q,0
남부 10계 2024-139119,아파트,아파트,아파트,서울,금천구,서울 금천구 가산동 143-6 가산지웰에스테이트2차 1동 6층 622호,"162,000,000","82,944,000",낙찰,"85,999,999",53.1%,2026-04-01,2026_2Q,0
남부 5계 2024-140256(4),아파트형공장,공장(지식산업센터 업무시설),공장,서울,금천구,서울 금천구 가산동 680 우림라이온스밸리 2차 10층 1014호,"1,324,000,000","847,360,000",낙찰,"847,367,000",64.0%,2026-04-09,2026_2Q,0
남부 14계 2024-140317,다세대,다세대주택,다세대,서울,강서구,서울 강서구 화곡동 392-27 살렘하우스 1층 101호,"208,000,000","133,120,000",낙찰,"138,999,999",66.8%,2026-04-22,2026_2Q,0
남부 6계 2024-140515,다세대,다세대주택,다세대,서울,금천구,"서울 금천구 독산동 1031-30 ,1031-28,1031-29 돌체비타타워 13층 1307호","156,000,000","79,872,000",낙찰,"145,000,000",92.9%,2026-04-14,2026_2Q,0
남부 4계 2024-142597,다세대,다세대주택,다세대,서울,양천구,서울 양천구 신월동 148-19 나우리치빌 6층 601호,"119,000,000","76,160,000",낙찰,"85,300,000",71.7%,2026-04-16,2026_2Q,0
남부 2계 2024-142634,다세대,다세대주택,다세대,서울,구로구,서울 구로구 온수동 23 아델리안 가동 3층 302호,"279,000,000","223,200,000",낙찰,"274,940,000",98.5%,2026-04-08,2026_2Q,0
남부 4계 2024-144753,오피스텔(주거),오피스텔,오피스텔(업무용),서울,영등포구,서울 영등포구 양평동6가 8 펫앤스테이 12층 1202호,"197,000,000","126,080,000",낙찰,"141,100,000",71.6%,2026-04-16,2026_2Q,0
남부 5계 2024-146773,근린주택,근린주택,근린주택,서울,양천구,"서울 양천구 신월동 22-8 ,22-9 다움하우스","2,796,730,000","1,431,926,000",낙찰,"1,720,000,000",61.5%,2026-04-09,2026_2Q,0
남부 7계 2024-146797,다가구,다가구,다가구,서울,강서구,서울 강서구 화곡동 1081-16 에이브릴하우스1,"2,477,261,000","1,981,809,000",낙찰,"2,028,870,000",81.9%,2026-04-21,2026_2Q,0
남부 5계 2024-147417,다세대,다세대주택,다세대,서울,구로구,"서울 구로구 구로동 317-140 ,317-98,429-197 행복드림빌라 1동 6층 601호","268,000,000","137,216,000",낙찰,"255,000,000",95.1%,2026-04-09,2026_2Q,0
남부 7계 2024-147684,주상복합(주거),기타토지,기타토지,서울,양천구,서울 양천구 목동 908-28 부영그린타운2차 19층 1908호,"1,940,000,000","1,552,000,000",변경,0,0%,2026-04-21,2026_2Q,0
남부 3계 2024-149697,다세대,다세대주택,다세대,서울,금천구,"서울 금천구 독산동 381-39 ,381-40 스톤빌 5층 502호","344,860,000","220,710,000",낙찰,"258,000,000",74.8%,2026-04-30,2026_2Q,0
남부 10계 2024-149710,아파트형공장,공장(지식산업센터 업무시설),공장,서울,금천구,서울 금천구 가산동 459-29 에이스케이원타워 지2층 비204호,"154,000,000","40,370,000",낙찰,"46,155,500",30.0%,2026-04-01,2026_2Q,0
남부 6계 2024-150994,오피스텔(주거),오피스텔,오피스텔(업무용),서울,강서구,서울 강서구 마곡동 793 유림트윈파크 2층 에이-213호,"130,000,000","53,248,000",낙찰,"53,248,000",41.0%,2026-04-14,2026_2Q,0
남부 9계 2024-151102,다세대,다세대주택,다세대,서울,강서구,서울 강서구 화곡동 391-45 에코빌 2층 202호,"266,000,000","212,800,000",낙찰,"260,000,000",97.7%,2026-04-07,2026_2Q,0
남부 8계 2024-151812,다세대,다세대주택,다세대,서울,강서구,서울 강서구 화곡동 24-26 산호맨션 다동 3층 301호,"200,000,000","160,000,000",낙찰,"185,000,000",92.5%,2026-04-15,2026_2Q,0
남부 12계 2025-10(1),오피스텔(주거),오피스텔,오피스텔(업무용),서울,구로구,서울 구로구 고척동 76-411 동양 5층 608호,"77,000,000","31,539,000",취하,0,0%,2026-04-29,2026_2Q,0
남부 12계 2025-10(2),오피스텔(주거),오피스텔,오피스텔(업무용),서울,구로구,서울 구로구 고척동 76-411 동양 6층 706호,"79,600,000","32,604,000",취하,0,0%,2026-04-29,2026_2Q,0
남부 7계 2025-58(1),근린상가,근린상가,근린상가,서울,강서구,서울 강서구 화곡동 1038-19 시그니엘6 1층 101호,"330,000,000","168,960,000",유찰,0,0%,2026-04-21,2026_2Q,0
남부 7계 2025-58(2),오피스텔(상가),근린상가,오피스텔(업무용),서울,양천구,서울 양천구 신월동 474-12 로빈시그니쳐 1층 101호,"300,000,000","153,600,000",낙찰,"183,000,000",61.0%,2026-04-21,2026_2Q,0
남부 8계 2025-65(1),다세대,다세대주택,다세대,서울,강서구,서울 강서구 화곡동 452-11 라피아노 2층 201호,"343,000,000","219,520,000",낙찰,"255,340,000",74.4%,2026-04-15,2026_2Q,0
남부 8계 2025-65(2),다세대,다세대주택,다세대,서울,강서구,서울 강서구 화곡동 452-11 라피아노 2층 202호,"341,000,000","218,240,000",낙찰,"253,850,000",74.4%,2026-04-15,2026_2Q,0
남부 8계 2025-65(3),다세대,다세대주택,다세대,서울,강서구,서울 강서구 화곡동 452-11 라피아노 2층 204호,"309,000,000","197,760,000",낙찰,"230,020,000",74.4%,2026-04-15,2026_2Q,0
남부 8계 2025-65(4),다세대,다세대주택,다세대,서울,강서구,서울 강서구 화곡동 452-11 라피아노 3층 301호,"349,000,000","223,360,000",낙찰,"259,800,000",74.4%,2026-04-15,2026_2Q,0
남부 8계 2025-65(5),다세대,다세대주택,다세대,서울,강서구,서울 강서구 화곡동 452-11 라피아노 3층 302호,"348,000,000","222,720,000",낙찰,"259,060,000",74.4%,2026-04-15,2026_2Q,0
남부 8계 2025-65(6),다세대,다세대주택,다세대,서울,강서구,서울 강서구 화곡동 452-11 라피아노 3층 303호,"335,000,000","214,400,000",낙찰,"249,380,000",74.4%,2026-04-15,2026_2Q,0
남부 8계 2025-65(7),다세대,다세대주택,다세대,서울,강서구,서울 강서구 화곡동 452-11 라피아노 3층 304호,"315,000,000","201,600,000",낙찰,"234,490,000",74.4%,2026-04-15,2026_2Q,0
남부 8계 2025-65(8),다세대,다세대주택,다세대,서울,강서구,서울 강서구 화곡동 452-11 라피아노 4층 401호,"360,000,000","230,400,000",낙찰,"267,990,000",74.4%,2026-04-15,2026_2Q,0
남부 8계 2025-65(9),다세대,다세대주택,다세대,서울,강서구,서울 강서구 화곡동 452-11 라피아노 4층 402호,"359,000,000","229,760,000",낙찰,"267,240,000",74.4%,2026-04-15,2026_2Q,0
남부 8계 2025-65(10),다세대,다세대주택,다세대,서울,강서구,서울 강서구 화곡동 452-11 라피아노 4층 403호,"345,000,000","220,800,000",낙찰,"256,820,000",74.4%,2026-04-15,2026_2Q,0
남부 8계 2025-65(11),다세대,다세대주택,다세대,서울,강서구,서울 강서구 화곡동 452-11 라피아노 5층 502호,"359,000,000","229,760,000",낙찰,"267,250,000",74.4%,2026-04-15,2026_2Q,0
남부 8계 2025-65(12),다세대,다세대주택,다세대,서울,강서구,서울 강서구 화곡동 452-11 라피아노 5층 503호,"345,000,000","220,800,000",낙찰,"256,820,000",74.4%,2026-04-15,2026_2Q,0
남부 8계 2025-65(13),다세대,다세대주택,다세대,서울,강서구,서울 강서구 화곡동 452-11 라피아노 5층 504호,"325,000,000","208,000,000",낙찰,"241,940,000",74.4%,2026-04-15,2026_2Q,0
남부 3계 2025-188,다세대,다세대주택,다세대,서울,영등포구,서울 영등포구 양평동4가 153-3 하나한강파크뷰 3층 304호,"335,000,000","70,254,000",낙찰,"70,254,000",21.0%,2026-04-30,2026_2Q,0
남부 5계 2025-263,오피스텔(주거),오피스텔,오피스텔(업무용),서울,강서구,"서울 강서구 화곡동 904-3 ,904-18 화곡팰리스 8층 803호","291,000,000","148,992,000",낙찰,"159,683,960",54.9%,2026-04-09,2026_2Q,0
남부 12계 2025-375,오피스텔(주거),오피스텔,오피스텔(업무용),서울,강서구,"서울 강서구 화곡동 938-5 ,938-6 웰타운비 12층 1202호","294,000,000","188,160,000",낙찰,"222,990,000",75.8%,2026-04-29,2026_2Q,0
남부 14계 2025-383,다세대,다세대주택,다세대,서울,금천구,"서울 금천구 시흥동 169-45 ,169-46 프라우드빌 2층 202호","318,000,000","254,400,000",낙찰,"265,000,000",83.3%,2026-04-22,2026_2Q,0
남부 2계 2025-401(1),아파트형공장,공장(지식산업센터 업무시설),공장,서울,금천구,서울 금천구 가산동 554-2 가산한화비즈메트로2차 17층 1703호,"250,000,000","128,000,000",유찰,0,0%,2026-04-08,2026_2Q,0
남부 2계 2025-401(2),아파트형공장,공장(지식산업센터 업무시설),공장,서울,금천구,서울 금천구 가산동 554-2 가산한화비즈메트로2차 11층 1103호,"247,000,000","126,464,000",유찰,0,0%,2026-04-08,2026_2Q,0
남부 3계 2025-404,단독주택,단독,단독주택,서울,영등포구,"서울 영등포구 신길동 97-64 ,97-65","2,167,283,900","2,167,283,900",변경,0,0%,2026-04-30,2026_2Q,0
남부 9계 2025-438,아파트형공장,공장(지식산업센터 업무시설),공장,서울,금천구,서울 금천구 가산동 459-22 백상스타타워2차 5층 502호,"500,000,000","256,000,000",낙찰,"290,000,000",58.0%,2026-04-07,2026_2Q,0
남부 6계 2025-445(1),아파트형공장,공장(지식산업센터 업무시설),공장,서울,금천구,서울 금천구 가산동 459-24 하우스디가산퍼스타 6층 610호,"302,000,000","98,959,000",낙찰,"134,990,000",44.7%,2026-04-14,2026_2Q,0
남부 6계 2025-445(2),아파트형공장,공장(지식산업센터 업무시설),공장,서울,금천구,서울 금천구 가산동 459-24 하우스디가산퍼스타 6층 611호,"302,000,000","98,959,000",낙찰,"134,990,000",44.7%,2026-04-14,2026_2Q,0
남부 6계 2025-445(3),아파트형공장,공장(지식산업센터 업무시설),공장,서울,금천구,서울 금천구 가산동 459-24 하우스디가산퍼스타 6층 612호,"322,000,000","105,513,000",낙찰,"143,990,000",44.7%,2026-04-14,2026_2Q,0
남부 6계 2025-445(4),아파트형공장,공장(지식산업센터 업무시설),공장,서울,금천구,서울 금천구 가산동 459-24 하우스디가산퍼스타 6층 613호,"309,000,000","101,253,000",낙찰,"137,980,000",44.7%,2026-04-14,2026_2Q,0
남부 7계 2025-446,아파트형공장,공장(지식산업센터 업무시설),공장,서울,금천구,서울 금천구 가산동 371-28 우림라이온스밸리 B-지2층 비217호,"68,000,000","34,816,000",낙찰,"39,100,000",57.5%,2026-04-21,2026_2Q,0
남부 10계 2025-449,다세대,다세대주택,다세대,서울,강서구,"서울 강서구 방화동 249-303 ,249-306 다안빌라트 2층 201호","271,000,000","138,752,000",낙찰,"188,500,000",69.6%,2026-04-01,2026_2Q,0
남부 8계 2025-477(1),문화집회시설,기타건물,기타건물,서울,구로구,서울 구로구 구로동 3-25 신도림테크노마트 7층 075호,"41,100,000","26,304,000",낙찰,"26,416,000",64.3%,2026-04-15,2026_2Q,0
남부 8계 2025-477(2),문화집회시설,기타건물,기타건물,서울,구로구,서울 구로구 구로동 3-25 신도림테크노마트 7층 076호,"40,400,000","25,856,000",낙찰,"28,584,000",70.8%,2026-04-15,2026_2Q,0
남부 5계 2025-481,단독주택,단독,단독주택,서울,구로구,서울 구로구 구로동 496-51,"1,098,459,000","562,411,000",낙찰,"704,114,000",64.1%,2026-04-09,2026_2Q,0
남부 2계 2025-484,다세대,다세대주택,다세대,서울,양천구,서울 양천구 신월동 203-3 그린빌라 1층 101호,"222,000,000","113,664,000",낙찰,"131,300,000",59.1%,2026-04-08,2026_2Q,0
남부 3계 2025-503,아파트형공장,공장(지식산업센터 업무시설),공장,서울,영등포구,서울 영등포구 영등포동7가 63-18 케이엘케이유-윈시티 8층 803호,"566,000,000","289,792,000",낙찰,"331,345,000",58.5%,2026-04-30,2026_2Q,0
남부 8계 2025-510,차량,기타토지,기타토지,서울,강서구,서울 강서구 마곡동 1045 금화주차장내 보관,"15,000,000","7,680,000",유찰,0,0%,2026-04-15,2026_2Q,0
남부 2계 2025-528,아파트형공장,공장(지식산업센터 업무시설),공장,서울,금천구,서울 금천구 가산동 327-5 지밸리더리브스마트타워 7층 725호,"235,000,000","150,400,000",유찰,0,0%,2026-04-08,2026_2Q,0
남부 3계 2025-530,근린상가,근린상가,근린상가,서울,구로구,서울 구로구 구로동 95,"2,406,572,600","1,540,206,000",낙찰,"1,680,000,000",69.8%,2026-04-30,2026_2Q,0
남부 12계 2025-535(1),오피스텔(상가),근린상가,오피스텔(업무용),서울,구로구,"서울 구로구 오류동 31-280 ,31-294 구로예미지어반코어 지1층 비101호","475,000,000","243,200,000",유찰,0,0%,2026-04-29,2026_2Q,0
남부 12계 2025-535(2),오피스텔(상가),근린상가,오피스텔(업무용),서울,구로구,"서울 구로구 오류동 31-280 ,31-294 구로예미지어반코어 지1층 비102호","475,000,000","243,200,000",유찰,0,0%,2026-04-29,2026_2Q,0
남부 12계 2025-535(3),오피스텔(상가),근린상가,오피스텔(업무용),서울,구로구,"서울 구로구 오류동 31-280 ,31-294 구로예미지어반코어 지1층 비103호","510,000,000","261,120,000",유찰,0,0%,2026-04-29,2026_2Q,0
남부 12계 2025-535(4),오피스텔(상가),근린상가,오피스텔(업무용),서울,구로구,"서울 구로구 오류동 31-280 ,31-294 구로예미지어반코어 1층 101호","397,000,000","203,264,000",유찰,0,0%,2026-04-29,2026_2Q,0
남부 12계 2025-535(5),오피스텔(상가),근린상가,오피스텔(업무용),서울,구로구,"서울 구로구 오류동 31-280 ,31-294 구로예미지어반코어 1층 102호","405,000,000","207,360,000",유찰,0,0%,2026-04-29,2026_2Q,0
남부 12계 2025-535(6),오피스텔(상가),근린상가,오피스텔(업무용),서울,구로구,"서울 구로구 오류동 31-280 ,31-294 구로예미지어반코어 1층 103호","434,000,000","222,208,000",유찰,0,0%,2026-04-29,2026_2Q,0
남부 12계 2025-535(7),오피스텔(상가),근린상가,오피스텔(업무용),서울,구로구,"서울 구로구 오류동 31-280 ,31-294 구로예미지어반코어 1층 104호","320,000,000","163,840,000",유찰,0,0%,2026-04-29,2026_2Q,0
남부 12계 2025-535(8),오피스텔(상가),근린상가,오피스텔(업무용),서울,구로구,"서울 구로구 오류동 31-280 ,31-294 구로예미지어반코어 1층 105호","303,000,000","155,136,000",유찰,0,0%,2026-04-29,2026_2Q,0
남부 12계 2025-535(9),오피스텔(상가),근린상가,오피스텔(업무용),서울,구로구,"서울 구로구 오류동 31-280 ,31-294 구로예미지어반코어 1층 106호","303,000,000","155,136,000",유찰,0,0%,2026-04-29,2026_2Q,0
남부 12계 2025-535(10),오피스텔(상가),근린상가,오피스텔(업무용),서울,구로구,"서울 구로구 오류동 31-280 ,31-294 구로예미지어반코어 1층 107호","303,000,000","155,136,000",유찰,0,0%,2026-04-29,2026_2Q,0
남부 12계 2025-535(11),오피스텔(상가),근린상가,오피스텔(업무용),서울,구로구,"서울 구로구 오류동 31-280 ,31-294 구로예미지어반코어 1층 108호","353,000,000","180,736,000",유찰,0,0%,2026-04-29,2026_2Q,0
남부 12계 2025-535(12),오피스텔(상가),근린상가,오피스텔(업무용),서울,구로구,"서울 구로구 오류동 31-280 ,31-294 구로예미지어반코어 1층 109호","353,000,000","180,736,000",유찰,0,0%,2026-04-29,2026_2Q,0
남부 12계 2025-535(13),오피스텔(상가),근린상가,오피스텔(업무용),서울,구로구,"서울 구로구 오류동 31-280 ,31-294 구로예미지어반코어 1층 110호","353,000,000","180,736,000",유찰,0,0%,2026-04-29,2026_2Q,0
남부 12계 2025-535(14),오피스텔(상가),근린상가,오피스텔(업무용),서울,구로구,"서울 구로구 오류동 31-280 ,31-294 구로예미지어반코어 1층 111호","335,000,000","171,520,000",유찰,0,0%,2026-04-29,2026_2Q,0
남부 12계 2025-535(15),오피스텔(상가),근린상가,오피스텔(업무용),서울,구로구,"서울 구로구 오류동 31-280 ,31-294 구로예미지어반코어 1층 112호","335,000,000","171,520,000",유찰,0,0%,2026-04-29,2026_2Q,0
남부 12계 2025-535(16),오피스텔(상가),근린상가,오피스텔(업무용),서울,구로구,"서울 구로구 오류동 31-280 ,31-294 구로예미지어반코어 1층 113호","335,000,000","171,520,000",유찰,0,0%,2026-04-29,2026_2Q,0
남부 12계 2025-535(19),오피스텔(주거),오피스텔,오피스텔(업무용),서울,구로구,"서울 구로구 오류동 31-280 ,31-294 구로예미지어반코어 14층 1410호","410,000,000","209,920,000",유찰,0,0%,2026-04-29,2026_2Q,0
남부 2계 2025-545,다세대,다세대주택,다세대,서울,강서구,"서울 강서구 화곡동 409-2 ,409-222,409-225 에스엠파크빌 2층 201호","207,000,000","207,000,000",유찰,0,0%,2026-04-08,2026_2Q,0
남부 2계 2025-553,단독주택,단독,단독주택,서울,영등포구,서울 영등포구 신길동 463-27,"493,055,270","493,055,270",취하,0,0%,2026-04-08,2026_2Q,0
남부 8계 2025-556,아파트형공장,공장(지식산업센터 업무시설),공장,서울,금천구,서울 금천구 가산동 319 호서대벤처타워 8층 805호,"1,190,000,000","609,280,000",낙찰,"779,777,000",65.5%,2026-04-15,2026_2Q,0
남부 6계 2025-569,아파트형공장,공장(지식산업센터 업무시설),공장,서울,금천구,"서울 금천구 가산동 345-33 ,614-26 에이스하이엔드타워7 12층 1203호","668,000,000","342,016,000",낙찰,"352,000,000",52.7%,2026-04-14,2026_2Q,0
남부 12계 2025-579(1),아파트형공장,공장(지식산업센터 업무시설),공장,서울,금천구,서울 금천구 가산동 550-7 케이엠타워 5층 506호,"455,000,000","232,960,000",낙찰,"268,670,000",59.0%,2026-04-29,2026_2Q,0
남부 12계 2025-579(2),아파트형공장,공장(지식산업센터 업무시설),공장,서울,금천구,서울 금천구 가산동 550-7 케이엠타워 5층 507호,"401,000,000","205,312,000",유찰,0,0%,2026-04-29,2026_2Q,0
남부 12계 2025-579(3),아파트형공장,공장(지식산업센터 업무시설),공장,서울,금천구,서울 금천구 가산동 550-7 케이엠타워 5층 508호,"401,000,000","205,312,000",유찰,0,0%,2026-04-29,2026_2Q,0
남부 14계 2025-597,오피스텔(주거),오피스텔,오피스텔(업무용),서울,양천구,서울 양천구 목동 916 현대하이페리온 55층 102-5503호,"3,770,000,000","3,770,000,000",변경,0,0%,2026-04-22,2026_2Q,0
남부 9계 2025-617(1),임야,임야,임야,서울,강서구,서울 강서구 등촌동 산48-5,"1,103,445,000","1,103,445,000",변경,0,0%,2026-04-07,2026_2Q,0
남부 9계 2025-617(2),임야,임야,임야,서울,강서구,서울 강서구 등촌동 산48-6,"113,500,000","113,500,000",변경,0,0%,2026-04-07,2026_2Q,0
남부 8계 2025-622,다세대,다세대주택,다세대,서울,강서구,서울 강서구 등촌동 643-69 고센아트빌 5층 502호,"262,850,000","210,280,000",낙찰,"257,650,000",98.0%,2026-04-15,2026_2Q,0
남부 8계 2025-647,아파트,아파트,아파트,서울,강서구,서울 강서구 화곡동 1145 우장산롯데캐슬 205동 2층 202호,"1,230,000,000","1,230,000,000",취하,0,0%,2026-04-15,2026_2Q,0
남부 6계 2025-662,다세대,다세대주택,다세대,서울,강서구,서울 강서구 화곡동 824-9 대선하이빌 2층 203호,"224,000,000","224,000,000",변경,0,0%,2026-04-14,2026_2Q,0
남부 7계 2025-678,아파트,아파트,아파트,서울,영등포구,서울 영등포구 영등포동1가 92-3 여의도이튼브라운 12층 1212호,"330,000,000","264,000,000",낙찰,"279,500,000",84.7%,2026-04-21,2026_2Q,0
남부 5계 2025-685,다세대,다세대주택,다세대,서울,구로구,서울 구로구 오류동 81-16 엘지명품빌라 5층 501호,"238,000,000","238,000,000",변경,0,0%,2026-04-09,2026_2Q,0
남부 3계 2025-713,오피스텔(주거),오피스텔,오피스텔(업무용),서울,영등포구,"서울 영등포구 영등포동2가 256 ,258 라센트라 8층 802호","400,000,000","320,000,000",취하,0,0%,2026-04-30,2026_2Q,0
남부 15계 2025-737,아파트,아파트,아파트,서울,구로구,서울 구로구 개봉동 489 개봉동아이파크 103동 10층 1004호,"815,000,000","815,000,000",취하,0,0%,2026-04-23,2026_2Q,0
남부 13계 2025-4449,다세대,다세대주택,다세대,서울,강서구,서울 강서구 화곡동 333-8 더봄333 6층 601호,"318,250,000","130,355,000",낙찰,"136,100,000",42.8%,2026-04-02,2026_2Q,0
남부 3계 2025-5411,오피스텔(주거),오피스텔,오피스텔(업무용),서울,강서구,서울 강서구 마곡동 793-6 우성르보아 10층 1016호,"144,000,000","73,728,000",낙찰,"86,011,400",59.7%,2026-04-30,2026_2Q,0
남부 3계 2025-5572,다세대,다세대주택,다세대,서울,양천구,서울 양천구 신월동 46-3 유림주택 지하층 1호,"115,000,000","24,117,000",유찰,0,0%,2026-04-30,2026_2Q,0
남부 4계 2025-5633,오피스텔(주거),오피스텔,오피스텔(업무용),서울,강서구,서울 강서구 등촌동 565-5 더자하 4층 401호,"324,000,000","207,360,000",낙찰,"221,000,000",68.2%,2026-04-16,2026_2Q,0
남부 7계 2025-6018,단독주택,단독,단독주택,서울,양천구,서울 양천구 목동 741-15,"1,097,059,320","561,694,000",낙찰,"621,510,000",56.7%,2026-04-21,2026_2Q,0
남부 4계 2025-6544,오피스텔(주거),오피스텔,오피스텔(업무용),서울,강서구,"서울 강서구 화곡동 938-5 ,938-6 웰타운비 3층 303호","294,000,000","188,160,000",낙찰,"188,160,000",64.0%,2026-04-16,2026_2Q,0
남부 13계 2025-6650,다세대,다세대주택,다세대,서울,강서구,서울 강서구 화곡동 369-19 에코하우스 5층 502호,"280,000,000","114,688,000",낙찰,"130,700,000",46.7%,2026-04-02,2026_2Q,0
남부 4계 2025-7004,오피스텔(주거),오피스텔,오피스텔(업무용),서울,강서구,서울 강서구 화곡동 24-42 웨인씨티 7층 702호,"321,000,000","205,440,000",낙찰,"205,440,000",64.0%,2026-04-16,2026_2Q,0
남부 4계 2025-7202,다세대,다세대주택,다세대,서울,구로구,"서울 구로구 궁동 209-24 ,209-26 로렉스 4층 401호","422,000,000","216,064,000",낙찰,"216,516,000",51.3%,2026-04-16,2026_2Q,0
남부 4계 2025-7523,오피스텔(주거),오피스텔,오피스텔(업무용),서울,강서구,서울 강서구 등촌동 565-5 더자하 9층 901호,"348,000,000","222,720,000",낙찰,"222,720,000",64.0%,2026-04-16,2026_2Q,0
남부 4계 2025-7561,다세대,다세대주택,다세대,서울,강서구,서울 강서구 화곡동 848-20 와이앤비 4층 402호,"296,000,000","189,440,000",낙찰,"195,223,840",66.0%,2026-04-16,2026_2Q,0
남부 4계 2025-7820,오피스텔(주거),오피스텔,오피스텔(업무용),서울,강서구,서울 강서구 염창동 246-9 더에스에스타운 5층 503호,"363,000,000","232,320,000",낙찰,"263,200,000",72.5%,2026-04-16,2026_2Q,0
남부 4계 2025-7868,다세대,다세대주택,다세대,서울,양천구,서울 양천구 신월동 109-12 제이케이시그니처 102동 4층 401호,"421,000,000","269,440,000",낙찰,"315,211,120",74.9%,2026-04-16,2026_2Q,0
남부 14계 2025-8021,다세대,다세대주택,다세대,서울,강서구,"서울 강서구 화곡동 774-18 ,774-19 경민아트빌 6층 602호","201,332,000","103,082,000",낙찰,"103,082,000",51.2%,2026-04-22,2026_2Q,0
남부 4계 2025-8083,다세대,다세대주택,다세대,서울,강서구,"서울 강서구 화곡동 452-10 ,452-21 제이팰리스 B동 5층 503호","299,000,000","191,360,000",낙찰,"197,202,460",66.0%,2026-04-16,2026_2Q,0
남부 4계 2025-8090,다세대,다세대주택,다세대,서울,구로구,서울 구로구 개봉동 342-2 대우스위트힐 4층 403호,"338,000,000","216,320,000",낙찰,"230,100,000",68.1%,2026-04-16,2026_2Q,0
남부 6계 2025-8106,다세대,다세대주택,다세대,서울,강서구,"서울 강서구 화곡동 164-5 ,164-28 라움하우징 6층 603호","274,000,000","89,784,000",낙찰,"89,784,000",32.8%,2026-04-14,2026_2Q,0
남부 14계 2025-8182,근린상가,근린상가,근린상가,서울,강서구,서울 강서구 화곡동 354-79 현대블루밍 102동 2층 201호,"233,000,000","119,296,000",유찰,0,0%,2026-04-22,2026_2Q,0
남부 13계 2025-8310,다세대,다세대주택,다세대,서울,강서구,서울 강서구 화곡동 774-20 그레이스빌 2층 203호,"319,000,000","163,328,000",낙찰,"165,365,240",51.8%,2026-04-02,2026_2Q,0
남부 12계 2025-8318(2),아파트형공장,공장(지식산업센터 업무시설),공장,서울,구로구,서울 구로구 구로동 170-5 우림이비지센타 10층 1009호,"921,000,000","377,242,000",낙찰,"412,211,900",44.8%,2026-04-29,2026_2Q,0
남부 4계 2025-8348,다세대,다세대주택,다세대,서울,금천구,"서울 금천구 독산동 962-16 ,962-52 해리움팰리스투 4층 402호","289,000,000","147,968,000",낙찰,"148,365,240",51.3%,2026-04-16,2026_2Q,0
남부 4계 2025-8362,다세대,다세대주택,다세대,서울,강서구,서울 강서구 화곡동 1169 더숨153 102동 6층 604호,"262,000,000","85,852,000",낙찰,"110,830,000",42.3%,2026-04-16,2026_2Q,0
남부 2계 2025-8377,다세대,다세대주택,다세대,서울,구로구,서울 구로구 오류동 27-40 삼원그린빌 5층 502호,"110,000,000","45,056,000",낙찰,"45,056,000",41.0%,2026-04-08,2026_2Q,0
남부 9계 2025-8385,근린주택,근린주택,근린주택,서울,영등포구,서울 영등포구 신길동 1466 푸른주택,"2,167,374,900","2,167,374,900",유찰,0,0%,2026-04-07,2026_2Q,0
남부 16계 2025-8443,아파트,아파트,아파트,서울,강서구,"서울 강서구 화곡동 산172-4 ,382-4 유디코파크리움 102동 8층 801호","140,000,000","57,344,000",낙찰,"66,500,000",47.5%,2026-04-28,2026_2Q,0
남부 14계 2025-8471,다세대,다세대주택,다세대,서울,양천구,서울 양천구 신정동 955-26 건향파크빌7차A 5층 501호,"374,950,000","191,974,000",낙찰,"200,000,000",53.3%,2026-04-22,2026_2Q,0
남부 4계 2025-8479,다세대,다세대주택,다세대,서울,구로구,"서울 구로구 개봉동 308-15 ,308-25 다솜그랑빌 2층 203호","290,000,000","185,600,000",낙찰,"187,700,000",64.7%,2026-04-16,2026_2Q,0
남부 13계 2025-8480,다세대,다세대주택,다세대,서울,강서구,서울 강서구 화곡동 1016-27 수정빌라 4층 402호,"206,000,000","105,472,000",낙찰,"119,123,000",57.8%,2026-04-02,2026_2Q,0
남부 13계 2025-8531,다세대,다세대주택,다세대,서울,강서구,서울 강서구 화곡동 994-6 소담밸리 5층 502호,"279,000,000","114,278,000",낙찰,"150,780,000",54.0%,2026-04-02,2026_2Q,0
남부 13계 2025-8548,다세대,다세대주택,다세대,서울,강서구,서울 강서구 화곡동 410-3 삼성빌라트 B동 지층 비01호,"129,000,000","52,838,000",낙찰,"67,338,000",52.2%,2026-04-02,2026_2Q,0
남부 4계 2025-8559,오피스텔(주거),오피스텔,오피스텔(업무용),서울,강서구,서울 강서구 화곡동 916-7 혜성 8층 804호,"211,000,000","135,040,000",낙찰,"135,040,000",64.0%,2026-04-16,2026_2Q,0
남부 4계 2025-8565,오피스텔(주거),오피스텔,오피스텔(업무용),서울,강서구,"서울 강서구 화곡동 903-11 ,903-12 케이엠파크빌 7층 704호","265,000,000","169,600,000",낙찰,"169,600,000",64.0%,2026-04-16,2026_2Q,0
남부 16계 2025-8580,다세대,다세대주택,다세대,서울,강서구,서울 강서구 화곡동 1169 더숨153 105동 6층 603호,"258,000,000","105,677,000",낙찰,"122,300,000",47.4%,2026-04-28,2026_2Q,0
남부 13계 2025-8583,다세대,다세대주택,다세대,서울,강서구,"서울 강서구 화곡동 359-27 ,359-111 시그니엘 5층 502호","353,000,000","144,589,000",낙찰,"202,320,000",57.3%,2026-04-02,2026_2Q,0
남부 16계 2025-8585,다세대,다세대주택,다세대,서울,강서구,"서울 강서구 화곡동 452-10 ,452-21 제이팰리스 B동 2층 201호","292,000,000","186,880,000",낙찰,"192,585,680",66.0%,2026-04-28,2026_2Q,0
남부 8계 2025-8638,다세대,다세대주택,다세대,서울,강서구,서울 강서구 방화동 479-2 예담리치빌 5층 502호,"270,185,000","172,918,000",낙찰,"205,000,000",75.9%,2026-04-15,2026_2Q,0
남부 4계 2025-8723,다세대,다세대주택,다세대,서울,강서구,"서울 강서구 화곡동 366-57 ,366-86 동선벨리체 4층 402호","333,000,000","213,120,000",낙찰,"219,626,820",66.0%,2026-04-16,2026_2Q,0
남부 12계 2025-8728,오피스텔,오피스텔,오피스텔(업무용),서울,구로구,서울 구로구 구로동 44-8 비즈트위트오렌지 9층 921호,"122,000,000","97,600,000",낙찰,"113,350,000",92.9%,2026-04-29,2026_2Q,0
남부 4계 2025-8730,다세대,다세대주택,다세대,서울,강서구,서울 강서구 화곡동 410-41 르네빌 3층 302호,"255,000,000","130,560,000",낙찰,"146,880,000",57.6%,2026-04-16,2026_2Q,0
남부 9계 2025-8735,다세대,다세대주택,다세대,서울,강서구,"서울 강서구 화곡동 376-9 ,376-35 동선벨리체 2층 204호","288,000,000","230,400,000",낙찰,"260,000,000",90.3%,2026-04-07,2026_2Q,0
남부 14계 2025-8789,대지,나대지,나대지,서울,영등포구,서울 영등포구 도림동 247-37,"530,400,000","271,565,000",낙찰,"282,200,000",53.2%,2026-04-22,2026_2Q,0
남부 16계 2025-8803,다세대,다세대주택,다세대,서울,강서구,서울 강서구 화곡동 56-96 영산빌라 1층 101호,"241,300,000","123,546,000",낙찰,"136,702,000",56.7%,2026-04-28,2026_2Q,0
남부 2계 2025-8834,아파트형공장,공장(지식산업센터 업무시설),공장,서울,강서구,서울 강서구 가양동 1498 강서한강자이타워 6층 비613호,"623,000,000","498,400,000",유찰,0,0%,2026-04-08,2026_2Q,0
남부 9계 2025-8841,다세대,다세대주택,다세대,서울,강서구,서울 강서구 화곡동 410-263 더존퍼스트 5층 502호,"155,000,000","124,000,000",낙찰,"154,055,000",99.4%,2026-04-07,2026_2Q,0
남부 2계 2025-8863,오피스텔(주거),오피스텔,오피스텔(업무용),서울,영등포구,서울 영등포구 당산동5가 9-2 당산삼성쉐르빌 13층 1305호,"217,000,000","173,600,000",낙찰,"213,465,000",98.4%,2026-04-08,2026_2Q,0
남부 4계 2025-8871,다세대,다세대주택,다세대,서울,양천구,서울 양천구 목동 548-5 더한울 5층 502호,"265,000,000","212,000,000",낙찰,"231,200,000",87.2%,2026-04-16,2026_2Q,0
남부 12계 2025-8888,점포,근린상가,점포상가,서울,금천구,서울 금천구 가산동 4-22,"2,223,572,350","1,138,469,000",낙찰,"1,300,800,000",58.5%,2026-04-29,2026_2Q,0
남부 13계 2025-8903,다세대,다세대주택,다세대,서울,양천구,서울 양천구 목동 785-2 형지그레이스 C동 2층 302호,"338,000,000","270,400,000",낙찰,"275,858,585",81.6%,2026-04-02,2026_2Q,0
남부 4계 2025-8907,다세대,다세대주택,다세대,서울,강서구,서울 강서구 화곡동 1169 더숨153 102동 3층 301호,"244,000,000","99,942,000",낙찰,"115,000,000",47.1%,2026-04-16,2026_2Q,0
남부 13계 2025-8920,다세대,다세대주택,다세대,서울,양천구,"서울 양천구 신월동 478-21 ,478-28,478-29 유엘리 101동 2층 201호","218,000,000","89,293,000",낙찰,"147,000,000",67.4%,2026-04-02,2026_2Q,0
남부 14계 2025-8950,아파트,아파트,아파트,서울,강서구,서울 강서구 방화동 814 방화5단지 505동 2층 213호,"442,000,000","353,600,000",낙찰,"464,288,888",105.0%,2026-04-22,2026_2Q,0
남부 15계 2025-8951,아파트,아파트,아파트,서울,구로구,"서울 구로구 구로동 642-33 ,642-96,642-97 현대의보 17층 1707호","569,000,000","364,160,000",낙찰,"476,300,000",83.7%,2026-04-23,2026_2Q,0
남부 13계 2025-8958,다세대,다세대주택,다세대,서울,구로구,"서울 구로구 궁동 209-24 ,209-26 로렉스 4층 402호","443,000,000","226,816,000",낙찰,"238,888,008",53.9%,2026-04-02,2026_2Q,0
남부 13계 2025-8979,다세대,다세대주택,다세대,서울,강서구,서울 강서구 화곡동 163-5 이안하우스 1동 2층 202호,"300,000,000","122,880,000",낙찰,"161,990,000",54.0%,2026-04-02,2026_2Q,0
남부 4계 2025-8989,다세대,다세대주택,다세대,서울,강서구,서울 강서구 화곡동 1169 더숨153 102동 2층 201호,"244,000,000","99,942,000",낙찰,"103,652,400",42.5%,2026-04-16,2026_2Q,0
남부 16계 2025-9009,오피스텔(주거),오피스텔,오피스텔(업무용),서울,강서구,"서울 강서구 화곡동 938-5 ,938-6 웰타운B 9층 903호","298,000,000","152,576,000",낙찰,"186,715,774",62.7%,2026-04-28,2026_2Q,0
남부 13계 2025-9013,오피스텔(주거),오피스텔,오피스텔(업무용),서울,영등포구,서울 영등포구 영등포동7가 29-43 리치하임 7층 704호,"234,000,000","149,760,000",낙찰,"154,999,999",66.2%,2026-04-02,2026_2Q,0
남부 16계 2025-9058,다세대,다세대주택,다세대,서울,구로구,"서울 구로구 궁동 209-24 ,209-26 로렉스 3층 301호","328,000,000","134,349,000",낙찰,"171,300,000",52.2%,2026-04-28,2026_2Q,0
남부 10계 2025-9062,숙박시설,숙박시설,숙박시설,서울,영등포구,서울 영등포구 양평동1가 9-28 노바루스 관광호텔,"5,360,991,200","5,360,991,200",변경,0,0%,2026-04-01,2026_2Q,0
남부 4계 2025-9101,다세대,다세대주택,다세대,서울,구로구,서울 구로구 개봉동 279-21 다원리치빌5차 4층 403호,"265,900,000","108,913,000",낙찰,"161,230,000",60.6%,2026-04-16,2026_2Q,0
남부 8계 2025-9107,아파트,아파트,아파트,서울,강서구,서울 강서구 등촌동 637-15 예지펠리스 7층 702호,"557,000,000","557,000,000",정지,0,0%,2026-04-15,2026_2Q,0
남부 16계 2025-9120,다세대,다세대주택,다세대,서울,강서구,"서울 강서구 방화동 645-32 ,645-33 제이스빌 6층 603호","284,000,000","145,408,000",낙찰,"171,220,000",60.3%,2026-04-28,2026_2Q,0
남부 4계 2025-9122,다세대,다세대주택,다세대,서울,강서구,서울 강서구 화곡동 410-31 미소지움 3층 301호,"279,000,000","114,278,000",낙찰,"141,799,000",50.8%,2026-04-16,2026_2Q,0
남부 13계 2025-9125,주상복합(주거),기타토지,기타토지,서울,강서구,"서울 강서구 화곡동 900-28 ,900-29 에스타워 8층 802호","208,000,000","133,120,000",낙찰,"167,008,300",80.3%,2026-04-02,2026_2Q,0
남부 14계 2025-9140,아파트,아파트,아파트,서울,양천구,서울 양천구 신정동 1218-1 일진아이윌 101동 6층 601호,"991,000,000","634,240,000",낙찰,"634,597,200",64.0%,2026-04-22,2026_2Q,0
남부 4계 2025-9158,오피스텔(주거),오피스텔,오피스텔(업무용),서울,강서구,서울 강서구 화곡동 981-3 엠제이타운 6층 603호,"260,000,000","166,400,000",낙찰,"176,380,000",67.8%,2026-04-16,2026_2Q,0
남부 4계 2025-9159,오피스텔(주거),오피스텔,오피스텔(업무용),서울,강서구,"서울 강서구 화곡동 938-9 ,938-10 늘예솔하우스 4층 404호","294,000,000","188,160,000",낙찰,"188,160,000",64.0%,2026-04-16,2026_2Q,0
남부 13계 2025-9178,다세대,다세대주택,다세대,서울,금천구,서울 금천구 독산동 163-9 공간프러스비 5층 502호,"288,000,000","147,456,000",낙찰,"173,625,230",60.3%,2026-04-02,2026_2Q,0
남부 13계 2025-9179,오피스텔(주거),오피스텔,오피스텔(업무용),서울,영등포구,"서울 영등포구 영등포동5가 82-1 ,83,85,86 리첸스타 5층 504호","218,000,000","139,520,000",낙찰,"146,999,000",67.4%,2026-04-02,2026_2Q,0
남부 15계 2025-9187,다세대,다세대주택,다세대,서울,강서구,서울 강서구 등촌동 365-139 성화빌라 2층 가호,"173,000,000","110,720,000",낙찰,"114,220,000",66.0%,2026-04-23,2026_2Q,0
남부 13계 2025-9191,다세대,다세대주택,다세대,서울,강서구,"서울 강서구 화곡동 367-51 ,367-52 골든빌 7층 701호","280,000,000","143,360,000",낙찰,"160,440,000",57.3%,2026-04-02,2026_2Q,0
남부 6계 2025-9204,아파트,아파트,아파트,서울,영등포구,"서울 영등포구 신길동 4947 ,4950 래미안에스티움 118동 9층 901호","909,000,000","909,000,000",취하,0,0%,2026-04-10,2026_2Q,0
남부 9계 2025-9207,다세대,다세대주택,다세대,서울,강서구,서울 강서구 화곡동 166-22 한빛스카이빌 2층 202호,"146,000,000","116,800,000",낙찰,"143,990,000",98.6%,2026-04-07,2026_2Q,0
남부 4계 2025-9219,다세대,다세대주택,다세대,서울,강서구,"서울 강서구 방화동 645-37 ,645-38 다온아르떼 4층 403호","293,000,000","120,013,000",낙찰,"156,300,000",53.3%,2026-04-16,2026_2Q,0
남부 13계 2025-9246,다세대,다세대주택,다세대,서울,양천구,"서울 양천구 신월동 72-2 ,72-3 라온미브빌 2층 202호","237,000,000","121,344,000",낙찰,"166,599,000",70.3%,2026-04-02,2026_2Q,0
남부 4계 2025-9257,오피스텔(주거),오피스텔,오피스텔(업무용),서울,강서구,서울 강서구 화곡동 981-5 넥시티 2층 204호,"279,000,000","178,560,000",낙찰,"178,560,000",64.0%,2026-04-16,2026_2Q,0
남부 4계 2025-9258,오피스텔(주거),오피스텔,오피스텔(업무용),서울,강서구,"서울 강서구 화곡동 938-7 ,938-8 웰타운에이 5층 503호","266,000,000","170,240,000",낙찰,"170,240,000",64.0%,2026-04-16,2026_2Q,0
남부 16계 2025-9293,오피스텔(주거),오피스텔,오피스텔(업무용),서울,강서구,"서울 강서구 화곡동 935-2 ,935-3,935-6,935-7 제이투리더스뷰 10층 1005호","378,000,000","193,536,000",낙찰,"236,840,814",62.7%,2026-04-28,2026_2Q,0
남부 16계 2025-9309,다세대,다세대주택,다세대,서울,강서구,"서울 강서구 화곡동 504-132 ,504-157 금호에스티지 3층 303호","240,000,000","122,880,000",낙찰,"143,283,360",59.7%,2026-04-28,2026_2Q,0
남부 16계 2025-9315,다세대,다세대주택,다세대,서울,강서구,"서울 강서구 화곡동 368-14 ,368-39 제이이하우스 2층 205호","317,000,000","162,304,000",낙찰,"182,592,000",57.6%,2026-04-28,2026_2Q,0
남부 3계 2025-9326,다세대,다세대주택,다세대,서울,구로구,"서울 구로구 개봉동 318-12 ,318-30 토브하우스 3층 301호","214,000,000","171,200,000",낙찰,"183,730,000",85.9%,2026-04-30,2026_2Q,0
남부 4계 2025-9341,다세대,다세대주택,다세대,서울,구로구,"서울 구로구 개봉동 286-3 ,286-6 삼원아이빌에이 4층 401호","274,000,000","112,230,000",낙찰,"139,750,000",51.0%,2026-04-16,2026_2Q,0
남부 16계 2025-9352,다세대,다세대주택,다세대,서울,강서구,"서울 강서구 화곡동 808-4 ,808-24 더뉴리빙 4층 402호","232,000,000","118,784,000",낙찰,"134,400,000",57.9%,2026-04-28,2026_2Q,0
남부 16계 2025-9353,다세대,다세대주택,다세대,서울,강서구,"서울 강서구 화곡동 368-23 ,368-24 경민아트빌 3층 304호","248,000,000","126,976,000",낙찰,"138,900,000",56.0%,2026-04-28,2026_2Q,0
남부 5계 2025-9367,다세대,다세대주택,다세대,서울,강서구,"서울 강서구 화곡동 354-23 ,354-135 벨라하우스 3층 304호","235,000,000","150,400,000",낙찰,"168,680,000",71.8%,2026-04-09,2026_2Q,0
남부 16계 2025-9371,다세대,다세대주택,다세대,서울,강서구,서울 강서구 방화동 319-3 제이투리더스 3층 301호,"260,000,000","133,120,000",낙찰,"149,760,000",57.6%,2026-04-28,2026_2Q,0
남부 16계 2025-9372,다세대,다세대주택,다세대,서울,강서구,"서울 강서구 화곡동 367-1 ,367-2,367-8,367-116,367-117,367-162 파크아리온 102동 10층 1004호","340,000,000","174,080,000",낙찰,"195,840,000",57.6%,2026-04-28,2026_2Q,0
남부 16계 2025-9376,다세대,다세대주택,다세대,서울,강서구,서울 강서구 화곡동 346-117 으뜸캐슬2차 3층 302호,"349,000,000","178,688,000",낙찰,"201,024,000",57.6%,2026-04-28,2026_2Q,0
남부 4계 2025-9390,오피스텔(주거),오피스텔,오피스텔(업무용),서울,강서구,서울 강서구 화곡동 981-3 엠제이타운 9층 902호,"242,000,000","154,880,000",낙찰,"160,317,000",66.2%,2026-04-16,2026_2Q,0
남부 4계 2025-9392,오피스텔(주거),오피스텔,오피스텔(업무용),서울,구로구,"서울 구로구 구로동 109-1 ,109-2 태형팰리스 101동 4층 403호","316,000,000","202,240,000",낙찰,"224,765,744",71.1%,2026-04-16,2026_2Q,0
남부 4계 2025-9396,오피스텔(주거),오피스텔,오피스텔(업무용),서울,구로구,"서울 구로구 구로동 109-1 ,109-2 태형팰리스 102동 2층 202호","318,000,000","203,520,000",낙찰,"226,188,312",71.1%,2026-04-16,2026_2Q,0
남부 16계 2025-9409,오피스텔(주거),오피스텔,오피스텔(업무용),서울,금천구,"서울 금천구 독산동 962-26 ,962-27 엘린하우스 3층 303호","329,000,000","168,448,000",낙찰,"205,760,000",62.5%,2026-04-28,2026_2Q,0
남부 13계 2025-9432,다세대,다세대주택,다세대,서울,금천구,서울 금천구 독산동 378-39 비전힐 3층 303호,"264,000,000","211,200,000",낙찰,"231,055,900",87.5%,2026-04-02,2026_2Q,0
남부 16계 2025-9434,다세대,다세대주택,다세대,서울,강서구,서울 강서구 화곡동 1169 더숨153 105동 5층 506호,"255,000,000","130,560,000",낙찰,"146,880,000",57.6%,2026-04-28,2026_2Q,0
남부 16계 2025-9435,다세대,다세대주택,다세대,서울,강서구,서울 강서구 화곡동 1169 더숨153 102동 6층 603호,"262,000,000","134,144,000",유찰,0,0%,2026-04-28,2026_2Q,0
남부 16계 2025-9439,오피스텔(주거),오피스텔,오피스텔(업무용),서울,강서구,서울 강서구 화곡동 24-150 더베네치아스위트 6층 603호,"320,000,000","163,840,000",낙찰,"200,500,160",62.7%,2026-04-28,2026_2Q,0
남부 4계 2025-9460,다세대,다세대주택,다세대,서울,구로구,"서울 구로구 개봉동 272-2 ,273-6 다원리치빌3차 4층 402호","269,000,000","110,182,000",낙찰,"141,300,000",52.5%,2026-04-16,2026_2Q,0
남부 13계 2025-9465,오피스텔(주거),오피스텔,오피스텔(업무용),서울,금천구,"서울 금천구 독산동 962-42 ,962-43 더뷰 11층 1103호","277,000,000","177,280,000",낙찰,"181,755,000",65.6%,2026-04-02,2026_2Q,0
남부 16계 2025-9496,다세대,다세대주택,다세대,서울,강서구,"서울 강서구 화곡동 368-23 ,368-24 경민아트빌 3층 301호","248,000,000","126,976,000",낙찰,"166,790,000",67.3%,2026-04-28,2026_2Q,0
남부 13계 2025-9508,다세대,다세대주택,다세대,서울,강서구,"서울 강서구 화곡동 370-30 ,370-91 KC하우징 6층 602호","305,000,000","156,160,000",낙찰,"173,500,000",56.9%,2026-04-02,2026_2Q,0
남부 4계 2025-9511,오피스텔(주거),오피스텔,오피스텔(업무용),서울,영등포구,"서울 영등포구 당산동 121-163 ,121-214,영등포동7가 94-34 신현빌5차 7층 704호","250,000,000","160,000,000",낙찰,"177,821,000",71.1%,2026-04-16,2026_2Q,0
남부 16계 2025-9525,오피스텔(주거),오피스텔,오피스텔(업무용),서울,금천구,서울 금천구 독산동 303-4 미림에이클래스 101동 12층 1203호,"306,000,000","156,672,000",낙찰,"193,280,000",63.2%,2026-04-28,2026_2Q,0
남부 13계 2025-9534,다세대,다세대주택,다세대,서울,양천구,"서울 양천구 신월동 151-9 ,151-10 신영리치빌 5층 501호","175,000,000","89,600,000",낙찰,"112,199,990",64.1%,2026-04-02,2026_2Q,0
남부 14계 2025-9545,다세대,다세대주택,다세대,서울,강서구,서울 강서구 화곡동 46-221 아인스빌 2층 201호,"179,000,000","114,560,000",기각,0,0%,2026-04-22,2026_2Q,0
남부 14계 2025-9546(1),오피스텔(주거),오피스텔,오피스텔(업무용),서울,금천구,서울 금천구 가산동 776 가산대명벨리온 4층 414호,"122,000,000","78,080,000",낙찰,"90,000,000",73.8%,2026-04-22,2026_2Q,0
남부 14계 2025-9546(3),오피스텔(주거),오피스텔,오피스텔(업무용),서울,금천구,서울 금천구 가산동 776 가산대명벨리온 16층 1605호,"122,000,000","78,080,000",낙찰,"90,068,000",73.8%,2026-04-22,2026_2Q,0
남부 14계 2025-9546(4),오피스텔,오피스텔,오피스텔(업무용),서울,금천구,서울 금천구 가산동 776 가산대명벨리온 16층 1637호,"122,000,000","78,080,000",낙찰,"90,010,000",73.8%,2026-04-22,2026_2Q,0
남부 10계 2025-9568(1),다세대,다세대주택,다세대,서울,강서구,서울 강서구 내발산동 717-23 시원아트빌 1층 101호,"313,000,000","200,320,000",낙찰,"261,668,000",83.6%,2026-04-01,2026_2Q,0
남부 7계 2025-9588,근린상가,근린상가,근린상가,서울,강서구,서울 강서구 마곡동 797-10 엠팰리체 2층 201호,"1,740,000,000","1,113,600,000",기각,0,0%,2026-04-21,2026_2Q,0
남부 16계 2025-9593,오피스텔(주거),오피스텔,오피스텔(업무용),서울,강서구,"서울 강서구 방화동 613-2 ,613-17 마곡그랑시엘 7층 702호","279,000,000","142,848,000",낙찰,"174,811,077",62.7%,2026-04-28,2026_2Q,0
남부 16계 2025-9595,오피스텔(주거),오피스텔,오피스텔(업무용),서울,강서구,"서울 강서구 화곡동 925-15 ,925-16,925-28,925-29 리치아파트 105동 7층 705호","235,000,000","120,320,000",낙찰,"147,242,305",62.7%,2026-04-28,2026_2Q,0
남부 14계 2025-9601,주상복합(주거),기타토지,기타토지,서울,양천구,서울 양천구 신정동 1007-11 이스타팰리스 4층 402호,"1,193,000,000","954,400,000",낙찰,"971,000,000",81.4%,2026-04-22,2026_2Q,0
남부 13계 2025-9606,다세대,다세대주택,다세대,서울,금천구,"서울 금천구 시흥동 3-51 ,3-192 모아빌 3층 302호","221,000,000","113,152,000",낙찰,"138,900,000",62.9%,2026-04-02,2026_2Q,0
남부 13계 2025-9607,다세대,다세대주택,다세대,서울,강서구,서울 강서구 공항동 661 AIM하우스 4층 402호,"341,000,000","174,592,000",낙찰,"274,200,000",80.4%,2026-04-02,2026_2Q,0
남부 16계 2025-9608,오피스텔(주거),오피스텔,오피스텔(업무용),서울,금천구,서울 금천구 독산동 303-4 미림에이클래스 102동 12층 1204호,"295,000,000","151,040,000",낙찰,"151,753,000",51.4%,2026-04-28,2026_2Q,0
남부 16계 2025-9613,다세대,다세대주택,다세대,서울,강서구,서울 강서구 염창동 246-9 더에스에스타운 10층 1002호,"516,000,000","264,192,000",낙찰,"288,888,000",56.0%,2026-04-28,2026_2Q,0
남부 13계 2025-9646,다세대,다세대주택,다세대,서울,금천구,"서울 금천구 시흥동 814-52 ,814-58 금강파크빌 5층 501호","251,000,000","200,800,000",낙찰,"210,005,000",83.7%,2026-04-02,2026_2Q,0
남부 16계 2025-9651,다세대,다세대주택,다세대,서울,양천구,"서울 양천구 신정동 998-10 ,998-17 4층 403호","277,000,000","221,600,000",낙찰,"254,800,000",92.0%,2026-04-28,2026_2Q,0
남부 13계 2025-9658,다세대,다세대주택,다세대,서울,금천구,"서울 금천구 독산동 883-11 ,883-12 지에스프라임 3층 303호","277,000,000","221,600,000",낙찰,"236,524,000",85.4%,2026-04-02,2026_2Q,0
남부 6계 2025-9661,다세대,다세대주택,다세대,서울,구로구,"서울 구로구 개봉동 271-35 ,271-36 다원리치빌 4층 402호","292,000,000","233,600,000",낙찰,"286,000,000",97.9%,2026-04-14,2026_2Q,0
남부 9계 2025-9668,다세대,다세대주택,다세대,서울,강서구,서울 강서구 화곡동 29-219 4층 401호,"161,000,000","128,800,000",낙찰,"154,715,000",96.1%,2026-04-07,2026_2Q,0
남부 12계 2025-9671,오피스텔(주거),오피스텔,오피스텔(업무용),서울,강서구,서울 강서구 등촌동 656-52 강서메트로칸 15층 1501호,"116,000,000","59,392,000",낙찰,"59,392,000",51.2%,2026-04-29,2026_2Q,0
남부 14계 2025-9672,다세대,다세대주택,다세대,서울,구로구,"서울 구로구 개봉동 271-35 ,271-36 다원리치빌 3층 301호","234,000,000","187,200,000",낙찰,"218,000,000",93.2%,2026-04-22,2026_2Q,0
남부 16계 2025-9675,다세대,다세대주택,다세대,서울,강서구,"서울 강서구 화곡동 1115-34 ,1115-38 까사지오 5층 501호","279,000,000","142,848,000",낙찰,"146,470,000",52.5%,2026-04-28,2026_2Q,0
남부 4계 2025-9678,다세대,다세대주택,다세대,서울,강서구,"서울 강서구 화곡동 822-14 ,822-15 위드캐슬 5층 504호","250,000,000","128,000,000",낙찰,"166,888,000",66.8%,2026-04-16,2026_2Q,0
남부 3계 2025-9680,다세대,다세대주택,다세대,서울,금천구,"서울 금천구 독산동 972-32 ,972-55 블루972 4층 401호","292,000,000","233,600,000",낙찰,"282,600,000",96.8%,2026-04-30,2026_2Q,0
남부 16계 2025-9683,오피스텔(주거),오피스텔,오피스텔(업무용),서울,금천구,서울 금천구 가산동 237-8 킹캐슬2차 9층 906호,"236,000,000","120,832,000",낙찰,"137,250,000",58.2%,2026-04-28,2026_2Q,0
남부 14계 2025-9704,아파트,아파트,아파트,서울,영등포구,서울 영등포구 신길동 4938 신길자이 102동 11층 1103호,"1,100,000,000","880,000,000",낙찰,"1,200,000,000",109.1%,2026-04-22,2026_2Q,0
남부 16계 2025-9707,오피스텔(주거),오피스텔,오피스텔(업무용),서울,강서구,"서울 강서구 화곡동 372-73 ,372-74,372-100 케이씨타운 3층 304호","337,000,000","172,544,000",낙찰,"211,151,731",62.7%,2026-04-28,2026_2Q,0
남부 13계 2025-9713,오피스텔(주거),오피스텔,오피스텔(업무용),서울,강서구,"서울 강서구 화곡동 367-1 ,367-2,367-8,367-116,367-117,367-162 파크아리온 102동 7층 702호","332,000,000","169,984,000",낙찰,"185,257,000",55.8%,2026-04-02,2026_2Q,0
남부 16계 2025-9714,오피스텔(주거),오피스텔,오피스텔(업무용),서울,강서구,"서울 강서구 화곡동 367-1 ,367-2,367-8,367-116,367-117,367-162 파크아리온 102동 5층 501호","291,000,000","148,992,000",낙찰,"151,453,000",52.0%,2026-04-28,2026_2Q,0
남부 13계 2025-9717,다세대,다세대주택,다세대,서울,구로구,서울 구로구 개봉동 357-8 로얄파크뷰 3층 302호,"298,000,000","152,576,000",낙찰,"178,790,000",60.0%,2026-04-02,2026_2Q,0
남부 16계 2025-9718,다세대,다세대주택,다세대,서울,금천구,서울 금천구 독산동 1006-124 더시크릿독산 6층 603호,"176,000,000","90,112,000",낙찰,"90,112,400",51.2%,2026-04-28,2026_2Q,0
남부 12계 2025-9725,근린상가,근린상가,근린상가,서울,영등포구,"서울 영등포구 신길동 355-128 ,355-710 빌라드제이앤에스01 1층 101호","342,000,000","175,104,000",낙찰,"191,100,000",55.9%,2026-04-29,2026_2Q,0
남부 15계 2025-9727,다세대,다세대주택,다세대,서울,양천구,서울 양천구 신월동 512-19 휴사이드빌 6층 603호,"181,000,000","115,840,000",기각,0,0%,2026-04-23,2026_2Q,0
남부 13계 2025-9733,아파트,아파트,아파트,서울,강서구,서울 강서구 방화동 898 경동팰리스힐 5층 501호,"102,000,000","52,224,000",낙찰,"67,550,000",66.2%,2026-04-02,2026_2Q,0
남부 13계 2025-9744,다세대,다세대주택,다세대,서울,금천구,"서울 금천구 독산동 378-404 ,378-405 신영팰리스 4층 402호","211,000,000","168,800,000",낙찰,"206,000,000",97.6%,2026-04-02,2026_2Q,0
남부 8계 2025-9755,다세대,다세대주택,다세대,서울,강서구,"서울 강서구 방화동 249-303 ,249-306 다안빌라트 3층 304호","343,000,000","219,520,000",낙찰,"220,000,000",64.1%,2026-04-15,2026_2Q,0
남부 16계 2025-9763,오피스텔(주거),오피스텔,오피스텔(업무용),서울,강서구,서울 강서구 화곡동 918-1 아줄리움 12층 1202호,"322,000,000","164,864,000",낙찰,"201,753,286",62.7%,2026-04-28,2026_2Q,0
남부 16계 2025-9771,오피스텔(주거),오피스텔,오피스텔(업무용),서울,금천구,서울 금천구 독산동 303-4 미림에이클래스 101동 6층 601호,"262,000,000","134,144,000",낙찰,"150,912,000",57.6%,2026-04-28,2026_2Q,0
남부 6계 2025-9776,다세대,다세대주택,다세대,서울,양천구,서울 양천구 신월동 526-14 트라움하우스 5층 502호,"170,000,000","136,000,000",낙찰,"162,500,000",95.6%,2026-04-14,2026_2Q,0
남부 9계 2025-9809,다세대,다세대주택,다세대,서울,구로구,서울 구로구 고척동 48-10 남양캐슬 3층 302호,"241,000,000","192,800,000",낙찰,"238,605,000",99.0%,2026-04-07,2026_2Q,0
남부 4계 2025-9817,다세대,다세대주택,다세대,서울,구로구,서울 구로구 가리봉동 2-172 그린파크 4층 404호,"291,000,000","232,800,000",낙찰,"250,100,000",85.9%,2026-04-16,2026_2Q,0
남부 13계 2025-9818,다세대,다세대주택,다세대,서울,금천구,"서울 금천구 독산동 1051-11 ,1051-12,1051-13,1051-14 문정빌 1동 4층 402호","384,000,000","307,200,000",낙찰,"385,390,039",100.4%,2026-04-02,2026_2Q,0
남부 4계 2025-9825,오피스텔(주거),오피스텔,오피스텔(업무용),서울,양천구,"서울 양천구 신월동 131-2 ,131-3 그라비스 101동 2층 204호","244,000,000","156,160,000",낙찰,"170,011,392",69.7%,2026-04-16,2026_2Q,0
남부 16계 2025-9831,오피스텔(주거),오피스텔,오피스텔(업무용),서울,강서구,서울 강서구 화곡동 918-1 아줄리움 12층 1203호,"340,000,000","217,600,000",낙찰,"217,600,000",64.0%,2026-04-28,2026_2Q,0
남부 16계 2025-9853,다세대,다세대주택,다세대,서울,강서구,"서울 강서구 화곡동 393-10 ,393-11 포르테하임 3층 301호","342,000,000","175,104,000",낙찰,"219,900,000",64.3%,2026-04-28,2026_2Q,0
남부 4계 2025-9855,다세대,다세대주택,다세대,서울,금천구,"서울 금천구 독산동 883-11 ,883-12 지에스프라임 2층 201호","350,000,000","280,000,000",낙찰,"323,300,000",92.4%,2026-04-16,2026_2Q,0
남부 16계 2025-9857,다세대,다세대주택,다세대,서울,강서구,서울 강서구 화곡동 379-75 공원하이츠빌 5층 501호,"256,000,000","163,840,000",낙찰,"164,000,000",64.1%,2026-04-28,2026_2Q,0
남부 9계 2025-9861,오피스텔(주거),오피스텔,오피스텔(업무용),서울,금천구,서울 금천구 시흥동 998-12 지엠씨타워 11층 1103호,"132,000,000","105,600,000",낙찰,"130,000,000",98.5%,2026-04-07,2026_2Q,0
남부 16계 2025-9864,다세대,다세대주택,다세대,서울,강서구,서울 강서구 화곡동 805-36 프라임캐슬 B동 5층 504호,"262,000,000","134,144,000",낙찰,"156,666,000",59.8%,2026-04-28,2026_2Q,0
남부 14계 2025-9876,다세대,다세대주택,다세대,서울,금천구,"서울 금천구 시흥동 169-45 ,169-46 프라우드빌 4층 402호","312,000,000","249,600,000",낙찰,"260,000,000",83.3%,2026-04-22,2026_2Q,0
남부 16계 2025-9882,다세대,다세대주택,다세대,서울,강서구,서울 강서구 화곡동 73-68 제이엠팰리스 3층 303호,"292,000,000","149,504,000",낙찰,"153,652,400",52.6%,2026-04-28,2026_2Q,0
남부 4계 2025-9893,다세대,다세대주택,다세대,서울,금천구,"서울 금천구 독산동 378-171 ,378-172 한신에이스빌 A동 3층 301호","252,000,000","201,600,000",낙찰,"236,110,000",93.7%,2026-04-16,2026_2Q,0
남부 16계 2025-9927,오피스텔(주거),오피스텔,오피스텔(업무용),서울,강서구,서울 강서구 화곡동 24-144 서경홈타운 5층 505호,"229,000,000","117,248,000",낙찰,"143,482,927",62.7%,2026-04-28,2026_2Q,0
남부 10계 2025-9948,아파트,아파트,아파트,서울,구로구,서울 구로구 구로동 106-2 대림역포스큐 15층 1512호,"142,000,000","113,600,000",낙찰,"114,140,000",80.4%,2026-04-01,2026_2Q,0
남부 16계 2025-9949,다세대,다세대주택,다세대,서울,강서구,서울 강서구 화곡동 73-68 제이엠팰리스 1층 103호,"298,000,000","152,576,000",낙찰,"171,648,000",57.6%,2026-04-28,2026_2Q,0
남부 4계 2025-9952,다세대,다세대주택,다세대,서울,강서구,서울 강서구 화곡동 73-68 제이엠팰리스 5층 502호,"298,000,000","152,576,000",낙찰,"159,860,000",53.6%,2026-04-16,2026_2Q,0
남부 6계 2025-9972,아파트형공장,공장(지식산업센터 업무시설),공장,서울,구로구,서울 구로구 구로동 197-13 이앤씨벤처드림타워5차 3층 307호,"395,000,000","161,792,000",낙찰,"180,000,000",45.6%,2026-04-14,2026_2Q,0
남부 3계 2025-9985,차량,기타토지,기타토지,서울,강서구,서울 강서구 개화동 391-17 고구려물류내 보관,"10,500,000","4,301,000",낙찰,"5,874,320",55.9%,2026-04-30,2026_2Q,0
남부 9계 2025-9994,다세대,다세대주택,다세대,서울,영등포구,"서울 영등포구 신길동 355-107 ,355-453 드림하우스3 2층 202호","313,000,000","250,400,000",낙찰,"280,618,000",89.7%,2026-04-07,2026_2Q,0
남부 9계 2025-10009,대지,나대지,나대지,서울,구로구,서울 구로구 고척동 241-22,"2,228,880,000","1,783,104,000",취하,0,0%,2026-04-27,2026_2Q,0
남부 12계 2025-10040,다세대,다세대주택,다세대,서울,강서구,"서울 강서구 화곡동 164-5 ,164-28 라움하우징 4층 402호","326,000,000","260,800,000",낙찰,"273,200,000",83.8%,2026-04-29,2026_2Q,0
남부 14계 2025-10041,아파트,아파트,아파트,서울,영등포구,"서울 영등포구 영등포동7가 94-51 ,94-313 훼미리하우스117 1동 7층 707호","135,000,000","108,000,000",낙찰,"125,375,000",92.9%,2026-04-22,2026_2Q,0
남부 6계 2025-10048,근린상가,근린상가,근린상가,서울,강서구,"서울 강서구 화곡동 102-182 ,102-259 동일네오빌 1층 101호","161,000,000","128,800,000",낙찰,"158,060,000",98.2%,2026-04-14,2026_2Q,0
남부 15계 2025-10054,주상복합(주거),기타토지,기타토지,서울,양천구,서울 양천구 신정동 339 파인빌 2층 208호,"832,000,000","665,600,000",낙찰,"712,099,999",85.6%,2026-04-23,2026_2Q,0
남부 13계 2025-10056,오피스텔(주거),오피스텔,오피스텔(업무용),서울,영등포구,서울 영등포구 영등포동1가 121-3 명남더블레스 3층 313호,"212,000,000","135,680,000",낙찰,"138,770,000",65.5%,2026-04-02,2026_2Q,0
남부 4계 2025-10073,다세대,다세대주택,다세대,서울,강서구,"서울 강서구 화곡동 367-51 ,367-52 골든빌 6층 605호","273,000,000","174,720,000",낙찰,"176,379,840",64.6%,2026-04-16,2026_2Q,0
남부 16계 2025-10075,오피스텔(주거),오피스텔,오피스텔(업무용),서울,강서구,서울 강서구 화곡동 24-42 웨인씨티 5층 501호,"331,000,000","169,472,000",낙찰,"207,392,353",62.7%,2026-04-28,2026_2Q,0
남부 2계 2025-10079,다세대,다세대주택,다세대,서울,강서구,서울 강서구 화곡동 372-141 신영베르디움 비 5층 502호,"246,000,000","196,800,000",낙찰,"235,000,000",95.5%,2026-04-08,2026_2Q,0
남부 12계 2025-10087,연구소,사무실,사무실,서울,금천구,서울 금천구 독산동 1150 금천롯데캐슬골드파크2차 207동 4층 407호,"188,000,000","120,320,000",낙찰,"143,811,000",76.5%,2026-04-29,2026_2Q,0
남부 2계 2025-10093,다세대,다세대주택,다세대,서울,영등포구,서울 영등포구 영등포동7가 29-53 여의도시티뷰 6층 603호,"326,000,000","260,800,000",취하,0,0%,2026-04-08,2026_2Q,0
남부 4계 2025-10098,오피스텔(주거),오피스텔,오피스텔(업무용),서울,강서구,"서울 강서구 화곡동 367-1 ,367-2,367-8,367-116,367-117,367-162 파크아리온 102동 9층 903호","287,000,000","183,680,000",낙찰,"184,222,000",64.2%,2026-04-16,2026_2Q,0
남부 13계 2025-10099,오피스텔(주거),오피스텔,오피스텔(업무용),서울,강서구,"서울 강서구 화곡동 367-1 ,367-2,367-8,367-116,367-117,367-162 파크아리온 102동 6층 601호","282,000,000","180,480,000",낙찰,"191,500,000",67.9%,2026-04-02,2026_2Q,0
남부 16계 2025-10100,오피스텔(주거),오피스텔,오피스텔(업무용),서울,강서구,"서울 강서구 화곡동 367-1 ,367-2,367-8,367-116,367-117,367-162 파크아리온 102동 8층 804호","328,000,000","209,920,000",낙찰,"209,920,000",64.0%,2026-04-28,2026_2Q,0
남부 13계 2025-10104,오피스텔(주거),오피스텔,오피스텔(업무용),서울,강서구,"서울 강서구 염창동 274-2 ,274-3,274-4,274-5,274-6 에이치밸리움2차 6층 604호","417,000,000","266,880,000",낙찰,"301,521,700",72.3%,2026-04-02,2026_2Q,0
남부 14계 2025-10113,아파트,아파트,아파트,서울,양천구,"서울 양천구 신월동 491-1 ,491-5,491-6,491-7,491-9,491-10,491-11,491-16,491-17,491-19 신월대림 101동 5층 501호","858,000,000","686,400,000",낙찰,"757,200,000",88.3%,2026-04-22,2026_2Q,0
남부 4계 2025-10116,오피스텔(주거),오피스텔,오피스텔(업무용),서울,강서구,서울 강서구 마곡동 739-4 마곡헤리움1차 4층 426호,"159,000,000","101,760,000",낙찰,"116,779,999",73.4%,2026-04-16,2026_2Q,0
남부 9계 2025-10123,오피스텔(주거),오피스텔,오피스텔(업무용),서울,양천구,서울 양천구 목동 713-9 에이앤캐슬 8층 802호,"292,700,000","292,700,000",낙찰,"308,380,000",105.4%,2026-04-07,2026_2Q,0
남부 4계 2025-10131,다세대,다세대주택,다세대,서울,강서구,"서울 강서구 화곡동 504-47 ,504-156 건향하이츠빌 3층 302호","179,000,000","114,560,000",낙찰,"120,336,000",67.2%,2026-04-16,2026_2Q,0
남부 13계 2025-10132,오피스텔(주거),오피스텔,오피스텔(업무용),서울,강서구,서울 강서구 등촌동 637-16 아줄리움 2층 203호,"298,000,000","190,720,000",낙찰,"192,210,000",64.5%,2026-04-02,2026_2Q,0
남부 16계 2025-10137,다세대,다세대주택,다세대,서울,강서구,서울 강서구 화곡동 1010-2 에스케이파크리움 3층 302호,"262,000,000","167,680,000",낙찰,"169,272,960",64.6%,2026-04-28,2026_2Q,0
남부 4계 2025-10144,오피스텔(주거),오피스텔,오피스텔(업무용),서울,강서구,"서울 강서구 화곡동 938-9 ,938-10 늘예솔하우스 3층 304호","282,000,000","180,480,000",낙찰,"180,480,000",64.0%,2026-04-16,2026_2Q,0
남부 13계 2025-10145,오피스텔(주거),오피스텔,오피스텔(업무용),서울,구로구,"서울 구로구 구로동 109-1 ,109-2 태형팰리스 101동 6층 602호","324,000,000","207,360,000",낙찰,"210,341,000",64.9%,2026-04-02,2026_2Q,0
남부 16계 2025-10146,오피스텔(주거),오피스텔,오피스텔(업무용),서울,양천구,"서울 양천구 신월동 60-31 ,60-32 한울팰리스 6층 603호","345,000,000","176,640,000",낙찰,"198,720,000",57.6%,2026-04-28,2026_2Q,0
남부 15계 2025-10158,아파트,아파트,아파트,서울,강서구,서울 강서구 방화동 852 마곡중앙하이츠 1202동 4층 405호,"546,000,000","436,800,000",낙찰,"562,389,999",103.0%,2026-04-23,2026_2Q,0
남부 2계 2025-10159,오피스텔(주거),오피스텔,오피스텔(업무용),서울,금천구,서울 금천구 시흥동 998-12 지엠씨타워 4층 403호,"128,000,000","128,000,000",유찰,0,0%,2026-04-08,2026_2Q,0
남부 7계 2025-10163,아파트,아파트,아파트,서울,양천구,서울 양천구 신월동 558-4 삼도 102동 2층 201호,"453,000,000","289,920,000",낙찰,"343,999,990",75.9%,2026-04-21,2026_2Q,0
남부 16계 2025-10182,오피스텔(주거),오피스텔,오피스텔(업무용),서울,강서구,"서울 강서구 화곡동 938-7 ,938-8 웰타운A 12층 1204호","271,000,000","138,752,000",낙찰,"169,798,573",62.7%,2026-04-28,2026_2Q,0
남부 16계 2025-10186,오피스텔(주거),오피스텔,오피스텔(업무용),서울,강서구,"서울 강서구 화곡동 987-3 ,987-15 르미엘 15층 1504호","251,000,000","160,640,000",낙찰,"160,640,000",64.0%,2026-04-28,2026_2Q,0
남부 4계 2025-10195,오피스텔(주거),오피스텔,오피스텔(업무용),서울,강서구,서울 강서구 화곡동 981-3 엠제이타운 13층 1303호,"262,000,000","167,680,000",낙찰,"167,680,000",64.0%,2026-04-16,2026_2Q,0
남부 16계 2025-10198,다세대,다세대주택,다세대,서울,강서구,"서울 강서구 화곡동 360-3 ,360-4,360-23 해솔벨리 3층 301호","301,000,000","192,640,000",낙찰,"198,521,540",66.0%,2026-04-28,2026_2Q,0
남부 4계 2025-10202,오피스텔(주거),오피스텔,오피스텔(업무용),서울,강서구,"서울 강서구 화곡동 24-76 ,24-564 더플러스 7층 701호","254,000,000","162,560,000",낙찰,"166,317,000",65.5%,2026-04-16,2026_2Q,0
남부 13계 2025-10203,오피스텔(주거),오피스텔,오피스텔(업무용),서울,양천구,서울 양천구 목동 713-9 에이앤캐슬 4층 401호,"343,000,000","219,520,000",낙찰,"266,730,000",77.8%,2026-04-02,2026_2Q,0
남부 16계 2025-10204,다세대,다세대주택,다세대,서울,양천구,서울 양천구 신월동 480-16 국민쉐르빌 5층 501호,"186,262,000","119,208,000",낙찰,"153,678,000",82.5%,2026-04-28,2026_2Q,0
남부 4계 2025-10206,오피스텔(주거),오피스텔,오피스텔(업무용),서울,강서구,"서울 강서구 화곡동 925-15 ,925-16,925-28,925-29 리치 105동 4층 401호","236,000,000","151,040,000",낙찰,"151,040,000",64.0%,2026-04-16,2026_2Q,0
남부 4계 2025-10210,다세대,다세대주택,다세대,서울,강서구,"서울 강서구 화곡동 504-9 ,504-199 누리에스.에이치.티 1동 4층 403호","430,000,000","275,200,000",낙찰,"283,602,200",66.0%,2026-04-16,2026_2Q,0
남부 16계 2025-10222,다세대,다세대주택,다세대,서울,구로구,서울 구로구 구로동 429-261 하우스디 6층 601호,"368,000,000","235,520,000",낙찰,"307,070,000",83.4%,2026-04-28,2026_2Q,0
남부 13계 2025-10235,오피스텔(주거),오피스텔,오피스텔(업무용),서울,강서구,서울 강서구 화곡동 981-3 엠제이타운 6층 602호,"248,000,000","158,720,000",낙찰,"168,720,000",68.0%,2026-04-02,2026_2Q,0
남부 16계 2025-10236,다세대,다세대주택,다세대,서울,강서구,서울 강서구 공항동 678-1 마곡대림밸리 5층 504호,"248,000,000","158,720,000",낙찰,"163,565,920",66.0%,2026-04-28,2026_2Q,0
남부 16계 2025-10240,다세대,다세대주택,다세대,서울,양천구,"서울 양천구 신정동 933-9 ,933-10 발렌시아펠리스 3층 303호","350,000,000","350,000,000",낙찰,"468,000,000",133.7%,2026-04-28,2026_2Q,0
남부 16계 2025-10258,다세대,다세대주택,다세대,서울,강서구,서울 강서구 화곡동 24-19 더제이캐슬 2층 203호,"179,000,000","114,560,000",낙찰,"118,057,660",66.0%,2026-04-28,2026_2Q,0
남부 14계 2025-10271,아파트,아파트,아파트,서울,양천구,서울 양천구 신정동 314 목동신시가지 806동 11층 1107호,"842,000,000","673,600,000",낙찰,"860,999,000",102.3%,2026-04-22,2026_2Q,0
남부 16계 2025-10288,다세대,다세대주택,다세대,서울,양천구,서울 양천구 신정동 1014-4 상지리치빌 2층 204호,"358,000,000","229,120,000",낙찰,"287,931,100",80.4%,2026-04-28,2026_2Q,0
남부 4계 2025-10290,오피스텔(주거),오피스텔,오피스텔(업무용),서울,금천구,서울 금천구 가산동 235-84 신현빌 A동 2층 204호,"240,000,000","153,600,000",낙찰,"154,453,000",64.4%,2026-04-16,2026_2Q,0
남부 16계 2025-10294,오피스텔(주거),오피스텔,오피스텔(업무용),서울,강서구,서울 강서구 화곡동 24-150 더베네치아스위트 6층 604호,"314,000,000","200,960,000",낙찰,"200,960,000",64.0%,2026-04-28,2026_2Q,0
남부 16계 2025-10298,다세대,다세대주택,다세대,서울,강서구,서울 강서구 공항동 1377 에스엠파크빌 103동 7층 701호,"253,000,000","161,920,000",낙찰,"205,160,000",81.1%,2026-04-28,2026_2Q,0
남부 4계 2025-10305,오피스텔(주거),오피스텔,오피스텔(업무용),서울,구로구,서울 구로구 천왕동 277-6 더메종277 4층 406호,"254,000,000","162,560,000",낙찰,"176,979,072",69.7%,2026-04-16,2026_2Q,0
남부 16계 2025-10321,다세대,다세대주택,다세대,서울,구로구,서울 구로구 개봉동 10-1 더존퍼스트 4층 405호,"235,000,000","150,400,000",낙찰,"175,949,200",74.9%,2026-04-28,2026_2Q,0
남부 14계 2025-10331,다세대,다세대주택,다세대,서울,금천구,"서울 금천구 독산동 889-32 ,889-3 소원베스트빌3차 1층 102호","208,000,000","166,400,000",낙찰,"200,550,000",96.4%,2026-04-22,2026_2Q,0
남부 8계 2025-10338,다세대,다세대주택,다세대,서울,강서구,"서울 강서구 내발산동 718-1 ,718-2 퀸즈하우스 1동 5층 502호","276,600,000","221,280,000",낙찰,"253,000,000",91.5%,2026-04-15,2026_2Q,0
남부 16계 2025-10347,다세대,다세대주택,다세대,서울,양천구,서울 양천구 목동 785-4 형지그레이스 B동 1층 203호,"317,000,000","202,880,000",낙찰,"237,344,240",74.9%,2026-04-28,2026_2Q,0
남부 15계 2025-10356,차량,기타토지,기타토지,서울,강서구,서울 강서구 마곡동 1045 금화주차장내 보관,"13,500,000","6,912,000",낙찰,"7,730,000",57.3%,2026-04-23,2026_2Q,0
남부 13계 2025-10360,다세대,다세대주택,다세대,서울,금천구,서울 금천구 시흥동 955-3 리치하우스 B동 3층 303호,"366,000,000","234,240,000",낙찰,"289,800,000",79.2%,2026-04-02,2026_2Q,0
남부 6계 2025-10371(1),아파트상가,아파트상가,근린상가,서울,영등포구,서울 영등포구 대림동 607-1 대림동코오롱 상가동 2층 202호,"255,000,000","163,200,000",낙찰,"206,000,000",80.8%,2026-04-14,2026_2Q,0
남부 6계 2025-10371(2),아파트상가,아파트상가,근린상가,서울,영등포구,서울 영등포구 대림동 607-1 대림동코오롱 상가동 지하층 비01호,"405,000,000","259,200,000",낙찰,"325,000,000",80.2%,2026-04-14,2026_2Q,0
남부 13계 2025-10374,오피스텔(주거),오피스텔,오피스텔(업무용),서울,영등포구,서울 영등포구 영등포동5가 78 트리베카 B동 4층 402호,"460,000,000","294,400,000",낙찰,"345,999,999",75.2%,2026-04-02,2026_2Q,0
남부 13계 2025-10378,오피스텔(주거),오피스텔,오피스텔(업무용),서울,영등포구,서울 영등포구 영등포동2가 94-129 경동미르웰여의도 4층 409호,"131,000,000","83,840,000",낙찰,"101,000,500",77.1%,2026-04-02,2026_2Q,0
남부 16계 2025-10393,다세대,다세대주택,다세대,서울,금천구,"서울 금천구 독산동 962-11 ,962-12 우미그린빌 2층 201호","283,000,000","181,120,000",낙찰,"211,887,760",74.9%,2026-04-28,2026_2Q,0
남부 4계 2025-10399,다세대,다세대주택,다세대,서울,양천구,서울 양천구 목동 733-2 대림글로빌 5층 502호,"231,000,000","184,800,000",낙찰,"255,000,000",110.4%,2026-04-16,2026_2Q,0
남부 16계 2025-10408,다세대,다세대주택,다세대,서울,강서구,"서울 강서구 화곡동 366-57 ,366-86 동선벨리체 4층 403호","327,000,000","209,280,000",낙찰,"221,000,000",67.6%,2026-04-28,2026_2Q,0
남부 16계 2025-10416,다세대,다세대주택,다세대,서울,양천구,서울 양천구 신월동 474-12 로빈시그니쳐 3층 302호,"278,000,000","177,920,000",낙찰,"208,144,160",74.9%,2026-04-28,2026_2Q,0
남부 16계 2025-10421,다세대,다세대주택,다세대,서울,강서구,"서울 강서구 화곡동 359-11 ,359-109 시그니처6 5층 501호","377,000,000","241,280,000",낙찰,"248,646,580",66.0%,2026-04-28,2026_2Q,0
남부 16계 2025-10430,오피스텔(주거),오피스텔,오피스텔(업무용),서울,금천구,"서울 금천구 독산동 336-8 ,336-24 미림에이클래스 101동 5층 501호","314,000,000","200,960,000",낙찰,"223,343,176",71.1%,2026-04-28,2026_2Q,0
남부 16계 2025-10445,오피스텔(주거),오피스텔,오피스텔(업무용),서울,강서구,서울 강서구 화곡동 918-1 아줄리움 12층 1201호,"389,000,000","248,960,000",낙찰,"248,960,000",64.0%,2026-04-28,2026_2Q,0
남부 16계 2025-10449,다세대,다세대주택,다세대,서울,금천구,"서울 금천구 시흥동 825-15 ,825-53 다음빌라 2층 201호","250,000,000","160,000,000",낙찰,"187,180,000",74.9%,2026-04-28,2026_2Q,0
남부 4계 2025-10453,다세대,다세대주택,다세대,서울,강서구,서울 강서구 화곡동 333-8 더봄333 4층 402호,"333,000,000","170,496,000",낙찰,"183,570,000",55.1%,2026-04-16,2026_2Q,0
남부 15계 2025-10457,다세대,다세대주택,다세대,서울,강서구,"서울 강서구 화곡동 975-6 ,975-7 명성빌라 3층 301호","233,000,000","186,400,000",낙찰,"193,580,000",83.1%,2026-04-23,2026_2Q,0
남부 4계 2025-10469,다세대,다세대주택,다세대,서울,양천구,서울 양천구 목동 499-31 도화엘리시아 1동 4층 401호,"316,000,000","252,800,000",낙찰,"287,150,000",90.9%,2026-04-16,2026_2Q,0
남부 16계 2025-10471,오피스텔(주거),오피스텔,오피스텔(업무용),서울,강서구,"서울 강서구 화곡동 925-15 ,925-16,925-28,925-29 리치 105동 4층 402호","251,000,000","160,640,000",낙찰,"160,640,000",64.0%,2026-04-28,2026_2Q,0
남부 16계 2025-10475,다세대,다세대주택,다세대,서울,양천구,"서울 양천구 신월동 157-1 ,157-2 피크빌양천 5층 502호","246,000,000","157,440,000",낙찰,"184,185,120",74.9%,2026-04-28,2026_2Q,0
남부 4계 2025-10485,다세대,다세대주택,다세대,서울,강서구,"서울 강서구 화곡동 367-1 ,367-2,367-8,367-116,367-117,367-162 파크아리온 101동 9층 901호","291,000,000","148,992,000",낙찰,"186,050,000",63.9%,2026-04-16,2026_2Q,0
남부 13계 2025-10490,오피스텔(주거),오피스텔,오피스텔(업무용),서울,금천구,"서울 금천구 독산동 1044 ,1044-1 모던하우스 6층 602호","225,000,000","144,000,000",낙찰,"153,000,000",68.0%,2026-04-02,2026_2Q,0
남부 16계 2025-10491,오피스텔(주거),오피스텔,오피스텔(업무용),서울,금천구,"서울 금천구 독산동 336-8 ,336-24 미림에이클래스 102동 8층 806호","297,000,000","190,080,000",낙찰,"211,251,348",71.1%,2026-04-28,2026_2Q,0
남부 10계 2025-10493,아파트,아파트,아파트,서울,양천구,서울 양천구 신월동 467-2 한우리 102동 2층 201호,"471,000,000","376,800,000",낙찰,"385,090,900",81.8%,2026-04-01,2026_2Q,0
남부 16계 2025-10505,다세대,다세대주택,다세대,서울,강서구,"서울 강서구 공항동 675-7 ,675-8 위하우스비 4층 403호","320,000,000","204,800,000",낙찰,"211,052,800",66.0%,2026-04-28,2026_2Q,0
남부 10계 2025-10552,다세대,다세대주택,다세대,서울,강서구,서울 강서구 화곡동 970-21 성원프라우드 6층 601호,"214,500,000","171,600,000",낙찰,"200,000,000",93.2%,2026-04-01,2026_2Q,0
남부 13계 2025-10558,다세대,다세대주택,다세대,서울,강서구,"서울 강서구 화곡동 360-3 ,360-4,360-23 해솔벨리 6층 603호","325,000,000","208,000,000",낙찰,"211,499,000",65.1%,2026-04-02,2026_2Q,0
남부 13계 2025-10566,다세대,다세대주택,다세대,서울,강서구,서울 강서구 화곡동 805-36 프라임캐슬 비동 5층 502호,"252,000,000","161,280,000",낙찰,"175,299,000",69.6%,2026-04-02,2026_2Q,0
남부 16계 2025-10567,다세대,다세대주택,다세대,서울,강서구,서울 강서구 화곡동 805-19 프라임캐슬 2층 202호,"255,000,000","163,200,000",낙찰,"168,182,700",66.0%,2026-04-28,2026_2Q,0
남부 16계 2025-10571,다세대,다세대주택,다세대,서울,구로구,"서울 구로구 개봉동 33-114 ,33-175 위드캐슬 5층 502호","218,000,000","139,520,000",낙찰,"141,400,000",64.9%,2026-04-28,2026_2Q,0
남부 12계 2025-10575,다세대,다세대주택,다세대,서울,강서구,서울 강서구 방화동 556 예담파크빌 2층 201호,"171,000,000","109,440,000",낙찰,"117,550,000",68.7%,2026-04-29,2026_2Q,0
남부 13계 2025-10586,다세대,다세대주택,다세대,서울,양천구,서울 양천구 목동 625-4 동일네오빌 5층 503호,"294,000,000","188,160,000",낙찰,"231,165,000",78.6%,2026-04-02,2026_2Q,0
남부 4계 2025-10589,오피스텔(주거),오피스텔,오피스텔(업무용),서울,강서구,서울 강서구 화곡동 916-7 혜성 5층 502호,"254,000,000","130,048,000",낙찰,"134,170,000",52.8%,2026-04-16,2026_2Q,0
남부 16계 2025-10591,오피스텔(주거),오피스텔,오피스텔(업무용),서울,양천구,서울 양천구 신월동 145-6 에이엔타워 2층 206호,"255,000,000","163,200,000",낙찰,"181,377,420",71.1%,2026-04-28,2026_2Q,0
남부 16계 2025-10595,다세대,다세대주택,다세대,서울,구로구,"서울 구로구 개봉동 264-14 ,264-15,264-33 원창아트빌2 B동 3층 303호","231,000,000","147,840,000",낙찰,"172,954,320",74.9%,2026-04-28,2026_2Q,0
남부 16계 2025-10611,다세대,다세대주택,다세대,서울,양천구,서울 양천구 신월동 474-12 로빈시그니쳐 2층 203호,"278,000,000","177,920,000",낙찰,"208,144,160",74.9%,2026-04-28,2026_2Q,0
남부 13계 2025-10614,다세대,다세대주택,다세대,서울,금천구,"서울 금천구 독산동 918 ,918-1 문성빌 5층 503호","269,000,000","172,160,000",낙찰,"184,310,000",68.5%,2026-04-02,2026_2Q,0
남부 16계 2025-10624,오피스텔(주거),오피스텔,오피스텔(업무용),서울,금천구,"서울 금천구 가산동 535-7 ,535-58,536-14,536-31 지밸리하우스디어반 7층 비708호","158,000,000","101,120,000",낙찰,"118,333,333",74.9%,2026-04-28,2026_2Q,0
남부 15계 2025-10640,아파트,아파트,아파트,서울,양천구,서울 양천구 목동 904 목동신시가지 408동 8층 805호,"1,800,000,000","1,440,000,000",낙찰,"1,938,780,000",107.7%,2026-04-23,2026_2Q,0
남부 4계 2025-10645,다세대,다세대주택,다세대,서울,금천구,서울 금천구 가산동 142-62 이호드림파크 8층 803호,"361,000,000","184,832,000",낙찰,"213,999,333",59.3%,2026-04-16,2026_2Q,0
남부 16계 2025-10648,오피스텔(주거),오피스텔,오피스텔(업무용),서울,강서구,서울 강서구 염창동 261-16 루미온 101동 6층 603호,"380,000,000","243,200,000",낙찰,"258,450,000",68.0%,2026-04-28,2026_2Q,0
남부 4계 2025-10650,다세대,다세대주택,다세대,서울,강서구,서울 강서구 화곡동 1010-2 에스케이파크리움 3층 301호,"259,000,000","132,608,000",낙찰,"168,580,000",65.1%,2026-04-16,2026_2Q,0
남부 13계 2025-10651,오피스텔(주거),오피스텔,오피스텔(업무용),서울,강서구,서울 강서구 염창동 261-16 루미온 101동 11층 1101호,"365,000,000","233,600,000",낙찰,"261,600,000",71.7%,2026-04-02,2026_2Q,0
남부 13계 2025-10665,오피스텔(주거),오피스텔,오피스텔(업무용),서울,양천구,서울 양천구 신월동 145-6 에이엔타워 4층 402호,"243,000,000","155,520,000",낙찰,"169,000,000",69.5%,2026-04-02,2026_2Q,0
남부 16계 2025-10684,다세대,다세대주택,다세대,서울,구로구,서울 구로구 개봉동 279-9 에스엠벨리체 A동 2층 201호,"230,000,000","147,200,000",낙찰,"168,691,200",73.3%,2026-04-28,2026_2Q,0
남부 16계 2025-10694,오피스텔(주거),오피스텔,오피스텔(업무용),서울,강서구,서울 강서구 화곡동 24-71 더포레스트(화곡1) 6층 601호,"301,000,000","192,640,000",낙찰,"192,640,000",64.0%,2026-04-28,2026_2Q,0
남부 16계 2025-10709,오피스텔(주거),오피스텔,오피스텔(업무용),서울,강서구,"서울 강서구 화곡동 903-11 ,903-12 케이엠파크빌 2층 202호","222,000,000","142,080,000",낙찰,"142,080,000",64.0%,2026-04-28,2026_2Q,0
남부 16계 2025-10714,오피스텔(주거),오피스텔,오피스텔(업무용),서울,강서구,서울 강서구 화곡동 24-42 웨인씨티 5층 502호,"324,000,000","207,360,000",낙찰,"207,360,000",64.0%,2026-04-28,2026_2Q,0
남부 4계 2025-10716,다세대,다세대주택,다세대,서울,강서구,서울 강서구 화곡동 102-83 햇빛애 4층 402호,"221,000,000","141,440,000",낙찰,"142,783,680",64.6%,2026-04-16,2026_2Q,0
남부 16계 2025-10718,연립,연립주택,연립·빌라,서울,금천구,"서울 금천구 독산동 973-1 ,973-2,973-49 어반팰리스 10층 1007호","260,000,000","166,400,000",낙찰,"190,694,400",73.3%,2026-04-28,2026_2Q,0
남부 16계 2025-10722,오피스텔(주거),오피스텔,오피스텔(업무용),서울,양천구,서울 양천구 신월동 145-6 에이엔타워 5층 506호,"269,000,000","172,160,000",낙찰,"191,335,396",71.1%,2026-04-28,2026_2Q,0
남부 13계 2025-10725,오피스텔(주거),오피스텔,오피스텔(업무용),서울,강서구,"서울 강서구 화곡동 24-76 ,24-564 더플러스 9층 902호","302,000,000","193,280,000",낙찰,"206,755,000",68.5%,2026-04-02,2026_2Q,0
남부 16계 2025-10726,다세대,다세대주택,다세대,서울,강서구,서울 강서구 화곡동 1088-4 동도파크뷰 4층 401호,"227,000,000","145,280,000",낙찰,"145,280,000",64.0%,2026-04-28,2026_2Q,0
남부 3계 2025-10736,오피스텔(주거),오피스텔,오피스텔(업무용),서울,영등포구,서울 영등포구 양평동6가 8 펫앤스테이 10층 1001호,"293,000,000","150,016,000",유찰,0,0%,2026-04-30,2026_2Q,0
남부 16계 2025-10739,다세대,다세대주택,다세대,서울,구로구,서울 구로구 오류동 358 다원리치타운 104동 4층 401호,"319,000,000","204,160,000",낙찰,"238,841,680",74.9%,2026-04-28,2026_2Q,0
남부 13계 2025-10747,다세대,다세대주택,다세대,서울,양천구,서울 양천구 신월동 62-27 아크로뷰 5층 504호,"252,000,000","161,280,000",낙찰,"179,000,000",71.0%,2026-04-02,2026_2Q,0
남부 16계 2025-10754,다세대,다세대주택,다세대,서울,강서구,서울 강서구 화곡동 970-21 성원프라우드 2층 203호,"251,000,000","160,640,000",낙찰,"163,888,000",65.3%,2026-04-28,2026_2Q,0
남부 8계 2025-10759,오피스텔(주거),오피스텔,오피스텔(업무용),서울,강서구,서울 강서구 방화동 620-52 벤처 3층 310호,"90,000,000","90,000,000",변경,0,0%,2026-04-15,2026_2Q,0
남부 8계 2025-10760,차량,기타토지,기타토지,서울,구로구,서울 구로구 고척동 60-8 동양컨테이너물류창고내 보관,"18,000,000","14,400,000",낙찰,"16,600,000",92.2%,2026-04-15,2026_2Q,0
남부 4계 2025-10772,오피스텔(주거),오피스텔,오피스텔(업무용),서울,금천구,서울 금천구 독산동 973-47 보람타운 2층 202호,"224,000,000","143,360,000",낙찰,"156,076,032",69.7%,2026-04-16,2026_2Q,0
남부 2계 2025-10776,다세대,다세대주택,다세대,서울,양천구,서울 양천구 목동 553-33 동인에버빌 3층 302호,"155,000,000","155,000,000",변경,0,0%,2026-04-08,2026_2Q,0
남부 9계 2025-10785,다세대,다세대주택,다세대,서울,강서구,"서울 강서구 화곡동 1039-36 ,1039-37,1039-38 와이엔비 3층 301호","326,000,000","260,800,000",취하,0,0%,2026-04-15,2026_2Q,0
남부 13계 2025-10795,오피스텔(주거),오피스텔,오피스텔(업무용),서울,구로구,"서울 구로구 개봉동 306-53 ,306-16 대우스위트힐 7층 703호","241,000,000","154,240,000",낙찰,"165,100,000",68.5%,2026-04-02,2026_2Q,0
남부 4계 2025-10817,다세대,다세대주택,다세대,서울,강서구,서울 강서구 염창동 262-4 한경렉스플레이스 9층 901호,"398,000,000","203,776,000",낙찰,"222,900,000",56.0%,2026-04-16,2026_2Q,0
남부 13계 2025-10825,오피스텔(주거),오피스텔,오피스텔(업무용),서울,금천구,"서울 금천구 가산동 234-2 ,234-3 금강노블레스 102동 11층 1102호","284,000,000","181,760,000",낙찰,"193,120,000",68.0%,2026-04-02,2026_2Q,0
남부 16계 2025-10849,다세대,다세대주택,다세대,서울,강서구,서울 강서구 화곡동 452-6 파크자이빌 B동 3층 302호,"285,000,000","182,400,000",낙찰,"184,132,800",64.6%,2026-04-28,2026_2Q,0
남부 13계 2025-10855,오피스텔(주거),오피스텔,오피스텔(업무용),서울,구로구,"서울 구로구 구로동 109-1 ,109-2 태형팰리스 102동 6층 601호","327,000,000","209,280,000",낙찰,"213,999,900",65.4%,2026-04-02,2026_2Q,0
남부 2계 2025-10865(1),다세대,다세대주택,다세대,서울,금천구,서울 금천구 독산동 1158 라온하우스 102동 5층 502호,"265,000,000","265,000,000",변경,0,0%,2026-04-08,2026_2Q,0
남부 2계 2025-10865(2),다세대,다세대주택,다세대,서울,금천구,서울 금천구 독산동 1158 라온하우스 103동 6층 602호,"265,000,000","265,000,000",변경,0,0%,2026-04-08,2026_2Q,0
남부 16계 2025-10869,다세대,다세대주택,다세대,서울,구로구,서울 구로구 오류동 358 다원리치타운 103동 4층 402호,"364,000,000","232,960,000",낙찰,"272,534,080",74.9%,2026-04-28,2026_2Q,0
남부 7계 2025-10877,다세대,다세대주택,다세대,서울,금천구,"서울 금천구 시흥동 934-26 ,934-28,934-29,934-30,934-31 첼시하우스8 A동 2층 201호","340,000,000","272,000,000",낙찰,"272,000,000",80.0%,2026-04-21,2026_2Q,0
남부 10계 2025-10880,근린상가,근린상가,근린상가,서울,영등포구,서울 영등포구 문래동4가 2-14,"2,612,429,160","2,089,943,000",낙찰,"2,312,523,000",88.5%,2026-04-01,2026_2Q,0
남부 16계 2025-10901,오피스텔(주거),오피스텔,오피스텔(업무용),서울,강서구,서울 강서구 화곡동 24-72 더포레스트(화곡2) 4층 402호,"312,000,000","199,680,000",낙찰,"199,680,000",64.0%,2026-04-28,2026_2Q,0
남부 11계 2025-10925,다세대,다세대주택,다세대,서울,구로구,"서울 구로구 개봉동 316-4 ,316-6 에코그로브빌리지10차 201동 4층 403호","400,000,000","256,000,000",기각,0,0%,2026-04-13,2026_2Q,0
남부 16계 2025-10932,오피스텔(주거),오피스텔,오피스텔(업무용),서울,금천구,서울 금천구 독산동 299-20 체리빌 6층 602호,"290,500,000","185,920,000",낙찰,"191,070,000",65.8%,2026-04-28,2026_2Q,0
남부 16계 2025-10937,오피스텔(주거),오피스텔,오피스텔(업무용),서울,구로구,"서울 구로구 개봉동 403-86 ,403-87 메인팰리스 7층 701호","330,000,000","211,200,000",낙찰,"234,723,720",71.1%,2026-04-28,2026_2Q,0
남부 13계 2025-10954,다세대,다세대주택,다세대,서울,양천구,"서울 양천구 목동 318-222 ,318-223 고센아트빌 5층 501호","334,000,000","267,200,000",낙찰,"357,999,999",107.2%,2026-04-02,2026_2Q,0
남부 9계 2025-10955,아파트,아파트,아파트,서울,영등포구,서울 영등포구 당산동5가 40 성원 101동 5층 501호,"902,000,000","902,000,000",변경,0,0%,2026-04-07,2026_2Q,0
남부 16계 2025-10956,다세대,다세대주택,다세대,서울,강서구,서울 강서구 화곡동 351-36 더그레이스 2층 202호,"306,000,000","195,840,000",낙찰,"201,819,240",66.0%,2026-04-28,2026_2Q,0
남부 16계 2025-10961,오피스텔(주거),오피스텔,오피스텔(업무용),서울,강서구,"서울 강서구 화곡동 903-11 ,903-12 케이엠파크빌 3층 303호","210,000,000","134,400,000",낙찰,"134,400,000",64.0%,2026-04-28,2026_2Q,0
남부 16계 2025-10967,다세대,다세대주택,다세대,서울,강서구,"서울 강서구 화곡동 1037-10 ,1037-11 트리빌리지 3층 303호","292,000,000","292,000,000",낙찰,"302,353,000",103.5%,2026-04-28,2026_2Q,0
남부 16계 2025-10976,다세대,다세대주택,다세대,서울,강서구,"서울 강서구 화곡동 822-14 ,822-15 위드캐슬 4층 401호","269,000,000","172,160,000",낙찰,"205,150,000",76.3%,2026-04-28,2026_2Q,0
남부 8계 2025-10987,다세대,다세대주택,다세대,서울,양천구,"서울 양천구 목동 537-31 ,537-37,537-38,537-39,537-40 목동숲 101동 5층 502호","294,000,000","294,000,000",낙찰,"305,579,000",103.9%,2026-04-15,2026_2Q,0
남부 16계 2025-10989,다세대,다세대주택,다세대,서울,강서구,"서울 강서구 방화동 557-7 ,557-25 남성아트빌 101동 5층 501호","242,000,000","154,880,000",낙찰,"184,184,184",76.1%,2026-04-28,2026_2Q,0
남부 10계 2025-10991,다세대,다세대주택,다세대,서울,구로구,"서울 구로구 개봉동 271-30 ,271-33 디아트라움 5층 502호","206,000,000","164,800,000",낙찰,"196,460,000",95.4%,2026-04-01,2026_2Q,0
남부 4계 2025-10993,다세대,다세대주택,다세대,서울,양천구,서울 양천구 신월동 331-46 한성빌라 가동 2층 202호,"129,000,000","66,048,000",낙찰,"75,300,000",58.4%,2026-04-16,2026_2Q,0
남부 16계 2025-11003,다세대,다세대주택,다세대,서울,양천구,"서울 양천구 신정동 920-2 ,920-28,920-37 브니엘 101동 6층 602호","279,000,000","178,560,000",낙찰,"215,891,000",77.4%,2026-04-28,2026_2Q,0
남부 16계 2025-11007,다세대,다세대주택,다세대,서울,강서구,서울 강서구 공항동 1376 웰스캐슬 102동 2층 202호,"319,000,000","204,160,000",낙찰,"246,000,010",77.1%,2026-04-28,2026_2Q,0
남부 16계 2025-11018,오피스텔(주거),오피스텔,오피스텔(업무용),서울,금천구,서울 금천구 시흥동 888-14 신영메트로시티 4층 411호,"267,000,000","170,880,000",낙찰,"189,912,828",71.1%,2026-04-28,2026_2Q,0
남부 16계 2025-11037,다세대,다세대주택,다세대,서울,강서구,서울 강서구 화곡동 24-19 더제이캐슬 5층 501호,"230,000,000","147,200,000",낙찰,"151,694,200",66.0%,2026-04-28,2026_2Q,0
남부 16계 2025-11045,오피스텔(주거),오피스텔,오피스텔(업무용),서울,강서구,"서울 강서구 화곡동 367-1 ,367-2,367-8,367-116,367-117,367-162 파크아리온 102동 5층 503호","287,000,000","183,680,000",낙찰,"183,680,000",64.0%,2026-04-28,2026_2Q,0
남부 16계 2025-11051,오피스텔(주거),오피스텔,오피스텔(업무용),서울,강서구,"서울 강서구 방화동 613-2 ,613-17 마곡그랑시엘 7층 701호","251,000,000","160,640,000",낙찰,"160,700,000",64.0%,2026-04-28,2026_2Q,0
남부 8계 2025-11060,오피스텔(주거),오피스텔,오피스텔(업무용),서울,구로구,서울 구로구 구로동 107-4 비즈트위트블루 15층 1514호,"112,000,000","71,680,000",낙찰,"71,680,000",64.0%,2026-04-15,2026_2Q,0
남부 16계 2025-11076,다세대,다세대주택,다세대,서울,강서구,"서울 강서구 화곡동 820-23 ,820-26 은성캐슬 3층 301호","352,000,000","225,280,000",낙찰,"232,158,080",66.0%,2026-04-28,2026_2Q,0
남부 16계 2025-11105,오피스텔(주거),오피스텔,오피스텔(업무용),서울,강서구,"서울 강서구 화곡동 937-12 ,937-21 미리내오피스텔 6층 604호","200,000,000","128,000,000",낙찰,"128,000,000",64.0%,2026-04-28,2026_2Q,0
남부 9계 2025-11109,근린상가,근린상가,근린상가,서울,구로구,서울 구로구 오류동 37-5,"9,232,597,600","9,232,597,600",변경,0,0%,2026-04-07,2026_2Q,0
남부 16계 2025-11115,오피스텔(주거),오피스텔,오피스텔(업무용),서울,강서구,"서울 강서구 화곡동 935-15 ,935-20 골든라인씨티 5층 506호","221,000,000","141,440,000",낙찰,"141,900,000",64.2%,2026-04-28,2026_2Q,0
남부 16계 2025-11120,오피스텔(주거),오피스텔,오피스텔(업무용),서울,강서구,"서울 강서구 화곡동 935-15 ,935-20 골든라인씨티 5층 502호","223,000,000","142,720,000",낙찰,"142,720,000",64.0%,2026-04-28,2026_2Q,0
남부 15계 2025-11127,차량,기타토지,기타토지,서울,강서구,서울 강서구 마곡동 1045 금화주차장내 보관(채권자 밀리언캐쉬대부),"5,000,000","2,560,000",유찰,0,0%,2026-04-23,2026_2Q,0
남부 16계 2025-11134,오피스텔(주거),오피스텔,오피스텔(업무용),서울,강서구,서울 강서구 화곡동 24-150 더베네치아스위트 2층 204호,"288,000,000","184,320,000",낙찰,"189,947,520",66.0%,2026-04-28,2026_2Q,0
남부 4계 2025-11136,오피스텔(주거),오피스텔,오피스텔(업무용),서울,금천구,"서울 금천구 독산동 151-3 ,151-4 에스엠벨리체 8층 807호","170,000,000","108,800,000",낙찰,"110,638,888",65.1%,2026-04-16,2026_2Q,0
남부 2계 2025-11144,아파트,아파트,아파트,서울,강서구,"서울 강서구 화곡동 916-2 ,916-4 위하우스 2층 203호","169,000,000","169,000,000",변경,0,0%,2026-04-08,2026_2Q,0
남부 6계 2025-11146,다세대,다세대주택,다세대,서울,강서구,서울 강서구 화곡동 102-184 네오파크빌 1층 101호,"211,000,000","135,040,000",낙찰,"157,000,900",74.4%,2026-04-14,2026_2Q,0
남부 10계 2025-11149,다세대,다세대주택,다세대,서울,양천구,서울 양천구 신월동 145-6 에이엔타워 7층 703호,"337,000,000","269,600,000",낙찰,"306,165,000",90.9%,2026-04-01,2026_2Q,0
남부 15계 2025-11152,주상복합(주거),기타토지,기타토지,서울,구로구,서울 구로구 구로동 487-24 엠센트럴뷰 6층 601호,"534,000,000","427,200,000",낙찰,"427,200,000",80.0%,2026-04-23,2026_2Q,0
남부 3계 2025-11169(2),아파트,아파트,아파트,서울,강서구,"서울 강서구 화곡동 914-37 ,914-38 아녜스타워4 11층 1102호","110,000,000","56,320,000",유찰,0,0%,2026-04-30,2026_2Q,0
남부 9계 2025-11172,아파트,아파트,아파트,서울,양천구,서울 양천구 신월동 591-1 신안약수 3동 1층 107호,"702,000,000","561,600,000",낙찰,"706,543,210",100.6%,2026-04-07,2026_2Q,0
남부 10계 2025-11174,아파트,아파트,아파트,서울,강서구,"서울 강서구 화곡동 915-8 ,915-13 팔라이스 8층 801호","217,000,000","173,600,000",기각,0,0%,2026-04-01,2026_2Q,0
남부 4계 2025-11183,다세대,다세대주택,다세대,서울,구로구,"서울 구로구 개봉동 305-24 ,305-28 샹떼빌 2층 203호","270,000,000","216,000,000",낙찰,"225,198,000",83.4%,2026-04-16,2026_2Q,0
남부 13계 2025-11186,다세대,다세대주택,다세대,서울,금천구,"서울 금천구 독산동 1064-37 ,1064-36 무송베스트빌 2층 202호","273,000,000","273,000,000",낙찰,"303,610,000",111.2%,2026-04-02,2026_2Q,0
남부 4계 2025-11261,다세대,다세대주택,다세대,서울,강서구,서울 강서구 화곡동 73-68 제이엠팰리스 3층 301호,"279,000,000","142,848,000",낙찰,"143,936,000",51.6%,2026-04-16,2026_2Q,0
남부 7계 2025-11290,다세대,다세대주택,다세대,서울,양천구,서울 양천구 신월동 420-8 영신트라움 102동 3층 304호,"222,000,000","177,600,000",낙찰,"214,550,000",96.6%,2026-04-21,2026_2Q,0
남부 8계 2025-11320,차량,기타토지,기타토지,서울,강서구,서울 강서구 방화동 36-4 금화주차장내 보관,"12,000,000","7,680,000",낙찰,"8,410,000",70.1%,2026-04-15,2026_2Q,0
남부 2계 2025-11322,다세대,다세대주택,다세대,서울,강서구,"서울 강서구 화곡동 464-12 ,464-13 와이앤비 3층 302호","266,000,000","212,800,000",낙찰,"263,970,000",99.2%,2026-04-08,2026_2Q,0
남부 4계 2025-11324,오피스텔(주거),오피스텔,오피스텔(업무용),서울,강서구,"서울 강서구 화곡동 936-6 ,936-26,936-27 트러스트 11층 1101호","367,000,000","234,880,000",낙찰,"234,880,000",64.0%,2026-04-16,2026_2Q,0
남부 4계 2025-11328,다세대,다세대주택,다세대,서울,강서구,서울 강서구 화곡동 848-20 와이앤비 5층 502호,"307,000,000","196,480,000",낙찰,"202,478,780",66.0%,2026-04-16,2026_2Q,0
남부 3계 2025-11331,대지,나대지,나대지,서울,영등포구,서울 영등포구 대림동 990-73,"1,106,335,000","566,443,000",낙찰,"647,000,000",58.5%,2026-04-30,2026_2Q,0
남부 16계 2025-11338,다세대,다세대주택,다세대,서울,영등포구,서울 영등포구 신길동 4429 참존빌리지비동 3층 301호,"265,000,000","212,000,000",낙찰,"225,250,000",85.0%,2026-04-28,2026_2Q,0
남부 8계 2025-11339,다세대,다세대주택,다세대,서울,강서구,서울 강서구 화곡동 98-111 계명위너스 3층 302호,"213,000,000","170,400,000",낙찰,"185,400,000",87.0%,2026-04-15,2026_2Q,0
남부 7계 2025-11371,다세대,다세대주택,다세대,서울,구로구,서울 구로구 구로동 1132-29 다온쉐르빌 4층 404호,"271,000,000","216,800,000",유찰,0,0%,2026-04-21,2026_2Q,0
남부 7계 2025-11403,아파트,아파트,아파트,서울,구로구,서울 구로구 구로동 1279 우민늘푸른 101동 1층 106호,"637,000,000","509,600,000",낙찰,"532,000,000",83.5%,2026-04-21,2026_2Q,0
남부 9계 2025-11404,아파트,아파트,아파트,서울,구로구,서울 구로구 구로동 98-10 비즈트위트 그린 12층 1208호,"113,000,000","113,000,000",변경,0,0%,2026-04-07,2026_2Q,0
남부 4계 2025-11413,다세대,다세대주택,다세대,서울,구로구,서울 구로구 오류동 4-3 삼화씨티빌 A동 2층 101호,"243,000,000","194,400,000",낙찰,"194,511,000",80.0%,2026-04-16,2026_2Q,0
남부 6계 2025-11447,다세대,다세대주택,다세대,서울,강서구,서울 강서구 화곡동 996-17 서우802 2층 201호,"241,000,000","192,800,000",낙찰,"229,000,000",95.0%,2026-04-14,2026_2Q,0
남부 14계 2025-11452,다세대,다세대주택,다세대,서울,강서구,"서울 강서구 방화동 645-32 ,645-33 제이스빌 3층 304호","263,000,000","263,000,000",변경,0,0%,2026-04-22,2026_2Q,0
남부 4계 2025-11459,다세대,다세대주택,다세대,서울,강서구,"서울 강서구 화곡동 1037-10 ,1037-11 트리빌리지 2층 201호","408,000,000","326,400,000",낙찰,"363,127,000",89.0%,2026-04-16,2026_2Q,0
남부 16계 2025-11466,다세대,다세대주택,다세대,서울,강서구,서울 강서구 화곡동 46-391 밀레니엄 4층 402호,"180,000,000","144,000,000",낙찰,"147,000,000",81.7%,2026-04-28,2026_2Q,0
남부 4계 2025-11468,다세대,다세대주택,다세대,서울,강서구,"서울 강서구 등촌동 365-69 ,365-70 더봄힐 5층 501호","352,234,400","225,430,000",낙찰,"239,510,000",68.0%,2026-04-16,2026_2Q,0
남부 9계 2025-11481,오피스텔(주거),오피스텔,오피스텔(업무용),서울,금천구,"서울 금천구 독산동 151-3 ,151-4 에스엠벨리체 7층 704호","170,000,000","170,000,000",변경,0,0%,2026-04-07,2026_2Q,0
남부 4계 2025-11531,오피스텔(주거),오피스텔,오피스텔(업무용),서울,금천구,서울 금천구 독산동 303-4 미림에이클래스 102동 4층 401호,"263,000,000","168,320,000",낙찰,"187,067,692",71.1%,2026-04-16,2026_2Q,0
남부 10계 2025-11532,다세대,다세대주택,다세대,서울,강서구,서울 강서구 화곡동 846-38 지디로뷰 6층 603호,"296,000,000","236,800,000",낙찰,"265,000,000",89.5%,2026-04-01,2026_2Q,0
남부 7계 2025-11544,다세대,다세대주택,다세대,서울,강서구,서울 강서구 화곡동 353-11 지하층 비02호,"201,000,000","201,000,000",변경,0,0%,2026-04-21,2026_2Q,0
남부 9계 2025-11551,아파트,아파트,아파트,서울,구로구,서울 구로구 구로동 74-30 현대 3동 15층 1507호,"703,000,000","703,000,000",정지,0,0%,2026-04-07,2026_2Q,0
남부 3계 2025-11568,다세대,다세대주택,다세대,서울,구로구,"서울 구로구 개봉동 334-4 ,334-5,334-20,334-22 상떼그린힐 101동 4층 403호","306,000,000","156,672,000",낙찰,"289,000,000",94.4%,2026-04-30,2026_2Q,0
남부 16계 2025-11579,다세대,다세대주택,다세대,서울,구로구,서울 구로구 오류동 31-216 삼성드림빌 A동 3층 302호,"188,000,000","150,400,000",낙찰,"175,830,001",93.5%,2026-04-28,2026_2Q,0
남부 15계 2025-11597,오피스텔(주거),오피스텔,오피스텔(업무용),서울,구로구,서울 구로구 구로동 110 종인아네스트 8층 809호,"107,000,000","107,000,000",변경,0,0%,2026-04-23,2026_2Q,0
남부 6계 2025-11601,다세대,다세대주택,다세대,서울,강서구,"서울 강서구 화곡동 346-18 ,346-153 리치하우스 5층 502호","207,950,000","207,950,000",변경,0,0%,2026-04-14,2026_2Q,0
남부 13계 2025-11620,다세대,다세대주택,다세대,서울,양천구,서울 양천구 신정동 926-3 더에스에스타운 101동 3층 301호,"382,000,000","382,000,000",낙찰,"415,500,000",108.8%,2026-04-02,2026_2Q,0
남부 16계 2025-11642,다세대,다세대주택,다세대,서울,양천구,"서울 양천구 신정동 1000-12 ,1000-13 건향파크빌8차 3층 302호","299,000,000","239,200,000",낙찰,"247,300,000",82.7%,2026-04-28,2026_2Q,0
남부 4계 2025-11652,오피스텔(주거),오피스텔,오피스텔(업무용),서울,금천구,서울 금천구 시흥동 988-2 대동리버파크빌 6층 603호,"269,000,000","172,160,000",낙찰,"191,335,396",71.1%,2026-04-16,2026_2Q,0
남부 4계 2025-11662,다세대,다세대주택,다세대,서울,강서구,"서울 강서구 화곡동 831-12 ,831-13,831-14,831-15,831-16 가원홈타운 C동 6층 602호","407,000,000","260,480,000",낙찰,"287,000,000",70.5%,2026-04-16,2026_2Q,0
남부 4계 2025-11681,다세대,다세대주택,다세대,서울,강서구,서울 강서구 화곡동 372-18 신영베르디움에이 2층 204호,"269,000,000","172,160,000",낙찰,"201,350,000",74.9%,2026-04-16,2026_2Q,0
남부 14계 2025-11694,다세대,다세대주택,다세대,서울,금천구,"서울 금천구 독산동 1051-11 ,1051-12,1051-13,1051-14 문정빌 2동 4층 403호","343,000,000","343,000,000",낙찰,"375,099,999",109.4%,2026-04-22,2026_2Q,0
남부 15계 2025-11695,아파트,아파트,아파트,서울,구로구,서울 구로구 구로동 44-8 비즈트위트오렌지 3층 301호,"112,000,000","89,600,000",낙찰,"111,785,000",99.8%,2026-04-23,2026_2Q,0
남부 16계 2025-11713,오피스텔(주거),오피스텔,오피스텔(업무용),서울,구로구,서울 구로구 구로동 651-2 퀸즈파크구일 6층 645호,"137,000,000","109,600,000",낙찰,"110,000,009",80.3%,2026-04-28,2026_2Q,0
남부 4계 2025-11726,오피스텔(주거),오피스텔,오피스텔(업무용),서울,강서구,서울 강서구 등촌동 565-5 더자하 4층 403호,"344,000,000","220,160,000",낙찰,"220,160,000",64.0%,2026-04-16,2026_2Q,0
남부 12계 2025-11734(1),아파트형공장,공장(지식산업센터 업무시설),공장,서울,금천구,"서울 금천구 가산동 60-11 ,44-3 스타밸리 7층 701호","1,085,000,000","1,085,000,000",변경,0,0%,2026-04-29,2026_2Q,0
남부 12계 2025-11734(2),아파트형공장,공장(지식산업센터 업무시설),공장,서울,금천구,"서울 금천구 가산동 60-11 ,44-3 스타밸리 7층 703호","989,000,000","989,000,000",변경,0,0%,2026-04-29,2026_2Q,0
남부 12계 2025-11734(3),아파트형공장,공장(지식산업센터 업무시설),공장,서울,금천구,"서울 금천구 가산동 60-11 ,44-3 스타밸리 7층 702호","989,000,000","989,000,000",변경,0,0%,2026-04-29,2026_2Q,0
남부 15계 2025-11738,다세대,다세대주택,다세대,서울,양천구,"서울 양천구 목동 544-18 ,544-19 동인리치빌 4층 401호","223,000,000","223,000,000",정지,0,0%,2026-04-23,2026_2Q,0
남부 10계 2025-11747,근린상가,근린상가,근린상가,서울,금천구,서울 금천구 독산동 876-11 메트로하우스 2층 202호,"215,000,000","215,000,000",변경,0,0%,2026-04-01,2026_2Q,0
남부 12계 2025-11752,아파트,아파트,아파트,서울,금천구,서울 금천구 시흥동 1013 벽산 502동 4층 402호,"706,000,000","706,000,000",변경,0,0%,2026-04-29,2026_2Q,0
남부 6계 2025-11802,아파트,아파트,아파트,서울,강서구,서울 강서구 등촌동 635-6 나성 101동 2층 201호,"741,000,000","741,000,000",변경,0,0%,2026-04-14,2026_2Q,0
남부 7계 2025-11813,다세대,다세대주택,다세대,서울,구로구,"서울 구로구 구로동 329-78 ,329-4,80-11 대보스빌 2층 202호","281,000,000","281,000,000",변경,0,0%,2026-04-21,2026_2Q,0
남부 10계 2025-11870,다세대,다세대주택,다세대,서울,구로구,"서울 구로구 구로동 85-18 ,85-19,85-20 삼성드림빌 2층 203호","266,000,000","212,800,000",낙찰,"264,035,000",99.3%,2026-04-01,2026_2Q,0
남부 7계 2025-11879,다세대,다세대주택,다세대,서울,양천구,서울 양천구 신월동 9-3 수명산시그니처 103동 2층 201호,"339,000,000","339,000,000",유찰,0,0%,2026-04-21,2026_2Q,0
남부 10계 2025-11881,다세대,다세대주택,다세대,서울,강서구,서울 강서구 화곡동 42-53 명덕빌라 지1층 비01호,"171,000,000","171,000,000",취하,0,0%,2026-04-01,2026_2Q,0
남부 15계 2025-11884,다세대,다세대주택,다세대,서울,양천구,서울 양천구 목동 553-33 동인에버빌 2층 204호,"167,000,000","167,000,000",낙찰,"167,000,000",100.0%,2026-04-23,2026_2Q,0
남부 4계 2025-11904,다세대,다세대주택,다세대,서울,강서구,서울 강서구 화곡동 346-117 으뜸캐슬2차 3층 304호,"298,000,000","190,720,000",낙찰,"196,542,920",66.0%,2026-04-16,2026_2Q,0
남부 16계 2025-11906,다세대,다세대주택,다세대,서울,금천구,"서울 금천구 독산동 971-18 ,971-19,971-52 문정아트빌 3층 304호","313,000,000","250,400,000",낙찰,"325,000,000",103.8%,2026-04-28,2026_2Q,0
남부 12계 2025-11913,다세대,다세대주택,다세대,서울,구로구,서울 구로구 구로동 797-34 3층 301호,"170,000,000","170,000,000",낙찰,"180,369,000",106.1%,2026-04-29,2026_2Q,0
남부 15계 2025-11915,다세대,다세대주택,다세대,서울,강서구,서울 강서구 화곡동 846-38 지디로뷰 3층 303호,"270,000,000","270,000,000",변경,0,0%,2026-04-23,2026_2Q,0
남부 3계 2025-11919,다세대,다세대주택,다세대,서울,양천구,서울 양천구 신월동 543-3 효성 나동 1층 102호,"195,000,000","124,800,000",낙찰,"136,500,000",70.0%,2026-04-30,2026_2Q,0
남부 12계 2025-11956,오피스텔(주거),오피스텔,오피스텔(업무용),서울,구로구,서울 구로구 구로동 97-4 하나세인스톤2차 본동 7층 706호,"101,000,000","101,000,000",낙찰,"101,000,000",100.0%,2026-04-29,2026_2Q,0
남부 3계 2025-11959,차량,기타토지,기타토지,서울,강서구,서울 강서구 마곡동 1045 금화주차장내 보관,"40,000,000","32,000,000",낙찰,"32,755,000",81.9%,2026-04-30,2026_2Q,0
남부 6계 2025-11964,오피스텔(주거),오피스텔,오피스텔(업무용),서울,강서구,서울 강서구 등촌동 656 경동미르웰한올림 101동 11층 1105호,"144,000,000","144,000,000",낙찰,"145,000,000",100.7%,2026-04-14,2026_2Q,0
남부 14계 2025-11970,아파트,아파트,아파트,서울,금천구,서울 금천구 가산동 140-36 비즈트위트 바이올렛 5차 8층 811호,"104,000,000","104,000,000",낙찰,"107,895,000",103.7%,2026-04-22,2026_2Q,0
남부 3계 2025-11973,아파트,아파트,아파트,서울,강서구,서울 강서구 방화동 898 경동팰리스힐 6층 606호,"107,000,000","85,600,000",낙찰,"130,000,000",121.5%,2026-04-30,2026_2Q,0
남부 13계 2025-11988,다세대,다세대주택,다세대,서울,강서구,서울 강서구 내발산동 695-5 청솔펠리체 105동 4층 401호,"364,000,000","291,200,000",낙찰,"298,000,000",81.9%,2026-04-02,2026_2Q,0
남부 16계 2025-12031,다세대,다세대주택,다세대,서울,양천구,"서울 양천구 신월동 78-7 ,78-8 라온그린빌 5층 501호","306,000,000","306,000,000",낙찰,"312,000,000",102.0%,2026-04-28,2026_2Q,0
남부 13계 2025-12067,다세대,다세대주택,다세대,서울,양천구,"서울 양천구 신정동 940-35 ,940-36 더테라스 2층 202호","283,000,000","283,000,000",낙찰,"400,099,900",141.4%,2026-04-02,2026_2Q,0
남부 7계 2025-12078,아파트,아파트,아파트,서울,구로구,서울 구로구 개봉동 472 두산 101동 23층 2307호,"513,000,000","513,000,000",낙찰,"535,140,000",104.3%,2026-04-21,2026_2Q,0
남부 7계 2025-12109,근린상가,근린상가,근린상가,서울,구로구,"서울 구로구 고척동 103-4 ,103-10 가동 2층 다221호","250,000,000","250,000,000",유찰,0,0%,2026-04-21,2026_2Q,0
남부 15계 2025-12132,아파트,아파트,아파트,서울,강서구,서울 강서구 등촌동 695 등촌5단지주공 505동 10층 1004호,"846,000,000","846,000,000",정지,0,0%,2026-04-23,2026_2Q,0
남부 4계 2025-12137,오피스텔(주거),오피스텔,오피스텔(업무용),서울,영등포구,서울 영등포구 영등포동2가 94-307 리치팰리스 7층 706호,"395,000,000","395,000,000",낙찰,"395,100,000",100.0%,2026-04-16,2026_2Q,0
남부 13계 2025-12142,다세대,다세대주택,다세대,서울,양천구,서울 양천구 목동 531-19 대명국경하임 B동 3층 304호,"304,000,000","304,000,000",낙찰,"331,000,000",108.9%,2026-04-02,2026_2Q,0
남부 12계 2025-12157,아파트,아파트,아파트,서울,영등포구,"서울 영등포구 신길동 769-1 ,769-4 한성 105동 11층 1101호","1,060,000,000","1,060,000,000",낙찰,"1,230,199,999",116.1%,2026-04-29,2026_2Q,0
남부 15계 2025-12258,근린상가,근린상가,근린상가,서울,강서구,"서울 강서구 화곡동 456-21 ,456-26 홍성풍경채 지1층 02호","70,000,000","70,000,000",변경,0,0%,2026-04-23,2026_2Q,0
남부 15계 2025-12319,아파트,아파트,아파트,서울,양천구,서울 양천구 신정동 1306 세양청마루 105동 1층 101호,"970,000,000","970,000,000",낙찰,"970,000,900",100.0%,2026-04-23,2026_2Q,0
남부 2계 2025-12362,다세대,다세대주택,다세대,서울,금천구,서울 금천구 독산동 924 올림푸스 2층 203호,"291,000,000","291,000,000",낙찰,"295,888,800",101.7%,2026-04-08,2026_2Q,0
남부 3계 2025-12396(1),아파트,아파트,아파트,서울,강서구,"서울 강서구 화곡동 914-37 ,914-38 아녜스타워4 2층 205호","64,000,000","40,960,000",낙찰,"50,011,400",78.1%,2026-04-30,2026_2Q,0
남부 3계 2025-12396(2),아파트,아파트,아파트,서울,강서구,"서울 강서구 화곡동 914-37 ,914-38 아녜스타워4 5층 504호","64,000,000","40,960,000",낙찰,"50,011,400",78.1%,2026-04-30,2026_2Q,0
남부 3계 2025-12396(3),아파트,아파트,아파트,서울,강서구,"서울 강서구 화곡동 914-37 ,914-38 아녜스타워4 5층 506호","74,000,000","47,360,000",낙찰,"54,011,400",73.0%,2026-04-30,2026_2Q,0
남부 13계 2025-12445,다세대,다세대주택,다세대,서울,금천구,서울 금천구 독산동 963-18 금나래아트빌 4층 402호,"369,000,000","295,200,000",낙찰,"327,600,000",88.8%,2026-04-02,2026_2Q,0
남부 6계 2025-12450,아파트,아파트,아파트,서울,구로구,"서울 구로구 신도림동 642 ,구로동 1264 신도림대림 201동 2층 203호","1,150,000,000","1,150,000,000",기각,0,0%,2026-04-20,2026_2Q,0
남부 15계 2025-12656,차량,기타토지,기타토지,서울,강서구,서울 강서구 개화동 324 채권자(주)지구하다에게 보관,"15,000,000","12,000,000",낙찰,"13,850,000",92.3%,2026-04-23,2026_2Q,0
남부 12계 2025-12927,오피스텔(주거),오피스텔,오피스텔(업무용),서울,구로구,서울 구로구 구로동 44-5 비즈트위트레인보우 20층 2008호,"114,000,000","114,000,000",변경,0,0%,2026-04-29,2026_2Q,0
남부 11계 2025-12982,오피스텔(주거),오피스텔,오피스텔(업무용),서울,영등포구,서울 영등포구 양평동2가 1-2 양평동월드메르디앙 5층 501호,"643,000,000","643,000,000",기각,0,0%,2026-04-13,2026_2Q,0
남부 12계 2025-12984,다세대,다세대주택,다세대,서울,양천구,"서울 양천구 신정동 922-4 ,922-5 블루움 4층 401호","333,000,000","333,000,000",낙찰,"430,000,000",129.1%,2026-04-29,2026_2Q,0
남부 3계 2025-13037,오피스텔(주거),오피스텔,오피스텔(업무용),서울,영등포구,서울 영등포구 영등포동6가 100 리저브오피스텔 2층 201호,"69,500,000","55,600,000",낙찰,"55,600,000",80.0%,2026-04-30,2026_2Q,0
남부 3계 2025-13150,오피스텔,오피스텔,오피스텔(업무용),서울,양천구,서울 양천구 신월동 517-4 청담파우제 8층 802호,"253,000,000","253,000,000",취하,0,0%,2026-04-21,2026_2Q,0
남부 11계 2025-13270,아파트,아파트,아파트,서울,영등포구,서울 영등포구 영등포동 649 두산위브 102동 3층 302호,"1,140,000,000","1,140,000,000",기각,0,0%,2026-04-13,2026_2Q,0
남부 15계 2025-13705,차량,기타토지,기타토지,서울,강서구,서울 강서구 마곡동 1045-5 금화주차장내 보관(채권자 현대캐피탈에게 보관),"34,000,000","34,000,000",취하,0,0%,2026-04-23,2026_2Q,0
남부 3계 2025-13774,아파트,아파트,아파트,서울,양천구,서울 양천구 신정동 1277 신트리4단지 401동 15층 1506호,"710,000,000","710,000,000",변경,0,0%,2026-04-30,2026_2Q,0
남부 3계 2025-14202,다세대,다세대주택,다세대,서울,강서구,"서울 강서구 화곡동 367-1 ,367-2,367-8,367-116,367-117,367-162 파크아리온 102동 10층 1002호","292,000,000","292,000,000",변경,0,0%,2026-04-30,2026_2Q,0
북부 1계 2020-103290,다세대,다세대주택,다세대,서울,중랑구,서울 중랑구 중화동 326-86 미주캐스빌 4층 401호,"150,000,000","150,000,000",각하,0,0%,2026-04-08,2026_2Q,0
북부 8계 2022-4328,다세대,다세대주택,다세대,서울,성북구,서울 성북구 정릉동 165-6 행복드림빌 6층 602호,"232,000,000","4,179,000",낙찰,"5,716,000",2.5%,2026-04-14,2026_2Q,0
북부 1계 2023-4530,아파트,아파트,아파트,서울,중랑구,서울 중랑구 면목동 1510 면목두산 202동 9층 902호,"728,000,000","582,400,000",낙찰,"687,377,700",94.4%,2026-04-28,2026_2Q,0
북부 2계 2023-5632,단독주택,단독,단독주택,서울,노원구,서울 노원구 상계동 73-1 A동,"1,134,896,600","726,334,000",낙찰,"794,000,000",70.0%,2026-04-28,2026_2Q,0
북부 5계 2023-5663(11),오피스텔(주거),오피스텔,오피스텔(업무용),서울,동대문구,"서울 동대문구 회기동 57-11 ,58-3,58-4 6층 610호","328,584,500","210,294,000",낙찰,"210,294,000",64.0%,2026-04-07,2026_2Q,0
북부 9계 2023-6017(1),단독주택,단독,단독주택,서울,동대문구,서울 동대문구 이문동 320-3 주건축물 1동,"2,058,815,580","2,058,815,580",변경,0,0%,2026-04-14,2026_2Q,0
북부 9계 2023-6017(2),대지,나대지,나대지,서울,동대문구,서울 동대문구 이문동 320-68,"1,387,500,000","1,387,500,000",변경,0,0%,2026-04-14,2026_2Q,0
북부 8계 2023-104652,오피스텔(주거),오피스텔,오피스텔(업무용),서울,중랑구,"서울 중랑구 면목동 116-2 ,116-3,116-4,116-5,116-6,116-7 하이원팰리스 102동 2층 204호","328,000,000","4,727,000",낙찰,"5,516,000",1.7%,2026-04-14,2026_2Q,0
북부 7계 2023-109206,주상복합(주거),기타토지,기타토지,서울,중랑구,서울 중랑구 중화동 314-1 태능시장주상복합빌딩 11층 1105호,"657,000,000","525,600,000",낙찰,"565,000,000",86.0%,2026-04-07,2026_2Q,0
북부 1계 2023-112905,단독주택,단독,단독주택,서울,성북구,"서울 성북구 성북동 145-129 ,145-148","4,483,189,460","1,836,315,000",기각,0,0%,2026-04-28,2026_2Q,0
북부 9계 2023-113076,다세대,다세대주택,다세대,서울,강북구,"서울 강북구 미아동 125-43 ,125-44 센트리체미아 2층 202호","210,000,000","4,728,000",낙찰,"5,814,000",2.8%,2026-04-14,2026_2Q,0
북부 9계 2023-113359,아파트,아파트,아파트,서울,노원구,서울 노원구 중계동 360-2 청구 109동 10층 1001호,"1,165,000,000","1,165,000,000",낙찰,"1,285,800,000",110.4%,2026-04-14,2026_2Q,0
북부 7계 2023-113519(2),임야,임야,임야,서울,강북구,서울 강북구 우이동 296-3,"132,832,000","68,010,000",낙찰,"71,100,000",53.5%,2026-04-07,2026_2Q,0
북부 1계 2023-117450(2),다세대,다세대주택,다세대,서울,노원구,서울 노원구 공릉동 597-8 에이-리브 6층 601호,"34,666,667","5,816,000",낙찰,"5,816,000",16.8%,2026-04-28,2026_2Q,0
북부 9계 2024-2029,오피스텔(주거),오피스텔,오피스텔(업무용),서울,강북구,서울 강북구 수유동 50-30 연승카운티 3층 303호,"373,000,000","32,039,000",낙찰,"32,039,000",8.6%,2026-04-14,2026_2Q,0
북부 8계 2024-2340,근린상가,근린상가,근린상가,서울,중랑구,서울 중랑구 중화동 326-130,"8,993,390,560","4,604,616,000",낙찰,"5,051,000,000",56.2%,2026-04-14,2026_2Q,0
북부 8계 2024-3107,대지,나대지,나대지,서울,노원구,서울 노원구 중계동 41-7,"30,419,000","7,974,000",낙찰,"10,428,880",34.3%,2026-04-14,2026_2Q,0
북부 5계 2024-5141,근린주택,근린주택,근린주택,서울,중랑구,"서울 중랑구 묵동 248-38 ,248-40 대승하우스","2,274,909,600","1,455,942,000",낙찰,"1,500,000,000",65.9%,2026-04-07,2026_2Q,0
북부 8계 2024-5202(9),오피스텔(주거),오피스텔,오피스텔(업무용),서울,동대문구,"서울 동대문구 회기동 57-11 ,58-3,58-4 9층 908호","120,000,000","96,000,000",낙찰,"96,000,000",80.0%,2026-04-14,2026_2Q,0
북부 8계 2024-5202(16),오피스텔(주거),오피스텔,오피스텔(업무용),서울,동대문구,"서울 동대문구 회기동 57-11 ,58-3,58-4 10층 1006호","135,000,000","108,000,000",낙찰,"108,000,000",80.0%,2026-04-14,2026_2Q,0
북부 8계 2024-5202(29),오피스텔(주거),오피스텔,오피스텔(업무용),서울,동대문구,"서울 동대문구 회기동 57-11 ,58-3,58-4 12층 1201호","171,000,000","136,800,000",낙찰,"140,550,000",82.2%,2026-04-14,2026_2Q,0
북부 8계 2024-5417,다세대,다세대주택,다세대,서울,성북구,"서울 성북구 돈암동 413-133 ,413-134 다온숲 나동 3층 302호","276,000,000","176,640,000",낙찰,"209,000,000",75.7%,2026-04-14,2026_2Q,0
북부 8계 2024-5820,근린상가,근린상가,근린상가,서울,도봉구,서울 도봉구 도봉동 63 힐스테이트도봉역웰가 근린생활시설동 1층128호,"908,000,000","297,534,000",낙찰,"297,534,101",32.8%,2026-04-14,2026_2Q,0
북부 1계 2024-103595,오피스텔,오피스텔,오피스텔(업무용),서울,도봉구,"서울 도봉구 창동 608-64 ,608-65 한성라비앙 B동 2층 202호","220,000,000","12,094,000",각하,0,0%,2026-04-29,2026_2Q,0
북부 2계 2024-105850(5),주상복합(주거),기타토지,기타토지,서울,동대문구,"서울 동대문구 이문동 327-7 ,327-2,327-16,327-20,327-21,327-22,327-29 세진빌딩 6층 604호","353,000,000","144,589,000",낙찰,"152,300,000",43.1%,2026-04-28,2026_2Q,0
북부 1계 2024-107443,오피스텔(주거),오피스텔,오피스텔(업무용),서울,성북구,"서울 성북구 정릉동 147-4 ,469-48 수성렉스빌 2층 202호","190,000,000","10,446,000",낙찰,"10,446,000",5.5%,2026-04-28,2026_2Q,0
북부 1계 2024-108897,다세대,다세대주택,다세대,서울,강북구,서울 강북구 우이동 41-2 무지개그린아트 5층 501호,"236,000,000","20,272,000",유찰,0,0%,2026-04-28,2026_2Q,0
북부 1계 2024-109548,오피스텔(주거),오피스텔,오피스텔(업무용),서울,성북구,"서울 성북구 정릉동 147-4 ,469-48 수성렉스빌 4층 401호","326,000,000","208,640,000",낙찰,"282,000,000",86.5%,2026-04-28,2026_2Q,0
북부 2계 2024-111084,다세대,다세대주택,다세대,서울,도봉구,"서울 도봉구 쌍문동 460-326 ,460-327 HK팰리스 4층 402호","317,000,000","129,843,000",낙찰,"165,777,049",52.3%,2026-04-28,2026_2Q,0
북부 1계 2024-113745,다세대,다세대주택,다세대,서울,동대문구,서울 동대문구 장안동 392-6 골든캐슬Ⅱ 101동 2층 203호,"236,000,000","188,800,000",낙찰,"218,990,000",92.8%,2026-04-28,2026_2Q,0
북부 1계 2024-114717,다세대,다세대주택,다세대,서울,중랑구,서울 중랑구 중화동 325-104 라인빌10차 2층 203호,"395,000,000","33,930,000",유찰,0,0%,2026-04-28,2026_2Q,0
북부 2계 2024-114878,연립,연립주택,연립·빌라,서울,강북구,서울 강북구 미아동 791-1848 4층 401호,"172,000,000","88,064,000",낙찰,"105,045,071",61.1%,2026-04-28,2026_2Q,0
북부 1계 2024-115048,다세대,다세대주택,다세대,서울,동대문구,서울 동대문구 장안동 394-2 더하이엔드 104동 2층 203호,"456,000,000","39,170,000",낙찰,"41,980,000",9.2%,2026-04-28,2026_2Q,0
북부 1계 2024-115185,다세대,다세대주택,다세대,서울,도봉구,"서울 도봉구 쌍문동 460-331 ,460-329,460-330,460-332 휴포레 1동 2층 203호","192,000,000","16,493,000",유찰,0,0%,2026-04-28,2026_2Q,0
북부 1계 2024-117136,다세대,다세대주택,다세대,서울,도봉구,서울 도봉구 쌍문동 533-43 예다음 302동 5층 501호,"466,000,000","298,240,000",낙찰,"363,010,000",77.9%,2026-04-28,2026_2Q,0
북부 1계 2024-117693,다세대,다세대주택,다세대,서울,강북구,서울 강북구 수유동 560-126 유경쉐르빌 A동 4층 401호,"187,000,000","16,063,000",유찰,0,0%,2026-04-28,2026_2Q,0
북부 1계 2024-117983,다세대,다세대주택,다세대,서울,중랑구,"서울 중랑구 중화동 325-35 ,325-36 제이팰리스 3층 304호","288,000,000","24,738,000",유찰,0,0%,2026-04-28,2026_2Q,0
북부 2계 2024-118085,다세대,다세대주택,다세대,서울,중랑구,서울 중랑구 면목동 1295 헤렌하우스 4층 401호,"375,000,000","78,643,000",기각,0,0%,2026-04-25,2026_2Q,0
북부 8계 2024-118689,단독주택,단독,단독주택,서울,도봉구,서울 도봉구 쌍문동 123-2 2호,"474,941,000","194,536,000",낙찰,"250,120,000",52.7%,2026-04-14,2026_2Q,0
북부 5계 2024-118917,다세대,다세대주택,다세대,서울,강북구,"서울 강북구 미아동 162-5 ,162-25 한신빌라트 4층 402호","412,000,000","263,680,000",낙찰,"279,799,000",67.9%,2026-04-07,2026_2Q,0
북부 2계 2024-120743(1),대지,나대지,나대지,서울,강북구,서울 강북구 수유동 359-26,"1,128,800,000","577,946,000",취하,0,0%,2026-04-06,2026_2Q,0
북부 2계 2024-120743(2),대지,나대지,나대지,서울,강북구,서울 강북구 수유동 359-59,"1,155,360,000","591,544,000",취하,0,0%,2026-04-06,2026_2Q,0
북부 7계 2024-121579,아파트,아파트,아파트,서울,노원구,"서울 노원구 월계동 556 ,600 월계2단지주공 208동 6층 608호","385,000,000","308,000,000",낙찰,"335,788,000",87.2%,2026-04-07,2026_2Q,0
북부 7계 2024-121890,연립,연립주택,연립·빌라,서울,성북구,서울 성북구 정릉동 206-154 다온리치빌 B동 5층 502호,"265,000,000","135,680,000",낙찰,"183,888,000",69.4%,2026-04-07,2026_2Q,0
북부 7계 2024-122053,다세대,다세대주택,다세대,서울,강북구,서울 강북구 수유동 482-114 현주빌라 4층 402호,"422,000,000","216,064,000",낙찰,"243,072,000",57.6%,2026-04-07,2026_2Q,0
북부 9계 2024-122060(8),다세대,다세대주택,다세대,서울,중랑구,서울 중랑구 면목동 637-6 킴스타워Ⅱ 5층 504호,"290,000,000","76,021,000",낙찰,"130,050,000",44.8%,2026-04-14,2026_2Q,0
북부 9계 2024-122060(12),다세대,다세대주택,다세대,서울,중랑구,서울 중랑구 면목동 637-6 킴스타워Ⅱ 6층 604호,"290,000,000","118,784,000",낙찰,"130,050,000",44.8%,2026-04-14,2026_2Q,0
북부 8계 2024-122886,다세대,다세대주택,다세대,서울,중랑구,"서울 중랑구 상봉동 116-17 ,116-18,116-39 로젠하임 9층 909호","160,000,000","102,400,000",낙찰,"125,000,000",78.1%,2026-04-14,2026_2Q,0
북부 1계 2024-123216,다세대,다세대주택,다세대,서울,성북구,서울 성북구 정릉동 559-46 로얄팰리스 B동 3층 301호,"330,000,000","264,000,000",낙찰,"300,000,000",90.9%,2026-04-28,2026_2Q,0
북부 3계 2024-123476,연립,연립주택,연립·빌라,서울,도봉구,서울 도봉구 쌍문동 26-108 백운빌라 2층 201호,"129,000,000","103,200,000",취하,0,0%,2026-04-16,2026_2Q,0
북부 8계 2025-1085,연립,연립주택,연립·빌라,서울,노원구,서울 노원구 중계동 90-7 베델빌라 1층 102호,"212,000,000","108,544,000",낙찰,"135,999,995",64.2%,2026-04-14,2026_2Q,0
북부 2계 2025-1115,차량,기타토지,기타토지,서울,도봉구,서울 도봉구 창동 746-77 시온자동차공업사내 보관,"4,000,000","1,638,000",낙찰,"1,812,000",45.3%,2026-04-28,2026_2Q,0
북부 1계 2025-1184,단독주택,단독,단독주택,서울,성북구,서울 성북구 삼선동1가 297-10,"295,342,400","295,342,400",낙찰,"312,000,000",105.6%,2026-04-28,2026_2Q,0
북부 1계 2025-1276,다세대,다세대주택,다세대,서울,성북구,서울 성북구 정릉동 402-120 영풍하이츠 2층 202호,"175,000,000","89,600,000",유찰,0,0%,2026-04-28,2026_2Q,0
북부 4계 2025-1450,오피스텔(주거),오피스텔,오피스텔(업무용),서울,노원구,서울 노원구 상계동 1258 오피앙 10층 1028호,"98,000,000","78,400,000",기각,0,0%,2026-04-10,2026_2Q,0
북부 8계 2025-1481,다세대,다세대주택,다세대,서울,노원구,"서울 노원구 상계동 6구역31블럭3롯트,5롯트 3층 302호","184,000,000","117,760,000",낙찰,"164,210,000",89.2%,2026-04-14,2026_2Q,0
북부 8계 2025-2309,다세대,다세대주택,다세대,서울,성북구,서울 성북구 정릉동 480-1 정안타워빌 7층 703호,"303,000,000","242,400,000",취하,0,0%,2026-04-14,2026_2Q,0
북부 7계 2025-2668,임야,임야,임야,서울,도봉구,서울 도봉구 도봉동 산68-39,"36,198,510","23,167,000",낙찰,"23,167,010",64.0%,2026-04-07,2026_2Q,0
북부 8계 2025-2859(2),단독주택,단독,단독주택,서울,중랑구,서울 중랑구 망우동 402-135,"780,714,000","780,714,000",취하,0,0%,2026-04-14,2026_2Q,0
북부 7계 2025-3197,연립,연립주택,연립·빌라,서울,중랑구,서울 중랑구 상봉동 234-3 금성캐슬 5층 503호,"392,000,000","313,600,000",낙찰,"353,101,000",90.1%,2026-04-07,2026_2Q,0
북부 7계 2025-3388,주상복합(주거),기타토지,기타토지,서울,동대문구,서울 동대문구 장안동 346-1 태솔3차 6층 602호,"520,000,000","416,000,000",낙찰,"420,200,000",80.8%,2026-04-07,2026_2Q,0
북부 5계 2025-3432,아파트,아파트,아파트,서울,강북구,서울 강북구 번동 470-1 삼성 101동 2층 203호,"623,000,000","498,400,000",낙찰,"535,700,999",86.0%,2026-04-07,2026_2Q,0
북부 5계 2025-3500,다세대,다세대주택,다세대,서울,강북구,서울 강북구 미아동 791-1928 루체른1 4층 402호,"354,000,000","354,000,000",취하,0,0%,2026-04-07,2026_2Q,0
북부 9계 2025-5711,아파트,아파트,아파트,서울,노원구,서울 노원구 중계동 515-2 건영 104동 8층 808호,"769,000,000","769,000,000",낙찰,"816,330,000",106.2%,2026-04-14,2026_2Q,0
북부 8계 2025-10171,다세대,다세대주택,다세대,서울,도봉구,서울 도봉구 쌍문동 668-21 유진빌리지 8층 802호,"223,000,000","114,176,000",낙찰,"114,500,000",51.3%,2026-04-14,2026_2Q,0
북부 8계 2025-10652(3),다세대,다세대주택,다세대,서울,노원구,"서울 노원구 공릉동 240-170 ,270-49 더 한울 5층 502호","621,000,000","397,440,000",낙찰,"423,428,000",68.2%,2026-04-14,2026_2Q,0
북부 8계 2025-10652(4),다세대,다세대주택,다세대,서울,노원구,"서울 노원구 공릉동 240-170 ,270-49 더 한울 3층 301호","659,000,000","421,760,000",낙찰,"421,760,000",64.0%,2026-04-14,2026_2Q,0
북부 1계 2025-10836,다세대,다세대주택,다세대,서울,성북구,서울 성북구 정릉동 162-17 엘렌시아 3층 303호,"321,000,000","205,440,000",낙찰,"240,339,120",74.9%,2026-04-28,2026_2Q,0
북부 5계 2025-11136,다세대,다세대주택,다세대,서울,중랑구,"서울 중랑구 상봉동 253-1 ,253-10,238-4 삼성펠리체 2층 203호","302,000,000","302,000,000",낙찰,"302,000,000",100.0%,2026-04-07,2026_2Q,0
북부 2계 2025-11813,오피스텔(주거),오피스텔,오피스텔(업무용),서울,동대문구,서울 동대문구 장안동 337-9 더시즌 13층 1303호,"441,000,000","282,240,000",낙찰,"313,676,244",71.1%,2026-04-28,2026_2Q,0
북부 2계 2025-11821,다세대,다세대주택,다세대,서울,중랑구,서울 중랑구 면목동 1539 현대캐슬 A동 3층 304호,"256,000,000","204,800,000",낙찰,"211,380,000",82.6%,2026-04-28,2026_2Q,0
북부 1계 2025-11896,오피스텔(주거),오피스텔,오피스텔(업무용),서울,동대문구,"서울 동대문구 장안동 365-4 ,365-5,365-10 서희스타힐스 2층 224호","176,000,000","112,640,000",낙찰,"115,370,000",65.6%,2026-04-28,2026_2Q,0
북부 1계 2025-11957,차량,기타토지,기타토지,서울,도봉구,서울 도봉구 쌍문동 304-14 내 보관(010-8563-5114),"29,500,000","18,880,000",낙찰,"20,931,000",71.0%,2026-04-28,2026_2Q,0
북부 1계 2025-12030,아파트,아파트,아파트,서울,성북구,"서울 성북구 정릉동 148-10 ,148-11,148-12,148-13,150-27,155-4,155-7,971-14 갤럭시더정릉 10층 1004호","256,000,000","163,840,000",낙찰,"191,672,320",74.9%,2026-04-28,2026_2Q,0
북부 1계 2025-12062,다세대,다세대주택,다세대,서울,성북구,"서울 성북구 정릉동 206-110 ,206-36,206-109,206-111,206-112 반석드림빌 1층 103호","293,000,000","187,520,000",낙찰,"219,374,960",74.9%,2026-04-28,2026_2Q,0
북부 9계 2025-12109,아파트,아파트,아파트,서울,노원구,서울 노원구 중계동 583 중계동금호타운 102동 2층 203호,"724,000,000","237,240,000",낙찰,"261,000,000",36.0%,2026-04-14,2026_2Q,0
북부 6계 2025-12151,아파트,아파트,아파트,서울,노원구,서울 노원구 월계동 922 서광 101동 13층 1302호,"711,000,000","711,000,000",기각,0,0%,2026-04-21,2026_2Q,0
북부 7계 2025-12155,오피스텔,오피스텔,오피스텔(업무용),서울,동대문구,"서울 동대문구 답십리동 243-6 ,243-31,243-32,69-3 써밋카운티 3층 302호","266,000,000","136,192,000",낙찰,"143,180,000",53.8%,2026-04-07,2026_2Q,0
북부 1계 2025-12166,다세대,다세대주택,다세대,서울,강북구,"서울 강북구 수유동 53-80 ,53-81 엠케이프라디움 2층 202호","182,000,000","116,480,000",낙찰,"136,267,040",74.9%,2026-04-28,2026_2Q,0
북부 1계 2025-12183,다세대,다세대주택,다세대,서울,도봉구,"서울 도봉구 쌍문동 81-21 ,81-289 로체펠리스 2층 204호","210,000,000","134,400,000",낙찰,"167,654,000",79.8%,2026-04-28,2026_2Q,0
북부 1계 2025-12213,다세대,다세대주택,다세대,서울,강북구,"서울 강북구 수유동 472-134 ,472-135 한솔에코빌 B동 4층 401호","263,000,000","168,320,000",낙찰,"192,894,720",73.3%,2026-04-28,2026_2Q,0
북부 1계 2025-12221,다세대,다세대주택,다세대,서울,동대문구,서울 동대문구 청량리동 206-7 홍릉한강뉴스타 102동 3층 304호,"392,000,000","313,600,000",낙찰,"330,033,000",84.2%,2026-04-28,2026_2Q,0
북부 2계 2025-12222,다세대,다세대주택,다세대,서울,강북구,서울 강북구 미아동 315-33 노블레스 4층 401호,"327,000,000","261,600,000",낙찰,"271,200,000",82.9%,2026-04-28,2026_2Q,0
북부 8계 2025-12235(1),주상복합(상가),기타토지,기타토지,서울,도봉구,"서울 도봉구 쌍문동 311 ,312-1,312-7,315-400 쌍문그린스테이트빌딩 1층 101호","880,000,000","450,560,000",기각,0,0%,2026-04-27,2026_2Q,0
북부 8계 2025-12251,다세대,다세대주택,다세대,서울,도봉구,서울 도봉구 창동 609-53 다온아트빌 5층 502호,"242,000,000","123,904,000",낙찰,"123,904,000",51.2%,2026-04-14,2026_2Q,0
북부 9계 2025-12252,단독주택,단독,단독주택,서울,강북구,서울 강북구 미아동 217-21,"906,141,200","296,923,000",낙찰,"431,500,000",47.6%,2026-04-14,2026_2Q,0
북부 1계 2025-12285,아파트,아파트,아파트,서울,노원구,서울 노원구 월계동 924 초안 201동 2층 212호,"290,000,000","232,000,000",낙찰,"236,899,000",81.7%,2026-04-28,2026_2Q,0
북부 2계 2025-12375,아파트,아파트,아파트,서울,노원구,서울 노원구 상계동 766-1 미도 102동 9층 907호,"739,000,000","591,200,000",낙찰,"743,871,000",100.7%,2026-04-28,2026_2Q,0
북부 8계 2025-12388,다세대,다세대주택,다세대,서울,중랑구,"서울 중랑구 상봉동 114-2 ,114-5,114-6 파인빌라트108 2층 204호","242,000,000","154,880,000",낙찰,"194,570,000",80.4%,2026-04-14,2026_2Q,0
북부 1계 2025-12390,다세대,다세대주택,다세대,서울,성북구,"서울 성북구 정릉동 192-237 ,211-5 천우네오젠 3층 305호","232,000,000","118,784,000",유찰,0,0%,2026-04-28,2026_2Q,0
북부 2계 2025-12401,아파트,아파트,아파트,서울,중랑구,서울 중랑구 면목동 1502 면목현대 101동 17층 1705호,"741,000,000","592,800,000",낙찰,"750,000,000",101.2%,2026-04-28,2026_2Q,0
북부 8계 2025-12421,다세대,다세대주택,다세대,서울,강북구,서울 강북구 수유동 461-75 4층 401호,"238,000,000","152,320,000",낙찰,"169,300,000",71.1%,2026-04-14,2026_2Q,0
북부 5계 2025-12427,다세대,다세대주택,다세대,서울,강북구,서울 강북구 미아동 103-152 제이앤제이빌리지 2층 202호,"377,000,000","301,600,000",낙찰,"326,420,000",86.6%,2026-04-07,2026_2Q,0
북부 2계 2025-12449,오피스텔(주거),오피스텔,오피스텔(업무용),서울,도봉구,서울 도봉구 도봉동 62-3 도봉투웨니퍼스트1단지 103동 12층 1202호,"201,000,000","160,800,000",낙찰,"160,800,000",80.0%,2026-04-28,2026_2Q,0
북부 8계 2025-12454,다세대,다세대주택,다세대,서울,중랑구,"서울 중랑구 상봉동 265-8 ,265-9 엠에스빌 6층 601호","293,000,000","234,400,000",낙찰,"278,325,000",95.0%,2026-04-14,2026_2Q,0
북부 1계 2025-12463,다세대,다세대주택,다세대,서울,중랑구,서울 중랑구 면목동 1343-3 청명에버빌 103동 5층 502호,"259,000,000","132,608,000",낙찰,"171,550,000",66.2%,2026-04-28,2026_2Q,0
북부 1계 2025-12471,다세대,다세대주택,다세대,서울,강북구,서울 강북구 수유동 480-3 동아쉐르빌 4층 403호,"242,640,000","124,232,000",유찰,0,0%,2026-04-28,2026_2Q,0
북부 2계 2025-12472,아파트,아파트,아파트,서울,노원구,서울 노원구 상계동 767-1 상계주공 123동 14층 1406호,"566,000,000","566,000,000",정지,0,0%,2026-04-28,2026_2Q,0
북부 4계 2025-12475,차량,기타토지,기타토지,서울,도봉구,서울 도봉구 방학동 468-1 채권자:안세환에게내보관,"30,000,000","24,000,000",기각,0,0%,2026-04-10,2026_2Q,0
북부 8계 2025-12477,다세대,다세대주택,다세대,서울,중랑구,서울 중랑구 중화동 324-56 더에이치중화3차 101동 4층 404호,"280,000,000","224,000,000",낙찰,"226,801,700",81.0%,2026-04-14,2026_2Q,0
북부 1계 2025-12495,오피스텔(주거),오피스텔,오피스텔(업무용),서울,도봉구,서울 도봉구 창동 608-204 제일그린빌 2층 201호,"315,000,000","161,280,000",유찰,0,0%,2026-04-28,2026_2Q,0
북부 9계 2025-12515,근린상가,근린상가,근린상가,서울,동대문구,서울 동대문구 제기동 886-22,"4,161,201,520","3,328,961,000",취하,0,0%,2026-04-14,2026_2Q,0
북부 8계 2025-12522,근린주택,근린주택,근린주택,서울,중랑구,"서울 중랑구 중화동 327-46 ,327-47 도도하우징","2,397,054,260","1,534,114,000",낙찰,"1,916,900,000",80.0%,2026-04-14,2026_2Q,0
북부 1계 2025-12547,근린상가,근린상가,근린상가,서울,중랑구,서울 중랑구 상봉동 136-50 4층 410호,"145,000,000","74,240,000",낙찰,"100,000,000",69.0%,2026-04-28,2026_2Q,0
북부 1계 2025-12563,다세대,다세대주택,다세대,서울,중랑구,서울 중랑구 망우동 146-46 현진스위트빌8차 3층 302호,"487,000,000","249,344,000",유찰,0,0%,2026-04-28,2026_2Q,0
북부 8계 2025-12569,다세대,다세대주택,다세대,서울,중랑구,"서울 중랑구 면목동 30-44 ,30-59 도시공간 1층 101호","352,000,000","225,280,000",낙찰,"263,549,440",74.9%,2026-04-14,2026_2Q,0
북부 8계 2025-12577,다세대,다세대주택,다세대,서울,도봉구,서울 도봉구 쌍문동 531-83 가동 1층 1호,"101,000,000","64,640,000",낙찰,"72,700,000",72.0%,2026-04-14,2026_2Q,0
북부 7계 2025-12608,다세대,다세대주택,다세대,서울,강북구,서울 강북구 수유동 442-14 로민하우스 4층 404호,"203,000,000","129,920,000",낙찰,"145,146,000",71.5%,2026-04-07,2026_2Q,0
북부 2계 2025-12628,다세대,다세대주택,다세대,서울,동대문구,서울 동대문구 장안동 392-6 골든캐슬2 101동 3층 303호,"237,000,000","237,000,000",낙찰,"280,000,000",118.1%,2026-04-28,2026_2Q,0
북부 1계 2025-12635,차량,기타토지,기타토지,서울,도봉구,"서울 도봉구 방학동 468-1 내 보관(010-8563-5114, 채권자 웰컴저축은행(주)에게 보관)","9,500,000","9,500,000",낙찰,"9,577,000",100.8%,2026-04-28,2026_2Q,0
북부 5계 2025-12639,아파트,아파트,아파트,서울,도봉구,서울 도봉구 창동 553-50 세명 3층 301호,"435,000,000","278,400,000",낙찰,"305,000,000",70.1%,2026-04-07,2026_2Q,0
북부 5계 2025-12655,단독주택,단독,단독주택,서울,노원구,서울 노원구 상계동 439-14 B동,"790,890,420","506,170,000",유찰,0,0%,2026-04-07,2026_2Q,0
북부 9계 2025-12666,오피스텔(주거),오피스텔,오피스텔(업무용),서울,중랑구,서울 중랑구 상봉동 101-34 상봉드림팰리스 5층 501호,"209,000,000","107,008,000",낙찰,"107,010,000",51.2%,2026-04-14,2026_2Q,0
북부 9계 2025-12697,아파트,아파트,아파트,서울,중랑구,서울 중랑구 신내동 317 데시앙 108동 3층 303호,"830,000,000","664,000,000",취하,0,0%,2026-04-22,2026_2Q,0
북부 1계 2025-12706,연립,연립주택,연립·빌라,서울,동대문구,서울 동대문구 휘경동 43-194 삼흥그린빌라 1층 102호,"635,000,000","406,400,000",낙찰,"465,000,000",73.2%,2026-04-28,2026_2Q,0
북부 7계 2025-12743,연립,연립주택,연립·빌라,서울,성북구,"서울 성북구 정릉동 809 ,809-1 중앙하이츠 4동 3층 304호","465,000,000","238,080,000",낙찰,"325,100,000",69.9%,2026-04-07,2026_2Q,0
북부 8계 2025-12760,근린상가,근린상가,근린상가,서울,강북구,"서울 강북구 수유동 23-10 ,23-73 신우팰리스 2층 202호","206,000,000","164,800,000",낙찰,"190,000,000",92.2%,2026-04-14,2026_2Q,0
북부 1계 2025-12762,다세대,다세대주택,다세대,서울,동대문구,서울 동대문구 장안동 389-12 롯데하이츠 4층 402호,"429,000,000","343,200,000",낙찰,"393,000,000",91.6%,2026-04-28,2026_2Q,0
북부 8계 2025-12835,아파트,아파트,아파트,서울,강북구,"서울 강북구 수유동 730 ,730-2,730-3 래미안수유 102동 15층 1504호","587,000,000","469,600,000",낙찰,"547,599,990",93.3%,2026-04-14,2026_2Q,0
북부 7계 2025-12852,다세대,다세대주택,다세대,서울,중랑구,서울 중랑구 상봉동 32-4 1층 201호,"164,000,000","104,960,000",낙찰,"132,220,000",80.6%,2026-04-07,2026_2Q,0
북부 1계 2025-12864,주상복합(주거),기타토지,기타토지,서울,노원구,"서울 노원구 공릉동 670-2 ,670-3,670-4,670-5,670-13,670-19,670-20,670-32,670-33 노원프레미어스엠코 18층 101-1803호","920,000,000","736,000,000",낙찰,"860,180,000",93.5%,2026-04-28,2026_2Q,0
북부 8계 2025-12880,아파트,아파트,아파트,서울,노원구,서울 노원구 중계동 513 중계무지개 203동 5층 512호,"520,000,000","520,000,000",낙찰,"580,219,000",111.6%,2026-04-14,2026_2Q,0
북부 9계 2025-12917,오피스텔(주거),오피스텔,오피스텔(업무용),서울,성북구,서울 성북구 하월곡동 90-260 갤럭시하월곡 A동 2층 201호,"164,000,000","104,960,000",낙찰,"104,960,000",64.0%,2026-04-14,2026_2Q,0
북부 7계 2025-12969,아파트,아파트,아파트,서울,노원구,서울 노원구 상계동 451 한신 5동 1층 111호,"581,000,000","371,840,000",취하,0,0%,2026-04-30,2026_2Q,0
북부 7계 2025-12987,아파트,아파트,아파트,서울,중랑구,서울 중랑구 면목동 1077-1 용마한신 4동 3층 304호,"147,000,000","94,080,000",낙찰,"101,770,000",69.2%,2026-04-07,2026_2Q,0
북부 7계 2025-13059,다세대,다세대주택,다세대,서울,도봉구,"서울 도봉구 창동 624-17 ,624-43 주건축물 2층 202호","342,000,000","218,880,000",낙찰,"262,000,000",76.6%,2026-04-07,2026_2Q,0
북부 7계 2025-13096,다세대,다세대주택,다세대,서울,성북구,서울 성북구 종암동 1-127 한강뉴스타 103동 2층 202호,"279,000,000","223,200,000",낙찰,"249,000,000",89.2%,2026-04-07,2026_2Q,0
북부 9계 2025-13098,아파트,아파트,아파트,서울,강북구,서울 강북구 번동 459-110 쌍용 101동 10층 1002호,"412,000,000","329,600,000",낙찰,"363,380,000",88.2%,2026-04-14,2026_2Q,0
북부 8계 2025-13106(1),오피스텔,오피스텔,오피스텔(업무용),서울,강북구,서울 강북구 수유동 48-1 제네스타워 6층 609호,"171,000,000","171,000,000",기각,0,0%,2026-04-14,2026_2Q,0
북부 8계 2025-13106(2),오피스텔,오피스텔,오피스텔(업무용),서울,강북구,서울 강북구 수유동 48-1 제네스타워 18층 1802호,"170,000,000","170,000,000",기각,0,0%,2026-04-14,2026_2Q,0
북부 8계 2025-13106(3),오피스텔,오피스텔,오피스텔(업무용),서울,강북구,서울 강북구 수유동 48-1 제네스타워 18층 1801호,"174,000,000","174,000,000",기각,0,0%,2026-04-14,2026_2Q,0
북부 8계 2025-13106(4),오피스텔(주거),오피스텔,오피스텔(업무용),서울,강북구,서울 강북구 수유동 48-1 제네스타워 14층 1401호,"172,000,000","172,000,000",기각,0,0%,2026-04-14,2026_2Q,0
북부 8계 2025-13106(5),오피스텔,오피스텔,오피스텔(업무용),서울,강북구,서울 강북구 수유동 48-1 제네스타워 13층 1302호,"169,000,000","169,000,000",기각,0,0%,2026-04-14,2026_2Q,0
북부 8계 2025-13142,다세대,다세대주택,다세대,서울,중랑구,"서울 중랑구 면목동 14-4 ,14-5 자스민케슬 5층 501호","290,000,000","290,000,000",취하,0,0%,2026-04-14,2026_2Q,0
북부 5계 2025-13181,다세대,다세대주택,다세대,서울,동대문구,서울 동대문구 용두동 232-14 더에이치6차용두 3층 303호,"355,000,000","284,000,000",기각,0,0%,2026-04-07,2026_2Q,0
북부 7계 2025-13248,아파트,아파트,아파트,서울,동대문구,"서울 동대문구 전농동 690 ,691-6,692-1 래미안크레시티 202동 11층 1104호","1,620,000,000","1,296,000,000",낙찰,"1,647,770,000",101.7%,2026-04-07,2026_2Q,0
북부 5계 2025-13256,아파트,아파트,아파트,서울,노원구,서울 노원구 중계동 505 롯데 9동 7층 706호,"1,020,000,000","1,020,000,000",정지,0,0%,2026-04-07,2026_2Q,0
북부 7계 2025-13311,대지,나대지,나대지,서울,동대문구,서울 동대문구 휘경동 194-56,"1,185,690,243","948,552,000",낙찰,"1,111,000,000",93.7%,2026-04-07,2026_2Q,0
북부 7계 2025-13327,주상복합(상가),기타토지,기타토지,서울,성북구,서울 성북구 하월곡동 90-700 베로니스 지1층 비101호,"55,500,000","44,400,000",낙찰,"44,400,000",80.0%,2026-04-07,2026_2Q,0
북부 5계 2025-13381,아파트,아파트,아파트,서울,노원구,서울 노원구 중계동 369 중계2단지주공 201동 5층 502호,"366,000,000","292,800,000",낙찰,"328,800,000",89.8%,2026-04-07,2026_2Q,0
북부 7계 2025-13481,다세대,다세대주택,다세대,서울,강북구,서울 강북구 미아동 323-48 다원힐스빌 4층 401호,"284,000,000","284,000,000",변경,0,0%,2026-04-07,2026_2Q,0
북부 7계 2025-13530,아파트,아파트,아파트,서울,도봉구,서울 도봉구 방학동 272 신동아아파트 3동 12층 1208호,"477,000,000","477,000,000",기각,0,0%,2026-04-20,2026_2Q,0
북부 2계 2025-13911,차량,기타토지,기타토지,서울,도봉구,서울 도봉구 쌍문동 304-14 내 보관(채권자 케이비캐피탈(주)에게 보관),"12,000,000","12,000,000",취하,0,0%,2026-04-28,2026_2Q,0
