사건번호,용도,LTV_광주,LTV_전북,시도,시군구,소재지,감정가,최저가,결과,낙찰가,낙찰율,매각일,분기,기간구분
제주 1계 2018-7780,도로,기타토지,기타토지,제주,서귀포시,제주 서귀포시 호근동 1128-1,"61,659,220","21,149,000",낙찰,"27,500,000",44.6%,2021-05-10,2021_2Q,3
제주 3계 2019-3723(1),숙박시설,숙박시설,숙박시설,제주,제주시,제주 제주시 조천읍 대흘리 1728-2 메이플하우스유스호스텔 1층 101호,"71,000,000","24,353,000",낙찰,"31,959,990",45.0%,2021-05-24,2021_2Q,3
제주 3계 2019-3723(3),숙박시설,숙박시설,숙박시설,제주,제주시,제주 제주시 조천읍 대흘리 1728-2 메이플하우스유스호스텔 1층 103호,"52,000,000","17,836,000",낙찰,"23,499,990",45.2%,2021-05-24,2021_2Q,3
제주 3계 2019-5255,전,전,전,제주,제주시,제주 제주시 구좌읍 세화리 2165,"71,000,000","34,790,000",낙찰,"45,100,000",63.5%,2021-05-24,2021_2Q,3
제주 2계 2019-6791(2),전,전,전,제주,제주시,제주 제주시 한림읍 수원리 266-25,"153,773,000","107,641,000",낙찰,"142,000,000",92.3%,2021-04-05,2021_2Q,3
제주 1계 2019-7725(2),임야,임야,임야,제주,제주시,제주 제주시 구좌읍 월정리 산29-1,"2,003,850,000","687,321,000",낙찰,"808,000,000",40.3%,2021-06-14,2021_2Q,3
제주 1계 2019-7725(3),임야,임야,임야,제주,제주시,제주 제주시 구좌읍 월정리 산29-14,"2,003,850,000","981,887,000",낙찰,"1,100,009,900",54.9%,2021-05-10,2021_2Q,3
제주 5계 2019-8124(2),숙박시설,숙박시설,숙박시설,제주,서귀포시,제주 서귀포시 서귀동 319-2 비스타케이호텔(천지연) 9층 903호,"233,000,000","39,160,000",낙찰,"62,770,000",26.9%,2021-04-26,2021_2Q,3
제주 1계 2019-8636(1),도로,기타토지,기타토지,제주,제주시,제주 제주시 한림읍 상대리 1207-5,"22,885,000","11,214,000",낙찰,"13,811,000",60.3%,2021-06-14,2021_2Q,3
제주 1계 2019-8636(3),전,전,전,제주,제주시,제주 제주시 한림읍 귀덕리 2193-1,"20,151,250","14,106,000",낙찰,"25,120,000",124.7%,2021-05-10,2021_2Q,3
제주 4계 2019-9110,숙박시설,숙박시설,숙박시설,제주,제주시,제주 제주시 연동 253-3 제주센트럴시티호텔 7층 718호,"193,000,000","46,339,000",낙찰,"60,611,000",31.4%,2021-05-31,2021_2Q,3
제주 6계 2019-9134,숙박시설,숙박시설,숙박시설,제주,제주시,"제주 제주시 조천읍 함덕리 3061 ,3065,3066-2,3067,3068,3074,3076 제주함덕라마다호텔 6층 625호","160,000,000","54,880,000",낙찰,"56,100,000",35.1%,2021-05-31,2021_2Q,3
제주 5계 2019-9226(2),임야,임야,임야,제주,서귀포시,제주 서귀포시 성산읍 삼달리 1905,"325,230,000","227,661,000",낙찰,"265,000,000",81.5%,2021-04-26,2021_2Q,3
제주 5계 2019-9226(3),전,전,전,제주,서귀포시,제주 서귀포시 성산읍 삼달리 1906,"283,096,000","138,717,000",낙찰,"155,000,000",54.8%,2021-06-07,2021_2Q,3
제주 5계 2019-9226(9),전,전,전,제주,서귀포시,제주 서귀포시 대정읍 동일리 325-1,"542,476,000","379,733,000",낙찰,"403,000,000",74.3%,2021-04-26,2021_2Q,3
제주 2계 2019-9295,연립,연립주택,연립·빌라,제주,서귀포시,"제주 서귀포시 남원읍 위미리 2807-1 ,2809 대명빌라 4층 506호","174,000,000","85,260,000",낙찰,"101,600,000",58.4%,2021-04-05,2021_2Q,3
제주 5계 2019-9875,숙박시설,숙박시설,숙박시설,제주,서귀포시,제주 서귀포시 서귀동 319-2 비스타케이호텔(천지연) 7층 702호,"211,000,000","50,661,000",낙찰,"55,557,788",26.3%,2021-04-26,2021_2Q,3
제주 1계 2019-10394(2),전,전,전,제주,서귀포시,제주 서귀포시 대정읍 가파리 75-8,"1,815,000","1,271,000",낙찰,"1,300,000",71.6%,2021-05-10,2021_2Q,3
제주 1계 2019-10486,단독주택,단독,단독주택,제주,서귀포시,"제주 서귀포시 안덕면 사계리 791-1 ,792,803-2 까사마르팰리스 101동","482,587,700","236,468,000",낙찰,"306,250,000",63.5%,2021-05-10,2021_2Q,3
제주 1계 2019-10493,단독주택,단독,단독주택,제주,서귀포시,"제주 서귀포시 안덕면 사계리 791-1 ,792,803-2 까사마르팰리스 105동","476,631,760","233,549,000",낙찰,"257,500,000",54.0%,2021-05-10,2021_2Q,3
제주 2계 2019-10554,임야,임야,임야,제주,제주시,제주 제주시 애월읍 유수암리 2789,"2,535,503,000","1,242,396,000",낙찰,"1,531,000,000",60.4%,2021-04-05,2021_2Q,3
제주 2계 2019-21356,근린상가,근린상가,근린상가,제주,서귀포시,"제주 서귀포시 토평동 3085-2 ,-15,3084-3","3,389,899,660","398,819,000",낙찰,"400,110,000",11.8%,2021-06-21,2021_2Q,3
제주 5계 2019-23598,다세대,다세대주택,다세대,제주,제주시,"제주 제주시 구좌읍 종달리 721-2 ,721-3 종달리 A동 1층 101호","181,000,000","88,690,000",낙찰,"135,336,000",74.8%,2021-06-07,2021_2Q,3
제주 3계 2019-25389(1),연립,연립주택,연립·빌라,제주,제주시,제주 제주시 이도이동 1178-12 1층 101호,"91,000,000","63,700,000",낙찰,"72,831,000",80.0%,2021-04-12,2021_2Q,3
제주 3계 2019-25389(2),연립,연립주택,연립·빌라,제주,제주시,제주 제주시 이도이동 1178-12 1층 102호,"91,000,000","63,700,000",낙찰,"86,010,000",94.5%,2021-04-12,2021_2Q,3
제주 3계 2019-25389(3),연립,연립주택,연립·빌라,제주,제주시,제주 제주시 이도이동 1178-12 1층 103호,"89,000,000","62,300,000",낙찰,"80,410,000",90.3%,2021-04-12,2021_2Q,3
제주 3계 2019-25389(4),연립,연립주택,연립·빌라,제주,제주시,제주 제주시 이도이동 1178-12 1층 105호,"89,000,000","62,300,000",낙찰,"71,233,000",80.0%,2021-04-12,2021_2Q,3
제주 3계 2019-25389(5),연립,연립주택,연립·빌라,제주,제주시,제주 제주시 이도이동 1178-12 2층 201호,"94,000,000","65,800,000",낙찰,"80,010,000",85.1%,2021-04-12,2021_2Q,3
제주 3계 2019-25389(6),연립,연립주택,연립·빌라,제주,제주시,제주 제주시 이도이동 1178-12 2층 202호,"94,000,000","65,800,000",낙찰,"92,010,000",97.9%,2021-04-12,2021_2Q,3
제주 3계 2019-25389(7),연립,연립주택,연립·빌라,제주,제주시,제주 제주시 이도이동 1178-12 2층 203호,"92,000,000","64,400,000",낙찰,"87,210,000",94.8%,2021-04-12,2021_2Q,3
제주 3계 2019-25389(8),연립,연립주택,연립·빌라,제주,제주시,제주 제주시 이도이동 1178-12 2층 205호,"92,000,000","64,400,000",낙찰,"73,633,000",80.0%,2021-04-12,2021_2Q,3
제주 4계 2019-25792(1),숙박시설,숙박시설,숙박시설,제주,제주시,제주 제주시 연동 253-3 제주센트럴시티호텔 3층 302호,"180,000,000","43,218,000",낙찰,"55,200,000",30.7%,2021-05-31,2021_2Q,3
제주 4계 2019-25792(2),숙박시설,숙박시설,숙박시설,제주,제주시,제주 제주시 연동 253-3 제주센트럴시티호텔 17층 1704호,"199,000,000","47,780,000",낙찰,"56,000,000",28.1%,2021-05-31,2021_2Q,3
제주 4계 2019-25792(3),숙박시설,숙박시설,숙박시설,제주,제주시,제주 제주시 연동 253-3 제주센트럴시티호텔 3층 314호,"180,000,000","43,218,000",낙찰,"44,328,000",24.6%,2021-05-31,2021_2Q,3
제주 4계 2019-25792(4),숙박시설,숙박시설,숙박시설,제주,제주시,제주 제주시 연동 253-3 제주센트럴시티호텔 4층 401호,"184,000,000","44,178,000",낙찰,"45,288,000",24.6%,2021-05-31,2021_2Q,3
제주 4계 2019-25792(5),숙박시설,숙박시설,숙박시설,제주,제주시,제주 제주시 연동 253-3 제주센트럴시티호텔 4층 405호,"180,000,000","43,218,000",낙찰,"51,100,000",28.4%,2021-05-31,2021_2Q,3
제주 4계 2019-25792(6),숙박시설,숙박시설,숙박시설,제주,제주시,제주 제주시 연동 253-3 제주센트럴시티호텔 4층 415호,"180,000,000","43,218,000",낙찰,"49,152,000",27.3%,2021-05-31,2021_2Q,3
제주 4계 2019-25792(7),숙박시설,숙박시설,숙박시설,제주,제주시,제주 제주시 연동 253-3 제주센트럴시티호텔 5층 518호,"185,000,000","44,419,000",낙찰,"55,711,100",30.1%,2021-05-31,2021_2Q,3
제주 4계 2019-25792(8),숙박시설,숙박시설,숙박시설,제주,제주시,제주 제주시 연동 253-3 제주센트럴시티호텔 10층 1016호,"191,000,000","45,859,000",낙찰,"51,000,000",26.7%,2021-05-31,2021_2Q,3
제주 4계 2019-25792(9),숙박시설,숙박시설,숙박시설,제주,제주시,제주 제주시 연동 253-3 제주센트럴시티호텔 13층 1309호,"429,000,000","147,147,000",낙찰,"155,195,000",36.2%,2021-04-19,2021_2Q,3
제주 4계 2019-25792(10),숙박시설,숙박시설,숙박시설,제주,제주시,제주 제주시 연동 253-3 제주센트럴시티호텔 3층 305호,"180,000,000","43,218,000",낙찰,"55,200,000",30.7%,2021-05-31,2021_2Q,3
제주 4계 2019-25792(11),숙박시설,숙박시설,숙박시설,제주,제주시,제주 제주시 연동 253-3 제주센트럴시티호텔 3층 311호,"180,000,000","43,218,000",낙찰,"55,200,000",30.7%,2021-05-31,2021_2Q,3
제주 4계 2019-25792(12),숙박시설,숙박시설,숙박시설,제주,제주시,제주 제주시 연동 253-3 제주센트럴시티호텔 4층 402호,"180,000,000","43,218,000",낙찰,"46,870,820",26.0%,2021-05-31,2021_2Q,3
제주 4계 2019-25792(13),숙박시설,숙박시설,숙박시설,제주,제주시,제주 제주시 연동 253-3 제주센트럴시티호텔 4층 403호,"180,000,000","43,218,000",낙찰,"46,087,000",25.6%,2021-05-31,2021_2Q,3
제주 4계 2019-25792(14),숙박시설,숙박시설,숙박시설,제주,제주시,제주 제주시 연동 253-3 제주센트럴시티호텔 4층 411호,"180,000,000","43,218,000",낙찰,"45,321,000",25.2%,2021-05-31,2021_2Q,3
제주 4계 2019-25792(15),숙박시설,숙박시설,숙박시설,제주,제주시,제주 제주시 연동 253-3 제주센트럴시티호텔 4층 417호,"180,000,000","43,218,000",낙찰,"56,620,000",31.5%,2021-05-31,2021_2Q,3
제주 4계 2019-25792(16),숙박시설,숙박시설,숙박시설,제주,제주시,제주 제주시 연동 253-3 제주센트럴시티호텔 4층 419호,"180,000,000","43,218,000",낙찰,"49,152,000",27.3%,2021-05-31,2021_2Q,3
제주 4계 2019-25792(17),숙박시설,숙박시설,숙박시설,제주,제주시,제주 제주시 연동 253-3 제주센트럴시티호텔 5층 501호,"190,000,000","45,619,000",낙찰,"57,111,000",30.1%,2021-05-31,2021_2Q,3
제주 4계 2019-25792(18),숙박시설,숙박시설,숙박시설,제주,제주시,제주 제주시 연동 253-3 제주센트럴시티호텔 9층 901호,"196,000,000","47,060,000",낙찰,"52,611,000",26.8%,2021-05-31,2021_2Q,3
제주 4계 2019-25792(19),숙박시설,숙박시설,숙박시설,제주,제주시,제주 제주시 연동 253-3 제주센트럴시티호텔 13층 1307호,"288,000,000","98,784,000",낙찰,"99,850,000",34.7%,2021-04-19,2021_2Q,3
제주 4계 2019-25792(20),숙박시설,숙박시설,숙박시설,제주,제주시,제주 제주시 연동 253-3 제주센트럴시티호텔 3층 301호,"184,000,000","44,178,000",낙찰,"57,111,000",31.0%,2021-05-31,2021_2Q,3
제주 4계 2019-25792(21),숙박시설,숙박시설,숙박시설,제주,제주시,제주 제주시 연동 253-3 제주센트럴시티호텔 3층 308호,"180,000,000","43,218,000",낙찰,"44,328,000",24.6%,2021-05-31,2021_2Q,3
제주 4계 2019-25792(22),숙박시설,숙박시설,숙박시설,제주,제주시,제주 제주시 연동 253-3 제주센트럴시티호텔 3층 315호,"180,000,000","43,218,000",낙찰,"44,328,000",24.6%,2021-05-31,2021_2Q,3
제주 4계 2019-25792(23),숙박시설,숙박시설,숙박시설,제주,제주시,제주 제주시 연동 253-3 제주센트럴시티호텔 4층 404호,"180,000,000","43,218,000",낙찰,"47,622,400",26.5%,2021-05-31,2021_2Q,3
제주 4계 2019-25792(24),숙박시설,숙박시설,숙박시설,제주,제주시,제주 제주시 연동 253-3 제주센트럴시티호텔 4층 407호,"180,000,000","43,218,000",낙찰,"61,100,000",33.9%,2021-05-31,2021_2Q,3
제주 4계 2019-25792(25),숙박시설,숙박시설,숙박시설,제주,제주시,제주 제주시 연동 253-3 제주센트럴시티호텔 4층 416호,"180,000,000","43,218,000",낙찰,"47,218,000",26.2%,2021-05-31,2021_2Q,3
제주 4계 2019-25792(26),숙박시설,숙박시설,숙박시설,제주,제주시,제주 제주시 연동 253-3 제주센트럴시티호텔 3층 306호,"180,000,000","43,218,000",낙찰,"57,778,887",32.1%,2021-05-31,2021_2Q,3
제주 4계 2019-25792(27),숙박시설,숙박시설,숙박시설,제주,제주시,제주 제주시 연동 253-3 제주센트럴시티호텔 3층 318호,"180,000,000","43,218,000",낙찰,"55,558,887",30.9%,2021-05-31,2021_2Q,3
제주 4계 2019-25792(28),숙박시설,숙박시설,숙박시설,제주,제주시,제주 제주시 연동 253-3 제주센트럴시티호텔 4층 414호,"180,000,000","43,218,000",낙찰,"58,887,777",32.7%,2021-05-31,2021_2Q,3
제주 4계 2019-25792(29),숙박시설,숙박시설,숙박시설,제주,제주시,제주 제주시 연동 253-3 제주센트럴시티호텔 4층 418호,"180,000,000","43,218,000",낙찰,"53,310,000",29.6%,2021-05-31,2021_2Q,3
제주 4계 2019-25792(30),숙박시설,숙박시설,숙박시설,제주,제주시,제주 제주시 연동 253-3 제주센트럴시티호텔 9층 916호,"191,000,000","45,859,000",낙찰,"50,959,000",26.7%,2021-05-31,2021_2Q,3
제주 4계 2019-25792(31),숙박시설,숙박시설,숙박시설,제주,제주시,제주 제주시 연동 253-3 제주센트럴시티호텔 13층 1305호,"288,000,000","69,149,000",낙찰,"80,150,000",27.8%,2021-05-31,2021_2Q,3
제주 4계 2019-25792(32),숙박시설,숙박시설,숙박시설,제주,제주시,제주 제주시 연동 253-3 제주센트럴시티호텔 14층 1409호,"295,000,000","70,830,000",낙찰,"86,800,000",29.4%,2021-05-31,2021_2Q,3
제주 4계 2019-25792(33),숙박시설,숙박시설,숙박시설,제주,제주시,제주 제주시 연동 253-3 제주센트럴시티호텔 3층 307호,"180,000,000","43,218,000",낙찰,"48,318,000",26.8%,2021-05-31,2021_2Q,3
제주 6계 2019-26023,숙박시설,숙박시설,숙박시설,제주,서귀포시,제주 서귀포시 서귀동 829-5 엠스테이호텔제주 4층 425호,"139,000,000","33,374,000",낙찰,"43,111,000",31.0%,2021-04-19,2021_2Q,3
제주 6계 2019-26115,임야,임야,임야,제주,서귀포시,제주 서귀포시 성산읍 신산리 83,"278,479,500","136,455,000",낙찰,"183,100,000",65.7%,2021-04-19,2021_2Q,3
제주 5계 2019-26603(1),대지,나대지,나대지,제주,서귀포시,제주 서귀포시 안덕면 창천리 863-2,"241,239,000","168,867,000",낙찰,"168,867,000",70.0%,2021-04-26,2021_2Q,3
제주 5계 2019-26603(2),대지,나대지,나대지,제주,서귀포시,제주 서귀포시 안덕면 창천리 864-3,"108,528,000","75,970,000",낙찰,"76,700,000",70.7%,2021-04-26,2021_2Q,3
제주 5계 2019-26603(3),도로,기타토지,기타토지,제주,서귀포시,제주 서귀포시 안덕면 창천리 864-5,"10,476,000","10,476,000",낙찰,"10,500,000",100.2%,2021-06-07,2021_2Q,3
제주 5계 2019-26603(4),전,전,전,제주,서귀포시,제주 서귀포시 안덕면 창천리 676,"974,764,000","477,635,000",낙찰,"583,000,000",59.8%,2021-06-07,2021_2Q,3
제주 3계 2019-26689(3),단독주택,단독,단독주택,제주,제주시,제주 제주시 조천읍 조천리 2662-1,"3,444,200","1,182,000",낙찰,"1,555,000",45.1%,2021-05-24,2021_2Q,3
제주 2계 2019-26979,임야,임야,임야,제주,서귀포시,제주 서귀포시 성산읍 수산리 2790,"53,476,710","26,204,000",낙찰,"38,484,000",72.0%,2021-05-17,2021_2Q,3
제주 2계 2020-34,전,전,전,제주,서귀포시,제주 서귀포시 색달동 1699-1,"1,603,480,000","785,705,000",낙찰,"951,000,000",59.3%,2021-04-05,2021_2Q,3
제주 1계 2020-65(1),축사,기타토지,기타토지,제주,제주시,"제주 제주시 한림읍 금악리 2891 ,2183-6,2890,2892,2897-1 21호","423,384,000","282,973,000",낙찰,"366,600,000",86.6%,2021-06-14,2021_2Q,3
제주 2계 2020-171,단독주택,단독,단독주택,제주,제주시,제주 제주시 애월읍 하가리 120-19 베네치아휴안 101동호,"427,896,330","299,527,000",낙찰,"320,100,000",74.8%,2021-05-17,2021_2Q,3
제주 6계 2020-249(1),연립,연립주택,연립·빌라,제주,제주시,제주 제주시 한경면 고산리 3148-1 고산뜨레모아11차 101동 1층 101호,"225,000,000","110,250,000",낙찰,"151,800,000",67.5%,2021-04-19,2021_2Q,3
제주 6계 2020-249(4),연립,연립주택,연립·빌라,제주,제주시,제주 제주시 한경면 고산리 3148-1 고산뜨레모아11차 101동 3층 301호,"225,000,000","110,250,000",낙찰,"135,600,000",60.3%,2021-04-19,2021_2Q,3
제주 1계 2020-256(6),연립,연립주택,연립·빌라,제주,제주시,제주 제주시 한경면 고산리 3148-1 고산뜨레모아11차주택 101동 4층 504호,"262,000,000","183,400,000",낙찰,"191,220,000",73.0%,2021-06-14,2021_2Q,3
제주 5계 2020-263(2),과수원,과수원,과수원,제주,서귀포시,제주 서귀포시 서홍동 2332-1,"128,584,000","63,006,000",낙찰,"65,500,000",50.9%,2021-04-26,2021_2Q,3
제주 4계 2020-294,단독주택,단독,단독주택,제주,제주시,제주 제주시 애월읍 소길리 993-1 타운하우스 바동,"309,718,910","106,233,000",낙찰,"180,000,000",58.1%,2021-05-31,2021_2Q,3
제주 2계 2020-386,다세대,다세대주택,다세대,제주,제주시,"제주 제주시 오라이동 3309-1 ,3310,3311 오라만진리치빌2차 101동 4층 502호","304,000,000","212,800,000",낙찰,"268,629,300",88.4%,2021-04-05,2021_2Q,3
제주 3계 2020-485(1),임야,임야,임야,제주,서귀포시,제주 서귀포시 상효동 1154-4,"91,881,000","64,317,000",낙찰,"73,000,000",79.5%,2021-04-12,2021_2Q,3
제주 3계 2020-485(2),임야,임야,임야,제주,서귀포시,제주 서귀포시 상효동 1162-1,"589,720,000","288,963,000",낙찰,"413,333,333",70.1%,2021-05-24,2021_2Q,3
제주 6계 2020-515,오피스텔,오피스텔,오피스텔(업무용),제주,서귀포시,제주 서귀포시 안덕면 화순리 1053-80,"2,073,351,860","711,159,000",낙찰,"1,290,000,000",62.2%,2021-05-31,2021_2Q,3
제주 2계 2020-980,단독주택,단독,단독주택,제주,제주시,제주 제주시 아라일동 385-5 뜨래별타운 212동,"448,127,000","313,689,000",낙찰,"371,000,000",82.8%,2021-06-21,2021_2Q,3
제주 2계 2020-1020(1),주상복합(상가),기타토지,기타토지,제주,서귀포시,제주 서귀포시 중문동 2367-1 삼성홈스테이 1층 102호,"174,000,000","85,260,000",낙찰,"91,600,600",52.6%,2021-04-05,2021_2Q,3
제주 2계 2020-1020(2),주상복합(상가),기타토지,기타토지,제주,서귀포시,제주 서귀포시 중문동 2367-1 삼성홈스테이 1층 103호,"395,000,000","193,550,000",낙찰,"221,210,000",56.0%,2021-04-05,2021_2Q,3
제주 2계 2020-1020(3),주상복합(상가),기타토지,기타토지,제주,서귀포시,제주 서귀포시 중문동 2367-1 삼성홈스테이 1층 104호,"353,000,000","121,079,000",낙찰,"175,100,000",49.6%,2021-05-17,2021_2Q,3
제주 2계 2020-1075(3),전,전,전,제주,제주시,제주 제주시 우도면 연평리 305,"167,020,000","167,020,000",낙찰,"181,999,999",109.0%,2021-04-05,2021_2Q,3
제주 1계 2020-1112(3),근린상가,근린상가,근린상가,제주,제주시,"제주 제주시 노형동 917-2 ,-8,-9 제주노형호텔 2층 201호","614,000,000","210,602,000",낙찰,"317,000,000",51.6%,2021-03-29,2021_1Q,3
제주 1계 2020-1112(6),숙박시설,숙박시설,숙박시설,제주,제주시,"제주 제주시 노형동 917-2 ,-8,-9 제주노형호텔 18층 1812호","220,000,000","75,460,000",낙찰,"75,700,000",34.4%,2021-03-29,2021_1Q,3
제주 5계 2020-1150(1),임야,임야,임야,제주,제주시,제주 제주시 한림읍 협재리 188,"785,370,000","384,831,000",낙찰,"452,100,000",57.6%,2021-06-07,2021_2Q,3
제주 6계 2020-1198,도로,기타토지,기타토지,제주,서귀포시,제주 서귀포시 강정동 3410-5,"5,088,000","1,745,000",낙찰,"1,850,000",36.4%,2021-04-19,2021_2Q,3
제주 5계 2020-1303(2),과수원,과수원,과수원,제주,서귀포시,제주 서귀포시 대포동 1276-2,"2,373,225,000","1,162,881,000",낙찰,"1,278,300,000",53.9%,2021-04-26,2021_2Q,3
제주 1계 2020-1310(1),답,답,답,제주,제주시,제주 제주시 한경면 두모리 2455-1,"182,118,000","127,483,000",낙찰,"191,200,000",105.0%,2021-06-14,2021_2Q,3
제주 1계 2020-1310(3),답,답,답,제주,제주시,제주 제주시 한경면 두모리 2573-1,"73,593,000","51,515,000",낙찰,"66,010,000",89.7%,2021-06-14,2021_2Q,3
제주 1계 2020-1310(4),단독주택,단독,단독주택,제주,제주시,제주 제주시 이도일동 1551-23,"167,846,600","117,493,000",낙찰,"128,566,999",76.6%,2021-06-14,2021_2Q,3
제주 3계 2020-1433,전,전,전,제주,서귀포시,제주 서귀포시 성산읍 삼달리 2249,"1,310,810,000","642,297,000",낙찰,"750,000,000",57.2%,2021-04-12,2021_2Q,3
제주 5계 2020-1501,연립,연립주택,연립·빌라,제주,제주시,제주 제주시 이도이동 1962-2 정현빌 2층 203호,"188,000,000","131,600,000",낙찰,"162,350,000",86.4%,2021-04-26,2021_2Q,3
제주 4계 2020-1525(1),단독주택,단독,단독주택,제주,서귀포시,제주 서귀포시 성산읍 수산리 3058,"293,437,000","205,406,000",낙찰,"251,555,000",85.7%,2021-04-19,2021_2Q,3
제주 3계 2020-1532(1),다세대,다세대주택,다세대,제주,서귀포시,"제주 서귀포시 토평동 1689-14 복수층(상층)1,복수층(하층)1층 201호","266,757,000","186,730,000",낙찰,"226,950,000",85.1%,2021-04-12,2021_2Q,3
제주 3계 2020-1532(2),다세대,다세대주택,다세대,제주,서귀포시,"제주 서귀포시 토평동 1689-14 복수층(상층)1,복수층(하층)1층 301호","266,757,000","130,711,000",낙찰,"194,100,000",72.8%,2021-05-24,2021_2Q,3
제주 3계 2020-1532(3),다세대,다세대주택,다세대,제주,서귀포시,"제주 서귀포시 토평동 1689-14 복수층(상층)1,복수층(하층)1층 501호","266,757,000","130,711,000",낙찰,"193,500,000",72.5%,2021-05-24,2021_2Q,3
제주 3계 2020-1532(4),다세대,다세대주택,다세대,제주,서귀포시,"제주 서귀포시 토평동 1689-14 복수층(상층)1,복수층(하층)1층 601호","266,757,000","186,730,000",낙찰,"186,900,000",70.1%,2021-04-12,2021_2Q,3
제주 2계 2020-1570,전,전,전,제주,서귀포시,제주 서귀포시 대정읍 신도리 1105,"552,624,000","270,786,000",낙찰,"404,599,000",73.2%,2021-04-05,2021_2Q,3
제주 5계 2020-1600(2),과수원,과수원,과수원,제주,제주시,제주 제주시 한림읍 상대리 3404-3,"673,120,000","329,829,000",낙찰,"342,880,000",50.9%,2021-06-07,2021_2Q,3
제주 5계 2020-1600(4),임야,임야,임야,제주,제주시,제주 제주시 한림읍 협재리 2138-3,"794,766,000","556,336,000",낙찰,"750,000,000",94.4%,2021-04-26,2021_2Q,3
제주 2계 2020-1624,단독주택,단독,단독주택,제주,제주시,제주 제주시 조천읍 와산리 1647-10 벨루스 3동,"408,419,150","285,893,000",낙찰,"336,737,287",82.4%,2021-05-17,2021_2Q,3
제주 3계 2020-1686,단독주택,단독,단독주택,제주,서귀포시,제주 서귀포시 대정읍 상모리 1364-8,"278,838,000","136,631,000",낙찰,"193,100,000",69.3%,2021-05-24,2021_2Q,3
제주 2계 2020-1723,다세대,다세대주택,다세대,제주,제주시,제주 제주시 용담일동 243-16 행복빌라 2층 201호,"93,000,000","65,100,000",낙찰,"81,840,390",88.0%,2021-05-17,2021_2Q,3
제주 2계 2020-1822,아파트,아파트,아파트,제주,서귀포시,제주 서귀포시 서홍동 150 금성스마트빌 101동 3층 302호,"225,000,000","157,500,000",낙찰,"195,999,000",87.1%,2021-04-05,2021_2Q,3
제주 2계 2020-1877(1),대지,나대지,나대지,제주,제주시,제주 제주시 한림읍 금악리 2096-3,"8,692,000","6,084,000",낙찰,"7,100,000",81.7%,2021-05-17,2021_2Q,3
제주 2계 2020-1877(2),도로,기타토지,기타토지,제주,제주시,제주 제주시 한림읍 금악리 1871-5,"3,840,000","2,688,000",낙찰,"3,851,000",100.3%,2021-05-17,2021_2Q,3
제주 3계 2020-1884(1),전,전,전,제주,제주시,제주 제주시 도두이동 249,"33,492,960","8,042,000",낙찰,"8,876,720",26.5%,2021-05-24,2021_2Q,3
제주 5계 2020-1907,연립,연립주택,연립·빌라,제주,제주시,제주 제주시 연동 327-4 비산쉐르빌 가동 4층 503호,"216,000,000","151,200,000",낙찰,"176,599,999",81.8%,2021-04-26,2021_2Q,3
제주 5계 2020-2252,전,전,전,제주,제주시,제주 제주시 한림읍 귀덕리 520-1,"577,584,000","404,309,000",낙찰,"491,955,400",85.2%,2021-04-26,2021_2Q,3
제주 2계 2020-2276,다세대,다세대주택,다세대,제주,제주시,"제주 제주시 조천읍 조천리 2145-1 ,2138 조천라오체2차 104동 4층 401호","300,000,000","210,000,000",낙찰,"255,326,000",85.1%,2021-06-21,2021_2Q,3
제주 2계 2020-2320,다세대,다세대주택,다세대,제주,제주시,제주 제주시 이도이동 1049-10 하나빌라 1층 101호,"174,000,000","174,000,000",낙찰,"180,500,000",103.7%,2021-05-17,2021_2Q,3
제주 3계 2020-2344,전,전,전,제주,제주시,제주 제주시 구좌읍 종달리 1352-2,"482,691,164","236,519,000",낙찰,"320,000,000",66.3%,2021-04-12,2021_2Q,3
제주 5계 2020-2382,콘도,기타토지,기타토지,제주,제주시,제주 제주시 조천읍 함덕리 954-1 대명리조트제주 신관동 3층 310호,"82,000,000","57,400,000",낙찰,"67,299,900",82.1%,2021-04-26,2021_2Q,3
제주 2계 2020-2467(1),잡종지,잡종지,잡종지,제주,제주시,제주 제주시 한경면 청수리 2515-4,"5,174,000","5,174,000",낙찰,"6,500,000",125.6%,2021-05-17,2021_2Q,3
제주 2계 2020-2467(2),전,전,전,제주,제주시,제주 제주시 한경면 청수리 2517-4,"6,516,000","6,516,000",낙찰,"8,620,000",132.3%,2021-05-17,2021_2Q,3
제주 3계 2020-2535(1),숙박시설,숙박시설,숙박시설,제주,서귀포시,"제주 서귀포시 중문동 2049-1 예그린하우스 1,2,3층 102호","2,928,000,000","1,004,304,000",낙찰,"1,376,169,999",47.0%,2021-04-12,2021_2Q,3
제주 2계 2020-2603,전,전,전,제주,서귀포시,제주 서귀포시 성산읍 시흥리 464-1,"107,730,000","107,730,000",낙찰,"108,000,000",100.3%,2021-05-17,2021_2Q,3
제주 5계 2020-2634,창고,기타건물,창고,제주,제주시,제주 제주시 용담삼동 2220,"4,372,570,400","3,060,799,000",낙찰,"3,716,000,000",85.0%,2021-04-26,2021_2Q,3
제주 6계 2020-2658,다세대,다세대주택,다세대,제주,제주시,제주 제주시 화북일동 1948-1 수목빌라 2층 201호,"172,938,000","84,740,000",낙찰,"121,111,110",70.0%,2021-04-19,2021_2Q,3
제주 1계 2020-2665,숙박시설,숙박시설,숙박시설,제주,서귀포시,제주 서귀포시 서호동 1522-1 그린트리인서귀포호텔 5층 515호,"135,000,000","46,305,000",낙찰,"52,227,788",38.7%,2021-03-29,2021_1Q,3
제주 2계 2020-2719,전,전,전,제주,제주시,제주 제주시 구좌읍 행원리 2462,"118,712,000","118,712,000",낙찰,"145,000,000",122.1%,2021-05-17,2021_2Q,3
제주 3계 2020-2757,단독주택,단독,단독주택,제주,제주시,제주 제주시 화북이동 4965-5,"785,104,580","549,573,000",낙찰,"601,111,000",76.6%,2021-04-12,2021_2Q,3
제주 2계 2020-2894(2),전,전,전,제주,서귀포시,제주 서귀포시 표선면 세화리 1334,"610,532,000","610,532,000",낙찰,"681,584,000",111.6%,2021-05-17,2021_2Q,3
제주 4계 2020-2917(2),전,전,전,제주,제주시,제주 제주시 애월읍 유수암리 2320,"29,435,000","14,424,000",낙찰,"14,500,000",49.3%,2021-05-31,2021_2Q,3
제주 4계 2020-2917(3),전,전,전,제주,제주시,제주 제주시 애월읍 유수암리 2323,"9,180,000","4,498,000",낙찰,"4,500,000",49.0%,2021-05-31,2021_2Q,3
제주 4계 2020-2917(4),전,전,전,제주,제주시,제주 제주시 애월읍 유수암리 2324,"32,488,000","15,919,000",낙찰,"17,000,000",52.3%,2021-05-31,2021_2Q,3
제주 5계 2020-2986,연립,연립주택,연립·빌라,제주,서귀포시,제주 서귀포시 강정동 5669-1 강정코아루더테라스블루아도시포럼 304동 1층 102호,"300,000,000","210,000,000",낙찰,"290,000,000",96.7%,2021-06-07,2021_2Q,3
제주 6계 2020-3057,전,전,전,제주,서귀포시,제주 서귀포시 성산읍 오조리 2123,"926,100,000","453,789,000",낙찰,"455,000,000",49.1%,2021-04-19,2021_2Q,3
제주 1계 2020-3095,단독주택,단독,단독주택,제주,제주시,제주 제주시 애월읍 어음리 3103 애월윈드스톤 22동,"246,392,940","172,475,000",낙찰,"235,800,900",95.7%,2021-05-10,2021_2Q,3
제주 3계 2020-3149,다세대,다세대주택,다세대,제주,서귀포시,제주 서귀포시 성산읍 고성리 2476-2 유명라비앙 1층 102호,"234,000,000","163,800,000",낙찰,"163,811,000",70.0%,2021-04-12,2021_2Q,3
제주 5계 2020-3224,대지,나대지,나대지,제주,제주시,제주 제주시 건입동 1089-4,"1,521,060,000","1,064,742,000",낙찰,"1,129,999,900",74.3%,2021-06-07,2021_2Q,3
제주 5계 2020-3286,전,전,전,제주,제주시,제주 제주시 한림읍 귀덕리 3572-1,"401,396,000","280,977,000",낙찰,"283,100,000",70.5%,2021-06-07,2021_2Q,3
제주 4계 2020-3415,오피스텔(주거),오피스텔,오피스텔(업무용),제주,제주시,제주 제주시 애월읍 하귀2리 1308-1 가온프라이빗1차 4층 403호,"245,000,000","171,500,000",낙찰,"210,770,000",86.0%,2021-04-19,2021_2Q,3
제주 6계 2020-3422,중기,기타토지,기타토지,제주,제주시,제주 제주시 외도일동 2155-3 제3자(주)세경내 보관,"40,000,000","13,720,000",낙찰,"14,910,000",37.3%,2021-04-19,2021_2Q,3
제주 5계 2020-3477,전,전,전,제주,제주시,제주 제주시 용담이동 1685-1,"1,278,700,000","895,090,000",낙찰,"912,000,000",71.3%,2021-06-07,2021_2Q,3
제주 1계 2020-3545,임야,임야,임야,제주,제주시,제주 제주시 한림읍 명월리 1625,"64,876,000","45,413,000",낙찰,"51,100,000",78.8%,2021-03-29,2021_1Q,3
제주 5계 2020-3583(1),임야,임야,임야,제주,서귀포시,제주 서귀포시 안덕면 상천리 615-7,"103,740,000","72,618,000",낙찰,"84,929,400",81.9%,2021-06-07,2021_2Q,3
제주 5계 2020-3583(2),임야,임야,임야,제주,서귀포시,제주 서귀포시 안덕면 상천리 615-31,"84,280,000","58,996,000",낙찰,"73,100,000",86.7%,2021-06-07,2021_2Q,3
제주 5계 2020-3583(3),임야,임야,임야,제주,서귀포시,제주 서귀포시 표선면 하천리 1724-3,"240,002,000","168,001,000",낙찰,"213,000,000",88.7%,2021-06-07,2021_2Q,3
제주 1계 2020-3606,단독주택,단독,단독주택,제주,제주시,제주 제주시 애월읍 광령리 609-1,"1,285,427,200","629,859,000",낙찰,"630,000,000",49.0%,2021-03-29,2021_1Q,3
제주 4계 2020-3699(1),숙박시설,숙박시설,숙박시설,제주,서귀포시,제주 서귀포시 성산읍 고성리 329-1 제주성산골든튤립호텔 3층 321호,"127,000,000","30,493,000",낙찰,"42,224,444",33.2%,2021-04-19,2021_2Q,3
제주 4계 2020-3699(2),숙박시설,숙박시설,숙박시설,제주,서귀포시,제주 서귀포시 성산읍 고성리 329-1 제주성산골든튤립호텔 3층 322호,"127,000,000","30,493,000",낙찰,"42,221,111",33.2%,2021-04-19,2021_2Q,3
제주 3계 2020-3743(2),전,전,전,제주,서귀포시,제주 서귀포시 표선면 표선리 1352-2,"983,535,000","481,933,000",낙찰,"650,000,000",66.1%,2021-06-28,2021_2Q,3
제주 2계 2020-3811,전,전,전,제주,제주시,제주 제주시 우도면 연평리 971-2,"473,052,000","331,136,000",낙찰,"389,110,000",82.3%,2021-06-21,2021_2Q,3
제주 3계 2020-3828,전,전,전,제주,제주시,제주 제주시 우도면 연평리 677-2,"176,660,000","176,660,000",낙찰,"212,100,000",120.1%,2021-04-12,2021_2Q,3
제주 6계 2020-3958,임야,임야,임야,제주,서귀포시,제주 서귀포시 안덕면 상천리 626-2,"12,533,000","6,141,000",낙찰,"6,190,000",49.4%,2021-05-31,2021_2Q,3
제주 3계 2020-3989(1),숙박시설,숙박시설,숙박시설,제주,제주시,제주 제주시 연동 274-64 디오션시티2차 11층 1112호,"210,000,000","147,000,000",낙찰,"170,300,000",81.1%,2021-05-24,2021_2Q,3
제주 3계 2020-3989(2),숙박시설,숙박시설,숙박시설,제주,제주시,제주 제주시 연동 274-64 디오션시티2차 12층 1218호,"132,000,000","92,400,000",낙찰,"100,000,000",75.8%,2021-05-24,2021_2Q,3
제주 3계 2020-3989(3),숙박시설,숙박시설,숙박시설,제주,제주시,제주 제주시 연동 274-64 디오션시티2차 14층 1418호,"133,000,000","65,170,000",낙찰,"83,500,000",62.8%,2021-06-28,2021_2Q,3
제주 3계 2020-4043(2),임야,임야,임야,제주,서귀포시,제주 서귀포시 상효동 1475-16,"228,317,000","111,875,000",낙찰,"146,187,000",64.0%,2021-06-28,2021_2Q,3
제주 4계 2020-4067,단독주택,단독,단독주택,제주,서귀포시,제주 서귀포시 표선면 가시리 329-9,"502,630,560","246,289,000",낙찰,"295,200,000",58.7%,2021-04-19,2021_2Q,3
제주 1계 2020-4142,전,전,전,제주,제주시,제주 제주시 월평동 1172,"1,873,713,000","1,311,599,000",낙찰,"1,412,000,000",75.4%,2021-06-14,2021_2Q,3
제주 1계 2020-4210,임야,임야,임야,제주,서귀포시,제주 서귀포시 표선면 성읍리 2124-15,"2,022,965,000","1,416,076,000",낙찰,"1,577,110,000",78.0%,2021-06-14,2021_2Q,3
제주 3계 2020-4340(1),숙박시설,숙박시설,숙박시설,제주,제주시,제주 제주시 연동 274-64 디오션시티2차 11층 1124호,"198,000,000","97,020,000",낙찰,"147,250,000",74.4%,2021-06-28,2021_2Q,3
제주 3계 2020-4340(2),숙박시설,숙박시설,숙박시설,제주,제주시,제주 제주시 연동 274-64 디오션시티2차 15층 1516호,"136,000,000","66,640,000",낙찰,"91,100,000",67.0%,2021-06-28,2021_2Q,3
제주 2계 2020-4395,전,전,전,제주,서귀포시,제주 서귀포시 안덕면 사계리 888-1,"163,513,000","114,459,000",낙찰,"131,110,000",80.2%,2021-06-21,2021_2Q,3
제주 3계 2020-4524,잡종지,잡종지,잡종지,제주,서귀포시,제주 서귀포시 대정읍 상모리 4128-2,"50,439,000","24,715,000",낙찰,"28,130,000",55.8%,2021-06-28,2021_2Q,3
제주 6계 2020-4555,도로,기타토지,기타토지,제주,제주시,제주 제주시 애월읍 애월리 20-1,"10,788,000","5,286,000",낙찰,"5,293,000",49.1%,2021-05-31,2021_2Q,3
제주 1계 2020-4562,임야,임야,임야,제주,제주시,제주 제주시 한경면 저지리 2853,"325,000,000","325,000,000",낙찰,"401,880,000",123.7%,2021-06-14,2021_2Q,3
제주 4계 2020-4609(1),창고,기타건물,창고,제주,서귀포시,제주 서귀포시 성산읍 수산리 769,"720,180,000","504,126,000",낙찰,"605,000,000",84.0%,2021-04-19,2021_2Q,3
제주 4계 2020-4609(2),임야,임야,임야,제주,서귀포시,제주 서귀포시 성산읍 시흥리 2413,"796,876,000","390,469,000",낙찰,"436,070,000",54.7%,2021-05-31,2021_2Q,3
제주 6계 2020-4616,아파트,아파트,아파트,제주,제주시,제주 제주시 조천읍 신촌리 1792-7 에스디빌103 6층 601호,"290,000,000","203,000,000",낙찰,"255,100,000",88.0%,2021-04-19,2021_2Q,3
제주 3계 2020-4647(2),전,전,전,제주,서귀포시,제주 서귀포시 대정읍 신평리 1337-1,"16,836,000","11,785,000",낙찰,"13,559,900",80.5%,2021-06-28,2021_2Q,3
제주 3계 2020-4760(1),임야,임야,임야,제주,서귀포시,제주 서귀포시 강정동 1801,"922,464,000","922,464,000",낙찰,"922,464,000",100.0%,2021-05-24,2021_2Q,3
제주 3계 2020-4760(2),임야,임야,임야,제주,서귀포시,제주 서귀포시 강정동 1805,"168,606,000","168,606,000",낙찰,"168,606,000",100.0%,2021-05-24,2021_2Q,3
제주 4계 2020-4777,전,전,전,제주,서귀포시,제주 서귀포시 남원읍 신례리 1751-2,"16,500,000","5,660,000",낙찰,"5,750,000",34.8%,2021-04-19,2021_2Q,3
제주 6계 2020-4852,임야,임야,임야,제주,제주시,제주 제주시 한경면 청수리 2776,"394,823,000","276,376,000",낙찰,"350,010,000",88.6%,2021-04-19,2021_2Q,3
제주 2계 2020-4876,주차장용지,기타토지,주차장용지,제주,제주시,제주 제주시 용담삼동 1274-2,"2,406,240,000","1,684,368,000",낙찰,"2,215,000,000",92.1%,2021-06-21,2021_2Q,3
제주 1계 2020-5053(2),숙박시설,숙박시설,숙박시설,제주,제주시,"제주 제주시 조천읍 함덕리 3061 ,3065,3066-2,3067,3068,3074,3076 제주함덕라마다호텔 2층 225호","139,000,000","68,110,000",낙찰,"68,221,111",49.1%,2021-06-14,2021_2Q,3
제주 6계 2020-5091,전,전,전,제주,제주시,제주 제주시 해안동 505-2,"7,920,000","5,544,000",낙찰,"6,190,000",78.2%,2021-05-31,2021_2Q,3
제주 1계 2020-5107(1),아파트,아파트,아파트,제주,서귀포시,제주 서귀포시 안덕면 화순리 1131 블루팰리스 102동 2층 202호,"221,000,000","154,700,000",낙찰,"187,859,000",85.0%,2021-05-10,2021_2Q,3
제주 1계 2020-5107(4),아파트,아파트,아파트,제주,서귀포시,제주 서귀포시 안덕면 화순리 1131 블루팰리스 102동 4층 401호,"225,000,000","157,500,000",낙찰,"180,090,000",80.0%,2021-05-10,2021_2Q,3
제주 3계 2020-5121,임야,임야,임야,제주,제주시,제주 제주시 애월읍 어음리 1083,"637,654,000","312,451,000",낙찰,"371,100,000",58.2%,2021-06-28,2021_2Q,3
제주 2계 2020-5183,대지,나대지,나대지,제주,서귀포시,제주 서귀포시 대정읍 무릉리 3228,"19,496,600","13,675,000",낙찰,"14,979,990",76.8%,2021-06-21,2021_2Q,3
제주 6계 2020-5220,다세대,다세대주택,다세대,제주,서귀포시,제주 서귀포시 하원동 537 골드빌2차 104동 4층 402호,"405,000,000","283,500,000",낙찰,"330,000,000",81.5%,2021-05-31,2021_2Q,3
제주 6계 2020-5336(1),아파트,아파트,아파트,제주,서귀포시,제주 서귀포시 안덕면 화순리 1131 블루팰리스 101동 6층 602호,"237,000,000","165,900,000",낙찰,"184,900,900",78.0%,2021-05-31,2021_2Q,3
제주 6계 2020-5336(3),아파트,아파트,아파트,제주,서귀포시,제주 서귀포시 안덕면 화순리 1131 블루팰리스 101동 6층 605호,"237,000,000","165,900,000",낙찰,"191,000,000",80.6%,2021-05-31,2021_2Q,3
제주 1계 2020-5466(1),전,전,전,제주,서귀포시,제주 서귀포시 안덕면 창천리 1400,"170,544,000","119,381,000",낙찰,"120,000,000",70.4%,2021-06-14,2021_2Q,3
제주 1계 2020-5466(2),임야,임야,임야,제주,제주시,제주 제주시 구좌읍 김녕리 5207,"371,106,000","259,774,000",낙찰,"284,444,000",76.6%,2021-06-14,2021_2Q,3
제주 4계 2020-5497,임야,임야,임야,제주,서귀포시,제주 서귀포시 성산읍 삼달리 2162-2,"99,204,000","99,204,000",낙찰,"101,110,000",101.9%,2021-04-19,2021_2Q,3
제주 1계 2020-5527,대지,나대지,나대지,제주,제주시,제주 제주시 구좌읍 하도리 2214,"447,370,000","313,159,000",낙찰,"354,444,000",79.2%,2021-06-14,2021_2Q,3
제주 1계 2020-5640,점포,근린상가,점포상가,제주,제주시,"제주 제주시 한림읍 협재리 1536-1 ,-2","821,196,800","574,838,000",낙찰,"670,000,000",81.6%,2021-06-14,2021_2Q,3
제주 4계 2020-5657,과수원,과수원,과수원,제주,서귀포시,제주 서귀포시 상예동 3299,"61,488,000","43,042,000",낙찰,"46,116,720",75.0%,2021-05-31,2021_2Q,3
제주 6계 2020-5695(1),단독주택,단독,단독주택,제주,서귀포시,제주 서귀포시 대정읍 영락리 2112 A동호,"372,670,000","260,869,000",낙찰,"281,100,000",75.4%,2021-05-31,2021_2Q,3
제주 6계 2020-5695(2),단독주택,단독,단독주택,제주,서귀포시,제주 서귀포시 대정읍 영락리 2112-8,"260,669,000","182,468,000",낙찰,"210,694,000",80.8%,2021-05-31,2021_2Q,3
제주 1계 2020-5701,대지,나대지,나대지,제주,제주시,제주 제주시 한림읍 협재리 1805,"618,113,000","432,679,000",낙찰,"600,999,999",97.2%,2021-06-14,2021_2Q,3
제주 6계 2020-5756,대지,나대지,나대지,제주,제주시,제주 제주시 애월읍 수산리 1186-7,"354,412,000","248,088,000",낙찰,"291,171,000",82.2%,2021-05-31,2021_2Q,3
제주 3계 2020-5848,단독주택,단독,단독주택,제주,서귀포시,제주 서귀포시 표선면 세화리 1543-4,"607,147,420","425,003,000",낙찰,"445,000,000",73.3%,2021-06-28,2021_2Q,3
제주 1계 2020-5886(1),근린상가,근린상가,근린상가,제주,서귀포시,제주 서귀포시 표선면 세화리 1512-5 104동 1층 101호,"332,000,000","232,400,000",낙찰,"282,000,000",84.9%,2021-06-14,2021_2Q,3
제주 1계 2020-5886(2),근린상가,근린상가,근린상가,제주,서귀포시,제주 서귀포시 표선면 세화리 1512-5 104동 2층 201호,"183,000,000","128,100,000",낙찰,"153,161,000",83.7%,2021-06-14,2021_2Q,3
제주 1계 2020-6001(2),다세대,다세대주택,다세대,제주,서귀포시,제주 서귀포시 중문동 1653 주영빌라 1층 102호,"153,000,000","107,100,000",낙찰,"121,010,000",79.1%,2021-06-14,2021_2Q,3
제주 3계 2020-6025,전,전,전,제주,제주시,제주 제주시 구좌읍 하도리 3008,"747,450,000","523,215,000",낙찰,"612,910,000",82.0%,2021-06-28,2021_2Q,3
제주 1계 2020-6063(1),아파트,아파트,아파트,제주,서귀포시,제주 서귀포시 안덕면 화순리 1131 블루팰리스 101동 3층 302호,"226,000,000","158,200,000",낙찰,"161,200,000",71.3%,2021-06-14,2021_2Q,3
제주 1계 2020-6063(2),아파트,아파트,아파트,제주,서귀포시,제주 서귀포시 안덕면 화순리 1131 블루팰리스 101동 3층 305호,"226,000,000","158,200,000",낙찰,"161,200,000",71.3%,2021-06-14,2021_2Q,3
제주 1계 2020-6063(3),아파트,아파트,아파트,제주,서귀포시,제주 서귀포시 안덕면 화순리 1131 블루팰리스 101동 4층 402호,"226,000,000","158,200,000",낙찰,"162,170,000",71.8%,2021-06-14,2021_2Q,3
제주 3계 2020-6087,단독주택,단독,단독주택,제주,서귀포시,제주 서귀포시 안덕면 서광리 2129-1,"404,515,860","283,161,000",낙찰,"290,850,000",71.9%,2021-06-28,2021_2Q,3
제주 3계 2020-6148,단독주택,단독,단독주택,제주,제주시,제주 제주시 한림읍 상대리 901 1동호,"921,762,000","645,233,000",낙찰,"711,100,000",77.1%,2021-06-28,2021_2Q,3
제주 1계 2020-6209,대지,나대지,나대지,제주,서귀포시,제주 서귀포시 상예동 1216-6,"123,747,000","123,747,000",낙찰,"138,800,000",112.2%,2021-06-14,2021_2Q,3
제주 1계 2020-6247,차량,기타토지,기타토지,제주,제주시,제주 제주시 외도일동 2155-3 (주)세경내보관,"12,000,000","8,400,000",낙찰,"11,410,000",95.1%,2021-03-29,2021_1Q,3
제주 3계 2020-6261(1),임야,임야,임야,제주,제주시,제주 제주시 구좌읍 송당리 129,"256,888,000","179,822,000",낙찰,"257,100,000",100.1%,2021-04-12,2021_2Q,3
제주 3계 2020-6261(4),전,전,전,제주,제주시,제주 제주시 구좌읍 송당리 136,"702,520,000","344,235,000",낙찰,"439,160,000",62.5%,2021-05-24,2021_2Q,3
제주 3계 2020-6261(5),전,전,전,제주,제주시,제주 제주시 구좌읍 송당리 136-4,"694,225,000","340,171,000",낙찰,"360,177,000",51.9%,2021-05-24,2021_2Q,3
제주 3계 2020-6261(6),전,전,전,제주,제주시,제주 제주시 구좌읍 송당리 136-5,"637,000,000","218,491,000",낙찰,"297,000,000",46.6%,2021-06-28,2021_2Q,3
제주 3계 2020-6261(7),전,전,전,제주,제주시,제주 제주시 구좌읍 송당리 136-6,"304,000,000","104,272,000",낙찰,"145,100,000",47.7%,2021-06-28,2021_2Q,3
제주 3계 2020-6261(8),전,전,전,제주,제주시,제주 제주시 구좌읍 송당리 136-7,"633,600,000","217,325,000",낙찰,"297,000,000",46.9%,2021-06-28,2021_2Q,3
제주 3계 2020-6261(9),전,전,전,제주,제주시,제주 제주시 구좌읍 송당리 136-8,"429,000,000","147,147,000",낙찰,"207,000,000",48.3%,2021-06-28,2021_2Q,3
제주 3계 2020-6261(10),전,전,전,제주,제주시,제주 제주시 구좌읍 송당리 136-9,"925,632,000","453,559,000",낙찰,"463,000,000",50.0%,2021-05-24,2021_2Q,3
제주 4계 2020-6339(2),숙박시설,숙박시설,숙박시설,제주,제주시,제주 제주시 연동 282-3 밸류호텔제주 4층 421호,"186,000,000","63,798,000",낙찰,"64,199,000",34.5%,2021-05-31,2021_2Q,3
제주 4계 2020-6452,전,전,전,제주,제주시,제주 제주시 구좌읍 평대리 2408,"276,289,000","276,289,000",낙찰,"750,000,000",271.5%,2021-04-19,2021_2Q,3
제주 3계 2020-6575,전,전,전,제주,제주시,제주 제주시 애월읍 하귀2리 2895-2,"901,930,000","631,351,000",낙찰,"665,500,000",73.8%,2021-06-28,2021_2Q,3
제주 4계 2020-6582,전,전,전,제주,서귀포시,제주 서귀포시 안덕면 서광리 2127-1,"329,781,000","230,847,000",낙찰,"280,200,000",85.0%,2021-04-19,2021_2Q,3
제주 6계 2020-6728,아파트,아파트,아파트,제주,제주시,제주 제주시 도련일동 1585-5 반석스위트타운 나동 4층 401호,"116,000,000","81,200,000",낙찰,"116,100,000",100.1%,2021-05-31,2021_2Q,3
제주 6계 2020-6773,콘도,기타토지,기타토지,제주,제주시,"제주 제주시 애월읍 봉성리 52-3 ,-4,-17,-18,-19,-20 타미우스골프앤빌리지콘도미니엄 118동 1층 1807호","13,100,000","13,100,000",낙찰,"13,100,000",100.0%,2021-04-19,2021_2Q,3
제주 4계 2020-6810,임야,임야,임야,제주,서귀포시,제주 서귀포시 표선면 성읍리 1585,"175,372,000","122,760,000",낙찰,"155,500,000",88.7%,2021-04-19,2021_2Q,3
제주 3계 2020-6865,다세대,다세대주택,다세대,제주,서귀포시,제주 서귀포시 호근동 2000-1 헤렌시움 101동 3층 302호,"315,000,000","220,500,000",낙찰,"245,000,000",77.8%,2021-06-28,2021_2Q,3
제주 4계 2020-7059(2),임야,임야,임야,제주,제주시,제주 제주시 추자면 신양리 8,"2,711,800","2,711,800",낙찰,"3,730,000",137.5%,2021-05-31,2021_2Q,3
제주 3계 2020-7349(4),임야,임야,임야,제주,제주시,제주 제주시 회천동 426-3,"12,648,000","12,648,000",낙찰,"26,100,000",206.4%,2021-06-28,2021_2Q,3
제주 4계 2020-7486,단독주택,단독,단독주택,제주,제주시,제주 제주시 애월읍 신엄리 2681 풍경마을 101동,"417,672,000","292,370,000",낙찰,"356,990,000",85.5%,2021-04-19,2021_2Q,3
제주 4계 2020-7592,단독주택,단독,단독주택,제주,서귀포시,제주 서귀포시 표선면 세화리 215 다미타운하우스 106호,"309,255,670","151,535,000",낙찰,"232,150,000",75.1%,2021-05-31,2021_2Q,3
제주 4계 2020-7929,단독주택,단독,단독주택,제주,제주시,제주 제주시 애월읍 소길리 993-1 마동,"327,668,720","160,558,000",낙찰,"195,600,000",59.7%,2021-05-31,2021_2Q,3
제주 1계 2020-7998(1),중기,기타토지,기타토지,제주,제주시,제주 제주시 용담삼동 1274-1 현대물품보관소내 보관,"17,000,000","8,330,000",낙찰,"9,159,990",53.9%,2021-03-29,2021_1Q,3
제주 1계 2020-7998(2),중기,기타토지,기타토지,제주,제주시,제주 제주시 용담삼동 1274-1 현대물품보관소내 보관,"23,000,000","11,270,000",낙찰,"15,600,000",67.8%,2021-03-29,2021_1Q,3
제주 1계 2020-7998(3),중기,기타토지,기타토지,제주,제주시,제주 제주시 용담삼동 1274-1 현대물품보관소내 보관,"20,000,000","9,800,000",낙찰,"14,600,000",73.0%,2021-03-29,2021_1Q,3
제주 1계 2020-7998(4),차량,기타토지,기타토지,제주,제주시,제주 제주시 용담삼동 1274-1 현대물품보관소내 보관,"4,000,000","1,960,000",낙찰,"2,000,000",50.0%,2021-03-29,2021_1Q,3
제주 2계 2020-8007,차량,기타토지,기타토지,제주,제주시,제주 제주시 용담삼동 1274-1 제3자현대물품보관소(주)에게보관,"9,000,000","9,000,000",낙찰,"10,000,000",111.1%,2021-05-17,2021_2Q,3
제주 4계 2020-8106(2),단독주택,단독,단독주택,제주,서귀포시,제주 서귀포시 서홍동 2065-7,"435,576,800","304,904,000",낙찰,"321,020,900",73.7%,2021-05-31,2021_2Q,3
제주 3계 2020-8182,아파트,아파트,아파트,제주,서귀포시,제주 서귀포시 중문동 1725 중문남해오네뜨오션힐 103동 2층 202호,"270,000,000","270,000,000",낙찰,"289,999,900",107.4%,2021-06-28,2021_2Q,3
제주 6계 2020-8571(2),차량,기타토지,기타토지,제주,제주시,제주 제주시 외도일동 2155-3 제3자(주)세경내 보관,"13,000,000","9,100,000",낙찰,"9,311,000",71.6%,2021-04-19,2021_2Q,3
제주 2계 2020-8595,차량,기타토지,기타토지,제주,제주시,제주 제주시 외도일동 2155-3 제3자(주)세경에게보관,"12,500,000","8,750,000",낙찰,"9,000,000",72.0%,2021-06-21,2021_2Q,3
제주 4계 2020-8731,아파트형공장,공장(지식산업센터 업무시설),공장,제주,서귀포시,제주 서귀포시 서호동 1605 제주유포리아지식산업센터 씨존동 6층 618호,"125,000,000","87,500,000",낙찰,"98,000,000",78.4%,2021-05-31,2021_2Q,3
제주 2계 2020-8779,차량,기타토지,기타토지,제주,제주시,제주 제주시 용담삼동 1274-1 제3자현대물품보관소내 보관,"19,000,000","13,300,000",낙찰,"18,154,000",95.5%,2021-05-17,2021_2Q,3
제주 4계 2020-8915,오피스텔,오피스텔,오피스텔(업무용),제주,서귀포시,제주 서귀포시 동홍동 393-3 지예타워브이 4층 402호,"227,000,000","158,900,000",낙찰,"191,000,000",84.1%,2021-05-31,2021_2Q,3
제주 4계 2020-8977,임야,임야,임야,제주,서귀포시,제주 서귀포시 대정읍 구억리 274-5,"205,554,000","143,888,000",낙찰,"192,399,990",93.6%,2021-05-31,2021_2Q,3
제주 4계 2020-9161,대지,나대지,나대지,제주,제주시,제주 제주시 조천읍 함덕리 2943-5,"15,174,000","15,174,000",낙찰,"20,380,000",134.3%,2021-04-19,2021_2Q,3
제주 4계 2020-9215(1),아파트,아파트,아파트,제주,제주시,"제주 제주시 연동 273-43 ,-44,-49 제주연동리슈빌디에스 11층 1102호","142,000,000","99,400,000",낙찰,"125,100,000",88.1%,2021-05-31,2021_2Q,3
제주 4계 2020-9215(2),아파트,아파트,아파트,제주,제주시,"제주 제주시 연동 273-43 ,-44,-49 제주연동리슈빌디에스 11층 1103호","142,000,000","99,400,000",낙찰,"131,000,000",92.3%,2021-05-31,2021_2Q,3
제주 6계 2020-10192,차량,기타토지,기타토지,제주,제주시,제주 제주시 외도일동 2155-3 제3자(주)세경내 보관,"22,000,000","15,400,000",낙찰,"18,317,000",83.3%,2021-05-31,2021_2Q,3
제주 4계 2020-10420,전,전,전,제주,서귀포시,제주 서귀포시 남원읍 남원리 2401-8,"969,184,470","969,184,470",낙찰,"1,130,000,000",116.6%,2021-04-19,2021_2Q,3
제주 5계 2020-20083(4),임야,임야,임야,제주,제주시,제주 제주시 구좌읍 한동리 3310,"536,280,000","262,777,000",낙찰,"418,865,800",78.1%,2021-04-26,2021_2Q,3
제주 6계 2020-20441,주상복합(주거),기타토지,기타토지,제주,제주시,제주 제주시 외도일동 640-2 해마루풍경 101동 10층 1103호,"305,000,000","213,500,000",낙찰,"291,311,990",95.5%,2021-04-19,2021_2Q,3
제주 6계 2020-20533(1),임야,임야,임야,제주,제주시,제주 제주시 한림읍 금악리 2184-2,"44,352,000","21,732,000",낙찰,"30,099,900",67.9%,2021-04-19,2021_2Q,3
제주 2계 2020-20670,아파트,아파트,아파트,제주,서귀포시,제주 서귀포시 서호동 1545 제주서귀포혁신도시LH2단지 209동 10층 1002호,"439,000,000","307,300,000",낙찰,"381,000,000",86.8%,2021-05-17,2021_2Q,3
제주 2계 2020-20724,전,전,전,제주,제주시,제주 제주시 한림읍 상명리 387-2,"133,836,000","93,685,000",낙찰,"98,650,000",73.7%,2021-04-05,2021_2Q,3
제주 1계 2020-20762,임야,임야,임야,제주,제주시,제주 제주시 구좌읍 상도리 산88,"166,950,000","57,264,000",낙찰,"71,620,000",42.9%,2021-05-10,2021_2Q,3
제주 2계 2020-20823,전,전,전,제주,서귀포시,제주 서귀포시 대정읍 신도리 2349-22,"36,300,000","17,787,000",낙찰,"26,111,000",71.9%,2021-06-21,2021_2Q,3
제주 5계 2020-21000,단독주택,단독,단독주택,제주,서귀포시,제주 서귀포시 안덕면 창천리 705-10,"478,200,525","334,740,000",낙찰,"385,000,000",80.5%,2021-04-26,2021_2Q,3
제주 2계 2020-21277,단독주택,단독,단독주택,제주,제주시,제주 제주시 조천읍 조천리 3099,"24,777,930","24,777,930",낙찰,"27,200,000",109.8%,2021-04-05,2021_2Q,3
제주 5계 2020-21734,단독주택,단독,단독주택,제주,서귀포시,제주 서귀포시 남원읍 태흥리 1184 110동,"373,447,310","261,413,000",낙찰,"281,000,000",75.2%,2021-04-26,2021_2Q,3
제주 2계 2020-21765,전,전,전,제주,서귀포시,제주 서귀포시 대정읍 하모리 524-7,"94,302,000","94,302,000",낙찰,"125,290,000",132.9%,2021-05-17,2021_2Q,3
제주 2계 2020-21888,연립,연립주택,연립·빌라,제주,제주시,"제주 제주시 해안동 2080-3 ,1970-14 세광빌 다동 4층 502호","190,000,000","133,000,000",낙찰,"172,990,000",91.0%,2021-06-21,2021_2Q,3
제주 1계 2020-21932,숙박시설,숙박시설,숙박시설,제주,제주시,"제주 제주시 한림읍 협재리 12 ,-3,-4 1동","3,476,611,160","1,703,540,000",낙찰,"1,931,000,000",55.5%,2021-06-14,2021_2Q,3
제주 1계 2020-22003,오피스텔(주거),오피스텔,오피스텔(업무용),제주,제주시,제주 제주시 노형동 709 에코트윈 A동 3층 301호,"306,000,000","214,200,000",낙찰,"281,700,000",92.1%,2021-03-29,2021_1Q,3
제주 2계 2020-22010(2),임야,임야,임야,제주,제주시,제주 제주시 한경면 청수리 산5-2,"56,675,340","39,673,000",낙찰,"45,990,000",81.1%,2021-06-21,2021_2Q,3
제주 5계 2020-22096(1),임야,임야,임야,제주,제주시,제주 제주시 해안동 산212-2,"239,387,460","117,300,000",낙찰,"117,300,000",49.0%,2021-06-07,2021_2Q,3
제주 3계 2020-22140(1),단독주택,단독,단독주택,제주,서귀포시,제주 서귀포시 상효동 831,"642,091,400","449,464,000",낙찰,"521,212,000",81.2%,2021-04-12,2021_2Q,3
제주 3계 2020-22140(2),과수원,과수원,과수원,제주,서귀포시,제주 서귀포시 상효동 646,"268,595,600","131,612,000",낙찰,"170,088,000",63.3%,2021-05-24,2021_2Q,3
제주 5계 2020-22218,아파트,아파트,아파트,제주,제주시,"제주 제주시 연동 2312-4 ,2307-4 연동정한 나동 4층 407호","33,060,000","23,142,000",낙찰,"23,555,000",71.2%,2021-06-07,2021_2Q,3
제주 3계 2020-22256,근린주택,근린주택,근린주택,제주,제주시,제주 제주시 일도이동 103-15,"162,806,180","79,775,000",낙찰,"96,570,000",59.3%,2021-05-24,2021_2Q,3
제주 1계 2020-22355,아파트,아파트,아파트,제주,제주시,"제주 제주시 화북이동 4955-2 ,-16 문화 가동 7층 801호","210,000,000","210,000,000",낙찰,"210,000,000",100.0%,2021-03-29,2021_1Q,3
제주 3계 2020-22386(1),임야,임야,임야,제주,서귀포시,제주 서귀포시 안덕면 동광리 산41,"77,517,360","37,983,000",낙찰,"43,111,000",55.6%,2021-05-24,2021_2Q,3
제주 3계 2020-22386(2),임야,임야,임야,제주,서귀포시,제주 서귀포시 안덕면 동광리 산93,"55,554,480","27,222,000",낙찰,"30,111,000",54.2%,2021-05-24,2021_2Q,3
제주 2계 2020-22485,임야,임야,임야,제주,서귀포시,제주 서귀포시 성산읍 수산리 2927-3,"54,560,000","54,560,000",낙찰,"54,760,000",100.4%,2021-05-17,2021_2Q,3
제주 3계 2020-22492,오피스텔(주거),오피스텔,오피스텔(업무용),제주,제주시,제주 제주시 한림읍 한림리 1200-7 해원 6층 604호,"196,000,000","137,200,000",낙찰,"138,000,000",70.4%,2021-04-12,2021_2Q,3
제주 3계 2020-22553,임야,임야,임야,제주,제주시,제주 제주시 조천읍 선흘리 2178-3,"9,900,000","6,930,000",낙찰,"7,000,000",70.7%,2021-05-24,2021_2Q,3
제주 3계 2020-22614,임야,임야,임야,제주,제주시,제주 제주시 조천읍 교래리 401,"488,664,000","488,664,000",낙찰,"518,000,000",106.0%,2021-04-12,2021_2Q,3
제주 5계 2020-23419,임야,임야,임야,제주,제주시,제주 제주시 한림읍 월령리 123,"19,565,000","19,565,000",낙찰,"22,720,000",116.1%,2021-06-07,2021_2Q,3
제주 6계 2020-23426,임야,임야,임야,제주,제주시,제주 제주시 한림읍 상대리 2092,"103,644,000","72,551,000",낙찰,"80,555,000",77.7%,2021-05-31,2021_2Q,3
제주 1계 2020-23495,전,전,전,제주,서귀포시,제주 서귀포시 대정읍 상모리 2365-65,"34,710,000","17,008,000",낙찰,"20,230,000",58.3%,2021-06-14,2021_2Q,3
제주 3계 2020-23693(1),임야,임야,임야,제주,제주시,제주 제주시 애월읍 광령리 703,"235,021,000","164,515,000",낙찰,"181,610,000",77.3%,2021-05-24,2021_2Q,3
제주 3계 2020-23693(2),임야,임야,임야,제주,제주시,제주 제주시 애월읍 광령리 산78,"1,171,570,000","574,069,000",낙찰,"900,000,000",76.8%,2021-06-28,2021_2Q,3
제주 6계 2020-23723,다세대,다세대주택,다세대,제주,제주시,"제주 제주시 아라이동 1085 ,1086,1087-1,1091 아라2차미다움 202동 4층 402호","320,000,000","224,000,000",낙찰,"303,060,000",94.7%,2021-05-31,2021_2Q,3
제주 4계 2020-23761,근린주택,근린주택,근린주택,제주,제주시,제주 제주시 이도이동 1035-5,"519,049,960","363,335,000",낙찰,"468,750,000",90.3%,2021-04-19,2021_2Q,3
제주 3계 2020-23945,아파트,아파트,아파트,제주,제주시,제주 제주시 화북일동 9-1 화북2 209동 1층 104호,"216,000,000","216,000,000",낙찰,"231,530,000",107.2%,2021-05-24,2021_2Q,3
제주 6계 2020-23969,아파트,아파트,아파트,제주,제주시,제주 제주시 일도이동 408 서해 1동 7층 706호,"232,000,000","162,400,000",낙찰,"209,500,000",90.3%,2021-05-31,2021_2Q,3
제주 2계 2020-24047,대지,나대지,나대지,제주,제주시,제주 제주시 애월읍 광령리 1939,"23,236,000","23,236,000",낙찰,"23,400,000",100.7%,2021-06-21,2021_2Q,3
제주 1계 2020-24214,임야,임야,임야,제주,서귀포시,제주 서귀포시 안덕면 상천리 산47,"18,315,000","12,821,000",낙찰,"15,310,000",83.6%,2021-06-14,2021_2Q,3
제주 3계 2020-24306,임야,임야,임야,제주,서귀포시,제주 서귀포시 대포동 146-3,"118,773,000","83,141,000",낙찰,"109,271,160",92.0%,2021-06-28,2021_2Q,3
제주 1계 2020-24405,아파트,아파트,아파트,제주,제주시,제주 제주시 한림읍 대림리 1884-1 대림위듀파크 4층 402호,"200,000,000","140,000,000",낙찰,"185,255,000",92.6%,2021-06-14,2021_2Q,3
제주 3계 2020-24542,주상복합(주거),기타토지,기타토지,제주,제주시,제주 제주시 연동 305-1 연동에이스아크로빌3차 13층 1502호,"363,000,000","254,100,000",낙찰,"372,111,000",102.5%,2021-06-28,2021_2Q,3
제주 4계 2020-24610,답,답,답,제주,제주시,제주 제주시 한경면 고산리 3397-61,"88,256,000","43,245,000",낙찰,"63,353,000",71.8%,2021-04-19,2021_2Q,3
제주 6계 2020-24764,아파트,아파트,아파트,제주,서귀포시,제주 서귀포시 서귀동 325-3 이진아트빌 9층 901호,"51,000,000","35,700,000",낙찰,"37,555,000",73.6%,2021-05-31,2021_2Q,3
제주 6계 2020-24870,아파트,아파트,아파트,제주,제주시,제주 제주시 연동 1956-1 동방 3층 303호,"191,000,000","191,000,000",낙찰,"201,888,000",105.7%,2021-04-19,2021_2Q,3
제주 4계 2020-25033,연립,연립주택,연립·빌라,제주,제주시,제주 제주시 애월읍 광령리 4264 슈테른더테라스 103동 1층 104호,"325,000,000","227,500,000",낙찰,"262,100,000",80.6%,2021-04-19,2021_2Q,3
제주 4계 2020-25095,전,전,전,제주,제주시,제주 제주시 오라이동 491,"50,370,000","24,681,000",낙찰,"25,001,000",49.6%,2021-05-31,2021_2Q,3
제주 4계 2020-25163,오피스텔(주거),오피스텔,오피스텔(업무용),제주,서귀포시,"제주 서귀포시 대포동 810 ,806-3,812-2 더바른 102동 2층 206호","220,000,000","154,000,000",낙찰,"154,770,000",70.3%,2021-04-19,2021_2Q,3
제주 5계 2020-25170,아파트,아파트,아파트,제주,제주시,제주 제주시 건입동 940-3 현대 107동 4층 507호,"186,000,000","186,000,000",낙찰,"225,500,000",121.2%,2021-06-07,2021_2Q,3
제주 6계 2020-25552,도로,기타토지,기타토지,제주,서귀포시,제주 서귀포시 성산읍 성산리 202-3,"83,980,000","83,980,000",낙찰,"85,750,000",102.1%,2021-05-31,2021_2Q,3
제주 1계 2020-25736,차량,기타토지,기타토지,제주,제주시,제주 제주시 용담삼동 1274-1 현대물품보관소(주)내보관,"19,000,000","13,300,000",낙찰,"14,459,000",76.1%,2021-03-29,2021_1Q,3
제주 3계 2020-25873,단독주택,단독,단독주택,제주,제주시,제주 제주시 우도면 연평리 1019,"195,391,400","195,391,400",낙찰,"196,000,000",100.3%,2021-06-28,2021_2Q,3
제주 1계 2020-26036,차량,기타토지,기타토지,제주,제주시,제주 제주시 용담삼동 1274-1 현대물품보관소(주)내 보관,"7,000,000","7,000,000",낙찰,"9,660,000",138.0%,2021-05-10,2021_2Q,3
제주 4계 2020-26128,단독주택,단독,단독주택,제주,서귀포시,제주 서귀포시 대정읍 동일리 368,"165,678,500","165,678,500",낙찰,"185,300,000",111.8%,2021-05-31,2021_2Q,3
제주 4계 2020-26241,전,전,전,제주,서귀포시,제주 서귀포시 대정읍 무릉리 2702-1,"134,322,000","94,025,000",낙찰,"105,000,000",78.2%,2021-05-31,2021_2Q,3
제주 1계 2020-26296,차량,기타토지,기타토지,제주,제주시,제주 제주시 용담삼동 1274-1 현대물품보관소(주)내 보관,"5,500,000","5,500,000",낙찰,"5,511,000",100.2%,2021-05-10,2021_2Q,3
제주 4계 2020-26920,전,전,전,제주,서귀포시,제주 서귀포시 대정읍 영락리 2078-3,"360,591,000","252,414,000",낙찰,"261,000,000",72.4%,2021-05-31,2021_2Q,3
제주 2계 2020-27206,차량,기타토지,기타토지,제주,제주시,제주 제주시 외도일동 2155-3 제3자(주)세경에게보관,"26,000,000","18,200,000",낙찰,"24,570,000",94.5%,2021-06-21,2021_2Q,3
제주 4계 2020-27343,아파트,아파트,아파트,제주,제주시,"제주 제주시 아라일동 6082-3 ,-4 아라원신 101동 4층 501호","274,000,000","274,000,000",낙찰,"357,000,000",130.3%,2021-05-31,2021_2Q,3
제주 6계 2020-27367,차량,기타토지,기타토지,제주,제주시,제주 제주시 용담삼동 1274-1 제3자현대물품보관소내 보관,"38,000,000","26,600,000",낙찰,"35,525,000",93.5%,2021-04-19,2021_2Q,3
제주 4계 2020-28001,과수원,과수원,과수원,제주,서귀포시,제주 서귀포시 남원읍 남원리 1306-1,"375,558,000","375,558,000",낙찰,"375,558,000",100.0%,2021-05-31,2021_2Q,3
제주 2계 2020-28407,차량,기타토지,기타토지,제주,제주시,제주 제주시 용담삼동 1274-1 현대물품보관소(주)보관,"11,000,000","11,000,000",낙찰,"12,200,000",110.9%,2021-05-17,2021_2Q,3
제주 3계 2021-20738,차량,기타토지,기타토지,제주,제주시,제주 제주시 용담삼동 1274-1 현대물품보관소(주)내 보관,"27,000,000","27,000,000",낙찰,"30,277,900",112.1%,2021-06-28,2021_2Q,3
제주 4계 2018-6503(2),연립,연립주택,연립·빌라,제주,제주시,제주 제주시 도평동 7 청목더웰도평 101동 3층 304호,"286,000,000","16,488,000",낙찰,"20,000,000",7.0%,2021-07-05,2021_3Q,3
제주 4계 2018-6503(3),연립,연립주택,연립·빌라,제주,제주시,제주 제주시 도평동 7 청목더웰도평 102동 3층 301호,"286,000,000","16,488,000",낙찰,"20,000,000",7.0%,2021-07-05,2021_3Q,3
제주 2계 2019-991,대지,나대지,나대지,제주,제주시,제주 제주시 구좌읍 행원리 1260-82,"1,127,875,000","788,887,000",낙찰,"836,700,000",74.2%,2021-07-26,2021_3Q,3
제주 5계 2019-2294(5),다세대,다세대주택,다세대,제주,제주시,제주 제주시 연동 293-27 휴스토리어반 5층 504호,"75,000,000","4,324,000",낙찰,"4,698,000",6.3%,2021-12-06,2021_4Q,3
제주 3계 2019-6999,전,전,전,제주,서귀포시,제주 서귀포시 안덕면 창천리 933-1,"2,877,943,000","987,134,000",낙찰,"1,269,990,000",44.1%,2021-10-18,2021_4Q,3
제주 1계 2019-7572,숙박시설,숙박시설,숙박시설,제주,서귀포시,제주 서귀포시 성산읍 고성리 298-5 제주성산라마다앙코르호텔 3층 333호,"138,000,000","33,134,000",낙찰,"52,100,000",37.8%,2021-07-19,2021_3Q,3
제주 5계 2019-7978(4),도로,기타토지,기타토지,제주,서귀포시,제주 서귀포시 남원읍 신례리 980-10,"1,680,000","282,000",낙찰,"350,190",20.8%,2021-07-12,2021_3Q,3
제주 2계 2019-8490(2),전,전,전,제주,서귀포시,제주 서귀포시 성산읍 고성리 2247-1,"72,846,300","35,694,000",낙찰,"51,600,000",70.8%,2021-08-30,2021_3Q,3
제주 1계 2019-8636(2),전,전,전,제주,제주시,제주 제주시 한림읍 귀덕리 2192-3,"54,374,000","18,650,000",낙찰,"27,300,000",50.2%,2021-07-19,2021_3Q,3
제주 1계 2019-8636(4),도로,기타토지,기타토지,제주,제주시,제주 제주시 한림읍 귀덕리 2193-3,"1,834,250","440,000",낙찰,"611,000",33.3%,2021-08-23,2021_3Q,3
제주 5계 2019-9226(4),임야,임야,임야,제주,서귀포시,제주 서귀포시 성산읍 삼달리 1907,"431,532,000","148,015,000",낙찰,"209,130,000",48.5%,2021-07-12,2021_3Q,3
제주 5계 2019-9226(5),임야,임야,임야,제주,서귀포시,제주 서귀포시 성산읍 삼달리 1908,"482,188,000","165,390,000",낙찰,"229,130,000",47.5%,2021-07-12,2021_3Q,3
제주 5계 2019-9226(7),도로,기타토지,기타토지,제주,서귀포시,제주 서귀포시 대정읍 동일리 2829-29,"28,782,000","14,103,000",낙찰,"15,000,000",52.1%,2021-08-17,2021_3Q,3
제주 6계 2019-9691,임야,임야,임야,제주,제주시,제주 제주시 애월읍 유수암리 2737,"13,773,690","6,749,000",낙찰,"8,110,000",58.9%,2021-08-09,2021_3Q,3
제주 5계 2019-9738,전,전,전,제주,제주시,제주 제주시 한경면 낙천리 669,"111,650,130","18,765,000",낙찰,"28,637,000",25.6%,2021-09-27,2021_3Q,3
제주 5계 2019-10172(1),과수원,과수원,과수원,제주,서귀포시,제주 서귀포시 남원읍 의귀리 1645-1,"8,791,000","2,111,000",낙찰,"4,321,720",49.2%,2021-08-17,2021_3Q,3
제주 1계 2019-10394(1),대지,나대지,나대지,제주,서귀포시,제주 서귀포시 대정읍 가파리 75-4,"5,070,000","3,549,000",낙찰,"4,399,990",86.8%,2021-08-23,2021_3Q,3
제주 6계 2019-10448,과수원,과수원,과수원,제주,제주시,제주 제주시 조천읍 대흘리 2493,"3,488,742,000","1,709,483,000",낙찰,"2,200,000,000",63.1%,2021-08-09,2021_3Q,3
제주 3계 2019-24058,전,전,전,제주,제주시,제주 제주시 한경면 용수리 2451-1,"354,736,500","121,675,000",낙찰,"142,170,000",40.1%,2021-10-18,2021_4Q,3
제주 1계 2019-24669,전,전,전,제주,제주시,제주 제주시 한경면 판포리 3144,"18,792,000","4,512,000",낙찰,"4,600,000",24.5%,2021-11-08,2021_4Q,3
제주 1계 2019-24706,단독주택,단독,단독주택,제주,제주시,제주 제주시 애월읍 하귀1리 331,"294,726,870","206,309,000",낙찰,"230,009,900",78.0%,2021-08-23,2021_3Q,3
제주 2계 2019-26573,단독주택,단독,단독주택,제주,서귀포시,제주 서귀포시 법환동 321,"571,458,400","280,015,000",낙찰,"409,900,000",71.7%,2021-11-15,2021_4Q,3
제주 1계 2019-26818,연립,연립주택,연립·빌라,제주,제주시,제주 제주시 용담삼동 533-1 용담 1층 101호,"151,000,000","51,793,000",낙찰,"78,100,000",51.7%,2021-11-08,2021_4Q,3
제주 5계 2019-26900,숙박시설,숙박시설,숙박시설,제주,제주시,"제주 제주시 한림읍 월령리 254-1 ,280,281,282-1,283-1,288,289 A동","11,166,394,660","5,471,533,000",낙찰,"8,500,000,000",76.1%,2021-08-17,2021_3Q,3
제주 5계 2020-157(1),근린상가,근린상가,근린상가,제주,제주시,제주 제주시 삼도이동 300-17 삼도골드빌1차 1층 101호,"105,000,000","51,450,000",낙찰,"67,777,000",64.5%,2021-11-01,2021_4Q,3
제주 5계 2020-157(2),근린상가,근린상가,근린상가,제주,제주시,제주 제주시 삼도이동 300-17 삼도골드빌1차 3층 301호,"109,000,000","76,300,000",낙찰,"81,500,000",74.8%,2021-09-27,2021_3Q,3
제주 5계 2020-157(3),근린상가,근린상가,근린상가,제주,제주시,제주 제주시 삼도이동 300-17 삼도골드빌1차 3층 302호,"117,000,000","81,900,000",낙찰,"86,580,000",74.0%,2021-09-27,2021_3Q,3
제주 5계 2020-157(4),근린상가,근린상가,근린상가,제주,제주시,제주 제주시 삼도이동 300-17 삼도골드빌1차 3층 303호,"154,000,000","107,800,000",낙찰,"111,242,000",72.2%,2021-09-27,2021_3Q,3
제주 5계 2020-157(6),근린상가,근린상가,근린상가,제주,제주시,제주 제주시 삼도이동 300-17 삼도골드빌1차 3층 305호,"117,000,000","57,330,000",낙찰,"87,530,000",74.8%,2021-11-01,2021_4Q,3
제주 5계 2020-157(7),근린상가,근린상가,근린상가,제주,제주시,제주 제주시 삼도이동 300-17 삼도골드빌1차 3층 306호,"109,000,000","109,000,000",낙찰,"109,040,000",100.0%,2021-08-17,2021_3Q,3
제주 1계 2020-256(1),연립,연립주택,연립·빌라,제주,제주시,제주 제주시 한경면 고산리 3148-1 고산뜨레모아11차주택 101동 1층 103호,"225,000,000","110,250,000",낙찰,"134,000,000",59.6%,2021-07-19,2021_3Q,3
제주 1계 2020-256(2),연립,연립주택,연립·빌라,제주,제주시,제주 제주시 한경면 고산리 3148-1 고산뜨레모아11차주택 101동 1층 104호,"225,000,000","110,250,000",낙찰,"144,447,777",64.2%,2021-07-19,2021_3Q,3
제주 1계 2020-256(3),연립,연립주택,연립·빌라,제주,제주시,제주 제주시 한경면 고산리 3148-1 고산뜨레모아11차주택 101동 2층 204호,"225,000,000","110,250,000",낙찰,"150,100,000",66.7%,2021-07-19,2021_3Q,3
제주 1계 2020-256(4),연립,연립주택,연립·빌라,제주,제주시,제주 제주시 한경면 고산리 3148-1 고산뜨레모아11차주택 101동 3층 303호,"224,000,000","109,760,000",낙찰,"132,789,000",59.3%,2021-07-19,2021_3Q,3
제주 1계 2020-256(5),연립,연립주택,연립·빌라,제주,제주시,제주 제주시 한경면 고산리 3148-1 고산뜨레모아11차주택 101동 3층 304호,"225,000,000","110,250,000",낙찰,"151,111,000",67.2%,2021-07-19,2021_3Q,3
제주 6계 2020-621,숙박시설,숙박시설,숙박시설,제주,서귀포시,"제주 서귀포시 강정동 162-1 ,-2,-3 호텔윈스카이 2층 호 217A호","133,000,000","31,933,000",낙찰,"42,224,477",31.7%,2021-07-05,2021_3Q,3
제주 6계 2020-638(1),숙박시설,숙박시설,숙박시설,제주,서귀포시,"제주 서귀포시 강정동 162-1 ,-2,-3 호텔윈스카이 2층 호 203A호","137,000,000","32,894,000",낙찰,"42,223,344",30.8%,2021-07-05,2021_3Q,3
제주 6계 2020-638(2),숙박시설,숙박시설,숙박시설,제주,서귀포시,"제주 서귀포시 강정동 162-1 ,-2,-3 호텔윈스카이 6층 호 624H호","141,000,000","33,854,000",낙찰,"43,337,777",30.7%,2021-07-05,2021_3Q,3
제주 6계 2020-638(3),숙박시설,숙박시설,숙박시설,제주,서귀포시,"제주 서귀포시 강정동 162-1 ,-2,-3 호텔윈스카이 10층 호 1030C호","143,000,000","34,334,000",낙찰,"44,447,788",31.1%,2021-07-05,2021_3Q,3
제주 5계 2020-850(3),전,전,전,제주,제주시,제주 제주시 구좌읍 종달리 4260-3,"486,656,000","238,461,000",낙찰,"506,200,000",104.0%,2021-08-17,2021_3Q,3
제주 5계 2020-850(4),전,전,전,제주,제주시,제주 제주시 구좌읍 종달리 4260-4,"385,792,000","189,038,000",낙찰,"386,760,000",100.3%,2021-08-17,2021_3Q,3
제주 2계 2020-874(1),임야,임야,임야,제주,제주시,제주 제주시 애월읍 어음리 376,"94,839,500","22,771,000",낙찰,"32,538,000",34.3%,2021-08-30,2021_3Q,3
제주 2계 2020-874(2),전,전,전,제주,제주시,제주 제주시 애월읍 애월리 2196-2,"15,808,000","3,795,000",낙찰,"5,150,900",32.6%,2021-08-30,2021_3Q,3
제주 2계 2020-1129,임야,임야,임야,제주,제주시,제주 제주시 애월읍 고성리 120-4,"180,840,000","126,588,000",낙찰,"148,999,000",82.4%,2021-07-26,2021_3Q,3
제주 5계 2020-1150(2),전,전,전,제주,제주시,제주 제주시 한림읍 협재리 189,"224,758,000","53,964,000",낙찰,"71,111,000",31.6%,2021-09-27,2021_3Q,3
제주 5계 2020-1303(1),전,전,전,제주,서귀포시,제주 서귀포시 대포동 1273,"559,320,000","274,067,000",낙찰,"275,090,000",49.2%,2021-07-12,2021_3Q,3
제주 2계 2020-1334,단독주택,단독,단독주택,제주,서귀포시,제주 서귀포시 서호동 1456-4,"871,483,100","610,038,000",낙찰,"698,735,000",80.2%,2021-07-26,2021_3Q,3
제주 5계 2020-1600(1),기타부동산,기타토지,기타토지,제주,제주시,제주 제주시 한림읍 상대리 3402-1,"629,771,000","308,588,000",낙찰,"349,900,000",55.6%,2021-07-12,2021_3Q,3
제주 5계 2020-1600(3),과수원,과수원,과수원,제주,제주시,제주 제주시 한림읍 상대리 3464-2,"580,511,000","199,116,000",낙찰,"241,900,000",41.7%,2021-07-12,2021_3Q,3
제주 1계 2020-1662,임야,임야,임야,제주,제주시,제주 제주시 한경면 조수리 3433,"228,874,000","78,504,000",낙찰,"109,550,000",47.9%,2021-07-19,2021_3Q,3
제주 2계 2020-1877(3),전,전,전,제주,제주시,제주 제주시 한림읍 금악리 1871-6,"1,200,000","412,000",낙찰,"412,000",34.3%,2021-10-12,2021_4Q,3
제주 5계 2020-2054,숙박시설,숙박시설,숙박시설,제주,서귀포시,제주 서귀포시 서귀동 319-2 비스타케이호텔(천지연) 5층 511호,"169,000,000","40,577,000",낙찰,"46,388,800",27.4%,2021-08-17,2021_3Q,3
제주 2계 2020-2078(1),숙박시설,숙박시설,숙박시설,제주,서귀포시,제주 서귀포시 서귀동 544-2 디 아일랜드 블루 호텔 3층 301호,"260,000,000","89,180,000",낙찰,"90,001,114",34.6%,2021-07-26,2021_3Q,3
제주 2계 2020-2078(4),숙박시설,숙박시설,숙박시설,제주,서귀포시,제주 서귀포시 서귀동 544-2 디 아일랜드 블루 호텔 4층 414호,"263,000,000","90,209,000",낙찰,"91,114,444",34.6%,2021-07-26,2021_3Q,3
제주 4계 2020-2122,단독주택,단독,단독주택,제주,제주시,"제주 제주시 한경면 고산리 1682-5 ,1764-3 1동","1,137,486,100","557,368,000",낙찰,"648,400,000",57.0%,2021-08-09,2021_3Q,3
제주 5계 2020-2443,다세대,다세대주택,다세대,제주,제주시,제주 제주시 연동 299-8 영보빌라 1층 102호,"167,000,000","167,000,000",낙찰,"182,000,000",109.0%,2021-11-01,2021_4Q,3
제주 6계 2020-2580(1),숙박시설,숙박시설,숙박시설,제주,서귀포시,제주 서귀포시 법환동 745-2 비스타케이Ⅳ 7층 702호,"123,000,000","20,672,000",낙찰,"28,555,005",23.2%,2021-11-29,2021_4Q,3
제주 6계 2020-2580(2),숙박시설,숙박시설,숙박시설,제주,서귀포시,제주 서귀포시 법환동 745-2 비스타케이Ⅳ 7층 703호,"123,000,000","20,672,000",낙찰,"28,555,001",23.2%,2021-11-29,2021_4Q,3
제주 6계 2020-2580(3),숙박시설,숙박시설,숙박시설,제주,서귀포시,제주 서귀포시 법환동 745-2 비스타케이Ⅳ 7층 704호,"123,000,000","20,672,000",낙찰,"28,555,001",23.2%,2021-11-29,2021_4Q,3
제주 6계 2020-2580(4),숙박시설,숙박시설,숙박시설,제주,서귀포시,제주 서귀포시 법환동 745-2 비스타케이Ⅳ 7층 705호,"123,000,000","20,672,000",낙찰,"28,555,555",23.2%,2021-11-29,2021_4Q,3
제주 6계 2020-2580(5),숙박시설,숙박시설,숙박시설,제주,서귀포시,제주 서귀포시 법환동 745-2 비스타케이Ⅳ 7층 710호,"131,000,000","22,017,000",낙찰,"29,000,099",22.1%,2021-11-29,2021_4Q,3
제주 6계 2020-2580(6),숙박시설,숙박시설,숙박시설,제주,서귀포시,제주 서귀포시 법환동 745-2 비스타케이Ⅳ 7층 711호,"131,000,000","22,017,000",낙찰,"29,000,990",22.1%,2021-11-29,2021_4Q,3
제주 6계 2020-2580(7),숙박시설,숙박시설,숙박시설,제주,서귀포시,제주 서귀포시 법환동 745-2 비스타케이Ⅳ 7층 712호,"131,000,000","22,017,000",낙찰,"29,000,009",22.1%,2021-11-29,2021_4Q,3
제주 6계 2020-2580(8),숙박시설,숙박시설,숙박시설,제주,서귀포시,제주 서귀포시 법환동 745-2 비스타케이Ⅳ 7층 713호,"131,000,000","22,017,000",낙찰,"29,000,009",22.1%,2021-11-29,2021_4Q,3
제주 6계 2020-2580(9),숙박시설,숙박시설,숙박시설,제주,서귀포시,제주 서귀포시 법환동 745-2 비스타케이Ⅳ 7층 714호,"131,000,000","22,017,000",낙찰,"30,000,003",22.9%,2021-11-29,2021_4Q,3
제주 6계 2020-2580(10),숙박시설,숙박시설,숙박시설,제주,서귀포시,제주 서귀포시 법환동 745-2 비스타케이Ⅳ 7층 715호,"131,000,000","22,017,000",낙찰,"26,100,000",19.9%,2021-11-29,2021_4Q,3
제주 6계 2020-2580(11),숙박시설,숙박시설,숙박시설,제주,서귀포시,제주 서귀포시 법환동 745-2 비스타케이Ⅳ 7층 716호,"131,000,000","22,017,000",낙찰,"22,500,000",17.2%,2021-09-13,2021_3Q,3
제주 6계 2020-2580(12),숙박시설,숙박시설,숙박시설,제주,서귀포시,제주 서귀포시 법환동 745-2 비스타케이Ⅳ 7층 717호,"123,000,000","20,672,000",낙찰,"28,000,088",22.8%,2021-11-29,2021_4Q,3
제주 6계 2020-2580(13),숙박시설,숙박시설,숙박시설,제주,서귀포시,제주 서귀포시 법환동 745-2 비스타케이Ⅳ 7층 718호,"123,000,000","20,672,000",낙찰,"30,000,033",24.4%,2021-11-29,2021_4Q,3
제주 2계 2020-2672(1),다세대,다세대주택,다세대,제주,제주시,제주 제주시 구좌읍 세화리 1432-2 그린뷰타운 2층 201호,"255,000,000","124,950,000",낙찰,"155,133,000",60.8%,2021-10-12,2021_4Q,3
제주 2계 2020-2672(2),다세대,다세대주택,다세대,제주,제주시,제주 제주시 구좌읍 세화리 1432-2 그린뷰타운 4층 402호,"260,000,000","127,400,000",낙찰,"150,010,000",57.7%,2021-07-26,2021_3Q,3
제주 4계 2020-2689(1),숙박시설,숙박시설,숙박시설,제주,제주시,"제주 제주시 한림읍 협재리 12-1 ,-2 스웨덴펜션 A동호","2,445,336,020","1,198,215,000",낙찰,"1,562,250,000",63.9%,2021-07-05,2021_3Q,3
제주 4계 2020-2689(2),과수원,과수원,과수원,제주,제주시,제주 제주시 애월읍 하가리 469-1,"1,037,754,500","508,500,000",낙찰,"592,290,000",57.1%,2021-07-05,2021_3Q,3
제주 5계 2020-2870,창고,기타건물,창고,제주,제주시,제주 제주시 한림읍 명월리 1639-2,"339,494,580","237,646,000",낙찰,"306,780,000",90.4%,2021-07-12,2021_3Q,3
제주 5계 2020-3040,숙박시설,숙박시설,숙박시설,제주,제주시,"제주 제주시 애월읍 고내리 13-3 ,16-1 A동","3,605,365,400","1,766,629,000",낙찰,"1,910,000,000",53.0%,2021-09-27,2021_3Q,3
제주 2계 2020-3071(1),전,전,전,제주,서귀포시,제주 서귀포시 대정읍 무릉리 2670-2,"121,647,000","59,607,000",낙찰,"65,600,000",53.9%,2021-08-30,2021_3Q,3
제주 2계 2020-3071(2),전,전,전,제주,서귀포시,제주 서귀포시 대정읍 무릉리 2670,"388,864,000","190,544,000",낙찰,"217,500,000",55.9%,2021-08-30,2021_3Q,3
제주 2계 2020-3071(3),전,전,전,제주,서귀포시,제주 서귀포시 대정읍 영락리 1894-3,"482,199,000","337,539,000",낙찰,"342,599,999",71.0%,2021-07-26,2021_3Q,3
제주 2계 2020-3309,임야,임야,임야,제주,제주시,제주 제주시 애월읍 장전리 1247-1,"1,334,808,000","654,056,000",낙찰,"817,774,400",61.3%,2021-07-26,2021_3Q,3
제주 2계 2020-3446,단독주택,단독,단독주택,제주,제주시,제주 제주시 구좌읍 김녕리 368 1동,"3,010,564,000","1,032,624,000",낙찰,"1,032,624,000",34.3%,2021-12-20,2021_4Q,3
제주 6계 2020-3484,연립,연립주택,연립·빌라,제주,제주시,제주 제주시 노형동 915-1 남주주택 1층 101호,"231,000,000","161,700,000",낙찰,"198,880,000",86.1%,2021-08-09,2021_3Q,3
제주 2계 2020-3552,단독주택,단독,단독주택,제주,제주시,제주 제주시 조천읍 북촌리 1601-1 녹우당,"1,281,805,000","897,264,000",낙찰,"948,500,000",74.0%,2021-07-26,2021_3Q,3
제주 4계 2020-3576(1),숙박시설,숙박시설,숙박시설,제주,서귀포시,"제주 서귀포시 강정동 162-1 ,-2,-3 호텔윈스카이 5층 502A호","129,000,000","30,973,000",낙찰,"44,900,000",34.8%,2021-08-09,2021_3Q,3
제주 4계 2020-3576(2),숙박시설,숙박시설,숙박시설,제주,서귀포시,"제주 서귀포시 강정동 162-1 ,-2,-3 호텔윈스카이 5층 508B호","133,000,000","31,933,000",낙찰,"45,960,000",34.6%,2021-08-09,2021_3Q,3
제주 4계 2020-3576(3),숙박시설,숙박시설,숙박시설,제주,서귀포시,"제주 서귀포시 강정동 162-1 ,-2,-3 호텔윈스카이 8층 830C호","123,000,000","29,532,000",낙찰,"43,969,000",35.7%,2021-08-09,2021_3Q,3
제주 2계 2020-3675,숙박시설,숙박시설,숙박시설,제주,서귀포시,"제주 서귀포시 강정동 162-1 ,-2,-3 호텔윈스카이 2층 호212B호","135,000,000","32,414,000",낙찰,"32,800,000",24.3%,2021-10-12,2021_4Q,3
제주 5계 2020-3705,숙박시설,숙박시설,숙박시설,제주,제주시,"제주 제주시 연동 281-22 ,-24,-26,-40 하워드존슨제주호텔 18층 1802호","238,000,000","116,620,000",낙찰,"116,630,000",49.0%,2021-07-12,2021_3Q,3
제주 6계 2020-3712,숙박시설,숙박시설,숙박시설,제주,제주시,"제주 제주시 연동 281-22 ,-24,-26,-40 하워드존슨제주호텔 12층 1226호","175,000,000","60,025,000",낙찰,"82,222,222",47.0%,2021-09-13,2021_3Q,3
제주 3계 2020-3743(1),전,전,전,제주,서귀포시,제주 서귀포시 표선면 표선리 1350-2,"513,547,000","251,638,000",낙찰,"312,000,000",60.8%,2021-08-02,2021_3Q,3
제주 5계 2020-3767(1),임야,임야,임야,제주,서귀포시,제주 서귀포시 안덕면 상창리 177,"26,433,050","9,066,000",낙찰,"13,188,000",49.9%,2021-08-17,2021_3Q,3
제주 5계 2020-3767(2),임야,임야,임야,제주,서귀포시,제주 서귀포시 안덕면 상창리 181,"22,488,950","11,019,000",낙찰,"12,887,000",57.3%,2021-07-12,2021_3Q,3
제주 5계 2020-3767(3),임야,임야,임야,제주,서귀포시,제주 서귀포시 안덕면 상창리 189,"51,381,600","17,624,000",낙찰,"19,560,000",38.1%,2021-08-17,2021_3Q,3
제주 2계 2020-3859,숙박시설,숙박시설,숙박시설,제주,제주시,제주 제주시 연동 253-3 제주센트럴시티호텔 3층 303호,"189,000,000","45,379,000",낙찰,"58,100,000",30.7%,2021-12-20,2021_4Q,3
제주 3계 2020-3866,단독주택,단독,단독주택,제주,제주시,제주 제주시 조천읍 와산리 326-1 1호,"1,049,794,040","514,399,000",낙찰,"712,000,000",67.8%,2021-11-22,2021_4Q,3
제주 3계 2020-4043(1),임야,임야,임야,제주,서귀포시,제주 서귀포시 상효동 1475-8,"223,894,000","109,708,000",낙찰,"136,010,000",60.7%,2021-10-18,2021_4Q,3
제주 5계 2020-4128,전,전,전,제주,제주시,제주 제주시 한림읍 협재리 370,"2,531,902,000","1,240,632,000",낙찰,"1,512,200,000",59.7%,2021-08-17,2021_3Q,3
제주 4계 2020-4180,전,전,전,제주,서귀포시,제주 서귀포시 안덕면 감산리 1028,"524,400,000","367,080,000",낙찰,"410,000,000",78.2%,2021-10-25,2021_4Q,3
제주 5계 2020-4203,연립,연립주택,연립·빌라,제주,서귀포시,제주 서귀포시 동홍동 88-5 충암뉴빌라8차 3층 303호,"176,000,000","123,200,000",낙찰,"141,633,000",80.5%,2021-07-12,2021_3Q,3
제주 5계 2020-4289,단독주택,단독,단독주택,제주,서귀포시,제주 서귀포시 안덕면 화순리 1762-7,"2,575,879,500","883,527,000",낙찰,"1,035,000,000",40.2%,2021-12-06,2021_4Q,3
제주 5계 2020-4364,임야,임야,임야,제주,제주시,제주 제주시 애월읍 어음리 1690,"363,858,000","178,291,000",낙찰,"236,000,000",64.9%,2021-08-17,2021_3Q,3
제주 1계 2020-4449,임야,임야,임야,제주,서귀포시,제주 서귀포시 표선면 하천리 2306-4,"52,576,000","12,623,000",낙찰,"16,110,080",30.6%,2021-08-23,2021_3Q,3
제주 5계 2020-4487,과수원,과수원,과수원,제주,서귀포시,제주 서귀포시 대정읍 안성리 376-3,"1,021,490,000","715,043,000",낙찰,"900,870,000",88.2%,2021-07-12,2021_3Q,3
제주 1계 2020-4623,연립,연립주택,연립·빌라,제주,제주시,제주 제주시 연동 290-23 3층 304호,"324,000,000","158,760,000",낙찰,"250,000,000",77.2%,2021-08-23,2021_3Q,3
제주 2계 2020-4630,대지,나대지,나대지,제주,서귀포시,제주 서귀포시 성산읍 신풍리 692-1,"21,762,000","10,663,000",낙찰,"10,666,000",49.0%,2021-10-12,2021_4Q,3
제주 3계 2020-4647(1),대지,나대지,나대지,제주,서귀포시,제주 서귀포시 대정읍 신평리 289-3,"36,630,000","17,949,000",낙찰,"26,152,100",71.4%,2021-08-02,2021_3Q,3
제주 1계 2020-4807(1),전,전,전,제주,제주시,제주 제주시 화북이동 5056,"135,167,500","66,232,000",낙찰,"94,170,000",69.7%,2021-12-13,2021_4Q,3
제주 1계 2020-4807(2),전,전,전,제주,제주시,제주 제주시 구좌읍 김녕리 5007,"91,224,000","63,857,000",낙찰,"64,000,000",70.2%,2021-08-23,2021_3Q,3
제주 1계 2020-4807(3),대지,나대지,나대지,제주,제주시,제주 제주시 애월읍 고내리 1151-1,"24,060,400","16,842,280",낙찰,"22,190,000",92.2%,2021-07-19,2021_3Q,3
제주 1계 2020-4807(4),목장용지,기타토지,목장용지,제주,제주시,제주 제주시 한림읍 금악리 산48-8,"285,726,000","200,008,000",낙찰,"217,100,000",76.0%,2021-08-23,2021_3Q,3
제주 1계 2020-4807(5),답,답,답,제주,제주시,제주 제주시 한경면 용수리 3292,"42,271,000","42,271,000",낙찰,"42,352,000",100.2%,2021-07-19,2021_3Q,3
제주 1계 2020-4807(7),임야,임야,임야,제주,서귀포시,제주 서귀포시 성산읍 온평리 1610,"420,784,000","420,784,000",낙찰,"505,000,000",120.0%,2021-07-19,2021_3Q,3
제주 1계 2020-4807(8),전,전,전,제주,서귀포시,제주 서귀포시 안덕면 감산리 432,"64,055,000","31,387,000",낙찰,"42,597,720",66.5%,2021-10-05,2021_4Q,3
제주 5계 2020-4845,전,전,전,제주,제주시,제주 제주시 오라이동 1612-1,"879,540,000","879,540,000",낙찰,"923,517,000",105.0%,2021-11-01,2021_4Q,3
제주 3계 2020-4951,도로,기타토지,기타토지,제주,제주시,제주 제주시 애월읍 고성리 1317-7,"15,925,880","5,463,000",낙찰,"5,555,000",34.9%,2021-08-02,2021_3Q,3
제주 5계 2020-4968,전,전,전,제주,제주시,제주 제주시 한림읍 상명리 249,"42,392,000","20,772,000",낙찰,"23,150,000",54.6%,2021-08-17,2021_3Q,3
제주 6계 2020-4975,묘지,기타토지,기타토지,제주,서귀포시,제주 서귀포시 남원읍 위미리 4475,"122,070,000","59,814,000",낙찰,"62,000,000",50.8%,2021-07-05,2021_3Q,3
제주 1계 2020-5053(1),숙박시설,숙박시설,숙박시설,제주,제주시,"제주 제주시 조천읍 함덕리 3061 ,3065,3066-2,3067,3068,3074,3076 제주함덕라마다호텔 2층 223호","139,000,000","47,677,000",낙찰,"61,114,444",44.0%,2021-07-19,2021_3Q,3
제주 1계 2020-5053(3),숙박시설,숙박시설,숙박시설,제주,제주시,"제주 제주시 조천읍 함덕리 3061 ,3065,3066-2,3067,3068,3074,3076 제주함덕라마다호텔 3층 335호","157,000,000","53,851,000",낙찰,"61,114,477",38.9%,2021-07-19,2021_3Q,3
제주 1계 2020-5107(2),아파트,아파트,아파트,제주,서귀포시,제주 서귀포시 안덕면 화순리 1131 블루팰리스 102동 3층 301호,"225,000,000","157,500,000",낙찰,"177,788,888",79.0%,2021-07-19,2021_3Q,3
제주 1계 2020-5107(3),아파트,아파트,아파트,제주,서귀포시,제주 서귀포시 안덕면 화순리 1131 블루팰리스 102동 3층 302호,"225,000,000","157,500,000",낙찰,"181,000,000",80.4%,2021-07-19,2021_3Q,3
제주 1계 2020-5107(5),아파트,아파트,아파트,제주,서귀포시,제주 서귀포시 안덕면 화순리 1131 블루팰리스 102동 4층 402호,"225,000,000","157,500,000",낙찰,"186,119,990",82.7%,2021-07-19,2021_3Q,3
제주 2계 2020-5114,다세대,다세대주택,다세대,제주,제주시,제주 제주시 도남동 50-9 경원빌라 4층 402호,"143,000,000","70,070,000",낙찰,"98,100,000",68.6%,2021-08-30,2021_3Q,3
제주 5계 2020-5152,전,전,전,제주,제주시,제주 제주시 한림읍 상대리 4303,"560,706,000","392,494,000",낙찰,"401,100,000",71.5%,2021-07-12,2021_3Q,3
제주 3계 2020-5190(1),임야,임야,임야,제주,제주시,제주 제주시 구좌읍 종달리 4262,"1,410,266,000","987,186,000",낙찰,"1,080,000,000",76.6%,2021-11-22,2021_4Q,3
제주 3계 2020-5190(2),임야,임야,임야,제주,제주시,제주 제주시 구좌읍 종달리 4266-2,"378,453,000","264,917,000",낙찰,"365,100,000",96.5%,2021-11-22,2021_4Q,3
제주 3계 2020-5190(3),임야,임야,임야,제주,제주시,제주 제주시 구좌읍 종달리 4274,"610,048,000","427,034,000",낙찰,"451,000,000",73.9%,2021-11-22,2021_4Q,3
제주 1계 2020-5237,도로,기타토지,기타토지,제주,제주시,제주 제주시 조천읍 신촌리 1745-7,"9,898,000","4,850,000",낙찰,"4,960,000",50.1%,2021-08-23,2021_3Q,3
제주 2계 2020-5299,종교시설,기타건물,기타건물,제주,제주시,제주 제주시 한림읍 금능리 292,"332,327,800","238,671,800",낙찰,"259,000,000",77.9%,2021-11-15,2021_4Q,3
제주 3계 2020-5305,숙박시설,숙박시설,숙박시설,제주,서귀포시,"제주 서귀포시 강정동 162-1 ,162-2,162-3 호텔윈스카이 3층 호304A호","117,000,000","40,131,000",낙찰,"45,557,788",38.9%,2021-09-06,2021_3Q,3
제주 6계 2020-5336(2),아파트,아파트,아파트,제주,서귀포시,제주 서귀포시 안덕면 화순리 1131 블루팰리스 101동 6층 604호,"237,000,000","116,130,000",낙찰,"189,340,000",79.9%,2021-07-05,2021_3Q,3
제주 1계 2020-5343(1),숙박시설,숙박시설,숙박시설,제주,서귀포시,제주 서귀포시 서귀동 829-5 엠스테이호텔제주 5층 520호,"102,000,000","34,986,000",낙찰,"46,667,777",45.8%,2021-07-19,2021_3Q,3
제주 1계 2020-5343(2),숙박시설,숙박시설,숙박시설,제주,서귀포시,제주 서귀포시 서귀동 829-5 엠스테이호텔제주 7층 709호,"134,000,000","45,962,000",낙찰,"55,557,777",41.5%,2021-07-19,2021_3Q,3
제주 2계 2020-5350,전,전,전,제주,서귀포시,제주 서귀포시 표선면 성읍리 978,"374,058,000","183,289,000",낙찰,"299,877,000",80.2%,2021-08-30,2021_3Q,3
제주 3계 2020-5367,단독주택,단독,단독주택,제주,서귀포시,"제주 서귀포시 색달동 995 ,997-1","3,899,043,300","1,910,531,000",낙찰,"2,251,000,000",57.7%,2021-08-02,2021_3Q,3
제주 4계 2020-5435,숙박시설,숙박시설,숙박시설,제주,서귀포시,제주 서귀포시 서귀동 319-2 비스타케이호텔(천지연) 2층 218호,"165,000,000","39,617,000",낙찰,"43,211,000",26.2%,2021-08-09,2021_3Q,3
제주 5계 2020-5442(1),숙박시설,숙박시설,숙박시설,제주,서귀포시,제주 서귀포시 서귀동 319-2 비스타케이호텔(천지연) 4층 411호,"169,000,000","28,404,000",낙찰,"38,600,000",22.8%,2021-12-06,2021_4Q,3
제주 5계 2020-5442(2),숙박시설,숙박시설,숙박시설,제주,서귀포시,제주 서귀포시 서귀동 319-2 비스타케이호텔(천지연) 5층 512호,"169,000,000","28,404,000",낙찰,"35,660,000",21.1%,2021-12-06,2021_4Q,3
제주 2계 2020-5534(1),잡종지,잡종지,잡종지,제주,제주시,제주 제주시 한림읍 월령리 497,"263,398,920","184,379,000",낙찰,"205,794,000",78.1%,2021-07-26,2021_3Q,3
제주 2계 2020-5534(2),잡종지,잡종지,잡종지,제주,제주시,제주 제주시 한림읍 월령리 518-4,"115,647,090","80,953,000",낙찰,"90,356,000",78.1%,2021-07-26,2021_3Q,3
제주 2계 2020-5534(3),전,전,전,제주,제주시,제주 제주시 한림읍 월령리 498-8,"113,329,080","79,330,000",낙찰,"88,544,000",78.1%,2021-07-26,2021_3Q,3
제주 2계 2020-5534(4),잡종지,잡종지,잡종지,제주,제주시,제주 제주시 한림읍 월령리 518,"114,070,000","79,849,000",낙찰,"89,123,000",78.1%,2021-07-26,2021_3Q,3
제주 2계 2020-5534(5),임야,임야,임야,제주,제주시,제주 제주시 한림읍 월령리 543-1,"15,350,000","7,522,000",낙찰,"10,990,000",71.6%,2021-08-30,2021_3Q,3
제주 2계 2020-5534(6),임야,임야,임야,제주,제주시,제주 제주시 한림읍 월령리 520-20,"102,101,120","71,471,000",낙찰,"79,772,000",78.1%,2021-07-26,2021_3Q,3
제주 2계 2020-5534(7),임야,임야,임야,제주,제주시,제주 제주시 한림읍 월령리 520-21,"148,118,280","103,683,000",낙찰,"115,726,000",78.1%,2021-07-26,2021_3Q,3
제주 2계 2020-5534(8),잡종지,잡종지,잡종지,제주,제주시,제주 제주시 한림읍 월령리 518-3,"116,072,710","81,251,000",낙찰,"90,688,000",78.1%,2021-07-26,2021_3Q,3
제주 5계 2020-5565,다세대,다세대주택,다세대,제주,제주시,제주 제주시 봉개동 1812-17 인성빌라 다동 3층 301호,"145,000,000","101,500,000",낙찰,"129,100,000",89.0%,2021-07-12,2021_3Q,3
제주 1계 2020-5589(1),전,전,전,제주,서귀포시,제주 서귀포시 안덕면 상천리 620-2,"922,428,000","316,393,000",낙찰,"350,061,000",37.9%,2021-08-23,2021_3Q,3
제주 1계 2020-5589(2),전,전,전,제주,서귀포시,제주 서귀포시 안덕면 상천리 620-14,"135,020,000","32,418,000",낙찰,"47,105,000",34.9%,2021-10-05,2021_4Q,3
제주 1계 2020-5589(3),전,전,전,제주,서귀포시,제주 서귀포시 안덕면 상천리 620-15,"223,097,000","76,523,000",낙찰,"81,000,000",36.3%,2021-08-23,2021_3Q,3
제주 1계 2020-5589(4),전,전,전,제주,서귀포시,제주 서귀포시 안덕면 상천리 620-18,"91,630,000","44,899,000",낙찰,"52,300,000",57.1%,2021-07-19,2021_3Q,3
제주 5계 2020-5633,다세대,다세대주택,다세대,제주,제주시,"제주 제주시 오라삼동 2636 ,-4,2634-1 101동 2층 201호","5,008,000,000","3,505,600,000",낙찰,"3,860,000,000",77.1%,2021-09-27,2021_3Q,3
제주 3계 2020-5664(1),숙박시설,숙박시설,숙박시설,제주,서귀포시,제주 서귀포시 서귀동 544-2 디 아일랜드 블루 호텔 2층 201호,"117,000,000","40,131,000",낙찰,"56,700,000",48.5%,2021-11-22,2021_4Q,3
제주 3계 2020-5664(2),숙박시설,숙박시설,숙박시설,제주,서귀포시,제주 서귀포시 서귀동 544-2 디 아일랜드 블루 호텔 2층 203호,"125,000,000","42,875,000",낙찰,"60,600,000",48.5%,2021-11-22,2021_4Q,3
제주 3계 2020-5664(3),숙박시설,숙박시설,숙박시설,제주,서귀포시,제주 서귀포시 서귀동 544-2 디 아일랜드 블루 호텔 2층 206호,"125,000,000","42,875,000",낙찰,"60,600,000",48.5%,2021-11-22,2021_4Q,3
제주 3계 2020-5664(4),숙박시설,숙박시설,숙박시설,제주,서귀포시,제주 서귀포시 서귀동 544-2 디 아일랜드 블루 호텔 2층 209호,"329,000,000","112,847,000",낙찰,"159,500,000",48.5%,2021-11-22,2021_4Q,3
제주 3계 2020-5664(5),숙박시설,숙박시설,숙박시설,제주,서귀포시,제주 서귀포시 서귀동 544-2 디 아일랜드 블루 호텔 2층 210호,"250,000,000","85,750,000",낙찰,"110,650,000",44.3%,2021-11-22,2021_4Q,3
제주 3계 2020-5664(6),숙박시설,숙박시설,숙박시설,제주,서귀포시,제주 서귀포시 서귀동 544-2 디 아일랜드 블루 호텔 2층 211호,"226,000,000","77,518,000",낙찰,"109,600,000",48.5%,2021-11-22,2021_4Q,3
제주 3계 2020-5664(7),숙박시설,숙박시설,숙박시설,제주,서귀포시,제주 서귀포시 서귀동 544-2 디 아일랜드 블루 호텔 3층 304호,"272,000,000","93,296,000",낙찰,"131,800,000",48.5%,2021-11-22,2021_4Q,3
제주 3계 2020-5725,전,전,전,제주,서귀포시,제주 서귀포시 표선면 토산리 1566-4,"1,130,150,000","553,774,000",낙찰,"757,789,990",67.1%,2021-09-06,2021_3Q,3
제주 5계 2020-5749,다세대,다세대주택,다세대,제주,서귀포시,제주 서귀포시 대정읍 보성리 441 제주에듀골드힐 103동 3층 301호,"187,000,000","130,900,000",낙찰,"167,230,000",89.4%,2021-07-12,2021_3Q,3
제주 2계 2020-5831,다세대,다세대주택,다세대,제주,서귀포시,제주 서귀포시 표선면 하천리 15-5 표선드림타운 102동 2층 202호,"237,000,000","165,900,000",낙찰,"200,000,000",84.4%,2021-07-26,2021_3Q,3
제주 2계 2020-5893,오피스텔(주거),오피스텔,오피스텔(업무용),제주,제주시,"제주 제주시 삼도이동 300-1 ,-112 진용이지빌 5층 604호","223,000,000","156,100,000",낙찰,"200,100,000",89.7%,2021-07-26,2021_3Q,3
제주 3계 2020-5961,전,전,전,제주,서귀포시,제주 서귀포시 대정읍 무릉리 1420-1,"337,687,000","165,467,000",낙찰,"184,220,000",54.6%,2021-10-18,2021_4Q,3
제주 5계 2020-5985,전,전,전,제주,서귀포시,제주 서귀포시 상예동 3005,"644,084,660","450,859,000",낙찰,"475,000,000",73.7%,2021-07-12,2021_3Q,3
제주 1계 2020-6001(1),전,전,전,제주,제주시,제주 제주시 구좌읍 행원리 979,"276,504,000","135,487,000",낙찰,"161,560,000",58.4%,2021-07-19,2021_3Q,3
제주 2계 2020-6018,전,전,전,제주,제주시,제주 제주시 도두일동 1285-1,"1,268,460,000","1,268,460,000",낙찰,"1,371,770,000",108.1%,2021-10-12,2021_4Q,3
제주 1계 2020-6124(1),묘지,기타토지,기타토지,제주,서귀포시,제주 서귀포시 상효동 546,"35,595,000","17,442,000",낙찰,"18,500,000",52.0%,2021-07-19,2021_3Q,3
제주 1계 2020-6124(2),묘지,기타토지,기타토지,제주,서귀포시,제주 서귀포시 상효동 547,"30,618,000","15,003,000",낙찰,"16,000,000",52.3%,2021-07-19,2021_3Q,3
제주 5계 2020-6179,연립,연립주택,연립·빌라,제주,제주시,제주 제주시 연동 1354-4 장성파인뷰 1층 102호,"373,000,000","261,100,000",낙찰,"277,000,000",74.3%,2021-07-12,2021_3Q,3
제주 2계 2020-6254,단독주택,단독,단독주택,제주,서귀포시,제주 서귀포시 성산읍 시흥리 125,"605,550,820","423,886,000",낙찰,"460,000,000",76.0%,2021-11-15,2021_4Q,3
제주 1계 2020-6308,대지,나대지,나대지,제주,서귀포시,제주 서귀포시 중문동 2040-2,"371,800,000","182,182,000",낙찰,"189,999,999",51.1%,2021-08-23,2021_3Q,3
제주 1계 2020-6360,전,전,전,제주,서귀포시,제주 서귀포시 안덕면 사계리 791,"1,416,550,000","694,110,000",낙찰,"758,100,000",53.5%,2021-10-05,2021_4Q,3
제주 5계 2020-6414(1),창고,기타건물,창고,제주,제주시,제주 제주시 애월읍 고성리 222 1동,"934,789,600","654,353,000",낙찰,"680,000,000",72.7%,2021-08-17,2021_3Q,3
제주 5계 2020-6414(2),다세대,다세대주택,다세대,제주,제주시,제주 제주시 이도이동 1946-3 자인빌 2층 202호,"255,000,000","61,226,000",낙찰,"77,501,000",30.4%,2021-12-06,2021_4Q,3
제주 5계 2020-6414(3),다세대,다세대주택,다세대,제주,제주시,제주 제주시 아라일동 6119-1 동연로하임 3층 301호,"286,000,000","200,200,000",낙찰,"280,500,000",98.1%,2021-08-17,2021_3Q,3
제주 5계 2020-6414(4),전,전,전,제주,서귀포시,제주 서귀포시 상예동 4668-1,"155,955,000","155,955,000",낙찰,"171,153,000",109.7%,2021-07-12,2021_3Q,3
제주 1계 2020-6483,과수원,과수원,과수원,제주,서귀포시,제주 서귀포시 남원읍 의귀리 43,"387,394,000","271,176,000",낙찰,"285,119,900",73.6%,2021-07-19,2021_3Q,3
제주 3계 2020-6513,도로,기타토지,기타토지,제주,제주시,제주 제주시 한림읍 동명리 684-8,"38,606,000","18,917,000",낙찰,"24,440,000",63.3%,2021-08-02,2021_3Q,3
제주 1계 2020-6520,묘지,기타토지,기타토지,제주,서귀포시,제주 서귀포시 성산읍 온평리 2601,"152,520,000","152,520,000",낙찰,"190,001,000",124.6%,2021-08-23,2021_3Q,3
제주 5계 2020-6599,전,전,전,제주,제주시,제주 제주시 한경면 금등리 978-1,"187,306,000","131,114,000",낙찰,"132,600,000",70.8%,2021-07-12,2021_3Q,3
제주 2계 2020-6735,전,전,전,제주,서귀포시,제주 서귀포시 보목동 212,"232,387,000","232,387,000",낙찰,"275,310,000",118.5%,2021-08-30,2021_3Q,3
제주 3계 2020-6742,임야,임야,임야,제주,제주시,제주 제주시 회천동 1499,"1,136,656,000","389,873,000",낙찰,"411,000,000",36.2%,2021-09-06,2021_3Q,3
제주 5계 2020-6766,점포,근린상가,점포상가,제주,제주시,제주 제주시 한림읍 명월리 1408-2 상가동,"265,045,740","185,532,000",낙찰,"205,040,000",77.4%,2021-08-17,2021_3Q,3
제주 5계 2020-6827,단독주택,단독,단독주택,제주,제주시,제주 제주시 구좌읍 한동리 3555-14,"308,287,000","308,287,000",낙찰,"321,000,000",104.1%,2021-07-12,2021_3Q,3
제주 1계 2020-6841,아파트,아파트,아파트,제주,서귀포시,제주 서귀포시 호근동 2000-1 헤렌시움 101동 1층 103호,"309,000,000","216,300,000",낙찰,"216,500,000",70.1%,2021-07-19,2021_3Q,3
제주 2계 2020-6858,다세대,다세대주택,다세대,제주,서귀포시,제주 서귀포시 호근동 2000-1 헤렌시움 101동 2층 201호,"301,000,000","210,700,000",낙찰,"211,050,000",70.1%,2021-10-12,2021_4Q,3
제주 6계 2020-6896,임야,임야,임야,제주,서귀포시,제주 서귀포시 안덕면 동광리 산11-4,"57,227,000","19,629,000",낙찰,"24,110,000",42.1%,2021-08-09,2021_3Q,3
제주 5계 2020-6940,임야,임야,임야,제주,제주시,제주 제주시 조천읍 선흘리 411-4,"64,117,000","64,117,000",낙찰,"70,050,000",109.3%,2021-08-17,2021_3Q,3
제주 1계 2020-6964,아파트,아파트,아파트,제주,서귀포시,제주 서귀포시 동홍동 157 동흥동코아루 101동 3층 304호,"232,000,000","232,000,000",낙찰,"242,999,999",104.7%,2021-08-23,2021_3Q,3
제주 2계 2020-6971,전,전,전,제주,제주시,제주 제주시 애월읍 봉성리 4425,"1,124,904,000","551,203,000",낙찰,"583,950,000",51.9%,2021-11-15,2021_4Q,3
제주 6계 2020-7011,대지,나대지,나대지,제주,제주시,제주 제주시 애월읍 광령리 3784-1,"536,579,000","375,605,000",낙찰,"416,000,000",77.5%,2021-07-05,2021_3Q,3
제주 2계 2020-7035(1),대지,나대지,나대지,제주,제주시,제주 제주시 한림읍 한림리 1537-7,"2,725,680","1,336,000",낙찰,"1,400,000",51.4%,2021-11-15,2021_4Q,3
제주 2계 2020-7035(2),도로,기타토지,기타토지,제주,제주시,제주 제주시 한림읍 한림리 1537-18,"2,575,800","1,262,000",낙찰,"1,262,000",49.0%,2021-12-20,2021_4Q,3
제주 2계 2020-7035(3),전,전,전,제주,제주시,제주 제주시 한림읍 한림리 1552-4,"3,749,040","1,286,000",낙찰,"1,300,000",34.7%,2021-12-20,2021_4Q,3
제주 2계 2020-7035(4),도로,기타토지,기타토지,제주,제주시,제주 제주시 한림읍 한림리 1552-9,"1,121,400","550,000",낙찰,"560,000",49.9%,2021-12-20,2021_4Q,3
제주 1계 2020-7080,단독주택,단독,단독주택,제주,제주시,제주 제주시 애월읍 소길리 1049 가동호,"1,144,020,000","800,814,000",낙찰,"851,211,000",74.4%,2021-07-19,2021_3Q,3
제주 2계 2020-7097(1),임야,임야,임야,제주,서귀포시,제주 서귀포시 호근동 산10-22,"22,000,000","15,400,000",낙찰,"17,500,000",79.5%,2021-10-12,2021_4Q,3
제주 2계 2020-7097(2),임야,임야,임야,제주,서귀포시,제주 서귀포시 호근동 산10-23,"21,000,000","14,700,000",낙찰,"17,500,000",83.3%,2021-10-12,2021_4Q,3
제주 3계 2020-7103,숙박시설,숙박시설,숙박시설,제주,제주시,제주 제주시 연동 274-64 디오션시티2차 10층 1018호,"129,000,000","63,210,000",낙찰,"101,000,000",78.3%,2021-08-02,2021_3Q,3
제주 3계 2020-7110,숙박시설,숙박시설,숙박시설,제주,제주시,제주 제주시 연동 274-64 디오션시티2차 15층 1518호,"132,000,000","92,400,000",낙찰,"101,500,000",76.9%,2021-08-02,2021_3Q,3
제주 4계 2020-7127(1),근린상가,근린상가,근린상가,제주,제주시,제주 제주시 한림읍 한림리 1399-5,"1,306,947,040","640,404,000",낙찰,"698,000,000",53.4%,2021-07-05,2021_3Q,3
제주 2계 2020-7165,단독주택,단독,단독주택,제주,제주시,제주 제주시 애월읍 광령리 609-3,"991,261,400","693,883,000",낙찰,"815,000,000",82.2%,2021-10-12,2021_4Q,3
제주 6계 2020-7196,숙박시설,숙박시설,숙박시설,제주,제주시,"제주 제주시 조천읍 함덕리 3061 ,3065,3066-2,3067,3068,3074,3076 제주함덕라마다호텔 5층 536호","157,000,000","53,851,000",낙찰,"62,990,000",40.1%,2021-09-13,2021_3Q,3
제주 5계 2020-7240,아파트,아파트,아파트,제주,서귀포시,제주 서귀포시 동홍동 506-1 대오 5층 604호,"167,000,000","116,900,000",낙찰,"155,500,000",93.1%,2021-08-17,2021_3Q,3
제주 2계 2020-7271(2),다세대,다세대주택,다세대,제주,제주시,제주 제주시 도평동 1355-1 도평드림빌리지 2층 202호,"241,000,000","118,090,000",낙찰,"159,200,000",66.1%,2021-12-20,2021_4Q,3
제주 2계 2020-7271(4),다세대,다세대주택,다세대,제주,제주시,제주 제주시 도평동 1355-1 도평드림빌리지 3층 302호,"246,000,000","120,540,000",낙찰,"165,370,000",67.2%,2021-12-20,2021_4Q,3
제주 2계 2020-7271(5),다세대,다세대주택,다세대,제주,제주시,제주 제주시 도평동 1355-1 도평드림빌리지 4층 401호,"290,000,000","142,100,000",낙찰,"213,900,000",73.8%,2021-12-20,2021_4Q,3
제주 2계 2020-7271(6),다세대,다세대주택,다세대,제주,제주시,제주 제주시 도평동 1355-1 도평드림빌리지 4층 402호,"290,000,000","203,000,000",낙찰,"210,600,000",72.6%,2021-11-15,2021_4Q,3
제주 3계 2020-7349(1),임야,임야,임야,제주,제주시,제주 제주시 회천동 131,"2,349,827,000","1,151,415,000",낙찰,"1,316,000,000",56.0%,2021-09-06,2021_3Q,3
제주 3계 2020-7349(2),임야,임야,임야,제주,제주시,제주 제주시 회천동 434,"2,381,803,000","1,667,262,000",낙찰,"2,538,001,500",106.6%,2021-08-02,2021_3Q,3
제주 3계 2020-7349(3),임야,임야,임야,제주,제주시,제주 제주시 회천동 132,"891,803,000","305,888,000",낙찰,"437,100,000",49.0%,2021-10-18,2021_4Q,3
제주 1계 2020-7387,대지,나대지,나대지,제주,제주시,제주 제주시 이도일동 1688-6,"1,107,132,000","774,992,400",낙찰,"850,000,000",76.8%,2021-11-08,2021_4Q,3
제주 3계 2020-7394,단독주택,단독,단독주택,제주,제주시,"제주 제주시 오라삼동 2798-1 ,2864-1 A동","4,133,669,660","2,025,498,000",낙찰,"2,610,000,000",63.1%,2021-10-18,2021_4Q,3
제주 3계 2020-7400,전,전,전,제주,제주시,제주 제주시 용담삼동 1158,"25,343,260,000","17,740,282,000",낙찰,"24,100,000,000",95.1%,2021-09-06,2021_3Q,3
제주 3계 2020-7523,연립,연립주택,연립·빌라,제주,제주시,제주 제주시 이호이동 1089 천지빌라 1층 101호,"131,000,000","64,190,000",낙찰,"86,310,000",65.9%,2021-11-22,2021_4Q,3
제주 2계 2020-7578,임야,임야,임야,제주,서귀포시,제주 서귀포시 안덕면 동광리 5-189,"45,347,000","31,743,000",낙찰,"35,555,000",78.4%,2021-11-15,2021_4Q,3
제주 3계 2020-7585,근린상가,근린상가,근린상가,제주,제주시,제주 제주시 애월읍 소길리 853-1 1호,"3,191,818,190","1,563,991,000",낙찰,"1,927,000,000",60.4%,2021-09-06,2021_3Q,3
제주 5계 2020-7608,단독주택,단독,단독주택,제주,제주시,제주 제주시 이도이동 1013-2,"108,446,980","53,139,000",낙찰,"54,620,000",50.4%,2021-11-01,2021_4Q,3
제주 6계 2020-7684,임야,임야,임야,제주,서귀포시,제주 서귀포시 성산읍 수산리 4566,"124,642,000","61,074,000",낙찰,"90,000,000",72.2%,2021-10-25,2021_4Q,3
제주 3계 2020-7769(1),전,전,전,제주,서귀포시,제주 서귀포시 대정읍 동일리 2117,"796,650,000","557,655,000",낙찰,"720,999,999",90.5%,2021-08-02,2021_3Q,3
제주 3계 2020-7769(2),전,전,전,제주,서귀포시,제주 서귀포시 대정읍 동일리 2117-2,"93,660,000","65,562,000",낙찰,"88,199,999",94.2%,2021-08-02,2021_3Q,3
제주 1계 2020-7806,주상복합(상가),기타토지,기타토지,제주,제주시,제주 제주시 애월읍 하귀2리 1750-1 제웅명당 1층 105호,"252,000,000","176,400,000",낙찰,"184,648,888",73.3%,2021-07-19,2021_3Q,3
제주 3계 2020-7820,단독주택,단독,단독주택,제주,서귀포시,제주 서귀포시 안덕면 화순리 1992,"402,407,360","281,685,000",낙찰,"385,200,000",95.7%,2021-10-18,2021_4Q,3
제주 2계 2020-7875(2),전,전,전,제주,제주시,제주 제주시 조천읍 와흘리 251-3,"366,966,000","366,966,000",낙찰,"371,770,000",101.3%,2021-10-12,2021_4Q,3
제주 2계 2020-7875(3),전,전,전,제주,제주시,제주 제주시 조천읍 와흘리 251-4,"607,512,000","607,512,000",낙찰,"627,700,000",103.3%,2021-10-12,2021_4Q,3
제주 2계 2020-7875(4),임야,임야,임야,제주,제주시,제주 제주시 조천읍 와흘리 253-1,"564,642,000","395,249,000",낙찰,"550,000,000",97.4%,2021-11-15,2021_4Q,3
제주 5계 2020-7905,전,전,전,제주,서귀포시,제주 서귀포시 성산읍 삼달리 1116-1,"281,520,000","197,064,000",낙찰,"210,100,000",74.6%,2021-08-17,2021_3Q,3
제주 6계 2020-7912,임야,임야,임야,제주,제주시,제주 제주시 오등동 산81-3,"101,133,000","49,555,000",낙찰,"61,110,000",60.4%,2021-08-09,2021_3Q,3
제주 1계 2020-7943,식물관련시설,기타건물,기타건물,제주,서귀포시,제주 서귀포시 표선면 가시리 2787-5,"3,781,649,200","2,647,154,000",낙찰,"2,930,000,000",77.5%,2021-07-19,2021_3Q,3
제주 3계 2020-7967,아파트,아파트,아파트,제주,서귀포시,제주 서귀포시 대정읍 하모리 946-1 성환 102동 3층 305호,"79,000,000","38,710,000",낙찰,"60,900,000",77.1%,2021-09-06,2021_3Q,3
제주 6계 2020-7981,다세대,다세대주택,다세대,제주,서귀포시,제주 서귀포시 대포동 2151-2 오션힐 3층 302호,"203,000,000","99,470,000",낙찰,"99,470,000",49.0%,2021-09-13,2021_3Q,3
제주 3계 2020-8014,전,전,전,제주,서귀포시,제주 서귀포시 대정읍 상모리 2520,"812,518,870","398,134,000",낙찰,"449,887,000",55.4%,2021-10-18,2021_4Q,3
제주 5계 2020-8021(1),다세대,다세대주택,다세대,제주,제주시,"제주 제주시 노형동 143-3 ,-2,139-4,141 빌라드포레수목원 C동 1,2,3,4층 101호","652,000,000","456,400,000",낙찰,"532,616,000",81.7%,2021-11-01,2021_4Q,3
제주 5계 2020-8021(2),다세대,다세대주택,다세대,제주,서귀포시,제주 서귀포시 동홍동 1202-1 동홍동예그린하우스텔 2층 202호,"103,000,000","72,100,000",낙찰,"77,010,000",74.8%,2021-11-01,2021_4Q,3
제주 5계 2020-8021(3),다세대,다세대주택,다세대,제주,서귀포시,제주 서귀포시 동홍동 1202-1 동홍동예그린하우스텔 2층 207호,"128,000,000","89,600,000",낙찰,"90,000,000",70.3%,2021-11-01,2021_4Q,3
제주 5계 2020-8021(4),다세대,다세대주택,다세대,제주,서귀포시,제주 서귀포시 동홍동 1202-1 동홍동예그린하우스텔 3층 302호,"104,000,000","72,800,000",낙찰,"75,100,000",72.2%,2021-11-01,2021_4Q,3
제주 5계 2020-8021(5),다세대,다세대주택,다세대,제주,서귀포시,제주 서귀포시 동홍동 1202-1 동홍동예그린하우스텔 3층 303호,"104,000,000","72,800,000",낙찰,"74,999,000",72.1%,2021-11-01,2021_4Q,3
제주 5계 2020-8021(6),다세대,다세대주택,다세대,제주,서귀포시,제주 서귀포시 동홍동 1202-1 동홍동예그린하우스텔 4층 402호,"105,000,000","73,500,000",낙찰,"75,010,000",71.4%,2021-11-01,2021_4Q,3
제주 1계 2020-8045,전,전,전,제주,제주시,제주 제주시 구좌읍 김녕리 1089-3,"145,860,000","145,860,000",낙찰,"179,410,000",123.0%,2021-07-19,2021_3Q,3
제주 3계 2020-8069,대지,나대지,나대지,제주,제주시,제주 제주시 애월읍 하귀2리 2997-3,"395,890,000","277,123,000",낙찰,"310,000,000",78.3%,2021-09-06,2021_3Q,3
제주 4계 2020-8076,근린상가,근린상가,근린상가,제주,제주시,"제주 제주시 삼도이동 25-1 ,-2","1,401,524,290","686,747,000",낙찰,"751,900,000",53.6%,2021-07-05,2021_3Q,3
제주 5계 2020-8083,임야,임야,임야,제주,서귀포시,제주 서귀포시 서호동 1430-5,"634,080,000","634,080,000",낙찰,"635,000,000",100.1%,2021-07-12,2021_3Q,3
제주 4계 2020-8106(1),단독주택,단독,단독주택,제주,서귀포시,제주 서귀포시 서홍동 2065-6,"432,076,800","211,718,000",낙찰,"331,001,000",76.6%,2021-07-05,2021_3Q,3
제주 4계 2020-8106(3),단독주택,단독,단독주택,제주,서귀포시,제주 서귀포시 서홍동 2068-5,"431,576,800","211,473,000",낙찰,"303,999,900",70.4%,2021-07-05,2021_3Q,3
제주 2계 2020-8120,주상복합(상가),기타토지,기타토지,제주,제주시,제주 제주시 일도이동 330-13 인화동위더스빌 2층 201호,"220,000,000","154,000,000",낙찰,"172,160,000",78.3%,2021-11-15,2021_4Q,3
제주 3계 2020-8137,숙박시설,숙박시설,숙박시설,제주,제주시,제주 제주시 노형동 928 에코미르 9층 1005호,"100,000,000","70,000,000",낙찰,"86,300,000",86.3%,2021-08-02,2021_3Q,3
제주 5계 2020-8267(1),창고,기타건물,창고,제주,서귀포시,제주 서귀포시 남원읍 남원리 1948,"687,076,000","336,667,000",낙찰,"446,350,000",65.0%,2021-11-01,2021_4Q,3
제주 5계 2020-8267(2),과수원,과수원,과수원,제주,서귀포시,제주 서귀포시 남원읍 남원리 1948-3,"663,413,000","325,072,000",낙찰,"446,350,000",67.3%,2021-11-01,2021_4Q,3
제주 6계 2020-8335,중기,기타토지,기타토지,제주,제주시,제주 제주시 외도일동 2155-3 제3자(주)세경내 보관,"120,000,000","58,800,000",낙찰,"65,300,000",54.4%,2021-09-13,2021_3Q,3
제주 5계 2020-8397,오피스텔,오피스텔,오피스텔(업무용),제주,제주시,제주 제주시 연동 292-42 노바빌리지 9층 1004호,"374,000,000","261,800,000",낙찰,"278,999,999",74.6%,2021-09-27,2021_3Q,3
제주 3계 2020-8427(1),전,전,전,제주,서귀포시,제주 서귀포시 상예동 3657-1,"637,420,000","312,336,000",낙찰,"371,000,000",58.2%,2021-10-18,2021_4Q,3
제주 3계 2020-8427(2),전,전,전,제주,서귀포시,제주 서귀포시 상예동 3729,"799,423,000","391,717,000",낙찰,"451,000,000",56.4%,2021-10-18,2021_4Q,3
제주 3계 2020-8427(3),전,전,전,제주,서귀포시,제주 서귀포시 상예동 4753-1,"3,512,280,000","1,721,017,000",낙찰,"1,759,999,000",50.1%,2021-10-18,2021_4Q,3
제주 6계 2020-8458,숙박시설,숙박시설,숙박시설,제주,서귀포시,"제주 서귀포시 성산읍 성산리 196-5 ,-18 블루마운틴관광호텔","4,316,802,800","2,115,233,000",낙찰,"2,882,700,000",66.8%,2021-10-25,2021_4Q,3
제주 4계 2020-8496,잡종지,잡종지,잡종지,제주,제주시,제주 제주시 한림읍 금악리 1233,"320,420,000","157,006,000",낙찰,"197,800,000",61.7%,2021-07-05,2021_3Q,3
제주 3계 2020-8502(1),전,전,전,제주,제주시,제주 제주시 한경면 고산리 522-1,"196,475,000","96,273,000",낙찰,"125,210,000",63.7%,2021-08-02,2021_3Q,3
제주 3계 2020-8502(2),전,전,전,제주,제주시,제주 제주시 한경면 고산리 522-4,"139,444,000","68,328,000",낙찰,"93,211,000",66.8%,2021-08-02,2021_3Q,3
제주 3계 2020-8502(3),전,전,전,제주,제주시,제주 제주시 한경면 고산리 2579-1,"259,794,000","127,299,000",낙찰,"183,211,000",70.5%,2021-08-02,2021_3Q,3
제주 3계 2020-8502(4),전,전,전,제주,제주시,제주 제주시 한림읍 동명리 1578-15,"277,078,990","135,769,000",낙찰,"180,000,500",65.0%,2021-08-02,2021_3Q,3
제주 2계 2020-8557,단독주택,단독,단독주택,제주,서귀포시,제주 서귀포시 표선면 가시리 347 타운하우스 14동호,"323,735,000","226,615,000",낙찰,"280,010,000",86.5%,2021-12-20,2021_4Q,3
제주 3계 2020-8601,다세대,다세대주택,다세대,제주,서귀포시,제주 서귀포시 대정읍 보성리 2424 삼정지에듀 105동 1층 104호,"437,000,000","437,000,000",낙찰,"483,477,378",110.6%,2021-08-02,2021_3Q,3
제주 5계 2020-8625,단독주택,단독,단독주택,제주,제주시,제주 제주시 애월읍 하귀2리 2740-3 가동,"2,903,569,920","2,032,499,000",낙찰,"2,091,000,000",72.0%,2021-09-27,2021_3Q,3
제주 5계 2020-8687(1),연립,연립주택,연립·빌라,제주,제주시,제주 제주시 애월읍 하가리 1365 오렌지트리빌리지1차 101동 4층 402호,"355,000,000","248,500,000",낙찰,"248,550,000",70.0%,2021-09-27,2021_3Q,3
제주 5계 2020-8687(2),다세대,다세대주택,다세대,제주,제주시,제주 제주시 애월읍 하가리 1365 오렌지트리빌리지1차 102동 3층 301호,"313,000,000","153,370,000",낙찰,"241,999,000",77.3%,2021-11-01,2021_4Q,3
제주 1계 2020-8700,전,전,전,제주,서귀포시,제주 서귀포시 대정읍 인성리 74-10,"148,120,000","103,684,000",낙찰,"118,400,000",79.9%,2021-08-23,2021_3Q,3
제주 5계 2020-8748,단독주택,단독,단독주택,제주,제주시,제주 제주시 애월읍 유수암리 1037-14 C동,"374,236,420","261,965,000",낙찰,"280,000,000",74.8%,2021-09-27,2021_3Q,3
제주 5계 2020-8816(2),전,전,전,제주,서귀포시,제주 서귀포시 성산읍 온평리 1733-1,"195,933,000","195,933,000",낙찰,"201,330,000",102.8%,2021-12-06,2021_4Q,3
제주 6계 2020-8823,전,전,전,제주,제주시,제주 제주시 한림읍 금능리 1644,"35,987,000","35,987,000",낙찰,"38,010,000",105.6%,2021-07-05,2021_3Q,3
제주 6계 2020-8946,다세대,다세대주택,다세대,제주,제주시,제주 제주시 건입동 1041-13 1층 101호,"100,000,000","70,000,000",낙찰,"83,700,000",83.7%,2021-11-29,2021_4Q,3
제주 3계 2020-8960,단독주택,단독,단독주택,제주,제주시,제주 제주시 외도일동 2174-4,"52,517,320","36,762,000",낙찰,"39,000,000",74.3%,2021-10-18,2021_4Q,3
제주 3계 2020-9024(1),다세대,다세대주택,다세대,제주,제주시,"제주 제주시 도평동 934-1 ,-2 로하임 101동 4층 501호","307,000,000","307,000,000",낙찰,"312,400,000",101.8%,2021-08-02,2021_3Q,3
제주 3계 2020-9024(2),다세대,다세대주택,다세대,제주,제주시,제주 제주시 삼양일동 1570-2 삼양해담채 2층 201호,"223,000,000","223,000,000",낙찰,"223,059,000",100.0%,2021-08-02,2021_3Q,3
제주 3계 2020-9093(3),오피스텔(주거),오피스텔,오피스텔(업무용),제주,제주시,"제주 제주시 삼도이동 913-5 ,-8 진아타워 2층 203호","88,000,000","61,600,000",낙찰,"61,700,000",70.1%,2021-12-27,2021_4Q,3
제주 3계 2020-9093(5),오피스텔(주거),오피스텔,오피스텔(업무용),제주,제주시,"제주 제주시 삼도이동 913-5 ,-8 진아타워 2층 206호","91,000,000","63,700,000",낙찰,"65,700,000",72.2%,2021-12-27,2021_4Q,3
제주 3계 2020-9093(6),오피스텔(주거),오피스텔,오피스텔(업무용),제주,제주시,"제주 제주시 삼도이동 913-5 ,-8 진아타워 2층 207호","91,000,000","63,700,000",낙찰,"70,088,888",77.0%,2021-12-27,2021_4Q,3
제주 3계 2020-9093(10),오피스텔(주거),오피스텔,오피스텔(업무용),제주,제주시,"제주 제주시 삼도이동 913-5 ,-8 진아타워 2층 211호","65,000,000","45,500,000",낙찰,"47,500,000",73.1%,2021-12-27,2021_4Q,3
제주 3계 2020-9093(13),오피스텔(주거),오피스텔,오피스텔(업무용),제주,제주시,"제주 제주시 삼도이동 913-5 ,-8 진아타워 3층 303호","88,000,000","61,600,000",낙찰,"61,710,000",70.1%,2021-12-27,2021_4Q,3
제주 3계 2020-9093(16),오피스텔(주거),오피스텔,오피스텔(업무용),제주,제주시,"제주 제주시 삼도이동 913-5 ,-8 진아타워 3층 307호","91,000,000","63,700,000",낙찰,"75,001,000",82.4%,2021-12-27,2021_4Q,3
제주 3계 2020-9093(25),오피스텔(주거),오피스텔,오피스텔(업무용),제주,제주시,"제주 제주시 삼도이동 913-5 ,-8 진아타워 4층 506호","93,000,000","65,100,000",낙찰,"65,210,000",70.1%,2021-12-27,2021_4Q,3
제주 3계 2020-9093(31),오피스텔(주거),오피스텔,오피스텔(업무용),제주,제주시,"제주 제주시 삼도이동 913-5 ,-8 진아타워 5층 601호","90,000,000","63,000,000",낙찰,"67,800,000",75.3%,2021-12-27,2021_4Q,3
제주 3계 2020-9093(36),오피스텔(주거),오피스텔,오피스텔(업무용),제주,제주시,"제주 제주시 삼도이동 913-5 ,-8 진아타워 5층 607호","93,000,000","65,100,000",낙찰,"70,310,000",75.6%,2021-12-27,2021_4Q,3
제주 3계 2020-9093(37),오피스텔(주거),오피스텔,오피스텔(업무용),제주,제주시,"제주 제주시 삼도이동 913-5 ,-8 진아타워 5층 608호","93,000,000","65,100,000",낙찰,"70,110,000",75.4%,2021-12-27,2021_4Q,3
제주 3계 2020-9093(39),오피스텔(주거),오피스텔,오피스텔(업무용),제주,제주시,"제주 제주시 삼도이동 913-5 ,-8 진아타워 5층 610호","93,000,000","65,100,000",낙찰,"65,200,000",70.1%,2021-12-27,2021_4Q,3
제주 3계 2020-9093(40),오피스텔(주거),오피스텔,오피스텔(업무용),제주,제주시,"제주 제주시 삼도이동 913-5 ,-8 진아타워 5층 611호","66,000,000","46,200,000",낙찰,"56,000,000",84.8%,2021-12-27,2021_4Q,3
제주 3계 2020-9093(43),오피스텔(주거),오피스텔,오피스텔(업무용),제주,제주시,"제주 제주시 삼도이동 913-5 ,-8 진아타워 6층 703호","91,000,000","63,700,000",낙찰,"63,800,000",70.1%,2021-12-27,2021_4Q,3
제주 3계 2020-9093(45),오피스텔(주거),오피스텔,오피스텔(업무용),제주,제주시,"제주 제주시 삼도이동 913-5 ,-8 진아타워 6층 706호","94,000,000","65,800,000",낙찰,"65,890,158",70.1%,2021-12-27,2021_4Q,3
제주 3계 2020-9093(46),오피스텔(주거),오피스텔,오피스텔(업무용),제주,제주시,"제주 제주시 삼도이동 913-5 ,-8 진아타워 6층 707호","94,000,000","65,800,000",낙찰,"71,200,000",75.7%,2021-12-27,2021_4Q,3
제주 3계 2020-9093(47),오피스텔(주거),오피스텔,오피스텔(업무용),제주,제주시,"제주 제주시 삼도이동 913-5 ,-8 진아타워 6층 708호","94,000,000","65,800,000",낙찰,"66,800,000",71.1%,2021-12-27,2021_4Q,3
제주 3계 2020-9093(53),오피스텔(주거),오피스텔,오피스텔(업무용),제주,제주시,"제주 제주시 삼도이동 913-5 ,-8 진아타워 7층 803호","92,000,000","64,400,000",낙찰,"75,200,000",81.7%,2021-12-27,2021_4Q,3
제주 3계 2020-9093(55),오피스텔(주거),오피스텔,오피스텔(업무용),제주,제주시,"제주 제주시 삼도이동 913-5 ,-8 진아타워 7층 806호","95,000,000","66,500,000",낙찰,"78,899,900",83.1%,2021-12-27,2021_4Q,3
제주 3계 2020-9093(56),오피스텔(주거),오피스텔,오피스텔(업무용),제주,제주시,"제주 제주시 삼도이동 913-5 ,-8 진아타워 7층 807호","95,000,000","66,500,000",낙찰,"67,308,000",70.9%,2021-12-27,2021_4Q,3
제주 3계 2020-9093(57),오피스텔(주거),오피스텔,오피스텔(업무용),제주,제주시,"제주 제주시 삼도이동 913-5 ,-8 진아타워 7층 808호","95,000,000","66,500,000",낙찰,"77,000,000",81.1%,2021-12-27,2021_4Q,3
제주 3계 2020-9093(63),오피스텔(주거),오피스텔,오피스텔(업무용),제주,제주시,"제주 제주시 삼도이동 913-5 ,-8 진아타워 8층 903호","92,000,000","64,400,000",낙찰,"75,500,000",82.1%,2021-12-27,2021_4Q,3
제주 3계 2020-9093(67),오피스텔(주거),오피스텔,오피스텔(업무용),제주,제주시,"제주 제주시 삼도이동 913-5 ,-8 진아타워 8층 908호","95,000,000","66,500,000",낙찰,"67,000,000",70.5%,2021-12-27,2021_4Q,3
제주 3계 2020-9093(73),오피스텔(주거),오피스텔,오피스텔(업무용),제주,제주시,"제주 제주시 삼도이동 913-5 ,-8 진아타워 9층 1003호","93,000,000","65,100,000",낙찰,"66,100,000",71.1%,2021-12-27,2021_4Q,3
제주 3계 2020-9093(78),오피스텔(주거),오피스텔,오피스텔(업무용),제주,제주시,"제주 제주시 삼도이동 913-5 ,-8 진아타워 9층 1009호","96,000,000","67,200,000",낙찰,"69,090,000",72.0%,2021-12-27,2021_4Q,3
제주 3계 2020-9093(80),오피스텔(주거),오피스텔,오피스텔(업무용),제주,제주시,"제주 제주시 삼도이동 913-5 ,-8 진아타워 9층 1011호","68,000,000","47,600,000",낙찰,"48,550,800",71.4%,2021-12-27,2021_4Q,3
제주 3계 2020-9093(81),오피스텔(주거),오피스텔,오피스텔(업무용),제주,제주시,"제주 제주시 삼도이동 913-5 ,-8 진아타워 10층 1101호","93,000,000","65,100,000",낙찰,"68,988,880",74.2%,2021-12-27,2021_4Q,3
제주 3계 2020-9093(85),오피스텔(주거),오피스텔,오피스텔(업무용),제주,제주시,"제주 제주시 삼도이동 913-5 ,-8 진아타워 10층 1107호","96,000,000","67,200,000",낙찰,"70,000,888",72.9%,2021-12-27,2021_4Q,3
제주 3계 2020-9093(87),오피스텔(주거),오피스텔,오피스텔(업무용),제주,제주시,"제주 제주시 삼도이동 913-5 ,-8 진아타워 10층 1109호","96,000,000","67,200,000",낙찰,"68,360,000",71.2%,2021-12-27,2021_4Q,3
제주 3계 2020-9093(88),오피스텔(주거),오피스텔,오피스텔(업무용),제주,제주시,"제주 제주시 삼도이동 913-5 ,-8 진아타워 10층 1111호","68,000,000","68,000,000",낙찰,"68,120,000",100.2%,2021-11-22,2021_4Q,3
제주 3계 2020-9093(94),오피스텔(주거),오피스텔,오피스텔(업무용),제주,제주시,"제주 제주시 삼도이동 913-5 ,-8 진아타워 11층 1211호","69,000,000","48,300,000",낙찰,"58,899,900",85.4%,2021-12-27,2021_4Q,3
제주 4계 2020-9109,단독주택,단독,단독주택,제주,제주시,제주 제주시 월평동 1073-1,"655,147,294","321,022,000",낙찰,"507,890,000",77.5%,2021-07-05,2021_3Q,3
제주 6계 2020-9123,전,전,전,제주,서귀포시,제주 서귀포시 안덕면 사계리 349-1,"172,326,000","172,326,000",낙찰,"182,133,390",105.7%,2021-07-05,2021_3Q,3
제주 2계 2020-9154,도로,기타토지,기타토지,제주,서귀포시,제주 서귀포시 남원읍 신흥리 1051-2,"8,100,000","5,670,000",낙찰,"5,672,000",70.0%,2021-12-20,2021_4Q,3
제주 5계 2020-9178,전,전,전,제주,서귀포시,제주 서귀포시 남원읍 남원리 2030-5,"10,296,000","7,207,000",낙찰,"9,388,720",91.2%,2021-11-01,2021_4Q,3
제주 5계 2020-9284,아파트,아파트,아파트,제주,제주시,제주 제주시 조천읍 조천리 1361-3 대진유토피아빌리지3차 3층 302호,"251,000,000","175,700,000",낙찰,"189,900,000",75.7%,2021-11-01,2021_4Q,3
제주 6계 2020-9291,단독주택,단독,단독주택,제주,제주시,제주 제주시 해안동 1366-1 하이어스해안 108동호,"633,010,240","443,107,000",낙찰,"533,200,000",84.2%,2021-11-29,2021_4Q,3
제주 3계 2020-9321,연립,연립주택,연립·빌라,제주,서귀포시,제주 서귀포시 성산읍 오조리 834-1 성산웰리지 가동 3층 303호,"345,000,000","169,050,000",낙찰,"231,210,000",67.0%,2021-10-18,2021_4Q,3
제주 4계 2020-9338,전,전,전,제주,제주시,제주 제주시 조천읍 함덕리 3249,"1,543,305,000","756,220,000",낙찰,"1,101,100,000",71.3%,2021-07-05,2021_3Q,3
제주 1계 2020-9369,아파트,아파트,아파트,제주,제주시,제주 제주시 이도이동 1080-16 은하 5층 601호,"220,000,000","154,000,000",낙찰,"163,333,333",74.2%,2021-08-23,2021_3Q,3
제주 3계 2020-9444,연립,연립주택,연립·빌라,제주,제주시,제주 제주시 한림읍 협재리 598-2 프랜드빌리지 3층 303호,"37,000,000","25,900,000",낙찰,"26,100,000",70.5%,2021-09-06,2021_3Q,3
제주 4계 2020-9451,다세대,다세대주택,다세대,제주,제주시,제주 제주시 도남동 49-8 건영빌라A 지하층 1호,"68,000,000","33,320,000",낙찰,"37,800,000",55.6%,2021-07-05,2021_3Q,3
제주 1계 2020-9482,임야,임야,임야,제주,제주시,제주 제주시 한경면 판포리 2411-4,"625,920,000","306,701,000",낙찰,"408,920,000",65.3%,2021-11-08,2021_4Q,3
제주 3계 2020-9567,전,전,전,제주,제주시,제주 제주시 구좌읍 세화리 2056,"1,185,153,000","580,725,000",낙찰,"601,000,000",50.7%,2021-11-22,2021_4Q,3
제주 5계 2020-9581,단독주택,단독,단독주택,제주,제주시,제주 제주시 노형동 318-66 죽림동천6동,"423,843,440","296,690,000",낙찰,"320,000,000",75.5%,2021-11-01,2021_4Q,3
제주 3계 2020-9628,임야,임야,임야,제주,제주시,제주 제주시 한림읍 상대리 129,"82,639,230","40,493,000",낙찰,"44,010,000",53.3%,2021-11-22,2021_4Q,3
제주 5계 2020-9659,다세대,다세대주택,다세대,제주,서귀포시,"제주 서귀포시 서홍동 1237 ,369,370-1,1238-4 더존시티타운 7동 3층 301호","320,000,000","156,800,000",낙찰,"233,920,000",73.1%,2021-12-06,2021_4Q,3
제주 4계 2020-9758,아파트,아파트,아파트,제주,서귀포시,제주 서귀포시 남원읍 남원리 1432-4 청우썬비치빌 7층 702호,"250,000,000","175,000,000",낙찰,"178,300,000",71.3%,2021-09-13,2021_3Q,3
제주 5계 2020-9765,단독주택,단독,단독주택,제주,제주시,"제주 제주시 영평동 2463 ,2464-4","1,257,457,190","880,220,000",낙찰,"906,000,000",72.1%,2021-11-01,2021_4Q,3
제주 6계 2020-9772,다세대,다세대주택,다세대,제주,제주시,제주 제주시 외도일동 635-11 대림빌라 4층 502호,"100,912,000","70,638,000",낙찰,"90,009,000",89.2%,2021-08-09,2021_3Q,3
제주 3계 2020-9802,임야,임야,임야,제주,서귀포시,제주 서귀포시 표선면 가시리 250-3,"159,594,000","111,716,000",낙찰,"151,100,000",94.7%,2021-10-18,2021_4Q,3
제주 5계 2020-9826,연립,연립주택,연립·빌라,제주,서귀포시,"제주 서귀포시 중문동 2424 ,2425,2433,2438 화인프라자 라동 1층 105호","109,000,000","109,000,000",낙찰,"133,000,000",122.0%,2021-09-27,2021_3Q,3
제주 3계 2020-9864,다세대,다세대주택,다세대,제주,서귀포시,제주 서귀포시 성산읍 고성리 1123-2 드림펠리스 101동 6층 706호,"240,000,000","168,000,000",낙찰,"215,110,000",89.6%,2021-10-18,2021_4Q,3
제주 4계 2020-9871(1),다세대,다세대주택,다세대,제주,제주시,제주 제주시 애월읍 애월리 214-2 애월아리움빌 102동 1층 101호,"213,000,000","104,370,000",낙찰,"130,999,900",61.5%,2021-08-09,2021_3Q,3
제주 4계 2020-9871(2),다세대,다세대주택,다세대,제주,제주시,제주 제주시 애월읍 애월리 214-2 애월아리움빌 102동 1층 102호,"213,000,000","104,370,000",낙찰,"134,190,000",63.0%,2021-08-09,2021_3Q,3
제주 4계 2020-9871(3),다세대,다세대주택,다세대,제주,제주시,제주 제주시 애월읍 애월리 214-2 애월아리움빌 102동 2층 201호,"222,000,000","108,780,000",낙찰,"144,300,000",65.0%,2021-08-09,2021_3Q,3
제주 4계 2020-9871(4),다세대,다세대주택,다세대,제주,제주시,제주 제주시 애월읍 애월리 214-2 애월아리움빌 102동 2층 202호,"222,000,000","108,780,000",낙찰,"153,550,000",69.2%,2021-08-09,2021_3Q,3
제주 4계 2020-9871(5),다세대,다세대주택,다세대,제주,제주시,제주 제주시 애월읍 애월리 214-2 애월아리움빌 102동 3층 301호,"231,000,000","113,190,000",낙찰,"165,140,000",71.5%,2021-08-09,2021_3Q,3
제주 4계 2020-9871(6),다세대,다세대주택,다세대,제주,제주시,제주 제주시 애월읍 애월리 214-2 애월아리움빌 102동 3층 302호,"231,000,000","113,190,000",낙찰,"151,100,000",65.4%,2021-08-09,2021_3Q,3
제주 4계 2020-9871(7),다세대,다세대주택,다세대,제주,제주시,제주 제주시 애월읍 애월리 214-2 애월아리움빌 102동 4층 501호,"275,000,000","134,750,000",낙찰,"195,999,990",71.3%,2021-08-09,2021_3Q,3
제주 4계 2020-9871(8),다세대,다세대주택,다세대,제주,제주시,제주 제주시 애월읍 애월리 214-2 애월아리움빌 102동 4층 502호,"275,000,000","134,750,000",낙찰,"201,100,000",73.1%,2021-08-09,2021_3Q,3
제주 3계 2020-9925,다세대,다세대주택,다세대,제주,제주시,"제주 제주시 오라이동 3309-1 ,3310,3311 오라만진리치빌2차 104동 4층 501호","291,000,000","291,000,000",낙찰,"310,000,000",106.5%,2021-09-06,2021_3Q,3
제주 4계 2020-10055,아파트,아파트,아파트,제주,제주시,제주 제주시 오라이동 1394-1 오라동벽강하이본타워4차 101동 1층 111호,"339,000,000","237,300,000",낙찰,"322,100,000",95.0%,2021-07-05,2021_3Q,3
제주 1계 2020-10147,임야,임야,임야,제주,서귀포시,제주 서귀포시 안덕면 덕수리 2007,"352,989,000","247,092,000",낙찰,"301,000,000",85.3%,2021-11-08,2021_4Q,3
제주 4계 2020-10178,전,전,전,제주,제주시,제주 제주시 구좌읍 세화리 2464,"2,204,784,000","1,543,349,000",낙찰,"1,855,500,000",84.2%,2021-07-05,2021_3Q,3
제주 4계 2020-10239,다세대,다세대주택,다세대,제주,제주시,제주 제주시 건입동 710-21 신아빌라 B동 1층 101호,"76,000,000","37,240,000",낙찰,"52,160,000",68.6%,2021-08-09,2021_3Q,3
제주 5계 2020-10246,오피스텔(주거),오피스텔,오피스텔(업무용),제주,제주시,제주 제주시 삼도일동 532-13 화인퍼스트빌 2층 203호,"283,000,000","198,100,000",낙찰,"255,000,000",90.1%,2021-12-06,2021_4Q,3
제주 1계 2020-10260,다세대,다세대주택,다세대,제주,제주시,제주 제주시 오등동 1377-21 다울빌리지 102동 2층 201호,"229,000,000","160,300,000",낙찰,"231,000,000",100.9%,2021-11-08,2021_4Q,3
제주 4계 2020-10291(1),전,전,전,제주,제주시,제주 제주시 구좌읍 덕천리 58,"1,243,792,000","426,621,000",낙찰,"611,000,000",49.1%,2021-09-13,2021_3Q,3
제주 4계 2020-10291(2),임야,임야,임야,제주,제주시,제주 제주시 구좌읍 덕천리 10,"2,881,065,000","988,205,000",낙찰,"1,150,000,000",39.9%,2021-09-13,2021_3Q,3
제주 4계 2020-10291(3),전,전,전,제주,제주시,제주 제주시 구좌읍 덕천리 19,"1,249,264,000","428,498,000",낙찰,"508,550,000",40.7%,2021-09-13,2021_3Q,3
제주 1계 2020-10321(1),임야,임야,임야,제주,제주시,제주 제주시 구좌읍 종달리 3236,"192,708,000","94,427,000",낙찰,"95,333,000",49.5%,2021-12-13,2021_4Q,3
제주 1계 2020-10321(2),연립,연립주택,연립·빌라,제주,제주시,"제주 제주시 조천읍 조천리 1188-1 ,798,1189-1,1190-1,1265-2,1267-2 조천도화썬빌리지 205동 2층 201호","151,000,000","105,700,000",낙찰,"124,110,000",82.2%,2021-11-08,2021_4Q,3
제주 6계 2020-10451(1),임야,임야,임야,제주,서귀포시,제주 서귀포시 남원읍 하례리 1113-5,"1,551,000","760,000",낙찰,"777,000",50.1%,2021-10-25,2021_4Q,3
제주 6계 2020-10451(2),임야,임야,임야,제주,서귀포시,제주 서귀포시 남원읍 하례리 1113-6,"4,470,000","2,190,000",낙찰,"2,500,000",55.9%,2021-10-25,2021_4Q,3
제주 5계 2020-10482,근린상가,근린상가,근린상가,제주,서귀포시,제주 서귀포시 남원읍 남원리 1342-2,"903,198,960","903,198,960",낙찰,"986,690,000",109.2%,2021-11-01,2021_4Q,3
제주 3계 2020-10581,차량,기타토지,기타토지,제주,제주시,제주 제주시 외도일동 2155-3 물품보관소주차장내 보관((주)세경보관),"21,000,000","14,700,000",낙찰,"20,300,000",96.7%,2021-08-02,2021_3Q,3
제주 4계 2020-10598,단독주택,단독,단독주택,제주,제주시,제주 제주시 외도일동 539-26,"493,455,240","345,419,000",낙찰,"405,000,000",82.1%,2021-07-05,2021_3Q,3
제주 6계 2020-10673(1),아파트,아파트,아파트,제주,제주시,제주 제주시 연동 292-4 연동휴레스트2차 3층 302호,"186,000,000","91,140,000",낙찰,"121,000,000",65.1%,2021-10-25,2021_4Q,3
제주 6계 2020-10673(2),아파트,아파트,아파트,제주,제주시,제주 제주시 연동 292-4 연동휴레스트2차 4층 501호,"186,000,000","130,200,000",낙찰,"130,200,000",70.0%,2021-09-13,2021_3Q,3
제주 6계 2020-10673(3),아파트,아파트,아파트,제주,제주시,제주 제주시 연동 292-4 연동휴레스트2차 4층 502호,"186,000,000","91,140,000",낙찰,"121,000,000",65.1%,2021-10-25,2021_4Q,3
제주 6계 2020-10673(4),아파트,아파트,아파트,제주,제주시,제주 제주시 연동 292-4 연동휴레스트2차 5층 602호,"186,000,000","91,140,000",낙찰,"123,000,000",66.1%,2021-10-25,2021_4Q,3
제주 3계 2020-10703,다세대,다세대주택,다세대,제주,서귀포시,제주 서귀포시 하원동 537 골드빌2차 105동 2층 202호,"340,000,000","166,600,000",낙찰,"195,000,000",57.4%,2021-11-22,2021_4Q,3
제주 4계 2020-10710(1),전,전,전,제주,제주시,제주 제주시 한경면 고산리 1146,"86,240,000","60,368,000",낙찰,"81,210,000",94.2%,2021-07-05,2021_3Q,3
제주 4계 2020-10710(2),전,전,전,제주,서귀포시,제주 서귀포시 대정읍 무릉리 2609,"370,632,000","181,609,000",낙찰,"291,199,990",78.6%,2021-08-09,2021_3Q,3
제주 3계 2020-10765,연립,연립주택,연립·빌라,제주,제주시,"제주 제주시 이도일동 1687-5 ,-8,-9 베네스트빌 6층 601호","299,200,000","209,440,000",낙찰,"241,000,000",80.5%,2021-11-22,2021_4Q,3
제주 4계 2020-10772,연립,연립주택,연립·빌라,제주,제주시,"제주 제주시 이도일동 1687-5 ,-8,-9 베네스트빌 6층 602호","396,000,000","277,200,000",낙찰,"345,000,000",87.1%,2021-07-05,2021_3Q,3
제주 5계 2020-10789,임야,임야,임야,제주,서귀포시,제주 서귀포시 안덕면 동광리 71-40,"36,741,000","25,719,000",낙찰,"26,880,000",73.2%,2021-12-06,2021_4Q,3
제주 4계 2020-10840(1),단독주택,단독,단독주택,제주,서귀포시,제주 서귀포시 안덕면 상창리 1200-6,"496,068,800","347,248,000",낙찰,"425,000,000",85.7%,2021-10-25,2021_4Q,3
제주 4계 2020-10840(2),단독주택,단독,단독주택,제주,서귀포시,제주 서귀포시 안덕면 상창리 1200-7,"493,580,520","345,506,000",낙찰,"387,770,000",78.6%,2021-10-25,2021_4Q,3
제주 5계 2020-10857(1),단독주택,단독,단독주택,제주,서귀포시,제주 서귀포시 대정읍 영락리 1200-4,"427,762,000","299,433,000",낙찰,"351,100,000",82.1%,2021-12-06,2021_4Q,3
제주 3계 2020-10888,숙박시설,숙박시설,숙박시설,제주,제주시,제주 제주시 연동 282-3 밸류호텔제주 14층 1404호,"209,000,000","71,687,000",낙찰,"81,110,000",38.8%,2021-12-27,2021_4Q,3
제주 5계 2020-11027(1),차량,기타토지,기타토지,제주,제주시,제주 제주시 외도일동 2155-3 내 보관(제3자 (주)세경),"26,500,000","18,550,000",낙찰,"26,250,000",99.1%,2021-09-27,2021_3Q,3
제주 5계 2020-11027(2),차량,기타토지,기타토지,제주,제주시,제주 제주시 외도일동 2155-3 내 보관(제3자 (주)세경),"26,500,000","18,550,000",낙찰,"26,250,000",99.1%,2021-09-27,2021_3Q,3
제주 5계 2020-11027(3),차량,기타토지,기타토지,제주,제주시,제주 제주시 외도일동 2155-3 내 보관(제3자 (주)세경),"27,500,000","19,250,000",낙찰,"25,020,000",91.0%,2021-12-06,2021_4Q,3
제주 5계 2020-11027(4),차량,기타토지,기타토지,제주,제주시,제주 제주시 외도일동 2155-3 내 보관(제3자 (주)세경),"26,000,000","18,200,000",낙찰,"26,250,000",101.0%,2021-09-27,2021_3Q,3
제주 5계 2020-11027(5),차량,기타토지,기타토지,제주,제주시,제주 제주시 외도일동 2155-3 내 보관(제3자 (주)세경),"27,000,000","18,900,000",낙찰,"26,250,000",97.2%,2021-09-27,2021_3Q,3
제주 5계 2020-11027(6),차량,기타토지,기타토지,제주,제주시,제주 제주시 외도일동 2155-3 내 보관(제3자 (주)세경),"26,500,000","18,550,000",낙찰,"26,250,000",99.1%,2021-09-27,2021_3Q,3
제주 1계 2020-11102(3),묘지,기타토지,기타토지,제주,제주시,제주 제주시 한림읍 협재리 2057,"5,820,000","5,820,000",낙찰,"6,677,000",114.7%,2021-11-08,2021_4Q,3
제주 3계 2020-11126,아파트,아파트,아파트,제주,제주시,제주 제주시 일도이동 113-1 일도수선화 가동 2층 206호,"160,000,000","160,000,000",낙찰,"243,110,000",151.9%,2021-09-06,2021_3Q,3
제주 2계 2020-21123,근린주택,근린주택,근린주택,제주,제주시,제주 제주시 아라일동 7-24,"1,417,302,000","694,478,000",낙찰,"867,050,000",61.2%,2021-08-30,2021_3Q,3
제주 5계 2020-21352,목장용지,기타토지,목장용지,제주,서귀포시,제주 서귀포시 표선면 가시리 2609,"16,525,000","3,968,000",낙찰,"4,000,000",24.2%,2021-11-01,2021_4Q,3
제주 2계 2020-21574,단독주택,단독,단독주택,제주,서귀포시,제주 서귀포시 표선면 세화리 214 1동,"4,497,566,050","2,203,807,000",낙찰,"3,300,000,000",73.4%,2021-07-26,2021_3Q,3
제주 1계 2020-21611,기타부동산,기타토지,기타토지,제주,서귀포시,"제주 서귀포시 성산읍 수산리 3309 ,3310,3311","3,788,476,000","1,856,353,000",낙찰,"2,600,000,000",68.6%,2021-08-23,2021_3Q,3
제주 2계 2020-21628,콘도,기타토지,기타토지,제주,제주시,제주 제주시 조천읍 함덕리 954-1 대명리조트제주 신관동 2층 224호,"18,000,000","8,820,000",낙찰,"12,151,000",67.5%,2021-07-26,2021_3Q,3
제주 2계 2020-22010(1),임야,임야,임야,제주,제주시,제주 제주시 한경면 청수리 산5,"255,145,870","87,515,000",낙찰,"126,789,500",49.7%,2021-08-30,2021_3Q,3
제주 5계 2020-22096(2),임야,임야,임야,제주,제주시,제주 제주시 해안동 산212-9,"14,808,290","7,256,000",낙찰,"9,800,000",66.2%,2021-11-01,2021_4Q,3
제주 5계 2020-22164,임야,임야,임야,제주,제주시,제주 제주시 한경면 용수리 50,"191,011,000","133,708,000",낙찰,"157,770,000",82.6%,2021-08-17,2021_3Q,3
제주 4계 2020-22508,전,전,전,제주,제주시,제주 제주시 한림읍 옹포리 769,"522,000,000","179,046,000",낙찰,"250,000,000",47.9%,2021-07-05,2021_3Q,3
제주 6계 2020-22522,숙박시설,숙박시설,숙박시설,제주,제주시,"제주 제주시 연동 260-13 ,-7 에코유니 7층 804호","92,000,000","64,400,000",낙찰,"68,500,000",74.5%,2021-07-05,2021_3Q,3
제주 6계 2020-22591,숙박시설,숙박시설,숙박시설,제주,제주시,"제주 제주시 건입동 1443 ,-1 호텔리젠트마린더블루 7층 735호","197,000,000","67,571,000",낙찰,"80,000,000",40.6%,2021-07-05,2021_3Q,3
제주 1계 2020-22775,전,전,전,제주,서귀포시,제주 서귀포시 서홍동 2397-10,"125,776,000","125,776,000",낙찰,"133,110,000",105.8%,2021-08-23,2021_3Q,3
제주 6계 2020-22942,단독주택,단독,단독주택,제주,제주시,제주 제주시 한림읍 귀덕리 3794-1,"1,750,394,240","1,225,276,000",낙찰,"1,225,350,000",70.0%,2021-07-05,2021_3Q,3
제주 2계 2020-22966(1),임야,임야,임야,제주,서귀포시,제주 서귀포시 보목동 1395,"140,857,000","131,942,000",낙찰,"211,100,000",149.9%,2021-07-26,2021_3Q,3
제주 2계 2020-22966(2),임야,임야,임야,제주,서귀포시,제주 서귀포시 보목동 1396,"156,484,000","134,444,000",낙찰,"188,888,880",120.7%,2021-10-12,2021_4Q,3
제주 5계 2020-23006,콘도,기타토지,기타토지,제주,제주시,제주 제주시 한림읍 금능리 1625 제주일성비치콘도 1층 137호,"11,000,000","2,641,000",낙찰,"2,650,000",24.1%,2021-09-27,2021_3Q,3
제주 3계 2020-23037,임야,임야,임야,제주,제주시,제주 제주시 조천읍 대흘리 산27-14,"481,598,660","165,188,000",낙찰,"207,000,000",43.0%,2021-08-02,2021_3Q,3
제주 5계 2020-23051,단독주택,단독,단독주택,제주,제주시,제주 제주시 한림읍 한림리 935-9,"201,018,560","98,499,000",낙찰,"101,200,000",50.3%,2021-11-01,2021_4Q,3
제주 2계 2020-23150,임야,임야,임야,제주,제주시,제주 제주시 애월읍 어음리 1665-8,"12,743,500","6,244,000",낙찰,"7,509,000",58.9%,2021-08-30,2021_3Q,3
제주 2계 2020-23204,창고,기타건물,창고,제주,서귀포시,"제주 서귀포시 남원읍 위미리 4148-5 ,-8","464,316,750","460,136,750",낙찰,"461,200,000",99.3%,2021-12-20,2021_4Q,3
제주 5계 2020-23235(1),잡종지,잡종지,잡종지,제주,제주시,제주 제주시 한림읍 금악리 1471,"646,749,000","221,835,000",낙찰,"324,700,000",50.2%,2021-09-27,2021_3Q,3
제주 5계 2020-23235(2),목장용지,기타토지,목장용지,제주,제주시,제주 제주시 한림읍 금악리 1477,"351,351,000","172,162,000",낙찰,"173,000,000",49.2%,2021-08-17,2021_3Q,3
제주 5계 2020-23235(3),목장용지,기타토지,목장용지,제주,제주시,제주 제주시 한림읍 금악리 1478,"331,296,000","162,335,000",낙찰,"185,100,000",55.9%,2021-08-17,2021_3Q,3
제주 5계 2020-23600,숙박시설,숙박시설,숙박시설,제주,서귀포시,제주 서귀포시 법환동 745-1 비스타케이호텔 3층 312호,"105,000,000","25,211,000",낙찰,"28,222,000",26.9%,2021-11-01,2021_4Q,3
제주 1계 2020-23792,대지,나대지,나대지,제주,서귀포시,제주 서귀포시 안덕면 창천리 285-1,"602,226,000","432,439,200",낙찰,"535,000,000",88.8%,2021-12-13,2021_4Q,3
제주 2계 2020-23808,숙박시설,숙박시설,숙박시설,제주,서귀포시,제주 서귀포시 서귀동 255-1 데이즈호텔제주서귀포오션 13층 1302호,"176,000,000","42,258,000",낙찰,"61,320,000",34.8%,2021-11-15,2021_4Q,3
제주 3계 2020-24245,임야,임야,임야,제주,제주시,제주 제주시 한경면 조수리 2141,"218,183,922","106,910,000",낙찰,"112,550,000",51.6%,2021-08-02,2021_3Q,3
제주 1계 2020-24283,임야,임야,임야,제주,서귀포시,제주 서귀포시 표선면 표선리 1450-3,"172,398,000","163,778,100",낙찰,"179,999,000",104.4%,2021-10-05,2021_4Q,3
제주 2계 2020-24290,임야,임야,임야,제주,서귀포시,제주 서귀포시 남원읍 남원리 352-5,"38,430,000","26,901,000",낙찰,"32,100,000",83.5%,2021-07-26,2021_3Q,3
제주 6계 2020-24399,전,전,전,제주,제주시,제주 제주시 한림읍 상대리 4139,"762,709,000","373,727,000",낙찰,"384,827,000",50.5%,2021-07-05,2021_3Q,3
제주 3계 2020-24429,근린주택,근린주택,근린주택,제주,제주시,제주 제주시 용담일동 288-7,"125,682,760","61,585,000",낙찰,"80,490,000",64.0%,2021-08-02,2021_3Q,3
제주 2계 2020-24450,아파트,아파트,아파트,제주,서귀포시,제주 서귀포시 안덕면 화순리 363-10 엘림피렌체 아파트동 3층 304호,"274,000,000","191,800,000",낙찰,"218,700,000",79.8%,2021-10-12,2021_4Q,3
제주 5계 2020-24481,임야,임야,임야,제주,제주시,제주 제주시 한경면 청수리 2686-4,"55,998,000","55,998,000",낙찰,"119,000,000",212.5%,2021-08-17,2021_3Q,3
제주 2계 2020-24535,임야,임야,임야,제주,서귀포시,제주 서귀포시 색달동 367,"16,660,800","11,663,000",낙찰,"20,100,000",120.6%,2021-10-12,2021_4Q,3
제주 1계 2020-24580,숙박시설,숙박시설,숙박시설,제주,제주시,제주 제주시 아라일동 6092-10 아델레지던스1 6층 711호,"104,000,000","104,000,000",낙찰,"110,111,000",105.9%,2021-08-23,2021_3Q,3
제주 5계 2020-24757,연립,연립주택,연립·빌라,제주,제주시,제주 제주시 도련이동 569-3 세일파크빌 2층 204호,"277,000,000","193,900,000",낙찰,"240,990,000",87.0%,2021-09-27,2021_3Q,3
제주 3계 2020-24788,임야,임야,임야,제주,제주시,제주 제주시 한경면 조수리 3798,"57,480,000","57,480,000",낙찰,"70,892,000",123.3%,2021-08-02,2021_3Q,3
제주 1계 2020-24887,묘지,기타토지,기타토지,제주,서귀포시,제주 서귀포시 성산읍 고성리 1827,"108,640,000","53,234,000",낙찰,"75,110,000",69.1%,2021-08-23,2021_3Q,3
제주 6계 2020-24993,연립,연립주택,연립·빌라,제주,제주시,제주 제주시 애월읍 광령리 4264 슈테른더테라스 101동 3층 302호,"307,000,000","214,900,000",낙찰,"261,500,000",85.2%,2021-07-05,2021_3Q,3
제주 1계 2020-25002,연립,연립주택,연립·빌라,제주,제주시,제주 제주시 애월읍 광령리 4264 슈테른 더 테라스 101동 3층 304호,"359,000,000","251,300,000",낙찰,"282,000,000",78.6%,2021-07-19,2021_3Q,3
제주 5계 2020-25040,연립,연립주택,연립·빌라,제주,제주시,제주 제주시 애월읍 광령리 4264 슈테른 더 테라스 105동 3층 306호,"360,000,000","252,000,000",낙찰,"270,000,000",75.0%,2021-07-12,2021_3Q,3
제주 1계 2020-25064,연립,연립주택,연립·빌라,제주,제주시,제주 제주시 애월읍 광령리 4264 슈테른 더 테라스 107동 3층 302호,"359,000,000","175,910,000",낙찰,"267,088,000",74.4%,2021-12-13,2021_4Q,3
제주 6계 2020-25118(1),아파트,아파트,아파트,제주,서귀포시,제주 서귀포시 중문동 2367-1 삼성홈스테이 2층 208호,"120,000,000","58,800,000",낙찰,"69,000,000",57.5%,2021-08-09,2021_3Q,3
제주 6계 2020-25118(2),아파트,아파트,아파트,제주,서귀포시,제주 서귀포시 중문동 2367-1 삼성홈스테이 3층 312호,"120,000,000","58,800,000",낙찰,"63,000,000",52.5%,2021-08-09,2021_3Q,3
제주 6계 2020-25118(3),아파트,아파트,아파트,제주,서귀포시,제주 서귀포시 중문동 2367-1 삼성홈스테이 3층 313호,"126,000,000","61,740,000",낙찰,"64,000,000",50.8%,2021-08-09,2021_3Q,3
제주 6계 2020-25118(4),아파트,아파트,아파트,제주,서귀포시,제주 서귀포시 중문동 2367-1 삼성홈스테이 4층 514호,"127,000,000","62,230,000",낙찰,"69,000,000",54.3%,2021-08-09,2021_3Q,3
제주 6계 2020-25118(5),아파트,아파트,아파트,제주,서귀포시,제주 서귀포시 중문동 2367-1 삼성홈스테이 5층 613호,"127,000,000","62,230,000",낙찰,"64,000,000",50.4%,2021-08-09,2021_3Q,3
제주 6계 2020-25118(6),아파트,아파트,아파트,제주,서귀포시,제주 서귀포시 중문동 2367-1 삼성홈스테이 4층 508호,"121,000,000","59,290,000",낙찰,"70,090,000",57.9%,2021-08-09,2021_3Q,3
제주 6계 2020-25118(7),아파트,아파트,아파트,제주,서귀포시,제주 서귀포시 중문동 2367-1 삼성홈스테이 4층 513호,"127,000,000","62,230,000",낙찰,"64,000,000",50.4%,2021-08-09,2021_3Q,3
제주 4계 2020-25262,임야,임야,임야,제주,서귀포시,제주 서귀포시 안덕면 광평리 33,"45,214,000","15,509,000",낙찰,"18,000,000",39.8%,2021-08-09,2021_3Q,3
제주 5계 2020-25293,아파트,아파트,아파트,제주,제주시,제주 제주시 건입동 940-3 현대 102동 1층 108호,"239,000,000","239,000,000",낙찰,"267,770,000",112.0%,2021-07-12,2021_3Q,3
제주 6계 2020-25361,아파트,아파트,아파트,제주,제주시,제주 제주시 건입동 708-5 광덕사봉 1층 107호,"134,000,000","93,800,000",낙찰,"95,500,000",71.3%,2021-08-09,2021_3Q,3
제주 2계 2020-25446,주상복합(주거),기타토지,기타토지,제주,제주시,제주 제주시 외도일동 426-1 일우한란 102동 2층 208호,"141,000,000","141,000,000",낙찰,"157,400,000",111.6%,2021-10-12,2021_4Q,3
제주 3계 2020-25453,다세대,다세대주택,다세대,제주,제주시,제주 제주시 오라이동 1468-1 오라퍼스트3차 1동 2층 201호,"261,000,000","182,700,000",낙찰,"237,119,990",90.9%,2021-08-02,2021_3Q,3
제주 6계 2020-25507,도로,기타토지,기타토지,제주,제주시,제주 제주시 애월읍 소길리 산205-1,"83,300,000","58,310,000",낙찰,"72,000,000",86.4%,2021-07-05,2021_3Q,3
제주 5계 2020-25590,단독주택,단독,단독주택,제주,서귀포시,제주 서귀포시 성산읍 신풍리 174-6,"399,187,100","279,431,000",낙찰,"361,000,000",90.4%,2021-08-17,2021_3Q,3
제주 6계 2020-25606,전,전,전,제주,제주시,제주 제주시 애월읍 유수암리 3136,"599,705,000","293,856,000",낙찰,"411,400,000",68.6%,2021-08-09,2021_3Q,3
제주 1계 2020-25613,연립,연립주택,연립·빌라,제주,제주시,"제주 제주시 삼양이동 2122-4 ,-5 세원 2층 202호","159,000,000","111,300,000",낙찰,"147,010,000",92.5%,2021-07-19,2021_3Q,3
제주 5계 2020-25651,임야,임야,임야,제주,제주시,제주 제주시 애월읍 유수암리 2761,"122,720,000","122,720,000",낙찰,"160,000,000",130.4%,2021-08-17,2021_3Q,3
제주 4계 2020-25774,오피스텔(주거),오피스텔,오피스텔(업무용),제주,서귀포시,"제주 서귀포시 서귀동 307-10 ,-13,-16 수앤수 3층 302호","141,000,000","33,854,000",낙찰,"36,110,000",25.6%,2021-09-13,2021_3Q,3
제주 5계 2020-25835,전,전,전,제주,제주시,제주 제주시 구좌읍 김녕리 2524-6,"18,454,000","12,918,000",낙찰,"13,930,000",75.5%,2021-08-17,2021_3Q,3
제주 6계 2020-25965,전,전,전,제주,제주시,제주 제주시 일도이동 144,"41,300,000","28,910,000",낙찰,"35,879,720",86.9%,2021-07-05,2021_3Q,3
제주 3계 2020-26050,전,전,전,제주,서귀포시,제주 서귀포시 토평동 1841-3,"293,731,000","205,612,000",낙찰,"278,000,000",94.6%,2021-09-06,2021_3Q,3
제주 3계 2020-26234,다세대,다세대주택,다세대,제주,제주시,제주 제주시 내도동 275-2 진흥아트빌 105동 1층 102호,"253,000,000","177,100,000",낙찰,"189,200,000",74.8%,2021-09-06,2021_3Q,3
제주 3계 2020-26364,단독주택,단독,단독주택,제주,서귀포시,제주 서귀포시 대정읍 안성리 1545,"169,610,900","83,110,000",낙찰,"85,110,000",50.2%,2021-12-27,2021_4Q,3
제주 1계 2020-26401(1),잡종지,잡종지,잡종지,제주,서귀포시,제주 서귀포시 대정읍 영락리 1416,"28,336,000","13,885,000",낙찰,"17,568,900",62.0%,2021-11-08,2021_4Q,3
제주 1계 2020-26401(2),전,전,전,제주,서귀포시,제주 서귀포시 대정읍 영락리 1497,"71,910,000","35,236,000",낙찰,"46,270,000",64.3%,2021-11-08,2021_4Q,3
제주 4계 2020-26432,묘지,기타토지,기타토지,제주,제주시,제주 제주시 오등동 1503,"16,669,000","11,668,000",낙찰,"12,060,000",72.3%,2021-07-05,2021_3Q,3
제주 5계 2020-26449,잡종지,잡종지,잡종지,제주,서귀포시,제주 서귀포시 대정읍 영락리 442,"26,208,000","18,346,000",낙찰,"18,633,888",71.1%,2021-09-27,2021_3Q,3
제주 6계 2020-26456,연립,연립주택,연립·빌라,제주,제주시,제주 제주시 조천읍 함덕리 1752-2 에덴빌리지2차 204동 2층 203호,"247,000,000","121,030,000",낙찰,"168,990,000",68.4%,2021-09-13,2021_3Q,3
제주 6계 2020-26517,임야,임야,임야,제주,제주시,제주 제주시 한경면 판포리 1428,"4,290,780,000","4,290,780,000",낙찰,"4,291,000,000",100.0%,2021-07-05,2021_3Q,3
제주 3계 2020-26548,잡종지,잡종지,잡종지,제주,제주시,제주 제주시 구좌읍 세화리 1858-1,"924,951,000","317,258,000",낙찰,"320,000,000",34.6%,2021-11-22,2021_4Q,3
제주 3계 2020-26609,임야,임야,임야,제주,제주시,제주 제주시 애월읍 소길리 산136,"675,030,000","472,521,000",낙찰,"543,100,000",80.5%,2021-09-06,2021_3Q,3
제주 5계 2020-26623,전,전,전,제주,제주시,제주 제주시 한림읍 협재리 913-1,"737,676,000","516,373,000",낙찰,"600,010,000",81.3%,2021-09-27,2021_3Q,3
제주 6계 2020-26630,아파트,아파트,아파트,제주,제주시,"제주 제주시 연동 276-3 ,-14 청목더웰연동 3층 311호","120,000,000","84,000,000",낙찰,"84,299,990",70.2%,2021-08-09,2021_3Q,3
제주 4계 2020-26678,전,전,전,제주,제주시,제주 제주시 노형동 212,"649,950,000","649,950,000",낙찰,"651,000,000",100.2%,2021-07-05,2021_3Q,3
제주 5계 2020-26685,오피스텔,오피스텔,오피스텔(업무용),제주,서귀포시,제주 서귀포시 대정읍 하모리 557-1 House Wi 2층 207호,"120,000,000","58,800,000",낙찰,"76,449,900",63.7%,2021-11-01,2021_4Q,3
제주 1계 2020-26708,다세대,다세대주택,다세대,제주,제주시,제주 제주시 오라삼동 2133 아름드리빌 나동 1층 101호,"232,000,000","162,400,000",낙찰,"201,100,000",86.7%,2021-08-23,2021_3Q,3
제주 1계 2020-26821(1),아파트,아파트,아파트,제주,서귀포시,제주 서귀포시 안덕면 화순리 1131 블루팰리스 101동 3층 306호,"230,000,000","161,000,000",낙찰,"184,000,000",80.0%,2021-10-05,2021_4Q,3
제주 1계 2020-26821(2),아파트,아파트,아파트,제주,서귀포시,제주 서귀포시 안덕면 화순리 1131 블루팰리스 101동 4층 406호,"230,000,000","161,000,000",낙찰,"191,008,000",83.0%,2021-10-05,2021_4Q,3
제주 5계 2020-26869(1),아파트,아파트,아파트,제주,서귀포시,제주 서귀포시 안덕면 화순리 1131 블루팰리스 101동 4층 401호,"226,000,000","158,200,000",낙찰,"189,120,000",83.7%,2021-09-27,2021_3Q,3
제주 5계 2020-26869(2),아파트,아파트,아파트,제주,서귀포시,제주 서귀포시 안덕면 화순리 1131 블루팰리스 101동 3층 301호,"226,000,000","158,200,000",낙찰,"180,989,000",80.1%,2021-09-27,2021_3Q,3
제주 6계 2020-26876,임야,임야,임야,제주,제주시,제주 제주시 한경면 낙천리 890,"16,269,000","7,972,000",낙찰,"10,580,000",65.0%,2021-09-13,2021_3Q,3
제주 3계 2020-26975,잡종지,잡종지,잡종지,제주,서귀포시,제주 서귀포시 대정읍 무릉리 2937-3,"674,312,000","330,413,000",낙찰,"438,500,000",65.0%,2021-11-22,2021_4Q,3
제주 5계 2020-26999(1),다세대,다세대주택,다세대,제주,제주시,제주 제주시 조천읍 대흘리 1025-1 타임하우스 G동 1층 107호,"138,000,000","138,000,000",낙찰,"141,800,000",102.8%,2021-08-17,2021_3Q,3
제주 5계 2020-26999(2),다세대,다세대주택,다세대,제주,제주시,제주 제주시 조천읍 대흘리 1025-1 타임하우스 G동 2층 207호,"146,000,000","102,200,000",낙찰,"140,000,100",95.9%,2021-09-27,2021_3Q,3
제주 6계 2020-27008(1),임야,임야,임야,제주,제주시,제주 제주시 애월읍 어음리 633-2,"323,572,000","158,550,000",낙찰,"160,100,000",49.5%,2021-10-25,2021_4Q,3
제주 6계 2020-27008(2),전,전,전,제주,제주시,제주 제주시 애월읍 어음리 1322,"212,286,000","148,600,000",낙찰,"150,150,000",70.7%,2021-09-13,2021_3Q,3
제주 5계 2020-27053,도로,기타토지,기타토지,제주,제주시,제주 제주시 한경면 고산리 3621-5,"1,404,000","1,404,000",낙찰,"2,111,000",150.4%,2021-09-27,2021_3Q,3
제주 1계 2020-27077,아파트,아파트,아파트,제주,서귀포시,제주 서귀포시 중문동 1725 중문남해오네뜨오션힐 113동 4층 401호,"270,000,000","270,000,000",낙찰,"292,959,990",108.5%,2021-08-23,2021_3Q,3
제주 5계 2020-27237(1),임야,임야,임야,제주,서귀포시,제주 서귀포시 대포동 104,"1,097,964,000","376,602,000",낙찰,"492,000,000",44.8%,2021-12-06,2021_4Q,3
제주 5계 2020-27237(2),임야,임야,임야,제주,서귀포시,제주 서귀포시 대포동 138,"314,678,000","107,935,000",낙찰,"149,010,000",47.4%,2021-12-06,2021_4Q,3
제주 6계 2020-27244(1),다세대,다세대주택,다세대,제주,서귀포시,제주 서귀포시 하원동 537 골드빌2차 101동 4층 401호,"380,000,000","266,000,000",낙찰,"323,200,000",85.1%,2021-08-09,2021_3Q,3
제주 6계 2020-27244(2),다세대,다세대주택,다세대,제주,서귀포시,제주 서귀포시 하원동 537 골드빌2차 102동 3층 301호,"340,000,000","166,600,000",낙찰,"255,500,000",75.1%,2021-09-13,2021_3Q,3
제주 6계 2020-27244(3),다세대,다세대주택,다세대,제주,서귀포시,제주 서귀포시 하원동 537 골드빌2차 102동 2층 202호,"330,000,000","161,700,000",낙찰,"185,999,000",56.4%,2021-09-13,2021_3Q,3
제주 6계 2020-27244(4),다세대,다세대주택,다세대,제주,서귀포시,제주 서귀포시 하원동 537 골드빌2차 102동 1층 102호,"320,000,000","156,800,000",낙찰,"179,588,000",56.1%,2021-09-13,2021_3Q,3
제주 5계 2020-27350,전,전,전,제주,제주시,제주 제주시 한림읍 귀덕리 1192-8,"76,203,120","26,137,000",낙찰,"42,220,000",55.4%,2021-12-06,2021_4Q,3
제주 1계 2020-27374,아파트,아파트,아파트,제주,서귀포시,제주 서귀포시 서홍동 1593-1 서홍에이원시티빌 3층 307호,"263,000,000","184,100,000",낙찰,"235,099,000",89.4%,2021-10-05,2021_4Q,3
제주 5계 2020-27473,연립,연립주택,연립·빌라,제주,서귀포시,제주 서귀포시 색달동 3398 색달동휴마루라벨로 104동 3층 302호,"256,000,000","179,200,000",낙찰,"184,632,100",72.1%,2021-11-01,2021_4Q,3
제주 3계 2020-27572(1),전,전,전,제주,제주시,제주 제주시 한경면 신창리 1475-5,"603,402,000","422,381,000",낙찰,"577,700,000",95.7%,2021-10-18,2021_4Q,3
제주 3계 2020-27572(2),전,전,전,제주,제주시,제주 제주시 한경면 신창리 1475-2,"395,181,000","276,627,000",낙찰,"377,700,000",95.6%,2021-10-18,2021_4Q,3
제주 1계 2020-27671,임야,임야,임야,제주,제주시,제주 제주시 한림읍 금능리 88,"9,097,000","9,097,000",낙찰,"9,292,900",102.2%,2021-08-23,2021_3Q,3
제주 1계 2020-27732,임야,임야,임야,제주,서귀포시,제주 서귀포시 서호동 443,"319,599,000","319,599,000",낙찰,"380,000,000",118.9%,2021-11-08,2021_4Q,3
제주 3계 2020-27824,단독주택,단독,단독주택,제주,제주시,제주 제주시 추자면 신양리 421-1 가동호,"384,019,260","188,169,000",낙찰,"235,550,000",61.3%,2021-11-22,2021_4Q,3
제주 4계 2020-27954(1),전,전,전,제주,서귀포시,제주 서귀포시 대정읍 신도리 1590-9,"38,775,000","27,143,000",낙찰,"28,500,000",73.5%,2021-07-05,2021_3Q,3
제주 4계 2020-27954(2),임야,임야,임야,제주,서귀포시,제주 서귀포시 성산읍 온평리 2409-5,"14,884,000","7,293,000",낙찰,"7,500,000",50.4%,2021-10-25,2021_4Q,3
제주 3계 2020-27992,전,전,전,제주,서귀포시,제주 서귀포시 안덕면 상천리 687-1,"803,600,000","393,764,000",낙찰,"450,000,000",56.0%,2021-11-22,2021_4Q,3
제주 6계 2020-28025,대지,나대지,나대지,제주,제주시,제주 제주시 구좌읍 김녕리 3934,"117,528,000","117,528,000",낙찰,"170,211,000",144.8%,2021-08-09,2021_3Q,3
제주 1계 2020-28032,아파트,아파트,아파트,제주,제주시,제주 제주시 연동 2322-1 연동세기2차 5층 605호,"176,000,000","123,200,000",낙찰,"180,090,000",102.3%,2021-11-08,2021_4Q,3
제주 1계 2020-28179,차량,기타토지,기타토지,제주,제주시,제주 제주시 용담삼동 1274-1 헌대물품보관소내 보관,"10,000,000","10,000,000",낙찰,"12,100,000",121.0%,2021-11-08,2021_4Q,3
제주 6계 2020-28261,연립,연립주택,연립·빌라,제주,제주시,제주 제주시 구좌읍 종달리 721 3층 302호,"180,000,000","126,000,000",낙찰,"144,100,000",80.1%,2021-09-13,2021_3Q,3
제주 1계 2020-28278,아파트,아파트,아파트,제주,제주시,제주 제주시 화북일동 12-1 화북4 404동 1층 101호,"216,000,000","216,000,000",낙찰,"305,100,000",141.3%,2021-11-08,2021_4Q,3
제주 1계 2020-28339,아파트,아파트,아파트,제주,제주시,제주 제주시 도련일동 1585-5 반석스위트타운 나동 5층 505호,"172,000,000","120,400,000",낙찰,"160,500,000",93.3%,2021-12-13,2021_4Q,3
제주 4계 2020-28360,임야,임야,임야,제주,제주시,제주 제주시 애월읍 상가리 산80-3,"966,960,000","473,810,000",낙찰,"585,789,000",60.6%,2021-08-09,2021_3Q,3
제주 3계 2020-28414(1),전,전,전,제주,서귀포시,제주 서귀포시 안덕면 감산리 842,"314,981,000","154,341,000",낙찰,"213,312,590",67.7%,2021-12-27,2021_4Q,3
제주 3계 2020-28414(2),전,전,전,제주,서귀포시,제주 서귀포시 안덕면 감산리 847,"77,774,000","54,442,000",낙찰,"65,110,000",83.7%,2021-11-22,2021_4Q,3
제주 3계 2021-116,주상복합(주거),기타토지,기타토지,제주,제주시,제주 제주시 이도이동 1065-7 하나 6층 701호,"263,000,000","263,000,000",낙찰,"281,999,900",107.2%,2021-10-18,2021_4Q,3
제주 6계 2021-215,숙박시설,숙박시설,숙박시설,제주,제주시,제주 제주시 노형동 930-5 호텔위드제주 5층 516호,"152,000,000","74,480,000",낙찰,"83,600,000",55.0%,2021-11-29,2021_4Q,3
제주 5계 2021-314(1),전,전,전,제주,제주시,제주 제주시 애월읍 납읍리 1053,"127,720,000","127,720,000",낙찰,"140,030,000",109.6%,2021-12-06,2021_4Q,3
제주 5계 2021-314(3),대지,나대지,나대지,제주,제주시,제주 제주시 애월읍 납읍리 1054,"103,522,000","103,522,000",낙찰,"105,100,000",101.5%,2021-12-06,2021_4Q,3
제주 6계 2021-321,아파트,아파트,아파트,제주,제주시,제주 제주시 노형동 1060-4 노형동덕 2층 202호,"194,000,000","194,000,000",낙찰,"204,000,000",105.2%,2021-11-29,2021_4Q,3
제주 3계 2021-352,전,전,전,제주,제주시,제주 제주시 한경면 고산리 3587,"1,931,638,000","1,352,147,000",낙찰,"1,500,177,000",77.7%,2021-11-22,2021_4Q,3
제주 4계 2021-420,단독주택,단독,단독주택,제주,서귀포시,제주 서귀포시 보목동 280-1,"3,076,747,860","2,153,724,000",낙찰,"2,319,900,000",75.4%,2021-08-09,2021_3Q,3
제주 4계 2021-482,대지,나대지,나대지,제주,제주시,제주 제주시 건입동 1089-39,"440,630,000","440,630,000",낙찰,"443,000,000",100.5%,2021-07-05,2021_3Q,3
제주 4계 2021-550,단독주택,단독,단독주택,제주,제주시,제주 제주시 내도동 646,"829,238,000","580,467,000",낙찰,"842,500,000",101.6%,2021-10-25,2021_4Q,3
제주 5계 2021-567,전,전,전,제주,제주시,제주 제주시 애월읍 유수암리 1514-2,"39,520,000","39,520,000",낙찰,"51,556,000",130.5%,2021-12-06,2021_4Q,3
제주 6계 2021-574,연립,연립주택,연립·빌라,제주,서귀포시,"제주 서귀포시 하효동 731 ,732,835-2 이도빌리지 B동 3층 303호","197,000,000","137,900,000",낙찰,"170,000,000",86.3%,2021-10-25,2021_4Q,3
제주 4계 2021-727,단독주택,단독,단독주택,제주,제주시,제주 제주시 구좌읍 종달리 2594,"488,034,300","341,624,000",낙찰,"350,010,000",71.7%,2021-08-09,2021_3Q,3
제주 3계 2021-925,임야,임야,임야,제주,제주시,제주 제주시 조천읍 와흘리 2400-3,"35,553,750","24,888,000",낙찰,"25,001,000",70.3%,2021-11-22,2021_4Q,3
제주 3계 2021-1027,다세대,다세대주택,다세대,제주,제주시,제주 제주시 아라이동 3028 해담채 3층 301호,"260,000,000","182,000,000",낙찰,"261,000,000",100.4%,2021-11-22,2021_4Q,3
제주 5계 2021-1096,차량,기타토지,기타토지,제주,제주시,제주 제주시 외도일동 2155-3 제3자 (주)세경내 보관,"17,500,000","17,500,000",낙찰,"18,750,000",107.1%,2021-09-27,2021_3Q,3
제주 4계 2021-1157,임야,임야,임야,제주,서귀포시,제주 서귀포시 성산읍 삼달리 1783,"99,200,000","99,200,000",낙찰,"116,500,000",117.4%,2021-10-25,2021_4Q,3
제주 4계 2021-1331,전,전,전,제주,서귀포시,제주 서귀포시 대정읍 상모리 928,"611,780,000","428,246,000",낙찰,"432,860,000",70.8%,2021-10-25,2021_4Q,3
제주 3계 2021-1393,대지,나대지,나대지,제주,서귀포시,제주 서귀포시 성산읍 고성리 1428-6,"285,403,250","199,782,000",낙찰,"238,500,000",83.6%,2021-12-27,2021_4Q,3
제주 6계 2021-1591,과수원,과수원,과수원,제주,제주시,제주 제주시 한경면 저지리 3122,"90,678,000","90,678,000",낙찰,"103,692,000",114.4%,2021-11-29,2021_4Q,3
제주 2계 2021-1744,선박,기타토지,기타토지,제주,제주시,제주 제주시 건입동 제주항(제3자(주)세경)내 보관,"324,244,600","226,971,000",낙찰,"298,240,000",92.0%,2021-10-12,2021_4Q,3
제주 4계 2021-1768,숙박시설,숙박시설,숙박시설,제주,제주시,제주 제주시 조천읍 함덕리 1269-19 골든튤립제주함덕호텔 7층 725호,"225,000,000","110,250,000",낙찰,"110,530,000",49.1%,2021-10-25,2021_4Q,3
제주 4계 2021-1874,아파트,아파트,아파트,제주,제주시,제주 제주시 이도이동 1074-5 성원 3층 303호,"237,000,000","165,900,000",낙찰,"204,850,000",86.4%,2021-09-13,2021_3Q,3
제주 3계 2021-2105,오피스텔,오피스텔,오피스텔(업무용),제주,제주시,제주 제주시 조천읍 함덕리 1045 함덕빌드웰비치타운 3층 305호,"412,000,000","288,400,000",낙찰,"323,350,000",78.5%,2021-12-27,2021_4Q,3
제주 4계 2021-2112,오피스텔(주거),오피스텔,오피스텔(업무용),제주,제주시,제주 제주시 조천읍 함덕리 1045 함덕빌드웰비치타운 3층 306호,"380,000,000","266,000,000",낙찰,"338,350,000",89.0%,2021-09-13,2021_3Q,3
제주 4계 2021-2297,임야,임야,임야,제주,제주시,제주 제주시 한경면 조수리 2667,"29,869,000","29,869,000",낙찰,"45,560,000",152.5%,2021-08-09,2021_3Q,3
제주 3계 2021-2365(1),창고,기타건물,창고,제주,제주시,제주 제주시 한경면 금등리 24-1,"317,756,000","317,756,000",낙찰,"370,010,200",116.4%,2021-12-27,2021_4Q,3
제주 4계 2021-2419,연립,연립주택,연립·빌라,제주,제주시,제주 제주시 일도이동 380-4 동백빌라 4층 405호,"172,000,000","120,400,000",낙찰,"134,900,000",78.4%,2021-11-29,2021_4Q,3
제주 3계 2021-2471(3),오피스텔(주거),오피스텔,오피스텔(업무용),제주,제주시,제주 제주시 삼도이동 1137 한집시티빌 4층 402호,"345,000,000","241,500,000",낙찰,"261,880,000",75.9%,2021-12-27,2021_4Q,3
제주 3계 2021-2471(4),오피스텔(주거),오피스텔,오피스텔(업무용),제주,제주시,제주 제주시 삼도이동 1137 한집시티빌 7층 702호,"355,000,000","248,500,000",낙찰,"248,600,000",70.0%,2021-12-27,2021_4Q,3
제주 3계 2021-2471(5),오피스텔(주거),오피스텔,오피스텔(업무용),제주,제주시,제주 제주시 삼도이동 1137 한집시티빌 8층 803호,"359,000,000","251,300,000",낙찰,"263,699,999",73.5%,2021-12-27,2021_4Q,3
제주 4계 2021-2556(1),단독주택,단독,단독주택,제주,서귀포시,제주 서귀포시 서호동 168-1,"503,863,500","352,704,000",낙찰,"479,000,000",95.1%,2021-09-13,2021_3Q,3
제주 4계 2021-2556(2),과수원,과수원,과수원,제주,서귀포시,제주 서귀포시 서호동 168-2,"245,032,000","171,522,000",낙찰,"221,190,000",90.3%,2021-09-13,2021_3Q,3
제주 4계 2021-2778,다세대,다세대주택,다세대,제주,서귀포시,제주 서귀포시 호근동 409-34 노르딕하우스 다(C)동 1층 101호,"499,000,000","349,300,000",낙찰,"387,900,990",77.7%,2021-10-25,2021_4Q,3
제주 3계 2021-3061,임야,임야,임야,제주,서귀포시,제주 서귀포시 성산읍 신풍리 58-2,"131,560,000","131,560,000",낙찰,"158,650,000",120.6%,2021-12-27,2021_4Q,3
제주 4계 2021-3078,차량,기타토지,기타토지,제주,제주시,제주 제주시 외도일동 2155-3 (주)세경내보관,"28,500,000","19,950,000",낙찰,"24,160,000",84.8%,2021-11-29,2021_4Q,3
제주 3계 2021-3191,전,전,전,제주,제주시,제주 제주시 조천읍 신촌리 2659,"194,000,000","194,000,000",낙찰,"240,999,900",124.2%,2021-12-27,2021_4Q,3
제주 3계 2021-3542,차량,기타토지,기타토지,제주,제주시,제주 제주시 외도일동 2155-3 (주)세경내 보관,"1,200,000","588,000",낙찰,"600,010",50.0%,2021-10-18,2021_4Q,3
제주 2계 2021-4149,선박,기타토지,기타토지,제주,제주시,제주 제주시 건입동 제주항내 보관(제3자세경에게 보관),"326,943,600","228,861,000",낙찰,"251,000,000",76.8%,2021-12-20,2021_4Q,3
제주 3계 2021-4620,차량,기타토지,기타토지,제주,제주시,제주 제주시 용담삼동 1274-1 제3자현대물품보관소(주)내 보관,"15,000,000","15,000,000",낙찰,"15,127,000",100.8%,2021-12-27,2021_4Q,3
제주 6계 2021-4903,중기,기타토지,기타토지,제주,제주시,제주 제주시 외도일동 2155-3 (주)세경내보관,"72,000,000","72,000,000",낙찰,"72,250,000",100.3%,2021-11-29,2021_4Q,3
제주 3계 2021-20011,단독주택,단독,단독주택,제주,제주시,제주 제주시 삼양일동 1675 1호,"57,119,600","39,984,000",낙찰,"42,299,900",74.1%,2021-11-22,2021_4Q,3
제주 1계 2021-20059,연립,연립주택,연립·빌라,제주,제주시,제주 제주시 노형동 3586 노형청목더웰 105동 3층 302호,"332,000,000","232,400,000",낙찰,"252,050,000",75.9%,2021-12-13,2021_4Q,3
제주 6계 2021-20165,전,전,전,제주,서귀포시,제주 서귀포시 성산읍 신풍리 98-1,"1,531,400,000","1,071,980,000",낙찰,"1,201,880,000",78.5%,2021-11-29,2021_4Q,3
제주 1계 2021-20417,다세대,다세대주택,다세대,제주,서귀포시,제주 서귀포시 표선면 표선리 1603-4 해비치스튜디오132 105동 4층 403호,"57,000,000","39,900,000",낙찰,"61,990,000",108.8%,2021-12-13,2021_4Q,3
제주 3계 2021-20554,단독주택,단독,단독주택,제주,제주시,제주 제주시 용담이동 635-13,"289,228,600","202,460,000",낙찰,"263,100,000",91.0%,2021-11-22,2021_4Q,3
제주 6계 2021-20585,차량,기타토지,기타토지,제주,제주시,제주 제주시 용담삼동 1274-1 제3자현대물품보관소(주)내 보관,"17,000,000","11,900,000",낙찰,"15,210,000",89.5%,2021-08-09,2021_3Q,3
제주 4계 2021-20622,연립,연립주택,연립·빌라,제주,제주시,제주 제주시 애월읍 고내리 115 (주)이강건설제주 103동 3층 303호,"61,000,000","42,700,000",낙찰,"56,270,000",92.2%,2021-08-09,2021_3Q,3
제주 6계 2021-20646,다세대,다세대주택,다세대,제주,서귀포시,제주 서귀포시 안덕면 화순리 365-1 한라비취타운빌라 B동 4층 403호,"41,000,000","28,700,000",낙찰,"37,334,000",91.1%,2021-10-25,2021_4Q,3
제주 6계 2021-20707,아파트,아파트,아파트,제주,제주시,제주 제주시 애월읍 하귀2리 1437 하귀코아루오션뷰 102동 7층 703호,"373,000,000","261,100,000",낙찰,"365,100,000",97.9%,2021-10-25,2021_4Q,3
제주 4계 2021-20745,아파트,아파트,아파트,제주,제주시,제주 제주시 조천읍 조천리 1361-3 대진유토피아빌리지3차 6층 604호,"176,000,000","123,200,000",낙찰,"123,200,000",70.0%,2021-09-13,2021_3Q,3
제주 6계 2021-20769,잡종지,잡종지,잡종지,제주,서귀포시,제주 서귀포시 대정읍 상모리 138,"602,997,000","422,098,000",낙찰,"615,000,000",102.0%,2021-10-25,2021_4Q,3
제주 5계 2021-20813,단독주택,단독,단독주택,제주,제주시,제주 제주시 한림읍 한수리 838-3,"162,670,930","162,670,930",낙찰,"165,700,000",101.9%,2021-12-06,2021_4Q,3
제주 3계 2021-20851,전,전,전,제주,서귀포시,제주 서귀포시 표선면 토산리 710-1,"5,491,920","5,491,920",낙찰,"5,491,920",100.0%,2021-10-18,2021_4Q,3
제주 6계 2021-20882,아파트,아파트,아파트,제주,서귀포시,제주 서귀포시 동홍동 2196 동호아트리움 101동 2층 203호,"331,000,000","231,700,000",낙찰,"315,315,315",95.3%,2021-10-25,2021_4Q,3
제주 1계 2021-20950,차량,기타토지,기타토지,제주,제주시,제주 제주시 용담삼동 1274-1 내 보관(제3자현대물품보관소에게보관),"10,000,000","10,000,000",낙찰,"10,022,000",100.2%,2021-12-13,2021_4Q,3
제주 3계 2021-20974,아파트,아파트,아파트,제주,제주시,제주 제주시 이도이동 1130-4 대유맨션 3층 302호,"186,000,000","130,200,000",낙찰,"171,000,000",91.9%,2021-12-27,2021_4Q,3
제주 4계 2021-20981,임야,임야,임야,제주,서귀포시,제주 서귀포시 안덕면 상창리 1442-1,"169,628,000","118,740,000",낙찰,"133,456,999",78.7%,2021-10-25,2021_4Q,3
제주 5계 2021-20998,차량,기타토지,기타토지,제주,제주시,제주 제주시 외도일동 2155-3 제3자 (주)세경내 보관,"7,000,000","7,000,000",낙찰,"8,149,000",116.4%,2021-09-27,2021_3Q,3
제주 4계 2021-21052,묘지,기타토지,기타토지,제주,서귀포시,제주 서귀포시 안덕면 화순리 1318,"14,558,000","14,558,000",낙찰,"15,110,000",103.8%,2021-07-05,2021_3Q,3
제주 3계 2021-21106,아파트,아파트,아파트,제주,제주시,제주 제주시 삼도일동 558-1 대명꿈의고향 7층 802호,"233,000,000","233,000,000",낙찰,"240,000,000",103.0%,2021-10-18,2021_4Q,3
제주 2계 2021-21144,차량,기타토지,기타토지,제주,제주시,제주 제주시 용담삼동 1274-1 현대물품보관소(주)내 보관,"19,000,000","13,300,000",낙찰,"15,590,000",82.1%,2021-11-15,2021_4Q,3
제주 4계 2021-21168,차량,기타토지,기타토지,제주,제주시,제주 제주시 용담삼동 1274-1 현대물품보관소(주)내 보관,"26,000,000","18,200,000",낙찰,"25,888,855",99.6%,2021-07-05,2021_3Q,3
제주 3계 2021-21519,차량,기타토지,기타토지,제주,제주시,제주 제주시 용담삼동 1274-1 현대물품보관소(주)내 보관,"28,000,000","19,600,000",낙찰,"25,950,000",92.7%,2021-12-27,2021_4Q,3
제주 4계 2021-21526,임야,임야,임야,제주,서귀포시,제주 서귀포시 대정읍 동일리 2673,"77,420,000","54,194,000",낙찰,"86,260,000",111.4%,2021-11-29,2021_4Q,3
제주 6계 2021-21540,차량,기타토지,기타토지,제주,제주시,제주 제주시 외도일동 2155-3 제3자(주)세경내 보관,"22,000,000","15,400,000",낙찰,"17,210,000",78.2%,2021-07-05,2021_3Q,3
제주 4계 2021-21595,답,답,답,제주,제주시,제주 제주시 한경면 금등리 938-2,"110,166,000","53,981,000",낙찰,"75,750,000",68.8%,2021-11-29,2021_4Q,3
제주 4계 2021-21762,연립,연립주택,연립·빌라,제주,제주시,"제주 제주시 월평동 1143-1 ,1144 102동 2층 202호","229,000,000","229,000,000",낙찰,"235,880,000",103.0%,2021-09-13,2021_3Q,3
제주 6계 2021-21847,전,전,전,제주,서귀포시,제주 서귀포시 남원읍 태흥리 1066-1,"27,348,000","27,348,000",낙찰,"41,280,000",150.9%,2021-10-25,2021_4Q,3
제주 4계 2021-21885,임야,임야,임야,제주,서귀포시,제주 서귀포시 성산읍 난산리 2235-4,"55,863,320","27,373,000",낙찰,"28,590,000",51.2%,2021-11-29,2021_4Q,3
제주 6계 2021-21960,단독주택,단독,단독주택,제주,제주시,제주 제주시 애월읍 장전리 372,"336,880,960","235,817,000",낙찰,"320,888,800",95.3%,2021-11-29,2021_4Q,3
제주 6계 2021-22086,차량,기타토지,기타토지,제주,제주시,제주 제주시 외도일동 2155-3 제3자 (주)세경에게 보관,"9,500,000","6,650,000",낙찰,"7,890,000",83.1%,2021-10-25,2021_4Q,3
제주 3계 2021-22239,연립,연립주택,연립·빌라,제주,제주시,제주 제주시 삼양일동 1634-7 에코그린빌8차 2층 303호,"249,000,000","249,000,000",낙찰,"260,009,999",104.4%,2021-11-22,2021_4Q,3
제주 4계 2021-22246,연립,연립주택,연립·빌라,제주,서귀포시,제주 서귀포시 강정동 5670 서귀포강정코아루2차 102동 2층 204호,"393,000,000","275,100,000",낙찰,"280,660,000",71.4%,2021-11-29,2021_4Q,3
제주 3계 2021-22352,중기,기타토지,기타토지,제주,제주시,제주 제주시 용담삼동 1274-1 현대물품보관소(주)내 보관,"40,000,000","28,000,000",낙찰,"33,500,000",83.8%,2021-09-06,2021_3Q,3
제주 6계 2021-22628,대지,나대지,나대지,제주,제주시,제주 제주시 조천읍 함덕리 1516-1,"52,800,000","52,800,000",낙찰,"61,650,000",116.8%,2021-11-29,2021_4Q,3
제주 1계 2021-22642,차량,기타토지,기타토지,제주,제주시,제주 제주시 외도일동 2155-3 내 보관(제3자(주)세경),"43,000,000","30,100,000",낙찰,"37,496,999",87.2%,2021-12-13,2021_4Q,3
제주 1계 2021-22994,차량,기타토지,기타토지,제주,제주시,제주 제주시 용담삼동 1274-1 제3자현대물품보관소(주)내 보관,"13,500,000","9,450,000",낙찰,"14,832,100",109.9%,2021-10-05,2021_4Q,3
제주 3계 2021-23010,도로,기타토지,기타토지,제주,제주시,제주 제주시 한경면 두모리 28-1,"38,958,000","38,958,000",낙찰,"42,300,000",108.6%,2021-12-27,2021_4Q,3
제주 2계 2021-23195,차량,기타토지,기타토지,제주,제주시,제주 제주시 용담삼동 1274-1 내 보관(제3자현대물품보관소에게 보관),"20,000,000","14,000,000",낙찰,"15,100,000",75.5%,2021-12-20,2021_4Q,3
제주 4계 2021-23201,창고,기타건물,창고,제주,제주시,제주 제주시 해안동 245-1,"286,372,000","286,372,000",낙찰,"313,000,000",109.3%,2021-11-29,2021_4Q,3
제주 1계 2021-23256,차량,기타토지,기타토지,제주,제주시,제주 제주시 용담삼동 1274-1 제3자현대물품보관소(주)내 보관,"37,000,000","25,900,000",낙찰,"33,670,000",91.0%,2021-10-05,2021_4Q,3
제주 4계 2021-24297,다세대,다세대주택,다세대,제주,서귀포시,제주 서귀포시 표선면 표선리 2064 아미휴먼빌 나동 2층 201호,"170,000,000","170,000,000",낙찰,"171,240,000",100.7%,2021-11-29,2021_4Q,3
제주 3계 2021-25337,차량,기타토지,기타토지,제주,제주시,제주 제주시 용담삼동 1274-1 제3자현대물품보관소(주)내 보관,"13,000,000","9,100,000",낙찰,"12,580,091",96.8%,2021-12-27,2021_4Q,3
제주 2계 2017-23334,임야,임야,임야,제주,서귀포시,제주 서귀포시 안덕면 광평리 산123,"25,452,000","25,452,000",낙찰,"42,111,111",165.5%,2022-04-26,2022_2Q,3
제주 1계 2019-6388(2),점포,근린상가,점포상가,제주,제주시,"제주 제주시 애월읍 고내리 663-2 ,823-1,-2 커뮤니티동","1,810,653,080","621,054,000",낙찰,"918,880,000",50.7%,2022-04-19,2022_2Q,3
제주 1계 2019-6388(1),단독주택,단독,단독주택,제주,서귀포시,제주 서귀포시 대정읍 영락리 1551-16 5동,"404,004,260","282,803,000",낙찰,"333,760,301",82.6%,2022-03-15,2022_1Q,3
제주 1계 2019-6388(3),전,전,전,제주,서귀포시,제주 서귀포시 대정읍 영락리 1551-2,"989,234,000","339,308,000",낙찰,"588,888,800",59.5%,2022-05-24,2022_2Q,3
제주 6계 2019-6951,임야,임야,임야,제주,서귀포시,제주 서귀포시 중문동 663,"826,554,000","405,012,000",낙찰,"474,604,900",57.4%,2022-04-05,2022_2Q,3
제주 1계 2019-8636(5),도로,기타토지,기타토지,제주,제주시,제주 제주시 한림읍 귀덕리 119-6,"4,790,940","806,000",낙찰,"810,000",16.9%,2022-04-19,2022_2Q,3
제주 2계 2019-9097,숙박시설,숙박시설,숙박시설,제주,서귀포시,제주 서귀포시 서귀동 319-2 비스타케이호텔(천지연) 6층 607호,"178,000,000","29,917,000",낙찰,"34,000,000",19.1%,2022-04-26,2022_2Q,3
제주 6계 2019-9899,숙박시설,숙박시설,숙박시설,제주,제주시,"제주 제주시 조천읍 함덕리 3061 ,3065,3066-2,3067,3068,3074,3076 제주함덕라마다호텔 8층 829호","326,000,000","159,740,000",낙찰,"165,040,000",50.6%,2022-04-05,2022_2Q,3
제주 4계 2019-23710,임야,임야,임야,제주,서귀포시,제주 서귀포시 회수동 122-3,"75,735,000","37,111,000",낙찰,"39,300,000",51.9%,2022-01-11,2022_1Q,3
제주 2계 2019-26276,도로,기타토지,기타토지,제주,제주시,제주 제주시 삼도이동 1157-14,"39,093,000","27,365,000",낙찰,"45,000,000",115.1%,2022-02-08,2022_1Q,3
제주 5계 2020-157(5),근린상가,근린상가,근린상가,제주,제주시,제주 제주시 삼도이동 300-17 삼도골드빌1차 3층 304호,"154,000,000","75,460,000",낙찰,"118,910,000",77.2%,2022-01-18,2022_1Q,3
제주 5계 2020-454,숙박시설,숙박시설,숙박시설,제주,서귀포시,제주 서귀포시 서귀동 544-2 디아일랜드 블루호텔 3층 313호,"275,000,000","66,028,000",낙찰,"83,889,900",30.5%,2022-04-12,2022_2Q,3
제주 5계 2020-1457,전,전,전,제주,제주시,제주 제주시 애월읍 수산리 2157-3,"277,340,000","277,340,000",낙찰,"350,000,000",126.2%,2022-04-12,2022_2Q,3
제주 5계 2020-2436,임야,임야,임야,제주,서귀포시,제주 서귀포시 호근동 2091-4,"1,408,812,000","690,318,000",낙찰,"888,988,890",63.1%,2022-04-12,2022_2Q,3
제주 5계 2020-2801,단독주택,단독,단독주택,제주,서귀포시,제주 서귀포시 표선면 세화리 215 다미타운하우스 113호,"428,246,210","209,840,000",낙찰,"314,000,000",73.3%,2022-03-08,2022_1Q,3
제주 4계 2020-3453,숙박시설,숙박시설,숙박시설,제주,서귀포시,제주 서귀포시 성산읍 고성리 298-5 제주성산라마다앙코르호텔 7층 813호,"140,000,000","33,614,000",낙찰,"60,010,000",42.9%,2022-01-11,2022_1Q,3
제주 5계 2020-3521,아파트,아파트,아파트,제주,제주시,제주 제주시 한림읍 동명리 1581-1 제주한림코아루 101동 6층 605호,"273,000,000","273,000,000",낙찰,"316,300,000",115.9%,2022-01-18,2022_1Q,3
제주 3계 2020-3682,숙박시설,숙박시설,숙박시설,제주,서귀포시,"제주 서귀포시 강정동 162-1 ,-2,-3 호텔윈스카이 9층 912B호","134,000,000","32,173,000",낙찰,"45,100,000",33.7%,2022-05-03,2022_2Q,3
제주 5계 2020-3897,임야,임야,임야,제주,서귀포시,제주 서귀포시 대정읍 무릉리 산65-40,"713,232,000","244,638,000",낙찰,"330,000,000",46.3%,2022-04-12,2022_2Q,3
제주 6계 2020-4791,숙박시설,숙박시설,숙박시설,제주,서귀포시,제주 서귀포시 성산읍 성산리 250 코업시티호텔 5층 523호,"173,000,000","59,339,000",낙찰,"62,000,000",35.8%,2022-02-22,2022_1Q,3
제주 1계 2020-4807(6),아파트,아파트,아파트,제주,제주시,제주 제주시 건입동 886-10 원신 1층 102호,"129,000,000","90,300,000",낙찰,"105,000,000",81.4%,2022-03-15,2022_1Q,3
제주 2계 2020-5473,다세대,다세대주택,다세대,제주,제주시,제주 제주시 도남동 53-12 제일빌라 2층 201호,"29,000,000","14,210,000",낙찰,"18,000,000",62.1%,2022-02-08,2022_1Q,3
제주 6계 2020-6230(1),도로,기타토지,기타토지,제주,서귀포시,제주 서귀포시 표선면 성읍리 1436-2,"6,398,000","2,195,000",낙찰,"3,169,999",49.5%,2022-02-22,2022_1Q,3
제주 2계 2020-6315,숙박시설,숙박시설,숙박시설,제주,제주시,제주 제주시 연동 282-3 밸류호텔제주 5층 511호,"185,000,000","63,455,000",낙찰,"65,007,799",35.1%,2022-03-22,2022_1Q,3
제주 4계 2020-6339(1),숙박시설,숙박시설,숙박시설,제주,제주시,제주 제주시 연동 282-3 밸류호텔제주 4층 415호,"195,000,000","46,820,000",낙찰,"67,620,000",34.7%,2022-01-11,2022_1Q,3
제주 4계 2020-6339(3),숙박시설,숙박시설,숙박시설,제주,제주시,제주 제주시 연동 282-3 밸류호텔제주 7층 704호,"207,000,000","49,701,000",낙찰,"73,620,000",35.6%,2022-01-11,2022_1Q,3
제주 2계 2020-6568,과수원,과수원,과수원,제주,서귀포시,제주 서귀포시 남원읍 신흥리 574,"665,498,000","322,410,000",낙찰,"348,500,000",52.4%,2022-02-08,2022_1Q,3
제주 2계 2020-6612,오피스텔(주거),오피스텔,오피스텔(업무용),제주,제주시,제주 제주시 오라이동 1361 세일파크빌 4층 405호,"211,000,000","50,661,000",낙찰,"50,771,000",24.1%,2022-04-26,2022_2Q,3
제주 4계 2020-7059(1),도로,기타토지,기타토지,제주,제주시,제주 제주시 추자면 신양리 산16-2,"5,308,200","3,716,000",낙찰,"4,819,990",90.8%,2022-01-11,2022_1Q,3
제주 4계 2020-7127(2),임야,임야,임야,제주,제주시,제주 제주시 한림읍 금악리 2765,"110,552,000","54,170,000",낙찰,"70,100,000",63.4%,2022-01-11,2022_1Q,3
제주 4계 2020-7127(3),임야,임야,임야,제주,제주시,제주 제주시 한림읍 금악리 2771,"174,980,000","85,740,000",낙찰,"120,100,000",68.6%,2022-01-11,2022_1Q,3
제주 5계 2020-7189,단독주택,단독,단독주택,제주,서귀포시,제주 서귀포시 성산읍 온평리 513,"86,730,960","29,749,000",낙찰,"38,888,888",44.8%,2022-05-17,2022_2Q,3
제주 2계 2020-7271(1),다세대,다세대주택,다세대,제주,제주시,제주 제주시 도평동 1355-1 도평드림빌리지 2층 201호,"241,000,000","118,090,000",낙찰,"175,990,000",73.0%,2022-03-22,2022_1Q,3
제주 2계 2020-7271(3),다세대,다세대주택,다세대,제주,제주시,제주 제주시 도평동 1355-1 도평드림빌리지 3층 301호,"246,000,000","120,540,000",낙찰,"175,888,880",71.5%,2022-03-22,2022_1Q,3
제주 2계 2020-7332,전,전,전,제주,서귀포시,제주 서귀포시 보목동 306,"2,086,697,000","715,737,000",낙찰,"901,100,000",43.2%,2022-03-22,2022_1Q,3
제주 2계 2020-7516,임야,임야,임야,제주,제주시,제주 제주시 구좌읍 평대리 2716-1,"40,455,000","11,962,000",낙찰,"14,500,000",35.8%,2022-02-08,2022_1Q,3
제주 5계 2020-7547,임야,임야,임야,제주,제주시,제주 제주시 구좌읍 세화리 2762,"115,600,000","39,651,000",낙찰,"44,785,000",38.7%,2022-03-08,2022_1Q,3
제주 2계 2020-7707,전,전,전,제주,제주시,제주 제주시 한림읍 협재리 426,"703,380,000","344,656,000",낙찰,"416,900,000",59.3%,2022-04-26,2022_2Q,3
제주 2계 2020-7875(1),전,전,전,제주,제주시,제주 제주시 조천읍 와흘리 251-1,"326,700,000","228,690,000",낙찰,"230,000,000",70.4%,2022-02-08,2022_1Q,3
제주 2계 2020-7950,임야,임야,임야,제주,서귀포시,제주 서귀포시 남원읍 신흥리 1955,"1,077,538,000","369,596,000",낙찰,"600,000,000",55.7%,2022-03-22,2022_1Q,3
제주 6계 2020-8038(2),단독주택,단독,단독주택,제주,제주시,제주 제주시 애월읍 장전리 1739-22 바동호,"578,862,500","405,204,000",낙찰,"550,000,000",95.0%,2022-06-14,2022_2Q,3
제주 6계 2020-8038(3),단독주택,단독,단독주택,제주,제주시,제주 제주시 애월읍 장전리 1739-24 라동호,"606,330,820","424,432,000",낙찰,"499,000,000",82.3%,2022-06-14,2022_2Q,3
제주 6계 2020-8038(4),대지,나대지,나대지,제주,제주시,제주 제주시 애월읍 장전리 1739-25,"47,950,000","47,950,000",낙찰,"67,770,000",141.3%,2022-05-10,2022_2Q,3
제주 2계 2020-8236,답,답,답,제주,제주시,제주 제주시 한경면 용수리 3466-8,"221,200,000","75,872,000",낙찰,"125,110,000",56.6%,2022-02-08,2022_1Q,3
제주 2계 2020-8298,임야,임야,임야,제주,제주시,제주 제주시 한림읍 귀덕리 3992-1,"1,444,368,000","495,419,000",낙찰,"573,001,000",39.7%,2022-04-26,2022_2Q,3
제주 2계 2020-8410,단독주택,단독,단독주택,제주,제주시,제주 제주시 한림읍 동명리 1025 1동호,"536,378,400","375,465,000",낙찰,"382,080,000",71.2%,2022-03-22,2022_1Q,3
제주 1계 2020-8588,임야,임야,임야,제주,제주시,제주 제주시 애월읍 유수암리 1035-7,"710,850,000","497,595,000",낙찰,"777,500,000",109.4%,2022-01-25,2022_1Q,3
제주 2계 2020-8717,근린상가,근린상가,근린상가,제주,제주시,"제주 제주시 오라이동 130-4 ,135,-18","1,726,584,280","1,208,609,000",낙찰,"1,512,000,000",87.6%,2022-03-22,2022_1Q,3
제주 5계 2020-8816(1),단독주택,단독,단독주택,제주,서귀포시,제주 서귀포시 성산읍 온평리 1733,"601,138,100","420,797,000",낙찰,"451,889,900",75.2%,2022-01-18,2022_1Q,3
제주 5계 2020-8816(3),전,전,전,제주,서귀포시,제주 서귀포시 성산읍 온평리 2518,"306,020,000","214,214,000",낙찰,"288,888,888",94.4%,2022-01-18,2022_1Q,3
제주 1계 2020-8830,전,전,전,제주,제주시,제주 제주시 구좌읍 행원리 1477-1,"529,872,000","259,637,000",낙찰,"350,888,000",66.2%,2022-01-25,2022_1Q,3
제주 5계 2020-8861(1),숙박시설,숙박시설,숙박시설,제주,서귀포시,제주 서귀포시 서귀동 319-2 비스타케이호텔(천지연) 5층 503호,"204,000,000","48,980,000",낙찰,"55,000,000",27.0%,2022-05-17,2022_2Q,3
제주 5계 2020-8861(2),숙박시설,숙박시설,숙박시설,제주,서귀포시,제주 서귀포시 서귀동 319-2 비스타케이호텔(천지연) 10층 1006호,"214,000,000","51,381,000",낙찰,"62,289,900",29.1%,2022-05-17,2022_2Q,3
제주 6계 2020-8991(1),전,전,전,제주,제주시,제주 제주시 조천읍 함덕리 2173-2,"802,009,000","561,406,000",낙찰,"680,000,000",84.8%,2022-01-11,2022_1Q,3
제주 6계 2020-8991(2),임야,임야,임야,제주,제주시,제주 제주시 조천읍 대흘리 238-1,"234,900,000","164,430,000",낙찰,"190,000,010",80.9%,2022-01-11,2022_1Q,3
제주 5계 2020-9055,임야,임야,임야,제주,제주시,제주 제주시 한경면 낙천리 750-1,"113,222,000","38,835,000",낙찰,"55,010,000",48.6%,2022-03-08,2022_1Q,3
제주 3계 2020-9093(1),오피스텔(주거),오피스텔,오피스텔(업무용),제주,제주시,"제주 제주시 삼도이동 913-5 ,-8 진아타워 2층 201호","88,000,000","43,120,000",낙찰,"52,900,000",60.1%,2022-02-15,2022_1Q,3
제주 3계 2020-9093(2),오피스텔(주거),오피스텔,오피스텔(업무용),제주,제주시,"제주 제주시 삼도이동 913-5 ,-8 진아타워 2층 202호","88,000,000","43,120,000",낙찰,"48,000,100",54.5%,2022-02-15,2022_1Q,3
제주 3계 2020-9093(4),오피스텔(주거),오피스텔,오피스텔(업무용),제주,제주시,"제주 제주시 삼도이동 913-5 ,-8 진아타워 2층 205호","64,000,000","31,360,000",낙찰,"38,500,000",60.2%,2022-02-15,2022_1Q,3
제주 3계 2020-9093(7),오피스텔(주거),오피스텔,오피스텔(업무용),제주,제주시,"제주 제주시 삼도이동 913-5 ,-8 진아타워 2층 208호","91,000,000","44,590,000",낙찰,"54,700,000",60.1%,2022-02-15,2022_1Q,3
제주 3계 2020-9093(8),오피스텔(주거),오피스텔,오피스텔(업무용),제주,제주시,"제주 제주시 삼도이동 913-5 ,-8 진아타워 2층 209호","91,000,000","44,590,000",낙찰,"52,780,000",58.0%,2022-02-15,2022_1Q,3
제주 3계 2020-9093(9),오피스텔(주거),오피스텔,오피스텔(업무용),제주,제주시,"제주 제주시 삼도이동 913-5 ,-8 진아타워 2층 210호","91,000,000","44,590,000",낙찰,"54,700,000",60.1%,2022-02-15,2022_1Q,3
제주 3계 2020-9093(11),오피스텔(주거),오피스텔,오피스텔(업무용),제주,제주시,"제주 제주시 삼도이동 913-5 ,-8 진아타워 3층 301호","88,000,000","43,120,000",낙찰,"65,000,000",73.9%,2022-02-15,2022_1Q,3
제주 3계 2020-9093(12),오피스텔(주거),오피스텔,오피스텔(업무용),제주,제주시,"제주 제주시 삼도이동 913-5 ,-8 진아타워 3층 302호","88,000,000","43,120,000",낙찰,"52,900,000",60.1%,2022-02-15,2022_1Q,3
제주 3계 2020-9093(14),오피스텔(주거),오피스텔,오피스텔(업무용),제주,제주시,"제주 제주시 삼도이동 913-5 ,-8 진아타워 3층 305호","64,000,000","31,360,000",낙찰,"43,800,000",68.4%,2022-02-15,2022_1Q,3
제주 3계 2020-9093(15),오피스텔(주거),오피스텔,오피스텔(업무용),제주,제주시,"제주 제주시 삼도이동 913-5 ,-8 진아타워 3층 306호","91,000,000","44,590,000",낙찰,"60,001,000",65.9%,2022-02-15,2022_1Q,3
제주 3계 2020-9093(17),오피스텔(주거),오피스텔,오피스텔(업무용),제주,제주시,"제주 제주시 삼도이동 913-5 ,-8 진아타워 3층 308호","91,000,000","44,590,000",낙찰,"55,500,000",61.0%,2022-02-15,2022_1Q,3
제주 3계 2020-9093(18),오피스텔(주거),오피스텔,오피스텔(업무용),제주,제주시,"제주 제주시 삼도이동 913-5 ,-8 진아타워 3층 309호","91,000,000","44,590,000",낙찰,"61,888,900",68.0%,2022-02-15,2022_1Q,3
제주 3계 2020-9093(19),오피스텔(주거),오피스텔,오피스텔(업무용),제주,제주시,"제주 제주시 삼도이동 913-5 ,-8 진아타워 3층 310호","91,000,000","44,590,000",낙찰,"60,999,999",67.0%,2022-02-15,2022_1Q,3
제주 3계 2020-9093(20),오피스텔(주거),오피스텔,오피스텔(업무용),제주,제주시,"제주 제주시 삼도이동 913-5 ,-8 진아타워 3층 311호","65,000,000","31,850,000",낙찰,"42,859,000",65.9%,2022-02-15,2022_1Q,3
제주 3계 2020-9093(21),오피스텔(주거),오피스텔,오피스텔(업무용),제주,제주시,"제주 제주시 삼도이동 913-5 ,-8 진아타워 4층 501호","90,000,000","44,100,000",낙찰,"54,100,000",60.1%,2022-02-15,2022_1Q,3
제주 3계 2020-9093(22),오피스텔(주거),오피스텔,오피스텔(업무용),제주,제주시,"제주 제주시 삼도이동 913-5 ,-8 진아타워 4층 502호","90,000,000","44,100,000",낙찰,"55,000,100",61.1%,2022-02-15,2022_1Q,3
제주 3계 2020-9093(23),오피스텔(주거),오피스텔,오피스텔(업무용),제주,제주시,"제주 제주시 삼도이동 913-5 ,-8 진아타워 4층 503호","90,000,000","44,100,000",낙찰,"58,500,000",65.0%,2022-02-15,2022_1Q,3
제주 3계 2020-9093(26),오피스텔(주거),오피스텔,오피스텔(업무용),제주,제주시,"제주 제주시 삼도이동 913-5 ,-8 진아타워 4층 507호","93,000,000","45,570,000",낙찰,"67,010,000",72.1%,2022-02-15,2022_1Q,3
제주 3계 2020-9093(27),오피스텔(주거),오피스텔,오피스텔(업무용),제주,제주시,"제주 제주시 삼도이동 913-5 ,-8 진아타워 4층 508호","93,000,000","45,570,000",낙찰,"61,500,000",66.1%,2022-02-15,2022_1Q,3
제주 3계 2020-9093(28),오피스텔(주거),오피스텔,오피스텔(업무용),제주,제주시,"제주 제주시 삼도이동 913-5 ,-8 진아타워 4층 509호","93,000,000","45,570,000",낙찰,"60,000,000",64.5%,2022-02-15,2022_1Q,3
제주 3계 2020-9093(29),오피스텔(주거),오피스텔,오피스텔(업무용),제주,제주시,"제주 제주시 삼도이동 913-5 ,-8 진아타워 4층 510호","93,000,000","45,570,000",낙찰,"56,211,000",60.4%,2022-02-15,2022_1Q,3
제주 3계 2020-9093(30),오피스텔(주거),오피스텔,오피스텔(업무용),제주,제주시,"제주 제주시 삼도이동 913-5 ,-8 진아타워 4층 511호","66,000,000","32,340,000",낙찰,"44,880,000",68.0%,2022-02-15,2022_1Q,3
제주 3계 2020-9093(32),오피스텔(주거),오피스텔,오피스텔(업무용),제주,제주시,"제주 제주시 삼도이동 913-5 ,-8 진아타워 5층 602호","90,000,000","44,100,000",낙찰,"54,100,000",60.1%,2022-02-15,2022_1Q,3
제주 3계 2020-9093(33),오피스텔(주거),오피스텔,오피스텔(업무용),제주,제주시,"제주 제주시 삼도이동 913-5 ,-8 진아타워 5층 603호","90,000,000","44,100,000",낙찰,"54,100,000",60.1%,2022-02-15,2022_1Q,3
제주 3계 2020-9093(34),오피스텔(주거),오피스텔,오피스텔(업무용),제주,제주시,"제주 제주시 삼도이동 913-5 ,-8 진아타워 5층 605호","65,000,000","31,850,000",낙찰,"41,100,000",63.2%,2022-02-15,2022_1Q,3
제주 3계 2020-9093(35),오피스텔(주거),오피스텔,오피스텔(업무용),제주,제주시,"제주 제주시 삼도이동 913-5 ,-8 진아타워 5층 606호","93,000,000","45,570,000",낙찰,"64,170,000",69.0%,2022-02-15,2022_1Q,3
제주 3계 2020-9093(38),오피스텔(주거),오피스텔,오피스텔(업무용),제주,제주시,"제주 제주시 삼도이동 913-5 ,-8 진아타워 5층 609호","93,000,000","45,570,000",낙찰,"55,900,000",60.1%,2022-02-15,2022_1Q,3
제주 3계 2020-9093(41),오피스텔(주거),오피스텔,오피스텔(업무용),제주,제주시,"제주 제주시 삼도이동 913-5 ,-8 진아타워 6층 701호","91,000,000","44,590,000",낙찰,"59,100,000",64.9%,2022-02-15,2022_1Q,3
제주 3계 2020-9093(42),오피스텔(주거),오피스텔,오피스텔(업무용),제주,제주시,"제주 제주시 삼도이동 913-5 ,-8 진아타워 6층 702호","91,000,000","44,590,000",낙찰,"63,880,000",70.2%,2022-02-15,2022_1Q,3
제주 3계 2020-9093(44),오피스텔(주거),오피스텔,오피스텔(업무용),제주,제주시,"제주 제주시 삼도이동 913-5 ,-8 진아타워 6층 705호","66,000,000","32,340,000",낙찰,"45,540,000",69.0%,2022-02-15,2022_1Q,3
제주 3계 2020-9093(48),오피스텔(주거),오피스텔,오피스텔(업무용),제주,제주시,"제주 제주시 삼도이동 913-5 ,-8 진아타워 6층 709호","94,000,000","46,060,000",낙찰,"62,080,000",66.0%,2022-02-15,2022_1Q,3
제주 3계 2020-9093(49),오피스텔(주거),오피스텔,오피스텔(업무용),제주,제주시,"제주 제주시 삼도이동 913-5 ,-8 진아타워 6층 710호","94,000,000","46,060,000",낙찰,"54,599,000",58.1%,2022-05-03,2022_2Q,3
제주 3계 2020-9093(50),오피스텔(주거),오피스텔,오피스텔(업무용),제주,제주시,"제주 제주시 삼도이동 913-5 ,-8 진아타워 6층 711호","67,000,000","32,830,000",낙찰,"46,999,999",70.1%,2022-02-15,2022_1Q,3
제주 3계 2020-9093(51),오피스텔(주거),오피스텔,오피스텔(업무용),제주,제주시,"제주 제주시 삼도이동 913-5 ,-8 진아타워 7층 801호","92,000,000","45,080,000",낙찰,"65,001,000",70.7%,2022-02-15,2022_1Q,3
제주 3계 2020-9093(52),오피스텔(주거),오피스텔,오피스텔(업무용),제주,제주시,"제주 제주시 삼도이동 913-5 ,-8 진아타워 7층 802호","92,000,000","45,080,000",낙찰,"65,001,000",70.7%,2022-02-15,2022_1Q,3
제주 3계 2020-9093(54),오피스텔(주거),오피스텔,오피스텔(업무용),제주,제주시,"제주 제주시 삼도이동 913-5 ,-8 진아타워 7층 805호","66,000,000","32,340,000",낙찰,"46,999,000",71.2%,2022-02-15,2022_1Q,3
제주 3계 2020-9093(58),오피스텔(주거),오피스텔,오피스텔(업무용),제주,제주시,"제주 제주시 삼도이동 913-5 ,-8 진아타워 7층 809호","95,000,000","46,550,000",낙찰,"65,270,000",68.7%,2022-02-15,2022_1Q,3
제주 3계 2020-9093(59),오피스텔(주거),오피스텔,오피스텔(업무용),제주,제주시,"제주 제주시 삼도이동 913-5 ,-8 진아타워 7층 810호","95,000,000","46,550,000",낙찰,"65,001,000",68.4%,2022-02-15,2022_1Q,3
제주 3계 2020-9093(60),오피스텔(주거),오피스텔,오피스텔(업무용),제주,제주시,"제주 제주시 삼도이동 913-5 ,-8 진아타워 7층 811호","68,000,000","33,320,000",낙찰,"43,550,000",64.0%,2022-02-15,2022_1Q,3
제주 3계 2020-9093(61),오피스텔(주거),오피스텔,오피스텔(업무용),제주,제주시,"제주 제주시 삼도이동 913-5 ,-8 진아타워 8층 901호","92,000,000","45,080,000",낙찰,"67,000,000",72.8%,2022-02-15,2022_1Q,3
제주 3계 2020-9093(62),오피스텔(주거),오피스텔,오피스텔(업무용),제주,제주시,"제주 제주시 삼도이동 913-5 ,-8 진아타워 8층 902호","92,000,000","45,080,000",낙찰,"65,780,000",71.5%,2022-02-15,2022_1Q,3
제주 3계 2020-9093(64),오피스텔(주거),오피스텔,오피스텔(업무용),제주,제주시,"제주 제주시 삼도이동 913-5 ,-8 진아타워 8층 905호","66,000,000","32,340,000",낙찰,"57,000,000",86.4%,2022-02-15,2022_1Q,3
제주 3계 2020-9093(65),오피스텔(주거),오피스텔,오피스텔(업무용),제주,제주시,"제주 제주시 삼도이동 913-5 ,-8 진아타워 8층 906호","95,000,000","46,550,000",낙찰,"67,000,000",70.5%,2022-02-15,2022_1Q,3
제주 3계 2020-9093(66),오피스텔(주거),오피스텔,오피스텔(업무용),제주,제주시,"제주 제주시 삼도이동 913-5 ,-8 진아타워 8층 907호","94,000,000","46,060,000",낙찰,"67,000,000",71.3%,2022-02-15,2022_1Q,3
제주 3계 2020-9093(68),오피스텔(주거),오피스텔,오피스텔(업무용),제주,제주시,"제주 제주시 삼도이동 913-5 ,-8 진아타워 8층 909호","95,000,000","46,550,000",낙찰,"67,000,000",70.5%,2022-02-15,2022_1Q,3
제주 3계 2020-9093(69),오피스텔(주거),오피스텔,오피스텔(업무용),제주,제주시,"제주 제주시 삼도이동 913-5 ,-8 진아타워 8층 910호","94,000,000","46,060,000",낙찰,"72,400,000",77.0%,2022-02-15,2022_1Q,3
제주 3계 2020-9093(70),오피스텔(주거),오피스텔,오피스텔(업무용),제주,제주시,"제주 제주시 삼도이동 913-5 ,-8 진아타워 8층 911호","67,000,000","32,830,000",낙찰,"57,000,000",85.1%,2022-02-15,2022_1Q,3
제주 3계 2020-9093(71),오피스텔(주거),오피스텔,오피스텔(업무용),제주,제주시,"제주 제주시 삼도이동 913-5 ,-8 진아타워 9층 1001호","93,000,000","45,570,000",낙찰,"65,001,000",69.9%,2022-02-15,2022_1Q,3
제주 3계 2020-9093(72),오피스텔(주거),오피스텔,오피스텔(업무용),제주,제주시,"제주 제주시 삼도이동 913-5 ,-8 진아타워 9층 1002호","93,000,000","45,570,000",낙찰,"66,000,000",71.0%,2022-02-15,2022_1Q,3
제주 3계 2020-9093(74),오피스텔(주거),오피스텔,오피스텔(업무용),제주,제주시,"제주 제주시 삼도이동 913-5 ,-8 진아타워 9층 1005호","67,000,000","32,830,000",낙찰,"42,310,000",63.1%,2022-02-15,2022_1Q,3
제주 3계 2020-9093(75),오피스텔(주거),오피스텔,오피스텔(업무용),제주,제주시,"제주 제주시 삼도이동 913-5 ,-8 진아타워 9층 1006호","96,000,000","67,200,000",낙찰,"81,011,000",84.4%,2022-03-29,2022_1Q,3
제주 3계 2020-9093(76),오피스텔(주거),오피스텔,오피스텔(업무용),제주,제주시,"제주 제주시 삼도이동 913-5 ,-8 진아타워 9층 1007호","96,000,000","47,040,000",낙찰,"70,080,000",73.0%,2022-02-15,2022_1Q,3
제주 3계 2020-9093(77),오피스텔(주거),오피스텔,오피스텔(업무용),제주,제주시,"제주 제주시 삼도이동 913-5 ,-8 진아타워 9층 1008호","96,000,000","47,040,000",낙찰,"75,010,000",78.1%,2022-02-15,2022_1Q,3
제주 3계 2020-9093(79),오피스텔(주거),오피스텔,오피스텔(업무용),제주,제주시,"제주 제주시 삼도이동 913-5 ,-8 진아타워 9층 1010호","96,000,000","47,040,000",낙찰,"65,001,000",67.7%,2022-02-15,2022_1Q,3
제주 3계 2020-9093(82),오피스텔(주거),오피스텔,오피스텔(업무용),제주,제주시,"제주 제주시 삼도이동 913-5 ,-8 진아타워 10층 1103호","93,000,000","45,570,000",낙찰,"55,005,500",59.1%,2022-02-15,2022_1Q,3
제주 3계 2020-9093(83),오피스텔(주거),오피스텔,오피스텔(업무용),제주,제주시,"제주 제주시 삼도이동 913-5 ,-8 진아타워 10층 1105호","67,000,000","32,830,000",낙찰,"47,500,000",70.9%,2022-02-15,2022_1Q,3
제주 3계 2020-9093(84),오피스텔(주거),오피스텔,오피스텔(업무용),제주,제주시,"제주 제주시 삼도이동 913-5 ,-8 진아타워 10층 1106호","96,000,000","47,040,000",낙찰,"68,350,000",71.2%,2022-02-15,2022_1Q,3
제주 3계 2020-9093(86),오피스텔(주거),오피스텔,오피스텔(업무용),제주,제주시,"제주 제주시 삼도이동 913-5 ,-8 진아타워 10층 1108호","96,000,000","47,040,000",낙찰,"66,600,000",69.4%,2022-02-15,2022_1Q,3
제주 3계 2020-9093(89),오피스텔(주거),오피스텔,오피스텔(업무용),제주,제주시,"제주 제주시 삼도이동 913-5 ,-8 진아타워 11층 1206호","97,000,000","47,530,000",낙찰,"55,778,890",57.5%,2022-05-03,2022_2Q,3
제주 3계 2020-9093(90),오피스텔(주거),오피스텔,오피스텔(업무용),제주,제주시,"제주 제주시 삼도이동 913-5 ,-8 진아타워 11층 1207호","97,000,000","47,530,000",낙찰,"62,440,000",64.4%,2022-02-15,2022_1Q,3
제주 3계 2020-9093(91),오피스텔(주거),오피스텔,오피스텔(업무용),제주,제주시,"제주 제주시 삼도이동 913-5 ,-8 진아타워 11층 1208호","97,000,000","47,530,000",낙찰,"64,999,000",67.0%,2022-02-15,2022_1Q,3
제주 3계 2020-9093(92),오피스텔(주거),오피스텔,오피스텔(업무용),제주,제주시,"제주 제주시 삼도이동 913-5 ,-8 진아타워 11층 1209호","97,000,000","47,530,000",낙찰,"62,450,000",64.4%,2022-02-15,2022_1Q,3
제주 3계 2020-9093(93),오피스텔(주거),오피스텔,오피스텔(업무용),제주,제주시,"제주 제주시 삼도이동 913-5 ,-8 진아타워 11층 1210호","97,000,000","47,530,000",낙찰,"77,000,000",79.4%,2022-02-15,2022_1Q,3
제주 5계 2020-9116,대지,나대지,나대지,제주,제주시,제주 제주시 애월읍 하귀1리 178-5,"311,190,000","217,833,000",낙찰,"322,000,000",103.5%,2022-01-18,2022_1Q,3
제주 2계 2020-9192,임야,임야,임야,제주,서귀포시,제주 서귀포시 대정읍 신평리 513,"69,967,000","34,284,000",낙찰,"48,977,000",70.0%,2022-04-26,2022_2Q,3
제주 2계 2020-9314,단독주택,단독,단독주택,제주,서귀포시,제주 서귀포시 색달동 1866-1,"953,597,940","667,519,000",낙찰,"752,910,000",79.0%,2022-03-22,2022_1Q,3
제주 6계 2020-9352,다세대,다세대주택,다세대,제주,제주시,제주 제주시 화북일동 1948-1 수목빌라A 1층 101호,"152,720,000","106,904,000",낙찰,"111,500,000",73.0%,2022-02-22,2022_1Q,3
제주 4계 2020-9390,임야,임야,임야,제주,서귀포시,제주 서귀포시 표선면 가시리 258-14,"346,596,400","242,617,000",낙찰,"281,000,000",81.1%,2022-01-11,2022_1Q,3
제주 2계 2020-9499,양어장,기타건물,기타건물,제주,제주시,"제주 제주시 한경면 고산리 3852-4 ,3861,-2 A동","3,658,219,760","2,560,754,000",낙찰,"2,611,777,000",71.4%,2022-03-22,2022_1Q,3
제주 2계 2020-9550,다세대,다세대주택,다세대,제주,제주시,제주 제주시 화북일동 1948-1 수목빌라 A동 3층 301호,"172,000,000","120,400,000",낙찰,"130,500,000",75.9%,2022-03-22,2022_1Q,3
제주 1계 2020-9901,전,전,전,제주,제주시,제주 제주시 해안동 1263-6,"56,471,000","27,671,000",낙찰,"31,584,470",55.9%,2022-03-15,2022_1Q,3
제주 4계 2020-9932,단독주택,단독,단독주택,제주,제주시,제주 제주시 애월읍 광령리 609-2,"1,034,034,400","506,677,000",낙찰,"650,000,000",62.9%,2022-01-11,2022_1Q,3
제주 5계 2020-10062,임야,임야,임야,제주,제주시,제주 제주시 한경면 판포리 2256,"28,762,200","9,866,000",낙찰,"13,611,000",47.3%,2022-03-08,2022_1Q,3
제주 2계 2020-10154,연립,연립주택,연립·빌라,제주,제주시,제주 제주시 오라일동 1080 신화위더스빌더샵(26차) 102동 1층 102호,"400,000,000","400,000,000",낙찰,"480,000,000",120.0%,2022-04-26,2022_2Q,3
제주 2계 2020-10215,전,전,전,제주,서귀포시,제주 서귀포시 표선면 표선리 2931-1,"938,075,000","656,653,000",낙찰,"715,100,000",76.2%,2022-04-26,2022_2Q,3
제주 2계 2020-10390,주상복합(상가),기타토지,기타토지,제주,제주시,"제주 제주시 삼도일동 536-3 ,-4 한성베르뜨2차 3층 303호","194,000,000","135,800,000",낙찰,"173,000,000",89.2%,2022-04-26,2022_2Q,3
제주 2계 2020-10512,묘지,기타토지,기타토지,제주,제주시,제주 제주시 한림읍 귀덕리 3662,"4,446,400","3,112,000",낙찰,"4,187,720",94.2%,2022-04-26,2022_2Q,3
제주 3계 2020-10529,도로,기타토지,기타토지,제주,제주시,제주 제주시 구좌읍 상도리 469-18,"17,258,400","2,901,000",낙찰,"4,260,000",24.7%,2022-03-29,2022_1Q,3
제주 5계 2020-10666,잡종지,잡종지,잡종지,제주,서귀포시,제주 서귀포시 대정읍 영락리 540-1,"302,771,700","103,851,000",낙찰,"131,100,000",43.3%,2022-03-08,2022_1Q,3
제주 1계 2020-10741,과수원,과수원,과수원,제주,제주시,제주 제주시 애월읍 신엄리 1606-1,"187,530,000","79,108,000",낙찰,"108,999,900",58.1%,2022-05-24,2022_2Q,3
제주 2계 2020-10758,아파트상가,아파트상가,근린상가,제주,제주시,제주 제주시 건입동 940-3 현대 109동 3층 A26호,"264,000,000","264,000,000",낙찰,"271,090,000",102.7%,2022-03-22,2022_1Q,3
제주 5계 2020-10857(2),점포,근린상가,점포상가,제주,서귀포시,제주 서귀포시 안덕면 서광리 778,"1,611,582,110","789,675,000",낙찰,"967,900,000",60.1%,2022-01-18,2022_1Q,3
제주 1계 2020-10871,숙박시설,숙박시설,숙박시설,제주,서귀포시,제주 서귀포시 강정동 173-3 제주강정라마다호텔 8층 806호,"170,000,000","40,817,000",낙찰,"55,778,880",32.8%,2022-05-24,2022_2Q,3
제주 4계 2020-10895,임야,임야,임야,제주,제주시,제주 제주시 추자면 묵리 산77,"27,828,200","9,545,000",낙찰,"13,310,000",47.8%,2022-01-11,2022_1Q,3
제주 6계 2020-10987,오피스텔(주거),오피스텔,오피스텔(업무용),제주,서귀포시,"제주 서귀포시 서귀동 251-1 ,-17,-39 선경 10층 1008호","34,000,000","23,800,000",낙찰,"31,910,000",93.9%,2022-01-11,2022_1Q,3
제주 2계 2020-10994,오피스텔(주거),오피스텔,오피스텔(업무용),제주,서귀포시,"제주 서귀포시 서귀동 251-1 ,-17,-39 선경 5층 507호","29,400,000","20,580,000",낙찰,"37,100,000",126.2%,2022-04-26,2022_2Q,3
제주 1계 2020-11041,다세대,다세대주택,다세대,제주,제주시,"제주 제주시 해안동 2090-1 해비치하우스 D동 1,2,3층 107호","833,000,000","408,170,000",낙찰,"487,000,000",58.5%,2022-01-25,2022_1Q,3
제주 2계 2020-11072,다세대,다세대주택,다세대,제주,제주시,"제주 제주시 오라이동 3309-1 ,3310,3311 오라만진리치빌2차 107동 3층 302호","265,000,000","265,000,000",낙찰,"271,000,000",102.3%,2022-03-22,2022_1Q,3
제주 4계 2020-21093(1),임야,임야,임야,제주,제주시,제주 제주시 구좌읍 덕천리 산63-1,"4,013,570","1,966,000",낙찰,"2,300,000",57.3%,2022-05-10,2022_2Q,3
제주 4계 2020-21093(3),임야,임야,임야,제주,제주시,제주 제주시 구좌읍 덕천리 산63-7,"863,128,180","145,066,000",낙찰,"261,500,000",30.3%,2022-05-10,2022_2Q,3
제주 6계 2020-24276,콘도,기타토지,기타토지,제주,제주시,제주 제주시 애월읍 애월리 2504-1 제주토비스콘도미니엄 지하1층 2002호,"3,000,000","504,000",낙찰,"1,030,000",34.3%,2022-01-11,2022_1Q,3
제주 6계 2020-24504,단독주택,단독,단독주택,제주,서귀포시,제주 서귀포시 대정읍 하모리 841-53,"349,877,400","244,914,000",낙찰,"320,000,000",91.5%,2022-06-14,2022_2Q,3
제주 2계 2020-25675(1),연립,연립주택,연립·빌라,제주,서귀포시,제주 서귀포시 안덕면 창천리 1460 대평아르테라스 101동 1층2층 101호,"378,000,000","185,220,000",낙찰,"200,100,000",52.9%,2022-03-22,2022_1Q,3
제주 2계 2020-25675(2),연립,연립주택,연립·빌라,제주,서귀포시,제주 서귀포시 안덕면 창천리 1460 대평아르테라스 101동 1층2층 102호,"378,000,000","185,220,000",낙찰,"213,010,000",56.4%,2022-03-22,2022_1Q,3
제주 2계 2020-25675(3),연립,연립주택,연립·빌라,제주,서귀포시,제주 서귀포시 안덕면 창천리 1460 대평아르테라스 101동 1층2층 103호,"378,000,000","129,654,000",낙찰,"260,300,000",68.9%,2022-04-26,2022_2Q,3
제주 2계 2020-25675(4),연립,연립주택,연립·빌라,제주,서귀포시,제주 서귀포시 안덕면 창천리 1460 대평아르테라스 101동 1층2층 104호,"378,000,000","185,220,000",낙찰,"221,100,000",58.5%,2022-03-22,2022_1Q,3
제주 2계 2020-25675(5),연립,연립주택,연립·빌라,제주,서귀포시,제주 서귀포시 안덕면 창천리 1460 대평아르테라스 101동 1층2층 105호,"378,000,000","185,220,000",낙찰,"220,110,000",58.2%,2022-03-22,2022_1Q,3
제주 2계 2020-25675(6),연립,연립주택,연립·빌라,제주,서귀포시,제주 서귀포시 안덕면 창천리 1460 대평아르테라스 101동 1층2층 106호,"378,000,000","185,220,000",낙찰,"257,000,000",68.0%,2022-03-22,2022_1Q,3
제주 2계 2020-25675(7),연립,연립주택,연립·빌라,제주,서귀포시,제주 서귀포시 안덕면 창천리 1460 대평아르테라스 101동 3층4층 301호,"380,000,000","186,200,000",낙찰,"251,100,000",66.1%,2022-03-22,2022_1Q,3
제주 2계 2020-25675(8),연립,연립주택,연립·빌라,제주,서귀포시,제주 서귀포시 안덕면 창천리 1460 대평아르테라스 101동 3층4층 302호,"380,000,000","186,200,000",낙찰,"228,000,000",60.0%,2022-03-22,2022_1Q,3
제주 2계 2020-25675(9),연립,연립주택,연립·빌라,제주,서귀포시,제주 서귀포시 안덕면 창천리 1460 대평아르테라스 101동 3층4층 303호,"380,000,000","186,200,000",낙찰,"233,588,900",61.5%,2022-03-22,2022_1Q,3
제주 2계 2020-25675(10),연립,연립주택,연립·빌라,제주,서귀포시,제주 서귀포시 안덕면 창천리 1460 대평아르테라스 101동 3층4층 304호,"380,000,000","186,200,000",낙찰,"221,110,000",58.2%,2022-03-22,2022_1Q,3
제주 2계 2020-25675(11),연립,연립주택,연립·빌라,제주,서귀포시,제주 서귀포시 안덕면 창천리 1460 대평아르테라스 102동 1층2층 101호,"378,000,000","185,220,000",낙찰,"185,220,001",49.0%,2022-03-22,2022_1Q,3
제주 2계 2020-25675(12),연립,연립주택,연립·빌라,제주,서귀포시,제주 서귀포시 안덕면 창천리 1460 대평아르테라스 102동 1층2층 102호,"378,000,000","129,654,000",낙찰,"230,600,000",61.0%,2022-04-26,2022_2Q,3
제주 2계 2020-25675(13),연립,연립주택,연립·빌라,제주,서귀포시,제주 서귀포시 안덕면 창천리 1460 대평아르테라스 102동 1층2층 103호,"378,000,000","185,220,000",낙찰,"186,999,000",49.5%,2022-03-22,2022_1Q,3
제주 2계 2020-25675(14),연립,연립주택,연립·빌라,제주,서귀포시,제주 서귀포시 안덕면 창천리 1460 대평아르테라스 102동 1층2층 104호,"378,000,000","185,220,000",낙찰,"188,889,999",50.0%,2022-03-22,2022_1Q,3
제주 2계 2020-25675(15),연립,연립주택,연립·빌라,제주,서귀포시,제주 서귀포시 안덕면 창천리 1460 대평아르테라스 102동 1층2층 105호,"378,000,000","185,220,000",낙찰,"231,111,110",61.1%,2022-03-22,2022_1Q,3
제주 2계 2020-25675(16),연립,연립주택,연립·빌라,제주,서귀포시,제주 서귀포시 안덕면 창천리 1460 대평아르테라스 102동 1층2층 106호,"378,000,000","185,220,000",낙찰,"205,300,000",54.3%,2022-03-22,2022_1Q,3
제주 2계 2020-25675(17),연립,연립주택,연립·빌라,제주,서귀포시,제주 서귀포시 안덕면 창천리 1460 대평아르테라스 102동 3층4층 302호,"380,000,000","186,200,000",낙찰,"220,800,000",58.1%,2022-03-22,2022_1Q,3
제주 2계 2020-25675(18),연립,연립주택,연립·빌라,제주,서귀포시,제주 서귀포시 안덕면 창천리 1460 대평아르테라스 103동 1층2층 103호,"378,000,000","264,600,000",낙찰,"300,010,000",79.4%,2022-02-08,2022_1Q,3
제주 2계 2020-25675(19),연립,연립주택,연립·빌라,제주,서귀포시,제주 서귀포시 안덕면 창천리 1460 대평아르테라스 103동 1층2층 105호,"378,000,000","185,220,000",낙찰,"272,000,000",72.0%,2022-03-22,2022_1Q,3
제주 2계 2020-25675(20),연립,연립주택,연립·빌라,제주,서귀포시,제주 서귀포시 안덕면 창천리 1460 대평아르테라스 103동 3층4층 301호,"380,000,000","266,000,000",낙찰,"266,099,000",70.0%,2022-02-08,2022_1Q,3
제주 2계 2020-25675(21),연립,연립주택,연립·빌라,제주,서귀포시,제주 서귀포시 안덕면 창천리 1460 대평아르테라스 104동 1층2층 103호,"378,000,000","185,220,000",낙찰,"236,000,000",62.4%,2022-03-22,2022_1Q,3
제주 2계 2020-25675(22),연립,연립주택,연립·빌라,제주,서귀포시,제주 서귀포시 안덕면 창천리 1460 대평아르테라스 104동 1층2층 104호,"378,000,000","264,600,000",낙찰,"278,250,000",73.6%,2022-02-08,2022_1Q,3
제주 2계 2020-25675(23),연립,연립주택,연립·빌라,제주,서귀포시,제주 서귀포시 안덕면 창천리 1460 대평아르테라스 104동 3층4층 304호,"380,000,000","266,000,000",낙찰,"308,590,000",81.2%,2022-02-08,2022_1Q,3
제주 2계 2020-25675(24),연립,연립주택,연립·빌라,제주,서귀포시,제주 서귀포시 안덕면 창천리 1460 대평아르테라스 104동 3층4층 306호,"380,000,000","186,200,000",낙찰,"279,099,000",73.4%,2022-03-22,2022_1Q,3
제주 2계 2020-25927,임야,임야,임야,제주,서귀포시,제주 서귀포시 대정읍 무릉리 2366,"907,980,000","444,910,000",낙찰,"501,100,000",55.2%,2022-02-08,2022_1Q,3
제주 2계 2020-26470,단독주택,단독,단독주택,제주,제주시,제주 제주시 도남동 85-1,"435,448,360","435,448,360",낙찰,"436,270,000",100.2%,2022-02-08,2022_1Q,3
제주 6계 2020-26579,도로,기타토지,기타토지,제주,제주시,제주 제주시 한림읍 한림리 1253-8,"41,360,000","14,186,000",낙찰,"16,266,000",39.3%,2022-01-11,2022_1Q,3
제주 1계 2020-26647,임야,임야,임야,제주,서귀포시,제주 서귀포시 표선면 가시리 1604-2,"142,634,000","69,891,000",낙찰,"83,600,000",58.6%,2022-04-19,2022_2Q,3
제주 2계 2020-26838,아파트,아파트,아파트,제주,서귀포시,제주 서귀포시 서호동 1540 제주서귀포혁신도시엘에이치1단지 106동 1층 105호,"343,000,000","343,000,000",낙찰,"393,000,000",114.6%,2022-02-08,2022_1Q,3
제주 4계 2020-26852,임야,임야,임야,제주,서귀포시,제주 서귀포시 색달동 1061-9,"34,675,000","11,894,000",낙찰,"18,000,000",51.9%,2022-02-22,2022_1Q,3
제주 3계 2020-26913,목장용지,기타토지,목장용지,제주,서귀포시,제주 서귀포시 안덕면 광평리 95-1,"15,675,000","3,764,000",낙찰,"4,100,000",26.2%,2022-03-29,2022_1Q,3
제주 2계 2020-27022,임야,임야,임야,제주,서귀포시,제주 서귀포시 안덕면 동광리 산34,"40,739,940","28,518,000",낙찰,"31,000,000",76.1%,2022-03-22,2022_1Q,3
제주 2계 2020-27565(1),임야,임야,임야,제주,제주시,제주 제주시 한림읍 옹포리 381-4,"774,952,000","542,466,000",낙찰,"798,965,500",103.1%,2022-05-31,2022_2Q,3
제주 2계 2020-27565(3),전,전,전,제주,제주시,제주 제주시 한림읍 옹포리 381-3,"561,577,000","393,104,000",낙찰,"586,597,000",104.5%,2022-05-31,2022_2Q,3
제주 3계 2020-27756,숙박시설,숙박시설,숙박시설,제주,서귀포시,제주 서귀포시 서귀동 544-2 디 아일랜드 블루 호텔 1층 104호,"28,000,000","6,723,000",낙찰,"7,000,000",25.0%,2022-02-15,2022_1Q,3
제주 2계 2020-28117,전,전,전,제주,제주시,제주 제주시 한경면 고산리 1577-16,"13,823,000","6,773,000",낙찰,"8,820,000",63.8%,2022-05-31,2022_2Q,3
제주 2계 2020-28469,다세대,다세대주택,다세대,제주,제주시,"제주 제주시 이호이동 1109 ,-5 화인퍼스트빌6차 101동 4층 502호","252,000,000","176,400,000",낙찰,"231,007,000",91.7%,2022-04-26,2022_2Q,3
제주 3계 2021-55,전,전,전,제주,서귀포시,제주 서귀포시 안덕면 사계리 1140-8,"415,510,000","203,600,000",낙찰,"222,000,000",53.4%,2022-06-07,2022_2Q,3
제주 6계 2021-86,숙박시설,숙박시설,숙박시설,제주,제주시,제주 제주시 연동 282-3 밸류호텔제주 12층 1205호,"147,000,000","50,421,000",낙찰,"73,620,000",50.1%,2022-05-10,2022_2Q,3
제주 1계 2021-93,도로,기타토지,기타토지,제주,서귀포시,제주 서귀포시 남원읍 하례리 1799-10,"77,518,000","18,612,000",낙찰,"20,590,000",26.6%,2022-05-24,2022_2Q,3
제주 2계 2021-109,다세대,다세대주택,다세대,제주,서귀포시,"제주 서귀포시 서홍동 1237 ,369,370-1,1238-4 더존시티타운 7동 2층 201호","330,000,000","231,000,000",낙찰,"256,600,000",77.8%,2022-04-26,2022_2Q,3
제주 4계 2021-123(1),전,전,전,제주,서귀포시,제주 서귀포시 안덕면 사계리 334,"1,154,400,000","565,656,000",낙찰,"738,881,000",64.0%,2022-01-11,2022_1Q,3
제주 4계 2021-123(2),전,전,전,제주,서귀포시,제주 서귀포시 안덕면 사계리 334-2,"743,529,000","255,030,000",낙찰,"385,510,000",51.8%,2022-04-05,2022_2Q,3
제주 4계 2021-123(3),전,전,전,제주,서귀포시,제주 서귀포시 안덕면 사계리 334-3,"868,670,000","297,954,000",낙찰,"564,695,500",65.0%,2022-04-05,2022_2Q,3
제주 1계 2021-147,임야,임야,임야,제주,서귀포시,제주 서귀포시 표선면 표선리 1939-4,"2,493,920,000","1,222,021,000",낙찰,"1,752,300,000",70.3%,2022-04-19,2022_2Q,3
제주 4계 2021-185,숙박시설,숙박시설,숙박시설,제주,제주시,제주 제주시 이도이동 1025-8 라마다제주시티홀 4층 406호,"152,000,000","52,136,000",낙찰,"58,307,000",38.4%,2022-06-14,2022_2Q,3
제주 5계 2021-192,전,전,전,제주,제주시,제주 제주시 도두일동 1798-5,"4,717,050,000","2,311,355,000",낙찰,"2,620,000,000",55.5%,2022-06-21,2022_2Q,3
제주 1계 2021-222,전,전,전,제주,제주시,제주 제주시 구좌읍 월정리 1870-5,"308,259,000","105,733,000",낙찰,"142,299,990",46.2%,2022-03-15,2022_1Q,3
제주 3계 2021-239,단독주택,단독,단독주택,제주,서귀포시,제주 서귀포시 표선면 하천리 291-9,"215,241,800","150,669,000",낙찰,"216,001,000",100.4%,2022-05-03,2022_2Q,3
제주 6계 2021-260(1),숙박시설,숙박시설,숙박시설,제주,서귀포시,"제주 서귀포시 강정동 162-1 ,-2,-3 호텔윈스카이 4층 424F호","143,000,000","34,334,000",낙찰,"42,227,777",29.5%,2022-04-05,2022_2Q,3
제주 6계 2021-260(2),숙박시설,숙박시설,숙박시설,제주,서귀포시,"제주 서귀포시 강정동 162-1 ,-2,-3 호텔윈스카이 8층 826J호","141,000,000","48,363,000",낙찰,"50,100,000",35.5%,2022-01-11,2022_1Q,3
제주 6계 2021-260(3),숙박시설,숙박시설,숙박시설,제주,서귀포시,"제주 서귀포시 강정동 162-1 ,-2,-3 호텔윈스카이 10층 1016A호","132,000,000","45,276,000",낙찰,"46,510,000",35.2%,2022-01-11,2022_1Q,3
제주 1계 2021-277(2),숙박시설,숙박시설,숙박시설,제주,서귀포시,"제주 서귀포시 강정동 162-1 ,-2,-3 호텔윈스카이 3층 호312B호","141,000,000","48,363,000",낙찰,"56,100,100",39.8%,2022-06-28,2022_2Q,3
제주 1계 2021-277(3),숙박시설,숙박시설,숙박시설,제주,서귀포시,"제주 서귀포시 강정동 162-1 ,-2,-3 호텔윈스카이 3층 호314B호","141,000,000","48,363,000",낙찰,"56,013,000",39.7%,2022-06-28,2022_2Q,3
제주 3계 2021-291(1),숙박시설,숙박시설,숙박시설,제주,서귀포시,"제주 서귀포시 강정동 162-1 ,-2,-3 호텔윈스카이 7층 호715A호","128,000,000","43,904,000",낙찰,"43,904,000",34.3%,2022-02-15,2022_1Q,3
제주 3계 2021-291(2),숙박시설,숙박시설,숙박시설,제주,서귀포시,"제주 서귀포시 강정동 162-1 ,-2,-3 호텔윈스카이 8층 호815A호","128,000,000","43,904,000",낙찰,"43,904,000",34.3%,2022-02-15,2022_1Q,3
제주 5계 2021-314(2),전,전,전,제주,제주시,제주 제주시 애월읍 납읍리 1053-2,"88,924,000","62,247,000",낙찰,"89,776,000",101.0%,2022-01-18,2022_1Q,3
제주 5계 2021-314(4),전,전,전,제주,제주시,제주 제주시 한경면 조수리 2891-1,"329,595,000","230,717,000",낙찰,"313,777,000",95.2%,2022-01-18,2022_1Q,3
제주 5계 2021-314(5),전,전,전,제주,제주시,제주 제주시 한경면 조수리 2952,"451,915,000","316,341,000",낙찰,"377,766,000",83.6%,2022-01-18,2022_1Q,3
제주 1계 2021-338(1),연립,연립주택,연립·빌라,제주,서귀포시,제주 서귀포시 법환동 398 법환기영 3층 301호,"128,000,000","89,600,000",낙찰,"120,010,000",93.8%,2022-01-25,2022_1Q,3
제주 1계 2021-338(2),아파트,아파트,아파트,제주,서귀포시,제주 서귀포시 서홍동 1589-1 서홍캐슬휘닉스 4층 502호,"270,000,000","189,000,000",낙찰,"252,999,000",93.7%,2022-01-25,2022_1Q,3
제주 5계 2021-437,숙박시설,숙박시설,숙박시설,제주,제주시,제주 제주시 노형동 930-5 호텔위드제주 4층 418호,"152,000,000","74,480,000",낙찰,"83,600,000",55.0%,2022-03-08,2022_1Q,3
제주 1계 2021-819,임야,임야,임야,제주,제주시,제주 제주시 한림읍 협재리 2427,"732,039,000","358,699,000",낙찰,"457,200,000",62.5%,2022-03-15,2022_1Q,3
제주 5계 2021-864,숙박시설,숙박시설,숙박시설,제주,서귀포시,제주 서귀포시 서호동 1524-7 제주서귀포라마다앙코르호텔 9층 928호,"150,000,000","51,450,000",낙찰,"54,022,500",36.0%,2022-04-12,2022_2Q,3
제주 5계 2021-994,대지,나대지,나대지,제주,제주시,제주 제주시 애월읍 고성리 1448,"380,815,100","380,815,100",낙찰,"407,899,000",107.1%,2022-01-18,2022_1Q,3
제주 4계 2021-1089(2),전,전,전,제주,제주시,제주 제주시 한경면 청수리 1929-11,"197,120,000","137,984,000",낙찰,"152,590,000",77.4%,2022-04-05,2022_2Q,3
제주 5계 2021-1164,임야,임야,임야,제주,제주시,제주 제주시 구좌읍 월정리 산29-8,"145,559,000","101,891,000",낙찰,"128,010,000",87.9%,2022-03-08,2022_1Q,3
제주 4계 2021-1225(1),과수원,과수원,과수원,제주,서귀포시,제주 서귀포시 남원읍 하례리 917,"271,806,500","190,265,000",낙찰,"243,999,999",89.8%,2022-06-14,2022_2Q,3
제주 4계 2021-1225(2),전,전,전,제주,서귀포시,제주 서귀포시 남원읍 하례리 732,"403,884,000","282,719,000",낙찰,"304,010,000",75.3%,2022-06-14,2022_2Q,3
제주 4계 2021-1225(3),대지,나대지,나대지,제주,서귀포시,제주 서귀포시 남원읍 하례리 737,"183,226,000","128,258,000",낙찰,"148,900,000",81.3%,2022-06-14,2022_2Q,3
제주 4계 2021-1225(5),아파트,아파트,아파트,제주,제주시,제주 제주시 노형동 732-1 해오름 101동 7층 704호,"410,000,000","410,000,000",낙찰,"513,300,000",125.2%,2022-05-10,2022_2Q,3
제주 5계 2021-1232,아파트,아파트,아파트,제주,제주시,"제주 제주시 아라일동 2286-2 ,-3 아라휴안3차 303동 1층 102호","312,000,000","218,400,000",낙찰,"315,115,000",101.0%,2022-05-17,2022_2Q,3
제주 2계 2021-1256(2),연립,연립주택,연립·빌라,제주,제주시,제주 제주시 영평동 2768 영평지큐휴먼빌 103동 2층 202호,"387,000,000","387,000,000",낙찰,"387,500,000",100.1%,2022-05-31,2022_2Q,3
제주 5계 2021-1294,다세대,다세대주택,다세대,제주,제주시,제주 제주시 내도동 152-1 하이어스8차 102동 4층 501호,"360,000,000","252,000,000",낙찰,"295,080,000",82.0%,2022-03-08,2022_1Q,3
제주 6계 2021-1423,대지,나대지,나대지,제주,제주시,제주 제주시 구좌읍 김녕리 906-5,"56,724,000","27,795,000",낙찰,"30,100,000",53.1%,2022-01-11,2022_1Q,3
제주 2계 2021-1430,전,전,전,제주,제주시,제주 제주시 구좌읍 상도리 1123,"3,917,250","2,742,000",낙찰,"3,311,000",84.5%,2022-05-31,2022_2Q,3
제주 3계 2021-1447,오피스텔,오피스텔,오피스텔(업무용),제주,서귀포시,제주 서귀포시 안덕면 화순리 1366-1 퀸즈빌 2층 201호,"2,808,000,000","1,375,920,000",낙찰,"1,458,838,000",52.0%,2022-02-15,2022_1Q,3
제주 1계 2021-1492,단독주택,단독,단독주택,제주,제주시,제주 제주시 조천읍 신촌리 2711-7 가동호,"232,352,260","232,352,260",낙찰,"271,100,000",116.7%,2022-03-15,2022_1Q,3
제주 3계 2021-1515,임야,임야,임야,제주,서귀포시,제주 서귀포시 색달동 1108-1,"85,312,000","29,262,000",낙찰,"35,100,000",41.1%,2022-03-29,2022_1Q,3
제주 6계 2021-1546(1),단독주택,단독,단독주택,제주,제주시,제주 제주시 조천읍 신촌리 2604-2 신촌평화마을 108동,"755,705,600","528,994,000",낙찰,"558,616,000",73.9%,2022-04-05,2022_2Q,3
제주 6계 2021-1546(2),근린주택,근린주택,근린주택,제주,제주시,제주 제주시 아라이동 2429-9,"1,250,121,760","875,085,000",낙찰,"1,100,100,000",88.0%,2022-04-05,2022_2Q,3
제주 1계 2021-1553,임야,임야,임야,제주,제주시,제주 제주시 구좌읍 종달리 3702,"179,760,000","125,832,000",낙찰,"164,010,000",91.2%,2022-03-15,2022_1Q,3
제주 4계 2021-1638,숙박시설,숙박시설,숙박시설,제주,서귀포시,제주 서귀포시 법환동 680-1,"2,213,773,940","1,549,642,000",낙찰,"1,711,999,999",77.3%,2022-02-22,2022_1Q,3
제주 5계 2021-1645,연립,연립주택,연립·빌라,제주,제주시,제주 제주시 아라이동 1448 남양테크빌 102동 1층 103호,"215,000,000","150,500,000",낙찰,"180,610,000",84.0%,2022-05-17,2022_2Q,3
제주 6계 2021-1669(2),전,전,전,제주,제주시,제주 제주시 봉개동 1398,"365,178,000","365,178,000",낙찰,"541,000,000",148.1%,2022-06-14,2022_2Q,3
제주 1계 2021-1676,오피스텔(주거),오피스텔,오피스텔(업무용),제주,서귀포시,"제주 서귀포시 서귀동 251-1 ,-17,-39 선경 5층 508호","34,000,000","23,800,000",낙찰,"33,122,000",97.4%,2022-03-15,2022_1Q,3
제주 2계 2021-1683,다세대,다세대주택,다세대,제주,제주시,제주 제주시 애월읍 하귀1리 1040 정암에코빌 105동 1층 101호,"263,000,000","184,100,000",낙찰,"231,700,000",88.1%,2022-05-31,2022_2Q,3
제주 3계 2021-1690,숙박시설,숙박시설,숙박시설,제주,제주시,제주 제주시 애월읍 하귀2리 2810-1,"743,515,380","520,461,000",낙찰,"618,880,000",83.2%,2022-02-15,2022_1Q,3
제주 5계 2021-1713,대지,나대지,나대지,제주,서귀포시,제주 서귀포시 안덕면 사계리 3235-2,"655,196,000","458,637,000",낙찰,"485,611,000",74.1%,2022-05-17,2022_2Q,3
제주 3계 2021-1812,전,전,전,제주,제주시,제주 제주시 한경면 청수리 1209,"6,410,520","2,199,000",낙찰,"2,310,000",36.0%,2022-03-29,2022_1Q,3
제주 5계 2021-1836,임야,임야,임야,제주,서귀포시,제주 서귀포시 성산읍 수산리 4581,"149,376,000","104,563,000",낙찰,"121,100,000",81.1%,2022-05-17,2022_2Q,3
제주 1계 2021-1843,아파트,아파트,아파트,제주,제주시,제주 제주시 삼도일동 519-1 태흥그린피아 8층 904호,"303,000,000","212,100,000",낙찰,"242,000,000",79.9%,2022-04-19,2022_2Q,3
제주 1계 2021-1904,도로,기타토지,기타토지,제주,서귀포시,제주 서귀포시 서귀동 221-3,"112,620,000","55,184,000",낙찰,"67,850,000",60.2%,2022-05-24,2022_2Q,3
제주 2계 2021-1911,단독주택,단독,단독주택,제주,제주시,제주 제주시 일도이동 379-6,"341,437,300","239,006,000",낙찰,"291,330,000",85.3%,2022-05-31,2022_2Q,3
제주 4계 2021-1935,임야,임야,임야,제주,서귀포시,제주 서귀포시 표선면 성읍리 2213,"2,241,142,000","1,568,799,000",낙찰,"1,570,000,000",70.1%,2022-04-05,2022_2Q,3
제주 3계 2021-2044(1),과수원,과수원,과수원,제주,제주시,제주 제주시 회천동 3204,"511,321,960","250,548,000",낙찰,"278,500,000",54.5%,2022-03-29,2022_1Q,3
제주 3계 2021-2044(2),과수원,과수원,과수원,제주,제주시,제주 제주시 회천동 3218,"71,850,000","71,850,000",낙찰,"71,850,000",100.0%,2022-06-07,2022_2Q,3
제주 6계 2021-2075,전,전,전,제주,제주시,제주 제주시 용강동 338-6,"43,262,000","30,283,000",낙찰,"33,333,393",77.1%,2022-02-22,2022_1Q,3
제주 1계 2021-2082,전,전,전,제주,제주시,제주 제주시 도두일동 2540-1,"5,532,800,000","3,872,960,000",낙찰,"5,315,000,000",96.1%,2022-04-19,2022_2Q,3
제주 2계 2021-2099,다세대,다세대주택,다세대,제주,제주시,제주 제주시 화북일동 1953-7 원화주택 1층 101호,"11,300,000","7,910,000",낙찰,"7,910,000",70.0%,2022-05-31,2022_2Q,3
제주 5계 2021-2129,과수원,과수원,과수원,제주,제주시,제주 제주시 애월읍 광령리 1891,"1,853,596,000","1,297,517,000",낙찰,"1,500,009,000",80.9%,2022-06-21,2022_2Q,3
제주 3계 2021-2167,단독주택,단독,단독주택,제주,서귀포시,제주 서귀포시 보목동 1499-2,"512,382,960","175,748,000",낙찰,"180,100,000",35.1%,2022-03-29,2022_1Q,3
제주 3계 2021-2228,숙박시설,숙박시설,숙박시설,제주,제주시,제주 제주시 노형동 930-5 호텔위드제주 18층 1814호,"168,000,000","82,320,000",낙찰,"85,848,000",51.1%,2022-02-15,2022_1Q,3
제주 3계 2021-2280,과수원,과수원,과수원,제주,제주시,제주 제주시 아라이동 1552,"3,208,957,000","2,246,270,000",낙찰,"2,855,000,000",89.0%,2022-05-03,2022_2Q,3
제주 5계 2021-2303,숙박시설,숙박시설,숙박시설,제주,서귀포시,제주 서귀포시 중문동 2330-9 오션클라우드 4층 447호,"137,000,000","67,130,000",낙찰,"75,700,000",55.3%,2022-06-21,2022_2Q,3
제주 6계 2021-2327,연립,연립주택,연립·빌라,제주,제주시,제주 제주시 영평동 2768 영평지큐휴먼빌 103동 1층 103호,"379,000,000","265,300,000",낙찰,"344,899,000",91.0%,2022-01-11,2022_1Q,3
제주 1계 2021-2334,단독주택,단독,단독주택,제주,제주시,제주 제주시 구좌읍 평대리 593-4,"115,316,000","115,316,000",낙찰,"182,669,500",158.4%,2022-04-19,2022_2Q,3
제주 5계 2021-2372,아파트,아파트,아파트,제주,제주시,제주 제주시 노형동 3327-1 노형이레빌2차 마동 4층 402호,"159,000,000","111,300,000",낙찰,"143,600,000",90.3%,2022-05-17,2022_2Q,3
제주 6계 2021-2433,아파트,아파트,아파트,제주,서귀포시,제주 서귀포시 성산읍 고성리 1618-1 진우파크빌 101동 5층 507호,"130,000,000","91,000,000",낙찰,"91,400,000",70.3%,2022-01-11,2022_1Q,3
제주 3계 2021-2471(1),오피스텔(주거),오피스텔,오피스텔(업무용),제주,제주시,제주 제주시 삼도이동 1137 한집시티빌 2층 201호,"334,000,000","163,660,000",낙찰,"235,500,000",70.5%,2022-02-15,2022_1Q,3
제주 3계 2021-2471(2),오피스텔(주거),오피스텔,오피스텔(업무용),제주,제주시,제주 제주시 삼도이동 1137 한집시티빌 3층 303호,"341,000,000","167,090,000",낙찰,"240,500,000",70.5%,2022-02-15,2022_1Q,3
제주 4계 2021-2549,전,전,전,제주,서귀포시,제주 서귀포시 대정읍 상모리 2610-5,"27,027,000","27,027,000",낙찰,"29,500,000",109.2%,2022-02-22,2022_1Q,3
제주 5계 2021-2563,단독주택,단독,단독주택,제주,제주시,제주 제주시 애월읍 하가리 120-19 베네치아휴안 117동,"343,320,120","240,324,000",낙찰,"322,000,000",93.8%,2022-06-21,2022_2Q,3
제주 5계 2021-2600,대지,나대지,나대지,제주,서귀포시,제주 서귀포시 안덕면 동광리 957,"343,343,000","343,343,000",낙찰,"343,345,000",100.0%,2022-04-12,2022_2Q,3
제주 3계 2021-2648,목장용지,기타토지,목장용지,제주,제주시,제주 제주시 애월읍 상가리 33-4,"44,880,000","21,991,000",낙찰,"23,999,900",53.5%,2022-06-07,2022_2Q,3
제주 4계 2021-2655,단독주택,단독,단독주택,제주,제주시,제주 제주시 애월읍 납읍리 2661-1 1동,"498,505,080","348,954,000",낙찰,"480,000,000",96.3%,2022-04-05,2022_2Q,3
제주 6계 2021-2679,임야,임야,임야,제주,서귀포시,제주 서귀포시 안덕면 동광리 175,"239,785,000","117,495,000",낙찰,"183,500,000",76.5%,2022-04-05,2022_2Q,3
제주 3계 2021-2709,단독주택,단독,단독주택,제주,서귀포시,제주 서귀포시 안덕면 사계리 747-9,"1,406,588,900","984,612,000",낙찰,"1,213,690,000",86.3%,2022-05-03,2022_2Q,3
제주 3계 2021-2822,대지,나대지,나대지,제주,제주시,제주 제주시 삼도이동 600-12,"214,472,000","105,091,000",낙찰,"111,888,000",52.2%,2022-06-07,2022_2Q,3
제주 5계 2021-2860,단독주택,단독,단독주택,제주,제주시,제주 제주시 도남동 921-31,"144,155,340","100,909,000",낙찰,"100,910,000",70.0%,2022-05-17,2022_2Q,3
제주 4계 2021-2907,전,전,전,제주,서귀포시,제주 서귀포시 안덕면 서광리 453-6,"212,370,000","104,061,000",낙찰,"142,500,000",67.1%,2022-01-11,2022_1Q,3
제주 5계 2021-2914,다세대,다세대주택,다세대,제주,서귀포시,제주 서귀포시 신효동 764-1 우성파크빌 1층 102호,"158,000,000","110,600,000",낙찰,"137,510,000",87.0%,2022-06-21,2022_2Q,3
제주 6계 2021-2921,단독주택,단독,단독주택,제주,서귀포시,제주 서귀포시 남원읍 태흥리 33-1,"41,082,000","28,757,000",낙찰,"29,200,000",71.1%,2022-02-22,2022_1Q,3
제주 3계 2021-2952,숙박시설,숙박시설,숙박시설,제주,제주시,"제주 제주시 조천읍 함덕리 2915 ,2916,3069,4139-24 제주라마다서우봉비치 8층 821호","111,000,000","38,073,000",낙찰,"50,010,000",45.1%,2022-06-07,2022_2Q,3
제주 3계 2021-3009,숙박시설,숙박시설,숙박시설,제주,서귀포시,제주 서귀포시 성산읍 고성리 329-1 제주성산골든튤립호텔 5층 627호,"166,000,000","56,938,000",낙찰,"57,220,000",34.5%,2022-05-03,2022_2Q,3
제주 6계 2021-3030,다세대,다세대주택,다세대,제주,제주시,제주 제주시 애월읍 상귀리 529 앙뜨레타운1차 102동 1층 101호,"239,000,000","167,300,000",낙찰,"170,100,000",71.2%,2022-02-22,2022_1Q,3
제주 1계 2021-3054(1),전,전,전,제주,제주시,제주 제주시 애월읍 상귀리 1379,"689,472,000","689,472,000",낙찰,"794,450,100",115.2%,2022-04-19,2022_2Q,3
제주 1계 2021-3054(2),전,전,전,제주,제주시,제주 제주시 애월읍 상귀리 1378-1,"119,700,000","119,700,000",낙찰,"153,555,000",128.3%,2022-05-24,2022_2Q,3
제주 1계 2021-3054(3),전,전,전,제주,제주시,제주 제주시 애월읍 상귀리 1376-1,"128,250,000","128,250,000",낙찰,"181,110,000",141.2%,2022-05-24,2022_2Q,3
제주 6계 2021-3092,임야,임야,임야,제주,제주시,제주 제주시 애월읍 소길리 산96-5,"956,967,000","468,914,000",낙찰,"551,000,000",57.6%,2022-04-05,2022_2Q,3
제주 4계 2021-3139(1),오피스텔(주거),오피스텔,오피스텔(업무용),제주,제주시,제주 제주시 한림읍 한림리 551-4 바당 4층 401호,"256,000,000","125,440,000",낙찰,"172,389,900",67.3%,2022-02-22,2022_1Q,3
제주 4계 2021-3139(2),오피스텔(주거),오피스텔,오피스텔(업무용),제주,제주시,제주 제주시 한림읍 한림리 551-4 바당 6층 601호,"256,000,000","125,440,000",낙찰,"167,890,000",65.6%,2022-02-22,2022_1Q,3
제주 6계 2021-3214(1),대지,나대지,나대지,제주,제주시,제주 제주시 구좌읍 하도리 1386-1,"40,032,000","28,022,000",낙찰,"38,000,000",94.9%,2022-02-22,2022_1Q,3
제주 6계 2021-3214(2),대지,나대지,나대지,제주,제주시,제주 제주시 구좌읍 하도리 1387,"157,290,000","110,103,000",낙찰,"136,850,000",87.0%,2022-02-22,2022_1Q,3
제주 6계 2021-3214(3),전,전,전,제주,제주시,제주 제주시 구좌읍 하도리 1388-1,"60,204,000","60,204,000",낙찰,"80,010,000",132.9%,2022-01-11,2022_1Q,3
제주 3계 2021-3344,단독주택,단독,단독주택,제주,서귀포시,제주 서귀포시 대정읍 일과리 1876,"254,324,700","254,324,700",낙찰,"259,120,000",101.9%,2022-05-03,2022_2Q,3
제주 4계 2021-3375,아파트,아파트,아파트,제주,서귀포시,"제주 서귀포시 동홍동 201 ,-2,-6,-13,199-1 삼아 109동 2층 203호","231,000,000","161,700,000",낙찰,"228,500,000",98.9%,2022-01-11,2022_1Q,3
제주 6계 2021-3399,단독주택,단독,단독주택,제주,제주시,제주 제주시 용담이동 2687-3,"167,995,070","167,995,070",낙찰,"170,400,000",101.4%,2022-04-05,2022_2Q,3
제주 4계 2021-3498,연립,연립주택,연립·빌라,제주,제주시,제주 제주시 애월읍 광령리 129-2 바네스빌 2층 201호,"184,000,000","128,800,000",낙찰,"131,988,900",71.7%,2022-01-11,2022_1Q,3
제주 5계 2021-3504,과수원,과수원,과수원,제주,서귀포시,제주 서귀포시 남원읍 남원리 331,"334,390,000","334,390,000",낙찰,"387,320,000",115.8%,2022-06-21,2022_2Q,3
제주 1계 2021-3528,차량,기타토지,기타토지,제주,제주시,제주 제주시 용담삼동 1274-1 제3자현대물품보관소(주)내 보관,"12,000,000","4,116,000",낙찰,"5,510,000",45.9%,2022-03-15,2022_1Q,3
제주 2계 2021-3535,차량,기타토지,기타토지,제주,제주시,제주 제주시 외도일동 2155-3 제3자(주)세경내 보관,"14,000,000","6,860,000",낙찰,"7,150,000",51.1%,2022-03-22,2022_1Q,3
제주 4계 2021-3559(2),임야,임야,임야,제주,서귀포시,제주 서귀포시 성산읍 삼달리 86-13,"176,588,000","176,588,000",낙찰,"211,777,777",119.9%,2022-05-10,2022_2Q,3
제주 5계 2021-3597,임야,임야,임야,제주,서귀포시,제주 서귀포시 성산읍 온평리 2542,"1,322,190,000","1,322,190,000",낙찰,"1,330,000,000",100.6%,2022-06-21,2022_2Q,3
제주 4계 2021-3610,전,전,전,제주,서귀포시,제주 서귀포시 강정동 2868-6,"164,700,000","115,290,000",낙찰,"129,100,000",78.4%,2022-02-22,2022_1Q,3
제주 5계 2021-3627,단독주택,단독,단독주택,제주,서귀포시,제주 서귀포시 표선면 가시리 2513-11,"254,561,600","254,561,600",낙찰,"261,600,000",102.8%,2022-06-21,2022_2Q,3
제주 6계 2021-3634(1),단독주택,단독,단독주택,제주,서귀포시,제주 서귀포시 표선면 성읍리 767-4,"85,934,400","42,108,000",낙찰,"68,890,720",80.2%,2022-05-10,2022_2Q,3
제주 6계 2021-3634(2),전,전,전,제주,서귀포시,제주 서귀포시 표선면 성읍리 936,"15,422,400","7,557,000",낙찰,"7,700,000",49.9%,2022-05-10,2022_2Q,3
제주 2계 2021-3658,단독주택,단독,단독주택,제주,제주시,제주 제주시 구좌읍 종달리 1927,"9,306,300","9,306,300",낙찰,"21,100,000",226.7%,2022-05-31,2022_2Q,3
제주 3계 2021-3665,단독주택,단독,단독주택,제주,제주시,제주 제주시 영평동 1887 1호,"443,489,560","217,310,000",낙찰,"306,007,800",69.0%,2022-05-03,2022_2Q,3
제주 1계 2021-3757,아파트,아파트,아파트,제주,제주시,제주 제주시 노형동 754-4 부영 204동 1층 104호,"259,000,000","259,000,000",낙찰,"339,000,009",130.9%,2022-04-19,2022_2Q,3
제주 3계 2021-3795,기타부동산,기타토지,기타토지,제주,서귀포시,제주 서귀포시 대정읍 보성리 1493-1,"835,909,800","585,137,000",낙찰,"631,000,000",75.5%,2022-03-29,2022_1Q,3
제주 1계 2021-3825,숙박시설,숙박시설,숙박시설,제주,서귀포시,"제주 서귀포시 서귀동 587-3 ,-40","3,546,223,900","1,737,650,000",낙찰,"1,845,500,000",52.0%,2022-06-28,2022_2Q,3
제주 1계 2021-3887,과수원,과수원,과수원,제주,제주시,제주 제주시 조천읍 와흘리 1754,"808,024,000","565,617,000",낙찰,"587,700,000",72.7%,2022-05-24,2022_2Q,3
제주 3계 2021-3900,연립,연립주택,연립·빌라,제주,서귀포시,제주 서귀포시 대정읍 하모리 444-3 대림빌라 A동 4층 501호,"90,000,000","63,000,000",낙찰,"78,440,000",87.2%,2022-03-29,2022_1Q,3
제주 4계 2021-3979,전,전,전,제주,서귀포시,제주 서귀포시 남원읍 남원리 2401-7,"268,666,330","188,066,000",낙찰,"188,100,000",70.0%,2022-02-22,2022_1Q,3
제주 6계 2021-3993,전,전,전,제주,서귀포시,제주 서귀포시 안덕면 화순리 689-1,"284,195,000","198,937,000",낙찰,"231,000,000",81.3%,2022-02-22,2022_1Q,3
제주 6계 2021-4040(1),연립,연립주택,연립·빌라,제주,제주시,제주 제주시 오라이동 638 고든빌 2층 201호,"355,000,000","248,500,000",낙찰,"250,000,000",70.4%,2022-05-10,2022_2Q,3
제주 6계 2021-4040(2),연립,연립주택,연립·빌라,제주,제주시,제주 제주시 오라이동 638 고든빌 3층 301호,"355,000,000","248,500,000",낙찰,"268,800,000",75.7%,2022-05-10,2022_2Q,3
제주 6계 2021-4040(3),연립,연립주택,연립·빌라,제주,제주시,제주 제주시 오라이동 638 고든빌 3층 302호,"359,000,000","251,300,000",낙찰,"281,110,000",78.3%,2022-05-10,2022_2Q,3
제주 6계 2021-4040(4),연립,연립주택,연립·빌라,제주,제주시,제주 제주시 오라이동 638 고든빌 3층 303호,"365,000,000","178,850,000",낙찰,"303,001,000",83.0%,2022-06-14,2022_2Q,3
제주 6계 2021-4040(5),연립,연립주택,연립·빌라,제주,제주시,제주 제주시 오라이동 638 고든빌 4층 401호,"402,000,000","281,400,000",낙찰,"311,778,000",77.6%,2022-05-10,2022_2Q,3
제주 6계 2021-4040(6),연립,연립주택,연립·빌라,제주,제주시,제주 제주시 오라이동 638 고든빌 4층 402호,"406,000,000","284,200,000",낙찰,"328,800,000",81.0%,2022-05-10,2022_2Q,3
제주 6계 2021-4040(7),연립,연립주택,연립·빌라,제주,제주시,제주 제주시 오라이동 638 고든빌 4층 403호,"412,000,000","288,400,000",낙찰,"365,000,000",88.6%,2022-05-10,2022_2Q,3
제주 1계 2021-4064,임야,임야,임야,제주,제주시,제주 제주시 애월읍 장전리 713,"191,388,000","191,388,000",낙찰,"200,001,000",104.5%,2022-05-24,2022_2Q,3
제주 3계 2021-4088,숙박시설,숙박시설,숙박시설,제주,제주시,제주 제주시 조천읍 함덕리 1269-19 골든튤립제주함덕호텔 5층 516호,"72,000,000","50,400,000",낙찰,"58,110,000",80.7%,2022-03-29,2022_1Q,3
제주 6계 2021-4118,전,전,전,제주,서귀포시,제주 서귀포시 안덕면 서광리 783-1,"25,326,000","25,326,000",낙찰,"29,527,000",116.6%,2022-02-22,2022_1Q,3
제주 3계 2021-4163,창고,기타건물,창고,제주,제주시,제주 제주시 한림읍 귀덕리 119-1,"17,210,400","17,210,400",낙찰,"18,590,000",108.0%,2022-02-15,2022_1Q,3
제주 5계 2021-4170,차량,기타토지,기타토지,제주,제주시,제주 제주시 외도일동 2155-3 내((주)세경) 보관,"11,000,000","11,000,000",낙찰,"12,590,000",114.5%,2022-01-18,2022_1Q,3
제주 6계 2021-4347,단독주택,단독,단독주택,제주,제주시,제주 제주시 조천읍 신촌리 2604-2 신촌평화마을 109동,"666,565,750","466,596,000",낙찰,"540,010,000",81.0%,2022-05-10,2022_2Q,3
제주 1계 2021-4361,단독주택,단독,단독주택,제주,제주시,제주 제주시 애월읍 고성리 964-20 212동,"349,928,640","244,950,000",낙찰,"350,071,056",100.0%,2022-06-28,2022_2Q,3
제주 3계 2021-4385(1),창고,기타건물,창고,제주,서귀포시,제주 서귀포시 표선면 하천리 632-1,"541,094,000","378,766,000",낙찰,"511,100,000",94.5%,2022-05-03,2022_2Q,3
제주 3계 2021-4385(2),단독주택,단독,단독주택,제주,서귀포시,제주 서귀포시 표선면 하천리 732,"663,700,520","464,590,000",낙찰,"513,900,000",77.4%,2022-05-03,2022_2Q,3
제주 3계 2021-4385(3),전,전,전,제주,서귀포시,제주 서귀포시 표선면 하천리 1249-1,"488,689,000","342,082,000",낙찰,"388,461,000",79.5%,2022-05-03,2022_2Q,3
제주 3계 2021-4385(4),과수원,과수원,과수원,제주,서귀포시,제주 서귀포시 성산읍 신천리 796-1,"921,966,300","645,376,000",낙찰,"765,239,000",83.0%,2022-05-03,2022_2Q,3
제주 6계 2021-4484(1),과수원,과수원,과수원,제주,서귀포시,제주 서귀포시 남원읍 하례리 1764-1,"33,792,000","33,792,000",낙찰,"34,100,000",100.9%,2022-05-10,2022_2Q,3
제주 6계 2021-4484(2),도로,기타토지,기타토지,제주,서귀포시,제주 서귀포시 남원읍 하례리 1772-2,"4,760,000","4,760,000",낙찰,"5,590,000",117.4%,2022-05-10,2022_2Q,3
제주 4계 2021-4514,임야,임야,임야,제주,제주시,제주 제주시 구좌읍 김녕리 5129,"132,711,000","65,029,000",낙찰,"83,800,000",63.1%,2022-04-05,2022_2Q,3
제주 2계 2021-4552,차량,기타토지,기타토지,제주,제주시,제주 제주시 용담삼동 1274-1 현대물품보관소(주)내 보관,"12,500,000","8,750,000",낙찰,"12,600,000",100.8%,2022-03-22,2022_1Q,3
제주 3계 2021-4569,연립,연립주택,연립·빌라,제주,제주시,"제주 제주시 도평동 318 ,943 JDS빌리지 101동 1층 101호","278,000,000","278,000,000",낙찰,"306,000,000",110.1%,2022-03-29,2022_1Q,3
제주 6계 2021-4651,전,전,전,제주,제주시,제주 제주시 구좌읍 김녕리 3540,"81,700,000","57,190,000",낙찰,"59,010,000",72.2%,2022-04-05,2022_2Q,3
제주 1계 2021-4668,차량,기타토지,기타토지,제주,제주시,제주 제주시 용담삼동 1274-1 내(제3자 현대물품보관소) 보관,"13,500,000","13,500,000",낙찰,"13,538,000",100.3%,2022-04-19,2022_2Q,3
제주 3계 2021-4682(1),다세대,다세대주택,다세대,제주,제주시,제주 제주시 화북일동 1946-12 1층 101호,"159,000,000","77,910,000",낙찰,"99,998,000",62.9%,2022-06-07,2022_2Q,3
제주 3계 2021-4682(2),다세대,다세대주택,다세대,제주,제주시,제주 제주시 화북일동 1946-12 2층 202호,"65,000,000","45,500,000",낙찰,"45,550,000",70.1%,2022-05-03,2022_2Q,3
제주 4계 2021-4699,다세대,다세대주택,다세대,제주,제주시,제주 제주시 아라일동 2292-18 외솔 4층 402호,"351,000,000","245,700,000",낙찰,"315,911,500",90.0%,2022-02-22,2022_1Q,3
제주 1계 2021-4729,다세대,다세대주택,다세대,제주,제주시,제주 제주시 해안동 1767-7 오렌지트리빌리지3차 1층 101호,"309,000,000","216,300,000",낙찰,"224,400,000",72.6%,2022-06-28,2022_2Q,3
제주 6계 2021-4842,임야,임야,임야,제주,제주시,제주 제주시 한림읍 상명리 1220,"303,773,000","148,849,000",낙찰,"176,850,000",58.2%,2022-05-10,2022_2Q,3
제주 1계 2021-4910(1),전,전,전,제주,서귀포시,제주 서귀포시 대정읍 보성리 883,"918,983,300","643,288,000",낙찰,"661,010,000",71.9%,2022-06-28,2022_2Q,3
제주 1계 2021-4972,아파트,아파트,아파트,제주,서귀포시,제주 서귀포시 동홍동 91-3 영신무지개2차 가동 5층 602호,"110,000,000","110,000,000",낙찰,"115,990,000",105.4%,2022-05-24,2022_2Q,3
제주 6계 2021-5012,다세대,다세대주택,다세대,제주,제주시,제주 제주시 조천읍 신촌리 2454-13 신촌수목빌라 지하1층 B01호,"32,000,000","22,400,000",낙찰,"26,100,000",81.6%,2022-05-10,2022_2Q,3
제주 3계 2021-5067,임야,임야,임야,제주,서귀포시,제주 서귀포시 토평동 산18-20,"2,205,000","2,205,000",낙찰,"2,400,000",108.8%,2022-03-29,2022_1Q,3
제주 1계 2021-5098,선박,기타토지,기타토지,제주,제주시,제주 제주시 한림읍 한림항 제3자 (주)세경내 정박,"585,382,400","409,768,000",낙찰,"415,500,000",71.0%,2022-04-19,2022_2Q,3
제주 3계 2021-5159,임야,임야,임야,제주,서귀포시,제주 서귀포시 표선면 가시리 1465,"257,868,000","126,356,000",낙찰,"135,000,000",52.4%,2022-06-07,2022_2Q,3
제주 4계 2021-5203,공장,공장(지식산업센터 업무시설),공장,제주,서귀포시,"제주 서귀포시 대정읍 영락리 2161 ,-1","1,926,299,880","1,926,299,880",낙찰,"1,930,019,900",100.2%,2022-05-10,2022_2Q,3
제주 6계 2021-5319,다세대,다세대주택,다세대,제주,제주시,제주 제주시 이도이동 1015-10 경원5차 2층 201호,"170,000,000","119,000,000",낙찰,"138,889,000",81.7%,2022-05-10,2022_2Q,3
제주 3계 2021-5340,연립,연립주택,연립·빌라,제주,제주시,제주 제주시 조천읍 함덕리 2705-3 함덕에코타운 1동 2층 202호,"219,000,000","153,300,000",낙찰,"210,000,000",95.9%,2022-05-03,2022_2Q,3
제주 4계 2021-5425,차량,기타토지,기타토지,제주,제주시,제주 제주시 외도일동 2155-3 (주)세경(064-712-4944)내 보관,"14,000,000","14,000,000",낙찰,"14,319,900",102.3%,2022-02-22,2022_1Q,3
제주 4계 2021-5593,주상복합(주거),기타토지,기타토지,제주,제주시,제주 제주시 삼도일동 553-2 에코빌리지3 13층 1501호,"242,000,000","169,400,000",낙찰,"233,380,000",96.4%,2022-04-05,2022_2Q,3
제주 6계 2021-5678(1),임야,임야,임야,제주,서귀포시,제주 서귀포시 대정읍 구억리 595-9,"20,090,000","20,090,000",낙찰,"21,990,000",109.5%,2022-04-05,2022_2Q,3
제주 3계 2021-5715,임야,임야,임야,제주,제주시,제주 제주시 한경면 두모리 1515,"240,396,000","168,277,000",낙찰,"235,000,000",97.8%,2022-05-03,2022_2Q,3
제주 4계 2021-5722,연립,연립주택,연립·빌라,제주,제주시,제주 제주시 도련일동 134 삼화리오팰리스 101동 4층 401호,"402,000,000","281,400,000",낙찰,"315,000,000",78.4%,2022-06-14,2022_2Q,3
제주 4계 2021-5746,연립,연립주택,연립·빌라,제주,제주시,제주 제주시 도련일동 134 삼화리오팰리스 102동 1층 103호,"321,000,000","224,700,000",낙찰,"272,330,000",84.8%,2022-06-14,2022_2Q,3
제주 3계 2021-5777,연립,연립주택,연립·빌라,제주,제주시,제주 제주시 애월읍 신엄리 2737-4 애월르시엘 101동 3층 301호,"389,000,000","272,300,000",낙찰,"363,990,000",93.6%,2022-05-03,2022_2Q,3
제주 4계 2021-5845(1),전,전,전,제주,제주시,제주 제주시 한림읍 한림리 447,"104,178,000","72,925,000",낙찰,"106,000,000",101.7%,2022-04-05,2022_2Q,3
제주 4계 2021-5845(2),전,전,전,제주,제주시,제주 제주시 한림읍 한림리 436-2,"182,750,000","127,925,000",낙찰,"146,269,999",80.0%,2022-04-05,2022_2Q,3
제주 6계 2021-5869,아파트,아파트,아파트,제주,서귀포시,제주 서귀포시 남원읍 위미리 3207-1 청호썬비치빌 2층 204호,"219,000,000","153,300,000",낙찰,"153,300,000",70.0%,2022-05-10,2022_2Q,3
제주 4계 2021-6077(1),임야,임야,임야,제주,제주시,제주 제주시 구좌읍 상도리 산49,"126,544,000","43,405,000",낙찰,"53,627,000",42.4%,2022-06-14,2022_2Q,3
제주 4계 2021-6077(2),임야,임야,임야,제주,제주시,제주 제주시 구좌읍 상도리 산50,"187,572,000","64,337,000",낙찰,"79,990,000",42.6%,2022-06-14,2022_2Q,3
제주 6계 2021-6152,임야,임야,임야,제주,제주시,제주 제주시 구좌읍 한동리 3683,"421,230,000","206,403,000",낙찰,"260,100,000",61.7%,2022-06-14,2022_2Q,3
제주 4계 2021-6251,단독주택,단독,단독주택,제주,제주시,제주 제주시 조천읍 와산리 1559-18 118동,"407,435,960","199,644,000",낙찰,"265,555,550",65.2%,2022-06-14,2022_2Q,3
제주 6계 2021-6398,연립,연립주택,연립·빌라,제주,서귀포시,제주 서귀포시 법환동 1196-12 루체클래식 104동 1층 104호,"257,000,000","179,900,000",낙찰,"212,500,000",82.7%,2022-05-10,2022_2Q,3
제주 4계 2021-6442,도로,기타토지,기타토지,제주,제주시,제주 제주시 삼도이동 1066-3,"7,733,000","7,733,000",낙찰,"19,700,000",254.8%,2022-06-14,2022_2Q,3
제주 6계 2021-6466,연립,연립주택,연립·빌라,제주,제주시,제주 제주시 회천동 2585 펠리시티 105동 3층 303호,"202,000,000","141,400,000",낙찰,"175,500,000",86.9%,2022-05-10,2022_2Q,3
제주 3계 2021-6480,다세대,다세대주택,다세대,제주,서귀포시,제주 서귀포시 성산읍 고성리 1090-12 태성뉴빌라 A동 1층 102호,"60,000,000","42,000,000",낙찰,"56,000,000",93.3%,2022-05-03,2022_2Q,3
제주 4계 2021-6497,도로,기타토지,기타토지,제주,제주시,제주 제주시 오라이동 3052-2,"36,272,400","17,774,000",낙찰,"21,590,000",59.5%,2022-06-14,2022_2Q,3
제주 4계 2021-6510,연립,연립주택,연립·빌라,제주,제주시,제주 제주시 도련일동 134 삼화리오팰리스 105동 1층 105호,"321,000,000","224,700,000",낙찰,"303,737,000",94.6%,2022-06-14,2022_2Q,3
제주 3계 2021-6565,주상복합(주거),기타토지,기타토지,제주,제주시,제주 제주시 건입동 673-5 도원아미스원 7층 802호,"208,000,000","208,000,000",낙찰,"211,880,000",101.9%,2022-05-03,2022_2Q,3
제주 1계 2021-6596,중기,기타토지,기타토지,제주,제주시,제주 제주시 용담삼동 1274-1 제3자현대물품보관소(주)내 보관 차량번호,"45,000,000","31,500,000",낙찰,"44,470,000",98.8%,2022-04-19,2022_2Q,3
제주 3계 2021-6619,근린상가,근린상가,근린상가,제주,제주시,제주 제주시 이도이동 315-17 현성빌라 1층 101호,"83,800,000","58,660,000",낙찰,"62,799,900",74.9%,2022-06-07,2022_2Q,3
제주 6계 2021-6695(1),단독주택,단독,단독주택,제주,제주시,제주 제주시 한림읍 귀덕리 3954-2,"635,769,640","445,039,000",낙찰,"453,176,000",71.3%,2022-06-14,2022_2Q,3
제주 6계 2021-6695(2),대지,나대지,나대지,제주,제주시,제주 제주시 한림읍 귀덕리 4159,"308,805,000","216,164,000",낙찰,"238,510,000",77.2%,2022-06-14,2022_2Q,3
제주 4계 2021-6763,다세대,다세대주택,다세대,제주,제주시,제주 제주시 도련일동 134 삼화리오팰리스 104동 2층 202호,"263,000,000","184,100,000",낙찰,"240,000,000",91.3%,2022-06-14,2022_2Q,3
제주 4계 2021-6916,단독주택,단독,단독주택,제주,제주시,제주 제주시 조천읍 신촌리 838-4,"90,814,500","63,570,000",낙찰,"68,910,000",75.9%,2022-06-14,2022_2Q,3
제주 3계 2021-7025,다세대,다세대주택,다세대,제주,제주시,제주 제주시 건입동 685-7 2층 202호,"78,000,000","78,000,000",낙찰,"78,210,000",100.3%,2022-05-03,2022_2Q,3
제주 4계 2021-7094,차량,기타토지,기타토지,제주,제주시,제주 제주시 외도일동 2155-3 (주)세경(064-712-4944)내 보관,"13,000,000","13,000,000",낙찰,"13,020,900",100.2%,2022-02-22,2022_1Q,3
제주 6계 2021-7117,임야,임야,임야,제주,제주시,제주 제주시 구좌읍 종달리 3569,"403,989,000","282,792,000",낙찰,"312,510,000",77.4%,2022-06-14,2022_2Q,3
제주 1계 2021-7124,연립,연립주택,연립·빌라,제주,제주시,"제주 제주시 아라일동 2286-2 ,-3 아라휴안3차 303동 4층 503호","366,000,000","366,000,000",낙찰,"390,000,000",106.6%,2022-06-28,2022_2Q,3
제주 6계 2021-7179,다세대,다세대주택,다세대,제주,서귀포시,제주 서귀포시 성산읍 신산리 1983 위듀파크 C동 1층 102호,"257,000,000","179,900,000",낙찰,"184,988,900",72.0%,2022-06-14,2022_2Q,3
제주 6계 2021-7230(3),과수원,과수원,과수원,제주,서귀포시,제주 서귀포시 남원읍 하례리 658,"558,285,000","390,800,000",낙찰,"442,200,000",79.2%,2022-06-14,2022_2Q,3
제주 4계 2021-7469(1),전,전,전,제주,제주시,제주 제주시 한경면 판포리 2175-3,"975,522,000","682,865,000",낙찰,"698,920,000",71.6%,2022-06-14,2022_2Q,3
제주 4계 2021-7704,단독주택,단독,단독주택,제주,서귀포시,"제주 서귀포시 토평동 1687-15 ,1688-5","547,463,980","547,463,980",낙찰,"560,300,000",102.3%,2022-06-14,2022_2Q,3
제주 3계 2021-7759,대지,나대지,나대지,제주,서귀포시,제주 서귀포시 성산읍 시흥리 675,"384,800,000","384,800,000",낙찰,"451,000,000",117.2%,2022-06-07,2022_2Q,3
제주 4계 2021-7827(2),단독주택,단독,단독주택,제주,제주시,제주 제주시 아라이동 1325-1,"600,394,000","600,394,000",낙찰,"621,039,400",103.4%,2022-05-10,2022_2Q,3
제주 4계 2021-7827(3),단독주택,단독,단독주택,제주,제주시,제주 제주시 아라이동 1325-4,"677,906,600","474,535,000",낙찰,"672,650,000",99.2%,2022-06-14,2022_2Q,3
제주 6계 2021-8080,차량,기타토지,기타토지,제주,제주시,제주 제주시 용담삼동 1274-1 현대물품보관소내 보관,"5,800,000","4,060,000",낙찰,"5,610,000",96.7%,2022-04-05,2022_2Q,3
제주 6계 2021-8295,선박,기타토지,기타토지,제주,서귀포시,제주 서귀포시 서귀동 서귀포항내 정박,"1,170,227,000","1,170,227,000",낙찰,"1,232,020,000",105.3%,2022-06-14,2022_2Q,3
제주 3계 2021-8370,주상복합(주거),기타토지,기타토지,제주,제주시,제주 제주시 연동 2325-6 타워프로빌 11층 1104호,"426,000,000","426,000,000",낙찰,"426,190,000",100.0%,2022-06-07,2022_2Q,3
제주 6계 2021-8868,오피스텔,오피스텔,오피스텔(업무용),제주,제주시,제주 제주시 연동 273-27 연동뜨레모아팰리스 1층 102호,"336,000,000","336,000,000",낙찰,"400,000,000",119.0%,2022-06-14,2022_2Q,3
제주 5계 2021-20035,목장용지,기타토지,목장용지,제주,서귀포시,제주 서귀포시 상효동 산33-1,"158,519,250","77,674,000",낙찰,"101,000,000",63.7%,2022-03-08,2022_1Q,3
제주 3계 2021-20073,숙박시설,숙박시설,숙박시설,제주,제주시,제주 제주시 이도이동 1025-8 라마다제주시티홀 7층 732호,"155,000,000","53,165,000",낙찰,"123,600,000",79.7%,2022-02-15,2022_1Q,3
제주 1계 2021-20356,근린상가,근린상가,근린상가,제주,제주시,제주 제주시 영평동 622,"3,048,094,740","2,133,666,000",낙찰,"2,200,500,000",72.2%,2022-01-25,2022_1Q,3
제주 4계 2021-20387(1),대지,나대지,나대지,제주,제주시,제주 제주시 조천읍 신흥리 522,"85,470,000","85,470,000",낙찰,"190,000,000",222.3%,2022-04-05,2022_2Q,3
제주 4계 2021-20387(2),연립,연립주택,연립·빌라,제주,제주시,제주 제주시 조천읍 북촌리 1209 도담빌리지 101동 2층 202호,"229,000,000","160,300,000",낙찰,"181,600,000",79.3%,2022-05-10,2022_2Q,3
제주 2계 2021-20547(1),단독주택,단독,단독주택,제주,서귀포시,제주 서귀포시 표선면 토산리 1436-1,"418,672,200","293,071,000",낙찰,"333,330,000",79.6%,2022-05-31,2022_2Q,3
제주 2계 2021-20547(2),단독주택,단독,단독주택,제주,서귀포시,제주 서귀포시 표선면 토산리 1436-5,"408,385,200","285,870,000",낙찰,"325,800,000",79.8%,2022-05-31,2022_2Q,3
제주 2계 2021-20547(3),단독주택,단독,단독주택,제주,서귀포시,제주 서귀포시 표선면 토산리 1436-6,"408,385,200","285,870,000",낙찰,"370,300,000",90.7%,2022-05-31,2022_2Q,3
제주 2계 2021-20547(4),단독주택,단독,단독주택,제주,서귀포시,제주 서귀포시 표선면 토산리 1436-9,"411,793,200","288,255,000",낙찰,"368,740,000",89.5%,2022-05-31,2022_2Q,3
제주 2계 2021-20547(5),단독주택,단독,단독주택,제주,서귀포시,제주 서귀포시 표선면 토산리 1436-8,"440,232,200","308,163,000",낙찰,"376,999,999",85.6%,2022-05-31,2022_2Q,3
제주 2계 2021-20547(6),단독주택,단독,단독주택,제주,서귀포시,제주 서귀포시 표선면 토산리 1436-7,"453,615,200","317,531,000",낙찰,"382,700,000",84.4%,2022-05-31,2022_2Q,3
제주 1계 2021-20592,차량,기타토지,기타토지,제주,제주시,제주 제주시 외도일동 2155-3 (제3자(주)세경)내 보관,"32,000,000","22,400,000",낙찰,"27,830,000",87.0%,2022-01-25,2022_1Q,3
제주 2계 2021-20721,단독주택,단독,단독주택,제주,서귀포시,제주 서귀포시 표선면 성읍리 2960,"750,965,760","750,965,760",낙찰,"750,965,760",100.0%,2022-04-26,2022_2Q,3
제주 5계 2021-20752,아파트,아파트,아파트,제주,제주시,제주 제주시 조천읍 조천리 1361-3 대진유토피아빌리지3차 5층 504호,"176,000,000","123,200,000",낙찰,"132,110,000",75.1%,2022-01-18,2022_1Q,3
제주 1계 2021-20776,임야,임야,임야,제주,제주시,제주 제주시 한림읍 상대리 819,"167,200,000","57,350,000",낙찰,"58,460,000",35.0%,2022-05-24,2022_2Q,3
제주 2계 2021-20905,연립,연립주택,연립·빌라,제주,제주시,"제주 제주시 한림읍 대림리 417-1 ,418-1,-3,425-2 반석블루빌 103동 2층 208호","100,000,000","70,000,000",낙찰,"99,600,000",99.6%,2022-05-31,2022_2Q,3
제주 1계 2021-21014,임야,임야,임야,제주,제주시,제주 제주시 조천읍 대흘리 478-1,"88,080,000","43,159,000",낙찰,"46,500,000",52.8%,2022-04-19,2022_2Q,3
제주 3계 2021-21045,전,전,전,제주,서귀포시,제주 서귀포시 대정읍 신도리 1931-13,"146,174,000","71,625,000",낙찰,"72,000,000",49.3%,2022-03-29,2022_1Q,3
제주 6계 2021-21069,임야,임야,임야,제주,서귀포시,제주 서귀포시 안덕면 동광리 산62,"148,096,000","50,797,000",낙찰,"53,273,000",36.0%,2022-06-14,2022_2Q,3
제주 1계 2021-21076,주상복합(주거),기타토지,기타토지,제주,제주시,제주 제주시 연동 271-21 삼무빌리지 3층 301호,"152,000,000","106,400,000",낙찰,"110,000,000",72.4%,2022-03-15,2022_1Q,3
제주 1계 2021-21199(1),아파트,아파트,아파트,제주,제주시,제주 제주시 도두일동 2619-2 도두네오하임주상복합2차 4층 403호,"317,000,000","221,900,000",낙찰,"301,999,000",95.3%,2022-03-15,2022_1Q,3
제주 1계 2021-21199(2),아파트,아파트,아파트,제주,제주시,제주 제주시 도두일동 2619-1 도두네오하임주상복합 A동 9층 903호,"329,000,000","329,000,000",낙찰,"332,565,000",101.1%,2022-01-25,2022_1Q,3
제주 5계 2021-21236(1),다세대,다세대주택,다세대,제주,제주시,제주 제주시 이호일동 1927-6 백록휴레스트이호2차 A동 4층 402호,"323,000,000","226,100,000",낙찰,"267,200,000",82.7%,2022-03-08,2022_1Q,3
제주 5계 2021-21236(2),다세대,다세대주택,다세대,제주,제주시,제주 제주시 이호일동 1927-6 백록휴레스트이호2차 B동 1층 102호,"275,000,000","192,500,000",낙찰,"197,000,000",71.6%,2022-03-08,2022_1Q,3
제주 5계 2021-21236(3),다세대,다세대주택,다세대,제주,제주시,제주 제주시 이호일동 1927-6 백록휴레스트이호2차 B동 1층 101호,"275,000,000","134,750,000",낙찰,"190,300,000",69.2%,2022-04-12,2022_2Q,3
제주 1계 2021-21250,단독주택,단독,단독주택,제주,제주시,제주 제주시 애월읍 하귀2리 1380-7,"193,182,200","193,182,200",낙찰,"253,333,330",131.1%,2022-01-25,2022_1Q,3
제주 1계 2021-21311,전,전,전,제주,제주시,제주 제주시 한림읍 귀덕리 3703,"772,856,000","378,699,000",낙찰,"460,116,000",59.5%,2022-06-28,2022_2Q,3
제주 3계 2021-21335,목장용지,기타토지,목장용지,제주,제주시,제주 제주시 애월읍 어음리 산61,"98,554,500","33,804,000",낙찰,"41,000,000",41.6%,2022-03-29,2022_1Q,3
제주 4계 2021-21342,단독주택,단독,단독주택,제주,제주시,제주 제주시 우도면 연평리 846 1호,"35,854,360","25,098,000",낙찰,"27,100,100",75.6%,2022-02-22,2022_1Q,3
제주 3계 2021-21397,전,전,전,제주,제주시,제주 제주시 구좌읍 평대리 2077,"525,420,000","257,456,000",낙찰,"333,330,000",63.4%,2022-02-15,2022_1Q,3
제주 1계 2021-21434,전,전,전,제주,제주시,제주 제주시 애월읍 구엄리 393-2,"788,424,000","551,897,000",낙찰,"578,009,900",73.3%,2022-03-15,2022_1Q,3
제주 1계 2021-21496,도로,기타토지,기타토지,제주,제주시,제주 제주시 조천읍 교래리 14-1,"55,760,000","39,032,000",낙찰,"44,610,000",80.0%,2022-03-15,2022_1Q,3
제주 5계 2021-21533,임야,임야,임야,제주,서귀포시,제주 서귀포시 안덕면 창천리 1122,"87,108,000","42,683,000",낙찰,"47,100,000",54.1%,2022-04-12,2022_2Q,3
제주 4계 2021-21625(1),전,전,전,제주,제주시,제주 제주시 한림읍 협재리 1265-2,"909,885,000","636,920,000",낙찰,"651,000,000",71.5%,2022-05-10,2022_2Q,3
제주 4계 2021-21625(2),전,전,전,제주,제주시,제주 제주시 한림읍 협재리 71-2,"3,226,676,000","1,581,071,000",낙찰,"1,700,777,000",52.7%,2022-06-14,2022_2Q,3
제주 4계 2021-21625(3),전,전,전,제주,제주시,제주 제주시 한림읍 옹포리 965-4,"296,758,000","296,758,000",낙찰,"337,770,000",113.8%,2022-04-05,2022_2Q,3
제주 4계 2021-22062,임야,임야,임야,제주,제주시,제주 제주시 한경면 조수리 3489,"34,705,800","11,904,000",낙찰,"15,510,000",44.7%,2022-01-11,2022_1Q,3
제주 5계 2021-22079,다세대,다세대주택,다세대,제주,제주시,제주 제주시 용담이동 930-17 가동 3층 301호,"82,000,000","57,400,000",낙찰,"71,490,000",87.2%,2022-05-17,2022_2Q,3
제주 4계 2021-22123,다세대,다세대주택,다세대,제주,제주시,제주 제주시 회천동 2896-3 엔알누리4차 101동 1층 102호,"241,000,000","118,090,000",낙찰,"186,000,000",77.2%,2022-01-11,2022_1Q,3
제주 6계 2021-22147,전,전,전,제주,제주시,제주 제주시 애월읍 애월리 272,"336,474,000","235,532,000",낙찰,"259,571,000",77.1%,2022-01-11,2022_1Q,3
제주 1계 2021-22154,단독주택,단독,단독주택,제주,제주시,제주 제주시 한경면 청수리 1784-4,"561,882,000","393,317,000",낙찰,"549,100,000",97.7%,2022-05-24,2022_2Q,3
제주 4계 2021-22185,임야,임야,임야,제주,서귀포시,제주 서귀포시 표선면 가시리 1560,"23,238,590","16,267,000",낙찰,"17,450,000",75.1%,2022-02-22,2022_1Q,3
제주 6계 2021-22260,중기,기타토지,기타토지,제주,제주시,제주 제주시 용담삼동 1274-1 제3자현대물품보관소내 보관,"60,000,000","42,000,000",낙찰,"50,400,000",84.0%,2022-06-14,2022_2Q,3
제주 2계 2021-22284,전,전,전,제주,서귀포시,제주 서귀포시 대정읍 하모리 1755-8,"125,488,000","125,488,000",낙찰,"130,000,000",103.6%,2022-05-31,2022_2Q,3
제주 3계 2021-22291(1),대지,나대지,나대지,제주,제주시,제주 제주시 한림읍 월령리 375-1,"450,492,000","450,492,000",낙찰,"915,000,000",203.1%,2022-05-03,2022_2Q,3
제주 3계 2021-22291(2),임야,임야,임야,제주,서귀포시,제주 서귀포시 대정읍 상모리 275-8,"708,760,000","708,760,000",낙찰,"850,000,100",119.9%,2022-05-03,2022_2Q,3
제주 1계 2021-22390,차량,기타토지,기타토지,제주,제주시,제주 제주시 용담삼동 1274-1 제3자현대물품보관소(주)내 보관,"15,000,000","10,500,000",낙찰,"11,599,999",77.3%,2022-03-15,2022_1Q,3
제주 4계 2021-22482,임야,임야,임야,제주,서귀포시,제주 서귀포시 성산읍 삼달리 1626,"202,791,000","141,954,000",낙찰,"161,100,000",79.4%,2022-01-11,2022_1Q,3
제주 3계 2021-22536(1),단독주택,단독,단독주택,제주,서귀포시,제주 서귀포시 안덕면 화순리 926,"806,793,860","564,756,000",낙찰,"715,700,000",88.7%,2022-02-15,2022_1Q,3
제주 3계 2021-22536(2),전,전,전,제주,서귀포시,제주 서귀포시 대정읍 영락리 1200-5,"757,500,000","371,175,000",낙찰,"431,000,500",56.9%,2022-03-29,2022_1Q,3
제주 3계 2021-22673(1),목장용지,기타토지,목장용지,제주,서귀포시,제주 서귀포시 대포동 48,"106,248,000","74,374,000",낙찰,"78,950,000",74.3%,2022-02-15,2022_1Q,3
제주 6계 2021-22680,다세대,다세대주택,다세대,제주,서귀포시,제주 서귀포시 대정읍 안성리 2030-30 The View3 4층 402호,"153,000,000","107,100,000",낙찰,"122,422,000",80.0%,2022-02-22,2022_1Q,3
제주 6계 2021-22871,차량,기타토지,기타토지,제주,제주시,제주 제주시 용담삼동 1274-1 제3자 현대물품보관소(주)내 보관,"11,500,000","8,050,000",낙찰,"9,210,000",80.1%,2022-02-22,2022_1Q,3
제주 1계 2021-22949,다세대,다세대주택,다세대,제주,제주시,제주 제주시 연동 252-5 가동 2층 201호,"127,000,000","88,900,000",낙찰,"124,450,000",98.0%,2022-05-24,2022_2Q,3
제주 4계 2021-23027,대지,나대지,나대지,제주,서귀포시,제주 서귀포시 상예동 3111-1,"220,584,000","154,408,000",낙찰,"169,760,000",77.0%,2022-04-05,2022_2Q,3
제주 6계 2021-23164,임야,임야,임야,제주,서귀포시,제주 서귀포시 회수동 41,"417,894,000","143,338,000",낙찰,"160,000,000",38.3%,2022-04-05,2022_2Q,3
제주 4계 2021-23249,단독주택,단독,단독주택,제주,제주시,제주 제주시 애월읍 상귀리 1301-3,"465,419,450","465,419,450",낙찰,"467,891,000",100.5%,2022-05-10,2022_2Q,3
제주 6계 2021-23294,전,전,전,제주,서귀포시,제주 서귀포시 대정읍 상모리 1318-3,"67,122,000","23,023,000",낙찰,"24,550,000",36.6%,2022-04-05,2022_2Q,3
제주 6계 2021-23423,점포,근린상가,점포상가,제주,서귀포시,"제주 서귀포시 성산읍 온평리 999-1 ,1000-3","288,596,700","288,596,700",낙찰,"588,888,800",204.1%,2022-05-10,2022_2Q,3
제주 4계 2021-23454,연립,연립주택,연립·빌라,제주,서귀포시,"제주 서귀포시 대포동 827 ,828,829-2,1533 풍림빌라 105동 2층 205호","246,000,000","172,200,000",낙찰,"218,800,000",88.9%,2022-05-10,2022_2Q,3
제주 6계 2021-23478(1),차량,기타토지,기타토지,제주,제주시,제주 제주시 외도일동 2155-1 제3자(주)세경내 보관,"11,000,000","11,000,000",낙찰,"11,500,000",104.5%,2022-03-15,2022_1Q,3
제주 6계 2021-23478(2),차량,기타토지,기타토지,제주,서귀포시,제주 서귀포시 안덕면 동광리 886 제3자 (주)세경내 보관,"9,000,000","9,000,000",낙찰,"10,670,000",118.6%,2022-03-15,2022_1Q,3
제주 6계 2021-23478(3),차량,기타토지,기타토지,제주,제주시,제주 제주시 외도일동 2155-1 제3자(주)세경내 보관,"11,000,000","11,000,000",낙찰,"14,650,000",133.2%,2022-06-14,2022_2Q,3
제주 6계 2021-23478(4),차량,기타토지,기타토지,제주,제주시,제주 제주시 외도일동 2155-1 제3자(주)세경내 보관,"11,000,000","7,700,000",낙찰,"9,010,000",81.9%,2022-04-05,2022_2Q,3
제주 6계 2021-23478(5),차량,기타토지,기타토지,제주,제주시,제주 제주시 외도일동 2155-1 제3자(주)세경내 보관,"200,000","200,000",낙찰,"2,270,000",1135.0%,2022-03-15,2022_1Q,3
제주 6계 2021-23478(7),차량,기타토지,기타토지,제주,제주시,제주 제주시 외도일동 2155-1 제3자(주)세경내 보관,"200,000","200,000",낙찰,"2,270,000",1135.0%,2022-03-15,2022_1Q,3
제주 6계 2021-23478(8),차량,기타토지,기타토지,제주,서귀포시,제주 서귀포시 안덕면 동광리 886 제3자(주)세경내 보관,"9,000,000","9,000,000",낙찰,"9,880,000",109.8%,2022-03-15,2022_1Q,3
제주 6계 2021-23478(9),차량,기타토지,기타토지,제주,제주시,제주 제주시 외도일동 2155-1 제3자(주)세경내 보관,"200,000","200,000",낙찰,"2,270,000",1135.0%,2022-03-15,2022_1Q,3
제주 6계 2021-23478(10),차량,기타토지,기타토지,제주,제주시,제주 제주시 외도일동 2155-1 제3자(주)세경내 보관,"200,000","200,000",낙찰,"2,270,000",1135.0%,2022-03-15,2022_1Q,3
제주 3계 2021-23560(1),차량,기타토지,기타토지,제주,제주시,제주 제주시 외도일동 2155-1 내 보관(제3자(주)세경에게보관),"800,000","800,000",낙찰,"6,240,000",780.0%,2022-03-15,2022_1Q,3
제주 3계 2021-23560(2),차량,기타토지,기타토지,제주,제주시,제주 제주시 외도일동 2155-1 내 보관(제3자(주)세경에게보관),"7,130,000","7,130,000",낙찰,"8,800,000",123.4%,2022-03-15,2022_1Q,3
제주 3계 2021-23560(3),차량,기타토지,기타토지,제주,제주시,제주 제주시 외도일동 2155-1 내 보관(제3자(주)세경에게보관),"9,500,000","9,500,000",낙찰,"10,722,000",112.9%,2022-03-15,2022_1Q,3
제주 3계 2021-23560(4),차량,기타토지,기타토지,제주,제주시,제주 제주시 외도일동 2155-1 내 보관(제3자(주)세경에게보관),"4,900,000","4,900,000",낙찰,"7,770,000",158.6%,2022-03-15,2022_1Q,3
제주 3계 2021-23560(5),차량,기타토지,기타토지,제주,제주시,제주 제주시 외도일동 2155-1 내 보관(제3자(주)세경에게보관),"4,500,000","4,500,000",낙찰,"6,660,000",148.0%,2022-03-15,2022_1Q,3
제주 3계 2021-23560(6),차량,기타토지,기타토지,제주,제주시,제주 제주시 외도일동 2155-1 내 보관(제3자(주)세경에게보관),"12,130,000","8,491,000",낙찰,"9,666,600",79.7%,2022-04-05,2022_2Q,3
제주 3계 2021-23560(7),차량,기타토지,기타토지,제주,제주시,제주 제주시 외도일동 2155-1 내 보관(제3자(주)세경에게보관),"8,410,000","8,410,000",낙찰,"9,880,000",117.5%,2022-03-15,2022_1Q,3
제주 4계 2021-23577(1),차량,기타토지,기타토지,제주,제주시,제주 제주시 외도일동 2155-1 (주)세경내 보관,"7,500,000","7,500,000",낙찰,"8,880,000",118.4%,2022-03-15,2022_1Q,3
제주 4계 2021-23577(2),차량,기타토지,기타토지,제주,제주시,제주 제주시 외도일동 2155-1 (주)세경내 보관,"800,000","800,000",낙찰,"6,240,000",780.0%,2022-03-15,2022_1Q,3
제주 4계 2021-23577(3),차량,기타토지,기타토지,제주,제주시,제주 제주시 외도일동 2155-1 (주)세경내 보관,"13,200,000","9,240,000",낙찰,"10,500,000",79.5%,2022-04-05,2022_2Q,3
제주 4계 2021-23577(5),차량,기타토지,기타토지,제주,제주시,제주 제주시 외도일동 2155-1 (주)세경내 보관,"7,800,000","7,800,000",낙찰,"8,880,000",113.8%,2022-03-15,2022_1Q,3
제주 4계 2021-23577(6),차량,기타토지,기타토지,제주,제주시,제주 제주시 외도일동 2155-1 (주)세경내 보관,"13,800,000","9,660,000",낙찰,"12,160,000",88.1%,2022-04-05,2022_2Q,3
제주 4계 2021-23577(7),차량,기타토지,기타토지,제주,제주시,제주 제주시 외도일동 2155-1 (주)세경내 보관,"13,800,000","9,660,000",낙찰,"12,160,000",88.1%,2022-04-05,2022_2Q,3
제주 5계 2021-23584(1),차량,기타토지,기타토지,제주,서귀포시,제주 서귀포시 안덕면 동광리 886 (주)세경내 보관,"8,800,000","8,800,000",낙찰,"9,960,000",113.2%,2022-03-15,2022_1Q,3
제주 5계 2021-23584(2),차량,기타토지,기타토지,제주,제주시,제주 제주시 외도일동 2155-3 (주)세경내 보관,"8,800,000","8,800,000",낙찰,"9,880,000",112.3%,2022-03-15,2022_1Q,3
제주 5계 2021-23584(3),차량,기타토지,기타토지,제주,제주시,제주 제주시 외도일동 2155-3 (주)세경내 보관,"8,800,000","8,800,000",낙찰,"9,880,000",112.3%,2022-03-15,2022_1Q,3
제주 5계 2021-23584(4),차량,기타토지,기타토지,제주,서귀포시,제주 서귀포시 안덕면 동광리 886 (주)세경내 보관,"8,800,000","8,800,000",낙찰,"9,880,000",112.3%,2022-03-15,2022_1Q,3
제주 5계 2021-23584(5),차량,기타토지,기타토지,제주,서귀포시,제주 서귀포시 안덕면 동광리 886 (주)세경내 보관,"8,800,000","8,800,000",낙찰,"9,880,000",112.3%,2022-03-15,2022_1Q,3
제주 5계 2021-23584(6),차량,기타토지,기타토지,제주,서귀포시,제주 서귀포시 안덕면 동광리 886 (주)세경내 보관,"8,800,000","8,800,000",낙찰,"9,880,000",112.3%,2022-03-15,2022_1Q,3
제주 5계 2021-23584(7),차량,기타토지,기타토지,제주,서귀포시,제주 서귀포시 안덕면 동광리 886 (주)세경내 보관,"10,300,000","10,300,000",낙찰,"11,730,000",113.9%,2022-03-15,2022_1Q,3
제주 5계 2021-23584(8),차량,기타토지,기타토지,제주,서귀포시,제주 서귀포시 안덕면 동광리 886 (주)세경내 보관,"10,300,000","10,300,000",낙찰,"11,670,000",113.3%,2022-03-15,2022_1Q,3
제주 5계 2021-23584(9),차량,기타토지,기타토지,제주,제주시,제주 제주시 외도일동 2155-3 (주)세경내 보관,"10,300,000","7,210,000",낙찰,"14,588,800",141.6%,2022-04-05,2022_2Q,3
제주 5계 2021-23584(10),차량,기타토지,기타토지,제주,제주시,제주 제주시 외도일동 2155-3 (주)세경내 보관,"8,200,000","8,200,000",낙찰,"9,660,000",117.8%,2022-03-15,2022_1Q,3
제주 6계 2021-23591(1),차량,기타토지,기타토지,제주,서귀포시,제주 서귀포시 안덕면 동광리 886 내(제3자(주)세경) 보관,"11,000,000","7,700,000",낙찰,"13,785,000",125.3%,2022-04-05,2022_2Q,3
제주 6계 2021-23591(2),차량,기타토지,기타토지,제주,서귀포시,제주 서귀포시 안덕면 동광리 886 내(제3자(주)세경) 보관,"9,000,000","9,000,000",낙찰,"9,880,000",109.8%,2022-03-15,2022_1Q,3
제주 6계 2021-23591(3),차량,기타토지,기타토지,제주,서귀포시,제주 서귀포시 안덕면 동광리 886 내(제3자(주)세경) 보관,"9,000,000","9,000,000",낙찰,"9,880,000",109.8%,2022-03-15,2022_1Q,3
제주 6계 2021-23591(4),차량,기타토지,기타토지,제주,서귀포시,제주 서귀포시 안덕면 동광리 886 내(제3자(주)세경) 보관,"9,000,000","9,000,000",낙찰,"9,880,000",109.8%,2022-03-15,2022_1Q,3
제주 6계 2021-23591(5),차량,기타토지,기타토지,제주,서귀포시,제주 서귀포시 안덕면 동광리 886 내(제3자(주)세경) 보관,"9,000,000","9,000,000",낙찰,"9,880,000",109.8%,2022-03-15,2022_1Q,3
제주 6계 2021-23591(6),차량,기타토지,기타토지,제주,서귀포시,제주 서귀포시 안덕면 동광리 886 내(제3자(주)세경) 보관,"11,000,000","7,700,000",낙찰,"13,700,000",124.5%,2022-04-05,2022_2Q,3
제주 6계 2021-23591(7),차량,기타토지,기타토지,제주,서귀포시,제주 서귀포시 안덕면 동광리 886 내(제3자(주)세경) 보관,"11,000,000","7,700,000",낙찰,"13,700,000",124.5%,2022-04-05,2022_2Q,3
제주 6계 2021-23591(8),차량,기타토지,기타토지,제주,서귀포시,제주 서귀포시 안덕면 동광리 886 내(제3자(주)세경) 보관,"11,500,000","11,500,000",낙찰,"11,970,000",104.1%,2022-03-15,2022_1Q,3
제주 6계 2021-23591(9),차량,기타토지,기타토지,제주,서귀포시,제주 서귀포시 안덕면 동광리 886 내(제3자(주)세경) 보관,"9,000,000","9,000,000",낙찰,"9,880,000",109.8%,2022-03-15,2022_1Q,3
제주 6계 2021-23591(10),차량,기타토지,기타토지,제주,서귀포시,제주 서귀포시 안덕면 동광리 886 내(제3자(주)세경) 보관,"9,000,000","9,000,000",낙찰,"9,232,000",102.6%,2022-03-15,2022_1Q,3
제주 1계 2021-23607(1),차량,기타토지,기타토지,제주,서귀포시,제주 서귀포시 안덕면 동광리 886 제3자(주)세경내 보관,"10,300,000","10,300,000",낙찰,"10,800,000",104.9%,2022-03-15,2022_1Q,3
제주 1계 2021-23607(2),차량,기타토지,기타토지,제주,서귀포시,제주 서귀포시 안덕면 동광리 886 제3자(주)세경내 보관,"9,100,000","9,100,000",낙찰,"9,880,000",108.6%,2022-03-15,2022_1Q,3
제주 1계 2021-23607(3),차량,기타토지,기타토지,제주,서귀포시,제주 서귀포시 안덕면 동광리 886 제3자(주)세경내 보관,"7,300,000","7,300,000",낙찰,"8,930,000",122.3%,2022-03-15,2022_1Q,3
제주 1계 2021-23607(4),차량,기타토지,기타토지,제주,서귀포시,제주 서귀포시 안덕면 동광리 886 제3자(주)세경내 보관,"10,300,000","10,300,000",낙찰,"11,899,000",115.5%,2022-03-15,2022_1Q,3
제주 1계 2021-23607(5),차량,기타토지,기타토지,제주,서귀포시,제주 서귀포시 안덕면 동광리 886 제3자(주)세경내 보관,"10,300,000","10,300,000",낙찰,"12,300,000",119.4%,2022-03-15,2022_1Q,3
제주 1계 2021-23607(6),차량,기타토지,기타토지,제주,서귀포시,제주 서귀포시 안덕면 동광리 886 제3자(주)세경내 보관,"10,300,000","10,300,000",낙찰,"10,800,000",104.9%,2022-03-15,2022_1Q,3
제주 1계 2021-23607(7),차량,기타토지,기타토지,제주,제주시,제주 제주시 외도일동 2155-3 제3자(주)세경내 보관,"9,100,000","9,100,000",낙찰,"9,880,000",108.6%,2022-03-15,2022_1Q,3
제주 1계 2021-23607(8),차량,기타토지,기타토지,제주,제주시,제주 제주시 외도일동 2155-3 제3자(주)세경내 보관,"8,800,000","8,800,000",낙찰,"9,660,000",109.8%,2022-03-15,2022_1Q,3
제주 1계 2021-23607(9),차량,기타토지,기타토지,제주,서귀포시,제주 서귀포시 안덕면 동광리 886 제3자(주)세경내 보관,"10,300,000","10,300,000",낙찰,"11,100,000",107.8%,2022-03-15,2022_1Q,3
제주 1계 2021-23607(10),차량,기타토지,기타토지,제주,제주시,제주 제주시 외도일동 2155-3 제3자(주)세경내 보관,"10,300,000","10,300,000",낙찰,"11,660,000",113.2%,2022-03-15,2022_1Q,3
제주 2계 2021-23614(1),차량,기타토지,기타토지,제주,서귀포시,제주 서귀포시 안덕면 동광리 886 제3자(주)세경에게보관,"9,000,000","9,000,000",낙찰,"11,000,000",122.2%,2022-03-15,2022_1Q,3
제주 2계 2021-23614(2),차량,기타토지,기타토지,제주,서귀포시,제주 서귀포시 안덕면 동광리 886 제3자(주)세경에게보관,"11,000,000","7,700,000",낙찰,"15,000,000",136.4%,2022-04-05,2022_2Q,3
제주 2계 2021-23614(3),차량,기타토지,기타토지,제주,제주시,제주 제주시 외도일동 2155-1 제3자(주)세경에게보관,"9,000,000","9,000,000",낙찰,"11,100,000",123.3%,2022-03-15,2022_1Q,3
제주 2계 2021-23614(4),차량,기타토지,기타토지,제주,서귀포시,제주 서귀포시 안덕면 동광리 886 제3자(주)세경에게보관,"9,000,000","9,000,000",낙찰,"11,100,000",123.3%,2022-03-15,2022_1Q,3
제주 2계 2021-23614(5),차량,기타토지,기타토지,제주,서귀포시,제주 서귀포시 안덕면 동광리 886 제3자(주)세경에게보관,"9,500,000","9,500,000",낙찰,"11,500,000",121.1%,2022-03-15,2022_1Q,3
제주 2계 2021-23614(6),차량,기타토지,기타토지,제주,서귀포시,제주 서귀포시 안덕면 동광리 886 제3자(주)세경에게보관,"9,000,000","9,000,000",낙찰,"11,100,000",123.3%,2022-03-15,2022_1Q,3
제주 2계 2021-23614(7),차량,기타토지,기타토지,제주,서귀포시,제주 서귀포시 안덕면 동광리 886 제3자(주)세경에게보관,"11,000,000","7,700,000",낙찰,"15,500,000",140.9%,2022-04-05,2022_2Q,3
제주 2계 2021-23614(8),차량,기타토지,기타토지,제주,서귀포시,제주 서귀포시 안덕면 동광리 886 제3자(주)세경에게보관,"11,500,000","8,050,000",낙찰,"13,800,000",120.0%,2022-04-05,2022_2Q,3
제주 2계 2021-23614(9),차량,기타토지,기타토지,제주,서귀포시,제주 서귀포시 안덕면 동광리 886 제3자(주)세경에게보관,"9,000,000","9,000,000",낙찰,"11,100,000",123.3%,2022-03-15,2022_1Q,3
제주 2계 2021-23614(10),차량,기타토지,기타토지,제주,서귀포시,제주 서귀포시 안덕면 동광리 886 제3자(주)세경에게보관,"11,500,000","8,050,000",낙찰,"13,700,000",119.1%,2022-04-05,2022_2Q,3
제주 3계 2021-23621(1),차량,기타토지,기타토지,제주,서귀포시,제주 서귀포시 안덕면 동광리 886 내 보관(제3자(주)세경에게보관),"9,000,000","9,000,000",낙찰,"11,100,000",123.3%,2022-03-15,2022_1Q,3
제주 3계 2021-23621(2),차량,기타토지,기타토지,제주,서귀포시,제주 서귀포시 안덕면 동광리 886 내 보관(제3자(주)세경에게보관),"11,000,000","7,700,000",낙찰,"15,300,000",139.1%,2022-04-05,2022_2Q,3
제주 3계 2021-23621(3),차량,기타토지,기타토지,제주,서귀포시,제주 서귀포시 안덕면 동광리 886 내 보관(제3자(주)세경에게보관),"11,000,000","11,000,000",낙찰,"11,888,200",108.1%,2022-03-15,2022_1Q,3
제주 3계 2021-23621(4),차량,기타토지,기타토지,제주,서귀포시,제주 서귀포시 안덕면 동광리 886 내 보관(제3자(주)세경에게보관),"11,000,000","7,700,000",낙찰,"13,800,000",125.5%,2022-04-05,2022_2Q,3
제주 3계 2021-23621(5),차량,기타토지,기타토지,제주,서귀포시,제주 서귀포시 안덕면 동광리 886 내 보관(제3자(주)세경에게보관),"9,000,000","9,000,000",낙찰,"11,100,000",123.3%,2022-03-15,2022_1Q,3
제주 3계 2021-23621(6),차량,기타토지,기타토지,제주,서귀포시,제주 서귀포시 안덕면 동광리 886 내 보관(제3자(주)세경에게보관),"10,000,000","10,000,000",낙찰,"11,100,000",111.0%,2022-03-15,2022_1Q,3
제주 3계 2021-23621(7),차량,기타토지,기타토지,제주,서귀포시,제주 서귀포시 안덕면 동광리 886 내 보관(제3자(주)세경에게보관),"9,000,000","9,000,000",낙찰,"11,100,000",123.3%,2022-03-15,2022_1Q,3
제주 3계 2021-23621(8),차량,기타토지,기타토지,제주,서귀포시,제주 서귀포시 안덕면 동광리 886 내 보관(제3자(주)세경에게보관),"11,000,000","7,700,000",낙찰,"13,500,000",122.7%,2022-04-05,2022_2Q,3
제주 3계 2021-23621(9),차량,기타토지,기타토지,제주,서귀포시,제주 서귀포시 안덕면 동광리 886 내 보관(제3자(주)세경에게보관),"11,000,000","7,700,000",낙찰,"13,800,000",125.5%,2022-04-05,2022_2Q,3
제주 3계 2021-23621(10),차량,기타토지,기타토지,제주,제주시,제주 제주시 외도일동 2155-3 내 보관(제3자(주)세경에게보관),"9,000,000","9,000,000",낙찰,"10,800,000",120.0%,2022-03-15,2022_1Q,3
제주 4계 2021-23638(1),차량,기타토지,기타토지,제주,서귀포시,제주 서귀포시 안덕면 동광리 886 (주)세경내 보관,"7,650,000","7,650,000",낙찰,"8,880,000",116.1%,2022-03-15,2022_1Q,3
제주 4계 2021-23638(2),차량,기타토지,기타토지,제주,서귀포시,제주 서귀포시 안덕면 동광리 886 (주)세경내 보관,"3,350,000","3,350,000",낙찰,"6,660,000",198.8%,2022-03-15,2022_1Q,3
제주 4계 2021-23638(3),차량,기타토지,기타토지,제주,서귀포시,제주 서귀포시 안덕면 동광리 886 (주)세경내 보관,"8,050,000","8,050,000",낙찰,"9,725,200",120.8%,2022-03-15,2022_1Q,3
제주 4계 2021-23638(4),차량,기타토지,기타토지,제주,서귀포시,제주 서귀포시 안덕면 동광리 886 (주)세경내 보관,"4,150,000","4,150,000",낙찰,"6,660,000",160.5%,2022-03-15,2022_1Q,3
제주 4계 2021-23638(5),차량,기타토지,기타토지,제주,서귀포시,제주 서귀포시 안덕면 동광리 886 (주)세경내 보관,"1,745,000","1,745,000",낙찰,"3,888,888",222.9%,2022-03-15,2022_1Q,3
제주 4계 2021-23638(6),차량,기타토지,기타토지,제주,서귀포시,제주 서귀포시 안덕면 동광리 886 (주)세경내 보관,"7,250,000","7,250,000",낙찰,"8,880,000",122.5%,2022-03-15,2022_1Q,3
제주 4계 2021-23638(7),차량,기타토지,기타토지,제주,서귀포시,제주 서귀포시 안덕면 동광리 886 (주)세경내 보관,"7,995,000","7,995,000",낙찰,"8,880,000",111.1%,2022-03-15,2022_1Q,3
제주 4계 2021-23638(8),차량,기타토지,기타토지,제주,서귀포시,제주 서귀포시 안덕면 동광리 886 (주)세경내 보관,"8,850,000","8,850,000",낙찰,"11,100,000",125.4%,2022-03-15,2022_1Q,3
제주 4계 2021-23638(9),차량,기타토지,기타토지,제주,서귀포시,제주 서귀포시 안덕면 동광리 886 (주)세경내 보관,"4,550,000","4,550,000",낙찰,"7,890,000",173.4%,2022-03-15,2022_1Q,3
제주 4계 2021-23638(10),차량,기타토지,기타토지,제주,서귀포시,제주 서귀포시 안덕면 동광리 886 (주)세경내 보관,"5,250,000","5,250,000",낙찰,"7,330,000",139.6%,2022-03-15,2022_1Q,3
제주 5계 2021-23645(1),차량,기타토지,기타토지,제주,서귀포시,제주 서귀포시 안덕면 동광리 886 (주)세경내 보관,"9,000,000","9,000,000",낙찰,"11,200,000",124.4%,2022-03-15,2022_1Q,3
제주 5계 2021-23645(2),차량,기타토지,기타토지,제주,서귀포시,제주 서귀포시 안덕면 동광리 886 (주)세경내 보관,"9,000,000","9,000,000",낙찰,"11,200,000",124.4%,2022-03-15,2022_1Q,3
제주 5계 2021-23645(3),차량,기타토지,기타토지,제주,서귀포시,제주 서귀포시 안덕면 동광리 886 (주)세경내 보관,"11,000,000","7,700,000",낙찰,"14,360,000",130.5%,2022-04-05,2022_2Q,3
제주 5계 2021-23645(4),차량,기타토지,기타토지,제주,제주시,제주 제주시 외도일동 2155-3 (주)세경내 보관,"10,000,000","10,000,000",낙찰,"11,500,000",115.0%,2022-03-15,2022_1Q,3
제주 5계 2021-23645(5),차량,기타토지,기타토지,제주,서귀포시,제주 서귀포시 안덕면 동광리 886 (주)세경내 보관,"13,000,000","9,100,000",낙찰,"13,200,000",101.5%,2022-04-05,2022_2Q,3
제주 5계 2021-23645(6),차량,기타토지,기타토지,제주,서귀포시,제주 서귀포시 안덕면 동광리 886 (주)세경내 보관,"10,000,000","10,000,000",낙찰,"11,500,000",115.0%,2022-03-15,2022_1Q,3
제주 5계 2021-23645(7),차량,기타토지,기타토지,제주,서귀포시,제주 서귀포시 안덕면 동광리 886 (주)세경내 보관,"10,000,000","10,000,000",낙찰,"11,555,000",115.5%,2022-03-15,2022_1Q,3
제주 5계 2021-23645(8),차량,기타토지,기타토지,제주,서귀포시,제주 서귀포시 안덕면 동광리 886 (주)세경내 보관,"9,000,000","9,000,000",낙찰,"11,200,000",124.4%,2022-03-15,2022_1Q,3
제주 5계 2021-23645(9),차량,기타토지,기타토지,제주,서귀포시,제주 서귀포시 안덕면 동광리 886 (주)세경내 보관,"10,000,000","10,000,000",낙찰,"11,500,000",115.0%,2022-03-15,2022_1Q,3
제주 5계 2021-23645(10),차량,기타토지,기타토지,제주,제주시,제주 제주시 외도일동 2155-3 (주)세경내 보관,"11,000,000","7,700,000",낙찰,"12,999,000",118.2%,2022-04-05,2022_2Q,3
제주 6계 2021-23652(1),차량,기타토지,기타토지,제주,서귀포시,제주 서귀포시 안덕면 동광리 886 내(제3자(주)세경) 보관,"11,700,000","11,700,000",낙찰,"12,139,000",103.8%,2022-03-15,2022_1Q,3
제주 6계 2021-23652(2),차량,기타토지,기타토지,제주,제주시,제주 제주시 외도일동 2155-3 내(제3자(주)세경) 보관,"11,700,000","11,700,000",낙찰,"12,139,000",103.8%,2022-03-15,2022_1Q,3
제주 6계 2021-23652(3),차량,기타토지,기타토지,제주,서귀포시,제주 서귀포시 안덕면 동광리 886 내(제3자(주)세경) 보관,"11,200,000","11,200,000",낙찰,"11,679,000",104.3%,2022-03-15,2022_1Q,3
제주 6계 2021-23652(4),차량,기타토지,기타토지,제주,제주시,제주 제주시 외도일동 2155-3 내(제3자(주)세경) 보관,"11,700,000","11,700,000",낙찰,"12,239,000",104.6%,2022-03-15,2022_1Q,3
제주 6계 2021-23652(5),차량,기타토지,기타토지,제주,서귀포시,제주 서귀포시 안덕면 동광리 886 내(제3자(주)세경) 보관,"11,700,000","11,700,000",낙찰,"11,829,000",101.1%,2022-03-15,2022_1Q,3
제주 6계 2021-23652(6),차량,기타토지,기타토지,제주,서귀포시,제주 서귀포시 안덕면 동광리 886 내(제3자(주)세경) 보관,"15,000,000","15,000,000",낙찰,"18,500,000",123.3%,2022-06-14,2022_2Q,3
제주 6계 2021-23652(7),차량,기타토지,기타토지,제주,서귀포시,제주 서귀포시 안덕면 동광리 886 내(제3자(주)세경) 보관,"11,200,000","11,200,000",낙찰,"11,679,000",104.3%,2022-03-15,2022_1Q,3
제주 6계 2021-23652(8),차량,기타토지,기타토지,제주,서귀포시,제주 서귀포시 안덕면 동광리 886 내(제3자(주)세경) 보관,"11,200,000","11,200,000",낙찰,"11,679,000",104.3%,2022-03-15,2022_1Q,3
제주 6계 2021-23652(9),차량,기타토지,기타토지,제주,서귀포시,제주 서귀포시 안덕면 동광리 886 내(제3자(주)세경) 보관,"13,100,000","13,100,000",낙찰,"13,112,000",100.1%,2022-03-15,2022_1Q,3
제주 6계 2021-23652(10),차량,기타토지,기타토지,제주,서귀포시,제주 서귀포시 안덕면 동광리 886 내(제3자(주)세경) 보관,"13,700,000","9,590,000",낙찰,"15,100,000",110.2%,2022-04-05,2022_2Q,3
제주 4계 2021-23690,차량,기타토지,기타토지,제주,제주시,제주 제주시 외도일동 2155-1 세경내 보관,"18,000,000","12,600,000",낙찰,"17,300,000",96.1%,2022-01-11,2022_1Q,3
제주 3계 2021-23805(1),임야,임야,임야,제주,서귀포시,제주 서귀포시 성산읍 난산리 2286,"1,406,674,000","984,672,000",낙찰,"985,000,000",70.0%,2022-05-03,2022_2Q,3
제주 3계 2021-23805(2),근린상가,근린상가,근린상가,제주,서귀포시,제주 서귀포시 성산읍 난산리 2608-1,"814,797,260","570,358,000",낙찰,"803,160,000",98.6%,2022-05-03,2022_2Q,3
제주 3계 2021-23805(3),임야,임야,임야,제주,서귀포시,제주 서귀포시 성산읍 난산리 2610,"809,930,000","566,951,000",낙찰,"625,200,000",77.2%,2022-05-03,2022_2Q,3
제주 4계 2021-23812(1),차량,기타토지,기타토지,제주,제주시,제주 제주시 용담삼동 1274-1 현대물풀보관소내 보관,"6,300,000","4,410,000",낙찰,"4,519,900",71.7%,2022-01-11,2022_1Q,3
제주 4계 2021-23812(2),차량,기타토지,기타토지,제주,제주시,제주 제주시 용담삼동 1274-1 현대물풀보관소내 보관,"9,600,000","6,720,000",낙찰,"8,710,000",90.7%,2022-01-11,2022_1Q,3
제주 6계 2021-23836,임야,임야,임야,제주,제주시,제주 제주시 해안동 131,"113,526,000","55,628,000",낙찰,"56,200,000",49.5%,2022-04-05,2022_2Q,3
제주 6계 2021-23904(1),차량,기타토지,기타토지,제주,서귀포시,제주 서귀포시 안덕면 동광리 886 내 보관(제3자(주)세경보관),"13,200,000","13,200,000",낙찰,"13,310,000",100.8%,2022-03-15,2022_1Q,3
제주 6계 2021-23904(2),차량,기타토지,기타토지,제주,서귀포시,제주 서귀포시 안덕면 동광리 886 내 보관(제3자(주)세경보관),"11,300,000","11,300,000",낙찰,"11,777,777",104.2%,2022-03-15,2022_1Q,3
제주 6계 2021-23904(3),차량,기타토지,기타토지,제주,제주시,제주 제주시 외도일동 2155-3 내 보관(제3자(주)세경보관),"200,000","200,000",낙찰,"2,789,000",1394.5%,2022-06-14,2022_2Q,3
제주 6계 2021-23904(4),차량,기타토지,기타토지,제주,제주시,제주 제주시 외도일동 2155-3 내 보관(제3자(주)세경보관),"7,500,000","7,500,000",낙찰,"10,040,000",133.9%,2022-03-15,2022_1Q,3
제주 6계 2021-23904(5),차량,기타토지,기타토지,제주,서귀포시,제주 서귀포시 안덕면 동광리 886 내 보관(제3자(주)세경보관),"7,500,000","7,500,000",낙찰,"11,111,117",148.1%,2022-03-15,2022_1Q,3
제주 6계 2021-23904(6),차량,기타토지,기타토지,제주,제주시,제주 제주시 외도일동 2155-3 내 보관(제3자(주)세경보관),"11,300,000","11,300,000",낙찰,"12,897,000",114.1%,2022-03-15,2022_1Q,3
제주 6계 2021-23904(7),차량,기타토지,기타토지,제주,제주시,제주 제주시 외도일동 2155-3 내 보관(제3자(주)세경보관),"15,000,000","10,500,000",낙찰,"16,888,800",112.6%,2022-04-05,2022_2Q,3
제주 6계 2021-23904(8),차량,기타토지,기타토지,제주,서귀포시,제주 서귀포시 안덕면 동광리 886 내 보관(제3자(주)세경보관),"11,300,000","11,300,000",낙찰,"13,897,000",123.0%,2022-03-15,2022_1Q,3
제주 6계 2021-23904(9),차량,기타토지,기타토지,제주,제주시,제주 제주시 외도일동 2155-3 내 보관(제3자(주)세경보관),"11,300,000","11,300,000",낙찰,"13,230,000",117.1%,2022-03-15,2022_1Q,3
제주 6계 2021-23904(10),차량,기타토지,기타토지,제주,제주시,제주 제주시 외도일동 2155-3 내 보관(제3자(주)세경보관),"11,300,000","11,300,000",낙찰,"12,799,000",113.3%,2022-03-15,2022_1Q,3
제주 1계 2021-23911(1),차량,기타토지,기타토지,제주,서귀포시,제주 서귀포시 안덕면 동광리 886 제3자(주)세경내 보관,"12,000,000","12,000,000",낙찰,"12,139,000",101.2%,2022-03-15,2022_1Q,3
제주 1계 2021-23911(2),차량,기타토지,기타토지,제주,제주시,제주 제주시 외도일동 2155-3 제3자(주)세경내 보관,"14,000,000","14,000,000",낙찰,"14,120,000",100.9%,2022-03-15,2022_1Q,3
제주 1계 2021-23911(3),차량,기타토지,기타토지,제주,서귀포시,제주 서귀포시 안덕면 동광리 886 제3자(주)세경내 보관,"12,000,000","12,000,000",낙찰,"12,882,100",107.4%,2022-03-15,2022_1Q,3
제주 1계 2021-23911(4),차량,기타토지,기타토지,제주,제주시,제주 제주시 외도일동 2155-3 제3자(주)세경내 보관,"12,000,000","12,000,000",낙찰,"12,039,000",100.3%,2022-03-15,2022_1Q,3
제주 1계 2021-23911(5),차량,기타토지,기타토지,제주,서귀포시,제주 서귀포시 안덕면 동광리 886 제3자(주)세경내 보관,"12,000,000","12,000,000",낙찰,"12,799,990",106.7%,2022-03-15,2022_1Q,3
제주 1계 2021-23911(6),차량,기타토지,기타토지,제주,서귀포시,제주 서귀포시 안덕면 동광리 886 제3자(주)세경내 보관,"16,000,000","16,000,000",낙찰,"16,200,000",101.3%,2022-03-15,2022_1Q,3
제주 1계 2021-23911(7),차량,기타토지,기타토지,제주,서귀포시,제주 서귀포시 안덕면 동광리 886 제3자(주)세경내 보관,"14,000,000","9,800,000",낙찰,"16,810,000",120.1%,2022-04-05,2022_2Q,3
제주 1계 2021-23911(8),차량,기타토지,기타토지,제주,서귀포시,제주 서귀포시 안덕면 동광리 886 제3자(주)세경내 보관,"12,000,000","12,000,000",낙찰,"12,139,000",101.2%,2022-03-15,2022_1Q,3
제주 1계 2021-23911(9),차량,기타토지,기타토지,제주,제주시,제주 제주시 외도일동 2155-3 제3자(주)세경내 보관,"14,000,000","9,800,000",낙찰,"13,550,000",96.8%,2022-04-05,2022_2Q,3
제주 1계 2021-23911(10),차량,기타토지,기타토지,제주,서귀포시,제주 서귀포시 안덕면 동광리 886 제3자(주)세경내 보관,"12,000,000","12,000,000",낙찰,"12,600,000",105.0%,2022-03-15,2022_1Q,3
제주 2계 2021-23928(1),차량,기타토지,기타토지,제주,서귀포시,제주 서귀포시 안덕면 동광리 886 제3자세경에게보관,"12,000,000","12,000,000",낙찰,"12,139,000",101.2%,2022-03-15,2022_1Q,3
제주 2계 2021-23928(2),차량,기타토지,기타토지,제주,제주시,제주 제주시 외도일동 2155-1 제3자(주)세경에게보관,"12,000,000","12,000,000",낙찰,"12,139,000",101.2%,2022-03-15,2022_1Q,3
제주 2계 2021-23928(3),차량,기타토지,기타토지,제주,서귀포시,제주 서귀포시 안덕면 동광리 886 제3자(주)세경에게보관,"16,000,000","16,000,000",낙찰,"18,500,000",115.6%,2022-05-31,2022_2Q,3
제주 2계 2021-23928(4),차량,기타토지,기타토지,제주,서귀포시,제주 서귀포시 안덕면 동광리 886 제3자(주)세경에게보관,"12,000,000","12,000,000",낙찰,"12,349,000",102.9%,2022-03-15,2022_1Q,3
제주 2계 2021-23928(5),차량,기타토지,기타토지,제주,제주시,제주 제주시 외도일동 2155-1 제3자(주)세경에게보관,"200,000","200,000",낙찰,"1,560,000",780.0%,2022-03-15,2022_1Q,3
제주 2계 2021-23928(6),차량,기타토지,기타토지,제주,제주시,제주 제주시 외도일동 2155-1 제3자(주)세경에게보관,"12,000,000","12,000,000",낙찰,"12,510,000",104.3%,2022-03-15,2022_1Q,3
제주 2계 2021-23928(7),차량,기타토지,기타토지,제주,서귀포시,제주 서귀포시 안덕면 동광리 886 제3자(주)세경에게보관,"12,000,000","12,000,000",낙찰,"13,110,000",109.3%,2022-03-15,2022_1Q,3
제주 2계 2021-23928(8),차량,기타토지,기타토지,제주,서귀포시,제주 서귀포시 안덕면 동광리 886 제3자(주)세경에게보관,"14,000,000","9,800,000",낙찰,"14,300,000",102.1%,2022-04-05,2022_2Q,3
제주 2계 2021-23928(9),차량,기타토지,기타토지,제주,제주시,제주 제주시 외도일동 2155-1 제3자(주)세경에게보관,"12,000,000","12,000,000",낙찰,"13,520,000",112.7%,2022-03-15,2022_1Q,3
제주 2계 2021-23928(10),차량,기타토지,기타토지,제주,서귀포시,제주 서귀포시 안덕면 동광리 886 제3자(주)세경에게보관 보관방법,"14,000,000","14,000,000",낙찰,"14,399,990",102.9%,2022-03-15,2022_1Q,3
제주 4계 2021-23935(1),차량,기타토지,기타토지,제주,서귀포시,제주 서귀포시 안덕면 동광리 886 (주)세경내 보관,"11,000,000","11,000,000",낙찰,"12,139,000",110.4%,2022-03-15,2022_1Q,3
제주 4계 2021-23935(2),차량,기타토지,기타토지,제주,서귀포시,제주 서귀포시 안덕면 동광리 886 (주)세경내 보관,"13,000,000","13,000,000",낙찰,"13,050,000",100.4%,2022-03-15,2022_1Q,3
제주 4계 2021-23935(3),차량,기타토지,기타토지,제주,서귀포시,제주 서귀포시 안덕면 동광리 886 (주)세경내 보관,"7,110,000","7,110,000",낙찰,"11,400,000",160.3%,2022-03-15,2022_1Q,3
제주 4계 2021-23935(4),차량,기타토지,기타토지,제주,서귀포시,제주 서귀포시 안덕면 동광리 886 (주)세경내 보관,"10,000,000","10,000,000",낙찰,"11,990,000",119.9%,2022-03-15,2022_1Q,3
제주 4계 2021-23935(5),차량,기타토지,기타토지,제주,서귀포시,제주 서귀포시 안덕면 동광리 886 (주)세경내 보관,"6,700,000","6,700,000",낙찰,"12,200,000",182.1%,2022-03-15,2022_1Q,3
제주 4계 2021-23935(6),차량,기타토지,기타토지,제주,서귀포시,제주 서귀포시 안덕면 동광리 886 (주)세경내 보관,"6,500,000","6,500,000",낙찰,"11,600,000",178.5%,2022-03-15,2022_1Q,3
제주 4계 2021-23935(7),차량,기타토지,기타토지,제주,서귀포시,제주 서귀포시 안덕면 동광리 886 (주)세경내 보관,"8,100,000","8,100,000",낙찰,"11,200,000",138.3%,2022-03-15,2022_1Q,3
제주 4계 2021-23935(8),차량,기타토지,기타토지,제주,서귀포시,제주 서귀포시 안덕면 동광리 886 (주)세경내 보관,"11,000,000","11,000,000",낙찰,"12,655,000",115.0%,2022-03-15,2022_1Q,3
제주 4계 2021-23935(9),차량,기타토지,기타토지,제주,서귀포시,제주 서귀포시 안덕면 동광리 886 (주)세경내 보관,"6,600,000","6,600,000",낙찰,"12,700,000",192.4%,2022-03-15,2022_1Q,3
제주 4계 2021-23935(10),차량,기타토지,기타토지,제주,서귀포시,제주 서귀포시 안덕면 동광리 886 (주)세경내 보관,"6,500,000","6,500,000",낙찰,"11,111,119",170.9%,2022-03-15,2022_1Q,3
제주 5계 2021-23942(1),차량,기타토지,기타토지,제주,서귀포시,제주 서귀포시 안덕면 동광리 886 (주)세경내 보관,"9,610,000","9,610,000",낙찰,"12,790,000",133.1%,2022-03-15,2022_1Q,3
제주 5계 2021-23942(2),차량,기타토지,기타토지,제주,서귀포시,제주 서귀포시 안덕면 동광리 886 (주)세경내 보관,"5,910,000","5,910,000",낙찰,"11,600,000",196.3%,2022-03-15,2022_1Q,3
제주 5계 2021-23942(3),차량,기타토지,기타토지,제주,서귀포시,제주 서귀포시 안덕면 동광리 886 (주)세경내 보관,"13,110,000","9,177,000",낙찰,"16,810,000",128.2%,2022-04-05,2022_2Q,3
제주 5계 2021-23942(4),차량,기타토지,기타토지,제주,서귀포시,제주 서귀포시 안덕면 동광리 886 (주)세경내 보관,"11,210,000","11,210,000",낙찰,"11,459,000",102.2%,2022-03-15,2022_1Q,3
제주 5계 2021-23942(5),차량,기타토지,기타토지,제주,제주시,제주 제주시 외도일동 2155-3 (주)세경내 보관,"7,441,000","7,441,000",낙찰,"11,350,000",152.5%,2022-03-15,2022_1Q,3
제주 5계 2021-23942(6),차량,기타토지,기타토지,제주,서귀포시,제주 서귀포시 안덕면 동광리 886 (주)세경내 보관,"9,810,000","9,810,000",낙찰,"11,111,117",113.3%,2022-03-15,2022_1Q,3
제주 5계 2021-23942(7),차량,기타토지,기타토지,제주,서귀포시,제주 서귀포시 안덕면 동광리 886 (주)세경내 보관,"11,210,000","11,210,000",낙찰,"11,470,000",102.3%,2022-03-15,2022_1Q,3
제주 5계 2021-23942(8),차량,기타토지,기타토지,제주,제주시,제주 제주시 외도일동 2155-3 (주)세경내 보관,"7,310,000","7,310,000",낙찰,"9,330,000",127.6%,2022-03-15,2022_1Q,3
제주 5계 2021-23942(9),차량,기타토지,기타토지,제주,서귀포시,제주 서귀포시 안덕면 동광리 886 (주)세경내 보관,"7,310,000","7,310,000",낙찰,"11,249,000",153.9%,2022-03-15,2022_1Q,3
제주 5계 2021-23942(10),차량,기타토지,기타토지,제주,서귀포시,제주 서귀포시 안덕면 동광리 886 (주)세경내 보관,"5,910,000","5,910,000",낙찰,"11,111,117",188.0%,2022-03-15,2022_1Q,3
제주 6계 2021-23959(1),차량,기타토지,기타토지,제주,서귀포시,제주 서귀포시 안덕면 동광리 886 내 보관(제3자(주)세경보관),"12,000,000","12,000,000",낙찰,"12,937,200",107.8%,2022-03-15,2022_1Q,3
제주 6계 2021-23959(2),차량,기타토지,기타토지,제주,서귀포시,제주 서귀포시 안덕면 동광리 886 내 보관(제3자(주)세경보관),"12,000,000","12,000,000",낙찰,"12,139,000",101.2%,2022-03-15,2022_1Q,3
제주 6계 2021-23959(3),차량,기타토지,기타토지,제주,제주시,제주 제주시 외도일동 2155-3 내 보관(제3자(주)세경보관),"12,000,000","12,000,000",낙찰,"12,359,000",103.0%,2022-03-15,2022_1Q,3
제주 6계 2021-23959(4),차량,기타토지,기타토지,제주,서귀포시,제주 서귀포시 안덕면 동광리 886 내 보관(제3자(주)세경보관),"8,000,000","8,000,000",낙찰,"11,149,000",139.4%,2022-03-15,2022_1Q,3
제주 6계 2021-23959(5),차량,기타토지,기타토지,제주,서귀포시,제주 서귀포시 안덕면 동광리 886 내 보관(제3자(주)세경보관),"12,000,000","12,000,000",낙찰,"12,039,000",100.3%,2022-03-15,2022_1Q,3
제주 6계 2021-23959(6),차량,기타토지,기타토지,제주,제주시,제주 제주시 외도일동 2155-3 내 보관(제3자(주)세경보관),"12,000,000","12,000,000",낙찰,"12,349,000",102.9%,2022-03-15,2022_1Q,3
제주 6계 2021-23959(7),차량,기타토지,기타토지,제주,서귀포시,제주 서귀포시 안덕면 동광리 886 내 보관(제3자(주)세경보관),"14,000,000","9,800,000",낙찰,"14,567,000",104.0%,2022-04-05,2022_2Q,3
제주 6계 2021-23959(8),차량,기타토지,기타토지,제주,제주시,제주 제주시 외도일동 2155-3 내 보관(제3자(주)세경보관),"14,000,000","9,800,000",낙찰,"13,499,000",96.4%,2022-04-05,2022_2Q,3
제주 6계 2021-23959(9),차량,기타토지,기타토지,제주,제주시,제주 제주시 외도일동 2155-3 내 보관(제3자(주)세경보관),"12,000,000","12,000,000",낙찰,"12,249,000",102.1%,2022-03-15,2022_1Q,3
제주 6계 2021-23959(10),차량,기타토지,기타토지,제주,제주시,제주 제주시 외도일동 2155-3 내 보관(제3자(주)세경보관),"12,000,000","12,000,000",낙찰,"12,349,000",102.9%,2022-03-15,2022_1Q,3
제주 1계 2021-23966(1),차량,기타토지,기타토지,제주,서귀포시,제주 서귀포시 안덕면 동광리 886 제3자(주)세경내 보관,"11,000,000","11,000,000",낙찰,"11,897,000",108.2%,2022-03-15,2022_1Q,3
제주 1계 2021-23966(2),차량,기타토지,기타토지,제주,서귀포시,제주 서귀포시 안덕면 동광리 886 제3자(주)세경내 보관,"11,000,000","11,000,000",낙찰,"12,897,000",117.2%,2022-03-15,2022_1Q,3
제주 1계 2021-23966(3),차량,기타토지,기타토지,제주,서귀포시,제주 서귀포시 안덕면 동광리 886 제3자(주)세경내 보관,"11,000,000","11,000,000",낙찰,"13,397,000",121.8%,2022-03-15,2022_1Q,3
제주 1계 2021-23966(4),차량,기타토지,기타토지,제주,제주시,제주 제주시 외도일동 2155-3 제3자(주)세경내 보관,"11,000,000","11,000,000",낙찰,"13,897,000",126.3%,2022-03-15,2022_1Q,3
제주 1계 2021-23966(5),차량,기타토지,기타토지,제주,서귀포시,제주 서귀포시 안덕면 동광리 886 제3자(주)세경내 보관,"11,000,000","11,000,000",낙찰,"13,897,000",126.3%,2022-03-15,2022_1Q,3
제주 1계 2021-23966(6),차량,기타토지,기타토지,제주,서귀포시,제주 서귀포시 안덕면 동광리 886 제3자(주)세경내 보관,"13,000,000","13,000,000",낙찰,"14,897,000",114.6%,2022-03-15,2022_1Q,3
제주 1계 2021-23966(7),차량,기타토지,기타토지,제주,서귀포시,제주 서귀포시 안덕면 동광리 886 제3자(주)세경내 보관,"11,000,000","11,000,000",낙찰,"13,897,000",126.3%,2022-03-15,2022_1Q,3
제주 1계 2021-23966(8),차량,기타토지,기타토지,제주,서귀포시,제주 서귀포시 안덕면 동광리 886 제3자(주)세경내 보관,"11,000,000","11,000,000",낙찰,"11,897,000",108.2%,2022-03-15,2022_1Q,3
제주 1계 2021-23966(9),차량,기타토지,기타토지,제주,서귀포시,제주 서귀포시 안덕면 동광리 886 제3자(주)세경내 보관,"11,000,000","11,000,000",낙찰,"13,000,000",118.2%,2022-03-15,2022_1Q,3
제주 1계 2021-23966(10),차량,기타토지,기타토지,제주,서귀포시,제주 서귀포시 안덕면 동광리 886 제3자(주)세경내 보관,"11,000,000","11,000,000",낙찰,"11,897,000",108.2%,2022-03-15,2022_1Q,3
제주 2계 2021-23973(1),차량,기타토지,기타토지,제주,서귀포시,제주 서귀포시 안덕면 동광리 886 제3자(주)세경에게보관,"7,900,000","7,900,000",낙찰,"13,920,000",176.2%,2022-05-31,2022_2Q,3
제주 2계 2021-23973(2),차량,기타토지,기타토지,제주,서귀포시,제주 서귀포시 안덕면 동광리 886 제3자(주)세경에게보관,"8,300,000","8,300,000",낙찰,"16,920,000",203.9%,2022-05-31,2022_2Q,3
제주 2계 2021-23973(3),차량,기타토지,기타토지,제주,서귀포시,제주 서귀포시 안덕면 동광리 886 제3자(주)세경에게보관,"13,300,000","13,300,000",낙찰,"15,397,000",115.8%,2022-03-15,2022_1Q,3
제주 2계 2021-23973(4),차량,기타토지,기타토지,제주,서귀포시,제주 서귀포시 안덕면 동광리 886 제3자(주)세경에게보관,"11,000,000","11,000,000",낙찰,"13,597,000",123.6%,2022-03-15,2022_1Q,3
제주 2계 2021-23973(5),차량,기타토지,기타토지,제주,서귀포시,제주 서귀포시 안덕면 동광리 886 제3자(주)세경에게보관,"7,300,000","7,300,000",낙찰,"11,500,000",157.5%,2022-03-15,2022_1Q,3
제주 2계 2021-23973(6),차량,기타토지,기타토지,제주,서귀포시,제주 서귀포시 안덕면 동광리 886 제3자(주)세경에게보관,"5,800,000","5,800,000",낙찰,"12,350,000",212.9%,2022-05-31,2022_2Q,3
제주 3계 2021-23980(1),차량,기타토지,기타토지,제주,제주시,제주 제주시 외도일동 2155-1 내 보관(제3자(주)세경에게보관),"10,000,000","10,000,000",낙찰,"11,100,000",111.0%,2022-03-15,2022_1Q,3
제주 3계 2021-23980(2),차량,기타토지,기타토지,제주,제주시,제주 제주시 외도일동 2155-1 내 보관(제3자(주)세경에게보관),"9,900,000","9,900,000",낙찰,"11,100,000",112.1%,2022-03-15,2022_1Q,3
제주 3계 2021-23980(3),차량,기타토지,기타토지,제주,제주시,제주 제주시 외도일동 2155-1 내 보관(제3자(주)세경에게보관),"9,900,000","9,900,000",낙찰,"11,100,000",112.1%,2022-03-15,2022_1Q,3
제주 3계 2021-23980(4),차량,기타토지,기타토지,제주,제주시,제주 제주시 외도일동 2155-1 내 보관(제3자(주)세경에게보관),"11,000,000","7,700,000",낙찰,"14,200,000",129.1%,2022-04-05,2022_2Q,3
제주 4계 2021-23997(1),차량,기타토지,기타토지,제주,서귀포시,제주 서귀포시 안덕면 동광리 886 (주)세경내 보관,"8,900,000","8,900,000",낙찰,"11,100,000",124.7%,2022-03-15,2022_1Q,3
제주 4계 2021-23997(2),차량,기타토지,기타토지,제주,서귀포시,제주 서귀포시 안덕면 동광리 886 (주)세경내 보관,"8,900,000","8,900,000",낙찰,"11,100,000",124.7%,2022-03-15,2022_1Q,3
제주 4계 2021-23997(3),차량,기타토지,기타토지,제주,서귀포시,제주 서귀포시 안덕면 동광리 886 (주)세경내 보관,"8,900,000","8,900,000",낙찰,"11,100,000",124.7%,2022-03-15,2022_1Q,3
제주 4계 2021-23997(4),차량,기타토지,기타토지,제주,서귀포시,제주 서귀포시 안덕면 동광리 886 (주)세경내 보관,"9,100,000","9,100,000",낙찰,"11,239,000",123.5%,2022-03-15,2022_1Q,3
제주 4계 2021-23997(5),차량,기타토지,기타토지,제주,서귀포시,제주 서귀포시 안덕면 동광리 886 (주)세경내 보관,"7,400,000","7,400,000",낙찰,"11,111,117",150.2%,2022-03-15,2022_1Q,3
제주 4계 2021-23997(6),차량,기타토지,기타토지,제주,서귀포시,제주 서귀포시 안덕면 동광리 886 (주)세경내 보관,"7,400,000","7,400,000",낙찰,"11,111,117",150.2%,2022-03-15,2022_1Q,3
제주 4계 2021-23997(7),차량,기타토지,기타토지,제주,서귀포시,제주 서귀포시 안덕면 동광리 886 (주)세경내 보관,"11,200,000","11,200,000",낙찰,"13,899,990",124.1%,2022-03-15,2022_1Q,3
제주 4계 2021-23997(8),차량,기타토지,기타토지,제주,서귀포시,제주 서귀포시 안덕면 동광리 886 (주)세경내 보관,"7,800,000","7,800,000",낙찰,"11,111,117",142.5%,2022-03-15,2022_1Q,3
제주 4계 2021-23997(9),차량,기타토지,기타토지,제주,서귀포시,제주 서귀포시 안덕면 동광리 886 (주)세경내 보관,"11,700,000","11,700,000",낙찰,"13,397,000",114.5%,2022-03-15,2022_1Q,3
제주 5계 2021-24006,차량,기타토지,기타토지,제주,제주시,제주 제주시 외도일동 2155-3 (주)세경내 보관,"16,000,000","11,200,000",낙찰,"16,777,777",104.9%,2022-04-05,2022_2Q,3
제주 6계 2021-24013,아파트,아파트,아파트,제주,제주시,제주 제주시 건입동 940-3 현대 107동 4층 503호,"105,000,000","105,000,000",낙찰,"118,880,000",113.2%,2022-01-11,2022_1Q,3
제주 1계 2021-24020,단독주택,단독,단독주택,제주,서귀포시,제주 서귀포시 하효동 723,"32,565,240","32,565,240",낙찰,"35,000,000",107.5%,2022-05-24,2022_2Q,3
제주 3계 2021-24105,임야,임야,임야,제주,제주시,제주 제주시 구좌읍 덕천리 산64-1,"4,841,718,960","2,372,442,000",낙찰,"3,110,000,000",64.2%,2022-05-03,2022_2Q,3
제주 3계 2021-24174,연립,연립주택,연립·빌라,제주,서귀포시,제주 서귀포시 강정동 5670 서귀포강정코아루2차 102동 2층 201호,"388,000,000","271,600,000",낙찰,"290,990,000",75.0%,2022-03-29,2022_1Q,3
제주 4계 2021-24181,전,전,전,제주,제주시,제주 제주시 한경면 조수리 1949,"45,696,000","31,987,000",낙찰,"42,000,000",91.9%,2022-01-11,2022_1Q,3
제주 6계 2021-24204,아파트,아파트,아파트,제주,제주시,제주 제주시 조천읍 함덕리 2872-1 함덕천마에코피아 2층 207호,"230,000,000","161,000,000",낙찰,"186,100,000",80.9%,2022-02-22,2022_1Q,3
제주 5계 2021-24242,차량,기타토지,기타토지,제주,제주시,제주 제주시 외도일동 2155-3 내((주)세경) 보관,"14,000,000","14,000,000",낙찰,"15,790,000",112.8%,2022-01-18,2022_1Q,3
제주 3계 2021-24280,전,전,전,제주,제주시,제주 제주시 조천읍 신촌리 557-6,"123,578,710","86,505,000",낙찰,"102,574,000",83.0%,2022-05-03,2022_2Q,3
제주 3계 2021-24341(1),임야,임야,임야,제주,서귀포시,제주 서귀포시 색달동 1101-1,"530,784,000","371,549,000",낙찰,"520,000,000",98.0%,2022-03-29,2022_1Q,3
제주 3계 2021-24341(2),임야,임야,임야,제주,서귀포시,제주 서귀포시 색달동 1101-3,"134,520,000","134,520,000",낙찰,"134,540,000",100.0%,2022-02-15,2022_1Q,3
제주 1계 2021-24501,차량,기타토지,기타토지,제주,제주시,제주 제주시 용담삼동 1274-1 제3자현대물품보관소(주)내 보관,"9,500,000","6,650,000",낙찰,"8,550,000",90.0%,2022-04-19,2022_2Q,3
제주 4계 2021-24532,단독주택,단독,단독주택,제주,서귀포시,제주 서귀포시 중문동 1511,"266,371,240","266,371,240",낙찰,"288,871,120",108.4%,2022-04-05,2022_2Q,3
제주 4계 2021-24594,도로,기타토지,기타토지,제주,서귀포시,제주 서귀포시 서홍동 1338-5,"38,236,000","26,765,000",낙찰,"27,650,000",72.3%,2022-05-10,2022_2Q,3
제주 3계 2021-24853,아파트,아파트,아파트,제주,제주시,제주 제주시 외도일동 463-5 에르빌1차 4층 501호,"311,000,000","217,700,000",낙찰,"286,462,990",92.1%,2022-03-29,2022_1Q,3
제주 4계 2021-25092,차량,기타토지,기타토지,제주,제주시,제주 제주시 용담삼동 1274-1 제3자현대물품보관소(064-711-7200)내 보관,"22,000,000","15,400,000",낙찰,"19,600,000",89.1%,2022-04-05,2022_2Q,3
제주 5계 2021-25160,차량,기타토지,기타토지,제주,제주시,제주 제주시 외도일동 2155-3 내(제3자 (주)세경) 보관,"23,000,000","16,100,000",낙찰,"19,271,900",83.8%,2022-03-08,2022_1Q,3
제주 4계 2021-25214,연립,연립주택,연립·빌라,제주,서귀포시,제주 서귀포시 동홍동 405-1 제이원파크 104동 3층 304호,"182,000,000","127,400,000",낙찰,"163,811,100",90.0%,2022-05-10,2022_2Q,3
제주 3계 2021-25405,다세대,다세대주택,다세대,제주,제주시,제주 제주시 이호일동 1927-6 백록휴레스트이호2차 C동 2층 202호,"262,000,000","128,380,000",낙찰,"190,050,090",72.5%,2022-06-07,2022_2Q,3
제주 4계 2021-25412,다세대,다세대주택,다세대,제주,제주시,제주 제주시 이호일동 1927-6 백록휴레스트이호2차 C동 3층 301호,"265,000,000","185,500,000",낙찰,"187,000,000",70.6%,2022-05-10,2022_2Q,3
제주 5계 2021-25481,차량,기타토지,기타토지,제주,제주시,제주 제주시 용담삼동 1274-1 내(제3자 현대물품보관소) 보관,"34,000,000","23,800,000",낙찰,"30,171,900",88.7%,2022-03-08,2022_1Q,3
제주 4계 2021-25528,콘도,기타토지,기타토지,제주,서귀포시,제주 서귀포시 안덕면 서광리 2518 제주신화빌라스 106동 2층 201호,"803,000,000","562,100,000",낙찰,"827,811,000",103.1%,2022-06-14,2022_2Q,3
제주 3계 2021-25573,콘도,기타토지,기타토지,제주,서귀포시,"제주 서귀포시 색달동 2822-5 ,-4 한국콘도 3층 350호","3,540,000","3,540,000",낙찰,"4,010,000",113.3%,2022-03-29,2022_1Q,3
제주 6계 2021-25665,차량,기타토지,기타토지,제주,제주시,제주 제주시 외도일동 2155-3 (주)세경내보관,"30,000,000","21,000,000",낙찰,"26,270,000",87.6%,2022-01-11,2022_1Q,3
제주 4계 2021-25764,임야,임야,임야,제주,서귀포시,제주 서귀포시 색달동 734-3,"281,781,000","281,781,000",낙찰,"303,807,000",107.8%,2022-05-10,2022_2Q,3
제주 6계 2021-25788(1),전,전,전,제주,제주시,제주 제주시 한림읍 월령리 994-1,"3,959,000","3,959,000",낙찰,"4,000,100",101.0%,2022-04-05,2022_2Q,3
제주 6계 2021-25788(2),전,전,전,제주,제주시,제주 제주시 한림읍 월령리 1085-4,"1,517,000","1,517,000",낙찰,"2,699,990",178.0%,2022-04-05,2022_2Q,3
제주 3계 2021-25870,전,전,전,제주,서귀포시,제주 서귀포시 대정읍 신평리 1107-6,"16,512,000","8,091,000",낙찰,"11,965,900",72.5%,2022-06-07,2022_2Q,3
제주 3계 2021-25931,전,전,전,제주,서귀포시,제주 서귀포시 상예동 3541-17,"131,100,000","64,239,000",낙찰,"92,333,000",70.4%,2022-06-07,2022_2Q,3
제주 6계 2021-26057,오피스텔(주거),오피스텔,오피스텔(업무용),제주,제주시,제주 제주시 애월읍 하귀2리 1795-1 애월위너빌 4층 406호,"309,000,000","216,300,000",낙찰,"231,750,000",75.0%,2022-05-10,2022_2Q,3
제주 6계 2021-26118,숙박시설,숙박시설,숙박시설,제주,서귀포시,"제주 서귀포시 서귀동 322-6 ,-18 JS라메르2차 2층 224호","149,000,000","73,010,000",낙찰,"75,010,000",50.3%,2022-06-14,2022_2Q,3
제주 4계 2021-26156,차량,기타토지,기타토지,제주,제주시,제주 제주시 외도일동 2155-3 (주)세경(064-712-4944)내 보관,"18,000,000","18,000,000",낙찰,"20,151,000",111.9%,2022-02-22,2022_1Q,3
제주 3계 2021-26385,전,전,전,제주,제주시,제주 제주시 한경면 고산리 2730-8,"119,616,000","83,731,000",낙찰,"89,690,000",75.0%,2022-05-03,2022_2Q,3
제주 6계 2021-26477,차량,기타토지,기타토지,제주,제주시,제주 제주시 용담삼동 1274-1 제3자현대물품보관소내 보관,"6,000,000","4,200,000",낙찰,"5,420,000",90.3%,2022-06-14,2022_2Q,3
제주 3계 2021-26507,임야,임야,임야,제주,제주시,제주 제주시 한림읍 상대리 4305,"371,560,000","371,560,000",낙찰,"379,900,000",102.2%,2022-05-03,2022_2Q,3
제주 6계 2021-26538(1),단독주택,단독,단독주택,제주,제주시,제주 제주시 해안동 36-25,"1,212,414,200","848,690,000",낙찰,"860,100,000",70.9%,2022-06-14,2022_2Q,3
제주 6계 2021-26538(2),단독주택,단독,단독주택,제주,제주시,제주 제주시 애월읍 고성리 102 74-15동,"501,860,155","501,860,155",낙찰,"580,000,000",115.6%,2022-05-10,2022_2Q,3
제주 4계 2021-26750,다세대,다세대주택,다세대,제주,서귀포시,제주 서귀포시 강정동 5670 서귀포강정코아루2차 103동 2층 204호,"395,000,000","276,500,000",낙찰,"306,100,000",77.5%,2022-06-14,2022_2Q,3
제주 3계 2021-26804,차량,기타토지,기타토지,제주,제주시,제주 제주시 용담삼동 1274-1 제3자현대물품보관소내 보관,"4,000,000","2,800,000",낙찰,"3,700,010",92.5%,2022-03-29,2022_1Q,3
제주 4계 2021-26934,차량,기타토지,기타토지,제주,제주시,제주 제주시 용담삼동 1274-1 제3자현대물품보관소(064-711-7200)내 보관,"16,000,000","11,200,000",낙찰,"12,450,000",77.8%,2022-04-05,2022_2Q,3
제주 6계 2021-26958,공장,공장(지식산업센터 업무시설),공장,제주,서귀포시,제주 서귀포시 안덕면 사계리 3216-1,"2,905,082,600","2,033,558,000",낙찰,"2,100,000,000",72.3%,2022-05-10,2022_2Q,3
제주 1계 2021-27029,차량,기타토지,기타토지,제주,제주시,제주 제주시 용담삼동 1274-1 내(제3자 현대물품보관소) 보관,"9,000,000","4,410,000",낙찰,"4,908,800",54.5%,2022-06-28,2022_2Q,3
제주 3계 2021-27104,다세대,다세대주택,다세대,제주,서귀포시,제주 서귀포시 강정동 5670 서귀포강정코아루2차 104동 1층 101호,"394,000,000","275,800,000",낙찰,"316,099,700",80.2%,2022-06-07,2022_2Q,3
제주 3계 2021-27289,전,전,전,제주,제주시,제주 제주시 애월읍 상가리 738,"70,254,540","49,178,000",낙찰,"61,330,000",87.3%,2022-06-07,2022_2Q,3
제주 5계 2021-27302,차량,기타토지,기타토지,제주,제주시,제주 제주시 외도일동 2155-1 제3자(주)세경에게보관,"22,000,000","15,400,000",낙찰,"19,010,000",86.4%,2022-06-21,2022_2Q,3
제주 6계 2021-27685,전,전,전,제주,서귀포시,제주 서귀포시 표선면 토산리 73,"344,983,000","344,983,000",낙찰,"350,500,000",101.6%,2022-05-10,2022_2Q,3
제주 2계 2021-27708,차량,기타토지,기타토지,제주,제주시,제주 제주시 외도일동 2155-1 제3자(주)세경에게 보관,"9,000,000","9,000,000",낙찰,"10,572,900",117.5%,2022-02-08,2022_1Q,3
제주 2계 2021-27753,차량,기타토지,기타토지,제주,제주시,제주 제주시 용담삼동 1274-1 제3자 현대물품보관소내 보관,"26,000,000","18,200,000",낙찰,"25,800,000",99.2%,2022-04-26,2022_2Q,3
제주 4계 2021-27784,차량,기타토지,기타토지,제주,제주시,제주 제주시 용담삼동 1274-1 제3자현대물품보관소(주)내 보관(064-711-7200),"27,000,000","18,900,000",낙찰,"21,510,000",79.7%,2022-06-14,2022_2Q,3
제주 2계 2021-27814,차량,기타토지,기타토지,제주,제주시,제주 제주시 외도일동 2155-1 제3자 (주)세경에게 보관,"6,000,000","4,200,000",낙찰,"5,311,000",88.5%,2022-06-14,2022_2Q,3
제주 6계 2021-28022,단독주택,단독,단독주택,제주,서귀포시,제주 서귀포시 하효동 682-3,"162,693,950","162,693,950",낙찰,"186,999,000",114.9%,2022-06-14,2022_2Q,3
제주 2계 2021-28367,차량,기타토지,기타토지,제주,제주시,제주 제주시 외도일동 2155-1 제3자 (주)세경에게 보관,"31,500,000","22,050,000",낙찰,"28,569,900",90.7%,2022-05-31,2022_2Q,3
제주 1계 2021-28664,차량,기타토지,기타토지,제주,제주시,제주 제주시 외도일동 2155-1 제3자(주)세경내 보관,"35,000,000","24,500,000",낙찰,"31,850,000",91.0%,2022-06-28,2022_2Q,3
제주 4계 2021-28756,전,전,전,제주,서귀포시,제주 서귀포시 대정읍 상모리 2365-65,"90,219,000","90,219,000",낙찰,"93,200,000",103.3%,2022-06-14,2022_2Q,3
제주 6계 2021-28954,차량,기타토지,기타토지,제주,제주시,제주 제주시 외도일동 2155-1 제3자(주)세경내 보관,"18,000,000","12,600,000",낙찰,"18,150,000",100.8%,2022-05-10,2022_2Q,3
제주 2계 2021-28978,차량,기타토지,기타토지,제주,제주시,제주 제주시 외도일동 2155-1 제3자 (주)세경에게 보관,"70,000,000","49,000,000",낙찰,"56,379,000",80.5%,2022-05-31,2022_2Q,3
제주 4계 2021-29049(1),차량,기타토지,기타토지,제주,제주시,제주 제주시 외도일동 18 (주)세경내 보관,"15,000,000","10,500,000",낙찰,"13,880,000",92.5%,2022-05-10,2022_2Q,3
제주 4계 2021-29049(2),차량,기타토지,기타토지,제주,제주시,제주 제주시 외도일동 18 (주)세경내 보관,"16,500,000","11,550,000",낙찰,"15,016,000",91.0%,2022-05-10,2022_2Q,3
제주 1계 2021-29193,차량,기타토지,기타토지,제주,제주시,제주 제주시 용담삼동 1274-1 제3자현대물품보관소(주)내 보관,"21,000,000","14,700,000",낙찰,"18,670,000",88.9%,2022-06-28,2022_2Q,3
제주 1계 2022-1093,차량,기타토지,기타토지,제주,제주시,제주 제주시 용담삼동 1274-1 현대물품보관소(주)내 보관,"1,000,000","700,000",낙찰,"701,000",70.1%,2022-06-28,2022_2Q,3
제주 2계 2022-20315,중기,기타토지,기타토지,제주,제주시,제주 제주시 외도일동 2155-1 제3자 (주)세경에게 보관,"20,000,000","14,000,000",낙찰,"14,999,900",75.0%,2022-06-14,2022_2Q,3
제주 1계 2022-20360,차량,기타토지,기타토지,제주,제주시,제주 제주시 외도일동 2155-3 (주)세경내 보관,"52,500,000","36,750,000",낙찰,"46,000,000",87.6%,2022-06-28,2022_2Q,3
제주 1계 2022-21905,차량,기타토지,기타토지,제주,제주시,제주 제주시 용담삼동 1274-1 제3자 현대물품보관소(주)내 보관,"6,000,000","6,000,000",낙찰,"6,111,100",101.9%,2022-06-28,2022_2Q,3
제주 3계 2016-3135,임야,임야,임야,제주,제주시,제주 제주시 구좌읍 세화리 산46-3,"887,256,000","887,256,000",낙찰,"887,500,000",100.0%,2022-08-16,2022_3Q,3
제주 4계 2019-5811,다세대,다세대주택,다세대,제주,제주시,제주 제주시 일도이동 1034-20 전진빌라 가동 지하층 1호,"125,000,000","61,250,000",낙찰,"63,500,000",50.8%,2022-09-27,2022_3Q,3
제주 6계 2020-447(2),과수원,과수원,과수원,제주,서귀포시,제주 서귀포시 남원읍 남원리 1927,"88,437,000","88,437,000",낙찰,"88,477,000",100.0%,2022-07-19,2022_3Q,3
제주 3계 2020-2948(1),전,전,전,제주,제주시,제주 제주시 한경면 고산리 1682-28,"50,787,000","35,551,000",낙찰,"41,000,000",80.7%,2022-08-16,2022_3Q,3
제주 3계 2020-2948(2),다세대,다세대주택,다세대,제주,제주시,제주 제주시 한경면 고산리 3453-15 스카이팰리스 2층 201호,"144,000,000","100,800,000",낙찰,"110,000,000",76.4%,2022-07-12,2022_3Q,3
제주 3계 2020-2948(3),다세대,다세대주택,다세대,제주,제주시,제주 제주시 한경면 고산리 3453-15 스카이팰리스 2층 202호,"148,000,000","103,600,000",낙찰,"110,000,000",74.3%,2022-07-12,2022_3Q,3
제주 3계 2020-2948(4),다세대,다세대주택,다세대,제주,제주시,제주 제주시 한경면 고산리 3453-15 스카이팰리스 3층 301호,"145,000,000","101,500,000",낙찰,"110,000,000",75.9%,2022-07-12,2022_3Q,3
제주 3계 2020-2948(5),다세대,다세대주택,다세대,제주,제주시,제주 제주시 한경면 고산리 3453-15 스카이팰리스 3층 302호,"150,000,000","105,000,000",낙찰,"110,000,000",73.3%,2022-07-12,2022_3Q,3
제주 3계 2020-2948(6),다세대,다세대주택,다세대,제주,제주시,제주 제주시 한경면 고산리 3453-15 스카이팰리스 4층 401호,"147,000,000","102,900,000",낙찰,"110,000,000",74.8%,2022-07-12,2022_3Q,3
제주 3계 2020-2948(7),다세대,다세대주택,다세대,제주,제주시,제주 제주시 한경면 고산리 3453-15 스카이팰리스 4층 402호,"148,000,000","103,600,000",낙찰,"110,000,000",74.3%,2022-07-12,2022_3Q,3
제주 3계 2020-2948(8),다세대,다세대주택,다세대,제주,제주시,제주 제주시 한경면 고산리 3453-15 스카이팰리스 5층 501호,"150,000,000","105,000,000",낙찰,"110,000,000",73.3%,2022-07-12,2022_3Q,3
제주 3계 2020-2948(9),다세대,다세대주택,다세대,제주,제주시,제주 제주시 한경면 고산리 3453-15 스카이팰리스 5층 502호,"134,000,000","93,800,000",낙찰,"100,000,000",74.6%,2022-07-12,2022_3Q,3
제주 4계 2020-3392,점포,근린상가,점포상가,제주,제주시,제주 제주시 연동 312-27,"818,532,000","818,532,000",낙찰,"913,221,500",111.6%,2022-07-19,2022_3Q,3
제주 2계 2020-4579,다세대,다세대주택,다세대,제주,서귀포시,"제주 서귀포시 남원읍 위미리 3278-14 ,3276 블루아일랜드 B동 1,2층 B105호","339,000,000","237,300,000",낙찰,"262,077,000",77.3%,2022-07-05,2022_3Q,3
제주 2계 2020-5039,콘도,기타토지,기타토지,제주,제주시,"제주 제주시 한림읍 귀덕리 2575 ,-6,2576,2577,1715 대명훼밀리텔콘 지층 B01호","6,498,894,000","3,184,458,000",낙찰,"3,907,000,000",60.1%,2022-07-05,2022_3Q,3
제주 6계 2020-6230(2),도로,기타토지,기타토지,제주,서귀포시,제주 서귀포시 표선면 성읍리 1436-1,"960,000","329,000",낙찰,"500,990",52.2%,2022-08-23,2022_3Q,3
제주 6계 2020-8038(1),단독주택,단독,단독주택,제주,제주시,"제주 제주시 애월읍 장전리 1739-11 ,-3 자동호","766,258,980","536,381,000",낙찰,"660,000,000",86.1%,2022-08-23,2022_3Q,3
제주 2계 2020-9918,임야,임야,임야,제주,제주시,제주 제주시 구좌읍 덕천리 470-44,"26,499,000","18,549,000",낙찰,"19,555,000",73.8%,2022-07-05,2022_3Q,3
제주 4계 2020-10956,단독주택,단독,단독주택,제주,제주시,"제주 제주시 애월읍 상귀리 528-1 ,529-2,537-1 102동","4,137,251,800","2,896,076,000",낙찰,"3,511,200,099",84.9%,2022-12-06,2022_4Q,3
제주 5계 2020-11140,임야,임야,임야,제주,제주시,제주 제주시 구좌읍 상도리 1301-2,"667,645,000","327,146,000",낙찰,"444,400,000",66.6%,2022-08-30,2022_3Q,3
제주 4계 2020-21093(2),임야,임야,임야,제주,제주시,제주 제주시 구좌읍 덕천리 산63-4,"1,084,774,280","260,454,000",낙찰,"275,111,000",25.4%,2022-07-19,2022_3Q,3
제주 5계 2020-23778,연립,연립주택,연립·빌라,제주,제주시,"제주 제주시 도평동 318 ,943 JDS빌리지 103동 2층 202호","285,000,000","199,500,000",낙찰,"249,950,000",87.7%,2022-12-13,2022_4Q,3
제주 1계 2020-26890,중기,기타토지,기타토지,제주,제주시,제주 제주시 용담삼동 1274-1 제3자현대물품보관소내 보관,"45,000,000","15,435,000",낙찰,"25,678,800",57.1%,2022-10-11,2022_4Q,3
제주 2계 2020-27565(2),과수원,과수원,과수원,제주,제주시,제주 제주시 한경면 판포리 863,"621,160,000","304,368,000",낙찰,"365,010,000",58.8%,2022-07-05,2022_3Q,3
제주 2계 2020-27985,임야,임야,임야,제주,서귀포시,제주 서귀포시 성산읍 수산리 2776-5,"121,675,000","59,621,000",낙찰,"81,220,000",66.8%,2022-07-05,2022_3Q,3
제주 1계 2021-277(1),숙박시설,숙박시설,숙박시설,제주,서귀포시,"제주 서귀포시 강정동 162-1 ,-2,-3 호텔윈스카이 2층 호211B호","138,000,000","33,134,000",낙찰,"42,150,100",30.5%,2022-08-02,2022_3Q,3
제주 2계 2021-284,숙박시설,숙박시설,숙박시설,제주,서귀포시,제주 서귀포시 법환동 745-5 밸류호텔월드와이드서귀포제이에스 4층 424호,"165,000,000","56,595,000",낙찰,"73,000,000",44.2%,2022-07-05,2022_3Q,3
제주 2계 2021-345,단독주택,단독,단독주택,제주,제주시,제주 제주시 애월읍 애월리 35 크리스마스애월 A3동,"379,704,920","265,793,000",낙찰,"360,030,000",94.8%,2022-07-05,2022_3Q,3
제주 1계 2021-970,전,전,전,제주,제주시,제주 제주시 한림읍 협재리 2207-2,"340,020,000","116,627,000",낙찰,"172,000,900",50.6%,2022-08-02,2022_3Q,3
제주 2계 2021-1010,숙박시설,숙박시설,숙박시설,제주,서귀포시,제주 서귀포시 서귀동 319-2 비스타케이호텔(천지연) 4층 410호,"154,000,000","25,883,000",낙찰,"32,270,000",21.0%,2022-10-18,2022_4Q,3
제주 4계 2021-1089(1),전,전,전,제주,제주시,제주 제주시 한경면 청수리 1929-6,"72,316,000","17,364,000",낙찰,"21,100,000",29.2%,2022-07-19,2022_3Q,3
제주 4계 2021-1089(3),전,전,전,제주,제주시,제주 제주시 한경면 청수리 1932-7,"62,952,000","15,114,000",낙찰,"21,100,000",33.5%,2022-07-19,2022_3Q,3
제주 4계 2021-1089(4),전,전,전,제주,제주시,제주 제주시 한경면 청수리 1932-9,"42,602,000","10,229,000",낙찰,"13,240,000",31.1%,2022-07-19,2022_3Q,3
제주 4계 2021-1225(4),과수원,과수원,과수원,제주,서귀포시,제주 서귀포시 남원읍 하례리 660,"163,671,000","163,671,000",낙찰,"171,188,000",104.6%,2022-08-23,2022_3Q,3
제주 2계 2021-1256(1),아파트,아파트,아파트,제주,서귀포시,제주 서귀포시 서홍동 303 신생훼밀리 1층 108호,"114,000,000","79,800,000",낙찰,"105,678,000",92.7%,2022-07-05,2022_3Q,3
제주 4계 2021-1270,창고,기타건물,창고,제주,서귀포시,"제주 서귀포시 성산읍 수산리 2797-1 ,-12","2,164,738,500","1,515,317,000",낙찰,"2,089,775,000",96.5%,2022-08-23,2022_3Q,3
제주 5계 2021-1478,근린상가,근린상가,근린상가,제주,제주시,제주 제주시 도평동 589-6 1호,"1,595,460,440","781,775,000",낙찰,"1,188,788,000",74.5%,2022-12-13,2022_4Q,3
제주 6계 2021-1669(1),임야,임야,임야,제주,서귀포시,제주 서귀포시 성산읍 시흥리 2563,"132,570,000","64,959,000",낙찰,"70,220,000",53.0%,2022-08-23,2022_3Q,3
제주 1계 2021-2143,전,전,전,제주,제주시,제주 제주시 한림읍 협재리 869,"1,513,026,000","741,383,000",낙찰,"813,000,000",53.7%,2022-09-06,2022_3Q,3
제주 2계 2021-2150,창고,기타건물,창고,제주,제주시,제주 제주시 한림읍 협재리 462,"9,121,928,840","6,385,350,000",낙찰,"6,396,450,000",70.1%,2022-08-09,2022_3Q,3
제주 2계 2021-2211,임야,임야,임야,제주,서귀포시,제주 서귀포시 성산읍 시흥리 2022,"1,295,977,000","635,029,000",낙찰,"651,357,000",50.3%,2022-09-13,2022_3Q,3
제주 2계 2021-2587,임야,임야,임야,제주,서귀포시,제주 서귀포시 성산읍 난산리 2620,"190,811,400","190,811,400",낙찰,"195,111,000",102.3%,2022-07-05,2022_3Q,3
제주 1계 2021-2686,숙박시설,숙박시설,숙박시설,제주,제주시,제주 제주시 연동 270-2 JK라마다앙코르제주호텔 9층 902호,"119,163,785","40,874,000",낙찰,"40,901,000",34.3%,2022-09-06,2022_3Q,3
제주 6계 2021-2730,전,전,전,제주,제주시,제주 제주시 구좌읍 하도리 1835-5,"14,000,800","6,861,000",낙찰,"7,820,000",55.9%,2022-11-01,2022_4Q,3
제주 2계 2021-2754(1),다세대,다세대주택,다세대,제주,제주시,"제주 제주시 한림읍 귀덕리 2401 ,2419-1,2419-5 에스하임 101동 4층 401호","281,000,000","196,700,000",낙찰,"197,000,000",70.1%,2022-12-27,2022_4Q,3
제주 2계 2021-2754(3),다세대,다세대주택,다세대,제주,제주시,"제주 제주시 한림읍 귀덕리 2401 ,2419-1,2419-5 에스하임 105동 3층 301호","228,000,000","159,600,000",낙찰,"170,100,000",74.6%,2022-12-27,2022_4Q,3
제주 5계 2021-2785(1),전,전,전,제주,제주시,제주 제주시 한경면 고산리 1666-10,"286,998,000","98,440,000",낙찰,"139,550,000",48.6%,2022-10-04,2022_4Q,3
제주 5계 2021-2785(2),전,전,전,제주,제주시,제주 제주시 한경면 고산리 1666-14,"593,096,000","415,167,000",낙찰,"457,200,000",77.1%,2022-07-26,2022_3Q,3
제주 2계 2021-2815(1),오피스텔(주거),오피스텔,오피스텔(업무용),제주,제주시,제주 제주시 삼도이동 1137 한집시티빌 2층 202호,"326,000,000","159,740,000",낙찰,"232,200,000",71.2%,2022-08-09,2022_3Q,3
제주 2계 2021-2815(2),오피스텔(주거),오피스텔,오피스텔(업무용),제주,제주시,제주 제주시 삼도이동 1137 한집시티빌 3층 301호,"325,000,000","227,500,000",낙찰,"227,770,000",70.1%,2022-07-05,2022_3Q,3
제주 2계 2021-2815(3),오피스텔(주거),오피스텔,오피스텔(업무용),제주,제주시,제주 제주시 삼도이동 1137 한집시티빌 4층 403호,"340,000,000","238,000,000",낙찰,"255,500,000",75.1%,2022-07-05,2022_3Q,3
제주 2계 2021-2815(4),오피스텔(주거),오피스텔,오피스텔(업무용),제주,제주시,제주 제주시 삼도이동 1137 한집시티빌 8층 802호,"355,000,000","248,500,000",낙찰,"248,770,000",70.1%,2022-07-05,2022_3Q,3
제주 2계 2021-2938,다세대,다세대주택,다세대,제주,제주시,제주 제주시 이호이동 1109-3 화인퍼스트빌4차102동 2층 202호,"240,000,000","168,000,000",낙찰,"218,400,000",91.0%,2022-07-05,2022_3Q,3
제주 4계 2021-3016(3),숙박시설,숙박시설,숙박시설,제주,서귀포시,"제주 서귀포시 강정동 162-1 ,-2,-3 호텔윈스카이 7층 호724H호","138,000,000","33,134,000",낙찰,"46,215,000",33.5%,2022-09-27,2022_3Q,3
제주 5계 2021-3023,숙박시설,숙박시설,숙박시설,제주,제주시,제주 제주시 연동 282-3 호텔에어시티제주 3층 317호,"164,000,000","56,252,000",낙찰,"66,620,000",40.6%,2022-08-30,2022_3Q,3
제주 1계 2021-3108(2),임야,임야,임야,제주,제주시,제주 제주시 애월읍 납읍리 1308-6,"430,706,000","211,046,000",낙찰,"271,000,000",62.9%,2022-10-11,2022_4Q,3
제주 2계 2021-3115,다세대,다세대주택,다세대,제주,제주시,제주 제주시 오라이동 1992-1 탐라빌리지 106동 4층 401호,"142,000,000","99,400,000",낙찰,"227,187,500",160.0%,2022-07-05,2022_3Q,3
제주 3계 2021-3122(2),단독주택,단독,단독주택,제주,제주시,제주 제주시 오라이동 135-1 5동,"411,881,240","288,317,000",낙찰,"295,000,000",71.6%,2022-07-12,2022_3Q,3
제주 3계 2021-3122(3),단독주택,단독,단독주택,제주,제주시,제주 제주시 오라이동 135-1 6동,"425,829,240","298,080,000",낙찰,"335,790,000",78.9%,2022-07-12,2022_3Q,3
제주 3계 2021-3122(4),단독주택,단독,단독주택,제주,제주시,제주 제주시 오라이동 135-1 7동,"444,849,240","311,394,000",낙찰,"312,000,000",70.1%,2022-07-12,2022_3Q,3
제주 3계 2021-3122(5),단독주택,단독,단독주택,제주,제주시,제주 제주시 오라이동 135-1 8동,"394,763,240","276,334,000",낙찰,"361,889,000",91.7%,2022-07-12,2022_3Q,3
제주 3계 2021-3122(6),단독주택,단독,단독주택,제주,제주시,제주 제주시 오라이동 135-1 12동,"392,861,240","192,502,000",낙찰,"277,100,000",70.5%,2022-11-29,2022_4Q,3
제주 1계 2021-3177(1),숙박시설,숙박시설,숙박시설,제주,서귀포시,제주 서귀포시 서귀동 319-2 비스타케이호텔(천지연) 2층 209호,"142,000,000","23,866,000",낙찰,"31,011,000",21.8%,2022-10-11,2022_4Q,3
제주 2계 2021-3184,숙박시설,숙박시설,숙박시설,제주,서귀포시,제주 서귀포시 서귀동 319-2 비스타케이호텔(천지연) 3층 309호,"154,000,000","25,883,000",낙찰,"37,009,000",24.0%,2022-11-22,2022_4Q,3
제주 2계 2021-3238,연립,연립주택,연립·빌라,제주,서귀포시,"제주 서귀포시 대정읍 보성리 2519 B동 1,2층 B3호","1,017,000,000","1,017,000,000",낙찰,"1,210,000,000",119.0%,2022-08-09,2022_3Q,3
제주 2계 2021-3306,창고,기타건물,창고,제주,제주시,제주 제주시 조천읍 함덕리 1801-2 가동,"2,323,510,910","2,323,510,910",낙찰,"2,530,000,000",108.9%,2022-07-05,2022_3Q,3
제주 5계 2021-3320,대지,나대지,나대지,제주,제주시,제주 제주시 한림읍 금능리 2072-1,"2,129,560,000","1,490,692,000",낙찰,"1,570,000,000",73.7%,2022-07-26,2022_3Q,3
제주 3계 2021-3429,점포,근린상가,점포상가,제주,제주시,제주 제주시 한경면 판포리 2873-4,"1,055,624,220","1,055,624,220",낙찰,"1,314,030,000",124.5%,2022-07-12,2022_3Q,3
제주 5계 2021-3443(1),전,전,전,제주,서귀포시,제주 서귀포시 영남동 76,"852,616,000","292,447,000",낙찰,"430,000,000",50.4%,2022-10-04,2022_4Q,3
제주 5계 2021-3443(2),임야,임야,임야,제주,서귀포시,제주 서귀포시 영남동 353,"5,124,436,000","1,757,682,000",낙찰,"1,765,000,000",34.4%,2022-10-04,2022_4Q,3
제주 4계 2021-3559(3),임야,임야,임야,제주,서귀포시,제주 서귀포시 성산읍 삼달리 28-6,"870,054,000","609,038,000",낙찰,"619,100,000",71.2%,2022-09-27,2022_3Q,3
제주 4계 2021-3559(1),임야,임야,임야,제주,서귀포시,제주 서귀포시 성산읍 삼달리 86-12,"171,196,000","171,196,000",낙찰,"190,000,000",111.0%,2022-09-27,2022_3Q,3
제주 5계 2021-3689(1),종교용지,기타건물,기타건물,제주,서귀포시,제주 서귀포시 상예동 3645,"135,080,000","135,080,000",낙찰,"159,790,000",118.3%,2022-10-04,2022_4Q,3
제주 2계 2021-3726(2),전,전,전,제주,제주시,제주 제주시 구좌읍 월정리 707,"103,900,800","72,731,000",낙찰,"76,760,000",73.9%,2022-07-05,2022_3Q,3
제주 2계 2021-3849,숙박시설,숙박시설,숙박시설,제주,서귀포시,제주 서귀포시 서호동 1522-2 라마다앙코르이스트호텔 8층 813호,"164,000,000","27,563,000",낙찰,"37,500,000",22.9%,2022-11-22,2022_4Q,3
제주 3계 2021-3856,전,전,전,제주,제주시,제주 제주시 애월읍 고내리 134,"1,523,914,000","522,703,000",낙찰,"547,900,000",36.0%,2022-11-29,2022_4Q,3
제주 2계 2021-3894,다세대,다세대주택,다세대,제주,제주시,제주 제주시 삼도일동 710-1 풍요로움빌 4층 402호,"214,000,000","149,800,000",낙찰,"205,799,999",96.2%,2022-07-05,2022_3Q,3
제주 2계 2021-3955(1),오피스텔(주거),오피스텔,오피스텔(업무용),제주,제주시,"제주 제주시 일도이동 602-1 ,-2,-3,-4,-5,-9,-11,-13 제주신항코아루디펠리체 5층 506호","138,000,000","67,620,000",낙찰,"86,940,000",63.0%,2022-08-09,2022_3Q,3
제주 4계 2021-4033,숙박시설,숙박시설,숙박시설,제주,서귀포시,제주 서귀포시 서호동 1522-1 그린트리인서귀포호텔 7층 725호,"118,000,000","19,832,000",낙찰,"26,011,000",22.0%,2022-11-01,2022_4Q,3
제주 5계 2021-4057,다세대,다세대주택,다세대,제주,서귀포시,제주 서귀포시 토평동 2194 헤이미쉬 102동 2층 202호,"209,000,000","102,410,000",낙찰,"142,501,000",68.2%,2022-10-04,2022_4Q,3
제주 1계 2021-4545,전,전,전,제주,서귀포시,제주 서귀포시 대정읍 무릉리 1009,"1,395,340,000","683,717,000",낙찰,"700,000,000",50.2%,2022-08-02,2022_3Q,3
제주 5계 2021-4583,단독주택,단독,단독주택,제주,제주시,제주 제주시 일도이동 146-24,"307,047,200","214,933,000",낙찰,"253,300,000",82.5%,2022-07-26,2022_3Q,3
제주 2계 2021-4613,주상복합(주거),기타토지,기타토지,제주,제주시,"제주 제주시 외도일동 633-4 ,-5 블루캐슬 8층 803호","475,000,000","332,500,000",낙찰,"399,500,000",84.1%,2022-08-09,2022_3Q,3
제주 5계 2021-4644,임야,임야,임야,제주,서귀포시,제주 서귀포시 표선면 하천리 2419,"27,053,840","9,280,000",낙찰,"10,010,000",37.0%,2022-12-13,2022_4Q,3
제주 5계 2021-4828,임야,임야,임야,제주,제주시,제주 제주시 구좌읍 세화리 산1-1,"19,651,000","13,756,000",낙찰,"22,200,000",113.0%,2022-12-13,2022_4Q,3
제주 1계 2021-4910(2),전,전,전,제주,서귀포시,제주 서귀포시 대정읍 보성리 1043-1,"509,548,000","249,679,000",낙찰,"315,150,000",61.8%,2022-08-02,2022_3Q,3
제주 2계 2021-4996,오피스텔,오피스텔,오피스텔(업무용),제주,서귀포시,"제주 서귀포시 서귀동 251-1 ,251-17,251-39 선경 6층 605호","91,000,000","44,590,000",낙찰,"50,000,000",54.9%,2022-10-18,2022_4Q,3
제주 2계 2021-5050,연립,연립주택,연립·빌라,제주,제주시,"제주 제주시 도평동 318 ,943 JDS빌리지 101동 4층 401호","399,000,000","279,300,000",낙찰,"316,660,000",79.4%,2022-08-09,2022_3Q,3
제주 2계 2021-5104,대지,나대지,나대지,제주,제주시,제주 제주시 삼도일동 796-1,"645,730,000","452,011,000",낙찰,"473,000,000",73.3%,2022-09-13,2022_3Q,3
제주 1계 2021-5166,임야,임야,임야,제주,제주시,제주 제주시 한림읍 금악리 2698,"163,060,000","55,929,000",낙찰,"65,170,000",40.0%,2022-10-11,2022_4Q,3
제주 2계 2021-5173,단독주택,단독,단독주택,제주,제주시,제주 제주시 애월읍 광령리 1309-10,"432,225,000","302,558,000",낙찰,"406,000,000",93.9%,2022-09-13,2022_3Q,3
제주 5계 2021-5241,아파트,아파트,아파트,제주,제주시,제주 제주시 도련일동 1689-8 세경캐슬2 3층 305호,"331,000,000","231,700,000",낙찰,"245,000,000",74.0%,2022-08-30,2022_3Q,3
제주 1계 2021-5326,공장,공장(지식산업센터 업무시설),공장,제주,제주시,제주 제주시 오등동 640,"1,785,162,600","1,249,614,000",낙찰,"1,371,330,000",76.8%,2022-08-02,2022_3Q,3
제주 2계 2021-5524,임야,임야,임야,제주,제주시,제주 제주시 조천읍 와산리 1366-10,"265,032,000","185,522,000",낙찰,"238,111,111",89.8%,2022-09-13,2022_3Q,3
제주 6계 2021-5678(2),전,전,전,제주,서귀포시,제주 서귀포시 대정읍 영락리 1646-12,"80,704,000","39,545,000",낙찰,"63,229,000",78.3%,2022-08-23,2022_3Q,3
제주 2계 2021-5692,전,전,전,제주,제주시,제주 제주시 한경면 저지리 2879-1,"44,400,000","31,080,000",낙찰,"34,188,000",77.0%,2022-09-13,2022_3Q,3
제주 5계 2021-5739,연립,연립주택,연립·빌라,제주,서귀포시,제주 서귀포시 대포동 1948 대포동그랑블루 2층 203호,"130,000,000","91,000,000",낙찰,"108,888,000",83.8%,2022-08-30,2022_3Q,3
제주 4계 2021-6022,관리사,기타건물,기타건물,제주,서귀포시,제주 서귀포시 토평동 1039-4,"420,269,910","420,269,910",낙찰,"435,311,000",103.6%,2022-08-23,2022_3Q,3
제주 6계 2021-6046,임야,임야,임야,제주,제주시,제주 제주시 구좌읍 종달리 산71,"10,912,000","7,638,000",낙찰,"8,772,000",80.4%,2022-07-19,2022_3Q,3
제주 2계 2021-6114,연립,연립주택,연립·빌라,제주,서귀포시,제주 서귀포시 남원읍 남원리 1352 디자인타운 5층 506호,"450,000,000","220,500,000",낙찰,"280,910,000",62.4%,2022-10-18,2022_4Q,3
제주 1계 2021-6169,전,전,전,제주,제주시,제주 제주시 애월읍 하귀2리 2800-5,"107,060,000","107,060,000",낙찰,"110,271,800",103.0%,2022-08-02,2022_3Q,3
제주 4계 2021-6190,다세대,다세대주택,다세대,제주,제주시,제주 제주시 애월읍 애월리 533 소담빌라 4층 402호,"120,000,000","84,000,000",낙찰,"100,119,000",83.4%,2022-12-06,2022_4Q,3
제주 6계 2021-6220,임야,임야,임야,제주,서귀포시,제주 서귀포시 중문동 242,"90,997,500","44,589,000",낙찰,"45,590,000",50.1%,2022-12-06,2022_4Q,3
제주 2계 2021-6299,아파트,아파트,아파트,제주,제주시,제주 제주시 아라일동 6121 아라아이파크 107동 1층 101호,"1,010,000,000","707,000,000",낙찰,"954,191,000",94.5%,2022-09-13,2022_3Q,3
제주 2계 2021-6367,점포,근린상가,점포상가,제주,서귀포시,"제주 서귀포시 대정읍 하모리 818-5 ,818-4","654,705,000","320,806,000",낙찰,"430,500,000",65.8%,2022-10-18,2022_4Q,3
제주 5계 2021-6459,전,전,전,제주,제주시,제주 제주시 오라삼동 2236,"920,639,000","451,113,000",낙찰,"477,777,777",51.9%,2022-10-04,2022_4Q,3
제주 6계 2021-6589,단독주택,단독,단독주택,제주,제주시,"제주 제주시 애월읍 광령리 1003-21 ,-37","652,158,800","456,511,000",낙찰,"580,300,000",89.0%,2022-08-23,2022_3Q,3
제주 2계 2021-6602,도로,기타토지,기타토지,제주,서귀포시,제주 서귀포시 동홍동 766-9,"47,032,020","23,045,000",낙찰,"31,200,000",66.3%,2022-10-18,2022_4Q,3
제주 5계 2021-6626(2),아파트,아파트,아파트,제주,제주시,제주 제주시 화북일동 9-1 화북2 203동 3층 305호,"295,000,000","295,000,000",낙찰,"331,640,000",112.4%,2022-12-13,2022_4Q,3
제주 4계 2021-6671,전,전,전,제주,서귀포시,제주 서귀포시 대정읍 무릉리 738-1,"80,722,160","39,554,000",낙찰,"50,000,000",61.9%,2022-09-27,2022_3Q,3
제주 5계 2021-6688,전,전,전,제주,제주시,제주 제주시 한림읍 금악리 1445,"125,396,000","87,777,000",낙찰,"90,070,000",71.8%,2022-10-04,2022_4Q,3
제주 1계 2021-6701,임야,임야,임야,제주,서귀포시,제주 서귀포시 색달동 413-2,"211,360,000","72,496,000",낙찰,"82,210,000",38.9%,2022-12-20,2022_4Q,3
제주 2계 2021-6718,단독주택,단독,단독주택,제주,서귀포시,제주 서귀포시 대포동 1523-8 민트하우스B,"1,132,772,600","792,941,000",낙찰,"889,000,000",78.5%,2022-10-18,2022_4Q,3
제주 3계 2021-6732(4),다세대,다세대주택,다세대,제주,서귀포시,제주 서귀포시 동홍동 641-1 A MIG A 5층 501호,"348,000,000","243,600,000",낙찰,"252,900,000",72.7%,2022-07-12,2022_3Q,3
제주 1계 2021-6770(1),임야,임야,임야,제주,제주시,제주 제주시 한림읍 월림리 산9-29,"81,796,000","57,257,000",낙찰,"57,400,000",70.2%,2022-11-15,2022_4Q,3
제주 1계 2021-6770(2),임야,임야,임야,제주,제주시,제주 제주시 한림읍 월림리 산9-61,"46,530,000","46,530,000",낙찰,"60,000,000",128.9%,2022-08-02,2022_3Q,3
제주 2계 2021-6800,오피스텔(주거),오피스텔,오피스텔(업무용),제주,제주시,제주 제주시 노형동 1046-12 노형퍼스트빌6차 8층 902호,"429,000,000","210,210,000",낙찰,"298,880,000",69.7%,2022-10-18,2022_4Q,3
제주 3계 2021-6909,연립,연립주택,연립·빌라,제주,서귀포시,제주 서귀포시 대정읍 보성리 2424 삼정지에듀 140동 2층 201호,"403,000,000","282,100,000",낙찰,"369,000,000",91.6%,2022-11-29,2022_4Q,3
제주 4계 2021-7032,다세대,다세대주택,다세대,제주,제주시,제주 제주시 연동 252-46 성원주택 가동 1층 102호,"77,000,000","77,000,000",낙찰,"93,100,000",120.9%,2022-12-06,2022_4Q,3
제주 1계 2021-7063(6),다세대,다세대주택,다세대,제주,제주시,"제주 제주시 영평동 2661-3 ,2658,2660 블루마운틴 101동 4층 402호","387,000,000","270,900,000",낙찰,"310,000,000",80.1%,2022-10-11,2022_4Q,3
제주 2계 2021-7070,단독주택,단독,단독주택,제주,제주시,제주 제주시 화북이동 3014-1,"13,514,900","13,514,900",낙찰,"40,500,000",299.7%,2022-09-13,2022_3Q,3
제주 3계 2021-7087,전,전,전,제주,제주시,제주 제주시 우도면 연평리 1348-3,"8,322,000","4,078,000",낙찰,"4,876,500",58.6%,2022-08-16,2022_3Q,3
제주 5계 2021-7100,주상복합(주거),기타토지,기타토지,제주,제주시,제주 제주시 연동 2324-1 도원스카이타워빌 5층 601호,"346,000,000","242,200,000",낙찰,"325,000,000",93.9%,2022-10-04,2022_4Q,3
제주 2계 2021-7131,다세대,다세대주택,다세대,제주,제주시,제주 제주시 아라이동 1128-4 탐라빌라 4층 501호,"201,000,000","98,490,000",낙찰,"141,500,000",70.4%,2022-11-22,2022_4Q,3
제주 1계 2021-7186,연립,연립주택,연립·빌라,제주,제주시,"제주 제주시 오라이동 1469-2 ,1470,1471 오라퍼스트빌2차 3층 301호","294,000,000","205,800,000",낙찰,"255,770,000",87.0%,2022-09-06,2022_3Q,3
제주 3계 2021-7209,연립,연립주택,연립·빌라,제주,제주시,제주 제주시 조천읍 신촌리 1331 제주조천코아루더테라스 103동 3층 301호,"298,000,000","208,600,000",낙찰,"245,657,000",82.4%,2022-08-16,2022_3Q,3
제주 5계 2021-7223,아파트,아파트,아파트,제주,제주시,제주 제주시 한림읍 한림리 1449-1 회성푸르니5차 A동 6층 707호,"254,000,000","177,800,000",낙찰,"230,019,000",90.6%,2022-08-30,2022_3Q,3
제주 6계 2021-7230(2),단독주택,단독,단독주택,제주,서귀포시,제주 서귀포시 성산읍 고성리 1211-6,"1,221,614,500","855,130,000",낙찰,"1,053,000,000",86.2%,2022-08-23,2022_3Q,3
제주 2계 2021-7254,임야,임야,임야,제주,제주시,제주 제주시 애월읍 광령리 681,"568,771,000","278,698,000",낙찰,"300,710,000",52.9%,2022-11-22,2022_4Q,3
제주 5계 2021-7308,다세대,다세대주택,다세대,제주,서귀포시,제주 서귀포시 동홍동 81-3 충암뉴빌라 B동 1층 102호,"153,000,000","107,100,000",낙찰,"121,000,000",79.1%,2022-08-30,2022_3Q,3
제주 2계 2021-7384,오피스텔(주거),오피스텔,오피스텔(업무용),제주,제주시,제주 제주시 노형동 906-5 한신코아 7층 702호,"66,000,000","46,200,000",낙찰,"51,290,000",77.7%,2022-10-18,2022_4Q,3
제주 3계 2021-7391(2),묘지,기타토지,기타토지,제주,서귀포시,제주 서귀포시 성산읍 온평리 2378,"54,739,000","54,739,000",낙찰,"71,575,000",130.8%,2022-07-12,2022_3Q,3
제주 4계 2021-7407,다세대,다세대주택,다세대,제주,제주시,제주 제주시 한림읍 한림리 1552-3 한림밀레니엄 4층 501호,"129,000,000","63,210,000",낙찰,"85,858,500",66.6%,2022-08-23,2022_3Q,3
제주 6계 2021-7421,전,전,전,제주,서귀포시,제주 서귀포시 대정읍 신도리 1786-1,"727,932,000","356,686,000",낙찰,"466,920,000",64.1%,2022-07-19,2022_3Q,3
제주 4계 2021-7469(2),전,전,전,제주,제주시,제주 제주시 한림읍 명월리 1245,"748,210,000","366,623,000",낙찰,"450,100,000",60.2%,2022-07-19,2022_3Q,3
제주 6계 2021-7544,전,전,전,제주,제주시,제주 제주시 도두이동 1023,"225,498,000","77,346,000",낙찰,"110,501,000",49.0%,2022-09-27,2022_3Q,3
제주 3계 2021-7636,전,전,전,제주,서귀포시,제주 서귀포시 표선면 토산리 1864-2,"323,620,000","226,534,000",낙찰,"235,070,000",72.6%,2022-07-12,2022_3Q,3
제주 1계 2021-7674,과수원,과수원,과수원,제주,제주시,제주 제주시 애월읍 하가리 591-1,"458,277,000","224,556,000",낙찰,"230,199,999",50.2%,2022-10-11,2022_4Q,3
제주 5계 2021-7773,임야,임야,임야,제주,제주시,제주 제주시 조천읍 와흘리 677,"414,120,000","142,043,000",낙찰,"161,110,000",38.9%,2022-12-13,2022_4Q,3
제주 3계 2021-7810,연립,연립주택,연립·빌라,제주,제주시,제주 제주시 한림읍 한림리 1253-4 오렌지 B동 2층 205호,"140,000,000","98,000,000",낙찰,"122,998,000",87.9%,2022-07-12,2022_3Q,3
제주 4계 2021-7827(1),전,전,전,제주,제주시,제주 제주시 한림읍 귀덕리 1890-2,"684,222,000","335,269,000",낙찰,"364,510,000",53.3%,2022-07-19,2022_3Q,3
제주 6계 2021-7902(1),전,전,전,제주,서귀포시,제주 서귀포시 성산읍 고성리 2247-1,"67,764,000","33,205,000",낙찰,"41,788,700",61.7%,2022-08-23,2022_3Q,3
제주 6계 2021-7902(2),전,전,전,제주,서귀포시,제주 서귀포시 성산읍 고성리 1000-3,"58,177,000","40,724,000",낙찰,"40,724,000",70.0%,2022-07-19,2022_3Q,3
제주 6계 2021-7964,연립,연립주택,연립·빌라,제주,서귀포시,제주 서귀포시 대정읍 상모리 3843 목성빌라 4층 502호,"112,000,000","78,400,000",낙찰,"83,300,000",74.4%,2022-07-19,2022_3Q,3
제주 2계 2021-7988,전,전,전,제주,서귀포시,제주 서귀포시 안덕면 사계리 1484-3,"480,940,000","480,940,000",낙찰,"545,000,000",113.3%,2022-11-22,2022_4Q,3
제주 3계 2021-7995,임야,임야,임야,제주,제주시,제주 제주시 한림읍 금악리 808-3,"90,720,000","63,504,000",낙찰,"67,740,000",74.7%,2022-07-12,2022_3Q,3
제주 2계 2021-8042,전,전,전,제주,서귀포시,제주 서귀포시 색달동 1058,"894,450,000","306,797,000",낙찰,"339,999,000",38.0%,2022-12-27,2022_4Q,3
제주 3계 2021-8059,대지,나대지,나대지,제주,제주시,제주 제주시 구좌읍 송당리 2832-3,"207,050,000","144,935,000",낙찰,"186,831,000",90.2%,2022-07-12,2022_3Q,3
제주 4계 2021-8127,대지,나대지,나대지,제주,제주시,제주 제주시 노형동 3792-6,"1,328,965,000","930,276,000",낙찰,"1,103,888,000",83.1%,2022-08-23,2022_3Q,3
제주 4계 2021-8202(1),전,전,전,제주,제주시,제주 제주시 한림읍 명월리 2030,"261,924,000","261,924,000",낙찰,"265,000,000",101.2%,2022-09-27,2022_3Q,3
제주 3계 2021-8288,단독주택,단독,단독주택,제주,제주시,제주 제주시 애월읍 장전리 953-9,"354,596,000","248,217,000",낙찰,"276,000,000",77.8%,2022-08-16,2022_3Q,3
제주 3계 2021-8318,근린상가,근린상가,근린상가,제주,제주시,제주 제주시 이도일동 1685-9 삼성주택 지하층,"139,000,000","68,110,000",낙찰,"81,500,000",58.6%,2022-09-20,2022_3Q,3
제주 1계 2021-8400,근린주택,근린주택,근린주택,제주,제주시,제주 제주시 용담이동 614-19,"100,238,780","49,117,000",낙찰,"60,555,000",60.4%,2022-11-15,2022_4Q,3
제주 3계 2021-8424,전,전,전,제주,서귀포시,제주 서귀포시 안덕면 창천리 1410,"275,739,000","193,017,000",낙찰,"219,870,000",79.7%,2022-09-20,2022_3Q,3
제주 2계 2021-8462,다세대,다세대주택,다세대,제주,제주시,제주 제주시 이도이동 1067-15 성하빌라2차 가동 3층 302호,"190,000,000","133,000,000",낙찰,"159,611,110",84.0%,2022-11-22,2022_4Q,3
제주 3계 2021-8479,단독주택,단독,단독주택,제주,제주시,"제주 제주시 한경면 신창리 1363-3 ,1371-6,-19 2동호","1,579,904,820","774,153,000",낙찰,"981,980,000",62.2%,2022-09-20,2022_3Q,3
제주 4계 2021-8486,숙박시설,숙박시설,숙박시설,제주,제주시,"제주 제주시 연동 274-37 ,-32,-35 디오션시티1차 9층 929호","120,000,000","58,800,000",낙찰,"86,660,000",72.2%,2022-11-01,2022_4Q,3
제주 1계 2021-8516,다세대,다세대주택,다세대,제주,제주시,제주 제주시 오라삼동 2623 오렌지트리빌리지4차 101동 4층 402호,"399,000,000","279,300,000",낙찰,"295,100,000",74.0%,2022-10-11,2022_4Q,3
제주 4계 2021-8547,대지,나대지,나대지,제주,서귀포시,제주 서귀포시 대정읍 무릉리 2883,"214,620,000","150,234,000",낙찰,"162,345,000",75.6%,2022-08-23,2022_3Q,3
제주 2계 2021-8561,단독주택,단독,단독주택,제주,제주시,제주 제주시 조천읍 와산리 326-8,"324,774,500","227,342,000",낙찰,"312,750,000",96.3%,2022-10-18,2022_4Q,3
제주 4계 2021-8608,임야,임야,임야,제주,서귀포시,제주 서귀포시 성산읍 난산리 2723-12,"35,644,000","24,951,000",낙찰,"25,999,000",72.9%,2022-07-19,2022_3Q,3
제주 1계 2021-8639,단독주택,단독,단독주택,제주,제주시,제주 제주시 한경면 낙천리 1723,"5,950,000","5,950,000",낙찰,"12,800,000",215.1%,2022-10-11,2022_4Q,3
제주 1계 2021-8691,다세대,다세대주택,다세대,제주,서귀포시,제주 서귀포시 회수동 659-1 디엠하우스 B동 1층 101호,"187,000,000","130,900,000",낙찰,"151,500,000",81.0%,2022-10-11,2022_4Q,3
제주 2계 2021-8707,목장용지,기타토지,목장용지,제주,제주시,제주 제주시 조천읍 와흘리 277-2,"31,902,900","15,632,000",낙찰,"25,920,000",81.2%,2022-12-27,2022_4Q,3
제주 6계 2021-8745(1),임야,임야,임야,제주,제주시,제주 제주시 애월읍 어음리 499-4,"1,502,256,000","736,105,000",낙찰,"771,000,000",51.3%,2022-09-27,2022_3Q,3
제주 1계 2021-8875,오피스텔(주거),오피스텔,오피스텔(업무용),제주,제주시,제주 제주시 연동 273-27 연동뜨레모아팰리스 6층 601호,"186,000,000","130,200,000",낙찰,"131,700,000",70.8%,2022-10-11,2022_4Q,3
제주 1계 2021-8899(1),차량,기타토지,기타토지,제주,제주시,제주 제주시 용담삼동 1274-1 제3자 현대물품보관소(주)내 보관,"9,000,000","6,300,000",낙찰,"8,119,000",90.2%,2022-08-02,2022_3Q,3
제주 1계 2021-8899(2),차량,기타토지,기타토지,제주,제주시,제주 제주시 용담삼동 1274-1 제3자 현대물품보관소(주)내 보관,"14,000,000","9,800,000",낙찰,"15,588,800",111.3%,2022-08-02,2022_3Q,3
제주 1계 2021-8899(3),차량,기타토지,기타토지,제주,제주시,제주 제주시 용담삼동 1274-1 제3자 현대물품보관소(주)내 보관,"10,000,000","7,000,000",낙찰,"8,610,000",86.1%,2022-08-02,2022_3Q,3
제주 2계 2021-20608,임야,임야,임야,제주,서귀포시,제주 서귀포시 표선면 가시리 1488,"11,732,750","5,749,000",낙찰,"6,330,000",54.0%,2022-07-05,2022_3Q,3
제주 2계 2021-20660,도로,기타토지,기타토지,제주,서귀포시,제주 서귀포시 서귀동 596-4,"108,900,000","53,361,000",낙찰,"76,210,000",70.0%,2022-07-05,2022_3Q,3
제주 2계 2021-21083(1),전,전,전,제주,제주시,제주 제주시 한림읍 한림리 490,"201,335,000","140,935,000",낙찰,"151,100,000",75.0%,2022-07-05,2022_3Q,3
제주 2계 2021-21083(2),전,전,전,제주,제주시,제주 제주시 우도면 연평리 77-1,"1,304,652,000","913,256,000",낙찰,"951,100,000",72.9%,2022-07-05,2022_3Q,3
제주 2계 2021-21083(4),창고,기타건물,창고,제주,서귀포시,제주 서귀포시 성산읍 오조리 1691-1,"1,322,198,000","925,539,000",낙찰,"950,001,200",71.9%,2022-07-05,2022_3Q,3
제주 2계 2021-21083(3),전,전,전,제주,서귀포시,제주 서귀포시 성산읍 오조리 1691,"782,652,000","547,856,000",낙찰,"582,123,000",74.4%,2022-08-09,2022_3Q,3
제주 5계 2021-21113,대지,나대지,나대지,제주,서귀포시,제주 서귀포시 표선면 하천리 588-1,"29,991,500","14,696,000",낙찰,"21,570,000",71.9%,2022-07-26,2022_3Q,3
제주 2계 2021-21380,콘도,기타토지,기타토지,제주,제주시,"제주 제주시 한림읍 협재리 2838 ,2839,2840,2841,2842 라온프라이빗타운 102동 7층 702호","756,000,000","756,000,000",낙찰,"956,000,000",126.5%,2022-10-18,2022_4Q,3
제주 5계 2021-21410,단독주택,단독,단독주택,제주,제주시,제주 제주시 애월읍 상가리 51-29,"806,631,380","806,631,380",낙찰,"831,955,500",103.1%,2022-07-26,2022_3Q,3
제주 6계 2021-21618,임야,임야,임야,제주,제주시,제주 제주시 한림읍 협재리 2752-7,"341,322,000","40,156,000",낙찰,"51,789,990",15.2%,2022-07-19,2022_3Q,3
제주 1계 2021-21649(1),전,전,전,제주,제주시,제주 제주시 한림읍 협재리 2173-16,"515,718,000","252,702,000",낙찰,"331,100,000",64.2%,2022-09-06,2022_3Q,3
제주 1계 2021-21649(2),전,전,전,제주,제주시,제주 제주시 한림읍 협재리 2173-15,"652,544,000","456,781,000",낙찰,"487,777,000",74.8%,2022-08-02,2022_3Q,3
제주 1계 2021-21649(3),전,전,전,제주,제주시,제주 제주시 한림읍 협재리 2173-18,"952,770,000","466,857,000",낙찰,"559,999,999",58.8%,2022-09-06,2022_3Q,3
제주 3계 2021-21823,임야,임야,임야,제주,제주시,제주 제주시 한경면 판포리 산5-8,"205,662,500","205,662,500",낙찰,"310,000,000",150.7%,2022-07-12,2022_3Q,3
제주 5계 2021-22017,전,전,전,제주,서귀포시,제주 서귀포시 토평동 612-1,"157,612,754","54,061,000",낙찰,"72,895,720",46.2%,2022-08-30,2022_3Q,3
제주 2계 2021-22048,다세대,다세대주택,다세대,제주,제주시,제주 제주시 애월읍 광령리 2807-3 C동 1층 102호,"9,700,000","1,630,000",낙찰,"1,750,000",18.0%,2022-10-18,2022_4Q,3
제주 5계 2021-22130,전,전,전,제주,제주시,제주 제주시 한경면 고산리 3590-1,"3,112,410,000","1,525,081,000",낙찰,"2,120,777,000",68.1%,2022-11-08,2022_4Q,3
제주 5계 2021-22192,다세대,다세대주택,다세대,제주,제주시,제주 제주시 이호이동 876-1 해송빌라 나동 3층 302호,"151,000,000","105,700,000",낙찰,"123,456,000",81.8%,2022-08-30,2022_3Q,3
제주 2계 2021-22222,단독주택,단독,단독주택,제주,서귀포시,제주 서귀포시 남원읍 의귀리 1346-5,"532,824,900","372,977,000",낙찰,"442,153,000",83.0%,2022-08-09,2022_3Q,3
제주 2계 2021-22581(1),연립,연립주택,연립·빌라,제주,제주시,제주 제주시 한림읍 수원리 678-2 대산빌라 3층 305호,"113,000,000","79,100,000",낙찰,"106,000,000",93.8%,2022-08-09,2022_3Q,3
제주 2계 2021-22581(2),단독주택,단독,단독주택,제주,서귀포시,제주 서귀포시 대정읍 상모리 3642,"263,836,800","129,280,000",낙찰,"171,600,000",65.0%,2022-09-13,2022_3Q,3
제주 3계 2021-22673(2),임야,임야,임야,제주,제주시,제주 제주시 애월읍 광령리 506,"233,102,000","79,954,000",낙찰,"102,010,000",43.8%,2022-07-12,2022_3Q,3
제주 5계 2021-22796,전,전,전,제주,제주시,제주 제주시 한경면 조수리 2555,"725,610,000","248,884,000",낙찰,"265,520,000",36.6%,2022-10-04,2022_4Q,3
제주 2계 2021-22833,전,전,전,제주,제주시,제주 제주시 추자면 예초리 105,"6,239,000","6,239,000",낙찰,"9,120,000",146.2%,2022-10-18,2022_4Q,3
제주 4계 2021-22857(1),전,전,전,제주,서귀포시,제주 서귀포시 안덕면 서광리 374-1,"531,732,000","372,212,000",낙찰,"441,100,000",83.0%,2022-09-27,2022_3Q,3
제주 4계 2021-22857(2),임야,임야,임야,제주,서귀포시,제주 서귀포시 안덕면 서광리 703,"793,455,000","388,793,000",낙찰,"399,990,000",50.4%,2022-11-01,2022_4Q,3
제주 2계 2021-23317,임야,임야,임야,제주,제주시,제주 제주시 조천읍 선흘리 2278,"112,840,000","38,704,000",낙찰,"50,292,000",44.6%,2022-09-13,2022_3Q,3
제주 4계 2021-23331,대지,나대지,나대지,제주,제주시,제주 제주시 노형동 2613-2,"6,154,890,000","4,308,423,000",낙찰,"5,780,000,000",93.9%,2022-07-19,2022_3Q,3
제주 5계 2021-23461,임야,임야,임야,제주,서귀포시,제주 서귀포시 대정읍 동일리 93-7,"6,050,000","4,235,000",낙찰,"4,550,000",75.2%,2022-07-26,2022_3Q,3
제주 2계 2021-23492,전,전,전,제주,제주시,제주 제주시 애월읍 장전리 333-4,"11,050,000","5,415,000",낙찰,"7,580,000",68.6%,2022-08-09,2022_3Q,3
제주 5계 2021-23829,연립,연립주택,연립·빌라,제주,서귀포시,제주 서귀포시 동홍동 87-2 가나애릿내 가동 4층 502호,"186,000,000","130,200,000",낙찰,"145,111,111",78.0%,2022-07-26,2022_3Q,3
제주 2계 2021-23850,대지,나대지,나대지,제주,서귀포시,제주 서귀포시 남원읍 하례리 700,"44,427,560","31,099,000",낙찰,"32,400,000",72.9%,2022-07-05,2022_3Q,3
제주 5계 2021-24068,다세대,다세대주택,다세대,제주,서귀포시,제주 서귀포시 호근동 1773 엔알노블레스 4층 504호,"323,000,000","158,270,000",낙찰,"217,000,000",67.2%,2022-08-30,2022_3Q,3
제주 5계 2021-24198,단독주택,단독,단독주택,제주,제주시,제주 제주시 용담삼동 2357,"1,019,965,260","713,976,000",낙찰,"895,110,000",87.8%,2022-10-04,2022_4Q,3
제주 3계 2021-24525,전,전,전,제주,서귀포시,제주 서귀포시 안덕면 동광리 30,"7,930,500","1,333,000",낙찰,"1,333,000",16.8%,2022-08-16,2022_3Q,3
제주 4계 2021-24723(1),전,전,전,제주,서귀포시,제주 서귀포시 표선면 하천리 808,"402,139,000","281,497,000",낙찰,"293,000,000",72.9%,2022-11-01,2022_4Q,3
제주 1계 2021-24891,임야,임야,임야,제주,서귀포시,제주 서귀포시 상예동 산2,"53,838,700","26,381,000",낙찰,"28,000,000",52.0%,2022-08-02,2022_3Q,3
제주 2계 2021-25078,과수원,과수원,과수원,제주,제주시,제주 제주시 한림읍 대림리 656,"68,076,000","68,076,000",낙찰,"68,100,000",100.0%,2022-07-05,2022_3Q,3
제주 3계 2021-25146,다세대,다세대주택,다세대,제주,제주시,"제주 제주시 구좌읍 김녕리 1637-1 ,1638-1 신원빌라 2층 201호","119,000,000","58,310,000",낙찰,"84,320,000",70.9%,2022-08-16,2022_3Q,3
제주 1계 2021-25245,임야,임야,임야,제주,제주시,제주 제주시 한림읍 금악리 758-2,"6,720,000","3,293,000",낙찰,"3,300,100",49.1%,2022-09-06,2022_3Q,3
제주 2계 2021-25252,주상복합(주거),기타토지,기타토지,제주,제주시,제주 제주시 도남동 923-13 성환아파트및도남시장 7층 710호,"213,000,000","149,100,000",낙찰,"180,100,000",84.6%,2022-08-09,2022_3Q,3
제주 6계 2021-25368,아파트,아파트,아파트,제주,제주시,제주 제주시 삼양이동 2146-3 대일 나동 5층 605호,"93,000,000","31,899,000",낙찰,"45,000,000",48.4%,2022-07-19,2022_3Q,3
제주 1계 2021-25375,대지,나대지,나대지,제주,제주시,제주 제주시 아라일동 6059-2,"734,596,000","514,217,000",낙찰,"637,029,000",86.7%,2022-08-02,2022_3Q,3
제주 2계 2021-25382,숙박시설,숙박시설,숙박시설,제주,제주시,제주 제주시 연동 282-3 호텔에어시티제주 18층 1809호,"671,000,000","469,700,000",낙찰,"621,000,000",92.5%,2022-10-18,2022_4Q,3
제주 1계 2021-25504,단독주택,단독,단독주택,제주,제주시,제주 제주시 애월읍 광령리 1066-11,"949,450,800","664,616,000",낙찰,"855,800,000",90.1%,2022-08-02,2022_3Q,3
제주 2계 2021-25511,임야,임야,임야,제주,제주시,제주 제주시 애월읍 어음리 2636,"440,974,000","308,682,000",낙찰,"322,500,000",73.1%,2022-08-09,2022_3Q,3
제주 1계 2021-25559,과수원,과수원,과수원,제주,서귀포시,제주 서귀포시 남원읍 한남리 247-5,"28,051,140","19,636,000",낙찰,"19,700,000",70.2%,2022-08-02,2022_3Q,3
제주 2계 2021-25566(1),임야,임야,임야,제주,서귀포시,제주 서귀포시 성산읍 오조리 74,"148,960,000","72,990,000",낙찰,"80,100,000",53.8%,2022-10-18,2022_4Q,3
제주 2계 2021-25566(2),임야,임야,임야,제주,서귀포시,제주 서귀포시 성산읍 오조리 76,"67,648,000","23,204,000",낙찰,"26,399,000",39.0%,2022-11-22,2022_4Q,3
제주 2계 2021-25566(3),임야,임야,임야,제주,서귀포시,제주 서귀포시 성산읍 오조리 77,"51,520,000","36,064,000",낙찰,"37,777,700",73.3%,2022-11-22,2022_4Q,3
제주 4계 2021-25580,전,전,전,제주,제주시,제주 제주시 구좌읍 상도리 105,"534,366,000","183,287,000",낙찰,"238,300,000",44.6%,2022-08-23,2022_3Q,3
제주 3계 2021-25702,연립,연립주택,연립·빌라,제주,서귀포시,제주 서귀포시 대정읍 보성리 2548 에듀골드힐더클래식 103동 2층 203호,"232,000,000","113,680,000",낙찰,"163,128,999",70.3%,2022-08-16,2022_3Q,3
제주 5계 2021-25726,오피스텔(주거),오피스텔,오피스텔(업무용),제주,제주시,제주 제주시 이도일동 1244-1 파미르파크 5층 522호,"149,000,000","104,300,000",낙찰,"110,300,000",74.0%,2022-08-30,2022_3Q,3
제주 1계 2021-25795,단독주택,단독,단독주택,제주,제주시,제주 제주시 이도이동 1149-3,"681,973,720","477,382,000",낙찰,"559,990,000",82.1%,2022-08-02,2022_3Q,3
제주 2계 2021-25801,묘지,기타토지,기타토지,제주,서귀포시,제주 서귀포시 표선면 하천리 896,"28,080,000","28,080,000",낙찰,"31,737,000",113.0%,2022-08-09,2022_3Q,3
제주 2계 2021-25863,연립,연립주택,연립·빌라,제주,서귀포시,제주 서귀포시 강정동 5670 서귀포강정코아루2차 102동 1층 103호,"390,000,000","191,100,000",낙찰,"283,400,000",72.7%,2022-12-27,2022_4Q,3
제주 4계 2021-26293,임야,임야,임야,제주,서귀포시,제주 서귀포시 성산읍 난산리 1843-1,"1,300,628,000","637,308,000",낙찰,"925,555,500",71.2%,2022-08-23,2022_3Q,3
제주 1계 2021-26323(1),오피스텔(주거),오피스텔,오피스텔(업무용),제주,제주시,제주 제주시 연동 292-86 연동드림아이 7층 707호,"157,000,000","109,900,000",낙찰,"110,100,000",70.1%,2022-09-06,2022_3Q,3
제주 1계 2021-26323(2),오피스텔(주거),오피스텔,오피스텔(업무용),제주,제주시,제주 제주시 연동 292-86 연동드림아이 2층 204호,"165,000,000","80,850,000",낙찰,"100,070,090",60.6%,2022-10-11,2022_4Q,3
제주 1계 2021-26323(3),오피스텔(주거),오피스텔,오피스텔(업무용),제주,제주시,제주 제주시 연동 292-86 연동드림아이 4층 404호,"153,000,000","74,970,000",낙찰,"107,900,000",70.5%,2022-10-11,2022_4Q,3
제주 1계 2021-26323(4),오피스텔,오피스텔,오피스텔(업무용),제주,제주시,제주 제주시 연동 292-86 연동드림아이 5층 506호,"153,000,000","107,100,000",낙찰,"121,660,000",79.5%,2022-09-06,2022_3Q,3
제주 1계 2021-26323(5),오피스텔(주거),오피스텔,오피스텔(업무용),제주,제주시,제주 제주시 연동 292-86 연동드림아이 2층 205호,"165,000,000","80,850,000",낙찰,"98,500,000",59.7%,2022-10-11,2022_4Q,3
제주 1계 2021-26323(6),오피스텔(주거),오피스텔,오피스텔(업무용),제주,제주시,제주 제주시 연동 292-86 연동드림아이 3층 305호,"153,000,000","74,970,000",낙찰,"103,480,000",67.6%,2022-10-11,2022_4Q,3
제주 1계 2021-26323(7),오피스텔,오피스텔,오피스텔(업무용),제주,제주시,제주 제주시 연동 292-86 연동드림아이 5층 505호,"153,000,000","74,970,000",낙찰,"112,000,000",73.2%,2022-10-11,2022_4Q,3
제주 1계 2021-26323(8),오피스텔,오피스텔,오피스텔(업무용),제주,제주시,제주 제주시 연동 292-86 연동드림아이 3층 304호,"153,000,000","107,100,000",낙찰,"107,150,000",70.0%,2022-09-06,2022_3Q,3
제주 1계 2021-26323(9),오피스텔(주거),오피스텔,오피스텔(업무용),제주,제주시,제주 제주시 연동 292-86 연동드림아이 4층 405호,"153,000,000","74,970,000",낙찰,"107,900,000",70.5%,2022-10-11,2022_4Q,3
제주 1계 2021-26323(10),오피스텔(주거),오피스텔,오피스텔(업무용),제주,제주시,제주 제주시 연동 292-86 연동드림아이 2층 201호,"223,000,000","156,100,000",낙찰,"160,000,000",71.7%,2022-09-06,2022_3Q,3
제주 2계 2021-26330,축사,기타토지,기타토지,제주,제주시,제주 제주시 용담이동 928-51 1호,"467,348,600","327,144,000",낙찰,"380,000,000",81.3%,2022-09-13,2022_3Q,3
제주 6계 2021-26415,단독주택,단독,단독주택,제주,서귀포시,제주 서귀포시 표선면 세화리 2192-4,"807,505,190","395,678,000",낙찰,"481,110,000",59.6%,2022-08-23,2022_3Q,3
제주 3계 2021-26446,오피스텔(주거),오피스텔,오피스텔(업무용),제주,제주시,제주 제주시 연동 292-86 연동드림아이 6층 604호,"156,000,000","76,440,000",낙찰,"109,550,000",70.2%,2022-07-12,2022_3Q,3
제주 4계 2021-26514,아파트,아파트,아파트,제주,제주시,제주 제주시 화북일동 4087-2 뜨레향 2층 201호,"246,000,000","172,200,000",낙찰,"230,000,000",93.5%,2022-08-23,2022_3Q,3
제주 6계 2021-26590,단독주택,단독,단독주택,제주,서귀포시,제주 서귀포시 안덕면 덕수리 1496-2,"544,481,240","381,137,000",낙찰,"419,900,000",77.1%,2022-07-19,2022_3Q,3
제주 1계 2021-26606,전,전,전,제주,제주시,제주 제주시 구좌읍 하도리 479-1,"99,242,780","69,470,000",낙찰,"96,666,600",97.4%,2022-11-15,2022_4Q,3
제주 5계 2021-26644,차량,기타토지,기타토지,제주,제주시,제주 제주시 용담삼동 1274-1 현대물품보관소(주)내 보관,"15,000,000","10,500,000",낙찰,"13,600,000",90.7%,2022-07-26,2022_3Q,3
제주 2계 2021-26736,다세대,다세대주택,다세대,제주,제주시,제주 제주시 한림읍 한림리 968-10 진영주택 나동 2층 201호,"100,000,000","70,000,000",낙찰,"95,200,000",95.2%,2022-10-18,2022_4Q,3
제주 1계 2021-26781,다세대,다세대주택,다세대,제주,서귀포시,제주 서귀포시 강정동 5670 서귀포강정코아루2차 102동 3층 302호,"394,000,000","275,800,000",낙찰,"291,690,000",74.0%,2022-09-06,2022_3Q,3
제주 5계 2021-26828,단독주택,단독,단독주택,제주,제주시,제주 제주시 한림읍 금능리 1755-1,"421,908,000","295,336,000",낙찰,"340,258,000",80.6%,2022-10-04,2022_4Q,3
제주 1계 2021-26859,임야,임야,임야,제주,서귀포시,제주 서귀포시 성산읍 삼달리 1783-4,"11,254,000","7,878,000",낙찰,"10,010,000",88.9%,2022-09-06,2022_3Q,3
제주 4계 2021-26996,오피스텔(주거),오피스텔,오피스텔(업무용),제주,서귀포시,"제주 서귀포시 서귀동 251-1 ,-17,-39 선경 9층 920호","57,000,000","39,900,000",낙찰,"55,310,000",97.0%,2022-07-19,2022_3Q,3
제주 3계 2021-27166,주상복합(주거),기타토지,기타토지,제주,제주시,제주 제주시 외도일동 479-3 대송파크빌 7층 801호,"292,000,000","204,400,000",낙찰,"234,009,000",80.1%,2022-07-12,2022_3Q,3
제주 4계 2021-27173,임야,임야,임야,제주,서귀포시,제주 서귀포시 성산읍 시흥리 544,"474,432,000","332,102,000",낙찰,"335,111,000",70.6%,2022-07-19,2022_3Q,3
제주 1계 2021-27210(2),도로,기타토지,기타토지,제주,서귀포시,제주 서귀포시 동홍동 1528-9,"167,564,000","40,233,000",낙찰,"42,233,000",25.2%,2022-12-20,2022_4Q,3
제주 1계 2021-27265,연립,연립주택,연립·빌라,제주,서귀포시,제주 서귀포시 강정동 5670 서귀포강정코아루2차 103동 1층 102호,"396,000,000","194,040,000",낙찰,"281,001,000",71.0%,2022-10-11,2022_4Q,3
제주 2계 2021-27272,연립,연립주택,연립·빌라,제주,서귀포시,제주 서귀포시 강정동 5670 서귀포강정코아루2차 102동 3층 304호,"395,000,000","276,500,000",낙찰,"285,200,000",72.2%,2022-10-18,2022_4Q,3
제주 4계 2021-27296,전,전,전,제주,제주시,제주 제주시 애월읍 하귀2리 2782-5,"583,248,000","408,274,000",낙찰,"601,200,000",103.1%,2022-07-19,2022_3Q,3
제주 2계 2021-27333,단독주택,단독,단독주택,제주,제주시,제주 제주시 도련이동 641-1 1호,"139,528,500","97,670,000",낙찰,"124,800,000",89.4%,2022-10-18,2022_4Q,3
제주 1계 2021-27388,전,전,전,제주,제주시,제주 제주시 한림읍 한림리 1272-1,"40,267,000","28,187,000",낙찰,"31,277,000",77.7%,2022-09-06,2022_3Q,3
제주 2계 2021-27395,대지,나대지,나대지,제주,서귀포시,제주 서귀포시 토평동 1320-3,"75,330,000","75,330,000",낙찰,"78,189,000",103.8%,2022-11-22,2022_4Q,3
제주 1계 2021-27449,임야,임야,임야,제주,서귀포시,제주 서귀포시 토평동 3240,"98,268,240","68,788,000",낙찰,"69,000,000",70.2%,2022-12-20,2022_4Q,3
제주 2계 2021-27456(1),임야,임야,임야,제주,제주시,제주 제주시 한림읍 상대리 901-23,"81,120,000","56,784,000",낙찰,"63,000,000",77.7%,2022-10-18,2022_4Q,3
제주 2계 2021-27456(2),임야,임야,임야,제주,제주시,제주 제주시 한림읍 상대리 901-24,"33,306,000","33,306,000",낙찰,"34,567,000",103.8%,2022-09-13,2022_3Q,3
제주 1계 2021-27500,아파트,아파트,아파트,제주,제주시,제주 제주시 연동 292-4 연동휴레스트2차 5층 605호,"96,000,000","67,200,000",낙찰,"67,510,000",70.3%,2022-09-06,2022_3Q,3
제주 1계 2021-27692,다세대,다세대주택,다세대,제주,제주시,제주 제주시 노형동 944-8 아산빌라 2층 201호,"177,000,000","123,900,000",낙찰,"165,711,000",93.6%,2022-09-06,2022_3Q,3
제주 3계 2021-27777,목장용지,기타토지,목장용지,제주,제주시,제주 제주시 조천읍 와흘리 산13-72,"14,080,000","9,856,000",낙찰,"10,000,000",71.0%,2022-08-16,2022_3Q,3
제주 1계 2021-27807(1),전,전,전,제주,제주시,제주 제주시 한림읍 명월리 1290,"300,440,000","300,440,000",낙찰,"330,900,000",110.1%,2022-09-06,2022_3Q,3
제주 1계 2021-27807(3),대지,나대지,나대지,제주,제주시,제주 제주시 한림읍 명월리 1838,"146,605,000","71,837,000",낙찰,"103,445,280",70.6%,2022-12-20,2022_4Q,3
제주 2계 2021-27876(1),전,전,전,제주,제주시,제주 제주시 애월읍 곽지리 1901,"232,000,000","113,680,000",낙찰,"132,710,000",57.2%,2022-12-27,2022_4Q,3
제주 2계 2021-27876(2),전,전,전,제주,제주시,제주 제주시 애월읍 곽지리 1915-1,"429,495,000","300,647,000",낙찰,"316,880,000",73.8%,2022-11-22,2022_4Q,3
제주 2계 2021-27937,아파트,아파트,아파트,제주,제주시,제주 제주시 외도일동 560-1 부영 101동 4층 408호,"236,000,000","165,200,000",낙찰,"218,200,000",92.5%,2022-10-18,2022_4Q,3
제주 3계 2021-28077,차량,기타토지,기타토지,제주,제주시,제주 제주시 외도일동 2155-1 내 보관(제3자 (주)세경),"3,000,000","1,470,000",낙찰,"1,811,000",60.4%,2022-09-20,2022_3Q,3
제주 4계 2021-28206,임야,임야,임야,제주,제주시,제주 제주시 구좌읍 세화리 산1-12,"488,840,000","488,840,000",낙찰,"771,011,000",157.7%,2022-07-19,2022_3Q,3
제주 1계 2021-28237,과수원,과수원,과수원,제주,서귀포시,제주 서귀포시 성산읍 온평리 2371,"29,713,000","14,559,000",낙찰,"15,200,000",51.2%,2022-11-15,2022_4Q,3
제주 2계 2021-28244(1),전,전,전,제주,서귀포시,제주 서귀포시 성산읍 삼달리 969-2,"302,500,000","211,750,000",낙찰,"220,000,000",72.7%,2022-10-18,2022_4Q,3
제주 2계 2021-28244(2),전,전,전,제주,서귀포시,제주 서귀포시 성산읍 삼달리 690,"123,018,000","86,113,000",낙찰,"111,000,000",90.2%,2022-10-18,2022_4Q,3
제주 2계 2021-28244(3),전,전,전,제주,서귀포시,제주 서귀포시 성산읍 삼달리 691-1,"84,638,000","59,247,000",낙찰,"77,100,000",91.1%,2022-10-18,2022_4Q,3
제주 3계 2021-28251(1),차량,기타토지,기타토지,제주,제주시,제주 제주시 외도일동 2155-1 제3자(주)세경내 보관,"88,000,000","30,184,000",낙찰,"38,680,000",44.0%,2022-07-12,2022_3Q,3
제주 3계 2021-28251(2),차량,기타토지,기타토지,제주,제주시,제주 제주시 외도일동 2155-1 제3자(주)세경내 보관,"84,000,000","28,812,000",낙찰,"35,672,000",42.5%,2022-07-12,2022_3Q,3
제주 6계 2021-28282,전,전,전,제주,제주시,제주 제주시 구좌읍 송당리 850,"81,466,000","57,026,000",낙찰,"60,600,000",74.4%,2022-07-19,2022_3Q,3
제주 3계 2021-28374(1),임야,임야,임야,제주,제주시,제주 제주시 구좌읍 한동리 4549-1,"45,343,500","15,553,000",낙찰,"18,877,510",41.6%,2022-09-20,2022_3Q,3
제주 3계 2021-28374(2),도로,기타토지,기타토지,제주,제주시,제주 제주시 구좌읍 한동리 4540-1,"1,716,000","412,000",낙찰,"497,500",29.0%,2022-10-25,2022_4Q,3
제주 2계 2021-28428(1),임야,임야,임야,제주,제주시,제주 제주시 조천읍 함덕리 72-144,"1,793,474,000","1,255,432,000",낙찰,"1,813,000,000",101.1%,2022-12-27,2022_4Q,3
제주 2계 2021-28428(2),임야,임야,임야,제주,제주시,제주 제주시 조천읍 함덕리 72-149,"2,155,041,000","1,508,529,000",낙찰,"1,538,000,000",71.4%,2022-12-27,2022_4Q,3
제주 2계 2021-28428(3),임야,임야,임야,제주,제주시,제주 제주시 조천읍 함덕리 72-151,"1,133,946,000","793,762,000",낙찰,"800,888,000",70.6%,2022-12-27,2022_4Q,3
제주 2계 2021-28428(5),임야,임야,임야,제주,제주시,제주 제주시 조천읍 함덕리 72-177,"347,490,000","243,243,000",낙찰,"288,900,000",83.1%,2022-12-27,2022_4Q,3
제주 2계 2021-28428(6),대지,나대지,나대지,제주,제주시,제주 제주시 조천읍 함덕리 72-179,"922,320,000","645,624,000",낙찰,"646,500,000",70.1%,2022-12-27,2022_4Q,3
제주 3계 2021-28435,근린주택,근린주택,근린주택,제주,제주시,제주 제주시 봉개동 1948,"159,333,090","159,333,090",낙찰,"160,160,000",100.5%,2022-10-25,2022_4Q,3
제주 6계 2021-28466,차량,기타토지,기타토지,제주,제주시,제주 제주시 용담삼동 1274-1 제3자현대물품보관소내 보관,"43,000,000","30,100,000",낙찰,"43,188,800",100.4%,2022-07-19,2022_3Q,3
제주 3계 2021-28497,콘도,기타토지,기타토지,제주,제주시,제주 제주시 조천읍 함덕리 274 대명리조트 본관동 5층 544호,"27,000,000","18,900,000",낙찰,"20,200,000",74.8%,2022-07-12,2022_3Q,3
제주 6계 2021-28626,단독주택,단독,단독주택,제주,서귀포시,제주 서귀포시 대정읍 하모리 1067-1,"31,325,830","21,928,000",낙찰,"23,515,000",75.1%,2022-09-27,2022_3Q,3
제주 6계 2021-28657,다세대,다세대주택,다세대,제주,제주시,제주 제주시 오라이동 795-1 테라시티 102동 2층 201호,"348,000,000","243,600,000",낙찰,"303,000,000",87.1%,2022-07-19,2022_3Q,3
제주 6계 2021-28701(1),콘도,기타토지,기타토지,제주,제주시,제주 제주시 한림읍 협재리 598-1 네스트힐콘도미니엄 2층 204호,"38,000,000","26,600,000",낙찰,"39,700,700",104.5%,2022-11-01,2022_4Q,3
제주 6계 2021-28701(2),콘도,기타토지,기타토지,제주,제주시,제주 제주시 한림읍 협재리 598-1 네스트힐콘도미니엄 2층 206호,"38,000,000","26,600,000",낙찰,"30,881,000",81.3%,2022-07-19,2022_3Q,3
제주 6계 2021-28701(3),콘도,기타토지,기타토지,제주,제주시,제주 제주시 한림읍 협재리 598-1 네스트힐콘도미니엄 2층 218호,"38,000,000","26,600,000",낙찰,"32,320,000",85.1%,2022-07-19,2022_3Q,3
제주 6계 2021-28701(4),콘도,기타토지,기타토지,제주,제주시,제주 제주시 한림읍 협재리 598-1 네스트힐콘도미니엄 3층 318호,"40,000,000","28,000,000",낙찰,"33,330,000",83.3%,2022-07-19,2022_3Q,3
제주 1계 2021-28718,콘도,기타토지,기타토지,제주,제주시,제주 제주시 한림읍 협재리 598-1 네스트힐콘도미니엄 3층 317호,"40,000,000","28,000,000",낙찰,"35,100,070",87.8%,2022-10-11,2022_4Q,3
제주 3계 2021-28732,연립,연립주택,연립·빌라,제주,제주시,제주 제주시 한림읍 협재리 598-2 프랜드빌리지 3층 305호,"37,000,000","25,900,000",낙찰,"28,000,001",75.7%,2022-10-25,2022_4Q,3
제주 3계 2021-28749,임야,임야,임야,제주,서귀포시,제주 서귀포시 대정읍 인성리 721-17,"63,945,000","44,762,000",낙찰,"55,320,000",86.5%,2022-08-16,2022_3Q,3
제주 6계 2021-28770,다세대,다세대주택,다세대,제주,서귀포시,제주 서귀포시 법환동 744-1 스마트블루빌 6층 709호,"107,000,000","52,430,000",낙찰,"69,300,000",64.8%,2022-08-23,2022_3Q,3
제주 6계 2021-28824,임야,임야,임야,제주,제주시,제주 제주시 애월읍 소길리 산89,"371,868,000","182,216,000",낙찰,"251,970,000",67.8%,2022-11-01,2022_4Q,3
제주 3계 2021-28855,다세대,다세대주택,다세대,제주,제주시,제주 제주시 연동 252-24 성원주택 가동 1층 101호,"96,000,000","96,000,000",낙찰,"115,200,000",120.0%,2022-07-12,2022_3Q,3
제주 4계 2021-28862,연립,연립주택,연립·빌라,제주,서귀포시,제주 서귀포시 안덕면 감산리 407-1 조인빌리지 3층 301호,"116,000,000","81,200,000",낙찰,"90,480,000",78.0%,2022-07-19,2022_3Q,3
제주 6계 2021-28886,도로,기타토지,기타토지,제주,제주시,제주 제주시 애월읍 구엄리 1100-4,"19,458,000","9,535,000",낙찰,"12,190,000",62.6%,2022-08-23,2022_3Q,3
제주 1계 2021-28916,점포,근린상가,점포상가,제주,서귀포시,제주 서귀포시 안덕면 서광리 2464-3,"602,209,480","602,209,480",낙찰,"638,880,000",106.1%,2022-09-06,2022_3Q,3
제주 1계 2021-28961,차량,기타토지,기타토지,제주,제주시,제주 제주시 외도일동 2155-1 제3자(주)세경내 보관,"95,000,000","46,550,000",낙찰,"60,390,000",63.6%,2022-08-02,2022_3Q,3
제주 3계 2021-28985(1),다세대,다세대주택,다세대,제주,서귀포시,제주 서귀포시 강정동 5425-1 푸른빌 A동 2층 201호,"190,000,000","93,100,000",낙찰,"139,110,000",73.2%,2022-09-20,2022_3Q,3
제주 3계 2021-28985(2),다세대,다세대주택,다세대,제주,서귀포시,제주 서귀포시 강정동 5425-1 푸른빌 A동 3층 301호,"190,000,000","133,000,000",낙찰,"148,850,000",78.3%,2022-08-16,2022_3Q,3
제주 1계 2021-29018,과수원,과수원,과수원,제주,서귀포시,제주 서귀포시 남원읍 위미리 3242-3,"347,167,000","119,078,000",낙찰,"171,570,000",49.4%,2022-12-20,2022_4Q,3
제주 6계 2021-29063,임야,임야,임야,제주,제주시,제주 제주시 연동 839-2,"348,772,000","170,898,000",낙찰,"191,203,000",54.8%,2022-08-23,2022_3Q,3
제주 3계 2021-29094(1),숙박시설,숙박시설,숙박시설,제주,제주시,"제주 제주시 연동 260-15 ,-17,-19 에코드파리 8층 911호","85,000,000","59,500,000",낙찰,"68,900,000",81.1%,2022-08-16,2022_3Q,3
제주 3계 2021-29094(2),숙박시설,숙박시설,숙박시설,제주,제주시,"제주 제주시 연동 260-15 ,-17,-19 에코드파리 16층 1803호","88,000,000","61,600,000",낙찰,"71,290,000",81.0%,2022-08-16,2022_3Q,3
제주 4계 2021-29100,단독주택,단독,단독주택,제주,서귀포시,제주 서귀포시 성산읍 신풍리 696,"66,267,000","46,387,000",낙찰,"47,001,000",70.9%,2022-09-27,2022_3Q,3
제주 6계 2021-29124,목장용지,기타토지,목장용지,제주,서귀포시,제주 서귀포시 성산읍 수산리 3345-4,"53,505,000","37,454,000",낙찰,"45,900,000",85.8%,2022-08-23,2022_3Q,3
제주 2계 2021-29148,목장용지,기타토지,목장용지,제주,서귀포시,제주 서귀포시 성산읍 수산리 3306-1,"30,752,000","30,752,000",낙찰,"32,800,000",106.7%,2022-11-22,2022_4Q,3
제주 3계 2021-29155(1),연립,연립주택,연립·빌라,제주,서귀포시,제주 서귀포시 서홍동 1891-1 서홍동별해리 101동 1층 103호,"346,000,000","242,200,000",낙찰,"260,110,000",75.2%,2022-08-16,2022_3Q,3
제주 3계 2021-29155(2),연립,연립주택,연립·빌라,제주,서귀포시,제주 서귀포시 서홍동 1891-1 서홍동별해리 102동 2층 202호,"353,000,000","247,100,000",낙찰,"247,200,000",70.0%,2022-08-16,2022_3Q,3
제주 4계 2021-29162,전,전,전,제주,제주시,제주 제주시 조천읍 와흘리 1658-3,"578,340,000","404,838,000",낙찰,"521,000,000",90.1%,2022-09-27,2022_3Q,3
제주 1계 2022-14(1),연립,연립주택,연립·빌라,제주,제주시,"제주 제주시 구좌읍 하도리 산79-47 ,산79-67 구좌반석타운 다동 2층 206호","72,000,000","72,000,000",낙찰,"72,510,000",100.7%,2022-09-06,2022_3Q,3
제주 1계 2022-14(2),연립,연립주택,연립·빌라,제주,제주시,"제주 제주시 구좌읍 하도리 산79-47 ,산79-67 구좌반석타운 다동 3층 303호","72,000,000","50,400,000",낙찰,"63,210,000",87.8%,2022-10-11,2022_4Q,3
제주 1계 2022-14(3),연립,연립주택,연립·빌라,제주,제주시,"제주 제주시 구좌읍 하도리 산79-47 ,산79-67 구좌반석타운 다동 3층 305호","72,000,000","50,400,000",낙찰,"69,810,000",97.0%,2022-10-11,2022_4Q,3
제주 3계 2022-113,다세대,다세대주택,다세대,제주,제주시,제주 제주시 오라이동 1341-17 서림아이빌 가동 4층 501호,"168,000,000","117,600,000",낙찰,"143,000,000",85.1%,2022-11-29,2022_4Q,3
제주 4계 2022-120,대지,나대지,나대지,제주,서귀포시,제주 서귀포시 대정읍 영락리 1902-1,"75,205,000","36,851,000",낙찰,"50,000,000",66.5%,2022-11-01,2022_4Q,3
제주 1계 2022-151,다세대,다세대주택,다세대,제주,제주시,제주 제주시 삼도일동 319-36 영광빌라 2층 201호,"125,000,000","125,000,000",낙찰,"125,100,000",100.1%,2022-10-11,2022_4Q,3
제주 3계 2022-397,임야,임야,임야,제주,서귀포시,제주 서귀포시 대정읍 안성리 264-2,"4,725,000","3,308,000",낙찰,"4,444,000",94.1%,2022-11-29,2022_4Q,3
제주 4계 2022-403(1),도로,기타토지,기타토지,제주,서귀포시,제주 서귀포시 서홍동 1599-1,"64,201,000","31,459,000",낙찰,"42,550,000",66.3%,2022-08-23,2022_3Q,3
제주 6계 2022-427,다세대,다세대주택,다세대,제주,제주시,"제주 제주시 조천읍 조천리 2138 ,2145-1 조천라오체2차 102동 3층 301호","255,000,000","178,500,000",낙찰,"224,000,000",87.8%,2022-08-23,2022_3Q,3
제주 4계 2022-465,임야,임야,임야,제주,제주시,제주 제주시 조천읍 와흘리 610,"1,020,654,000","500,121,000",낙찰,"555,600,000",54.4%,2022-08-23,2022_3Q,3
제주 2계 2022-502,선박,기타토지,기타토지,제주,제주시,제주 제주시 한림읍 한림항내 정박,"1,356,355,000","1,356,355,000",낙찰,"1,412,100,000",104.1%,2022-07-05,2022_3Q,3
제주 3계 2022-519,오피스텔(주거),오피스텔,오피스텔(업무용),제주,제주시,제주 제주시 노형동 711-5 노형이타스2 3층 303호,"285,000,000","199,500,000",낙찰,"247,966,000",87.0%,2022-11-29,2022_4Q,3
제주 1계 2022-557,전,전,전,제주,서귀포시,제주 서귀포시 표선면 성읍리 543,"121,362,000","121,362,000",낙찰,"138,800,000",114.4%,2022-10-11,2022_4Q,3
제주 4계 2022-588(3),창고,기타건물,창고,제주,제주시,제주 제주시 아라이동 1468-20,"2,065,320","2,065,320",낙찰,"6,321,100",306.1%,2022-11-01,2022_4Q,3
제주 4계 2022-700,오피스텔,오피스텔,오피스텔(업무용),제주,제주시,제주 제주시 연동 2324-5 제주현대 9층 916호,"49,000,000","49,000,000",낙찰,"60,000,000",122.4%,2022-07-19,2022_3Q,3
제주 5계 2022-793,단독주택,단독,단독주택,제주,제주시,제주 제주시 한림읍 귀덕리 49-10,"349,389,360","244,573,000",낙찰,"341,500,000",97.7%,2022-12-13,2022_4Q,3
제주 6계 2022-847,임야,임야,임야,제주,제주시,제주 제주시 한림읍 금악리 1748-2,"55,580,000","55,580,000",낙찰,"80,000,000",143.9%,2022-08-23,2022_3Q,3
제주 4계 2022-885,전,전,전,제주,제주시,제주 제주시 애월읍 곽지리 2400-1,"99,960,000","69,972,000",낙찰,"72,000,000",72.0%,2022-09-27,2022_3Q,3
제주 6계 2022-908,전,전,전,제주,서귀포시,제주 서귀포시 대정읍 신도리 2504-1,"131,565,000","131,565,000",낙찰,"133,340,000",101.3%,2022-08-23,2022_3Q,3
제주 4계 2022-946,과수원,과수원,과수원,제주,제주시,제주 제주시 조천읍 함덕리 1477-8,"765,580,000","765,580,000",낙찰,"770,000,000",100.6%,2022-08-23,2022_3Q,3
제주 1계 2022-977,잡종지,잡종지,잡종지,제주,제주시,제주 제주시 구좌읍 세화리 1852-10,"140,556,000","98,389,000",낙찰,"105,270,000",74.9%,2022-11-15,2022_4Q,3
제주 4계 2022-1000,선박,기타토지,기타토지,제주,제주시,제주 제주시 한림읍 한림리 한림항(한림수협 구.위판장부근)내 정박(리앤박해양에서 감수보존중),"1,034,715,000","724,301,000",낙찰,"817,000,000",79.0%,2022-09-27,2022_3Q,3
제주 3계 2022-1055,차량,기타토지,기타토지,제주,제주시,제주 제주시 외도일동 2155-1 제3자(주)세경내 보관,"250,000","175,000",낙찰,"206,000",82.4%,2022-07-12,2022_3Q,3
제주 4계 2022-1062,차량,기타토지,기타토지,제주,제주시,제주 제주시 용담삼동 1274-1 현대물품보관소내 보관,"250,000","250,000",낙찰,"261,000",104.4%,2022-07-19,2022_3Q,3
제주 5계 2022-1079,차량,기타토지,기타토지,제주,제주시,제주 제주시 용담삼동 1274-1 현대물품보관소(주)내 보관,"300,000","300,000",낙찰,"419,100",139.7%,2022-10-04,2022_4Q,3
제주 6계 2022-1086,차량,기타토지,기타토지,제주,제주시,제주 제주시 용담삼동 1274-1 현대물품보관소(주)내보관,"200,000","200,000",낙찰,"219,000",109.5%,2022-12-06,2022_4Q,3
제주 2계 2022-1109,다세대,다세대주택,다세대,제주,제주시,"제주 제주시 애월읍 애월리 1655 ,1656-1,1657-1 나폴리움 A동 4층 401호","221,000,000","154,700,000",낙찰,"181,151,000",82.0%,2022-12-27,2022_4Q,3
제주 6계 2022-1215,차량,기타토지,기타토지,제주,제주시,제주 제주시 용담삼동 1274-1 현대물품보관소(주)내 보관,"500,000","500,000",낙찰,"500,000",100.0%,2022-09-27,2022_3Q,3
제주 1계 2022-1277(1),다세대,다세대주택,다세대,제주,제주시,제주 제주시 애월읍 하가리 1365 오렌지트리빌리지1차 102동 2층 202호,"313,000,000","153,370,000",낙찰,"197,200,000",63.0%,2022-12-20,2022_4Q,3
제주 1계 2022-1277(2),다세대,다세대주택,다세대,제주,제주시,제주 제주시 애월읍 하가리 1365 오렌지트리빌리지1차 102동 3층 302호,"313,000,000","153,370,000",낙찰,"209,710,000",67.0%,2022-12-20,2022_4Q,3
제주 1계 2022-1277(3),다세대,다세대주택,다세대,제주,제주시,제주 제주시 애월읍 하가리 1365 오렌지트리빌리지1차 102동 4층 402호,"351,000,000","171,990,000",낙찰,"197,000,000",56.1%,2022-12-20,2022_4Q,3
제주 2계 2022-1345,임야,임야,임야,제주,제주시,제주 제주시 구좌읍 송당리 2023,"142,816,000","99,971,000",낙찰,"101,050,000",70.8%,2022-12-27,2022_4Q,3
제주 4계 2022-1369,차량,기타토지,기타토지,제주,제주시,제주 제주시 외도일동 2155-1 (주)세경내 보관,"10,800,000","7,560,000",낙찰,"9,210,000",85.3%,2022-08-23,2022_3Q,3
제주 4계 2022-1420,단독주택,단독,단독주택,제주,제주시,제주 제주시 외도이동 291,"87,895,550","61,527,000",낙찰,"63,555,000",72.3%,2022-09-27,2022_3Q,3
제주 1계 2022-1444,차량,기타토지,기타토지,제주,제주시,제주 제주시 외도일동 2155-1 제3자 (주)세경에게 보관,"17,000,000","17,000,000",낙찰,"21,920,000",128.9%,2022-08-02,2022_3Q,3
제주 6계 2022-1543,아파트,아파트,아파트,제주,서귀포시,제주 서귀포시 동홍동 388-1 가나노블휘닉스 6층 705호,"266,000,000","186,200,000",낙찰,"226,600,000",85.2%,2022-09-27,2022_3Q,3
제주 4계 2022-1574,다세대,다세대주택,다세대,제주,제주시,제주 제주시 오라삼동 2623-5 오렌지트리빌리지5차 2층 201호,"342,000,000","239,400,000",낙찰,"239,575,000",70.1%,2022-09-27,2022_3Q,3
제주 6계 2022-1581,다세대,다세대주택,다세대,제주,제주시,제주 제주시 오라삼동 2623-5 오렌지트리빌리지5차 1층 101호,"349,000,000","244,300,000",낙찰,"244,510,000",70.1%,2022-11-01,2022_4Q,3
제주 1계 2022-1598,다세대,다세대주택,다세대,제주,제주시,제주 제주시 오라삼동 2623-5 오렌지트리빌리지5차 1층 102호,"344,000,000","168,560,000",낙찰,"198,000,000",57.6%,2022-12-20,2022_4Q,3
제주 1계 2022-1659,단독주택,단독,단독주택,제주,제주시,제주 제주시 애월읍 봉성리 1116-2 7동,"311,044,580","217,731,000",낙찰,"318,000,000",102.2%,2022-12-20,2022_4Q,3
제주 4계 2022-1697,단독주택,단독,단독주택,제주,제주시,제주 제주시 일도이동 152-22,"259,582,790","127,196,000",낙찰,"135,000,000",52.0%,2022-11-01,2022_4Q,3
제주 6계 2022-1826,과수원,과수원,과수원,제주,서귀포시,제주 서귀포시 남원읍 하례리 765,"18,390,000","9,011,000",낙찰,"12,177,700",66.2%,2022-12-06,2022_4Q,3
제주 1계 2022-1833,전,전,전,제주,제주시,제주 제주시 조천읍 신흥리 730,"1,221,893,000","1,221,893,000",낙찰,"1,410,000,000",115.4%,2022-11-15,2022_4Q,3
제주 4계 2022-1932,다세대,다세대주택,다세대,제주,제주시,제주 제주시 애월읍 하귀2리 1703-1 하귀빌 3층 302호,"244,000,000","170,800,000",낙찰,"176,510,000",72.3%,2022-11-01,2022_4Q,3
제주 4계 2022-2041,임야,임야,임야,제주,제주시,제주 제주시 조천읍 대흘리 산20-31,"46,284,000","32,399,000",낙찰,"37,990,000",82.1%,2022-11-01,2022_4Q,3
제주 6계 2022-2072,전,전,전,제주,제주시,제주 제주시 아라일동 2486,"2,710,920,000","1,897,644,000",낙찰,"1,900,000,000",70.1%,2022-11-01,2022_4Q,3
제주 2계 2022-2089(1),차량,기타토지,기타토지,제주,제주시,제주 제주시 용담삼동 1274-1 현대물품보관소내보관,"13,500,000","9,450,000",낙찰,"12,119,000",89.8%,2022-09-13,2022_3Q,3
제주 2계 2022-2089(2),차량,기타토지,기타토지,제주,제주시,제주 제주시 용담삼동 1274-1 현대물품보관소내보관,"11,000,000","7,700,000",낙찰,"10,230,000",93.0%,2022-09-13,2022_3Q,3
제주 4계 2022-2102(2),연립,연립주택,연립·빌라,제주,서귀포시,제주 서귀포시 법환동 212 디자인뷰 105동 4층 404호,"399,000,000","279,300,000",낙찰,"285,990,000",71.7%,2022-12-06,2022_4Q,3
제주 6계 2022-2188,과수원,과수원,과수원,제주,서귀포시,제주 서귀포시 성산읍 난산리 1300,"313,432,000","219,402,000",낙찰,"242,877,700",77.5%,2022-12-06,2022_4Q,3
제주 3계 2022-2294,차량,기타토지,기타토지,제주,제주시,제주 제주시 용담삼동 1274-1 제3자현대물품보관소(주)내 보관,"15,500,000","10,850,000",낙찰,"12,100,000",78.1%,2022-11-29,2022_4Q,3
제주 1계 2022-2348,아파트,아파트,아파트,제주,제주시,제주 제주시 애월읍 하귀1리 167 제주하귀휴먼시아1단지 101동 1층 104호,"483,000,000","338,100,000",낙찰,"399,999,999",82.8%,2022-12-20,2022_4Q,3
제주 2계 2022-2638(1),차량,기타토지,기타토지,제주,제주시,제주 제주시 용담삼동 1274-1 제3자현대물품보관소(주)내 보관,"26,000,000","26,000,000",낙찰,"30,223,000",116.2%,2022-10-18,2022_4Q,3
제주 2계 2022-2638(2),차량,기타토지,기타토지,제주,제주시,제주 제주시 용담삼동 1274-1 제3자현대물품보관소(주)내 보관,"26,000,000","26,000,000",낙찰,"27,459,000",105.6%,2022-10-18,2022_4Q,3
제주 4계 2022-2836(1),대지,나대지,나대지,제주,제주시,제주 제주시 한경면 저지리 3215-1,"1,914,184,000","937,950,000",낙찰,"1,170,150,000",61.1%,2022-12-06,2022_4Q,3
제주 4계 2022-2836(2),대지,나대지,나대지,제주,제주시,제주 제주시 한경면 저지리 3215-5,"214,076,000","104,897,000",낙찰,"133,500,000",62.4%,2022-12-06,2022_4Q,3
제주 1계 2022-2874,콘도,기타토지,기타토지,제주,서귀포시,"제주 서귀포시 색달동 2822-5 ,2822-4 한국콘도 2층 255호","4,600,000","4,600,000",낙찰,"4,620,000",100.4%,2022-11-15,2022_4Q,3
제주 1계 2022-2959,오피스텔(주거),오피스텔,오피스텔(업무용),제주,제주시,제주 제주시 노형동 710-2 에코에비뉴 9층 1007호,"154,000,000","107,800,000",낙찰,"115,888,900",75.3%,2022-12-20,2022_4Q,3
제주 4계 2022-3075,다세대,다세대주택,다세대,제주,제주시,"제주 제주시 삼양일동 1628-8 ,1628-9 라온빌3차 3층 303호","310,000,000","217,000,000",낙찰,"243,999,000",78.7%,2022-12-06,2022_4Q,3
제주 6계 2022-20063(1),임야,임야,임야,제주,서귀포시,제주 서귀포시 안덕면 서광리 산23-5,"23,588,000","8,091,000",낙찰,"11,770,000",49.9%,2022-09-27,2022_3Q,3
제주 6계 2022-20063(2),임야,임야,임야,제주,서귀포시,제주 서귀포시 안덕면 서광리 산23-4,"22,813,570","7,825,000",낙찰,"11,770,000",51.6%,2022-09-27,2022_3Q,3
제주 3계 2022-20094,차량,기타토지,기타토지,제주,제주시,제주 제주시 용담삼동 1274-1 제3자현대물품보관소(주)내 보관,"13,000,000","9,100,000",낙찰,"12,110,000",93.2%,2022-07-12,2022_3Q,3
제주 2계 2022-20131,전,전,전,제주,제주시,제주 제주시 내도동 279-3,"1,815,000,000","889,350,000",낙찰,"960,100,000",52.9%,2022-12-27,2022_4Q,3
제주 4계 2022-20155,대지,나대지,나대지,제주,제주시,제주 제주시 구좌읍 김녕리 1793-1,"81,567,430","39,968,000",낙찰,"48,200,000",59.1%,2022-08-23,2022_3Q,3
제주 2계 2022-20193,임야,임야,임야,제주,제주시,제주 제주시 한림읍 상대리 424,"35,256,000","24,679,000",낙찰,"27,750,000",78.7%,2022-11-22,2022_4Q,3
제주 3계 2022-20216,임야,임야,임야,제주,서귀포시,제주 서귀포시 성산읍 수산리 2722-37,"183,843,000","128,690,000",낙찰,"163,845,000",89.1%,2022-11-29,2022_4Q,3
제주 6계 2022-20247,임야,임야,임야,제주,제주시,제주 제주시 구좌읍 한동리 3443,"124,674,000","87,272,000",낙찰,"101,067,000",81.1%,2022-08-23,2022_3Q,3
제주 3계 2022-20322,목장용지,기타토지,목장용지,제주,제주시,제주 제주시 조천읍 선흘리 1988-21,"26,280,000","26,280,000",낙찰,"30,600,000",116.4%,2022-10-25,2022_4Q,3
제주 4계 2022-20339,다세대,다세대주택,다세대,제주,서귀포시,제주 서귀포시 서호동 382 해피니스빌 C동 4층 402호,"250,000,000","175,000,000",낙찰,"191,600,000",76.6%,2022-08-23,2022_3Q,3
제주 6계 2022-20353(3),단독주택,단독,단독주택,제주,서귀포시,제주 서귀포시 대정읍 일과리 1308-5 1호,"556,836,770","389,786,000",낙찰,"441,000,000",79.2%,2022-08-23,2022_3Q,3
제주 4계 2022-20391,대지,나대지,나대지,제주,제주시,제주 제주시 한림읍 한림리 1286,"50,589,000","24,788,000",낙찰,"26,200,000",51.8%,2022-12-06,2022_4Q,3
제주 4계 2022-20452,차량,기타토지,기타토지,제주,제주시,제주 제주시 외도일동 2155-1 (주)세경내 보관,"42,000,000","29,400,000",낙찰,"33,669,900",80.2%,2022-08-23,2022_3Q,3
제주 1계 2022-20483,차량,기타토지,기타토지,제주,제주시,제주 제주시 용담삼동 1274-1 제3자현대물품보관소내 보관,"8,000,000","5,600,000",낙찰,"7,080,001",88.5%,2022-10-11,2022_4Q,3
제주 4계 2022-20636,점포,근린상가,점포상가,제주,제주시,제주 제주시 한림읍 금능리 403-14,"1,738,716,000","1,217,101,000",낙찰,"1,478,110,000",85.0%,2022-09-27,2022_3Q,3
제주 6계 2022-20667,다세대,다세대주택,다세대,제주,서귀포시,제주 서귀포시 남원읍 남원리 1446-9 송화빌라 나동 2층 201호,"203,000,000","142,100,000",낙찰,"178,800,000",88.1%,2022-08-23,2022_3Q,3
제주 1계 2022-20728(1),묘지,기타토지,기타토지,제주,제주시,제주 제주시 조천읍 조천리 1408,"33,602,000","23,521,000",낙찰,"31,880,000",94.9%,2022-12-20,2022_4Q,3
제주 4계 2022-20766,임야,임야,임야,제주,제주시,제주 제주시 해안동 2818-17,"51,053,200","17,511,000",낙찰,"17,610,000",34.5%,2022-11-01,2022_4Q,3
제주 1계 2022-20780,대지,나대지,나대지,제주,제주시,제주 제주시 한경면 두모리 2395,"310,496,000","217,347,000",낙찰,"241,119,900",77.7%,2022-11-15,2022_4Q,3
제주 4계 2022-20810,아파트,아파트,아파트,제주,서귀포시,제주 서귀포시 서홍동 1597-1 지산오차드힐 101동 7층 706호,"458,000,000","320,600,000",낙찰,"415,000,000",90.6%,2022-08-23,2022_3Q,3
제주 1계 2022-20902,다세대,다세대주택,다세대,제주,제주시,"제주 제주시 조천읍 신흥리 173-2 ,174,176,176-1 스퀘어오션타운 103동 3,4층 302호","400,000,000","280,000,000",낙찰,"321,678,000",80.4%,2022-11-15,2022_4Q,3
제주 1계 2022-20964,다세대,다세대주택,다세대,제주,제주시,제주 제주시 연동 252-5 태성주택 3층 302호,"132,000,000","132,000,000",낙찰,"134,990,000",102.3%,2022-10-11,2022_4Q,3
제주 4계 2022-20995,연립,연립주택,연립·빌라,제주,서귀포시,제주 서귀포시 법환동 1571 법환코아루 102동 1층 105호,"667,000,000","466,900,000",낙찰,"467,010,000",70.0%,2022-08-23,2022_3Q,3
제주 6계 2022-21011,임야,임야,임야,제주,서귀포시,제주 서귀포시 상예동 2652,"25,410,000","8,716,000",낙찰,"8,976,000",35.3%,2022-12-06,2022_4Q,3
제주 6계 2022-21073,아파트,아파트,아파트,제주,제주시,제주 제주시 연동 2315-3 제일 가동 5층 606호,"348,000,000","243,600,000",낙찰,"300,000,000",86.2%,2022-09-27,2022_3Q,3
제주 1계 2022-21219,과수원,과수원,과수원,제주,서귀포시,제주 서귀포시 호근동 1981,"246,180,000","120,628,000",낙찰,"162,001,000",65.8%,2022-12-20,2022_4Q,3
제주 4계 2022-21394(1),차량,기타토지,기타토지,제주,제주시,제주 제주시 용담삼동 1274-1 현대물품보관소내 보관,"15,500,000","10,850,000",낙찰,"11,668,800",75.3%,2022-08-23,2022_3Q,3
제주 4계 2022-21394(2),차량,기타토지,기타토지,제주,제주시,제주 제주시 용담삼동 1274-1 현대물품보관소내 보관,"16,000,000","11,200,000",낙찰,"14,721,000",92.0%,2022-08-23,2022_3Q,3
제주 6계 2022-21431,전,전,전,제주,서귀포시,제주 서귀포시 성산읍 난산리 1243-4,"137,904,000","137,904,000",낙찰,"140,390,900",101.8%,2022-08-23,2022_3Q,3
제주 3계 2022-21530,차량,기타토지,기타토지,제주,제주시,제주 제주시 용담삼동 1274-1 제3자현대물품보관소(주)내 보관,"14,000,000","9,800,000",낙찰,"9,801,100",70.0%,2022-07-12,2022_3Q,3
제주 6계 2022-21738,단독주택,단독,단독주택,제주,서귀포시,제주 서귀포시 표선면 세화리 215 다미타운하우스 107호,"354,208,760","173,562,000",낙찰,"187,979,000",53.1%,2022-12-06,2022_4Q,3
제주 1계 2022-21745,차량,기타토지,기타토지,제주,제주시,제주 제주시 용담삼동 1274-1 제3차 현대물품보관소(주)내 보관,"11,000,000","7,700,000",낙찰,"10,267,000",93.3%,2022-08-02,2022_3Q,3
제주 2계 2022-21752(1),단독주택,단독,단독주택,제주,제주시,제주 제주시 애월읍 애월리 1530 1호,"23,032,150","23,032,150",낙찰,"23,588,080",102.4%,2022-12-27,2022_4Q,3
제주 4계 2022-21776,아파트,아파트,아파트,제주,서귀포시,제주 서귀포시 성산읍 고성리 1132-21 동명 나동 1층 106호,"114,000,000","114,000,000",낙찰,"115,500,000",101.3%,2022-08-23,2022_3Q,3
제주 3계 2022-21868,중기,기타토지,기타토지,제주,제주시,제주 제주시 외도일동 2155-1 제3자(주)세경내 보관,"60,000,000","42,000,000",낙찰,"47,710,000",79.5%,2022-10-25,2022_4Q,3
제주 6계 2022-22076,다세대,다세대주택,다세대,제주,제주시,"제주 제주시 이호이동 1077 ,1078-6 B동 4층 501호","103,000,000","72,100,000",낙찰,"77,550,000",75.3%,2022-12-06,2022_4Q,3
제주 4계 2022-22113,중기,기타토지,기타토지,제주,제주시,제주 제주시 용담삼동 1274-1 현대물품보관소내 보관,"20,000,000","20,000,000",낙찰,"30,590,000",153.0%,2022-07-19,2022_3Q,3
제주 4계 2022-22175,다세대,다세대주택,다세대,제주,제주시,"제주 제주시 해안동 2344 ,2338-1,2339-3,2342-1,2345 일출빌리지 105동 1층 103호","106,000,000","106,000,000",낙찰,"106,826,800",100.8%,2022-09-27,2022_3Q,3
제주 4계 2022-22236,전,전,전,제주,제주시,제주 제주시 조천읍 북촌리 2659,"204,685,000","204,685,000",낙찰,"261,000,000",127.5%,2022-09-27,2022_3Q,3
제주 6계 2022-22250(2),전,전,전,제주,서귀포시,제주 서귀포시 남원읍 태흥리 1848,"119,493,000","119,493,000",낙찰,"146,500,000",122.6%,2022-11-01,2022_4Q,3
제주 4계 2022-22410,다세대,다세대주택,다세대,제주,서귀포시,제주 서귀포시 법환동 212 디자인뷰 105동 2층 201호,"356,000,000","249,200,000",낙찰,"261,011,000",73.3%,2022-11-01,2022_4Q,3
제주 1계 2022-22441,아파트,아파트,아파트,제주,제주시,제주 제주시 삼양이동 2132-3 동명 나동 6층 606호,"221,000,000","221,000,000",낙찰,"223,000,000",100.9%,2022-10-11,2022_4Q,3
제주 4계 2022-22540,단독주택,단독,단독주택,제주,제주시,제주 제주시 도련일동 2291-9,"971,863,000","680,304,000",낙찰,"780,200,000",80.3%,2022-11-01,2022_4Q,3
제주 4계 2022-22595,차량,기타토지,기타토지,제주,제주시,제주 제주시 용담삼동 1274-1 현대물품보관소(주)내 보관,"20,000,000","14,000,000",낙찰,"14,550,000",72.8%,2022-09-27,2022_3Q,3
제주 3계 2022-22649,차량,기타토지,기타토지,제주,제주시,제주 제주시 용담삼동 1274-1 제3자현대물품보관소(주)내 보관,"22,000,000","15,400,000",낙찰,"17,600,000",80.0%,2022-08-16,2022_3Q,3
제주 1계 2022-22809,다세대,다세대주택,다세대,제주,제주시,제주 제주시 용담삼동 526-5 2층 201호,"136,000,000","95,200,000",낙찰,"115,110,000",84.6%,2022-12-20,2022_4Q,3
제주 4계 2022-23017,임야,임야,임야,제주,제주시,제주 제주시 한림읍 한림리 251,"54,427,590","38,099,000",낙찰,"38,200,000",70.2%,2022-11-01,2022_4Q,3
제주 1계 2022-23284,차량,기타토지,기타토지,제주,제주시,제주 제주시 용담삼동 1274-1 제3자현대물품보관소(주)내 보관,"21,000,000","10,290,000",낙찰,"15,550,000",74.0%,2022-11-15,2022_4Q,3
제주 5계 2022-23338,차량,기타토지,기타토지,제주,제주시,제주 제주시 외도일동 2155-3 (주)세경내 보관,"20,000,000","20,000,000",낙찰,"20,270,000",101.4%,2022-10-04,2022_4Q,3
제주 4계 2022-23567,차량,기타토지,기타토지,제주,제주시,제주 제주시 외도일동 2155-1 (주)세경 보관,"63,000,000","44,100,000",낙찰,"51,020,000",81.0%,2022-11-01,2022_4Q,3
제주 1계 2022-23659,차량,기타토지,기타토지,제주,제주시,제주 제주시 외도일동 2155-1 (주)세경내 보관,"18,000,000","18,000,000",낙찰,"18,129,000",100.7%,2022-09-06,2022_3Q,3
제주 4계 2022-23673,임야,임야,임야,제주,서귀포시,제주 서귀포시 성산읍 온평리 595-24,"119,812,000","119,812,000",낙찰,"121,311,000",101.3%,2022-11-01,2022_4Q,3
제주 4계 2022-23857,차량,기타토지,기타토지,제주,제주시,제주 제주시 용담삼동 1274-1 제3자현대물품보관소(주)내 보관,"27,000,000","18,900,000",낙찰,"22,000,000",81.5%,2022-12-06,2022_4Q,3
제주 2계 2022-24423,차량,기타토지,기타토지,제주,제주시,제주 제주시 외도일동 2155-1 세경주차장내 보관,"8,000,000","5,600,000",낙찰,"7,010,000",87.6%,2022-12-27,2022_4Q,3
제주 1계 2022-24652,중기,기타토지,기타토지,제주,제주시,제주 제주시 외도일동 2155-1 내 보관,"29,000,000","29,000,000",낙찰,"29,115,000",100.4%,2022-10-11,2022_4Q,3
제주 1계 2016-2590(1),잡종지,잡종지,잡종지,제주,제주시,제주 제주시 구좌읍 송당리 15-1,"337,365,000","236,156,000",낙찰,"236,500,000",70.1%,2023-01-31,2023_1Q,3
제주 1계 2016-2590(2),임야,임야,임야,제주,제주시,제주 제주시 구좌읍 송당리 20,"155,050,000","75,975,000",낙찰,"89,100,000",57.5%,2023-03-07,2023_1Q,3
제주 1계 2016-2590(3),잡종지,잡종지,잡종지,제주,제주시,제주 제주시 구좌읍 송당리 22,"180,387,000","88,390,000",낙찰,"123,100,000",68.2%,2023-03-07,2023_1Q,3
제주 4계 2016-2620,임야,임야,임야,제주,제주시,제주 제주시 구좌읍 송당리 25,"147,320,000","72,187,000",낙찰,"96,500,000",65.5%,2023-03-28,2023_1Q,3
제주 2계 2016-2682,전,전,전,제주,제주시,제주 제주시 구좌읍 송당리 55,"232,424,000","113,888,000",낙찰,"114,100,000",49.1%,2023-03-14,2023_1Q,3
제주 1계 2016-2835(2),임야,임야,임야,제주,제주시,제주 제주시 구좌읍 송당리 산227,"294,362,000","294,362,000",낙찰,"428,400,000",145.5%,2023-05-16,2023_2Q,3
제주 6계 2016-2897,전,전,전,제주,제주시,제주 제주시 구좌읍 송당리 91,"141,174,000","48,423,000",낙찰,"81,000,000",57.4%,2023-03-28,2023_1Q,3
제주 4계 2016-2989,전,전,전,제주,제주시,제주 제주시 구좌읍 송당리 77,"161,200,000","78,988,000",낙찰,"79,100,000",49.1%,2023-03-28,2023_1Q,3
제주 4계 2016-3067,임야,임야,임야,제주,제주시,제주 제주시 구좌읍 세화리 산43-5,"152,810,000","106,967,000",낙찰,"107,100,000",70.1%,2023-06-13,2023_2Q,3
제주 3계 2016-4633,임야,임야,임야,제주,제주시,제주 제주시 구좌읍 세화리 산33,"678,330,000","678,330,000",낙찰,"681,000,000",100.4%,2023-04-25,2023_2Q,3
제주 5계 2018-21953(7),도로,기타토지,기타토지,제주,제주시,제주 제주시 이호일동 1599-1,"89,830,000","44,017,000",낙찰,"64,000,000",71.2%,2023-06-20,2023_2Q,3
제주 5계 2018-21953(11),전,전,전,제주,제주시,제주 제주시 이호일동 1613-3,"90,288,000","63,202,000",낙찰,"115,221,000",127.6%,2023-06-20,2023_2Q,3
제주 5계 2019-25990,주상복합(주거),기타토지,기타토지,제주,서귀포시,제주 서귀포시 대정읍 하모리 946-1 성환 101동 3층 301호,"96,000,000","67,200,000",낙찰,"81,200,000",84.6%,2023-02-28,2023_1Q,3
제주 6계 2020-6230(3),창고,기타건물,창고,제주,서귀포시,제주 서귀포시 표선면 표선리 2585,"9,370,800","2,250,000",낙찰,"2,280,000",24.3%,2023-05-02,2023_2Q,3
제주 6계 2020-7868(1),오피스텔,오피스텔,오피스텔(업무용),제주,서귀포시,제주 서귀포시 서귀동 163-11 남양리조텔 4층 402호,"32,000,000","22,400,000",낙찰,"22,500,000",70.3%,2023-02-21,2023_1Q,3
제주 6계 2020-7868(3),오피스텔,오피스텔,오피스텔(업무용),제주,서귀포시,제주 서귀포시 서귀동 163-11 남양리조텔 9층 902호,"33,000,000","23,100,000",낙찰,"23,600,000",71.5%,2023-02-21,2023_1Q,3
제주 5계 2020-9345,숙박시설,숙박시설,숙박시설,제주,제주시,"제주 제주시 조천읍 함덕리 3061 ,3065,3066-2,3067,3068,3074,3076 제주함덕라마다호텔 5층 533호","231,000,000","55,463,000",낙찰,"78,000,000",33.8%,2023-05-09,2023_2Q,3
제주 5계 2020-21253(1),연립,연립주택,연립·빌라,제주,제주시,제주 제주시 해안동 2545-6 화이트디어해안2 101동 3층 304호,"820,000,000","574,000,000",낙찰,"574,000,000",70.0%,2023-01-17,2023_1Q,3
제주 5계 2020-21253(2),연립,연립주택,연립·빌라,제주,제주시,제주 제주시 해안동 2545-6 화이트디어해안2 102동 3층 304호,"843,000,000","590,100,000",낙찰,"591,100,000",70.1%,2023-01-17,2023_1Q,3
제주 5계 2020-27596(1),대지,나대지,나대지,제주,서귀포시,제주 서귀포시 서귀동 326-7,"372,067,500","182,313,000",낙찰,"231,500,000",62.2%,2023-02-28,2023_1Q,3
제주 5계 2020-27596(2),임야,임야,임야,제주,서귀포시,제주 서귀포시 색달동 950,"38,038,000","26,627,000",낙찰,"41,889,720",110.1%,2023-01-17,2023_1Q,3
제주 5계 2020-27596(3),전,전,전,제주,서귀포시,제주 서귀포시 색달동 777,"48,640,000","23,834,000",낙찰,"27,788,200",57.1%,2023-02-28,2023_1Q,3
제주 5계 2020-27596(4),전,전,전,제주,서귀포시,제주 서귀포시 색달동 776-1,"278,265,000","66,812,000",낙찰,"75,000,000",27.0%,2023-05-09,2023_2Q,3
제주 5계 2020-28131,도로,기타토지,기타토지,제주,서귀포시,제주 서귀포시 남원읍 남원리 735-9,"9,511,000","3,263,000",낙찰,"3,272,720",34.4%,2023-05-09,2023_2Q,3
제주 2계 2021-1201,전,전,전,제주,서귀포시,제주 서귀포시 안덕면 사계리 3175-2,"878,800,000","430,612,000",낙찰,"653,100,090",74.3%,2023-02-07,2023_1Q,3
제주 2계 2021-2754(2),다세대,다세대주택,다세대,제주,제주시,"제주 제주시 한림읍 귀덕리 2401 ,2419-1,2419-5 에스하임 101동 3층 302호","228,000,000","111,720,000",낙찰,"163,310,000",71.6%,2023-02-07,2023_1Q,3
제주 4계 2021-3016(1),숙박시설,숙박시설,숙박시설,제주,서귀포시,"제주 서귀포시 강정동 162-1 ,162-2,162-3 호텔윈스카이 4층 호403A호","119,000,000","28,572,000",낙찰,"40,110,000",33.7%,2023-01-10,2023_1Q,3
제주 4계 2021-3016(2),숙박시설,숙박시설,숙박시설,제주,서귀포시,"제주 서귀포시 강정동 162-1 ,162-2,162-3 호텔윈스카이 4층 호421A호","139,000,000","33,374,000",낙찰,"41,110,000",29.6%,2023-01-10,2023_1Q,3
제주 5계 2021-3085,임야,임야,임야,제주,서귀포시,제주 서귀포시 중문동 1140-1,"2,266,280,000","1,110,477,000",낙찰,"1,200,000,000",53.0%,2023-06-20,2023_2Q,3
제주 1계 2021-3108(1),임야,임야,임야,제주,제주시,제주 제주시 애월읍 납읍리 1308-5,"898,584,000","308,214,000",낙찰,"320,000,000",35.6%,2023-03-07,2023_1Q,3
제주 3계 2021-3122(1),단독주택,단독,단독주택,제주,제주시,제주 제주시 오라이동 135-1 4동,"416,953,240","291,867,000",낙찰,"361,000,100",86.6%,2023-01-03,2023_1Q,3
제주 1계 2021-3177(2),숙박시설,숙박시설,숙박시설,제주,서귀포시,제주 서귀포시 서귀동 319-2 비스타케이호텔(천지연) 4층 413호,"161,000,000","27,059,000",낙찰,"35,011,000",21.7%,2023-01-31,2023_1Q,3
제주 1계 2021-3221,창고,기타건물,창고,제주,제주시,제주 제주시 조천읍 선흘리 3716-1,"630,079,775","441,056,000",낙찰,"485,252,000",77.0%,2023-01-31,2023_1Q,3
제주 3계 2021-3481,단독주택,단독,단독주택,제주,제주시,제주 제주시 애월읍 광령리 781 A동호,"1,145,071,950","561,085,000",낙찰,"756,200,000",66.0%,2023-04-25,2023_2Q,3
제주 6계 2021-3573(1),다세대,다세대주택,다세대,제주,제주시,"제주 제주시 조천읍 신흥리 173-2 ,174,176,176-1 스퀘어오션타운 105동 3,4층 302호","380,000,000","266,000,000",낙찰,"272,210,000",71.6%,2023-03-28,2023_1Q,3
제주 6계 2021-3573(2),다세대,다세대주택,다세대,제주,제주시,"제주 제주시 조천읍 신흥리 173-2 ,174,176,176-1 스퀘어오션타운 106동 3,4층 302호","380,000,000","186,200,000",낙찰,"267,129,990",70.3%,2023-05-02,2023_2Q,3
제주 6계 2021-3573(3),다세대,다세대주택,다세대,제주,제주시,"제주 제주시 조천읍 신흥리 173-2 ,174,176,176-1 스퀘어오션타운 109동 1,2층 102호","338,000,000","236,600,000",낙찰,"256,999,000",76.0%,2023-06-13,2023_2Q,3
제주 6계 2021-3573(4),다세대,다세대주택,다세대,제주,제주시,"제주 제주시 조천읍 신흥리 173-2 ,174,176,176-1 스퀘어오션타운 104동 1,2층 101호","338,000,000","236,600,000",낙찰,"241,690,000",71.5%,2023-03-28,2023_1Q,3
제주 6계 2021-3573(5),다세대,다세대주택,다세대,제주,제주시,"제주 제주시 조천읍 신흥리 173-2 ,174,176,176-1 스퀘어오션타운 107동 3,4층 301호","380,000,000","266,000,000",낙찰,"278,770,000",73.4%,2023-03-28,2023_1Q,3
제주 6계 2021-3573(6),다세대,다세대주택,다세대,제주,제주시,"제주 제주시 조천읍 신흥리 173-2 ,174,176,176-1 스퀘어오션타운 106동 3,4층 301호","380,000,000","186,200,000",낙찰,"286,510,000",75.4%,2023-05-02,2023_2Q,3
제주 6계 2021-3573(7),다세대,다세대주택,다세대,제주,제주시,"제주 제주시 조천읍 신흥리 173-2 ,174,176,176-1 스퀘어오션타운 109동 3,4층 301호","380,000,000","266,000,000",낙찰,"307,800,000",81.0%,2023-03-28,2023_1Q,3
제주 6계 2021-3573(9),다세대,다세대주택,다세대,제주,제주시,"제주 제주시 조천읍 신흥리 173-2 ,174,176,176-1 스퀘어오션타운 103동 1,2층 101호","346,000,000","242,200,000",낙찰,"242,200,000",70.0%,2023-03-28,2023_1Q,3
제주 6계 2021-3573(10),다세대,다세대주택,다세대,제주,제주시,"제주 제주시 조천읍 신흥리 173-2 ,174,176,176-1 스퀘어오션타운 106동 1,2층 101호","338,000,000","165,620,000",낙찰,"254,710,000",75.4%,2023-05-02,2023_2Q,3
제주 6계 2021-3573(11),다세대,다세대주택,다세대,제주,제주시,"제주 제주시 조천읍 신흥리 173-2 ,174,176,176-1 스퀘어오션타운 109동 1,2층 101호","338,000,000","236,600,000",낙찰,"260,600,000",77.1%,2023-03-28,2023_1Q,3
제주 6계 2021-3573(12),다세대,다세대주택,다세대,제주,제주시,"제주 제주시 조천읍 신흥리 173-2 ,174,176,176-1 스퀘어오션타운 107동 3,4층 302호","380,000,000","266,000,000",낙찰,"328,080,000",86.3%,2023-03-28,2023_1Q,3
제주 6계 2021-3573(13),다세대,다세대주택,다세대,제주,제주시,"제주 제주시 조천읍 신흥리 173-2 ,174,176,176-1 스퀘어오션타운 106동 1,2층 102호","338,000,000","236,600,000",낙찰,"236,800,000",70.1%,2023-03-28,2023_1Q,3
제주 6계 2021-3573(14),다세대,다세대주택,다세대,제주,제주시,"제주 제주시 조천읍 신흥리 173-2 ,174,176,176-1 스퀘어오션타운 107동 1,2층 102호","372,000,000","260,400,000",낙찰,"266,567,770",71.7%,2023-03-28,2023_1Q,3
제주 6계 2021-3573(8),다세대,다세대주택,다세대,제주,제주시,"제주 제주시 조천읍 신흥리 173-2 ,174,176,176-1 스퀘어오션타운 103동 3,4층 301호","400,000,000","280,000,000",낙찰,"326,799,900",81.7%,2023-05-02,2023_2Q,3
제주 6계 2021-3573(15),다세대,다세대주택,다세대,제주,제주시,"제주 제주시 조천읍 신흥리 173-2 ,174,176,176-1 스퀘어오션타운 103동 1,2층 102호","365,000,000","178,850,000",낙찰,"293,000,060",80.3%,2023-06-13,2023_2Q,3
제주 6계 2021-3573(16),다세대,다세대주택,다세대,제주,제주시,"제주 제주시 조천읍 신흥리 173-2 ,174,176,176-1 스퀘어오션타운 107동 1,2층 101호","365,000,000","255,500,000",낙찰,"267,777,000",73.4%,2023-05-02,2023_2Q,3
제주 4계 2021-3672,아파트,아파트,아파트,제주,제주시,"제주 제주시 화북이동 4955-2 ,-16 문화 가동 3층 305호","189,000,000","132,300,000",낙찰,"191,599,000",101.4%,2023-01-10,2023_1Q,3
제주 5계 2021-3689(2),창고,기타건물,창고,제주,서귀포시,제주 서귀포시 상예동 3628,"1,236,582,000","605,925,000",낙찰,"730,000,000",59.0%,2023-02-28,2023_1Q,3
제주 4계 2021-3832,전,전,전,제주,제주시,제주 제주시 애월읍 곽지리 943-1,"3,009,824,000","1,032,370,000",낙찰,"1,051,250,000",34.9%,2023-03-28,2023_1Q,3
제주 5계 2021-3863,전,전,전,제주,서귀포시,제주 서귀포시 안덕면 사계리 455-1,"680,850,000","476,595,000",낙찰,"528,500,000",77.6%,2023-05-09,2023_2Q,3
제주 2계 2021-3955(2),오피스텔(주거),오피스텔,오피스텔(업무용),제주,제주시,"제주 제주시 일도이동 602-1 ,-2,-3,-4,-5,-9,-11,-13 제주신항코아루디펠리체 8층 808호","289,000,000","23,800,000",낙찰,"24,000,000",8.3%,2023-04-18,2023_2Q,3
제주 2계 2021-4439,임야,임야,임야,제주,서귀포시,제주 서귀포시 성산읍 난산리 2671-5,"2,337,133,640","1,146,947,000",낙찰,"1,200,000,000",51.3%,2023-03-14,2023_1Q,3
제주 1계 2021-4798(1),전,전,전,제주,제주시,제주 제주시 한경면 용수리 1618,"699,930,000","240,076,000",낙찰,"346,000,000",49.4%,2023-04-11,2023_2Q,3
제주 1계 2021-4798(2),전,전,전,제주,제주시,제주 제주시 한경면 용수리 1618-1,"693,905,000","238,010,000",낙찰,"334,000,000",48.1%,2023-04-11,2023_2Q,3
제주 5계 2021-5135,전,전,전,제주,제주시,제주 제주시 애월읍 소길리 978,"717,920,400","351,781,000",낙찰,"420,060,001",58.5%,2023-04-04,2023_2Q,3
제주 1계 2021-5265(1),숙박시설,숙박시설,숙박시설,제주,서귀포시,"제주 서귀포시 강정동 162-1 ,162-2,162-3 호텔윈스카이 10층 호1004A호","136,000,000","32,654,000",낙찰,"37,226,900",27.4%,2023-03-07,2023_1Q,3
제주 1계 2021-5265(2),숙박시설,숙박시설,숙박시설,제주,서귀포시,"제주 서귀포시 강정동 162-1 ,162-2,162-3 호텔윈스카이 10층 호1027C호","118,000,000","28,332,000",낙찰,"30,332,000",25.7%,2023-03-07,2023_1Q,3
제주 1계 2021-5265(3),숙박시설,숙박시설,숙박시설,제주,서귀포시,"제주 서귀포시 강정동 162-1 ,162-2,162-3 호텔윈스카이 10층 호1028C호","118,000,000","40,474,000",낙찰,"40,511,000",34.3%,2023-03-07,2023_1Q,3
제주 5계 2021-5371,전,전,전,제주,제주시,제주 제주시 애월읍 광령리 3366,"1,893,480,000","927,805,000",낙찰,"1,700,000,000",89.8%,2023-05-09,2023_2Q,3
제주 5계 2021-5487(1),단독주택,단독,단독주택,제주,제주시,제주 제주시 한림읍 협재리 516 1동,"411,174,240","287,822,000",낙찰,"390,555,555",95.0%,2023-06-20,2023_2Q,3
제주 5계 2021-5487(3),대지,나대지,나대지,제주,제주시,제주 제주시 한림읍 협재리 516-7,"222,222,000","155,555,000",낙찰,"162,000,000",72.9%,2023-06-20,2023_2Q,3
제주 5계 2021-5852,연립,연립주택,연립·빌라,제주,서귀포시,제주 서귀포시 서귀동 558-13 시민아파트 2층 1호,"62,000,000","43,400,000",낙찰,"58,690,000",94.7%,2023-04-04,2023_2Q,3
제주 1계 2021-5883,단독주택,단독,단독주택,제주,제주시,제주 제주시 아라일동 2657-1 101동호,"582,239,410","407,568,000",낙찰,"407,568,000",70.0%,2023-03-07,2023_1Q,3
제주 4계 2021-5913(1),과수원,과수원,과수원,제주,제주시,제주 제주시 봉개동 1667-1,"663,936,000","464,755,000",낙찰,"554,710,000",83.5%,2023-01-10,2023_1Q,3
제주 4계 2021-5913(2),과수원,과수원,과수원,제주,제주시,제주 제주시 봉개동 1670,"1,394,609,000","478,351,000",낙찰,"501,999,000",36.0%,2023-03-28,2023_1Q,3
제주 5계 2021-5920,근린상가,근린상가,근린상가,제주,제주시,제주 제주시 삼도일동 719-31,"999,473,160","699,631,000",낙찰,"863,500,000",86.4%,2023-02-28,2023_1Q,3
제주 1계 2021-6107,점포,근린상가,점포상가,제주,제주시,제주 제주시 애월읍 장전리 1739-25 차동호,"26,611,200","18,628,000",낙찰,"21,700,000",81.5%,2023-05-16,2023_2Q,3
제주 1계 2021-6282(1),근린상가,근린상가,근린상가,제주,서귀포시,제주 서귀포시 대정읍 보성리 2548 에듀골드힐더클래식 103동 1층 1호,"166,000,000","56,938,000",낙찰,"60,128,000",36.2%,2023-05-16,2023_2Q,3
제주 1계 2021-6282(2),근린상가,근린상가,근린상가,제주,서귀포시,제주 서귀포시 대정읍 보성리 2548 에듀골드힐더클래식 103동 1층 2호,"423,000,000","207,270,000",낙찰,"231,612,000",54.8%,2023-04-11,2023_2Q,3
제주 1계 2021-6282(3),근린상가,근린상가,근린상가,제주,서귀포시,제주 서귀포시 대정읍 보성리 2548 에듀골드힐더클래식 103동 1층 3호,"265,000,000","90,895,000",낙찰,"95,990,000",36.2%,2023-05-16,2023_2Q,3
제주 5계 2021-6572,단독주택,단독,단독주택,제주,제주시,"제주 제주시 구좌읍 김녕리 5675 ,5552,5554,5554-1 5동호","248,635,860","121,832,000",낙찰,"174,111,000",70.0%,2023-02-28,2023_1Q,3
제주 5계 2021-6626(1),과수원,과수원,과수원,제주,제주시,제주 제주시 도련이동 662,"1,485,720,000","728,003,000",낙찰,"805,000,000",54.2%,2023-02-28,2023_1Q,3
제주 1계 2021-6640,과수원,과수원,과수원,제주,제주시,제주 제주시 오등동 1210-1,"1,376,110,000","472,006,000",낙찰,"510,099,000",37.1%,2023-06-27,2023_2Q,3
제주 5계 2021-6749,단독주택,단독,단독주택,제주,제주시,"제주 제주시 한림읍 옹포리 801 ,797-1 유니케슬타운하우스 가동호","1,642,481,280","1,149,737,000",낙찰,"1,247,100,000",75.9%,2023-02-28,2023_1Q,3
제주 5계 2021-6985(1),단독주택,단독,단독주택,제주,서귀포시,제주 서귀포시 표선면 세화리 1211,"402,157,440","281,510,000",낙찰,"365,600,000",90.9%,2023-06-20,2023_2Q,3
제주 5계 2021-6985(2),단독주택,단독,단독주택,제주,서귀포시,"제주 서귀포시 표선면 세화리 1211-1 ,1212","398,633,440","279,043,000",낙찰,"342,770,000",86.0%,2023-06-20,2023_2Q,3
제주 3계 2021-7391(1),전,전,전,제주,서귀포시,제주 서귀포시 성산읍 온평리 1132-5,"10,904,000","3,740,000",낙찰,"5,200,000",47.7%,2023-02-14,2023_1Q,3
제주 5계 2021-7537,오피스텔(주거),오피스텔,오피스텔(업무용),제주,제주시,"제주 제주시 이도일동 1258-13 ,1258-6,1258-14,1258-19,1258-40 이도센트레시티 6층 607호","131,000,000","64,190,000",낙찰,"65,000,000",49.6%,2023-01-17,2023_1Q,3
제주 6계 2021-7780,단독주택,단독,단독주택,제주,제주시,"제주 제주시 애월읍 구엄리 666-3 ,661,665-1,-2,666-2 105동","415,819,440","203,752,000",낙찰,"278,880,000",67.1%,2023-01-10,2023_1Q,3
제주 5계 2021-7834,숙박시설,숙박시설,숙박시설,제주,제주시,"제주 제주시 조천읍 함덕리 1010 ,1011 제주비치 4층 406호","157,000,000","53,851,000",낙찰,"60,111,100",38.3%,2023-02-28,2023_1Q,3
제주 5계 2021-7896,단독주택,단독,단독주택,제주,서귀포시,제주 서귀포시 안덕면 창천리 118-5,"332,647,280","232,853,000",낙찰,"300,047,000",90.2%,2023-06-20,2023_2Q,3
제주 5계 2021-8073,연립,연립주택,연립·빌라,제주,제주시,제주 제주시 아라일동 2803 아라주원라비앙2차 204동 4층 502호,"464,000,000","324,800,000",낙찰,"381,899,000",82.3%,2023-05-09,2023_2Q,3
제주 5계 2021-8134,전,전,전,제주,제주시,제주 제주시 한경면 고산리 3147-15,"30,774,000","15,079,000",낙찰,"15,100,000",49.1%,2023-04-04,2023_2Q,3
제주 5계 2021-8332,아파트,아파트,아파트,제주,제주시,제주 제주시 용담이동 609-3 남양맨션 나동 1층 105호,"146,000,000","146,000,000",낙찰,"151,600,000",103.8%,2023-02-28,2023_1Q,3
제주 6계 2021-8509,다세대,다세대주택,다세대,제주,제주시,제주 제주시 오라삼동 2623 오렌지트리빌리지4차 3층 301호,"326,000,000","159,740,000",낙찰,"225,500,000",69.2%,2023-01-10,2023_1Q,3
제주 2계 2021-8523,다세대,다세대주택,다세대,제주,제주시,제주 제주시 오라삼동 2623 오렌지트리빌리지4차 101동 1층 102호,"337,000,000","165,130,000",낙찰,"239,999,900",71.2%,2023-02-07,2023_1Q,3
제주 4계 2021-8721,대지,나대지,나대지,제주,제주시,제주 제주시 이호일동 550-1,"79,582,500","27,297,000",낙찰,"37,580,000",47.2%,2023-01-10,2023_1Q,3
제주 6계 2021-8745(2),임야,임야,임야,제주,제주시,제주 제주시 애월읍 어음리 499,"998,010,000","342,318,000",낙찰,"363,511,000",36.4%,2023-05-02,2023_2Q,3
제주 2계 2021-8882,임야,임야,임야,제주,서귀포시,제주 서귀포시 안덕면 상천리 615-22,"155,335,000","53,281,000",낙찰,"75,100,000",48.3%,2023-02-07,2023_1Q,3
제주 5계 2021-20332(1),오피스텔(주거),오피스텔,오피스텔(업무용),제주,제주시,제주 제주시 삼도이동 1137 한집시티빌 7층 703호,"371,000,000","181,790,000",낙찰,"259,950,000",70.1%,2023-02-28,2023_1Q,3
제주 5계 2021-20332(2),오피스텔(주거),오피스텔,오피스텔(업무용),제주,제주시,제주 제주시 삼도이동 1137 한집시티빌 2층 203호,"349,000,000","171,010,000",낙찰,"235,690,000",67.5%,2023-02-28,2023_1Q,3
제주 5계 2021-20332(3),오피스텔(주거),오피스텔,오피스텔(업무용),제주,제주시,제주 제주시 삼도이동 1137 한집시티빌 3층 302호,"360,000,000","176,400,000",낙찰,"230,250,000",64.0%,2023-02-28,2023_1Q,3
제주 5계 2021-20332(4),오피스텔(주거),오피스텔,오피스텔(업무용),제주,제주시,제주 제주시 삼도이동 1137 한집시티빌 4층 401호,"359,000,000","175,910,000",낙찰,"234,000,000",65.2%,2023-02-28,2023_1Q,3
제주 5계 2021-20332(5),오피스텔(주거),오피스텔,오피스텔(업무용),제주,제주시,제주 제주시 삼도이동 1137 한집시티빌 5층 501호,"366,000,000","179,340,000",낙찰,"241,500,000",66.0%,2023-02-28,2023_1Q,3
제주 5계 2021-20332(6),오피스텔(주거),오피스텔,오피스텔(업무용),제주,제주시,제주 제주시 삼도이동 1137 한집시티빌 5층 502호,"367,000,000","179,830,000",낙찰,"236,100,000",64.3%,2023-02-28,2023_1Q,3
제주 5계 2021-20332(7),오피스텔(주거),오피스텔,오피스텔(업무용),제주,제주시,제주 제주시 삼도이동 1137 한집시티빌 5층 503호,"367,000,000","179,830,000",낙찰,"210,020,000",57.2%,2023-02-28,2023_1Q,3
제주 5계 2021-20332(8),오피스텔(주거),오피스텔,오피스텔(업무용),제주,제주시,제주 제주시 삼도이동 1137 한집시티빌 6층 602호,"367,000,000","256,900,000",낙찰,"257,100,000",70.1%,2023-01-17,2023_1Q,3
제주 5계 2021-20332(9),오피스텔(주거),오피스텔,오피스텔(업무용),제주,제주시,제주 제주시 삼도이동 1137 한집시티빌 6층 603호,"367,000,000","179,830,000",낙찰,"244,444,000",66.6%,2023-02-28,2023_1Q,3
제주 6계 2021-21007,전,전,전,제주,제주시,제주 제주시 구좌읍 하도리 2207,"32,543,510","15,946,000",낙찰,"17,140,000",52.7%,2023-03-28,2023_1Q,3
제주 2계 2021-21441,다세대,다세대주택,다세대,제주,서귀포시,"제주 서귀포시 성산읍 온평리 1117-5 101동 2,3층 301호","2,854,418,000","1,398,665,000",낙찰,"1,406,700,000",49.3%,2023-03-14,2023_1Q,3
제주 2계 2021-22109,전,전,전,제주,서귀포시,제주 서귀포시 성산읍 성산리 230-7,"32,688,000","16,017,000",낙찰,"17,190,000",52.6%,2023-03-14,2023_1Q,3
제주 5계 2021-22376,전,전,전,제주,서귀포시,제주 서귀포시 대정읍 동일리 929-1,"30,648,210","7,359,000",낙찰,"12,598,590",41.1%,2023-05-09,2023_2Q,3
제주 5계 2021-23034(1),임야,임야,임야,제주,서귀포시,제주 서귀포시 성산읍 수산리 3710,"29,295,000","20,507,000",낙찰,"20,660,000",70.5%,2023-02-28,2023_1Q,3
제주 5계 2021-23034(3),임야,임야,임야,제주,제주시,제주 제주시 구좌읍 한동리 3132-2,"11,585,000","5,677,000",낙찰,"6,130,000",52.9%,2023-04-04,2023_2Q,3
제주 5계 2021-23034(5),임야,임야,임야,제주,제주시,제주 제주시 한경면 조수리 3675-1,"45,084,000","15,464,000",낙찰,"22,100,000",49.0%,2023-05-09,2023_2Q,3
제주 5계 2021-23034(6),임야,임야,임야,제주,제주시,제주 제주시 한경면 판포리 산2-14,"11,550,000","5,660,000",낙찰,"6,019,000",52.1%,2023-04-04,2023_2Q,3
제주 5계 2021-23034(7),임야,임야,임야,제주,제주시,제주 제주시 한림읍 금능리 산4-3,"7,920,000","3,881,000",낙찰,"4,150,000",52.4%,2023-04-04,2023_2Q,3
제주 5계 2021-23348,아파트,아파트,아파트,제주,서귀포시,"제주 서귀포시 중문동 1999-2 ,2000-2 민우중문 나동 5층 504호","52,000,000","52,000,000",낙찰,"52,000,000",100.0%,2023-04-04,2023_2Q,3
제주 6계 2021-23478(6),차량,기타토지,기타토지,제주,제주시,제주 제주시 외도일동 2155-1 제3자(주)세경내 보관,"11,000,000","3,773,000",낙찰,"4,580,000",41.6%,2023-01-10,2023_1Q,3
제주 4계 2021-23577(4),차량,기타토지,기타토지,제주,제주시,제주 제주시 외도일동 2155-1 (주)세경내 보관,"11,300,000","3,876,000",낙찰,"4,212,000",37.3%,2023-02-21,2023_1Q,3
제주 5계 2021-23768,오피스텔,오피스텔,오피스텔(업무용),제주,서귀포시,제주 서귀포시 서귀동 163-11 남양리조텔 7층 703호,"36,000,000","25,200,000",낙찰,"29,300,000",81.4%,2023-06-20,2023_2Q,3
제주 5계 2021-24129(2),목장용지,기타토지,목장용지,제주,제주시,제주 제주시 해안동 35-11,"2,910,776,000","1,426,280,000",낙찰,"1,580,000,000",54.3%,2023-06-20,2023_2Q,3
제주 4계 2021-24723(2),전,전,전,제주,서귀포시,제주 서귀포시 표선면 하천리 812,"140,223,000","48,096,000",낙찰,"59,040,000",42.1%,2023-01-10,2023_1Q,3
제주 5계 2021-24983,다세대,다세대주택,다세대,제주,서귀포시,제주 서귀포시 성산읍 신산리 1983 위듀파크 A동 2층 202호,"254,000,000","177,800,000",낙찰,"215,999,900",85.0%,2023-05-09,2023_2Q,3
제주 5계 2021-25436(1),임야,임야,임야,제주,서귀포시,제주 서귀포시 표선면 성읍리 3069,"337,032,000","165,145,000",낙찰,"187,032,000",55.5%,2023-02-28,2023_1Q,3
제주 5계 2021-25436(2),임야,임야,임야,제주,제주시,제주 제주시 한림읍 협재리 2403,"113,424,000","55,578,000",낙찰,"56,100,000",49.5%,2023-02-28,2023_1Q,3
제주 5계 2021-25535,연립,연립주택,연립·빌라,제주,제주시,제주 제주시 한림읍 협재리 598-2 프랜드빌리지 4층 401호,"37,000,000","12,691,000",낙찰,"18,000,001",48.6%,2023-02-28,2023_1Q,3
제주 5계 2021-25597,연립,연립주택,연립·빌라,제주,서귀포시,"제주 서귀포시 안덕면 창천리 1460 대평아르테라스 101동 3,4층 306호","382,000,000","187,180,000",낙찰,"263,640,000",69.0%,2023-06-20,2023_2Q,3
제주 5계 2021-26316,숙박시설,숙박시설,숙박시설,제주,서귀포시,제주 서귀포시 법환동 745-1 비스타케이호텔 2층 203호,"114,000,000","19,160,000",낙찰,"19,500,000",17.1%,2023-02-28,2023_1Q,3
제주 1계 2021-26422,도로,기타토지,기타토지,제주,서귀포시,제주 서귀포시 표선면 성읍리 2310-17,"8,296,000","1,992,000",낙찰,"2,000,000",24.1%,2023-05-16,2023_2Q,3
제주 5계 2021-26880,전,전,전,제주,서귀포시,제주 서귀포시 대정읍 영락리 1216-3,"52,782,000","18,104,000",낙찰,"22,000,000",41.7%,2023-01-17,2023_1Q,3
제주 2계 2021-26972,임야,임야,임야,제주,제주시,제주 제주시 애월읍 상가리 산41-1,"132,483,000","31,809,000",낙찰,"40,321,000",30.4%,2023-05-23,2023_2Q,3
제주 5계 2021-27425(1),임야,임야,임야,제주,제주시,제주 제주시 조천읍 와흘리 2480,"2,435,040","1,705,000",낙찰,"1,809,990",74.3%,2023-01-17,2023_1Q,3
제주 5계 2021-27425(2),대지,나대지,나대지,제주,제주시,제주 제주시 이호이동 1536-1,"77,393,000","37,923,000",낙찰,"55,650,000",71.9%,2023-02-28,2023_1Q,3
제주 5계 2021-27425(3),임야,임야,임야,제주,제주시,제주 제주시 회천동 1363-1,"6,557,000","3,213,000",낙찰,"4,262,000",65.0%,2023-02-28,2023_1Q,3
제주 2계 2021-27517(2),과수원,과수원,과수원,제주,제주시,제주 제주시 노형동 3190-2,"252,188,000","176,532,000",낙찰,"206,000,000",81.7%,2023-03-14,2023_1Q,3
제주 4계 2021-27661,임야,임야,임야,제주,제주시,제주 제주시 조천읍 와산리 1206-2,"131,254,000","22,061,000",낙찰,"30,110,000",22.9%,2023-01-10,2023_1Q,3
제주 5계 2021-27678,단독주택,단독,단독주택,제주,서귀포시,제주 서귀포시 성산읍 신풍리 898,"315,236,640","220,666,000",낙찰,"271,000,000",86.0%,2023-06-20,2023_2Q,3
제주 5계 2021-27722,임야,임야,임야,제주,제주시,"제주 제주시 구좌읍 행원리 1538-1 ,-30","2,515,537,000","1,232,613,000",낙찰,"1,716,666,666",68.2%,2023-04-04,2023_2Q,3
제주 3계 2021-27821,전,전,전,제주,제주시,제주 제주시 삼양일동 1033,"1,427,862,000","699,652,000",낙찰,"912,100,000",63.9%,2023-03-21,2023_1Q,3
제주 5계 2021-28091(1),단독주택,단독,단독주택,제주,제주시,제주 제주시 일도이동 985-3,"756,301,020","529,411,000",낙찰,"683,770,000",90.4%,2023-05-09,2023_2Q,3
제주 5계 2021-28091(2),단독주택,단독,단독주택,제주,제주시,제주 제주시 건입동 1040-29,"185,050,500","90,675,000",낙찰,"126,110,000",68.1%,2023-06-20,2023_2Q,3
제주 4계 2021-28268(1),차량,기타토지,기타토지,제주,제주시,제주 제주시 외도일동 2155-3 (주)세경내 보관(064-712-4944),"38,000,000","9,124,000",낙찰,"10,110,000",26.6%,2023-02-21,2023_1Q,3
제주 4계 2021-28268(2),차량,기타토지,기타토지,제주,제주시,제주 제주시 외도일동 2155-3 (주)세경내 보관(064-712-4944),"38,000,000","9,124,000",낙찰,"12,040,000",31.7%,2023-02-21,2023_1Q,3
제주 4계 2021-28329(2),대지,나대지,나대지,제주,서귀포시,제주 서귀포시 성산읍 수산리 2722-2,"379,772,000","265,840,000",낙찰,"345,590,000",91.0%,2023-01-10,2023_1Q,3
제주 4계 2021-28329(1),대지,나대지,나대지,제주,서귀포시,제주 서귀포시 성산읍 수산리 2722-28,"213,180,000","213,180,000",낙찰,"220,090,000",103.2%,2023-01-10,2023_1Q,3
제주 2계 2021-28480,임야,임야,임야,제주,제주시,제주 제주시 구좌읍 상도리 산57,"64,960,000","22,281,000",낙찰,"33,865,000",52.1%,2023-02-07,2023_1Q,3
제주 2계 2021-28619(1),숙박시설,숙박시설,숙박시설,제주,제주시,제주 제주시 이도일동 1787-3 모던테라스 7층 823호,"115,000,000","56,350,000",낙찰,"81,999,000",71.3%,2023-03-14,2023_1Q,3
제주 2계 2021-28619(2),근린상가,근린상가,근린상가,제주,제주시,제주 제주시 이도일동 1787-3 모던테라스 4층 525호,"60,000,000","20,580,000",낙찰,"36,600,000",61.0%,2023-04-18,2023_2Q,3
제주 2계 2021-28619(3),숙박시설,숙박시설,숙박시설,제주,제주시,제주 제주시 이도일동 1787-3 모던테라스 2층 216호,"84,000,000","41,160,000",낙찰,"46,999,000",56.0%,2023-03-14,2023_1Q,3
제주 2계 2021-28619(4),근린상가,근린상가,근린상가,제주,제주시,제주 제주시 이도일동 1787-3 모던테라스 3층 325호,"60,000,000","29,400,000",낙찰,"30,110,000",50.2%,2023-03-14,2023_1Q,3
제주 2계 2021-28619(5),숙박시설,숙박시설,숙박시설,제주,제주시,제주 제주시 이도일동 1787-3 모던테라스 2층 223호,"107,000,000","52,430,000",낙찰,"76,999,000",72.0%,2023-03-14,2023_1Q,3
제주 2계 2021-28619(6),근린상가,근린상가,근린상가,제주,제주시,제주 제주시 이도일동 1787-3 모던테라스 3층 324호,"67,000,000","32,830,000",낙찰,"35,160,000",52.5%,2023-03-14,2023_1Q,3
제주 2계 2021-28619(7),숙박시설,숙박시설,숙박시설,제주,제주시,제주 제주시 이도일동 1787-3 모던테라스 2층 220호,"83,000,000","40,670,000",낙찰,"48,770,000",58.8%,2023-03-14,2023_1Q,3
제주 2계 2021-28619(8),숙박시설,숙박시설,숙박시설,제주,제주시,제주 제주시 이도일동 1787-3 모던테라스 4층 515호,"94,000,000","46,060,000",낙찰,"56,999,000",60.6%,2023-03-14,2023_1Q,3
제주 2계 2021-28619(9),숙박시설,숙박시설,숙박시설,제주,제주시,제주 제주시 이도일동 1787-3 모던테라스 3층 315호,"93,000,000","45,570,000",낙찰,"50,999,000",54.8%,2023-03-14,2023_1Q,3
제주 2계 2021-28619(10),숙박시설,숙박시설,숙박시설,제주,제주시,제주 제주시 이도일동 1787-3 모던테라스 3층 316호,"85,000,000","41,650,000",낙찰,"55,160,000",64.9%,2023-03-14,2023_1Q,3
제주 2계 2021-28619(11),숙박시설,숙박시설,숙박시설,제주,제주시,제주 제주시 이도일동 1787-3 모던테라스 3층 318호,"72,000,000","35,280,000",낙찰,"46,160,000",64.1%,2023-03-14,2023_1Q,3
제주 2계 2021-28619(12),근린상가,근린상가,근린상가,제주,제주시,제주 제주시 이도일동 1787-3 모던테라스 5층 624호,"67,000,000","32,830,000",낙찰,"36,200,000",54.0%,2023-03-14,2023_1Q,3
제주 2계 2021-28619(13),근린상가,근린상가,근린상가,제주,제주시,제주 제주시 이도일동 1787-3 모던테라스 4층 524호,"67,000,000","32,830,000",낙찰,"34,100,000",50.9%,2023-03-14,2023_1Q,3
제주 2계 2021-28619(14),숙박시설,숙박시설,숙박시설,제주,제주시,제주 제주시 이도일동 1787-3 모던테라스 5층 615호,"95,000,000","46,550,000",낙찰,"56,999,000",60.0%,2023-03-14,2023_1Q,3
제주 2계 2021-28619(15),근린상가,근린상가,근린상가,제주,제주시,제주 제주시 이도일동 1787-3 모던테라스 5층 625호,"60,000,000","29,400,000",낙찰,"35,001,000",58.3%,2023-03-14,2023_1Q,3
제주 2계 2021-28619(16),숙박시설,숙박시설,숙박시설,제주,제주시,제주 제주시 이도일동 1787-3 모던테라스 5층 616호,"87,000,000","42,630,000",낙찰,"56,999,000",65.5%,2023-03-14,2023_1Q,3
제주 2계 2021-28619(17),숙박시설,숙박시설,숙박시설,제주,제주시,제주 제주시 이도일동 1787-3 모던테라스 4층 516호,"86,000,000","42,140,000",낙찰,"56,999,000",66.3%,2023-03-14,2023_1Q,3
제주 2계 2021-28619(18),숙박시설,숙박시설,숙박시설,제주,제주시,제주 제주시 이도일동 1787-3 모던테라스 6층 715호,"96,000,000","47,040,000",낙찰,"56,999,000",59.4%,2023-03-14,2023_1Q,3
제주 2계 2021-28619(19),숙박시설,숙박시설,숙박시설,제주,제주시,제주 제주시 이도일동 1787-3 모던테라스 6층 707호,"85,000,000","59,500,000",낙찰,"65,111,100",76.6%,2023-02-07,2023_1Q,3
제주 2계 2021-28619(20),근린상가,근린상가,근린상가,제주,제주시,제주 제주시 이도일동 1787-3 모던테라스 6층 725호,"60,000,000","42,000,000",낙찰,"43,121,900",71.9%,2023-02-07,2023_1Q,3
제주 2계 2021-28619(21),숙박시설,숙박시설,숙박시설,제주,제주시,제주 제주시 이도일동 1787-3 모던테라스 6층 708호,"85,000,000","59,500,000",낙찰,"70,500,000",82.9%,2023-02-07,2023_1Q,3
제주 2계 2021-28619(22),근린상가,근린상가,근린상가,제주,제주시,제주 제주시 이도일동 1787-3 모던테라스 6층 724호,"67,000,000","22,981,000",낙찰,"35,711,000",53.3%,2023-04-18,2023_2Q,3
제주 2계 2021-28619(23),숙박시설,숙박시설,숙박시설,제주,제주시,제주 제주시 이도일동 1787-3 모던테라스 7층 815호,"97,000,000","47,530,000",낙찰,"58,925,450",60.7%,2023-03-14,2023_1Q,3
제주 2계 2021-28619(24),근린상가,근린상가,근린상가,제주,제주시,제주 제주시 이도일동 1787-3 모던테라스 8층 925호,"60,000,000","20,580,000",낙찰,"36,600,000",61.0%,2023-04-18,2023_2Q,3
제주 2계 2021-28619(25),근린상가,근린상가,근린상가,제주,제주시,제주 제주시 이도일동 1787-3 모던테라스 7층 824호,"67,000,000","32,830,000",낙찰,"38,131,000",56.9%,2023-05-23,2023_2Q,3
제주 2계 2021-28619(26),근린상가,근린상가,근린상가,제주,제주시,제주 제주시 이도일동 1787-3 모던테라스 8층 924호,"67,000,000","32,830,000",낙찰,"33,230,000",49.6%,2023-03-14,2023_1Q,3
제주 2계 2021-28619(27),근린상가,근린상가,근린상가,제주,제주시,제주 제주시 이도일동 1787-3 모던테라스 9층 1024호,"67,000,000","32,830,000",낙찰,"33,333,000",49.8%,2023-03-14,2023_1Q,3
제주 2계 2021-28619(28),근린상가,근린상가,근린상가,제주,제주시,제주 제주시 이도일동 1787-3 모던테라스 7층 825호,"60,000,000","29,400,000",낙찰,"34,890,000",58.1%,2023-05-23,2023_2Q,3
제주 2계 2021-28619(29),근린상가,근린상가,근린상가,제주,제주시,제주 제주시 이도일동 1787-3 모던테라스 10층 1124호,"67,000,000","32,830,000",낙찰,"43,362,000",64.7%,2023-03-14,2023_1Q,3
제주 2계 2021-28619(30),근린상가,근린상가,근린상가,제주,제주시,제주 제주시 이도일동 1787-3 모던테라스 9층 1025호,"60,000,000","42,000,000",낙찰,"42,000,000",70.0%,2023-02-07,2023_1Q,3
제주 2계 2021-28619(31),근린상가,근린상가,근린상가,제주,제주시,제주 제주시 이도일동 1787-3 모던테라스 10층 1125호,"60,000,000","20,580,000",낙찰,"32,220,000",53.7%,2023-04-18,2023_2Q,3
제주 2계 2021-28619(32),숙박시설,숙박시설,숙박시설,제주,제주시,제주 제주시 이도일동 1787-3 모던테라스 10층 1110호,"88,000,000","43,120,000",낙찰,"65,120,000",74.0%,2023-03-14,2023_1Q,3
제주 5계 2021-28695,전,전,전,제주,제주시,제주 제주시 조천읍 함덕리 1580,"268,920,000","268,920,000",낙찰,"275,500,000",102.4%,2023-02-28,2023_1Q,3
제주 1계 2021-28831,다세대,다세대주택,다세대,제주,제주시,제주 제주시 외도일동 551-7 탑빌라트 2층 203호,"66,000,000","46,200,000",낙찰,"60,170,000",91.2%,2023-01-31,2023_1Q,3
제주 5계 2021-28947,차량,기타토지,기타토지,제주,제주시,제주 제주시 외도일동 2155-1 (주)세경내 보관,"30,000,000","21,000,000",낙찰,"26,570,000",88.6%,2023-02-28,2023_1Q,3
제주 5계 2021-29179,임야,임야,임야,제주,서귀포시,제주 서귀포시 안덕면 동광리 5-93,"32,592,000","15,970,000",낙찰,"17,740,000",54.4%,2023-05-09,2023_2Q,3
제주 6계 2021-29186,전,전,전,제주,서귀포시,제주 서귀포시 대정읍 무릉리 2324,"1,016,553,000","498,111,000",낙찰,"510,000,000",50.2%,2023-01-10,2023_1Q,3
제주 3계 2021-29216,전,전,전,제주,제주시,제주 제주시 한경면 용수리 3843,"737,123,000","361,190,000",낙찰,"405,000,000",54.9%,2023-01-03,2023_1Q,3
제주 3계 2022-38,전,전,전,제주,서귀포시,제주 서귀포시 안덕면 감산리 960-1,"151,878,000","36,467,000",낙찰,"56,888,000",37.5%,2023-05-30,2023_2Q,3
제주 5계 2022-137,근린상가,근린상가,근린상가,제주,제주시,제주 제주시 조천읍 신흥리 32-1 비파디자인그룹,"362,943,560","362,943,560",낙찰,"553,250,000",152.4%,2023-02-28,2023_1Q,3
제주 2계 2022-267(2),잡종지,잡종지,잡종지,제주,제주시,제주 제주시 한경면 낙천리 1405-3,"384,683,000","131,947,000",낙찰,"160,311,000",41.7%,2023-03-14,2023_1Q,3
제주 2계 2022-267(1),잡종지,잡종지,잡종지,제주,제주시,제주 제주시 한경면 낙천리 1405,"82,908,000","58,036,000",낙찰,"61,234,000",73.9%,2023-02-07,2023_1Q,3
제주 3계 2022-274,숙박시설,숙박시설,숙박시설,제주,서귀포시,제주 서귀포시 서귀동 319-2 비스타케이호텔(천지연) 5층 527호,"213,000,000","25,059,000",낙찰,"32,777,000",15.4%,2023-03-21,2023_1Q,3
제주 5계 2022-298(1),임야,임야,임야,제주,서귀포시,제주 서귀포시 표선면 가시리 43-2,"121,304,000","121,304,000",낙찰,"125,000,000",103.0%,2023-04-04,2023_2Q,3
제주 5계 2022-298(2),임야,임야,임야,제주,서귀포시,제주 서귀포시 표선면 가시리 43-4,"120,443,000","59,017,000",낙찰,"65,200,000",54.1%,2023-06-20,2023_2Q,3
제주 1계 2022-311,단독주택,단독,단독주택,제주,서귀포시,제주 서귀포시 성산읍 고성리 839-3,"695,306,260","486,714,000",낙찰,"585,600,000",84.2%,2023-01-31,2023_1Q,3
제주 6계 2022-366(1),숙박시설,숙박시설,숙박시설,제주,서귀포시,제주 서귀포시 서호동 1522-1 그린트리인서귀포호텔 6층 602호,"151,000,000","12,436,000",낙찰,"18,120,000",12.0%,2023-03-28,2023_1Q,3
제주 6계 2022-366(2),숙박시설,숙박시설,숙박시설,제주,서귀포시,제주 서귀포시 서호동 1522-1 그린트리인서귀포호텔 10층 1004호,"141,000,000","16,589,000",낙찰,"20,011,000",14.2%,2023-02-21,2023_1Q,3
제주 2계 2022-441,임야,임야,임야,제주,제주시,제주 제주시 애월읍 납읍리 산26-1,"113,355,790","38,881,000",낙찰,"40,880,000",36.1%,2023-02-07,2023_1Q,3
제주 5계 2022-533,전,전,전,제주,서귀포시,제주 서귀포시 대정읍 신도리 2309-7,"376,320,000","184,397,000",낙찰,"219,100,006",58.2%,2023-06-20,2023_2Q,3
제주 4계 2022-588(1),임야,임야,임야,제주,제주시,제주 제주시 용강동 301,"34,157,560","16,737,000",낙찰,"17,000,000",49.8%,2023-01-10,2023_1Q,3
제주 4계 2022-588(2),전,전,전,제주,제주시,제주 제주시 도두일동 1693,"189,036,000","132,325,000",낙찰,"139,999,000",74.1%,2023-02-21,2023_1Q,3
제주 6계 2022-601(1),단독주택,단독,단독주택,제주,제주시,제주 제주시 애월읍 유수암리 2151 1호,"209,627,000","146,739,000",낙찰,"175,900,000",83.9%,2023-01-10,2023_1Q,3
제주 3계 2022-694,임야,임야,임야,제주,서귀포시,제주 서귀포시 성산읍 온평리 2553-2,"405,794,000","198,839,000",낙찰,"225,000,000",55.4%,2023-02-14,2023_1Q,3
제주 1계 2022-809,전,전,전,제주,제주시,제주 제주시 애월읍 어음리 3380,"317,760,000","155,702,000",낙찰,"197,900,000",62.3%,2023-01-31,2023_1Q,3
제주 5계 2022-830,전,전,전,제주,제주시,제주 제주시 조천읍 조천리 277,"122,677,300","42,078,000",낙찰,"46,990,000",38.3%,2023-06-20,2023_2Q,3
제주 3계 2022-939,연립,연립주택,연립·빌라,제주,서귀포시,제주 서귀포시 법환동 212 디자인뷰 105동 3층 304호,"391,000,000","273,700,000",낙찰,"360,000,000",92.1%,2023-03-21,2023_1Q,3
제주 3계 2022-1116,과수원,과수원,과수원,제주,서귀포시,제주 서귀포시 강정동 1748-32,"678,756,000","232,813,000",낙찰,"265,000,000",39.0%,2023-05-30,2023_2Q,3
제주 5계 2022-1147,다세대,다세대주택,다세대,제주,제주시,제주 제주시 건입동 666-23 신아타운 나동 1층 102호,"114,106,000","79,874,000",낙찰,"86,077,777",75.4%,2023-06-20,2023_2Q,3
제주 2계 2022-1222,근린상가,근린상가,근린상가,제주,제주시,제주 제주시 연동 2333-13 갤럭시연동빌 2층 201호,"320,000,000","224,000,000",낙찰,"239,000,000",74.7%,2023-04-18,2023_2Q,3
제주 2계 2022-1284,다세대,다세대주택,다세대,제주,제주시,제주 제주시 오라삼동 2623 오렌지트리빌리지4차 1층 101호,"340,000,000","238,000,000",낙찰,"260,080,000",76.5%,2023-03-14,2023_1Q,3
제주 5계 2022-1437,대지,나대지,나대지,제주,서귀포시,제주 서귀포시 토평동 2092-1,"1,025,892,000","502,687,000",낙찰,"635,200,000",61.9%,2023-04-04,2023_2Q,3
제주 1계 2022-1468,임야,임야,임야,제주,서귀포시,제주 서귀포시 성산읍 수산리 923,"1,523,319,000","1,066,323,000",낙찰,"1,264,354,770",83.0%,2023-04-11,2023_2Q,3
제주 2계 2022-1505,임야,임야,임야,제주,제주시,제주 제주시 조천읍 조천리 43,"1,795,472,000","615,847,000",낙찰,"716,500,000",39.9%,2023-04-18,2023_2Q,3
제주 4계 2022-1536,점포,근린상가,점포상가,제주,제주시,제주 제주시 이도이동 388,"1,515,686,460","1,060,981,000",낙찰,"1,061,999,900",70.1%,2023-01-10,2023_1Q,3
제주 1계 2022-1550,과수원,과수원,과수원,제주,제주시,제주 제주시 오라삼동 2623-9,"698,540,000","488,978,000",낙찰,"620,000,000",88.8%,2023-05-16,2023_2Q,3
제주 2계 2022-1567,다세대,다세대주택,다세대,제주,제주시,제주 제주시 오라삼동 2623-5 Orange tree village 101동 2층 202호,"349,000,000","244,300,000",낙찰,"245,000,000",70.2%,2023-02-07,2023_1Q,3
제주 2계 2022-1604,다세대,다세대주택,다세대,제주,제주시,제주 제주시 오라삼동 2623-5 Orange tree village 5차 101동 3층 302호,"348,000,000","243,600,000",낙찰,"250,000,100",71.8%,2023-02-07,2023_1Q,3
제주 3계 2022-1611,다세대,다세대주택,다세대,제주,제주시,제주 제주시 오라삼동 2623-5 Orange tree village5차 101동 3층 301호,"348,000,000","243,600,000",낙찰,"267,960,000",77.0%,2023-03-21,2023_1Q,3
제주 6계 2022-1710,콘도,기타토지,기타토지,제주,제주시,제주 제주시 회천동 3-16 한화리조트 제주제동관동 4층 467호,"8,170,000","4,003,000",낙찰,"5,111,000",62.6%,2023-03-28,2023_1Q,3
제주 2계 2022-1789,다세대,다세대주택,다세대,제주,제주시,제주 제주시 이도일동 1246-6 이도동편한리치빌 가동 4층 502호,"193,000,000","135,100,000",낙찰,"155,087,900",80.4%,2023-02-07,2023_1Q,3
제주 3계 2022-1796,창고,기타건물,창고,제주,서귀포시,제주 서귀포시 성산읍 수산리 286-1,"991,652,000","485,909,000",낙찰,"644,590,000",65.0%,2023-04-25,2023_2Q,3
제주 5계 2022-1819,다세대,다세대주택,다세대,제주,제주시,"제주 제주시 도평동 6 ,8-3 에코그린빌6차 101동 3층 301호","269,000,000","188,300,000",낙찰,"245,500,000",91.3%,2023-05-09,2023_2Q,3
제주 2계 2022-1901,연구소,사무실,사무실,제주,제주시,"제주 제주시 용담삼동 984-8 ,986","1,649,266,900","565,699,000",낙찰,"782,222,000",47.4%,2023-05-23,2023_2Q,3
제주 2계 2022-1963,연립,연립주택,연립·빌라,제주,제주시,제주 제주시 노형동 3586 노형청목더웰 102동 2층 201호,"270,000,000","189,000,000",낙찰,"256,500,000",95.0%,2023-04-18,2023_2Q,3
제주 1계 2022-2010(1),전,전,전,제주,제주시,제주 제주시 한림읍 동명리 1516,"1,606,458,000","551,016,000",낙찰,"713,000,000",44.4%,2023-06-27,2023_2Q,3
제주 1계 2022-2010(2),임야,임야,임야,제주,서귀포시,제주 서귀포시 안덕면 동광리 790,"816,200,000","399,938,000",낙찰,"520,100,000",63.7%,2023-01-31,2023_1Q,3
제주 2계 2022-2027,다세대,다세대주택,다세대,제주,서귀포시,제주 서귀포시 남원읍 위미리 1803-2 임페리얼캐슬 B동 5층 502호,"284,000,000","198,800,000",낙찰,"201,640,000",71.0%,2023-03-14,2023_1Q,3
제주 1계 2022-2065,근린상가,근린상가,근린상가,제주,서귀포시,제주 서귀포시 서귀동 299-3,"2,815,969,180","1,379,825,000",낙찰,"1,806,660,000",64.2%,2023-01-31,2023_1Q,3
제주 4계 2022-2102(1),연립,연립주택,연립·빌라,제주,서귀포시,제주 서귀포시 법환동 212 디자인뷰 105동 3층 303호,"391,000,000","191,590,000",낙찰,"247,299,000",63.2%,2023-01-10,2023_1Q,3
제주 3계 2022-2225,오피스텔,오피스텔,오피스텔(업무용),제주,제주시,"제주 제주시 연동 260-30 ,260-37,260-47 제주연동일성트루엘 13층 1312호","240,000,000","117,600,000",낙찰,"158,070,000",65.9%,2023-04-25,2023_2Q,3
제주 1계 2022-2270,전,전,전,제주,제주시,제주 제주시 애월읍 고성리 484,"43,539,000","14,934,000",낙찰,"16,201,000",37.2%,2023-03-07,2023_1Q,3
제주 2계 2022-2287(1),연립,연립주택,연립·빌라,제주,서귀포시,제주 서귀포시 서홍동 1891-1 서홍동별해리 101동 4층 505호,"441,000,000","216,090,000",낙찰,"291,100,000",66.0%,2023-04-18,2023_2Q,3
제주 2계 2022-2287(2),연립,연립주택,연립·빌라,제주,서귀포시,제주 서귀포시 서홍동 1891-1 서홍동별해리 102동 3층 305호,"353,000,000","172,970,000",낙찰,"230,000,000",65.2%,2023-04-18,2023_2Q,3
제주 2계 2022-2287(3),연립,연립주택,연립·빌라,제주,서귀포시,제주 서귀포시 서홍동 1891-1 서홍동별해리 103동 3층 301호,"353,000,000","247,100,000",낙찰,"247,120,000",70.0%,2023-03-14,2023_1Q,3
제주 3계 2022-2379,전,전,전,제주,제주시,제주 제주시 우도면 연평리 1413,"785,359,000","384,826,000",낙찰,"400,050,000",50.9%,2023-04-25,2023_2Q,3
제주 3계 2022-2447,임야,임야,임야,제주,서귀포시,제주 서귀포시 중문동 233-4,"12,510,000","12,510,000",낙찰,"13,600,000",108.7%,2023-02-14,2023_1Q,3
제주 2계 2022-2454(1),임야,임야,임야,제주,서귀포시,제주 서귀포시 회수동 739-6,"4,545,750","3,182,000",낙찰,"5,888,000",129.5%,2023-03-14,2023_1Q,3
제주 2계 2022-2454(2),임야,임야,임야,제주,서귀포시,제주 서귀포시 회수동 739-2,"21,578,360","15,105,000",낙찰,"20,588,000",95.4%,2023-03-14,2023_1Q,3
제주 6계 2022-2492,다세대,다세대주택,다세대,제주,제주시,제주 제주시 애월읍 하귀2리 1703-1 하귀빌 2층 201호,"261,000,000","182,700,000",낙찰,"191,100,000",73.2%,2023-01-10,2023_1Q,3
제주 3계 2022-2645(2),전,전,전,제주,서귀포시,제주 서귀포시 대정읍 동일리 1979-2,"45,627,000","31,939,000",낙찰,"37,990,000",83.3%,2023-04-25,2023_2Q,3
제주 5계 2022-2720,임야,임야,임야,제주,제주시,제주 제주시 구좌읍 월정리 138,"360,230,000","252,161,000",낙찰,"295,550,000",82.0%,2023-04-04,2023_2Q,3
제주 2계 2022-2768,대지,나대지,나대지,제주,제주시,제주 제주시 추자면 묵리 491,"58,515,000","40,961,000",낙찰,"43,200,000",73.8%,2023-03-14,2023_1Q,3
제주 3계 2022-2775,전,전,전,제주,제주시,제주 제주시 추자면 묵리 615,"27,006,000","18,904,000",낙찰,"20,020,000",74.1%,2023-03-21,2023_1Q,3
제주 6계 2022-3044,목장용지,기타토지,목장용지,제주,서귀포시,제주 서귀포시 대포동 29-1,"6,204,000","3,040,000",낙찰,"4,561,500",73.5%,2023-05-02,2023_2Q,3
제주 3계 2022-3068,다세대,다세대주택,다세대,제주,서귀포시,제주 서귀포시 성산읍 성산리 228-12 태성빌라 나동 3층 301호,"186,000,000","130,200,000",낙찰,"144,900,000",77.9%,2023-03-21,2023_1Q,3
제주 2계 2022-3112,근린상가,근린상가,근린상가,제주,제주시,"제주 제주시 연동 272-33 ,272-34 로얄쇼핑센타 3층 11호","19,000,000","9,310,000",낙찰,"12,320,000",64.8%,2023-05-23,2023_2Q,3
제주 5계 2022-3143,다세대,다세대주택,다세대,제주,제주시,제주 제주시 이도이동 1028-14 다솜 지층 1호,"111,000,000","77,700,000",낙찰,"78,000,000",70.3%,2023-06-20,2023_2Q,3
제주 2계 2022-3198,임야,임야,임야,제주,서귀포시,제주 서귀포시 성산읍 수산리 2659,"295,367,000","206,757,000",낙찰,"221,531,000",75.0%,2023-04-18,2023_2Q,3
제주 3계 2022-3204,전,전,전,제주,제주시,제주 제주시 한경면 두모리 1960-1,"139,410,000","68,311,000",낙찰,"88,000,000",63.1%,2023-05-30,2023_2Q,3
제주 2계 2022-3235,아파트,아파트,아파트,제주,서귀포시,제주 서귀포시 동홍동 355-1 동홍4차주공 401동 1층 104호,"172,000,000","172,000,000",낙찰,"172,100,000",100.1%,2023-03-14,2023_1Q,3
제주 4계 2022-3259,연립,연립주택,연립·빌라,제주,제주시,제주 제주시 노형동 2815 노형펠리체 103동 1층 102호,"200,000,000","140,000,000",낙찰,"176,000,000",88.0%,2023-06-13,2023_2Q,3
제주 6계 2022-3280,오피스텔(주거),오피스텔,오피스텔(업무용),제주,서귀포시,제주 서귀포시 서귀동 163-11 남양리조텔 8층 804호,"61,000,000","29,890,000",낙찰,"38,690,000",63.4%,2023-05-02,2023_2Q,3
제주 1계 2022-3297,다세대,다세대주택,다세대,제주,서귀포시,제주 서귀포시 호근동 409-4 더루체하우제 B동 4층 503호,"650,000,000","455,000,000",낙찰,"629,000,000",96.8%,2023-01-31,2023_1Q,3
제주 2계 2022-3303(1),임야,임야,임야,제주,서귀포시,제주 서귀포시 강정동 1578,"432,684,000","302,879,000",낙찰,"371,100,000",85.8%,2023-05-23,2023_2Q,3
제주 2계 2022-3303(2),임야,임야,임야,제주,서귀포시,제주 서귀포시 강정동 1561-5,"21,615,000","21,615,000",낙찰,"30,150,000",139.5%,2023-04-18,2023_2Q,3
제주 3계 2022-3310,임야,임야,임야,제주,서귀포시,제주 서귀포시 대정읍 무릉리 1794-1,"332,640,000","162,994,000",낙찰,"191,000,000",57.4%,2023-04-25,2023_2Q,3
제주 6계 2022-3396,답,답,답,제주,서귀포시,제주 서귀포시 안덕면 화순리 380,"746,900,000","365,981,000",낙찰,"366,000,000",49.0%,2023-05-02,2023_2Q,3
제주 1계 2022-3464,임야,임야,임야,제주,서귀포시,제주 서귀포시 안덕면 덕수리 산3-68,"54,816,100","54,816,100",낙찰,"55,000,000",100.3%,2023-04-11,2023_2Q,3
제주 1계 2022-3525,단독주택,단독,단독주택,제주,제주시,제주 제주시 조천읍 와산리 326-1 1호,"1,058,093,400","740,665,000",낙찰,"751,000,000",71.0%,2023-04-11,2023_2Q,3
제주 3계 2022-3600,아파트,아파트,아파트,제주,제주시,"제주 제주시 도두일동 2614 ,2614-1 블루파크시티 10층 1017호","160,000,000","112,000,000",낙찰,"118,603,000",74.1%,2023-05-30,2023_2Q,3
제주 4계 2022-3617,전,전,전,제주,제주시,제주 제주시 한경면 고산리 3441-6,"71,864,000","35,214,000",낙찰,"49,000,000",68.2%,2023-01-10,2023_1Q,3
제주 6계 2022-3631,단독주택,단독,단독주택,제주,제주시,제주 제주시 추자면 대서리 10-1 7호,"113,808,350","55,766,000",낙찰,"60,000,010",52.7%,2023-05-02,2023_2Q,3
제주 2계 2022-3655(1),임야,임야,임야,제주,서귀포시,제주 서귀포시 남원읍 위미리 4547,"35,482,920","35,482,920",낙찰,"36,000,100",101.5%,2023-05-23,2023_2Q,3
제주 3계 2022-3662,과수원,과수원,과수원,제주,제주시,제주 제주시 조천읍 와흘리 988-2,"113,046,000","79,132,000",낙찰,"84,076,000",74.4%,2023-04-25,2023_2Q,3
제주 4계 2022-3747(1),전,전,전,제주,제주시,제주 제주시 조천읍 조천리 2335-21,"25,452,000","25,452,000",낙찰,"36,622,000",143.9%,2023-01-10,2023_1Q,3
제주 4계 2022-3747(2),대지,나대지,나대지,제주,제주시,제주 제주시 조천읍 함덕리 1075-5,"310,460,000","152,125,000",낙찰,"183,500,000",59.1%,2023-03-28,2023_1Q,3
제주 1계 2022-3792,아파트,아파트,아파트,제주,제주시,제주 제주시 외도일동 529-1 해밀마루 8층 810호,"212,000,000","148,400,000",낙찰,"190,800,000",90.0%,2023-05-16,2023_2Q,3
제주 4계 2022-3839,다세대,다세대주택,다세대,제주,제주시,제주 제주시 한림읍 대림리 1204 비슬휴림 105동 3층 301호,"230,000,000","161,000,000",낙찰,"200,000,000",87.0%,2023-02-21,2023_1Q,3
제주 2계 2022-3846(1),다세대,다세대주택,다세대,제주,제주시,"제주 제주시 봉개동 1300 ,1297-5 길원알데아 103동 4층 402호","403,000,000","403,000,000",낙찰,"403,009,000",100.0%,2023-05-23,2023_2Q,3
제주 3계 2022-3853,연립,연립주택,연립·빌라,제주,서귀포시,"제주 서귀포시 서홍동 326 ,324-8 태양 A동 2층 206호","133,000,000","93,100,000",낙찰,"106,410,000",80.0%,2023-04-25,2023_2Q,3
제주 1계 2022-3891,아파트,아파트,아파트,제주,제주시,제주 제주시 봉개동 1583 노블하우스 7층 702호,"209,950,000","146,965,000",낙찰,"175,550,000",83.6%,2023-03-07,2023_1Q,3
제주 6계 2022-4030,숙박시설,숙박시설,숙박시설,제주,서귀포시,"제주 서귀포시 강정동 162-1 ,162-2,162-3 호텔윈스카이 8층 803A호","42,600,000","42,600,000",낙찰,"43,000,000",100.9%,2023-03-28,2023_1Q,3
제주 4계 2022-4085,전,전,전,제주,서귀포시,제주 서귀포시 성산읍 고성리 2522,"223,104,000","156,173,000",낙찰,"206,110,000",92.4%,2023-01-10,2023_1Q,3
제주 6계 2022-4283,다세대,다세대주택,다세대,제주,제주시,제주 제주시 노형동 3327-1 노형이레빌2차 라동 3층 301호,"178,000,000","124,600,000",낙찰,"142,550,000",80.1%,2023-05-02,2023_2Q,3
제주 1계 2022-4290,오피스텔(주거),오피스텔,오피스텔(업무용),제주,제주시,"제주 제주시 일도이동 602-1 ,602-2,602-3,602-4,602-5,602-9,602-11,602-13 제주신항코아루디펠리체 9층 920호","296,000,000","145,040,000",낙찰,"192,590,000",65.1%,2023-05-16,2023_2Q,3
제주 6계 2022-4344,임야,임야,임야,제주,서귀포시,제주 서귀포시 하원동 794-3,"10,000,000","10,000,000",낙찰,"25,500,000",255.0%,2023-03-28,2023_1Q,3
제주 1계 2022-4351,전,전,전,제주,제주시,제주 제주시 구좌읍 한동리 499,"465,029,000","227,864,000",낙찰,"230,000,000",49.5%,2023-04-11,2023_2Q,3
제주 1계 2022-4412,전,전,전,제주,제주시,제주 제주시 한경면 조수리 3539,"2,064,469,000","708,113,000",낙찰,"744,000,000",36.0%,2023-06-27,2023_2Q,3
제주 4계 2022-4450,전,전,전,제주,제주시,제주 제주시 한림읍 한림리 348-1,"383,508,000","187,919,000",낙찰,"240,000,199",62.6%,2023-03-28,2023_1Q,3
제주 3계 2022-4511,단독주택,단독,단독주택,제주,제주시,제주 제주시 구좌읍 김녕리 1439-1,"198,570,420","97,299,000",낙찰,"123,575,000",62.2%,2023-05-30,2023_2Q,3
제주 6계 2022-4542(1),전,전,전,제주,제주시,제주 제주시 구좌읍 한동리 268,"120,700,000","59,143,000",낙찰,"60,311,111",50.0%,2023-06-13,2023_2Q,3
제주 6계 2022-4597(1),과수원,과수원,과수원,제주,서귀포시,제주 서귀포시 남원읍 하례리 939-1,"643,950,000","450,765,000",낙찰,"450,876,110",70.0%,2023-05-02,2023_2Q,3
제주 6계 2022-4597(3),과수원,과수원,과수원,제주,서귀포시,제주 서귀포시 남원읍 하례리 1465-1,"510,975,000","250,378,000",낙찰,"273,100,000",53.4%,2023-06-13,2023_2Q,3
제주 1계 2022-4672,단독주택,단독,단독주택,제주,제주시,제주 제주시 한경면 판포리 2702,"444,409,890","311,087,000",낙찰,"333,333,333",75.0%,2023-06-27,2023_2Q,3
제주 5계 2022-4696,전,전,전,제주,서귀포시,제주 서귀포시 토평동 590-1,"5,558,678,000","2,723,753,000",낙찰,"3,010,000,000",54.1%,2023-04-04,2023_2Q,3
제주 6계 2022-4757(1),다세대,다세대주택,다세대,제주,서귀포시,제주 서귀포시 토평동 3084 파우제인제주마운틴블록 107동 2층 204호,"63,000,000","44,100,000",낙찰,"56,440,000",89.6%,2023-06-13,2023_2Q,3
제주 6계 2022-4757(2),다세대,다세대주택,다세대,제주,서귀포시,제주 서귀포시 토평동 3083-1 파우제인제주오션블록 201동 1층 109호,"62,000,000","43,400,000",낙찰,"48,486,000",78.2%,2023-06-13,2023_2Q,3
제주 4계 2022-4801,임야,임야,임야,제주,서귀포시,제주 서귀포시 회수동 79,"26,811,000","13,138,000",낙찰,"16,000,000",59.7%,2023-06-13,2023_2Q,3
제주 1계 2022-4825,선박,기타토지,기타토지,제주,서귀포시,제주 서귀포시 성산읍 성산리 347-9 성산포항((주)YJ마린)내 보관,"1,988,361,000","974,297,000",낙찰,"1,116,000,000",56.1%,2023-03-07,2023_1Q,3
제주 3계 2022-4856,근린상가,근린상가,근린상가,제주,제주시,"제주 제주시 연동 272-33 ,272-34 로얄쇼핑센타및오피스텔 2층 61호","20,000,000","14,000,000",낙찰,"17,327,000",86.6%,2023-05-30,2023_2Q,3
제주 6계 2022-4870,다세대,다세대주택,다세대,제주,서귀포시,제주 서귀포시 성산읍 고성리 2476-2 유명라비앙 4층 501호,"311,000,000","217,700,000",낙찰,"234,500,000",75.4%,2023-06-13,2023_2Q,3
제주 1계 2022-4924,선박,기타토지,기타토지,제주,제주시,제주 제주시 한경면 신창리 신창항내 정박,"365,687,400","125,431,000",낙찰,"125,431,000",34.3%,2023-05-16,2023_2Q,3
제주 3계 2022-4948,연립,연립주택,연립·빌라,제주,서귀포시,제주 서귀포시 법환동 398 법환기영 1층 108호,"108,000,000","108,000,000",낙찰,"108,000,000",100.0%,2023-05-30,2023_2Q,3
제주 5계 2022-4962,차량,기타토지,기타토지,제주,제주시,제주 제주시 용담삼동 1274-1 현대물품보관소내 보관,"11,000,000","5,390,000",낙찰,"7,150,000",65.0%,2023-04-04,2023_2Q,3
제주 4계 2022-5026,전,전,전,제주,서귀포시,제주 서귀포시 대정읍 무릉리 3529,"654,654,000","224,547,000",낙찰,"253,100,000",38.7%,2023-05-02,2023_2Q,3
제주 6계 2022-5323(1),연립,연립주택,연립·빌라,제주,제주시,"제주 제주시 애월읍 하가리 1367 ,1365-7 오렌지트리빌리지2차 101동 2층 204호","305,000,000","213,500,000",낙찰,"221,111,110",72.5%,2023-06-13,2023_2Q,3
제주 6계 2022-5323(2),연립,연립주택,연립·빌라,제주,제주시,"제주 제주시 애월읍 하가리 1367 ,1365-7 오렌지트리빌리지2차 101동 3층 304호","305,000,000","213,500,000",낙찰,"222,655,000",73.0%,2023-06-13,2023_2Q,3
제주 1계 2022-5460,아파트,아파트,아파트,제주,제주시,제주 제주시 연동 1399-1 대림이편한세상 205동 8층 804호,"979,000,000","685,300,000",낙찰,"761,877,444",77.8%,2023-06-27,2023_2Q,3
제주 3계 2022-5484,대지,나대지,나대지,제주,서귀포시,제주 서귀포시 표선면 세화리 243,"240,944,000","240,944,000",낙찰,"243,940,090",101.2%,2023-05-30,2023_2Q,3
제주 4계 2022-5491,오피스텔,오피스텔,오피스텔(업무용),제주,제주시,"제주 제주시 연동 272-33 ,272-34 로얄쇼핑센타 7층 15호","60,000,000","42,000,000",낙찰,"55,000,000",91.7%,2023-02-21,2023_1Q,3
제주 6계 2022-5514,차량,기타토지,기타토지,제주,제주시,제주 제주시 외도일동 2155-1 (주)세경내 보관,"11,000,000","7,700,000",낙찰,"9,350,000",85.0%,2023-02-21,2023_1Q,3
제주 4계 2022-5552(1),단독주택,단독,단독주택,제주,서귀포시,제주 서귀포시 남원읍 신흥리 379 A동호,"998,711,880","699,098,000",낙찰,"782,000,000",78.3%,2023-06-13,2023_2Q,3
제주 4계 2022-5552(2),단독주택,단독,단독주택,제주,서귀포시,제주 서귀포시 남원읍 신흥리 379-1 A동호,"1,060,879,320","742,616,000",낙찰,"843,000,000",79.5%,2023-06-13,2023_2Q,3
제주 6계 2022-5583,다세대,다세대주택,다세대,제주,서귀포시,제주 서귀포시 서홍동 357-29 2층 201호,"73,000,000","51,100,000",낙찰,"59,000,000",80.8%,2023-06-13,2023_2Q,3
제주 4계 2022-5620,단독주택,단독,단독주택,제주,서귀포시,제주 서귀포시 남원읍 위미리 179-1,"471,732,800","330,213,000",낙찰,"375,950,000",79.7%,2023-03-28,2023_1Q,3
제주 5계 2022-5767(1),차량,기타토지,기타토지,제주,제주시,제주 제주시 용담삼동 1274-1 현대물품보관소(주)에게 보관,"3,000,000","2,100,000",낙찰,"2,200,000",73.3%,2023-05-09,2023_2Q,3
제주 5계 2022-5767(2),차량,기타토지,기타토지,제주,제주시,제주 제주시 용담삼동 1274-1 현대물품보관소(주)에게 보관,"2,000,000","1,400,000",낙찰,"1,500,000",75.0%,2023-05-09,2023_2Q,3
제주 6계 2022-5934,차량,기타토지,기타토지,제주,제주시,제주 제주시 용담삼동 1274-1 현대물품보관소(주)내 보관,"22,000,000","15,400,000",낙찰,"18,100,000",82.3%,2023-02-21,2023_1Q,3
제주 4계 2022-6043,오피스텔(주거),오피스텔,오피스텔(업무용),제주,제주시,제주 제주시 조천읍 함덕리 968 씨엘빌리지2차 A동 3층 302호,"230,000,000","161,000,000",낙찰,"223,100,000",97.0%,2023-05-02,2023_2Q,3
제주 6계 2022-6357,전,전,전,제주,제주시,제주 제주시 애월읍 하가리 1622,"163,426,000","163,426,000",낙찰,"163,900,000",100.3%,2023-06-13,2023_2Q,3
제주 6계 2022-6425,오피스텔(상가),근린상가,오피스텔(업무용),제주,제주시,"제주 제주시 연동 272-33 ,272-34 로얄쇼핑센타및오피스텔 4층 2호","15,700,000","15,700,000",낙찰,"17,300,000",110.2%,2023-06-13,2023_2Q,3
제주 1계 2022-6494,아파트,아파트,아파트,제주,제주시,"제주 제주시 이도이동 1078-6 ,1078-12 부양장미2차 7층 808호","215,000,000","215,000,000",낙찰,"221,115,000",102.8%,2023-06-27,2023_2Q,3
제주 4계 2022-6579,오피스텔,오피스텔,오피스텔(업무용),제주,제주시,제주 제주시 조천읍 함덕리 1045 함덕빌드웰비치타운 2층 205호,"381,000,000","266,700,000",낙찰,"286,000,000",75.1%,2023-06-13,2023_2Q,3
제주 4계 2022-6630,다세대,다세대주택,다세대,제주,서귀포시,제주 서귀포시 동홍동 1376-9 1층 103호,"99,000,000","69,300,000",낙찰,"76,000,000",76.8%,2023-06-13,2023_2Q,3
제주 4계 2022-7299,연립,연립주택,연립·빌라,제주,제주시,제주 제주시 한림읍 한림리 564-5 동산빌리지 2층 201호,"241,000,000","168,700,000",낙찰,"178,990,000",74.3%,2023-06-13,2023_2Q,3
제주 4계 2022-7367,아파트,아파트,아파트,제주,제주시,제주 제주시 애월읍 하귀2리 1795-1 애월위너빌 7층 704호,"404,000,000","282,800,000",낙찰,"376,652,000",93.2%,2023-06-13,2023_2Q,3
제주 5계 2022-20049,전,전,전,제주,서귀포시,제주 서귀포시 서홍동 1663,"43,733,000","30,613,000",낙찰,"32,223,800",73.7%,2023-06-20,2023_2Q,3
제주 1계 2022-20124,임야,임야,임야,제주,제주시,제주 제주시 조천읍 교래리 164-3,"296,884,000","71,282,000",낙찰,"83,110,000",28.0%,2023-06-27,2023_2Q,3
제주 1계 2022-20254,차량,기타토지,기타토지,제주,제주시,제주 제주시 외도일동 2155-1 제3자(주)세경내 보관,"10,000,000","2,401,000",낙찰,"2,849,000",28.5%,2023-01-31,2023_1Q,3
제주 5계 2022-20520,임야,임야,임야,제주,제주시,제주 제주시 용강동 1102-3,"31,051,800","10,651,000",낙찰,"11,001,000",35.4%,2023-06-20,2023_2Q,3
제주 1계 2022-20728(2),전,전,전,제주,제주시,제주 제주시 도련이동 617-2,"7,605,000","3,727,000",낙찰,"4,910,000",64.6%,2023-01-31,2023_1Q,3
제주 3계 2022-20759,숙박시설,숙박시설,숙박시설,제주,서귀포시,제주 서귀포시 성산읍 고성리 329-1 제주성산골든튤립호텔 3층 334호,"154,000,000","36,975,000",낙찰,"53,000,000",34.4%,2023-04-25,2023_2Q,3
제주 3계 2022-20865,잡종지,잡종지,잡종지,제주,서귀포시,제주 서귀포시 성산읍 시흥리 1256-23,"517,080,000","253,369,000",낙찰,"261,000,000",50.5%,2023-01-03,2023_1Q,3
제주 2계 2022-20971,임야,임야,임야,제주,서귀포시,제주 서귀포시 하원동 767,"206,517,000","70,835,000",낙찰,"85,350,000",41.3%,2023-03-14,2023_1Q,3
제주 3계 2022-20988(1),오피스텔(주거),오피스텔,오피스텔(업무용),제주,서귀포시,제주 서귀포시 표선면 표선리 507-1 썬비치빌 A동 1층 101호,"237,000,000","165,900,000",낙찰,"176,300,000",74.4%,2023-02-14,2023_1Q,3
제주 3계 2022-20988(2),오피스텔(주거),오피스텔,오피스텔(업무용),제주,서귀포시,제주 서귀포시 표선면 표선리 507-1 썬비치빌 A동 2층 201호,"261,000,000","127,890,000",낙찰,"208,800,000",80.0%,2023-03-21,2023_1Q,3
제주 3계 2022-20988(3),오피스텔(주거),오피스텔,오피스텔(업무용),제주,서귀포시,제주 서귀포시 표선면 표선리 507-1 썬비치빌 B동 3층 303호,"257,000,000","179,900,000",낙찰,"180,000,000",70.0%,2023-02-14,2023_1Q,3
제주 3계 2022-20988(5),오피스텔(주거),오피스텔,오피스텔(업무용),제주,서귀포시,제주 서귀포시 표선면 표선리 507-1 썬비치빌 A동 6층 601호,"269,000,000","188,300,000",낙찰,"228,650,000",85.0%,2023-02-14,2023_1Q,3
제주 3계 2022-20988(8),오피스텔(주거),오피스텔,오피스텔(업무용),제주,서귀포시,제주 서귀포시 표선면 표선리 507-1 썬비치빌 A동 1층 102호,"237,000,000","165,900,000",낙찰,"165,987,654",70.0%,2023-02-14,2023_1Q,3
제주 3계 2022-20988(9),오피스텔(주거),오피스텔,오피스텔(업무용),제주,서귀포시,제주 서귀포시 표선면 표선리 507-1 썬비치빌 A동 2층 202호,"261,000,000","127,890,000",낙찰,"208,800,000",80.0%,2023-03-21,2023_1Q,3
제주 3계 2022-20988(10),오피스텔(주거),오피스텔,오피스텔(업무용),제주,서귀포시,제주 서귀포시 표선면 표선리 507-1 썬비치빌 A동 3층 301호,"266,000,000","186,200,000",낙찰,"211,930,000",79.7%,2023-02-14,2023_1Q,3
제주 3계 2022-20988(11),오피스텔(주거),오피스텔,오피스텔(업무용),제주,서귀포시,제주 서귀포시 표선면 표선리 507-1 썬비치빌 A동 6층 602호,"269,000,000","188,300,000",낙찰,"228,650,000",85.0%,2023-02-14,2023_1Q,3
제주 3계 2022-20988(4),오피스텔(주거),오피스텔,오피스텔(업무용),제주,서귀포시,제주 서귀포시 표선면 표선리 507-1 썬비치빌 B동 7층 703호,"259,000,000","181,300,000",낙찰,"221,300,000",85.4%,2023-04-25,2023_2Q,3
제주 3계 2022-20988(6),오피스텔(주거),오피스텔,오피스텔(업무용),제주,서귀포시,제주 서귀포시 표선면 표선리 507-1 썬비치빌 B동 1층 104호,"232,000,000","162,400,000",낙찰,"199,800,000",86.1%,2023-04-25,2023_2Q,3
제주 3계 2022-20988(7),오피스텔(주거),오피스텔,오피스텔(업무용),제주,서귀포시,제주 서귀포시 표선면 표선리 507-1 썬비치빌 B동 1층 103호,"232,000,000","162,400,000",낙찰,"178,111,000",76.8%,2023-04-25,2023_2Q,3
제주 3계 2022-20988(12),오피스텔(주거),오피스텔,오피스텔(업무용),제주,서귀포시,제주 서귀포시 표선면 표선리 507-1 썬비치빌 A동 7층 702호,"269,000,000","188,300,000",낙찰,"196,580,000",73.1%,2023-04-25,2023_2Q,3
제주 3계 2022-20988(13),오피스텔(주거),오피스텔,오피스텔(업무용),제주,서귀포시,제주 서귀포시 표선면 표선리 507-1 썬비치빌 B동 3층 304호,"257,000,000","179,900,000",낙찰,"2,300,000,000",894.9%,2023-04-25,2023_2Q,3
제주 1계 2022-21028,임야,임야,임야,제주,제주시,제주 제주시 아라일동 산47-4,"238,050,000","116,645,000",낙찰,"131,500,000",55.2%,2023-05-16,2023_2Q,3
제주 5계 2022-21066,단독주택,단독,단독주택,제주,제주시,제주 제주시 구좌읍 동복리 1490-1,"43,829,205","30,680,000",낙찰,"35,780,000",81.6%,2023-06-20,2023_2Q,3
제주 2계 2022-21103,대지,나대지,나대지,제주,서귀포시,제주 서귀포시 표선면 가시리 2092-4,"214,528,000","150,170,000",낙찰,"168,000,000",78.3%,2023-04-18,2023_2Q,3
제주 3계 2022-21233,주상복합(주거),기타토지,기타토지,제주,제주시,제주 제주시 이도일동 1244-10 태홍누리안2차 9층 905호,"237,000,000","165,900,000",낙찰,"221,419,984",93.4%,2023-03-21,2023_1Q,3
제주 1계 2022-21516,전,전,전,제주,서귀포시,제주 서귀포시 상예동 3927-5,"347,094,000","119,053,000",낙찰,"163,000,000",47.0%,2023-03-07,2023_1Q,3
제주 6계 2022-21622,다세대,다세대주택,다세대,제주,제주시,"제주 제주시 애월읍 고내리 231-2 애월포세이돈 103동 3,4층 201호","326,000,000","159,740,000",낙찰,"211,600,000",64.9%,2023-01-10,2023_1Q,3
제주 2계 2022-21752(2),대지,나대지,나대지,제주,제주시,제주 제주시 화북일동 1976-15,"3,110,304","1,524,000",낙찰,"2,560,000",82.3%,2023-03-14,2023_1Q,3
제주 3계 2022-21981,다세대,다세대주택,다세대,제주,서귀포시,"제주 서귀포시 대정읍 동일리 2988-12 ,2988-13 기룡비치하임 1동 4층 401호","272,000,000","190,400,000",낙찰,"191,010,000",70.2%,2023-03-21,2023_1Q,3
제주 5계 2022-22069,아파트,아파트,아파트,제주,서귀포시,제주 서귀포시 동홍동 157 동홍동코아루 102동 3층 309호,"280,000,000","196,000,000",낙찰,"252,650,000",90.2%,2023-04-04,2023_2Q,3
제주 3계 2022-22106,임야,임야,임야,제주,제주시,제주 제주시 애월읍 납읍리 산96,"265,891,000","265,891,000",낙찰,"267,500,000",100.6%,2023-03-21,2023_1Q,3
제주 5계 2022-22120,단독주택,단독,단독주택,제주,서귀포시,제주 서귀포시 대정읍 상모리 3036-5,"145,235,100","101,665,000",낙찰,"131,100,000",90.3%,2023-05-09,2023_2Q,3
제주 6계 2022-22137,전,전,전,제주,서귀포시,제주 서귀포시 대정읍 신도리 2785,"907,254,000","311,189,000",낙찰,"327,880,000",36.1%,2023-01-10,2023_1Q,3
제주 1계 2022-22205,다세대,다세대주택,다세대,제주,제주시,제주 제주시 이도이동 1962-1 리시오빌9차 4층 501호,"218,690,000","153,083,000",낙찰,"180,183,500",82.4%,2023-01-31,2023_1Q,3
제주 6계 2022-22250(1),과수원,과수원,과수원,제주,서귀포시,제주 서귀포시 남원읍 태흥리 1845-1,"830,076,000","406,737,000",낙찰,"472,150,000",56.9%,2023-01-10,2023_1Q,3
제주 2계 2022-22397,다세대,다세대주택,다세대,제주,제주시,제주 제주시 이호일동 1768 세움파크빌 2동 4층 501호,"363,000,000","254,100,000",낙찰,"278,890,000",76.8%,2023-03-14,2023_1Q,3
제주 6계 2022-22496,연립,연립주택,연립·빌라,제주,제주시,제주 제주시 도두일동 2538 도두골든빌리지 101동 3층 304호,"288,000,000","201,600,000",낙찰,"245,230,000",85.1%,2023-01-10,2023_1Q,3
제주 5계 2022-22663,오피스텔,오피스텔,오피스텔(업무용),제주,제주시,제주 제주시 연동 271-5 연동이타스 17층 1802호,"291,000,000","203,700,000",낙찰,"256,000,000",88.0%,2023-05-09,2023_2Q,3
제주 2계 2022-22694,오피스텔,오피스텔,오피스텔(업무용),제주,서귀포시,제주 서귀포시 서귀동 163-11 남양 10층 1002호,"36,000,000","25,200,000",낙찰,"25,200,000",70.0%,2023-05-23,2023_2Q,3
제주 5계 2022-22724,임야,임야,임야,제주,서귀포시,제주 서귀포시 성산읍 시흥리 2066,"51,367,500","35,957,000",낙찰,"36,029,000",70.1%,2023-04-04,2023_2Q,3
제주 1계 2022-22861,잡종지,잡종지,잡종지,제주,제주시,제주 제주시 아라일동 6-89,"42,427,000","20,789,000",낙찰,"25,001,000",58.9%,2023-04-11,2023_2Q,3
제주 2계 2022-22878,콘도,기타토지,기타토지,제주,서귀포시,"제주 서귀포시 표선면 토산리 16 ,16-1,17,21 샤인빌리조트 3층 310호","44,000,000","21,560,000",낙찰,"22,100,000",50.2%,2023-04-18,2023_2Q,3
제주 4계 2022-22953,도로,기타토지,기타토지,제주,제주시,제주 제주시 애월읍 하귀1리 993-1,"100,452,000","16,883,000",낙찰,"21,888,888",21.8%,2023-05-02,2023_2Q,3
제주 1계 2022-23048(1),전,전,전,제주,서귀포시,제주 서귀포시 대정읍 무릉리 2365-4,"3,315,000","3,315,000",낙찰,"4,100,000",123.7%,2023-06-27,2023_2Q,3
제주 4계 2022-23192,전,전,전,제주,제주시,제주 제주시 애월읍 애월리 65-2,"555,881,000","389,117,000",낙찰,"454,465,000",81.8%,2023-01-10,2023_1Q,3
제주 2계 2022-23239,임야,임야,임야,제주,제주시,제주 제주시 조천읍 북촌리 2529,"17,136,000","17,136,000",낙찰,"35,100,000",204.8%,2023-03-14,2023_1Q,3
제주 4계 2022-23444,오피스텔(주거),오피스텔,오피스텔(업무용),제주,제주시,제주 제주시 삼도일동 565-18 골든타워1차 2층 204호,"250,000,000","122,500,000",낙찰,"151,110,000",60.4%,2023-01-10,2023_1Q,3
제주 1계 2022-23581,임야,임야,임야,제주,서귀포시,제주 서귀포시 하원동 1002-1,"141,600,000","69,384,000",낙찰,"89,190,000",63.0%,2023-04-11,2023_2Q,3
제주 6계 2022-23697,전,전,전,제주,제주시,제주 제주시 한림읍 옹포리 762-5,"124,410,000","124,410,000",낙찰,"124,422,200",100.0%,2023-01-10,2023_1Q,3
제주 4계 2022-23758(1),목장용지,기타토지,목장용지,제주,서귀포시,제주 서귀포시 성산읍 삼달리 1963-2,"9,390,000","3,221,000",낙찰,"4,600,000",49.0%,2023-06-13,2023_2Q,3
제주 3계 2022-23796(1),임야,임야,임야,제주,서귀포시,제주 서귀포시 색달동 336,"20,650,000","10,119,000",낙찰,"11,075,000",53.6%,2023-05-30,2023_2Q,3
제주 1계 2022-23826,근린상가,근린상가,근린상가,제주,제주시,제주 제주시 연동 290-45 뉴택빌라 지하2층 2호,"285,000,000","139,650,000",낙찰,"146,070,000",51.3%,2023-03-07,2023_1Q,3
제주 1계 2022-23895,대지,나대지,나대지,제주,제주시,제주 제주시 구좌읍 하도리 3291-1,"32,466,000","15,908,000",낙찰,"33,000,000",101.6%,2023-03-07,2023_1Q,3
제주 6계 2022-23932,주상복합(주거),기타토지,기타토지,제주,제주시,제주 제주시 연동 2332-5 연동아이진빌 9층 1004호,"64,500,000","31,605,000",낙찰,"41,100,000",63.7%,2023-05-02,2023_2Q,3
제주 6계 2022-24010,연립,연립주택,연립·빌라,제주,서귀포시,"제주 서귀포시 동홍동 1902-7 ,1909,1910-4 루체비스타 101동 1층 101호","349,000,000","244,300,000",낙찰,"245,369,000",70.3%,2023-05-02,2023_2Q,3
제주 6계 2022-24102,임야,임야,임야,제주,제주시,제주 제주시 구좌읍 세화리 2763-1,"38,850,000","13,326,000",낙찰,"15,229,000",39.2%,2023-06-13,2023_2Q,3
제주 1계 2022-24126,전,전,전,제주,제주시,제주 제주시 구좌읍 평대리 903,"563,143,000","394,200,000",낙찰,"597,345,800",106.1%,2023-01-31,2023_1Q,3
제주 4계 2022-24164,임야,임야,임야,제주,서귀포시,제주 서귀포시 표선면 가시리 3185,"492,425,200","241,289,000",낙찰,"249,999,000",50.8%,2023-02-21,2023_1Q,3
제주 4계 2022-24225,대지,나대지,나대지,제주,제주시,제주 제주시 일도일동 1497-6,"70,191,000","24,076,000",낙찰,"28,555,000",40.7%,2023-03-28,2023_1Q,3
제주 3계 2022-24317,목장용지,기타토지,목장용지,제주,제주시,제주 제주시 해안동 35-145,"46,624,000","32,637,000",낙찰,"32,900,000",70.6%,2023-04-25,2023_2Q,3
제주 5계 2022-24331,전,전,전,제주,서귀포시,제주 서귀포시 대정읍 영락리 1823-17,"20,295,000","9,945,000",낙찰,"13,598,990",67.0%,2023-05-09,2023_2Q,3
제주 1계 2022-24355,과수원,과수원,과수원,제주,서귀포시,제주 서귀포시 표선면 가시리 2023,"761,460,000","373,115,000",낙찰,"481,000,000",63.2%,2023-04-11,2023_2Q,3
제주 6계 2022-24454(1),차량,기타토지,기타토지,제주,제주시,제주 제주시 외도일동 2155-3 (주)세경내 보관,"13,000,000","9,100,000",낙찰,"10,530,000",81.0%,2023-06-13,2023_2Q,3
제주 6계 2022-24454(2),차량,기타토지,기타토지,제주,제주시,제주 제주시 외도일동 2155-3 (주)세경내 보관,"13,000,000","9,100,000",낙찰,"9,850,000",75.8%,2023-06-13,2023_2Q,3
제주 6계 2022-24454(3),차량,기타토지,기타토지,제주,제주시,제주 제주시 외도일동 2155-3 (주)세경내 보관,"13,000,000","9,100,000",낙찰,"9,700,000",74.6%,2023-06-13,2023_2Q,3
제주 6계 2022-24454(4),차량,기타토지,기타토지,제주,제주시,제주 제주시 외도일동 2155-3 (주)세경내 보관,"13,000,000","9,100,000",낙찰,"11,100,000",85.4%,2023-06-13,2023_2Q,3
제주 6계 2022-24454(6),차량,기타토지,기타토지,제주,제주시,제주 제주시 외도일동 2155-3 (주)세경내 보관,"20,000,000","14,000,000",낙찰,"14,001,000",70.0%,2023-06-13,2023_2Q,3
제주 6계 2022-24454(7),차량,기타토지,기타토지,제주,제주시,제주 제주시 외도일동 2155-3 (주)세경내 보관,"20,000,000","14,000,000",낙찰,"14,200,000",71.0%,2023-06-13,2023_2Q,3
제주 6계 2022-24454(9),차량,기타토지,기타토지,제주,제주시,제주 제주시 외도일동 2155-3 (주)세경내 보관,"20,000,000","14,000,000",낙찰,"16,990,000",85.0%,2023-06-13,2023_2Q,3
제주 4계 2022-24508,연립,연립주택,연립·빌라,제주,서귀포시,"제주 서귀포시 성산읍 신산리 1182 ,1183-1 신산 B동 2층 203호","112,000,000","78,400,000",낙찰,"80,000,000",71.4%,2023-01-10,2023_1Q,3
제주 6계 2022-24522,다세대,다세대주택,다세대,제주,제주시,"제주 제주시 조천읍 와흘리 245-49 ,245-52 1층 103호","85,140,000","59,598,000",낙찰,"70,007,000",82.2%,2023-05-02,2023_2Q,3
제주 1계 2022-24546,단독주택,단독,단독주택,제주,제주시,제주 제주시 일도이동 991-18,"45,424,600","22,258,000",낙찰,"27,350,000",60.2%,2023-04-11,2023_2Q,3
제주 3계 2022-24577,차량,기타토지,기타토지,제주,제주시,제주 제주시 용담삼동 1274-1 제3자 현대물품보관소(주) 보관,"4,000,000","1,372,000",낙찰,"1,698,800",42.5%,2023-03-21,2023_1Q,3
제주 6계 2022-24591(1),다세대,다세대주택,다세대,제주,서귀포시,제주 서귀포시 성산읍 온평리 817-1 온평썬빌리지 1층 101호,"201,000,000","98,490,000",낙찰,"136,000,000",67.7%,2023-06-13,2023_2Q,3
제주 6계 2022-24591(2),다세대,다세대주택,다세대,제주,서귀포시,제주 서귀포시 성산읍 온평리 817-1 온평썬빌리지 2층 201호,"206,000,000","100,940,000",낙찰,"140,000,000",68.0%,2023-06-13,2023_2Q,3
제주 4계 2022-24621,전,전,전,제주,제주시,제주 제주시 한림읍 금악리 2270,"279,726,000","195,808,000",낙찰,"211,000,000",75.4%,2023-01-10,2023_1Q,3
제주 3계 2022-24676,전,전,전,제주,제주시,제주 제주시 애월읍 상귀리 537-4,"19,442,500","13,610,000",낙찰,"17,539,000",90.2%,2023-05-30,2023_2Q,3
제주 6계 2022-24706,차량,기타토지,기타토지,제주,제주시,제주 제주시 용담삼동 1274-1 현대물품보관소내 보관,"23,500,000","11,515,000",낙찰,"14,499,900",61.7%,2023-06-13,2023_2Q,3
제주 3계 2022-24737(3),임야,임야,임야,제주,제주시,제주 제주시 한림읍 귀덕리 2575-4,"569,664,000","279,136,000",낙찰,"319,200,000",56.0%,2023-03-21,2023_1Q,3
제주 4계 2022-24744,축사,기타토지,기타토지,제주,제주시,제주 제주시 아라일동 414-1,"1,707,544,280","836,697,000",낙찰,"880,700,000",51.6%,2023-06-13,2023_2Q,3
제주 1계 2022-24775,연립,연립주택,연립·빌라,제주,제주시,제주 제주시 이호이동 1-2 연리재 3층 302호,"210,000,000","210,000,000",낙찰,"210,000,000",100.0%,2023-01-31,2023_1Q,3
제주 4계 2022-24805,차량,기타토지,기타토지,제주,제주시,제주 제주시 외도일동 2155-3 제3자(주)세경에게보관,"47,000,000","32,900,000",낙찰,"34,000,000",72.3%,2023-01-10,2023_1Q,3
제주 6계 2022-24829,단독주택,단독,단독주택,제주,서귀포시,제주 서귀포시 서호동 130-7,"36,330,348","25,431,000",낙찰,"30,999,997",85.3%,2023-05-02,2023_2Q,3
제주 3계 2022-24850,연립,연립주택,연립·빌라,제주,서귀포시,"제주 서귀포시 대정읍 보성리 421 ,422-5 대경엘리시아3차 101동 1층 102호","657,000,000","321,930,000",낙찰,"481,000,000",73.2%,2023-05-30,2023_2Q,3
제주 4계 2022-24867,대지,나대지,나대지,제주,제주시,제주 제주시 한림읍 월령리 415-1,"176,291,000","86,383,000",낙찰,"116,550,000",66.1%,2023-02-21,2023_1Q,3
제주 5계 2022-24874,임야,임야,임야,제주,서귀포시,제주 서귀포시 성산읍 난산리 2716-2,"7,683,000","7,683,000",낙찰,"7,699,000",100.2%,2023-02-28,2023_1Q,3
제주 1계 2022-24898,대지,나대지,나대지,제주,서귀포시,제주 서귀포시 보목동 1311,"495,374,000","169,913,000",낙찰,"231,500,000",46.7%,2023-05-16,2023_2Q,3
제주 2계 2022-24904,중기,기타토지,기타토지,제주,제주시,제주 제주시 용담삼동 1274-1 제3자현대물품보관소내 보관,"150,000,000","73,500,000",낙찰,"77,350,050",51.6%,2023-02-07,2023_1Q,3
제주 6계 2022-24942(1),묘지,기타토지,기타토지,제주,제주시,제주 제주시 오라이동 3539,"7,491,020","7,491,020",낙찰,"8,315,190",111.0%,2023-05-02,2023_2Q,3
제주 4계 2022-24966,차량,기타토지,기타토지,제주,제주시,제주 제주시 외도일동 2155-1 제3자 (주)세경 주차장내 보관,"10,000,000","4,900,000",낙찰,"6,500,000",65.0%,2023-03-28,2023_1Q,3
제주 4계 2022-25129,연립,연립주택,연립·빌라,제주,서귀포시,제주 서귀포시 법환동 212 디자인뷰 102동 1층 102호,"443,000,000","310,100,000",낙찰,"310,211,000",70.0%,2023-03-28,2023_1Q,3
제주 6계 2022-25327,임야,임야,임야,제주,서귀포시,제주 서귀포시 하예동 1725,"252,824,000","176,977,000",낙찰,"248,891,000",98.4%,2023-06-13,2023_2Q,3
제주 1계 2022-25372(1),전,전,전,제주,제주시,제주 제주시 조천읍 조천리 3235,"22,848,000","15,994,000",낙찰,"17,590,000",77.0%,2023-04-11,2023_2Q,3
제주 1계 2022-25372(2),전,전,전,제주,제주시,제주 제주시 조천읍 조천리 3237,"121,856,000","121,856,000",낙찰,"137,500,000",112.8%,2023-03-07,2023_1Q,3
제주 5계 2022-25419,임야,임야,임야,제주,제주시,제주 제주시 애월읍 고성리 15,"31,122,000","31,122,000",낙찰,"47,060,000",151.2%,2023-05-09,2023_2Q,3
제주 6계 2022-25426(1),차량,기타토지,기타토지,제주,제주시,제주 제주시 외도일동 2155-3 (주)세경내 보관,"13,000,000","6,370,000",낙찰,"8,510,000",65.5%,2023-03-28,2023_1Q,3
제주 6계 2022-25426(2),차량,기타토지,기타토지,제주,제주시,제주 제주시 외도일동 2155-3 (주)세경내 보관,"13,000,000","9,100,000",낙찰,"10,780,000",82.9%,2023-02-21,2023_1Q,3
제주 6계 2022-25426(3),차량,기타토지,기타토지,제주,제주시,제주 제주시 외도일동 2155-3 (주)세경내 보관,"13,000,000","6,370,000",낙찰,"8,000,000",61.5%,2023-03-28,2023_1Q,3
제주 6계 2022-25426(4),차량,기타토지,기타토지,제주,제주시,제주 제주시 외도일동 2155-3 (주)세경내 보관,"20,000,000","14,000,000",낙찰,"16,110,000",80.5%,2023-02-21,2023_1Q,3
제주 6계 2022-25426(5),차량,기타토지,기타토지,제주,제주시,제주 제주시 외도일동 2155-3 (주)세경내 보관,"20,000,000","9,800,000",낙찰,"12,100,000",60.5%,2023-03-28,2023_1Q,3
제주 6계 2022-25495,중기,기타토지,기타토지,제주,제주시,제주 제주시 용담삼동 1274-1 현대물품보관소내 보관,"25,000,000","12,250,000",낙찰,"15,760,000",63.0%,2023-05-02,2023_2Q,3
제주 4계 2022-25532,임야,임야,임야,제주,서귀포시,제주 서귀포시 남원읍 수망리 산191-11,"49,612,460","34,729,000",낙찰,"35,775,000",72.1%,2023-03-28,2023_1Q,3
제주 4계 2022-25594(2),임야,임야,임야,제주,제주시,제주 제주시 애월읍 어음리 1025,"21,896,000","15,327,000",낙찰,"17,850,000",81.5%,2023-02-21,2023_1Q,3
제주 4계 2022-25594(3),임야,임야,임야,제주,제주시,제주 제주시 구좌읍 덕천리 산54-6,"227,278,000","111,367,000",낙찰,"124,000,000",54.6%,2023-03-28,2023_1Q,3
제주 4계 2022-25594(5),도로,기타토지,기타토지,제주,제주시,제주 제주시 조천읍 선흘리 1766-1,"50,199,000","35,139,000",낙찰,"37,200,000",74.1%,2023-02-21,2023_1Q,3
제주 6계 2022-25600,답,답,답,제주,서귀포시,제주 서귀포시 하원동 1729,"51,888,000","51,888,000",낙찰,"52,120,000",100.4%,2023-03-28,2023_1Q,3
제주 6계 2022-25662,다세대,다세대주택,다세대,제주,제주시,제주 제주시 외도일동 533-5 좋은하루빌 4층 502호,"120,000,000","84,000,000",낙찰,"90,000,000",75.0%,2023-06-13,2023_2Q,3
제주 1계 2022-25792,임야,임야,임야,제주,제주시,제주 제주시 한림읍 월령리 193-1,"194,394,000","136,076,000",낙찰,"137,342,200",70.7%,2023-06-27,2023_2Q,3
제주 6계 2022-25907,전,전,전,제주,제주시,제주 제주시 애월읍 어음리 3001,"215,712,000","150,998,000",낙찰,"153,500,000",71.2%,2023-06-13,2023_2Q,3
제주 1계 2022-26030,단독주택,단독,단독주택,제주,제주시,제주 제주시 애월읍 고내리 1140,"36,659,880","25,662,000",낙찰,"26,300,000",71.7%,2023-06-27,2023_2Q,3
제주 4계 2022-26061,전,전,전,제주,서귀포시,제주 서귀포시 대정읍 상모리 495-7,"12,358,000","6,056,000",낙찰,"6,326,000",51.2%,2023-06-13,2023_2Q,3
제주 5계 2022-26498,중기,기타토지,기타토지,제주,제주시,제주 제주시 외도일동 2155-1 (주)세경에게 보관,"38,000,000","26,600,000",낙찰,"28,770,000",75.7%,2023-05-09,2023_2Q,3
제주 1계 2022-26597,대지,나대지,나대지,제주,서귀포시,제주 서귀포시 안덕면 사계리 2673-2,"43,004,760","30,103,000",낙찰,"33,110,000",77.0%,2023-06-27,2023_2Q,3
제주 6계 2022-26696(1),차량,기타토지,기타토지,제주,제주시,제주 제주시 용담삼동 1274-1 현대물품보관소내 보관,"14,000,000","6,860,000",낙찰,"8,570,000",61.2%,2023-06-13,2023_2Q,3
제주 6계 2022-26696(2),차량,기타토지,기타토지,제주,제주시,제주 제주시 용담삼동 1274-1 현대물품보관소내 보관,"34,000,000","23,800,000",낙찰,"24,580,100",72.3%,2023-05-02,2023_2Q,3
제주 2계 2022-26887,차량,기타토지,기타토지,제주,제주시,제주 제주시 외도일동 2155-1 제3자(주)세경에게보관,"37,000,000","25,900,000",낙찰,"29,800,000",80.5%,2023-03-14,2023_1Q,3
제주 1계 2022-27248,다세대,다세대주택,다세대,제주,제주시,"제주 제주시 구좌읍 김녕리 1637-1 ,1638-1 신원빌라 1층 101호","117,000,000","81,900,000",낙찰,"83,400,000",71.3%,2023-06-27,2023_2Q,3
제주 3계 2022-27439,차량,기타토지,기타토지,제주,제주시,제주 제주시 용담삼동 1274-1 제3자현대물품보관소내 보관,"24,500,000","17,150,000",낙찰,"18,389,900",75.1%,2023-04-25,2023_2Q,3
제주 1계 2022-27477,전,전,전,제주,제주시,제주 제주시 애월읍 하귀2리 1888-2,"23,866,432","23,866,432",낙찰,"23,866,432",100.0%,2023-06-27,2023_2Q,3
제주 1계 2022-27538,차량,기타토지,기타토지,제주,제주시,제주 제주시 외도일동 2155-1 제3자(주)세경에게 보관,"20,000,000","14,000,000",낙찰,"17,319,900",86.6%,2023-04-11,2023_2Q,3
제주 5계 2022-27637,차량,기타토지,기타토지,제주,제주시,제주 제주시 용담삼동 1274-1 현대물품보관소(주)에게 보관,"14,500,000","10,150,000",낙찰,"12,500,000",86.2%,2023-05-09,2023_2Q,3
제주 1계 2022-27897,임야,임야,임야,제주,제주시,제주 제주시 구좌읍 행원리 3074-1,"14,580,000","14,580,000",낙찰,"16,200,000",111.1%,2023-06-27,2023_2Q,3
제주 4계 2022-28395,중기,기타토지,기타토지,제주,제주시,제주 제주시 용담삼동 1274-1 제3자 현대물품보관소(주)내 보관,"38,000,000","18,620,000",낙찰,"20,120,000",52.9%,2023-06-13,2023_2Q,3
제주 3계 2022-28562,차량,기타토지,기타토지,제주,제주시,제주 제주시 용담삼동 1274-1 제3자현대물품보관소내 보관,"47,000,000","32,900,000",낙찰,"43,000,000",91.5%,2023-04-25,2023_2Q,3
제주 4계 2022-28579,임야,임야,임야,제주,서귀포시,제주 서귀포시 남원읍 태흥리 1903-3,"33,728,000","33,728,000",낙찰,"35,200,000",104.4%,2023-06-13,2023_2Q,3
제주 2계 2022-28678,차량,기타토지,기타토지,제주,제주시,제주 제주시 용담삼동 1274-1 내 보관(제3자 현대물붐보관소(주) 보관),"19,000,000","13,300,000",낙찰,"14,800,000",77.9%,2023-05-23,2023_2Q,3
제주 4계 2022-28692,연립,연립주택,연립·빌라,제주,제주시,"제주 제주시 아라이동 1398 ,1412-12 대림빌라 3동 3층 302호","195,000,000","195,000,000",낙찰,"212,000,000",108.7%,2023-06-13,2023_2Q,3
제주 5계 2022-28760,차량,기타토지,기타토지,제주,제주시,제주 제주시 외도일동 2155-1 제3자(주)세경에게 보관,"17,000,000","11,900,000",낙찰,"15,211,000",89.5%,2023-06-20,2023_2Q,3
제주 2계 2022-28975,차량,기타토지,기타토지,제주,제주시,제주 제주시 외도일동 2155-1 내 보관(제3자 (주)세경 보관),"12,000,000","12,000,000",낙찰,"12,115,000",101.0%,2023-04-18,2023_2Q,3
제주 1계 2023-1496,선박,기타토지,기타토지,제주,서귀포시,제주 서귀포시 대정읍 모슬포항 내(채권자 이경오에게) 보관,"38,000,000","38,000,000",낙찰,"86,010,000",226.3%,2023-06-27,2023_2Q,3
제주 3계 2023-20206,중기,기타토지,기타토지,제주,제주시,제주 제주시 외도일동 2155-1 제3자(주)세경내 보관,"85,000,000","59,500,000",낙찰,"65,100,000",76.6%,2023-05-30,2023_2Q,3
제주 5계 2016-2699,전,전,전,제주,제주시,제주 제주시 구좌읍 송당리 57,"285,180,000","139,738,000",낙찰,"182,510,000",64.0%,2023-07-25,2023_3Q,3
제주 1계 2016-2750,임야,임야,임야,제주,제주시,제주 제주시 구좌읍 세화리 산43-2,"151,058,600","105,741,000",낙찰,"106,100,000",70.2%,2023-08-01,2023_3Q,3
제주 6계 2016-2767,임야,임야,임야,제주,제주시,제주 제주시 구좌읍 세화리 산43-9,"561,748,000","561,748,000",낙찰,"562,100,000",100.1%,2023-08-29,2023_3Q,3
제주 2계 2016-2842,전,전,전,제주,제주시,제주 제주시 구좌읍 송당리 15-2,"391,034,000","273,724,000",낙찰,"275,000,000",70.3%,2023-08-08,2023_3Q,3
제주 1계 2016-2873,목장용지,기타토지,목장용지,제주,제주시,제주 제주시 구좌읍 송당리 60-2,"359,760,000","251,832,000",낙찰,"251,990,000",70.0%,2023-10-24,2023_4Q,3
제주 3계 2016-2972,임야,임야,임야,제주,제주시,제주 제주시 구좌읍 송당리 74,"215,880,000","151,116,000",낙찰,"152,200,000",70.5%,2023-09-26,2023_3Q,3
제주 6계 2016-3012,전,전,전,제주,제주시,제주 제주시 구좌읍 송당리 89,"11,319,000","11,319,000",낙찰,"11,319,000",100.0%,2023-08-29,2023_3Q,3
제주 5계 2019-3945,숙박시설,숙박시설,숙박시설,제주,제주시,제주 제주시 삼도일동 580-27,"5,602,230,930","2,745,093,000",낙찰,"3,033,000,000",54.1%,2023-09-05,2023_3Q,3
제주 1계 2019-8230,전,전,전,제주,서귀포시,제주 서귀포시 대정읍 영락리 1613-3,"130,782,000","31,401,000",낙찰,"31,500,000",24.1%,2023-10-24,2023_4Q,3
제주 5계 2020-751(1),전,전,전,제주,제주시,제주 제주시 이호일동 441,"500,440,500","245,216,000",낙찰,"291,000,000",58.1%,2023-09-05,2023_3Q,3
제주 5계 2020-751(2),전,전,전,제주,제주시,제주 제주시 이호일동 441-2,"133,226,340","65,281,000",낙찰,"67,400,000",50.6%,2023-11-21,2023_4Q,3
제주 5계 2020-751(3),전,전,전,제주,제주시,제주 제주시 이호일동 443,"707,228,900","346,542,000",낙찰,"346,542,000",49.0%,2023-09-05,2023_3Q,3
제주 5계 2020-751(4),전,전,전,제주,제주시,제주 제주시 이호일동 443-2,"219,941,280","107,771,000",낙찰,"169,596,000",77.1%,2023-09-05,2023_3Q,3
제주 5계 2020-751(5),전,전,전,제주,제주시,제주 제주시 이호일동 1621,"25,037,600","17,526,000",낙찰,"21,211,100",84.7%,2023-11-21,2023_4Q,3
제주 5계 2020-751(6),전,전,전,제주,제주시,제주 제주시 이호일동 1630,"181,986,700","127,391,000",낙찰,"138,210,000",75.9%,2023-07-25,2023_3Q,3
제주 5계 2020-3170(7),숙박시설,숙박시설,숙박시설,제주,서귀포시,제주 서귀포시 서귀동 544-2 디아일랜드블루호텔 11층 1102호,"265,000,000","90,895,000",낙찰,"91,995,000",34.7%,2023-12-26,2023_4Q,3
제주 5계 2020-6711,대지,나대지,나대지,제주,제주시,제주 제주시 한림읍 한림리 1371-1,"700,650,000","240,323,000",낙찰,"445,000,000",63.5%,2023-10-17,2023_4Q,3
제주 6계 2021-1119,단독주택,단독,단독주택,제주,제주시,제주 제주시 조천읍 와산리 1366-18,"809,062,940","277,509,000",낙찰,"410,194,910",50.7%,2023-10-10,2023_4Q,3
제주 2계 2021-2358(1),점포,근린상가,점포상가,제주,제주시,제주 제주시 애월읍 고내리 11-6,"447,664,420","219,356,000",낙찰,"281,990,000",63.0%,2023-12-05,2023_4Q,3
제주 2계 2021-2358(2),단독주택,단독,단독주택,제주,제주시,"제주 제주시 애월읍 구엄리 666-3 ,661,665-1,665-2,666-2 103동","507,280,000","248,567,000",낙찰,"347,490,000",68.5%,2023-12-05,2023_4Q,3
제주 5계 2021-2662,도로,기타토지,기타토지,제주,제주시,제주 제주시 한림읍 명월리 848-1,"9,856,000","2,366,000",낙찰,"2,521,000",25.6%,2023-10-17,2023_4Q,3
제주 4계 2021-3252,단독주택,단독,단독주택,제주,서귀포시,제주 서귀포시 안덕면 화순리 2015-27,"513,858,960","513,858,960",낙찰,"513,911,000",100.0%,2023-10-10,2023_4Q,3
제주 5계 2021-3986,다세대,다세대주택,다세대,제주,서귀포시,제주 서귀포시 법환동 744-1 스마트블루빌 5층 605호,"80,000,000","39,200,000",낙찰,"54,370,000",68.0%,2023-09-05,2023_3Q,3
제주 5계 2021-5302,전,전,전,제주,서귀포시,제주 서귀포시 표선면 성읍리 672-1,"1,277,480,000","438,176,000",낙찰,"518,000,000",40.5%,2023-07-25,2023_3Q,3
제주 1계 2021-5395,다세대,다세대주택,다세대,제주,서귀포시,제주 서귀포시 서귀동 265-3 에버빌 101동 5층 602호,"239,000,000","117,110,000",낙찰,"168,889,800",70.7%,2023-09-12,2023_3Q,3
제주 5계 2021-5487(2),대지,나대지,나대지,제주,제주시,제주 제주시 한림읍 협재리 516-8,"267,622,000","131,135,000",낙찰,"157,362,000",58.8%,2023-07-25,2023_3Q,3
제주 1계 2021-5562,단독주택,단독,단독주택,제주,제주시,제주 제주시 애월읍 광령리 794 가동,"4,308,701,380","2,111,264,000",낙찰,"2,370,000,000",55.0%,2023-08-01,2023_3Q,3
제주 2계 2021-6831,아파트,아파트,아파트,제주,제주시,제주 제주시 외도일동 442-7 더펠리스3차 8층 902호,"415,000,000","290,500,000",낙찰,"338,990,000",81.7%,2023-07-04,2023_3Q,3
제주 2계 2021-7018(1),숙박시설,숙박시설,숙박시설,제주,제주시,제주 제주시 연동 282-3 호텔에어시티제주 9층 906호,"187,000,000","64,141,000",낙찰,"74,220,010",39.7%,2023-07-04,2023_3Q,3
제주 2계 2021-7018(2),숙박시설,숙박시설,숙박시설,제주,제주시,제주 제주시 연동 282-3 호텔에어시티제주 11층 1105호,"190,000,000","65,170,000",낙찰,"76,200,000",40.1%,2023-07-04,2023_3Q,3
제주 2계 2021-7018(3),숙박시설,숙박시설,숙박시설,제주,제주시,제주 제주시 연동 282-3 호텔에어시티제주 11층 1106호,"190,000,000","65,170,000",낙찰,"75,220,010",39.6%,2023-07-04,2023_3Q,3
제주 5계 2021-7162,오피스텔,오피스텔,오피스텔(업무용),제주,제주시,"제주 제주시 애월읍 하귀1리 117-1 ,117-2 제주모닝시티 3층 330호","139,000,000","68,110,000",낙찰,"95,000,000",68.3%,2023-07-25,2023_3Q,3
제주 2계 2021-7445,임야,임야,임야,제주,제주시,제주 제주시 조천읍 선흘리 248,"10,156,160","3,483,000",낙찰,"3,610,000",35.5%,2023-07-04,2023_3Q,3
제주 6계 2021-7667,도로,기타토지,기타토지,제주,제주시,제주 제주시 아라이동 1013-2,"400,730,500","137,451,000",낙찰,"141,000,000",35.2%,2023-07-18,2023_3Q,3
제주 3계 2021-7872,전,전,전,제주,제주시,제주 제주시 한경면 조수리 3716-3,"2,115,870,000","725,743,000",낙찰,"810,000,000",38.3%,2023-07-11,2023_3Q,3
제주 3계 2021-8837(2),다세대,다세대주택,다세대,제주,제주시,제주 제주시 조천읍 신촌리 2539-4 신촌그린빌리지 가동 3층 301호,"248,000,000","121,520,000",낙찰,"150,000,000",60.5%,2023-08-22,2023_3Q,3
제주 3계 2021-8837(6),다세대,다세대주택,다세대,제주,제주시,제주 제주시 조천읍 신촌리 2539-4 신촌그린빌리지 나동 5층 501호,"272,000,000","133,280,000",낙찰,"170,000,000",62.5%,2023-08-22,2023_3Q,3
제주 3계 2021-22475,목장용지,기타토지,목장용지,제주,제주시,제주 제주시 구좌읍 송당리 2136,"64,164,000","31,441,000",낙찰,"35,211,100",54.9%,2023-12-12,2023_4Q,3
제주 5계 2021-23034(2),임야,임야,임야,제주,서귀포시,제주 서귀포시 표선면 가시리 3657-1,"6,448,000","1,548,000",낙찰,"2,502,000",38.8%,2023-07-25,2023_3Q,3
제주 5계 2021-23034(4),전,전,전,제주,제주시,제주 제주시 용강동 1647,"12,210,000","2,932,000",낙찰,"4,288,000",35.1%,2023-09-05,2023_3Q,3
제주 4계 2021-23874(2),콘도,기타토지,기타토지,제주,서귀포시,"제주 서귀포시 토평동 2869 ,2644,2862,2863,2866 빅토르힐리조트 22동 3층 이301호","719,000,000","503,300,000",낙찰,"511,100,000",71.1%,2023-08-29,2023_3Q,3
제주 5계 2021-24129(1),목장용지,기타토지,목장용지,제주,제주시,제주 제주시 해안동 35-42,"1,763,104,000","604,745,000",낙찰,"673,000,000",38.2%,2023-07-25,2023_3Q,3
제주 2계 2021-24761(1),임야,임야,임야,제주,서귀포시,제주 서귀포시 성산읍 수산리 23,"815,132,000","399,414,000",낙찰,"422,000,000",51.8%,2023-08-08,2023_3Q,3
제주 2계 2021-24761(2),임야,임야,임야,제주,제주시,제주 제주시 애월읍 봉성리 1140,"318,310,000","222,817,000",낙찰,"258,000,000",81.1%,2023-07-04,2023_3Q,3
제주 2계 2021-24761(3),임야,임야,임야,제주,제주시,제주 제주시 애월읍 봉성리 1140-6,"318,171,000","222,720,000",낙찰,"290,800,000",91.4%,2023-07-04,2023_3Q,3
제주 1계 2021-26200,단독주택,단독,단독주택,제주,제주시,제주 제주시 조천읍 조천리 2453-1,"570,995,500","279,788,000",낙찰,"405,913,150",71.1%,2023-08-01,2023_3Q,3
제주 1계 2021-28299,단독주택,단독,단독주택,제주,제주시,제주 제주시 일도이동 1040-33,"200,143,720","140,101,000",낙찰,"176,000,000",87.9%,2023-08-01,2023_3Q,3
제주 2계 2021-28541,공장,공장(지식산업센터 업무시설),공장,제주,서귀포시,제주 서귀포시 표선면 가시리 1039,"994,484,080","487,297,000",낙찰,"580,000,000",58.3%,2023-07-04,2023_3Q,3
제주 5계 2021-29117,전,전,전,제주,제주시,제주 제주시 애월읍 신엄리 503-3,"609,028,230","298,424,000",낙찰,"368,500,000",60.5%,2023-07-25,2023_3Q,3
제주 6계 2022-724,단독주택,단독,단독주택,제주,제주시,제주 제주시 한경면 판포리 2950 6호,"1,927,352,280","944,403,000",낙찰,"992,000,000",51.5%,2023-07-18,2023_3Q,3
제주 4계 2022-1123(1),과수원,과수원,과수원,제주,서귀포시,제주 서귀포시 강정동 1748-25,"140,700,000","68,943,000",낙찰,"70,010,000",49.8%,2023-08-29,2023_3Q,3
제주 4계 2022-1123(2),과수원,과수원,과수원,제주,서귀포시,제주 서귀포시 강정동 1748-28,"145,250,000","49,821,000",낙찰,"65,419,900",45.0%,2023-08-29,2023_3Q,3
제주 4계 2022-1123(3),과수원,과수원,과수원,제주,서귀포시,제주 서귀포시 강정동 1748-29,"181,545,000","62,270,000",낙찰,"82,011,000",45.2%,2023-08-29,2023_3Q,3
제주 5계 2022-1208,다세대,다세대주택,다세대,제주,제주시,제주 제주시 애월읍 신엄리 1159-6 몽돌빌1차 2층 201호,"268,000,000","187,600,000",낙찰,"194,000,000",72.4%,2023-07-25,2023_3Q,3
제주 5계 2022-1253(1),전,전,전,제주,서귀포시,제주 서귀포시 안덕면 사계리 505-3,"1,399,489,000","480,024,000",낙찰,"630,000,000",45.0%,2023-11-21,2023_4Q,3
제주 6계 2022-1383,임야,임야,임야,제주,제주시,제주 제주시 애월읍 납읍리 산26-1,"113,355,790","27,217,000",낙찰,"29,000,000",25.6%,2023-12-19,2023_4Q,3
제주 6계 2022-1765,오피스텔,오피스텔,오피스텔(업무용),제주,서귀포시,"제주 서귀포시 안덕면 화순리 326 ,327-1,327-5 2층 201호","5,181,571,000","1,777,279,000",낙찰,"2,222,500,000",42.9%,2023-10-10,2023_4Q,3
제주 3계 2022-1857,전,전,전,제주,서귀포시,제주 서귀포시 안덕면 사계리 3413-7,"565,816,000","135,853,000",낙찰,"170,000,000",30.0%,2023-07-11,2023_3Q,3
제주 3계 2022-1918,전,전,전,제주,서귀포시,제주 서귀포시 대정읍 영락리 2098-4,"161,352,000","79,062,000",낙찰,"100,120,000",62.1%,2023-11-07,2023_4Q,3
제주 5계 2022-2249(1),임야,임야,임야,제주,제주시,제주 제주시 영평동 2752-2,"6,316,284,000","3,094,979,000",낙찰,"3,505,900,000",55.5%,2023-07-25,2023_3Q,3
제주 5계 2022-2249(2),전,전,전,제주,제주시,제주 제주시 영평동 2752-7,"7,109,300,000","3,483,557,000",낙찰,"4,357,000,000",61.3%,2023-07-25,2023_3Q,3
제주 3계 2022-2461,단독주택,단독,단독주택,제주,제주시,제주 제주시 추자면 대서리 44,"6,166,580","2,115,000",낙찰,"2,150,100",34.9%,2023-08-22,2023_3Q,3
제주 5계 2022-2843,연립,연립주택,연립·빌라,제주,제주시,제주 제주시 도두일동 2538 도두골든빌리지 102동 4층 506호,"347,000,000","242,900,000",낙찰,"331,777,777",95.6%,2023-07-25,2023_3Q,3
제주 3계 2022-2973(3),숙박시설,숙박시설,숙박시설,제주,서귀포시,제주 서귀포시 서귀동 319-2 비스타케이호텔(천지연) 5층 522호,"209,000,000","24,589,000",낙찰,"25,810,000",12.3%,2023-12-12,2023_4Q,3
제주 5계 2022-3037,전,전,전,제주,제주시,제주 제주시 애월읍 상귀리 517-2,"77,794,000","26,683,000",낙찰,"43,160,000",55.5%,2023-09-05,2023_3Q,3
제주 5계 2022-3365,오피스텔(주거),오피스텔,오피스텔(업무용),제주,제주시,"제주 제주시 일도이동 362-20 ,362-21 덕산가온누리빌 3층 302호","320,000,000","224,000,000",낙찰,"235,100,000",73.5%,2023-07-25,2023_3Q,3
제주 2계 2022-3389,전,전,전,제주,서귀포시,제주 서귀포시 안덕면 감산리 1750-6,"437,042,000","214,150,000",낙찰,"215,300,000",49.3%,2023-10-31,2023_4Q,3
제주 5계 2022-3624(1),오피스텔,오피스텔,오피스텔(업무용),제주,제주시,"제주 제주시 일도이동 602-1 ,602-2,602-3,602-4,602-5,602-9,602-11,602-13 제주신항코아루디펠리체 5층 531호","146,000,000","71,540,000",낙찰,"78,123,000",53.5%,2023-10-17,2023_4Q,3
제주 5계 2022-3624(2),오피스텔,오피스텔,오피스텔(업무용),제주,제주시,"제주 제주시 일도이동 602-1 ,602-2,602-3,602-4,602-5,602-9,602-11,602-13 제주신항코아루디펠리체 3층 307호","146,000,000","71,540,000",낙찰,"75,200,000",51.5%,2023-10-17,2023_4Q,3
제주 2계 2022-3655(2),묘지,기타토지,기타토지,제주,서귀포시,제주 서귀포시 남원읍 위미리 1331-1,"115,819,240","39,726,000",낙찰,"57,211,000",49.4%,2023-09-19,2023_3Q,3
제주 5계 2022-3822(1),근린상가,근린상가,근린상가,제주,제주시,제주 제주시 연동 282-3 호텔에어시티제주 1층 101호,"156,000,000","109,200,000",낙찰,"119,000,000",76.3%,2023-10-17,2023_4Q,3
제주 5계 2022-3822(2),근린상가,근린상가,근린상가,제주,제주시,제주 제주시 연동 282-3 호텔에어시티제주 2층 201호,"2,372,000,000","813,596,000",낙찰,"835,000,000",35.2%,2023-12-26,2023_4Q,3
제주 2계 2022-3846(2),임야,임야,임야,제주,제주시,제주 제주시 조천읍 선흘리 122-10,"110,751,000","54,268,000",낙찰,"60,010,000",54.2%,2023-08-08,2023_3Q,3
제주 4계 2022-3860,다세대,다세대주택,다세대,제주,제주시,제주 제주시 오라이동 1502-1 오름빌리지2차 202동 1층 102호,"266,000,000","130,340,000",낙찰,"171,000,100",64.3%,2023-08-29,2023_3Q,3
제주 3계 2022-3914,연립,연립주택,연립·빌라,제주,제주시,제주 제주시 해안동 1767-7 오렌지트리빌리지3차 2층 202호,"299,000,000","146,510,000",낙찰,"201,000,000",67.2%,2023-07-11,2023_3Q,3
제주 2계 2022-3952,대지,나대지,나대지,제주,서귀포시,제주 서귀포시 서호동 1521-2,"387,500,000","271,250,000",낙찰,"324,900,000",83.8%,2023-07-04,2023_3Q,3
제주 3계 2022-4016,임야,임야,임야,제주,서귀포시,제주 서귀포시 대정읍 신도리 1285-1,"456,152,000","223,514,000",낙찰,"267,700,000",58.7%,2023-07-11,2023_3Q,3
제주 6계 2022-4047,연립,연립주택,연립·빌라,제주,서귀포시,제주 서귀포시 동홍동 1485-16 2층 202호,"130,000,000","91,000,000",낙찰,"110,000,000",84.6%,2023-10-10,2023_4Q,3
제주 2계 2022-4122,임야,임야,임야,제주,제주시,제주 제주시 애월읍 유수암리 2787,"1,093,252,000","765,276,000",낙찰,"771,570,000",70.6%,2023-09-19,2023_3Q,3
제주 3계 2022-4139(1),전,전,전,제주,제주시,제주 제주시 구좌읍 행원리 1262-19,"153,180,000","75,058,000",낙찰,"97,297,000",63.5%,2023-09-26,2023_3Q,3
제주 3계 2022-4139(2),전,전,전,제주,제주시,제주 제주시 구좌읍 행원리 1262-21,"170,929,000","58,629,000",낙찰,"72,237,000",42.3%,2023-11-07,2023_4Q,3
제주 3계 2022-4139(3),전,전,전,제주,제주시,제주 제주시 구좌읍 행원리 1262-23,"183,106,000","62,805,000",낙찰,"75,100,000",41.0%,2023-11-07,2023_4Q,3
제주 1계 2022-4177,임야,임야,임야,제주,서귀포시,제주 서귀포시 성산읍 신풍리 1164,"886,248,000","434,262,000",낙찰,"600,000,000",67.7%,2023-09-12,2023_3Q,3
제주 3계 2022-4191,전,전,전,제주,서귀포시,제주 서귀포시 상예동 2596,"1,291,100,000","632,639,000",낙찰,"710,020,000",55.0%,2023-09-26,2023_3Q,3
제주 2계 2022-4245,연립,연립주택,연립·빌라,제주,제주시,제주 제주시 해안동 1719 화이트디어해안3 2층 201호,"809,000,000","566,300,000",낙찰,"600,000,000",74.2%,2023-07-04,2023_3Q,3
제주 2계 2022-4368,임야,임야,임야,제주,제주시,제주 제주시 구좌읍 송당리 2450-1,"156,528,000","109,570,000",낙찰,"110,500,000",70.6%,2023-07-04,2023_3Q,3
제주 3계 2022-4375,임야,임야,임야,제주,제주시,제주 제주시 한림읍 협재리 387,"74,480,000","25,547,000",낙찰,"33,100,000",44.4%,2023-07-11,2023_3Q,3
제주 8계 2022-4399,단독주택,단독,단독주택,제주,제주시,제주 제주시 애월읍 고성리 123-2 101동,"4,473,863,590","2,192,194,000",낙찰,"2,500,000,000",55.9%,2023-11-21,2023_4Q,3
제주 2계 2022-4436,숙박시설,숙박시설,숙박시설,제주,서귀포시,"제주 서귀포시 대정읍 하모리 2132 ,2132-5 호텔아크로뷰1 4층 407호","85,000,000","29,155,000",낙찰,"33,700,000",39.6%,2023-09-19,2023_3Q,3
제주 3계 2022-4443(2),전,전,전,제주,서귀포시,제주 서귀포시 서홍동 2057-19,"628,617,270","150,931,000",낙찰,"201,200,000",32.0%,2023-11-07,2023_4Q,3
제주 4계 2022-4467,전,전,전,제주,제주시,제주 제주시 한림읍 한림리 348-2,"233,453,000","114,392,000",낙찰,"142,111,000",60.9%,2023-08-29,2023_3Q,3
제주 6계 2022-4542(2),전,전,전,제주,서귀포시,제주 서귀포시 대정읍 영락리 2098,"59,856,000","20,530,000",낙찰,"25,550,000",42.7%,2023-07-18,2023_3Q,3
제주 6계 2022-4597(2),과수원,과수원,과수원,제주,서귀포시,제주 서귀포시 남원읍 하례리 988-1,"694,494,000","238,211,000",낙찰,"335,500,000",48.3%,2023-07-18,2023_3Q,3
제주 3계 2022-4634,다가구,다가구,다가구,제주,제주시,제주 제주시 삼도일동 510-5 드림 HOUSE,"987,908,320","691,536,000",낙찰,"870,100,000",88.1%,2023-08-22,2023_3Q,3
제주 6계 2022-4719,도로,기타토지,기타토지,제주,서귀포시,제주 서귀포시 성산읍 오조리 1212-1,"151,641,000","36,409,000",낙찰,"39,110,000",25.8%,2023-12-19,2023_4Q,3
제주 1계 2022-4726(1),연립,연립주택,연립·빌라,제주,서귀포시,제주 서귀포시 법환동 212 디자인뷰 101동 4층 401호,"534,000,000","373,800,000",낙찰,"389,500,000",72.9%,2023-08-01,2023_3Q,3
제주 1계 2022-4726(2),연립,연립주택,연립·빌라,제주,서귀포시,제주 서귀포시 법환동 212 디자인뷰 106동 3층 301호,"394,000,000","193,060,000",낙찰,"269,010,000",68.3%,2023-09-12,2023_3Q,3
제주 2계 2022-4849,전,전,전,제주,제주시,제주 제주시 우도면 연평리 743-5,"322,695,000","225,887,000",낙찰,"280,030,000",86.8%,2023-07-04,2023_3Q,3
제주 4계 2022-4863,과수원,과수원,과수원,제주,서귀포시,제주 서귀포시 남원읍 한남리 308-4,"140,208,000","48,091,000",낙찰,"48,700,000",34.7%,2023-11-14,2023_4Q,3
제주 5계 2022-4900,공장,공장(지식산업센터 업무시설),공장,제주,제주시,제주 제주시 한림읍 상대리 3444,"3,325,427,760","2,327,799,000",낙찰,"2,451,000,000",73.7%,2023-09-05,2023_3Q,3
제주 1계 2022-4986,임야,임야,임야,제주,서귀포시,제주 서귀포시 대정읍 보성리 1782-6,"124,425,000","60,969,000",낙찰,"66,600,000",53.5%,2023-08-01,2023_3Q,3
제주 3계 2022-5002,오피스텔(주거),오피스텔,오피스텔(업무용),제주,제주시,"제주 제주시 일도이동 602-1 ,602-2,602-3,602-4,602-5,602-9,602-11,602-13 제주신항코아루디펠리체 3층 332호","305,000,000","149,450,000",낙찰,"200,001,200",65.6%,2023-07-11,2023_3Q,3
제주 6계 2022-5033(1),숙박시설,숙박시설,숙박시설,제주,서귀포시,제주 서귀포시 서귀동 319-2 비스타케이호텔(천지연) 10층 1009호,"152,000,000","17,883,000",낙찰,"19,400,000",12.8%,2023-12-19,2023_4Q,3
제주 6계 2022-5033(2),숙박시설,숙박시설,숙박시설,제주,서귀포시,제주 서귀포시 서귀동 319-2 비스타케이호텔(천지연) 8층 803호,"198,000,000","23,295,000",낙찰,"25,100,000",12.7%,2023-12-19,2023_4Q,3
제주 6계 2022-5095,전,전,전,제주,서귀포시,제주 서귀포시 상예동 4746-4,"209,352,000","102,582,000",낙찰,"125,220,000",59.8%,2023-07-18,2023_3Q,3
제주 1계 2022-5101,임야,임야,임야,제주,제주시,제주 제주시 구좌읍 종달리 3375,"1,109,383,000","776,568,000",낙찰,"810,000,000",73.0%,2023-08-01,2023_3Q,3
제주 3계 2022-5132,전,전,전,제주,제주시,제주 제주시 조천읍 조천리 3067,"3,489,712,000","1,709,959,000",낙찰,"2,293,333,000",65.7%,2023-11-07,2023_4Q,3
제주 2계 2022-5187,다세대,다세대주택,다세대,제주,제주시,제주 제주시 구좌읍 세화리 1432-2 그린뷰타운 5층 502호,"292,000,000","204,400,000",낙찰,"214,120,000",73.3%,2023-08-08,2023_3Q,3
제주 4계 2022-5217,대지,나대지,나대지,제주,제주시,제주 제주시 조천읍 조천리 3368-3,"120,953,000","84,667,000",낙찰,"90,600,000",74.9%,2023-08-29,2023_3Q,3
제주 2계 2022-5231(1),전,전,전,제주,제주시,제주 제주시 애월읍 상가리 2017-1,"225,360,000","157,752,000",낙찰,"169,100,000",75.0%,2023-08-08,2023_3Q,3
제주 2계 2022-5231(2),전,전,전,제주,제주시,제주 제주시 애월읍 상가리 2017-5,"259,600,000","127,204,000",낙찰,"172,345,600",66.4%,2023-09-19,2023_3Q,3
제주 4계 2022-5255,전,전,전,제주,제주시,제주 제주시 한경면 판포리 960,"22,372,000","10,962,000",낙찰,"12,199,999",54.5%,2023-11-14,2023_4Q,3
제주 5계 2022-5262,창고,기타건물,창고,제주,제주시,제주 제주시 회천동 1937-1,"1,455,023,800","1,018,517,000",낙찰,"1,140,000,000",78.3%,2023-09-05,2023_3Q,3
제주 2계 2022-5293,임야,임야,임야,제주,서귀포시,제주 서귀포시 성산읍 신풍리 94,"82,088,000","40,223,000",낙찰,"60,000,000",73.1%,2023-09-19,2023_3Q,3
제주 4계 2022-5316,임야,임야,임야,제주,제주시,제주 제주시 구좌읍 덕천리 371,"25,245,000","17,672,000",낙찰,"19,000,000",75.3%,2023-10-10,2023_4Q,3
제주 6계 2022-5330(1),다세대,다세대주택,다세대,제주,제주시,제주 제주시 애월읍 하가리 1365-7 오렌지트리빌리지2차 102동 3층 301호,"306,000,000","149,940,000",낙찰,"195,399,999",63.9%,2023-08-29,2023_3Q,3
제주 6계 2022-5330(2),다세대,다세대주택,다세대,제주,제주시,제주 제주시 애월읍 하가리 1365-7 오렌지트리빌리지2차 102동 4층 401호,"344,000,000","168,560,000",낙찰,"216,720,000",63.0%,2023-08-29,2023_3Q,3
제주 3계 2022-5361,전,전,전,제주,서귀포시,제주 서귀포시 서홍동 224-6,"86,751,000","20,829,000",낙찰,"23,623,500",27.2%,2023-12-12,2023_4Q,3
제주 2계 2022-5415,콘도,기타토지,기타토지,제주,서귀포시,제주 서귀포시 표선면 토산리 17 샤인빌 샤인빌리지동 5층 2510호,"42,000,000","14,406,000",낙찰,"18,541,000",44.1%,2023-10-31,2023_4Q,3
제주 3계 2022-5422,임야,임야,임야,제주,제주시,제주 제주시 조천읍 북촌리 751-1,"1,113,715,000","545,721,000",낙찰,"671,111,000",60.3%,2023-09-26,2023_3Q,3
제주 5계 2022-5446,임야,임야,임야,제주,서귀포시,제주 서귀포시 남원읍 신흥리 2286-6,"530,450,000","259,921,000",낙찰,"355,000,000",66.9%,2023-10-17,2023_4Q,3
제주 6계 2022-5453,임야,임야,임야,제주,제주시,제주 제주시 구좌읍 세화리 2593,"661,160,000","323,968,000",낙찰,"324,000,000",49.0%,2023-07-18,2023_3Q,3
제주 2계 2022-5477,전,전,전,제주,제주시,제주 제주시 한경면 판포리 418,"374,288,000","128,381,000",낙찰,"153,000,000",40.9%,2023-10-31,2023_4Q,3
제주 2계 2022-5569,다세대,다세대주택,다세대,제주,제주시,제주 제주시 한림읍 대림리 1204 비슬휴림 103동 4층 402호,"322,000,000","225,400,000",낙찰,"280,000,000",87.0%,2023-09-19,2023_3Q,3
제주 2계 2022-5590,숙박시설,숙박시설,숙박시설,제주,서귀포시,제주 서귀포시 대정읍 보성리 2545 제주아이파크스위트알 101동 3층 304호,"1,470,000,000","1,029,000,000",낙찰,"1,320,000,000",89.8%,2023-08-08,2023_3Q,3
제주 4계 2022-5637,전,전,전,제주,제주시,제주 제주시 애월읍 납읍리 2737-2,"178,308,000","87,371,000",낙찰,"93,000,000",52.2%,2023-11-14,2023_4Q,3
제주 3계 2022-5736,단독주택,단독,단독주택,제주,제주시,제주 제주시 영평동 2479-7,"961,818,710","673,273,000",낙찰,"778,700,000",81.0%,2023-08-22,2023_3Q,3
제주 1계 2022-5828,과수원,과수원,과수원,제주,서귀포시,제주 서귀포시 남원읍 하례리 717-1,"930,274,000","223,359,000",낙찰,"350,500,000",37.7%,2023-10-24,2023_4Q,3
제주 2계 2022-5842,전,전,전,제주,제주시,제주 제주시 도두일동 1718-1,"1,507,892,000","1,055,524,000",낙찰,"1,066,100,000",70.7%,2023-12-05,2023_4Q,3
제주 4계 2022-5859,주상복합(상가),기타토지,기타토지,제주,제주시,제주 제주시 화북일동 1794 S.J해피드림 2층 201호,"242,000,000","118,580,000",낙찰,"162,500,000",67.1%,2023-08-29,2023_3Q,3
제주 4계 2022-5866,임야,임야,임야,제주,서귀포시,제주 서귀포시 안덕면 동광리 5-57,"952,389,000","666,672,000",낙찰,"682,000,000",71.6%,2023-08-29,2023_3Q,3
제주 1계 2022-5880,단독주택,단독,단독주택,제주,제주시,제주 제주시 이도이동 2-17,"1,154,113,600","1,154,113,600",낙찰,"1,201,000,000",104.1%,2023-08-01,2023_3Q,3
제주 2계 2022-5897(2),아파트,아파트,아파트,제주,제주시,제주 제주시 화북이동 117 제주삼화LH2단지 211동 3층 301호,"620,000,000","434,000,000",낙찰,"509,999,999",82.3%,2023-10-31,2023_4Q,3
제주 2계 2022-5897(3),다세대,다세대주택,다세대,제주,제주시,제주 제주시 조천읍 조천리 2145 조천라오체1차 102동 2층 201호,"250,000,000","175,000,000",낙찰,"202,900,000",81.2%,2023-10-31,2023_4Q,3
제주 3계 2022-5903,다세대,다세대주택,다세대,제주,제주시,제주 제주시 용담이동 2767 아너스빌 101동 3층 302호,"208,000,000","145,600,000",낙찰,"200,000,000",96.2%,2023-08-22,2023_3Q,3
제주 4계 2022-5910(1),임야,임야,임야,제주,서귀포시,제주 서귀포시 성산읍 수산리 4728,"2,883,201,000","1,412,769,000",낙찰,"1,515,550,000",52.6%,2023-07-18,2023_3Q,3
제주 4계 2022-5910(2),임야,임야,임야,제주,서귀포시,제주 서귀포시 성산읍 수산리 4509,"1,909,535,000","935,673,000",낙찰,"1,017,700,000",53.3%,2023-07-18,2023_3Q,3
제주 4계 2022-5927,단독주택,단독,단독주택,제주,서귀포시,제주 서귀포시 성산읍 고성리 1502-1,"238,695,100","167,087,000",낙찰,"206,000,000",86.3%,2023-08-29,2023_3Q,3
제주 1계 2022-5941,아파트,아파트,아파트,제주,서귀포시,"제주 서귀포시 대정읍 상모리 4148-1 ,4085-16 한빛테크 1층 109호","135,000,000","66,150,000",낙찰,"78,522,000",58.2%,2023-10-24,2023_4Q,3
제주 4계 2022-5972,임야,임야,임야,제주,서귀포시,제주 서귀포시 도순동 산78-1,"106,750,800","36,616,000",낙찰,"37,261,000",34.9%,2023-12-19,2023_4Q,3
제주 2계 2022-6012,연립,연립주택,연립·빌라,제주,제주시,제주 제주시 노형동 3117-3 에이스아크로빌4차 5층 609호,"375,000,000","262,500,000",낙찰,"361,110,000",96.3%,2023-08-08,2023_3Q,3
제주 1계 2022-6180,아파트,아파트,아파트,제주,서귀포시,제주 서귀포시 토평동 175 토평반석타운 나동 1층 106호,"105,000,000","73,500,000",낙찰,"88,898,800",84.7%,2023-09-12,2023_3Q,3
제주 4계 2022-6210,숙박시설,숙박시설,숙박시설,제주,서귀포시,"제주 서귀포시 서귀동 318-17 ,318-20 호텔윈스토리 2층 206호","153,000,000","25,715,000",낙찰,"28,510,000",18.6%,2023-10-10,2023_4Q,3
제주 4계 2022-6227,숙박시설,숙박시설,숙박시설,제주,서귀포시,"제주 서귀포시 서귀동 318-17 ,318-20 호텔윈스토리 2층 232호","153,000,000","25,715,000",낙찰,"25,820,000",16.9%,2023-11-14,2023_4Q,3
제주 7계 2022-6241(1),단독주택,단독,단독주택,제주,제주시,제주 제주시 노형동 1038-4,"845,928,710","592,150,000",낙찰,"700,000,000",82.7%,2023-11-07,2023_4Q,3
제주 7계 2022-6241(3),전,전,전,제주,제주시,제주 제주시 조천읍 교래리 524-9,"554,648,000","554,648,000",낙찰,"570,110,000",102.8%,2023-09-26,2023_3Q,3
제주 7계 2022-6241(4),단독주택,단독,단독주택,제주,제주시,"제주 제주시 조천읍 교래리 524-4 ,524-9 나동호","27,562,500","27,562,500",낙찰,"28,200,000",102.3%,2023-09-26,2023_3Q,3
제주 2계 2022-6258,연립,연립주택,연립·빌라,제주,서귀포시,제주 서귀포시 중문동 1733-5 카렌시아 4층 407호,"342,000,000","167,580,000",낙찰,"295,000,000",86.3%,2023-09-19,2023_3Q,3
제주 4계 2022-6272,숙박시설,숙박시설,숙박시설,제주,서귀포시,제주 서귀포시 법환동 745-1 비스타케이호텔 3층 319호,"165,000,000","19,412,000",낙찰,"19,520,000",11.8%,2023-12-19,2023_4Q,3
제주 1계 2022-6302,다세대,다세대주택,다세대,제주,제주시,제주 제주시 노형동 1045-11 한라빌라 4층 502호,"99,000,000","48,510,000",낙찰,"53,450,000",54.0%,2023-08-01,2023_3Q,3
제주 3계 2022-6326,전,전,전,제주,제주시,제주 제주시 애월읍 애월리 2395,"19,476,800","19,476,800",낙찰,"19,476,800",100.0%,2023-07-11,2023_3Q,3
제주 5계 2022-6340,임야,임야,임야,제주,제주시,제주 제주시 구좌읍 한동리 3433-1,"1,191,176,000","408,573,000",낙찰,"435,900,000",36.6%,2023-11-21,2023_4Q,3
제주 1계 2022-6364,목장용지,기타토지,목장용지,제주,제주시,제주 제주시 구좌읍 덕천리 854-1,"1,091,900,000","374,522,000",낙찰,"419,000,000",38.4%,2023-10-24,2023_4Q,3
제주 5계 2022-6418,점포,근린상가,점포상가,제주,서귀포시,제주 서귀포시 남원읍 남원리 1250-13,"490,797,370","343,558,000",낙찰,"435,550,000",88.7%,2023-09-05,2023_3Q,3
제주 6계 2022-6487,임야,임야,임야,제주,제주시,제주 제주시 구좌읍 상도리 산64,"114,880,000","80,416,000",낙찰,"80,426,000",70.0%,2023-08-29,2023_3Q,3
제주 2계 2022-6500,다세대,다세대주택,다세대,제주,제주시,"제주 제주시 봉개동 2602 ,2603,2621-1 까사라벨로 106동 3층 302호","336,000,000","235,200,000",낙찰,"285,099,990",84.9%,2023-08-08,2023_3Q,3
제주 4계 2022-6524,창고,기타건물,창고,제주,제주시,제주 제주시 구좌읍 덕천리 56,"2,109,568,080","1,033,689,000",낙찰,"1,037,700,000",49.2%,2023-07-18,2023_3Q,3
제주 2계 2022-6555,아파트,아파트,아파트,제주,제주시,제주 제주시 삼양이동 2132-3 동명 가동 4층 408호,"187,000,000","130,900,000",낙찰,"171,069,270",91.5%,2023-08-08,2023_3Q,3
제주 6계 2022-6647,숙박시설,숙박시설,숙박시설,제주,제주시,"제주 제주시 건입동 1443 ,1443-1 호텔리젠트마린더블루 6층 613호","180,000,000","61,740,000",낙찰,"98,470,000",54.7%,2023-11-14,2023_4Q,3
제주 1계 2022-6661,대지,나대지,나대지,제주,제주시,제주 제주시 애월읍 금성리 673,"64,539,000","31,624,000",낙찰,"40,100,000",62.1%,2023-10-24,2023_4Q,3
제주 4계 2022-6692(1),임야,임야,임야,제주,서귀포시,제주 서귀포시 성산읍 수산리 1744,"1,878,259,000","1,314,781,000",낙찰,"1,500,000,000",79.9%,2023-07-18,2023_3Q,3
제주 4계 2022-6692(2),임야,임야,임야,제주,서귀포시,제주 서귀포시 성산읍 온평리 1888-1,"947,562,000","464,305,000",낙찰,"500,000,000",52.8%,2023-08-29,2023_3Q,3
제주 4계 2022-6692(3),임야,임야,임야,제주,서귀포시,제주 서귀포시 성산읍 온평리 1888-2,"610,056,000","298,927,000",낙찰,"397,899,000",65.2%,2023-08-29,2023_3Q,3
제주 4계 2022-6692(4),임야,임야,임야,제주,서귀포시,제주 서귀포시 성산읍 온평리 1919,"1,057,954,000","362,879,000",낙찰,"510,000,000",48.2%,2023-10-10,2023_4Q,3
제주 4계 2022-6692(5),임야,임야,임야,제주,서귀포시,제주 서귀포시 성산읍 고성리 2726,"1,744,152,000","854,634,000",낙찰,"1,010,000,000",57.9%,2023-08-29,2023_3Q,3
제주 8계 2022-6708(1),임야,임야,임야,제주,서귀포시,제주 서귀포시 성산읍 고성리 2681,"502,260,000","351,582,000",낙찰,"353,539,000",70.4%,2023-10-17,2023_4Q,3
제주 8계 2022-6708(2),임야,임야,임야,제주,서귀포시,제주 서귀포시 성산읍 고성리 2685,"700,370,000","490,259,000",낙찰,"491,000,000",70.1%,2023-10-17,2023_4Q,3
제주 8계 2022-6708(3),임야,임야,임야,제주,서귀포시,제주 서귀포시 성산읍 고성리 2695,"545,950,000","382,165,000",낙찰,"479,000,000",87.7%,2023-10-17,2023_4Q,3
제주 8계 2022-6708(4),임야,임야,임야,제주,서귀포시,제주 서귀포시 성산읍 고성리 2697,"496,200,000","347,340,000",낙찰,"436,000,000",87.9%,2023-10-17,2023_4Q,3
제주 8계 2022-6708(5),잡종지,잡종지,잡종지,제주,서귀포시,제주 서귀포시 성산읍 온평리 1916,"1,780,587,000","1,246,411,000",낙찰,"1,401,000,000",78.7%,2023-10-17,2023_4Q,3
제주 1계 2022-6722,임야,임야,임야,제주,제주시,제주 제주시 애월읍 봉성리 2613,"457,816,000","157,031,000",낙찰,"211,200,000",46.1%,2023-11-28,2023_4Q,3
제주 2계 2022-6739(1),대지,나대지,나대지,제주,제주시,제주 제주시 한림읍 귀덕리 1208-9,"45,771,000","32,040,000",낙찰,"46,000,000",100.5%,2023-09-19,2023_3Q,3
제주 2계 2022-6739(2),대지,나대지,나대지,제주,제주시,제주 제주시 한림읍 귀덕리 1208-10,"7,820,000","7,820,000",낙찰,"11,200,000",143.2%,2023-08-08,2023_3Q,3
제주 4계 2022-6753,숙박시설,숙박시설,숙박시설,제주,서귀포시,제주 서귀포시 서귀동 319-2 비스타케이호텔(천지연) 4층 403호,"197,000,000","23,177,000",낙찰,"24,100,000",12.2%,2023-12-19,2023_4Q,3
제주 6계 2022-6760,전,전,전,제주,제주시,제주 제주시 애월읍 금성리 1148,"1,160,749,000","568,767,000",낙찰,"780,189,710",67.2%,2023-10-10,2023_4Q,3
제주 1계 2022-6784,단독주택,단독,단독주택,제주,제주시,제주 제주시 삼도이동 22-1,"804,160,200","562,912,000",낙찰,"750,000,000",93.3%,2023-08-01,2023_3Q,3
제주 5계 2022-6821,아파트,아파트,아파트,제주,서귀포시,제주 서귀포시 서귀동 309-32 기산베스트빌 10층 1101호,"133,000,000","65,170,000",낙찰,"73,835,000",55.5%,2023-10-17,2023_4Q,3
제주 6계 2022-6890(1),단독주택,단독,단독주택,제주,제주시,제주 제주시 조천읍 조천리 1931,"378,395,000","378,395,000",낙찰,"505,110,000",133.5%,2023-11-14,2023_4Q,3
제주 6계 2022-6890(2),전,전,전,제주,제주시,제주 제주시 조천읍 조천리 1931-2,"158,727,000","158,727,000",낙찰,"164,910,000",103.9%,2023-11-14,2023_4Q,3
제주 6계 2022-6890(3),전,전,전,제주,제주시,제주 제주시 조천읍 조천리 1931-3,"308,692,000","216,084,000",낙찰,"250,110,000",81.0%,2023-12-19,2023_4Q,3
제주 2계 2022-6913(1),과수원,과수원,과수원,제주,서귀포시,제주 서귀포시 표선면 세화리 1438-1,"752,409,500","368,681,000",낙찰,"415,650,000",55.2%,2023-10-31,2023_4Q,3
제주 2계 2022-6913(2),단독주택,단독,단독주택,제주,서귀포시,제주 서귀포시 표선면 세화리 1526-2,"356,570,220","249,599,000",낙찰,"263,333,330",73.9%,2023-09-19,2023_3Q,3
제주 2계 2022-6913(3),과수원,과수원,과수원,제주,서귀포시,제주 서귀포시 표선면 세화리 1626-1,"823,202,000","403,369,000",낙찰,"468,500,000",56.9%,2023-10-31,2023_4Q,3
제주 2계 2022-6913(4),과수원,과수원,과수원,제주,서귀포시,제주 서귀포시 표선면 세화리 1671-5,"794,946,000","389,523,000",낙찰,"431,330,000",54.3%,2023-10-31,2023_4Q,3
제주 2계 2022-6913(5),아파트,아파트,아파트,제주,제주시,제주 제주시 도남동 82-5 화인퍼스트빌2차 8층 801호,"394,000,000","275,800,000",낙찰,"311,999,990",79.2%,2023-09-19,2023_3Q,3
제주 6계 2022-6944,임야,임야,임야,제주,서귀포시,제주 서귀포시 남원읍 신흥리 2221-33,"96,224,000","33,005,000",낙찰,"43,650,000",45.4%,2023-11-14,2023_4Q,3
제주 6계 2022-7015,연립,연립주택,연립·빌라,제주,제주시,제주 제주시 도남동 77-4 영남맨션 5층 가-601호,"132,000,000","92,400,000",낙찰,"111,555,000",84.5%,2023-08-29,2023_3Q,3
제주 2계 2022-7039,전,전,전,제주,제주시,제주 제주시 한림읍 상대리 3786-1,"646,004,000","221,579,000",낙찰,"276,765,000",42.8%,2023-12-05,2023_4Q,3
제주 5계 2022-7060,주상복합(상가),기타토지,기타토지,제주,제주시,제주 제주시 연동 290-2 연동학산맨션 2층 201호,"317,000,000","221,900,000",낙찰,"300,001,000",94.6%,2023-09-05,2023_3Q,3
제주 6계 2022-7084,전,전,전,제주,제주시,제주 제주시 구좌읍 송당리 1248-2,"729,196,000","510,437,000",낙찰,"531,200,000",72.8%,2023-08-29,2023_3Q,3
제주 1계 2022-7091,임야,임야,임야,제주,제주시,제주 제주시 애월읍 소길리 산209,"649,165,000","222,664,000",낙찰,"277,780,000",42.8%,2023-09-12,2023_3Q,3
제주 4계 2022-7114,위락시설,기타건물,기타건물,제주,제주시,제주 제주시 노형동 940,"12,509,676,800","6,129,742,000",낙찰,"7,299,780,000",58.4%,2023-11-14,2023_4Q,3
제주 3계 2022-7121,아파트,아파트,아파트,제주,제주시,제주 제주시 이도일동 1664-4 광양미화 가동 5층 602호,"169,000,000","118,300,000",낙찰,"135,220,000",80.0%,2023-08-22,2023_3Q,3
제주 6계 2022-7145,다세대,다세대주택,다세대,제주,제주시,제주 제주시 애월읍 하귀1리 1040 정암에코빌 105동 2층 202호,"265,000,000","185,500,000",낙찰,"211,000,000",79.6%,2023-08-29,2023_3Q,3
제주 2계 2022-7169,임야,임야,임야,제주,서귀포시,제주 서귀포시 표선면 표선리 1968,"1,341,476,000","657,323,000",낙찰,"900,100,000",67.1%,2023-12-05,2023_4Q,3
제주 6계 2022-7183,다세대,다세대주택,다세대,제주,제주시,제주 제주시 화북일동 1946-12 2층 201호,"60,000,000","42,000,000",낙찰,"43,000,001",71.7%,2023-08-29,2023_3Q,3
제주 1계 2022-7206,숙박시설,숙박시설,숙박시설,제주,제주시,"제주 제주시 조천읍 함덕리 3061 ,3065,3066-2,3067,3068,3074,3076 제주함덕라마다호텔 2층 225호","133,000,000","45,619,000",낙찰,"46,100,000",34.7%,2023-10-24,2023_4Q,3
제주 4계 2022-7237,다세대,다세대주택,다세대,제주,서귀포시,제주 서귀포시 대정읍 동일리 2984 노블하우스 2층 201호,"242,000,000","169,400,000",낙찰,"169,511,000",70.0%,2023-07-18,2023_3Q,3
제주 5계 2022-7244,임야,임야,임야,제주,제주시,제주 제주시 한림읍 상대리 861,"29,924,250","10,264,000",낙찰,"10,300,000",34.4%,2023-11-21,2023_4Q,3
제주 2계 2022-7275,전,전,전,제주,제주시,제주 제주시 구좌읍 종달리 3827,"569,526,000","279,068,000",낙찰,"331,000,000",58.1%,2023-09-19,2023_3Q,3
제주 7계 2022-7282,사무실,사무실,사무실,제주,제주시,제주 제주시 외도일동 450-12 외도이안애 5층 504호,"269,000,000","188,300,000",낙찰,"234,110,000",87.0%,2023-09-26,2023_3Q,3
제주 6계 2022-7305,과수원,과수원,과수원,제주,서귀포시,제주 서귀포시 서홍동 498,"75,452,000","36,971,000",낙찰,"43,990,000",58.3%,2023-11-14,2023_4Q,3
제주 2계 2022-7336(3),다세대,다세대주택,다세대,제주,제주시,제주 제주시 한림읍 동명리 1546-4 빌라호연 3층 301호,"256,000,000","179,200,000",낙찰,"181,500,000",70.9%,2023-09-19,2023_3Q,3
제주 8계 2022-7343,전,전,전,제주,서귀포시,제주 서귀포시 안덕면 사계리 317,"393,624,000","192,876,000",낙찰,"233,001,000",59.2%,2023-12-26,2023_4Q,3
제주 3계 2022-7350,주상복합(주거),기타토지,기타토지,제주,제주시,제주 제주시 삼도일동 530 제동해피죤 2층 202호,"256,000,000","179,200,000",낙찰,"217,770,000",85.1%,2023-11-07,2023_4Q,3
제주 2계 2022-7398,점포,근린상가,점포상가,제주,제주시,제주 제주시 한림읍 상대리 2322,"291,731,000","142,948,000",낙찰,"143,001,000",49.0%,2023-12-05,2023_4Q,3
제주 7계 2022-7404,다세대,다세대주택,다세대,제주,제주시,제주 제주시 한림읍 대림리 1901-5 3층 301호,"106,000,000","51,940,000",낙찰,"68,130,000",64.3%,2023-11-07,2023_4Q,3
제주 5계 2022-7428,숙박시설,숙박시설,숙박시설,제주,제주시,제주 제주시 연동 253-3 제주센트럴시티호텔 4층 414호,"175,000,000","42,018,000",낙찰,"48,881,800",27.9%,2023-12-26,2023_4Q,3
제주 1계 2022-7442,숙박시설,숙박시설,숙박시설,제주,제주시,제주 제주시 연동 253-3 제주센트럴시티호텔 3층 306호,"175,000,000","42,018,000",낙찰,"47,777,777",27.3%,2023-11-28,2023_4Q,3
제주 2계 2022-7459,전,전,전,제주,제주시,제주 제주시 오라이동 3090-1,"1,613,705,000","1,129,594,000",낙찰,"1,130,853,180",70.1%,2023-09-19,2023_3Q,3
제주 3계 2022-7466(2),단독주택,단독,단독주택,제주,서귀포시,제주 서귀포시 대정읍 구억리 188-10 시즌빌라Ⅰ,"1,271,000,500","622,790,000",낙찰,"716,600,000",56.4%,2023-12-12,2023_4Q,3
제주 6계 2022-7480,아파트,아파트,아파트,제주,제주시,"제주 제주시 일도일동 1105-1 ,1105-8,1105-9 남안 2층 203호","35,000,000","35,000,000",낙찰,"35,000,000",100.0%,2023-08-29,2023_3Q,3
제주 2계 2022-7510,연립,연립주택,연립·빌라,제주,서귀포시,제주 서귀포시 표선면 표선리 2956 대진유토피아 106동 4층 403호,"167,000,000","116,900,000",낙찰,"130,350,000",78.1%,2023-09-19,2023_3Q,3
제주 3계 2022-7527,선박,기타토지,기타토지,제주,제주시,제주 제주시 한림읍 한림리 한림항내 정박,"1,401,051,000","480,561,000",낙찰,"518,800,000",37.0%,2023-09-26,2023_3Q,3
제주 4계 2022-7534,임야,임야,임야,제주,서귀포시,제주 서귀포시 대정읍 안성리 180-3,"471,062,000","329,743,000",낙찰,"413,500,000",87.8%,2023-07-18,2023_3Q,3
제주 5계 2022-7619,선박,기타토지,기타토지,제주,제주시,제주 제주시 한림읍 내 정박,"1,510,690,000","740,238,000",낙찰,"938,880,000",62.1%,2023-09-05,2023_3Q,3
제주 6계 2022-7626,기타부동산,기타토지,기타토지,제주,서귀포시,"제주 서귀포시 성산읍 삼달리 4-1 ,5-1","1,167,434,800","572,043,000",낙찰,"632,111,000",54.1%,2023-12-19,2023_4Q,3
제주 4계 2022-7657,다세대,다세대주택,다세대,제주,서귀포시,제주 서귀포시 동홍동 455-11 충암 102동 4층 501호,"150,000,000","105,000,000",낙찰,"105,000,000",70.0%,2023-10-10,2023_4Q,3
제주 8계 2022-7671,대지,나대지,나대지,제주,제주시,제주 제주시 한경면 고산리 3909,"168,840,000","168,840,000",낙찰,"169,200,000",100.2%,2023-09-05,2023_3Q,3
제주 1계 2022-7688,전,전,전,제주,서귀포시,제주 서귀포시 대정읍 영락리 821-3,"662,008,000","324,384,000",낙찰,"407,579,140",61.6%,2023-10-24,2023_4Q,3
제주 4계 2022-7725(1),전,전,전,제주,제주시,제주 제주시 구좌읍 동복리 338-2,"590,967,000","202,702,000",낙찰,"290,689,000",49.2%,2023-10-10,2023_4Q,3
제주 4계 2022-7725(2),전,전,전,제주,제주시,제주 제주시 구좌읍 동복리 445,"416,208,000","291,346,000",낙찰,"322,805,000",77.6%,2023-07-18,2023_3Q,3
제주 1계 2022-7800,전,전,전,제주,서귀포시,제주 서귀포시 성산읍 온평리 1370-1,"1,202,775,000","589,360,000",낙찰,"617,070,000",51.3%,2023-09-12,2023_3Q,3
제주 2계 2022-7817,아파트,아파트,아파트,제주,제주시,제주 제주시 한림읍 옹포리 283 한림오션캐슬 101동 5층 503호,"310,000,000","217,000,000",낙찰,"254,230,000",82.0%,2023-09-19,2023_3Q,3
제주 1계 2022-7862,숙박시설,숙박시설,숙박시설,제주,제주시,제주 제주시 이도일동 1787-3 모던테라스 9층 1011호,"94,000,000","65,800,000",낙찰,"68,510,000",72.9%,2023-09-12,2023_3Q,3
제주 2계 2022-7879,아파트,아파트,아파트,제주,제주시,제주 제주시 노형동 732 부영 105동 9층 904호,"723,000,000","506,100,000",낙찰,"622,555,000",86.1%,2023-08-08,2023_3Q,3
제주 3계 2022-20803,창고,기타건물,창고,제주,제주시,제주 제주시 구좌읍 김녕리 1920,"46,021,370","7,735,000",낙찰,"10,100,000",21.9%,2023-08-22,2023_3Q,3
제주 5계 2022-21196,전,전,전,제주,제주시,제주 제주시 한림읍 상대리 4209-2,"803,466,000","192,912,000",낙찰,"286,700,000",35.7%,2023-11-21,2023_4Q,3
제주 6계 2022-21257,임야,임야,임야,제주,서귀포시,제주 서귀포시 성산읍 삼달리 2059,"104,749,000","35,929,000",낙찰,"52,100,000",49.7%,2023-11-14,2023_4Q,3
제주 3계 2022-21714(1),전,전,전,제주,제주시,제주 제주시 한림읍 금능리 432-1,"294,449,500","70,698,000",낙찰,"70,700,000",24.0%,2023-11-07,2023_4Q,3
제주 3계 2022-21714(2),전,전,전,제주,제주시,제주 제주시 한림읍 금능리 441-1,"64,168,000","15,407,000",낙찰,"15,500,000",24.2%,2023-11-07,2023_4Q,3
제주 3계 2022-21714(3),전,전,전,제주,제주시,제주 제주시 한림읍 금능리 468,"32,033,000","15,696,000",낙찰,"18,810,000",58.7%,2023-08-22,2023_3Q,3
제주 3계 2022-21714(4),임야,임야,임야,제주,제주시,제주 제주시 한림읍 금능리 806,"52,689,000","12,650,000",낙찰,"18,300,000",34.7%,2023-11-07,2023_4Q,3
제주 3계 2022-21714(5),임야,임야,임야,제주,제주시,제주 제주시 한림읍 금능리 862,"7,122,000","3,490,000",낙찰,"4,786,654",67.2%,2023-08-22,2023_3Q,3
제주 4계 2022-21721,과수원,과수원,과수원,제주,제주시,제주 제주시 화북이동 5322,"680,504,100","114,372,000",낙찰,"164,800,000",24.2%,2023-08-29,2023_3Q,3
제주 6계 2022-21899,임야,임야,임야,제주,제주시,제주 제주시 구좌읍 상도리 1246,"15,984,000","3,837,000",낙찰,"6,500,000",40.7%,2023-08-29,2023_3Q,3
제주 2계 2022-21912,전,전,전,제주,제주시,제주 제주시 한림읍 협재리 429-1,"781,224,000","267,960,000",낙찰,"288,800,000",37.0%,2023-09-19,2023_3Q,3
제주 3계 2022-22045,목장용지,기타토지,목장용지,제주,제주시,제주 제주시 구좌읍 상도리 1394-17,"15,888,000","3,815,000",낙찰,"3,915,000",24.6%,2023-09-26,2023_3Q,3
제주 2계 2022-22274,대지,나대지,나대지,제주,제주시,제주 제주시 구좌읍 행원리 639,"313,320,000","219,324,000",낙찰,"220,450,000",70.4%,2023-07-04,2023_3Q,3
제주 8계 2022-22489,임야,임야,임야,제주,서귀포시,제주 서귀포시 회수동 66-12,"78,288,000","26,853,000",낙찰,"30,100,000",38.4%,2023-12-26,2023_4Q,3
제주 3계 2022-22700,단독주택,단독,단독주택,제주,제주시,제주 제주시 일도이동 333-8,"464,003,180","324,802,000",낙찰,"390,000,000",84.1%,2023-09-26,2023_3Q,3
제주 3계 2022-22762,오피스텔(주거),오피스텔,오피스텔(업무용),제주,제주시,"제주 제주시 일도이동 602-1 ,602-2,602-3,602-4,602-5,602-9,602-11,602-13 제주신항코아루디펠리체 10층 1025호","335,000,000","114,905,000",낙찰,"154,200,000",46.0%,2023-12-12,2023_4Q,3
제주 2계 2022-22939,임야,임야,임야,제주,서귀포시,제주 서귀포시 표선면 성읍리 354-7,"22,302,000","15,611,000",낙찰,"19,950,000",89.5%,2023-07-04,2023_3Q,3
제주 2계 2022-22991,전,전,전,제주,서귀포시,제주 서귀포시 대포동 1540,"263,993,800","129,357,000",낙찰,"175,000,000",66.3%,2023-10-31,2023_4Q,3
제주 5계 2022-23086(1),임야,임야,임야,제주,제주시,제주 제주시 애월읍 소길리 산136-3,"615,600,000","301,644,000",낙찰,"307,000,000",49.9%,2023-10-17,2023_4Q,3
제주 6계 2022-23093,아파트,아파트,아파트,제주,제주시,제주 제주시 건입동 708-5 광덕사봉 3층 313호,"104,000,000","72,800,000",낙찰,"78,200,000",75.2%,2023-08-29,2023_3Q,3
제주 3계 2022-23437,묘지,기타토지,기타토지,제주,서귀포시,제주 서귀포시 안덕면 서광리 182,"10,541,000","7,379,000",낙찰,"8,000,000",75.9%,2023-07-11,2023_3Q,3
제주 3계 2022-23482,단독주택,단독,단독주택,제주,서귀포시,제주 서귀포시 대정읍 신도리 2112,"366,202,400","256,342,000",낙찰,"256,342,000",70.0%,2023-09-26,2023_3Q,3
제주 2계 2022-23505,도로,기타토지,기타토지,제주,서귀포시,제주 서귀포시 서귀동 776,"139,500,000","97,650,000",낙찰,"112,000,000",80.3%,2023-07-04,2023_3Q,3
제주 4계 2022-23758(2),목장용지,기타토지,목장용지,제주,서귀포시,제주 서귀포시 성산읍 삼달리 1963-1,"94,920,000","22,791,000",낙찰,"28,260,000",29.8%,2023-07-18,2023_3Q,3
제주 3계 2022-23796(2),임야,임야,임야,제주,서귀포시,제주 서귀포시 색달동 397,"10,261,000","3,520,000",낙찰,"5,110,000",49.8%,2023-07-11,2023_3Q,3
제주 2계 2022-23833,도로,기타토지,기타토지,제주,서귀포시,제주 서귀포시 성산읍 오조리 1052-3,"9,900,000","6,930,000",낙찰,"6,940,000",70.1%,2023-07-04,2023_3Q,3
제주 2계 2022-24034,단독주택,단독,단독주택,제주,제주시,제주 제주시 삼도일동 704-17,"316,976,400","155,318,000",낙찰,"155,500,000",49.1%,2023-10-31,2023_4Q,3
제주 3계 2022-24140,아파트,아파트,아파트,제주,제주시,제주 제주시 화북일동 4074-1 비둘기 1층 가-101호,"148,998,020","104,299,000",낙찰,"105,299,000",70.7%,2023-07-11,2023_3Q,3
제주 5계 2022-24171,임야,임야,임야,제주,서귀포시,제주 서귀포시 성산읍 삼달리 1886,"3,477,202,500","1,192,680,000",낙찰,"1,200,000,000",34.5%,2023-11-21,2023_4Q,3
제주 4계 2022-24447,단독주택,단독,단독주택,제주,제주시,제주 제주시 이도일동 1342-1,"979,087,500","979,087,500",낙찰,"1,065,888,000",108.9%,2023-08-29,2023_3Q,3
제주 6계 2022-24454(5),차량,기타토지,기타토지,제주,제주시,제주 제주시 외도일동 2155-3 (주)세경내 보관,"20,000,000","9,800,000",낙찰,"12,480,000",62.4%,2023-07-18,2023_3Q,3
제주 6계 2022-24454(8),차량,기타토지,기타토지,제주,제주시,제주 제주시 외도일동 2155-3 (주)세경내 보관,"20,000,000","9,800,000",낙찰,"12,050,000",60.3%,2023-07-18,2023_3Q,3
제주 6계 2022-24645,전,전,전,제주,서귀포시,제주 서귀포시 법환동 1235,"991,374,160","340,041,000",낙찰,"359,990,000",36.3%,2023-07-18,2023_3Q,3
제주 3계 2022-24737(1),전,전,전,제주,제주시,제주 제주시 한림읍 귀덕리 2567,"280,215,000","96,114,000",낙찰,"121,000,000",43.2%,2023-07-11,2023_3Q,3
제주 3계 2022-24737(2),전,전,전,제주,제주시,제주 제주시 한림읍 귀덕리 2569-3,"92,532,000","31,738,000",낙찰,"42,500,000",45.9%,2023-07-11,2023_3Q,3
제주 1계 2022-24836,단독주택,단독,단독주택,제주,제주시,제주 제주시 건입동 1125-1,"219,059,300","107,339,000",낙찰,"155,000,000",70.8%,2023-08-01,2023_3Q,3
제주 3계 2022-24911,임야,임야,임야,제주,서귀포시,제주 서귀포시 안덕면 상천리 산99-14,"39,432,000","13,525,000",낙찰,"19,656,000",49.8%,2023-09-26,2023_3Q,3
제주 6계 2022-24942(2),묘지,기타토지,기타토지,제주,제주시,제주 제주시 오라이동 2017,"10,951,940","2,629,000",낙찰,"4,300,000",39.3%,2023-10-10,2023_4Q,3
제주 2계 2022-25105,연립,연립주택,연립·빌라,제주,서귀포시,제주 서귀포시 법환동 212 디자인뷰 105동 3층 301호,"396,000,000","194,040,000",낙찰,"249,999,999",63.1%,2023-09-19,2023_3Q,3
제주 3계 2022-25112,연립,연립주택,연립·빌라,제주,서귀포시,"제주 서귀포시 동홍동 1902-7 ,1909,1910-4 루체비스타 102동 1층 104호","365,000,000","255,500,000",낙찰,"266,822,000",73.1%,2023-08-22,2023_3Q,3
제주 6계 2022-25143(1),숙박시설,숙박시설,숙박시설,제주,서귀포시,제주 서귀포시 서귀동 325-1 비스타케이올래 4층 401호,"131,000,000","31,453,000",낙찰,"32,111,000",24.5%,2023-08-29,2023_3Q,3
제주 5계 2022-25235,임야,임야,임야,제주,제주시,제주 제주시 한림읍 금악리 2545-1,"142,805,000","34,288,000",낙찰,"36,532,100",25.6%,2023-11-21,2023_4Q,3
제주 6계 2022-25242(1),창고,기타건물,창고,제주,제주시,제주 제주시 회천동 722-1,"1,141,773,400","559,469,000",낙찰,"661,230,000",57.9%,2023-07-18,2023_3Q,3
제주 6계 2022-25242(3),전,전,전,제주,제주시,제주 제주시 아라일동 1946,"194,247,000","95,181,000",낙찰,"104,100,000",53.6%,2023-07-18,2023_3Q,3
제주 5계 2022-25488,임야,임야,임야,제주,제주시,제주 제주시 한림읍 상명리 94,"56,806,200","13,640,000",낙찰,"14,722,000",25.9%,2023-12-26,2023_4Q,3
제주 2계 2022-25518,콘도,기타토지,기타토지,제주,서귀포시,제주 서귀포시 표선면 토산리 17 샤인빌 샤인빌리지동 5층 2538호,"25,000,000","8,575,000",낙찰,"9,580,000",38.3%,2023-10-31,2023_4Q,3
제주 4계 2022-25594(1),임야,임야,임야,제주,제주시,제주 제주시 아라일동 4-1,"842,353,000","412,753,000",낙찰,"472,220,000",56.1%,2023-07-18,2023_3Q,3
제주 4계 2022-25594(4),임야,임야,임야,제주,제주시,제주 제주시 구좌읍 덕천리 산54-5,"925,645,000","453,566,000",낙찰,"464,577,000",50.2%,2023-07-18,2023_3Q,3
제주 2계 2022-25679,과수원,과수원,과수원,제주,서귀포시,제주 서귀포시 남원읍 신례리 359-1,"313,855,000","219,699,000",낙찰,"280,000,000",89.2%,2023-09-19,2023_3Q,3
제주 2계 2022-25686,연립,연립주택,연립·빌라,제주,제주시,제주 제주시 화북일동 1947-25 화북백록 5층 603호,"150,000,000","73,500,000",낙찰,"85,300,000",56.9%,2023-09-19,2023_3Q,3
제주 8계 2022-25723,임야,임야,임야,제주,서귀포시,제주 서귀포시 성산읍 삼달리 1605,"93,822,000","65,675,000",낙찰,"70,000,000",74.6%,2023-10-17,2023_4Q,3
제주 6계 2022-25785,차량,기타토지,기타토지,제주,제주시,제주 제주시 용담삼동 1274-1 현대물품보관소(주)내 보관,"25,000,000","12,250,000",낙찰,"17,650,000",70.6%,2023-08-29,2023_3Q,3
제주 2계 2022-25808,전,전,전,제주,제주시,제주 제주시 한림읍 협재리 1805-1,"210,569,400","210,569,400",낙찰,"417,600,000",198.3%,2023-08-08,2023_3Q,3
제주 6계 2022-25846,전,전,전,제주,서귀포시,제주 서귀포시 성산읍 오조리 494-1,"91,872,000","45,017,000",낙찰,"55,000,000",59.9%,2023-08-29,2023_3Q,3
제주 4계 2022-25884,오피스텔(주거),오피스텔,오피스텔(업무용),제주,서귀포시,제주 서귀포시 대포동 765 대포동루체클래식 1층 102-103호,"320,000,000","37,647,000",낙찰,"40,030,000",12.5%,2023-12-19,2023_4Q,3
제주 5계 2022-25891,차량,기타토지,기타토지,제주,제주시,제주 제주시 용담삼동 1274-1 현대물품보관(주)내 보관,"45,000,000","31,500,000",낙찰,"40,545,000",90.1%,2023-07-25,2023_3Q,3
제주 3계 2022-26054,전,전,전,제주,서귀포시,제주 서귀포시 표선면 표선리 2580,"204,710,000","100,308,000",낙찰,"130,100,000",63.6%,2023-08-22,2023_3Q,3
제주 6계 2022-26085,대지,나대지,나대지,제주,제주시,제주 제주시 한림읍 상대리 2718-3,"214,132,000","104,924,000",낙찰,"130,000,000",60.7%,2023-10-10,2023_4Q,3
제주 6계 2022-26191,전,전,전,제주,서귀포시,제주 서귀포시 안덕면 상천리 716,"34,860,000","17,081,000",낙찰,"18,080,600",51.9%,2023-08-29,2023_3Q,3
제주 1계 2022-26214,근린상가,근린상가,근린상가,제주,제주시,제주 제주시 도남동 923-13 성환아파트및도남시장 지하층 2호,"194,630,000","95,369,000",낙찰,"97,410,000",50.0%,2023-08-01,2023_3Q,3
제주 4계 2022-26245,임야,임야,임야,제주,제주시,제주 제주시 애월읍 소길리 산250-10,"31,728,000","7,618,000",낙찰,"16,250,000",51.2%,2023-08-29,2023_3Q,3
제주 6계 2022-26269,다세대,다세대주택,다세대,제주,서귀포시,제주 서귀포시 성산읍 고성리 1490 성산파미유 가동 4층 502호,"231,000,000","161,700,000",낙찰,"189,000,000",81.8%,2023-07-18,2023_3Q,3
제주 6계 2022-26436,연립,연립주택,연립·빌라,제주,서귀포시,"제주 서귀포시 서호동 827-1 ,827-2,827-3 서호리츠빌 2동 4층 403호","470,000,000","230,300,000",낙찰,"310,000,000",66.0%,2023-08-29,2023_3Q,3
제주 2계 2022-26467,선박,기타토지,기타토지,제주,서귀포시,제주 서귀포시 남원읍 위미리 위미항보관(제3자(주)세경),"245,275,000","84,130,000",낙찰,"100,120,000",40.8%,2023-07-04,2023_3Q,3
제주 3계 2022-26474(1),다세대,다세대주택,다세대,제주,서귀포시,제주 서귀포시 토평동 3084 파우제인제주마운틴블록 105동 4층 401호,"86,000,000","60,200,000",낙찰,"60,900,000",70.8%,2023-11-07,2023_4Q,3
제주 3계 2022-26474(2),다세대,다세대주택,다세대,제주,서귀포시,제주 서귀포시 토평동 3084 파우제인제주마운틴블록 110동 2층 204호,"130,000,000","91,000,000",낙찰,"121,500,000",93.5%,2023-11-07,2023_4Q,3
제주 3계 2022-26474(3),다세대,다세대주택,다세대,제주,서귀포시,제주 서귀포시 토평동 3084-2 파우제인제주오션블록 208동 2층 202호,"62,000,000","43,400,000",낙찰,"52,200,000",84.2%,2023-11-07,2023_4Q,3
제주 6계 2022-26511(1),단독주택,단독,단독주택,제주,서귀포시,제주 서귀포시 표선면 표선리 1613-2,"544,997,300","381,498,000",낙찰,"477,750,000",87.7%,2023-07-18,2023_3Q,3
제주 6계 2022-26511(2),단독주택,단독,단독주택,제주,서귀포시,제주 서귀포시 표선면 표선리 1613,"627,624,170","307,536,000",낙찰,"333,333,000",53.1%,2023-08-29,2023_3Q,3
제주 6계 2022-26580(1),창고,기타건물,창고,제주,서귀포시,제주 서귀포시 대정읍 영락리 446 A동호,"614,957,040","301,329,000",낙찰,"333,333,000",54.2%,2023-08-29,2023_3Q,3
제주 6계 2022-26580(2),임야,임야,임야,제주,서귀포시,제주 서귀포시 대정읍 영락리 446-5,"726,738,000","174,490,000",낙찰,"261,100,000",35.9%,2023-11-14,2023_4Q,3
제주 3계 2022-26603,임야,임야,임야,제주,제주시,제주 제주시 구좌읍 덕천리 산58-4,"278,488,000","66,865,000",낙찰,"68,100,000",24.5%,2023-12-12,2023_4Q,3
제주 4계 2022-26610,전,전,전,제주,서귀포시,제주 서귀포시 표선면 토산리 58,"2,410,803,000","578,834,000",낙찰,"852,780,000",35.4%,2023-12-19,2023_4Q,3
제주 2계 2022-26658,임야,임야,임야,제주,제주시,제주 제주시 구좌읍 행원리 2972,"84,581,000","59,207,000",낙찰,"59,550,000",70.4%,2023-08-08,2023_3Q,3
제주 6계 2022-26740,임야,임야,임야,제주,제주시,제주 제주시 화북이동 2911,"78,292,000","38,363,000",낙찰,"45,300,000",57.9%,2023-08-29,2023_3Q,3
제주 3계 2022-26788(2),오피스텔(주거),오피스텔,오피스텔(업무용),제주,제주시,"제주 제주시 일도이동 602-1 ,602-2,602-3,602-4,602-5,602-9,602-11,602-13 제주신항코아루디펠리체 10층 1010호","282,000,000","197,400,000",낙찰,"211,000,000",74.8%,2023-11-07,2023_4Q,3
제주 6계 2022-26863,단독주택,단독,단독주택,제주,서귀포시,제주 서귀포시 성산읍 신산리 1127,"644,921,120","316,012,000",낙찰,"405,000,000",62.8%,2023-11-14,2023_4Q,3
제주 6계 2022-26955,전,전,전,제주,제주시,제주 제주시 한림읍 귀덕리 3839-2,"91,637,000","44,902,000",낙찰,"57,750,000",63.0%,2023-08-29,2023_3Q,3
제주 4계 2022-26962,대지,나대지,나대지,제주,제주시,제주 제주시 애월읍 납읍리 2229,"134,289,500","94,003,000",낙찰,"94,003,000",70.0%,2023-08-29,2023_3Q,3
제주 5계 2022-26979,다세대,다세대주택,다세대,제주,제주시,제주 제주시 용담일동 256-10 도노뫼빌라 4층 302호,"170,000,000","83,300,000",낙찰,"117,000,000",68.8%,2023-09-05,2023_3Q,3
제주 2계 2022-27064,전,전,전,제주,서귀포시,제주 서귀포시 대정읍 신도리 2376-1,"190,486,000","45,736,000",낙찰,"47,000,000",24.7%,2023-12-05,2023_4Q,3
제주 3계 2022-27071,오피스텔,오피스텔,오피스텔(업무용),제주,서귀포시,"제주 서귀포시 동홍동 386-1 ,378,387 동홍동코아루오션뷰 5층 511호","109,000,000","76,300,000",낙찰,"78,000,000",71.6%,2023-08-22,2023_3Q,3
제주 2계 2022-27125,오피스텔,오피스텔,오피스텔(업무용),제주,제주시,제주 제주시 연동 253-5 신제주신성 6층 611호,"70,000,000","49,000,000",낙찰,"56,000,000",80.0%,2023-08-08,2023_3Q,3
제주 4계 2022-27200,전,전,전,제주,제주시,제주 제주시 한경면 고산리 1398,"1,805,553,000","619,305,000",낙찰,"720,000,000",39.9%,2023-08-29,2023_3Q,3
제주 5계 2022-27224(1),대지,나대지,나대지,제주,서귀포시,제주 서귀포시 성산읍 시흥리 31-1,"687,613,000","336,930,000",낙찰,"375,321,700",54.6%,2023-10-17,2023_4Q,3
제주 5계 2022-27224(2),임야,임야,임야,제주,제주시,제주 제주시 한림읍 명월리 1394-3,"371,332,000","89,156,000",낙찰,"91,300,000",24.6%,2023-12-26,2023_4Q,3
제주 6계 2022-27279,단독주택,단독,단독주택,제주,제주시,"제주 제주시 구좌읍 하도리 1440-7 ,1478","182,325,400","182,325,400",낙찰,"195,550,000",107.3%,2023-07-18,2023_3Q,3
제주 2계 2022-27309,전,전,전,제주,제주시,제주 제주시 한림읍 동명리 1271-2,"801,620,000","274,956,000",낙찰,"305,000,000",38.0%,2023-10-31,2023_4Q,3
제주 3계 2022-27316,분뇨쓰레기처리시설,기타건물,기타건물,제주,제주시,제주 제주시 한림읍 상대리 144-14 1동,"2,212,166,000","1,548,516,000",낙찰,"1,548,600,000",70.0%,2023-11-07,2023_4Q,3
제주 6계 2022-27408,단독주택,단독,단독주택,제주,제주시,제주 제주시 한경면 판포리 2624-4,"536,929,000","536,929,000",낙찰,"580,099,000",108.0%,2023-07-18,2023_3Q,3
제주 1계 2022-27415,노유자시설,기타건물,노유자시설,제주,제주시,제주 제주시 용담일동 162-2 2호,"613,804,100","300,764,000",낙찰,"350,000,000",57.0%,2023-10-24,2023_4Q,3
제주 4계 2022-27453(1),전,전,전,제주,서귀포시,제주 서귀포시 안덕면 광평리 216,"258,940,000","126,881,000",낙찰,"211,300,000",81.6%,2023-07-18,2023_3Q,3
제주 4계 2022-27453(2),전,전,전,제주,서귀포시,제주 서귀포시 안덕면 광평리 217,"856,200,000","419,538,000",낙찰,"435,670,000",50.9%,2023-07-18,2023_3Q,3
제주 6계 2022-27460,연립,연립주택,연립·빌라,제주,제주시,제주 제주시 이호이동 1-2 연리재 4층 401호,"219,000,000","153,300,000",낙찰,"162,520,000",74.2%,2023-08-29,2023_3Q,3
제주 7계 2022-27491,아파트,아파트,아파트,제주,제주시,제주 제주시 연동 2315-3 제일 가동 5층 505호,"346,000,000","242,200,000",낙찰,"271,400,000",78.4%,2023-09-26,2023_3Q,3
제주 2계 2022-27545,도로,기타토지,기타토지,제주,제주시,제주 제주시 애월읍 하귀2리 2800-4,"345,270,000","169,182,000",낙찰,"190,000,000",55.0%,2023-09-19,2023_3Q,3
제주 6계 2022-27576,전,전,전,제주,제주시,제주 제주시 조천읍 조천리 1103,"22,302,000","7,650,000",낙찰,"10,000,000",44.8%,2023-11-14,2023_4Q,3
제주 2계 2022-27590(1),연립,연립주택,연립·빌라,제주,제주시,제주 제주시 한림읍 협재리 598-2 프랜드빌리지 2층 202호,"37,000,000","25,900,000",낙찰,"28,500,000",77.0%,2023-10-31,2023_4Q,3
제주 2계 2022-27590(2),연립,연립주택,연립·빌라,제주,제주시,제주 제주시 한림읍 협재리 598-2 프랜드빌리지 4층 402호,"27,000,000","18,900,000",낙찰,"20,000,001",74.1%,2023-10-31,2023_4Q,3
제주 4계 2022-27620,임야,임야,임야,제주,제주시,제주 제주시 한경면 판포리 산2-14,"12,540,000","6,145,000",낙찰,"6,145,000",49.0%,2023-10-10,2023_4Q,3
제주 6계 2022-27644,과수원,과수원,과수원,제주,제주시,제주 제주시 조천읍 함덕리 2471,"198,000,000","67,914,000",낙찰,"68,150,000",34.4%,2023-11-14,2023_4Q,3
제주 1계 2022-27651,연립,연립주택,연립·빌라,제주,서귀포시,제주 서귀포시 서호동 644 서호블루오션빌 101동 3층 302호,"273,000,000","191,100,000",낙찰,"217,666,666",79.7%,2023-08-01,2023_3Q,3
제주 4계 2022-27668,대지,나대지,나대지,제주,제주시,제주 제주시 구좌읍 김녕리 906-5,"496,491,000","170,297,000",낙찰,"200,510,000",40.4%,2023-08-29,2023_3Q,3
제주 3계 2022-27675,전,전,전,제주,제주시,제주 제주시 구좌읍 세화리 1353-1,"32,663,000","16,005,000",낙찰,"20,765,720",63.6%,2023-09-26,2023_3Q,3
제주 6계 2022-27699,단독주택,단독,단독주택,제주,제주시,제주 제주시 용담이동 592-24,"17,156,900","17,156,900",낙찰,"17,810,000",103.8%,2023-07-18,2023_3Q,3
제주 4계 2022-27743,다세대,다세대주택,다세대,제주,서귀포시,제주 서귀포시 대포동 2151-2 대포동다세대주택 1층 101호,"312,000,000","312,000,000",낙찰,"345,000,000",110.6%,2023-07-18,2023_3Q,3
제주 7계 2022-27798,주상복합(주거),기타토지,기타토지,제주,제주시,제주 제주시 삼도이동 108-17 중앙하이츠빌라 2층 205호,"191,000,000","133,700,000",낙찰,"138,701,000",72.6%,2023-09-26,2023_3Q,3
제주 2계 2022-27903(1),임야,임야,임야,제주,서귀포시,제주 서귀포시 회수동 215-1,"334,440,000","163,876,000",낙찰,"164,700,000",49.2%,2023-09-19,2023_3Q,3
제주 2계 2022-27903(2),임야,임야,임야,제주,서귀포시,제주 서귀포시 회수동 222-1,"57,155,000","40,009,000",낙찰,"52,220,000",91.4%,2023-08-08,2023_3Q,3
제주 4계 2022-27927,단독주택,단독,단독주택,제주,제주시,제주 제주시 조천읍 와흘리 1562-1,"40,302,120","28,211,000",낙찰,"33,990,000",84.3%,2023-07-18,2023_3Q,3
제주 1계 2022-27965,아파트,아파트,아파트,제주,서귀포시,제주 서귀포시 호근동 2161 코아루오션뷰 101동 3층 303호,"323,000,000","226,100,000",낙찰,"256,290,000",79.3%,2023-08-01,2023_3Q,3
제주 7계 2022-28135,연립,연립주택,연립·빌라,제주,서귀포시,제주 서귀포시 강정동 5670 서귀포강정코아루2차 101동 1층 102호,"405,000,000","198,450,000",낙찰,"252,000,000",62.2%,2023-12-12,2023_4Q,3
제주 4계 2022-28142,단독주택,단독,단독주택,제주,서귀포시,제주 서귀포시 표선면 가시리 1131-18,"244,975,600","171,483,000",낙찰,"237,130,000",96.8%,2023-07-18,2023_3Q,3
제주 6계 2022-28159,다세대,다세대주택,다세대,제주,제주시,제주 제주시 건입동 666-13 4층 401호,"163,000,000","79,870,000",낙찰,"81,900,000",50.2%,2023-10-10,2023_4Q,3
제주 6계 2022-28296,연립,연립주택,연립·빌라,제주,서귀포시,제주 서귀포시 법환동 1571 법환코아루 102동 1층 103호,"705,000,000","493,500,000",낙찰,"493,610,000",70.0%,2023-08-29,2023_3Q,3
제주 1계 2022-28302,묘지,기타토지,기타토지,제주,서귀포시,제주 서귀포시 남원읍 위미리 3917,"102,030,000","49,995,000",낙찰,"50,000,000",49.0%,2023-09-12,2023_3Q,3
제주 1계 2022-28326,연립,연립주택,연립·빌라,제주,서귀포시,제주 서귀포시 강정동 5670 서귀포강정코아루2차 101동 1층 101호,"393,000,000","192,570,000",낙찰,"215,000,000",54.7%,2023-11-28,2023_4Q,3
제주 8계 2022-28364,아파트,아파트,아파트,제주,제주시,제주 제주시 건입동 659-7 엘마몽떼빌 5층 502호,"264,000,000","184,800,000",낙찰,"229,680,000",87.0%,2023-10-17,2023_4Q,3
제주 7계 2022-28449,도로,기타토지,기타토지,제주,서귀포시,제주 서귀포시 하원동 1767-3,"7,458,000","2,559,000",낙찰,"3,875,720",52.0%,2023-12-12,2023_4Q,3
제주 1계 2022-28661,근린상가,근린상가,근린상가,제주,제주시,제주 제주시 한림읍 한림리 1414-1,"1,007,242,800","493,549,000",낙찰,"600,060,000",59.6%,2023-09-12,2023_3Q,3
제주 5계 2022-28708,단독주택,단독,단독주택,제주,서귀포시,제주 서귀포시 대정읍 신도리 3042-1,"56,948,570","39,864,000",낙찰,"41,260,000",72.5%,2023-09-05,2023_3Q,3
제주 3계 2022-28739,주상복합(주거),기타토지,기타토지,제주,제주시,"제주 제주시 연동 2332-4 ,2332-9,2332-10 연동엘리시아 9층 905호","324,000,000","226,800,000",낙찰,"265,001,000",81.8%,2023-11-07,2023_4Q,3
제주 8계 2022-28777,단독주택,단독,단독주택,제주,제주시,제주 제주시 한경면 용수리 4465-1 대유빌리지 105동,"363,842,840","254,690,000",낙찰,"263,700,000",72.5%,2023-10-17,2023_4Q,3
제주 2계 2022-28791,연립,연립주택,연립·빌라,제주,서귀포시,제주 서귀포시 강정동 5670 서귀포강정코아루2차 102동 3층 301호,"397,000,000","194,530,000",낙찰,"270,000,000",68.0%,2023-09-19,2023_3Q,3
제주 7계 2022-28807,전,전,전,제주,제주시,제주 제주시 구좌읍 행원리 1510,"41,615,000","41,615,000",낙찰,"54,000,000",129.8%,2023-09-26,2023_3Q,3
제주 5계 2022-28838,오피스텔(주거),오피스텔,오피스텔(업무용),제주,제주시,"제주 제주시 이도일동 1690-4 ,1690-6 제주트리뷰아일랜드 1동 3층 302호","105,000,000","73,500,000",낙찰,"80,000,000",76.2%,2023-11-21,2023_4Q,3
제주 4계 2022-28869,전,전,전,제주,제주시,제주 제주시 한경면 금등리 662-4,"325,674,000","159,580,000",낙찰,"175,690,000",53.9%,2023-08-29,2023_3Q,3
제주 4계 2022-28944,연립,연립주택,연립·빌라,제주,서귀포시,제주 서귀포시 강정동 5670 서귀포강정코아루2차 103동 2층 203호,"398,000,000","195,020,000",낙찰,"250,010,000",62.8%,2023-08-29,2023_3Q,3
제주 1계 2023-42,단독주택,단독,단독주택,제주,서귀포시,제주 서귀포시 남원읍 의귀리 1346,"202,730,950","141,912,000",낙찰,"151,789,000",74.9%,2023-11-28,2023_4Q,3
제주 4계 2023-73,오피스텔(주거),오피스텔,오피스텔(업무용),제주,제주시,제주 제주시 연동 292-86 연동드림아이 6층 602호,"110,000,000","77,000,000",낙찰,"77,001,000",70.0%,2023-08-29,2023_3Q,3
제주 6계 2023-97,전,전,전,제주,제주시,제주 제주시 한경면 판포리 402,"126,808,000","62,136,000",낙찰,"65,001,000",51.3%,2023-12-19,2023_4Q,3
제주 1계 2023-103,연립,연립주택,연립·빌라,제주,서귀포시,"제주 서귀포시 서홍동 1142 ,1127-1,1127-4,1143 온주빌 103동 1층 101호","179,000,000","125,300,000",낙찰,"164,680,000",92.0%,2023-09-12,2023_3Q,3
제주 2계 2023-110,단독주택,단독,단독주택,제주,서귀포시,제주 서귀포시 표선면 토산리 382,"1,008,486,220","345,911,000",낙찰,"437,500,000",43.4%,2023-12-05,2023_4Q,3
제주 7계 2023-127,숙박시설,숙박시설,숙박시설,제주,제주시,제주 제주시 연동 260-38 제주연동모디움 8층 802호,"102,000,000","34,986,000",낙찰,"45,400,000",44.5%,2023-12-12,2023_4Q,3
제주 4계 2023-172,임야,임야,임야,제주,제주시,제주 제주시 한림읍 상명리 1684-12,"127,442,700","89,210,000",낙찰,"91,100,000",71.5%,2023-08-29,2023_3Q,3
제주 3계 2023-189(1),오피스텔(주거),오피스텔,오피스텔(업무용),제주,제주시,제주 제주시 연동 290-42 천마에코피아 7층 704호,"173,000,000","84,770,000",낙찰,"100,000,000",57.8%,2023-11-07,2023_4Q,3
제주 3계 2023-189(2),오피스텔(주거),오피스텔,오피스텔(업무용),제주,제주시,제주 제주시 연동 290-42 천마에코피아 7층 705호,"173,000,000","84,770,000",낙찰,"108,999,999",63.0%,2023-11-07,2023_4Q,3
제주 8계 2023-264,임야,임야,임야,제주,제주시,제주 제주시 한림읍 귀덕리 3678-11,"709,105,000","496,374,000",낙찰,"562,000,000",79.3%,2023-12-26,2023_4Q,3
제주 8계 2023-271,다세대,다세대주택,다세대,제주,제주시,제주 제주시 오등동 1317-4 아정팰리즈 101동 3층 302호,"239,000,000","167,300,000",낙찰,"215,100,000",90.0%,2023-10-17,2023_4Q,3
제주 1계 2023-288,과수원,과수원,과수원,제주,제주시,제주 제주시 해안동 1631,"704,609,000","493,226,000",낙찰,"627,500,000",89.1%,2023-09-12,2023_3Q,3
제주 3계 2023-301,선박,기타토지,기타토지,제주,서귀포시,제주 서귀포시 서귀동 서귀포항내 보관,"339,273,440","166,244,000",낙찰,"221,100,000",65.2%,2023-07-11,2023_3Q,3
제주 6계 2023-325,다세대,다세대주택,다세대,제주,제주시,제주 제주시 아라일동 2345 아라탐라빌 103동 지1층 지102호,"168,000,000","117,600,000",낙찰,"117,600,000",70.0%,2023-11-14,2023_4Q,3
제주 8계 2023-332,다세대,다세대주택,다세대,제주,제주시,제주 제주시 아라일동 2345 아라탐라빌 101동 지1층 지102호,"173,000,000","84,770,000",낙찰,"111,000,000",64.2%,2023-11-21,2023_4Q,3
제주 8계 2023-363,전,전,전,제주,제주시,제주 제주시 구좌읍 세화리 1347-3,"256,347,000","256,347,000",낙찰,"314,512,600",122.7%,2023-09-05,2023_3Q,3
제주 4계 2023-370,콘도,기타토지,기타토지,제주,서귀포시,"제주 서귀포시 색달동 2822-5 ,2822-4 한국 1층 310호","8,100,000","3,969,000",낙찰,"5,150,000",63.6%,2023-12-19,2023_4Q,3
제주 4계 2023-387,다세대,다세대주택,다세대,제주,제주시,제주 제주시 삼양이동 2128-10 삼양네오하임 2층 201호,"219,000,000","153,300,000",낙찰,"181,110,000",82.7%,2023-08-29,2023_3Q,3
제주 1계 2023-400,다세대,다세대주택,다세대,제주,제주시,제주 제주시 영평동 1897-2 삼성쉐르빌 라동 1층 101호,"310,000,000","217,000,000",낙찰,"305,350,000",98.5%,2023-09-12,2023_3Q,3
제주 4계 2023-417,다세대,다세대주택,다세대,제주,서귀포시,제주 서귀포시 남원읍 하례리 349-5 두레빌라트4차 나동 지하1층 B01호,"95,000,000","46,550,000",낙찰,"49,540,000",52.1%,2023-10-10,2023_4Q,3
제주 4계 2023-431,연립,연립주택,연립·빌라,제주,제주시,제주 제주시 노형동 3117-3 에이스아크로빌4차 지1층 B-106호,"145,000,000","71,050,000",낙찰,"87,100,000",60.1%,2023-10-10,2023_4Q,3
제주 8계 2023-455,임야,임야,임야,제주,서귀포시,제주 서귀포시 서호동 443,"373,757,000","128,199,000",낙찰,"150,050,000",40.1%,2023-12-26,2023_4Q,3
제주 8계 2023-493,전,전,전,제주,제주시,제주 제주시 한림읍 금악리 2282,"83,300,000","58,310,000",낙찰,"62,475,000",75.0%,2023-10-17,2023_4Q,3
제주 1계 2023-523(1),숙박시설,숙박시설,숙박시설,제주,제주시,"제주 제주시 건입동 1443 ,1443-1 호텔리젠트마린더블루 10층 1034호","170,000,000","83,300,000",낙찰,"97,834,000",57.5%,2023-10-24,2023_4Q,3
제주 4계 2023-530,아파트,아파트,아파트,제주,서귀포시,제주 서귀포시 동홍동 91-3 영신무지개2차 나동 1층 106호,"109,000,000","76,300,000",낙찰,"91,770,000",84.2%,2023-08-29,2023_3Q,3
제주 2계 2023-592,임야,임야,임야,제주,서귀포시,제주 서귀포시 남원읍 하례리 59,"117,188,000","117,188,000",낙찰,"152,250,000",129.9%,2023-08-08,2023_3Q,3
제주 8계 2023-615,연립,연립주택,연립·빌라,제주,서귀포시,"제주 서귀포시 법환동 1196-10 ,1196-13 루체클래식 105동 3층 303호","261,000,000","182,700,000",낙찰,"182,811,118",70.0%,2023-11-21,2023_4Q,3
제주 6계 2023-622,단독주택,단독,단독주택,제주,제주시,제주 제주시 조천읍 와산리 326-12,"296,800,660","207,760,000",낙찰,"246,700,000",83.1%,2023-11-14,2023_4Q,3
제주 8계 2023-639,단독주택,단독,단독주택,제주,제주시,제주 제주시 조천읍 와산리 326-11,"321,760,800","225,233,000",낙찰,"233,221,000",72.5%,2023-11-21,2023_4Q,3
제주 8계 2023-677,대지,나대지,나대지,제주,서귀포시,제주 서귀포시 대포동 1553-2,"83,805,000","58,664,000",낙찰,"59,200,000",70.6%,2023-11-21,2023_4Q,3
제주 8계 2023-684,근린상가,근린상가,근린상가,제주,제주시,"제주 제주시 애월읍 신엄리 2723-5 ,2715-5","1,998,869,000","979,446,000",낙찰,"1,350,500,000",67.6%,2023-12-26,2023_4Q,3
제주 6계 2023-691,전,전,전,제주,제주시,제주 제주시 구좌읍 동복리 494-3,"97,020,000","67,914,000",낙찰,"77,616,000",80.0%,2023-11-14,2023_4Q,3
제주 8계 2023-752,묘지,기타토지,기타토지,제주,제주시,제주 제주시 도련일동 2332,"73,017,000","51,112,000",낙찰,"77,770,000",106.5%,2023-11-21,2023_4Q,3
제주 7계 2023-790,아파트,아파트,아파트,제주,제주시,제주 제주시 봉개동 1583 NOBLE HOUSE 7층 701호,"334,950,000","234,465,000",낙찰,"285,000,000",85.1%,2023-09-26,2023_3Q,3
제주 8계 2023-813(1),전,전,전,제주,제주시,제주 제주시 구좌읍 종달리 718,"694,232,000","485,962,000",낙찰,"555,500,000",80.0%,2023-11-21,2023_4Q,3
제주 8계 2023-813(2),대지,나대지,나대지,제주,서귀포시,제주 서귀포시 대정읍 무릉리 2819,"256,230,000","125,553,000",낙찰,"138,799,000",54.2%,2023-12-26,2023_4Q,3
제주 4계 2023-837,아파트,아파트,아파트,제주,서귀포시,"제주 서귀포시 동홍동 1085-1 ,1084 포스트동홍1차 6층 602호","309,000,000","216,300,000",낙찰,"250,099,999",80.9%,2023-10-10,2023_4Q,3
제주 3계 2023-950,콘도,기타토지,기타토지,제주,제주시,제주 제주시 조천읍 함덕리 954-1 대명리조트제주 신관동 4층 419호,"29,000,000","14,210,000",낙찰,"19,170,000",66.1%,2023-12-12,2023_4Q,3
제주 4계 2023-981,차량,기타토지,기타토지,제주,제주시,제주 제주시 조천읍 함덕리 290-41 제3자자동차평가연구소(주)내 보관,"22,000,000","15,400,000",낙찰,"18,510,000",84.1%,2023-07-18,2023_3Q,3
제주 8계 2023-1045,단독주택,단독,단독주택,제주,제주시,제주 제주시 봉개동 848-36 몽돌빌리지 116동,"492,543,290","241,346,000",낙찰,"300,500,900",61.0%,2023-12-26,2023_4Q,3
제주 6계 2023-1052,오피스텔,오피스텔,오피스텔(업무용),제주,제주시,"제주 제주시 일도이동 602-1 ,602-2,602-3,602-4,602-5,602-9,602-11,602-13 제주신항코아루디펠리체 4층 402호","133,000,000","65,170,000",낙찰,"77,140,000",58.0%,2023-12-19,2023_4Q,3
제주 8계 2023-1069,임야,임야,임야,제주,제주시,제주 제주시 애월읍 상가리 758,"403,698,000","282,589,000",낙찰,"286,700,000",71.0%,2023-11-21,2023_4Q,3
제주 2계 2023-1083,연립,연립주택,연립·빌라,제주,서귀포시,제주 서귀포시 하예동 285-1 진양비치 3층 304호,"88,000,000","61,600,000",낙찰,"75,335,000",85.6%,2023-09-19,2023_3Q,3
제주 4계 2023-1168(1),연립,연립주택,연립·빌라,제주,서귀포시,제주 서귀포시 서홍동 1891-1 서홍동별해리 101동 4층 503호,"437,000,000","305,900,000",낙찰,"307,593,000",70.4%,2023-10-10,2023_4Q,3
제주 4계 2023-1168(2),연립,연립주택,연립·빌라,제주,서귀포시,제주 서귀포시 서홍동 1891-1 서홍동별해리 102동 3층 301호,"337,000,000","235,900,000",낙찰,"236,002,000",70.0%,2023-10-10,2023_4Q,3
제주 4계 2023-1168(3),연립,연립주택,연립·빌라,제주,서귀포시,제주 서귀포시 서홍동 1891-1 서홍동별해리 103동 3층 302호,"337,000,000","165,130,000",낙찰,"220,000,000",65.3%,2023-11-14,2023_4Q,3
제주 6계 2023-1182,임야,임야,임야,제주,제주시,제주 제주시 아라일동 2657-3,"378,400,000","378,400,000",낙찰,"378,400,000",100.0%,2023-11-14,2023_4Q,3
제주 5계 2023-1236,단독주택,단독,단독주택,제주,제주시,"제주 제주시 애월읍 소길리 797-3 ,798-1 가동호","415,165,440","203,431,000",낙찰,"277,000,000",66.7%,2023-11-21,2023_4Q,3
제주 4계 2023-1274,단독주택,단독,단독주택,제주,서귀포시,제주 서귀포시 안덕면 서광리 1863-1,"746,138,090","365,608,000",낙찰,"415,000,000",55.6%,2023-11-14,2023_4Q,3
제주 1계 2023-1281,대지,나대지,나대지,제주,서귀포시,제주 서귀포시 신효동 645-1,"255,612,000","178,928,000",낙찰,"183,600,000",71.8%,2023-11-28,2023_4Q,3
제주 7계 2023-1342,아파트,아파트,아파트,제주,제주시,"제주 제주시 도남동 82 ,83-65 도남시영 B동 1층 102호","120,000,000","84,000,000",낙찰,"105,080,000",87.6%,2023-09-26,2023_3Q,3
제주 8계 2023-1359,근린상가,근린상가,근린상가,제주,제주시,제주 제주시 오라이동 3236-1,"3,539,832,920","2,477,883,000",낙찰,"2,578,514,438",72.8%,2023-12-26,2023_4Q,3
제주 6계 2023-1373(1),다세대,다세대주택,다세대,제주,제주시,제주 제주시 이호일동 1927-6 백록휴레스트이호2차 A동 2층 202호,"260,000,000","182,000,000",낙찰,"213,020,100",81.9%,2023-12-19,2023_4Q,3
제주 5계 2023-1410,전,전,전,제주,제주시,제주 제주시 추자면 영흥리 44,"75,531,000","75,531,000",낙찰,"102,000,000",135.0%,2023-09-05,2023_3Q,3
제주 4계 2023-1502,아파트,아파트,아파트,제주,서귀포시,제주 서귀포시 하원동 367-1 서진 나동 1층 112호,"100,000,000","70,000,000",낙찰,"95,330,000",95.3%,2023-10-10,2023_4Q,3
제주 7계 2023-1519,단독주택,단독,단독주택,제주,서귀포시,제주 서귀포시 성산읍 신산리 477-6,"51,600,240","36,120,000",낙찰,"52,136,900",101.0%,2023-09-26,2023_3Q,3
제주 2계 2023-1564,과수원,과수원,과수원,제주,서귀포시,제주 서귀포시 남원읍 위미리 1614-3,"863,200,000","422,968,000",낙찰,"502,600,000",58.2%,2023-12-05,2023_4Q,3
제주 4계 2023-1588(2),대지,나대지,나대지,제주,제주시,제주 제주시 용담일동 387,"630,480,000","441,336,000",낙찰,"500,000,000",79.3%,2023-12-19,2023_4Q,3
제주 4계 2023-1588(3),전,전,전,제주,서귀포시,제주 서귀포시 안덕면 서광리 219-1,"1,004,896,000","703,427,000",낙찰,"796,740,000",79.3%,2023-12-19,2023_4Q,3
제주 5계 2023-1595,잡종지,잡종지,잡종지,제주,제주시,제주 제주시 조천읍 선흘리 342-10,"307,021,000","214,915,000",낙찰,"232,125,000",75.6%,2023-10-17,2023_4Q,3
제주 8계 2023-1632,연립,연립주택,연립·빌라,제주,제주시,"제주 제주시 월평동 1143-1 ,1144 상록에코로빌 102동 4층 503호","281,000,000","196,700,000",낙찰,"214,000,000",76.2%,2023-11-21,2023_4Q,3
제주 5계 2023-1656,임야,임야,임야,제주,제주시,제주 제주시 아라이동 738-8,"41,164,675","28,815,000",낙찰,"41,881,500",101.7%,2023-10-17,2023_4Q,3
제주 2계 2023-1687,대지,나대지,나대지,제주,서귀포시,제주 서귀포시 서호동 1471-5,"467,342,000","327,139,000",낙찰,"361,181,413",77.3%,2023-09-19,2023_3Q,3
제주 8계 2023-1694(1),과수원,과수원,과수원,제주,서귀포시,제주 서귀포시 남원읍 남원리 250-1,"751,825,000","368,395,000",낙찰,"458,700,000",61.0%,2023-12-26,2023_4Q,3
제주 8계 2023-1779,숙박시설,숙박시설,숙박시설,제주,서귀포시,제주 서귀포시 법환동 745-2 비스타케이4 9층 901호,"30,000,000","21,000,000",낙찰,"21,100,000",70.3%,2023-11-21,2023_4Q,3
제주 3계 2023-1823,대지,나대지,나대지,제주,서귀포시,제주 서귀포시 남원읍 위미리 2903-3,"1,634,020,000","800,670,000",낙찰,"1,080,000,000",66.1%,2023-12-12,2023_4Q,3
제주 2계 2023-1939,다세대,다세대주택,다세대,제주,서귀포시,제주 서귀포시 호근동 634-1 휴-미래빌 102동 4층 501호,"350,000,000","245,000,000",낙찰,"247,552,000",70.7%,2023-09-19,2023_3Q,3
제주 4계 2023-1953,근린상가,근린상가,근린상가,제주,제주시,제주 제주시 오라이동 766-14,"2,008,066,850","983,953,000",낙찰,"1,308,890,000",65.2%,2023-11-14,2023_4Q,3
제주 5계 2023-2000,연립,연립주택,연립·빌라,제주,서귀포시,"제주 서귀포시 남원읍 위미리 1694 ,1694-2,1694-5,1693-4 라메르뷰 2동 3층 303호","394,000,000","275,800,000",낙찰,"285,000,000",72.3%,2023-10-17,2023_4Q,3
제주 7계 2023-2024,전,전,전,제주,제주시,제주 제주시 구좌읍 송당리 763,"2,912,937,000","1,427,339,000",낙찰,"1,524,527,386",52.3%,2023-12-12,2023_4Q,3
제주 2계 2023-2031(2),오피스텔,오피스텔,오피스텔(업무용),제주,제주시,"제주 제주시 노형동 924-1 ,924-2,924-3,924-7 이편한세상시티노형 16층 1611호","263,000,000","184,100,000",낙찰,"195,100,000",74.2%,2023-09-19,2023_3Q,3
제주 8계 2023-2048,과수원,과수원,과수원,제주,제주시,제주 제주시 조천읍 와산리 675-3,"236,560,000","115,914,000",낙찰,"141,001,000",59.6%,2023-12-26,2023_4Q,3
제주 4계 2023-2116,다세대,다세대주택,다세대,제주,제주시,제주 제주시 화북일동 1994-3 인현빌라 3층 302호,"120,000,000","84,000,000",낙찰,"88,000,000",73.3%,2023-10-10,2023_4Q,3
제주 7계 2023-2215,아파트,아파트,아파트,제주,서귀포시,제주 서귀포시 서홍동 1602 형남3차 102동 5층 505호,"321,000,000","224,700,000",낙찰,"302,000,000",94.1%,2023-11-07,2023_4Q,3
제주 5계 2023-2246,아파트,아파트,아파트,제주,서귀포시,제주 서귀포시 서호동 611-1 서호메디치 A동 5층 510호,"126,000,000","88,200,000",낙찰,"88,310,000",70.1%,2023-12-26,2023_4Q,3
제주 7계 2023-2260,아파트,아파트,아파트,제주,서귀포시,제주 서귀포시 서홍동 1602 형남3차 101동 7층 702호,"331,000,000","231,700,000",낙찰,"280,000,000",84.6%,2023-12-12,2023_4Q,3
제주 7계 2023-2345,숙박시설,숙박시설,숙박시설,제주,서귀포시,"제주 서귀포시 강정동 162-1 ,162-2,162-3 호텔윈스카이 3층 호307B호","44,000,000","21,560,000",낙찰,"21,560,000",49.0%,2023-11-07,2023_4Q,3
제주 1계 2023-2406,차량,기타토지,기타토지,제주,제주시,제주 제주시 외도일동 2155-1 (주)세경내 보관,"27,500,000","19,250,000",낙찰,"25,010,000",90.9%,2023-09-12,2023_3Q,3
제주 7계 2023-2413,전,전,전,제주,서귀포시,제주 서귀포시 대정읍 상모리 2365-15,"561,889,000","275,325,000",낙찰,"330,000,000",58.7%,2023-11-07,2023_4Q,3
제주 8계 2023-2420,주상복합(주거),기타토지,기타토지,제주,제주시,제주 제주시 연동 293-15 민트하우스 3층 304호,"75,000,000","52,500,000",낙찰,"58,888,800",78.5%,2023-12-26,2023_4Q,3
제주 7계 2023-2451,아파트,아파트,아파트,제주,제주시,제주 제주시 용담이동 471-7 DEAR HOUSE 2층 202호,"339,000,000","237,300,000",낙찰,"271,210,000",80.0%,2023-09-26,2023_3Q,3
제주 8계 2023-2468,잡종지,잡종지,잡종지,제주,서귀포시,제주 서귀포시 안덕면 서광리 1429-4,"168,560,000","117,992,000",낙찰,"376,000,000",223.1%,2023-12-26,2023_4Q,3
제주 5계 2023-2543,근린상가,근린상가,근린상가,제주,서귀포시,제주 서귀포시 성산읍 신산리 1180-2,"997,003,240","488,531,000",낙찰,"671,111,000",67.3%,2023-12-26,2023_4Q,3
제주 6계 2023-2550,단독주택,단독,단독주택,제주,서귀포시,제주 서귀포시 성산읍 신산리 1176-14,"266,066,880","266,066,880",낙찰,"345,000,000",129.7%,2023-12-19,2023_4Q,3
제주 8계 2023-2598,임야,임야,임야,제주,서귀포시,제주 서귀포시 표선면 하천리 1919,"237,318,000","166,123,000",낙찰,"166,124,000",70.0%,2023-12-26,2023_4Q,3
제주 3계 2023-2703,단독주택,단독,단독주택,제주,서귀포시,제주 서귀포시 상예동 1271-1,"334,206,600","233,945,000",낙찰,"253,900,000",76.0%,2023-11-07,2023_4Q,3
제주 5계 2023-2796,연립,연립주택,연립·빌라,제주,제주시,제주 제주시 화북일동 1944-4 동아빌라 4층 401호,"140,000,000","68,600,000",낙찰,"88,100,000",62.9%,2023-12-26,2023_4Q,3
제주 1계 2023-2901,아파트,아파트,아파트,제주,제주시,제주 제주시 건입동 708-5 광덕사봉 2층 208호,"114,000,000","79,800,000",낙찰,"100,190,000",87.9%,2023-10-24,2023_4Q,3
제주 1계 2023-2925,전,전,전,제주,제주시,제주 제주시 한경면 조수리 2789,"164,404,000","80,558,000",낙찰,"87,559,000",53.3%,2023-11-28,2023_4Q,3
제주 7계 2023-2949(1),연립,연립주택,연립·빌라,제주,제주시,"제주 제주시 애월읍 하가리 1367 ,1365-7 오렌지트리빌리지 101동 3층 303호","306,000,000","214,200,000",낙찰,"215,300,000",70.4%,2023-12-12,2023_4Q,3
제주 7계 2023-2949(2),연립,연립주택,연립·빌라,제주,제주시,"제주 제주시 애월읍 하가리 1367 ,1365-7 오렌지트리빌리지 101동 4층 404호","349,000,000","244,300,000",낙찰,"244,600,000",70.1%,2023-12-12,2023_4Q,3
제주 7계 2023-3072,아파트,아파트,아파트,제주,제주시,제주 제주시 봉개동 1580-1 노블하우스 6층 601호,"255,000,000","178,500,000",낙찰,"206,578,900",81.0%,2023-11-07,2023_4Q,3
제주 5계 2023-3157(1),전,전,전,제주,제주시,제주 제주시 구좌읍 하도리 2922,"484,310,000","166,118,000",낙찰,"195,100,000",40.3%,2023-12-26,2023_4Q,3
제주 5계 2023-3157(2),전,전,전,제주,제주시,제주 제주시 구좌읍 하도리 3039,"96,280,000","47,177,000",낙찰,"56,003,000",58.2%,2023-11-21,2023_4Q,3
제주 1계 2023-3188,임야,임야,임야,제주,제주시,제주 제주시 조천읍 조천리 3253-14,"842,172,560","412,665,000",낙찰,"485,000,000",57.6%,2023-11-28,2023_4Q,3
제주 5계 2023-3287,전,전,전,제주,제주시,제주 제주시 내도동 259-1,"538,200,000","263,718,000",낙찰,"301,392,000",56.0%,2023-11-21,2023_4Q,3
제주 3계 2023-3614,선박,기타토지,기타토지,제주,제주시,제주 제주시 한림읍 한림리 한림항내 보관(제3자 (주)세경에게 보관),"270,861,420","189,603,000",낙찰,"213,500,000",78.8%,2023-09-26,2023_3Q,3
제주 8계 2023-3621,전,전,전,제주,서귀포시,제주 서귀포시 대정읍 영락리 1297-5,"180,064,000","180,064,000",낙찰,"180,175,000",100.1%,2023-12-26,2023_4Q,3
제주 7계 2023-3669(2),연립,연립주택,연립·빌라,제주,서귀포시,제주 서귀포시 대포동 2612 중문오션힐스 3층 307호,"342,000,000","167,580,000",낙찰,"178,500,000",52.2%,2023-12-12,2023_4Q,3
제주 7계 2023-3669(3),연립,연립주택,연립·빌라,제주,서귀포시,제주 서귀포시 대포동 2612 중문오션힐스 3층 311호,"330,000,000","161,700,000",낙찰,"194,710,000",59.0%,2023-12-12,2023_4Q,3
제주 7계 2023-3676(1),전,전,전,제주,제주시,제주 제주시 구좌읍 동복리 997,"56,314,000","39,420,000",낙찰,"42,599,900",75.6%,2023-11-07,2023_4Q,3
제주 8계 2023-3706,임야,임야,임야,제주,제주시,제주 제주시 아라일동 2657-1,"556,821,216","556,821,216",낙찰,"557,000,000",100.0%,2023-12-26,2023_4Q,3
제주 7계 2023-4020,목장용지,기타토지,목장용지,제주,제주시,제주 제주시 조천읍 와흘리 277-7,"83,070,000","58,149,000",낙찰,"58,500,000",70.4%,2023-12-12,2023_4Q,3
제주 7계 2023-4037,전,전,전,제주,제주시,제주 제주시 한림읍 협재리 833-1,"360,236,000","252,165,000",낙찰,"252,200,000",70.0%,2023-12-12,2023_4Q,3
제주 4계 2023-4167(2),잡종지,잡종지,잡종지,제주,제주시,제주 제주시 조천읍 선흘리 624-12,"385,147,000","269,603,000",낙찰,"275,100,000",71.4%,2023-11-14,2023_4Q,3
제주 5계 2023-4358,아파트,아파트,아파트,제주,서귀포시,제주 서귀포시 서홍동 305 지오빌2 102동 2층 202호,"327,000,000","327,000,000",낙찰,"331,300,000",101.3%,2023-10-17,2023_4Q,3
제주 3계 2023-4372,근린주택,근린주택,근린주택,제주,제주시,제주 제주시 삼도일동 509-9,"467,627,240","327,339,000",낙찰,"378,880,000",81.0%,2023-11-07,2023_4Q,3
제주 8계 2023-4419,차량,기타토지,기타토지,제주,제주시,제주 제주시 조천읍 함덕리 290-41 자동차평가연구소(주)내 보관,"20,300,000","14,210,000",낙찰,"17,685,000",87.1%,2023-10-17,2023_4Q,3
제주 5계 2023-4471,아파트,아파트,아파트,제주,서귀포시,제주 서귀포시 동홍동 471-1 레노시스시티3 5층 502호,"264,000,000","184,800,000",낙찰,"251,221,000",95.2%,2023-11-21,2023_4Q,3
제주 5계 2023-4655,임야,임야,임야,제주,제주시,제주 제주시 해안동 368-1,"143,745,000","143,745,000",낙찰,"152,000,000",105.7%,2023-10-17,2023_4Q,3
제주 6계 2023-4853,임야,임야,임야,제주,제주시,제주 제주시 용강동 1713-4,"523,604,000","523,604,000",낙찰,"532,404,000",101.7%,2023-12-19,2023_4Q,3
제주 4계 2023-4884,전,전,전,제주,서귀포시,제주 서귀포시 표선면 토산리 351,"164,061,000","114,843,000",낙찰,"131,100,000",79.9%,2023-11-14,2023_4Q,3
제주 5계 2023-4891,연립,연립주택,연립·빌라,제주,서귀포시,"제주 서귀포시 동홍동 1902-7 ,1909,1910-4 루체비스타 102동 4층 404호","445,000,000","218,050,000",낙찰,"274,364,634",61.7%,2023-12-26,2023_4Q,3
제주 5계 2023-4952,숙박시설,숙박시설,숙박시설,제주,서귀포시,"제주 서귀포시 서귀동 182 ,186,199-1,201-1,201-2,202-2,202-6,961-57,961-110,961-111 글램블루호텔 7층 704호","112,000,000","54,880,000",낙찰,"55,100,000",49.2%,2023-12-26,2023_4Q,3
제주 5계 2023-5313,오피스텔(주거),오피스텔,오피스텔(업무용),제주,제주시,제주 제주시 조천읍 함덕리 1045 함덕빌드웰비치타운 6층 601호,"310,000,000","217,000,000",낙찰,"235,500,000",76.0%,2023-11-21,2023_4Q,3
제주 5계 2023-5436,차량,기타토지,기타토지,제주,제주시,제주 제주시 조천읍 함덕리 290-41 자동차평가연구소(주)내 보관,"13,000,000","6,370,000",낙찰,"7,800,000",60.0%,2023-12-26,2023_4Q,3
제주 2계 2023-5528(1),차량,기타토지,기타토지,제주,제주시,제주 제주시 외도일동 2155-1 (주)세경내 보관,"30,000,000","14,700,000",낙찰,"18,500,000",61.7%,2023-12-05,2023_4Q,3
제주 2계 2023-5528(2),차량,기타토지,기타토지,제주,제주시,제주 제주시 외도일동 2155-1 (주)세경내 보관,"9,000,000","4,410,000",낙찰,"5,575,000",61.9%,2023-12-05,2023_4Q,3
제주 5계 2023-5917,다세대,다세대주택,다세대,제주,제주시,"제주 제주시 이호이동 1109 ,1109-5 화인퍼스트빌6차 101동 4층 501호","265,000,000","185,500,000",낙찰,"212,510,000",80.2%,2023-12-26,2023_4Q,3
제주 4계 2023-6026(3),중기,기타토지,기타토지,제주,제주시,제주 제주시 용담삼동 1274-1 제3자 현대물품보관소(주)에게 보관,"13,500,000","13,500,000",낙찰,"15,300,000",113.3%,2023-12-19,2023_4Q,3
제주 4계 2023-6088,단독주택,단독,단독주택,제주,서귀포시,제주 서귀포시 보목동 465 1호,"280,563,550","280,563,550",낙찰,"286,010,000",101.9%,2023-12-19,2023_4Q,3
제주 4계 2023-6163,임야,임야,임야,제주,서귀포시,제주 서귀포시 안덕면 상창리 141-4,"477,568,000","334,298,000",낙찰,"371,000,000",77.7%,2023-12-19,2023_4Q,3
제주 2계 2023-6224,차량,기타토지,기타토지,제주,제주시,제주 제주시 외도일동 2155-1 (주)세경 보관,"12,000,000","8,400,000",낙찰,"10,667,700",88.9%,2023-12-05,2023_4Q,3
제주 1계 2023-20008,전,전,전,제주,서귀포시,제주 서귀포시 신효동 644-1,"873,478,350","428,005,000",낙찰,"445,000,000",50.9%,2023-10-24,2023_4Q,3
제주 8계 2023-20046,전,전,전,제주,제주시,제주 제주시 도두일동 1832-1,"4,500,850,000","2,205,417,000",낙찰,"2,772,721,122",61.6%,2023-11-21,2023_4Q,3
제주 1계 2023-20060,숙박시설,숙박시설,숙박시설,제주,제주시,제주 제주시 오등동 10-14 한라산리조트콘도미니엄 4층 1512호,"8,000,000","3,920,000",낙찰,"4,621,000",57.8%,2023-10-24,2023_4Q,3
제주 2계 2023-20077,전,전,전,제주,제주시,제주 제주시 한림읍 대림리 1634,"363,135,000","177,937,000",낙찰,"185,000,000",50.9%,2023-10-31,2023_4Q,3
제주 7계 2023-20084(1),단독주택,단독,단독주택,제주,제주시,제주 제주시 구좌읍 김녕리 2164 1호,"17,746,600","12,423,000",낙찰,"14,155,000",79.8%,2023-09-26,2023_3Q,3
제주 7계 2023-20084(2),전,전,전,제주,제주시,제주 제주시 구좌읍 김녕리 2951,"105,300,680","51,597,000",낙찰,"51,597,000",49.0%,2023-11-07,2023_4Q,3
제주 6계 2023-20114(2),임야,임야,임야,제주,서귀포시,제주 서귀포시 안덕면 서광리 2308-1,"18,032,760","18,032,760",낙찰,"18,111,000",100.4%,2023-11-14,2023_4Q,3
제주 1계 2023-20121,아파트,아파트,아파트,제주,제주시,제주 제주시 용담삼동 541-4 용담이타스 6층 704호,"254,000,000","177,800,000",낙찰,"230,590,000",90.8%,2023-11-28,2023_4Q,3
제주 7계 2023-20145,다세대,다세대주택,다세대,제주,제주시,제주 제주시 조천읍 함덕리 1325-1 경연빌라 2층 204호,"185,000,000","129,500,000",낙찰,"136,100,000",73.6%,2023-12-12,2023_4Q,3
제주 4계 2023-20169,단독주택,단독,단독주택,제주,서귀포시,제주 서귀포시 동홍동 1783-3,"565,043,190","395,530,000",낙찰,"469,416,000",83.1%,2023-08-29,2023_3Q,3
제주 6계 2023-20176,과수원,과수원,과수원,제주,서귀포시,제주 서귀포시 하원동 1262-2,"1,142,187,000","559,672,000",낙찰,"575,000,000",50.3%,2023-12-19,2023_4Q,3
제주 6계 2023-20220,다세대,다세대주택,다세대,제주,제주시,제주 제주시 해안동 36-79 가인빌리지 가동 3층 302호,"392,000,000","192,080,000",낙찰,"245,000,000",62.5%,2023-12-19,2023_4Q,3
제주 3계 2023-20268,차량,기타토지,기타토지,제주,제주시,제주 제주시 외도일동 2155-1 제3자 (주)세경에게 보관,"8,500,000","4,165,000",낙찰,"5,810,000",68.4%,2023-08-22,2023_3Q,3
제주 4계 2023-20374,전,전,전,제주,서귀포시,제주 서귀포시 표선면 하천리 1095-5,"1,325,706,000","927,994,000",낙찰,"930,000,000",70.2%,2023-10-10,2023_4Q,3
제주 5계 2023-20404,차량,기타토지,기타토지,제주,제주시,제주 제주시 용담삼동 1274-1 내 보관(제3자 현대물품보관,"17,000,000","11,900,000",낙찰,"13,900,000",81.8%,2023-07-25,2023_3Q,3
제주 4계 2023-20442,단독주택,단독,단독주택,제주,제주시,제주 제주시 일도이동 1039-11,"86,852,990","29,791,000",낙찰,"38,690,000",44.5%,2023-12-19,2023_4Q,3
제주 4계 2023-20466,전,전,전,제주,제주시,제주 제주시 구좌읍 월정리 530,"998,390,000","342,448,000",낙찰,"398,000,000",39.9%,2023-12-19,2023_4Q,3
제주 1계 2023-20497,연립,연립주택,연립·빌라,제주,서귀포시,제주 서귀포시 강정동 5670 서귀포강정코아루2차 102동 4층 402호,"405,000,000","283,500,000",낙찰,"315,990,000",78.0%,2023-09-12,2023_3Q,3
제주 8계 2023-20527,연립,연립주택,연립·빌라,제주,서귀포시,제주 서귀포시 강정동 5670 서귀포강정코아루2차 103동 1층 105호,"396,000,000","277,200,000",낙찰,"290,100,000",73.3%,2023-10-17,2023_4Q,3
제주 4계 2023-20589,아파트,아파트,아파트,제주,서귀포시,"제주 서귀포시 동홍동 1674 ,1684 동홍5차주공 507동 2층 204호","173,000,000","121,100,000",낙찰,"155,290,000",89.8%,2023-10-10,2023_4Q,3
제주 3계 2023-20633,단독주택,단독,단독주택,제주,제주시,제주 제주시 이도일동 1248-25,"320,068,460","156,834,000",낙찰,"169,900,000",53.1%,2023-12-12,2023_4Q,3
제주 5계 2023-20657,전,전,전,제주,제주시,제주 제주시 우도면 연평리 1298-4,"207,690,000","101,768,000",낙찰,"131,000,000",63.1%,2023-11-21,2023_4Q,3
제주 7계 2023-20855,목장용지,기타토지,목장용지,제주,제주시,제주 제주시 구좌읍 송당리 2700-1,"16,864,000","5,785,000",낙찰,"6,122,000",36.3%,2023-12-12,2023_4Q,3
제주 5계 2023-20862,아파트,아파트,아파트,제주,제주시,제주 제주시 삼도일동 532-13 화인퍼스트빌 7층 803호,"337,000,000","235,900,000",낙찰,"270,200,000",80.2%,2023-10-17,2023_4Q,3
제주 4계 2023-20909,차량,기타토지,기타토지,제주,제주시,제주 제주시 외도일동 2155-1 제3자 (주)세경에게 보관,"21,000,000","21,000,000",낙찰,"21,010,000",100.0%,2023-08-29,2023_3Q,3
제주 6계 2023-20930(1),임야,임야,임야,제주,서귀포시,제주 서귀포시 대정읍 무릉리 2290-9,"7,920,000","5,544,000",낙찰,"5,554,400",70.1%,2023-12-19,2023_4Q,3
제주 6계 2023-20930(2),임야,임야,임야,제주,서귀포시,제주 서귀포시 표선면 가시리 1529-7,"2,838,000","1,987,000",낙찰,"1,987,000",70.0%,2023-12-19,2023_4Q,3
제주 1계 2023-20985,차량,기타토지,기타토지,제주,제주시,제주 제주시 조천읍 함덕리 290-41 자동차평가연구소(주)내 보관,"4,000,000","1,372,000",낙찰,"1,382,000",34.5%,2023-11-28,2023_4Q,3
제주 4계 2023-21018,차량,기타토지,기타토지,제주,제주시,제주 제주시 용담삼동 1274-1 제3자 현대물품보관소(주)내 보관,"9,000,000","6,300,000",낙찰,"6,711,110",74.6%,2023-10-10,2023_4Q,3
제주 5계 2023-21025,연립,연립주택,연립·빌라,제주,제주시,제주 제주시 화북이동 3072 리버힐 102동 1층 102호,"266,000,000","186,200,000",낙찰,"221,300,000",83.2%,2023-12-26,2023_4Q,3
제주 6계 2023-21063(1),연립,연립주택,연립·빌라,제주,서귀포시,제주 서귀포시 신효동 268-1 광진블리스 102동 4층 402호,"275,000,000","134,750,000",낙찰,"202,600,000",73.7%,2023-12-19,2023_4Q,3
제주 7계 2023-21131,아파트,아파트,아파트,제주,제주시,제주 제주시 연동 1960-2 청우 1층 107호,"76,000,000","76,000,000",낙찰,"77,998,500",102.6%,2023-08-22,2023_3Q,3
제주 8계 2023-21148,전,전,전,제주,서귀포시,제주 서귀포시 대포동 1540,"137,225,660","67,241,000",낙찰,"69,900,000",50.9%,2023-12-26,2023_4Q,3
제주 6계 2023-21209,임야,임야,임야,제주,서귀포시,제주 서귀포시 대정읍 동일리 2090-6,"32,444,100","22,711,000",낙찰,"24,150,000",74.4%,2023-12-19,2023_4Q,3
제주 2계 2023-21230,차량,기타토지,기타토지,제주,제주시,제주 제주시 용담삼동 1274-1 제3자 현대물품관소(주)내 보관,"13,000,000","6,370,000",낙찰,"6,550,000",50.4%,2023-08-08,2023_3Q,3
제주 6계 2023-21278,차량,기타토지,기타토지,제주,제주시,제주 제주시 조천읍 함덕리 290-41 자동차평가연구소(주)내 보관,"16,000,000","7,840,000",낙찰,"10,160,000",63.5%,2023-11-14,2023_4Q,3
제주 7계 2023-21285,아파트,아파트,아파트,제주,제주시,제주 제주시 외도일동 560-2 부영 208동 3층 307호,"446,000,000","312,200,000",낙찰,"368,270,000",82.6%,2023-11-07,2023_4Q,3
제주 5계 2023-21322,아파트,아파트,아파트,제주,서귀포시,제주 서귀포시 동홍동 355-1 동홍4주공 404동 2층 203호,"62,500,000","43,750,000",낙찰,"46,870,000",75.0%,2023-10-17,2023_4Q,3
제주 8계 2023-21384,차량,기타토지,기타토지,제주,제주시,제주 제주시 용담삼동 1274-1 현대물품보관소(주)내 보관,"36,000,000","25,200,000",낙찰,"31,230,000",86.8%,2023-10-17,2023_4Q,3
제주 8계 2023-21391,연립,연립주택,연립·빌라,제주,제주시,제주 제주시 조천읍 신촌리 2221-3 신흥주택 4층 502호,"130,000,000","63,700,000",낙찰,"85,000,000",65.4%,2023-11-21,2023_4Q,3
제주 8계 2023-21438,과수원,과수원,과수원,제주,서귀포시,제주 서귀포시 안덕면 화순리 970-1,"583,176,000","285,756,000",낙찰,"357,100,000",61.2%,2023-12-26,2023_4Q,3
제주 4계 2023-21469,임야,임야,임야,제주,제주시,제주 제주시 오라이동 590,"1,195,625,000","585,857,000",낙찰,"756,300,000",63.3%,2023-10-10,2023_4Q,3
제주 7계 2023-21476(1),단독주택,단독,단독주택,제주,제주시,"제주 제주시 도평동 1188-2 ,1188-1","385,998,180","270,199,000",낙찰,"356,000,000",92.2%,2023-11-07,2023_4Q,3
제주 7계 2023-21476(2),아파트,아파트,아파트,제주,제주시,제주 제주시 연동 2319-5 연동대일 가동 4층 506호,"265,000,000","185,500,000",낙찰,"255,001,000",96.2%,2023-11-07,2023_4Q,3
제주 4계 2023-21506,차량,기타토지,기타토지,제주,제주시,제주 제주시 용담삼동 1274-1 현대물품보관소(주)내 보관,"33,000,000","23,100,000",낙찰,"27,399,900",83.0%,2023-07-18,2023_3Q,3
제주 5계 2023-21513,오피스텔,오피스텔,오피스텔(업무용),제주,서귀포시,제주 서귀포시 서귀동 163-11 남양 9층 903호,"36,000,000","25,200,000",낙찰,"28,800,000",80.0%,2023-12-26,2023_4Q,3
제주 8계 2023-21674,목장용지,기타토지,목장용지,제주,제주시,제주 제주시 해안동 400-28,"19,674,270","13,772,000",낙찰,"14,683,000",74.6%,2023-11-21,2023_4Q,3
제주 5계 2023-21742,근린상가,근린상가,근린상가,제주,서귀포시,"제주 서귀포시 법환동 161-6 ,163-2","382,487,595","382,487,595",낙찰,"394,000,000",103.0%,2023-12-26,2023_4Q,3
제주 5계 2023-21803,연립,연립주택,연립·빌라,제주,제주시,제주 제주시 조천읍 신촌리 551 조천해동그린앤골드 101동 1층 104호,"232,000,000","162,400,000",낙찰,"185,000,000",79.7%,2023-10-17,2023_4Q,3
제주 8계 2023-21810,오피스텔(주거),오피스텔,오피스텔(업무용),제주,제주시,제주 제주시 연동 280-8 스테이280 6층 601호,"266,000,000","130,340,000",낙찰,"172,902,000",65.0%,2023-12-26,2023_4Q,3
제주 3계 2023-21841,다세대,다세대주택,다세대,제주,제주시,"제주 제주시 영평동 2661-3 ,2658,2660 블루마운틴 101동 3층 301호","300,000,000","210,000,000",낙찰,"255,000,000",85.0%,2023-12-12,2023_4Q,3
제주 4계 2023-21926,연립,연립주택,연립·빌라,제주,서귀포시,제주 서귀포시 강정동 5670 서귀포강정코아루2차 102동 2층 202호,"369,000,000","258,300,000",낙찰,"259,111,111",70.2%,2023-10-10,2023_4Q,3
제주 7계 2023-21957,임야,임야,임야,제주,서귀포시,제주 서귀포시 중문동 555-10,"8,464,500","2,904,000",낙찰,"3,080,000",36.4%,2023-12-12,2023_4Q,3
제주 1계 2023-22004,대지,나대지,나대지,제주,제주시,제주 제주시 애월읍 하귀2리 1697,"281,853,000","197,297,000",낙찰,"253,330,000",89.9%,2023-10-24,2023_4Q,3
제주 2계 2023-22073,연립,연립주택,연립·빌라,제주,서귀포시,제주 서귀포시 법환동 212 디자인뷰 107동 4층 404호,"471,000,000","230,790,000",낙찰,"259,999,990",55.2%,2023-10-31,2023_4Q,3
제주 2계 2023-22196(1),차량,기타토지,기타토지,제주,제주시,제주 제주시 외도일동 2155-1 제3자(주)세경 보관,"12,500,000","6,125,000",낙찰,"8,700,000",69.6%,2023-12-05,2023_4Q,3
제주 2계 2023-22196(2),차량,기타토지,기타토지,제주,제주시,제주 제주시 외도일동 2155-1 제3자(주)세경 보관,"13,000,000","6,370,000",낙찰,"7,560,000",58.2%,2023-12-05,2023_4Q,3
제주 2계 2023-22196(3),차량,기타토지,기타토지,제주,제주시,제주 제주시 외도일동 2155-1 제3자(주)세경 보관,"13,000,000","6,370,000",낙찰,"7,160,000",55.1%,2023-12-05,2023_4Q,3
제주 2계 2023-22196(4),차량,기타토지,기타토지,제주,제주시,제주 제주시 외도일동 2155-1 제3자(주)세경 보관,"12,500,000","6,125,000",낙찰,"7,060,000",56.5%,2023-12-05,2023_4Q,3
제주 2계 2023-22196(5),차량,기타토지,기타토지,제주,제주시,제주 제주시 외도일동 2155-1 제3자(주)세경 보관,"11,500,000","8,050,000",낙찰,"8,060,000",70.1%,2023-10-31,2023_4Q,3
제주 2계 2023-22196(6),차량,기타토지,기타토지,제주,제주시,제주 제주시 외도일동 2155-1 제3자(주)세경 보관,"13,000,000","6,370,000",낙찰,"10,265,000",79.0%,2023-12-05,2023_4Q,3
제주 2계 2023-22196(7),차량,기타토지,기타토지,제주,제주시,제주 제주시 외도일동 2155-1 제3자(주)세경 보관,"13,000,000","6,370,000",낙찰,"8,900,000",68.5%,2023-12-05,2023_4Q,3
제주 2계 2023-22196(8),차량,기타토지,기타토지,제주,제주시,제주 제주시 외도일동 2155-1 제3자(주)세경 보관,"12,500,000","6,125,000",낙찰,"8,700,000",69.6%,2023-12-05,2023_4Q,3
제주 2계 2023-22196(9),차량,기타토지,기타토지,제주,제주시,제주 제주시 외도일동 2155-1 제3자(주)세경 보관,"13,000,000","9,100,000",낙찰,"9,401,000",72.3%,2023-10-31,2023_4Q,3
제주 2계 2023-22196(10),차량,기타토지,기타토지,제주,제주시,제주 제주시 외도일동 2155-1 제3자(주)세경 보관,"12,000,000","5,880,000",낙찰,"7,160,000",59.7%,2023-12-05,2023_4Q,3
제주 2계 2023-22196(11),차량,기타토지,기타토지,제주,제주시,제주 제주시 외도일동 2155-1 제3자(주)세경 보관,"12,000,000","5,880,000",낙찰,"7,160,000",59.7%,2023-12-05,2023_4Q,3
제주 2계 2023-22196(12),차량,기타토지,기타토지,제주,제주시,제주 제주시 외도일동 2155-1 제3자(주)세경 보관,"12,500,000","6,125,000",낙찰,"7,270,000",58.2%,2023-12-05,2023_4Q,3
제주 2계 2023-22196(13),차량,기타토지,기타토지,제주,제주시,제주 제주시 외도일동 2155-1 제3자(주)세경 보관,"20,000,000","14,000,000",낙찰,"14,650,000",73.3%,2023-10-31,2023_4Q,3
제주 2계 2023-22196(14),차량,기타토지,기타토지,제주,제주시,제주 제주시 외도일동 2155-1 제3자(주)세경 보관,"20,000,000","9,800,000",낙찰,"13,124,000",65.6%,2023-12-05,2023_4Q,3
제주 2계 2023-22196(15),차량,기타토지,기타토지,제주,제주시,제주 제주시 외도일동 2155-1 제3자(주)세경 보관,"20,000,000","14,000,000",낙찰,"14,123,000",70.6%,2023-10-31,2023_4Q,3
제주 2계 2023-22196(16),차량,기타토지,기타토지,제주,제주시,제주 제주시 외도일동 2155-1 제3자(주)세경 보관,"19,500,000","9,555,000",낙찰,"13,800,000",70.8%,2023-12-05,2023_4Q,3
제주 2계 2023-22196(17),차량,기타토지,기타토지,제주,제주시,제주 제주시 외도일동 2155-1 제3자(주)세경 보관,"13,000,000","9,100,000",낙찰,"9,321,000",71.7%,2023-10-31,2023_4Q,3
제주 4계 2023-22219,차량,기타토지,기타토지,제주,제주시,제주 제주시 외도일동 2155-1 제3자(주)세경내 보관,"19,000,000","13,300,000",낙찰,"13,600,000",71.6%,2023-08-29,2023_3Q,3
제주 8계 2023-22233,차량,기타토지,기타토지,제주,제주시,제주 제주시 조천읍 함덕리 290-41 자동차평가연구소(주)내 보관,"11,000,000","7,700,000",낙찰,"10,120,000",92.0%,2023-10-17,2023_4Q,3
제주 7계 2023-22370,단독주택,단독,단독주택,제주,제주시,"제주 제주시 구좌읍 김녕리 5675 ,5552,5554,5554-1 4동호","223,599,160","156,519,000",낙찰,"180,000,000",80.5%,2023-11-07,2023_4Q,3
제주 1계 2023-22424,다세대,다세대주택,다세대,제주,제주시,"제주 제주시 아라일동 2731-1 ,2732,2740 아라한성베르뜨 106동 2층 202호","262,000,000","183,400,000",낙찰,"229,799,000",87.7%,2023-10-24,2023_4Q,3
제주 3계 2023-22448,오피스텔(주거),오피스텔,오피스텔(업무용),제주,제주시,"제주 제주시 노형동 2574-2 ,2574-3 노형휴캐슬 8층 810호","191,000,000","133,700,000",낙찰,"141,200,000",73.9%,2023-11-07,2023_4Q,3
제주 7계 2023-22509,묘지,기타토지,기타토지,제주,서귀포시,제주 서귀포시 성산읍 온평리 1878,"65,160,000","65,160,000",낙찰,"65,160,000",100.0%,2023-09-26,2023_3Q,3
제주 5계 2023-22646,전,전,전,제주,서귀포시,제주 서귀포시 안덕면 감산리 1811,"31,647,000","10,855,000",낙찰,"13,000,000",41.1%,2023-12-26,2023_4Q,3
제주 8계 2023-22707,차량,기타토지,기타토지,제주,제주시,제주 제주시 외도일동 2155-1 (주)세경내 보관,"11,500,000","8,050,000",낙찰,"8,460,000",73.6%,2023-11-21,2023_4Q,3
제주 7계 2023-22745,다세대,다세대주택,다세대,제주,서귀포시,"제주 서귀포시 안덕면 동광리 1602 마마뜰빌리지 3동 3,4층 302호","508,000,000","355,600,000",낙찰,"373,590,000",73.5%,2023-11-07,2023_4Q,3
제주 8계 2023-22882,차량,기타토지,기타토지,제주,제주시,제주 제주시 외도일동 2155-1 제3자(주)세경내 보관,"20,000,000","14,000,000",낙찰,"14,300,000",71.5%,2023-10-17,2023_4Q,3
제주 2계 2023-23045,차량,기타토지,기타토지,제주,제주시,제주 제주시 용담삼동 1274-1 제3자현대물품보관소(주) 보관,"14,000,000","9,800,000",낙찰,"11,560,900",82.6%,2023-10-31,2023_4Q,3
제주 5계 2023-23076,다세대,다세대주택,다세대,제주,제주시,제주 제주시 오라삼동 2623-6 오렌지트리빌리지6차 1층 102호,"343,000,000","240,100,000",낙찰,"290,000,000",84.5%,2023-11-21,2023_4Q,3
제주 7계 2023-23250,아파트,아파트,아파트,제주,제주시,제주 제주시 노형동 754-4 부영 203동 9층 910호,"355,000,000","248,500,000",낙찰,"301,799,990",85.0%,2023-12-12,2023_4Q,3
제주 7계 2023-23281,차량,기타토지,기타토지,제주,제주시,제주 제주시 외도일동 2155-1 (주)세경 보관,"14,000,000","6,860,000",낙찰,"9,635,000",68.8%,2023-11-07,2023_4Q,3
제주 3계 2023-23366,차량,기타토지,기타토지,제주,제주시,제주 제주시 조천읍 함덕리 290-41 제3자 자동차평가연구소(주)에게 보관,"27,000,000","27,000,000",낙찰,"27,011,000",100.0%,2023-08-22,2023_3Q,3
제주 1계 2023-23403,연립,연립주택,연립·빌라,제주,서귀포시,제주 서귀포시 남원읍 남원리 1352 디자인타운 4층 410호,"366,000,000","256,200,000",낙찰,"260,000,000",71.0%,2023-10-24,2023_4Q,3
제주 7계 2023-23410,다세대,다세대주택,다세대,제주,제주시,제주 제주시 이호이동 159 샘물B 3층 302호,"101,000,000","70,700,000",낙찰,"82,600,000",81.8%,2023-11-07,2023_4Q,3
제주 7계 2023-23427,도로,기타토지,기타토지,제주,서귀포시,제주 서귀포시 호근동 1136-5,"47,385,000","23,219,000",낙찰,"27,007,000",57.0%,2023-12-12,2023_4Q,3
제주 6계 2023-23755,차량,기타토지,기타토지,제주,제주시,제주 제주시 용담삼동 1274-1 현대물품보관소(주)내 보관,"46,000,000","32,200,000",낙찰,"39,723,000",86.4%,2023-11-14,2023_4Q,3
제주 7계 2023-23786,전,전,전,제주,제주시,제주 제주시 구좌읍 하도리 1392,"22,576,000","11,062,000",낙찰,"15,278,000",67.7%,2023-12-12,2023_4Q,3
제주 1계 2023-23830,중기,기타토지,기타토지,제주,제주시,제주 제주시 용담삼동 1274-1 현대물품보관소(주)내 보관,"33,000,000","23,100,000",낙찰,"27,380,000",83.0%,2023-09-12,2023_3Q,3
제주 3계 2023-24314(1),차량,기타토지,기타토지,제주,제주시,제주 제주시 용담삼동 1274-1 현대물품보관소내보관,"19,500,000","13,650,000",낙찰,"15,210,000",78.0%,2023-12-12,2023_4Q,3
제주 3계 2023-24314(2),차량,기타토지,기타토지,제주,제주시,제주 제주시 용담삼동 1274-1 현대물품보관소내보관,"19,500,000","13,650,000",낙찰,"15,010,000",77.0%,2023-12-12,2023_4Q,3
제주 3계 2023-24444,차량,기타토지,기타토지,제주,제주시,제주 제주시 조천읍 함덕리 290-41 제3자자동차평가연구소(주)내 보관,"26,000,000","18,200,000",낙찰,"21,510,000",82.7%,2023-11-07,2023_4Q,3
제주 1계 2023-24482,차량,기타토지,기타토지,제주,제주시,제주 제주시 용담삼동 1274-1 현대물품보관소(주)내 보관,"9,000,000","4,410,000",낙찰,"5,877,000",65.3%,2023-11-28,2023_4Q,3
제주 2계 2023-24499,차량,기타토지,기타토지,제주,제주시,제주 제주시 용담삼동 1274-1 제3자현대물품보관소(주) 보관,"7,000,000","7,000,000",낙찰,"7,200,000",102.9%,2023-09-19,2023_3Q,3
제주 7계 2023-24581,차량,기타토지,기타토지,제주,제주시,제주 제주시 용담삼동 1274-1 현대물품보관소(주)내 보관,"55,000,000","38,500,000",낙찰,"41,500,000",75.5%,2023-12-12,2023_4Q,3
제주 3계 2023-24611,차량,기타토지,기타토지,제주,제주시,제주 제주시 용담삼동 1274-1 제3자현대물품보관소(주)내 보관,"13,000,000","9,100,000",낙찰,"11,300,000",86.9%,2023-11-07,2023_4Q,3
제주 5계 2023-24932,연립,연립주택,연립·빌라,제주,서귀포시,"제주 서귀포시 동홍동 1902-7 ,1909,1910-4 루체비스타 102동 3층 301호","335,000,000","164,150,000",낙찰,"234,100,000",69.9%,2023-12-26,2023_4Q,3
제주 2계 2023-25096,차량,기타토지,기타토지,제주,제주시,제주 제주시 용담삼동 1274-1 제3자현대물품보관(주) 보관,"32,000,000","22,400,000",낙찰,"28,377,777",88.7%,2023-10-31,2023_4Q,3
제주 6계 2023-26358,차량,기타토지,기타토지,제주,제주시,제주 제주시 외도일동 2155-1 제3자(주)세경내 보관,"16,000,000","11,200,000",낙찰,"12,050,000",75.3%,2023-11-14,2023_4Q,3
제주 8계 2023-26754,차량,기타토지,기타토지,제주,제주시,제주 제주시 조천읍 함덕리 290-41 자동차평가연구소(주)내 보관,"36,000,000","25,200,000",낙찰,"33,577,500",93.3%,2023-12-26,2023_4Q,3
제주 1계 2023-26778(2),도로,기타토지,기타토지,제주,서귀포시,제주 서귀포시 성산읍 신산리 380-5,"7,671,000","7,671,000",낙찰,"8,181,800",106.7%,2023-11-28,2023_4Q,3
제주 2계 2016-2729,임야,임야,임야,제주,제주시,제주 제주시 구좌읍 세화리 산39,"174,548,000","174,548,000",낙찰,"197,000,000",112.9%,2024-05-28,2024_2Q,3
제주 3계 2016-3050,임야,임야,임야,제주,제주시,제주 제주시 구좌읍 송당리 산229,"1,813,471,000","888,601,000",낙찰,"890,000,000",49.1%,2024-06-04,2024_2Q,3
제주 3계 2016-3173,임야,임야,임야,제주,제주시,제주 제주시 구좌읍 송당리 산228,"5,251,915,601","2,573,439,000",낙찰,"2,580,000,000",49.1%,2024-06-04,2024_2Q,3
제주 1계 2020-26210,전,전,전,제주,서귀포시,제주 서귀포시 성산읍 고성리 1830-1,"67,108,000","23,018,000",낙찰,"26,211,000",39.1%,2024-05-21,2024_2Q,3
제주 4계 2020-27763,단독주택,단독,단독주택,제주,서귀포시,제주 서귀포시 표선면 성읍리 2564-1,"2,333,789,900","800,490,000",낙찰,"1,010,999,900",43.3%,2024-05-07,2024_2Q,3
제주 2계 2020-28346(1),임야,임야,임야,제주,제주시,제주 제주시 한림읍 상대리 470,"208,088,000","49,962,000",낙찰,"58,264,000",28.0%,2024-03-19,2024_1Q,3
제주 2계 2020-28346(2),임야,임야,임야,제주,제주시,제주 제주시 한림읍 상대리 470-1,"10,672,000","5,229,000",낙찰,"5,850,000",54.8%,2024-04-23,2024_2Q,3
제주 4계 2021-307(3),단독주택,단독,단독주택,제주,제주시,제주 제주시 연동 1285-8 에코하우스B,"904,550,540","443,230,000",낙찰,"573,230,000",63.4%,2024-05-07,2024_2Q,3
제주 5계 2021-4521,전,전,전,제주,제주시,제주 제주시 조천읍 선흘리 3888-1,"408,682,000","408,682,000",낙찰,"700,077,770",171.3%,2024-05-14,2024_2Q,3
제주 5계 2021-6145(2),전,전,전,제주,서귀포시,제주 서귀포시 강정동 288,"531,394,000","260,383,000",낙찰,"373,000,000",70.2%,2024-05-14,2024_2Q,3
제주 5계 2021-6145(3),전,전,전,제주,서귀포시,제주 서귀포시 강정동 290-1,"1,973,375,000","676,868,000",낙찰,"761,845,000",38.6%,2024-06-18,2024_2Q,3
제주 4계 2021-6312,단독주택,단독,단독주택,제주,서귀포시,제주 서귀포시 하예동 1884-7,"971,357,460","475,965,000",낙찰,"599,900,000",61.8%,2024-04-02,2024_2Q,3
제주 3계 2021-24648,다세대,다세대주택,다세대,제주,제주시,제주 제주시 화북일동 1984 대원 4층 401호,"93,000,000","65,100,000",낙찰,"71,330,000",76.7%,2024-01-16,2024_1Q,3
제주 1계 2021-27920,양어장,기타건물,기타건물,제주,서귀포시,"제주 서귀포시 대정읍 무릉리 4089 ,4088-3,4089-4,4090,4093 1동","4,813,824,136","3,369,677,000",낙찰,"3,400,000,000",70.6%,2024-04-16,2024_2Q,3
제주 7계 2021-28473,아파트,아파트,아파트,제주,제주시,제주 제주시 삼양이동 2142-1 삼화다온펠리스 5층 502호,"415,000,000","290,500,000",낙찰,"341,900,000",82.4%,2024-06-04,2024_2Q,3
제주 4계 2021-28893,점포,근린상가,점포상가,제주,서귀포시,제주 서귀포시 서귀동 279-10,"1,092,816,000","374,836,000",낙찰,"473,300,000",43.3%,2024-05-07,2024_2Q,3
제주 4계 2021-28909,목욕시설,기타건물,기타건물,제주,제주시,제주 제주시 일도일동 1324-1,"1,302,555,400","638,252,000",낙찰,"780,002,000",59.9%,2024-04-02,2024_2Q,3
제주 5계 2022-1253(2),연립,연립주택,연립·빌라,제주,서귀포시,제주 서귀포시 강정동 1544 윈저캐슬 102동 2층 202호,"323,000,000","158,270,000",낙찰,"188,000,008",58.2%,2024-04-09,2024_2Q,3
제주 6계 2022-2317(1),오피스텔(상가),근린상가,오피스텔(업무용),제주,제주시,"제주 제주시 도두일동 2627-5 ,2627-6,2627-7 1층 103호","228,000,000","159,600,000",낙찰,"159,999,999",70.2%,2024-05-07,2024_2Q,3
제주 6계 2022-2317(2),오피스텔(주거),오피스텔,오피스텔(업무용),제주,제주시,"제주 제주시 도두일동 2627-5 ,2627-6,2627-7 2,3층 211호","167,000,000","81,830,000",낙찰,"92,100,000",55.1%,2024-06-11,2024_2Q,3
제주 6계 2022-2317(3),오피스텔(주거),오피스텔,오피스텔(업무용),제주,제주시,"제주 제주시 도두일동 2627-5 ,2627-6,2627-7 8,9층 807호","206,000,000","100,940,000",낙찰,"125,250,000",60.8%,2024-06-11,2024_2Q,3
제주 4계 2022-2386,단독주택,단독,단독주택,제주,서귀포시,제주 서귀포시 남원읍 위미리 57-3,"413,875,700","289,713,000",낙찰,"311,110,010",75.2%,2024-05-07,2024_2Q,3
제주 1계 2022-2621,숙박시설,숙박시설,숙박시설,제주,서귀포시,제주 서귀포시 성산읍 온평리 1832-5,"4,801,842,600","2,352,903,000",낙찰,"3,516,000,000",73.2%,2024-03-12,2024_1Q,3
제주 3계 2022-2706,다가구,다가구,다가구,제주,제주시,제주 제주시 구좌읍 행원리 2770-17 2동,"2,203,121,200","370,279,000",낙찰,"422,000,000",19.2%,2024-04-30,2024_2Q,3
제주 3계 2022-2973(1),숙박시설,숙박시설,숙박시설,제주,서귀포시,제주 서귀포시 서귀동 319-2 비스타케이호텔(천지연) 2층 217호,"221,000,000","18,200,000",낙찰,"18,770,000",8.5%,2024-01-16,2024_1Q,3
제주 3계 2022-2973(2),숙박시설,숙박시설,숙박시설,제주,서귀포시,제주 서귀포시 서귀동 319-2 비스타케이호텔(천지연) 3층 319호,"204,000,000","16,800,000",낙찰,"22,400,000",11.0%,2024-01-16,2024_1Q,3
제주 7계 2022-3051,다가구,다가구,다가구,제주,서귀포시,"제주 서귀포시 남원읍 남원리 1269-1 ,1268-4","4,129,794,800","2,023,599,000",낙찰,"2,670,000,000",64.7%,2024-04-30,2024_2Q,3
제주 5계 2022-3082(1),숙박시설,숙박시설,숙박시설,제주,서귀포시,제주 서귀포시 서귀동 544-2 디아일랜드블루호텔 3층 302호,"235,000,000","56,424,000",낙찰,"61,450,000",26.1%,2024-03-05,2024_1Q,3
제주 5계 2022-3082(2),숙박시설,숙박시설,숙박시설,제주,서귀포시,제주 서귀포시 서귀동 544-2 디아일랜드블루호텔 4층 403호,"228,000,000","54,743,000",낙찰,"58,743,300",25.8%,2024-03-05,2024_1Q,3
제주 5계 2022-3082(3),숙박시설,숙박시설,숙박시설,제주,서귀포시,제주 서귀포시 서귀동 544-2 디아일랜드블루호텔 4층 415호,"211,000,000","50,661,000",낙찰,"55,661,000",26.4%,2024-03-05,2024_1Q,3
제주 2계 2022-3426,임야,임야,임야,제주,서귀포시,제주 서귀포시 안덕면 상창리 91,"1,270,372,000","622,482,000",낙찰,"632,001,000",49.7%,2024-01-09,2024_1Q,3
제주 2계 2022-4184,숙박시설,숙박시설,숙박시설,제주,서귀포시,"제주 서귀포시 서귀동 318-17 ,318-20 호텔윈스토리 4층 403호","170,000,000","20,000,000",낙찰,"26,110,000",15.4%,2024-03-19,2024_1Q,3
제주 3계 2022-4252,묘지,기타토지,기타토지,제주,제주시,제주 제주시 영평동 1267,"6,106,000","6,106,000",낙찰,"10,000,000",163.8%,2024-02-20,2024_1Q,3
제주 3계 2022-4443(1),전,전,전,제주,서귀포시,제주 서귀포시 서홍동 2057-2,"543,132,000","91,284,000",낙찰,"140,022,000",25.8%,2024-02-20,2024_1Q,3
제주 6계 2022-4481(2),과수원,과수원,과수원,제주,서귀포시,제주 서귀포시 남원읍 의귀리 668-2,"606,390,000","207,992,000",낙찰,"210,077,000",34.6%,2024-06-11,2024_2Q,3
제주 8계 2022-4658(1),단독주택,단독,단독주택,제주,서귀포시,제주 서귀포시 성산읍 온평리 824,"572,146,520","400,503,000",낙찰,"483,026,900",84.4%,2024-01-30,2024_1Q,3
제주 8계 2022-4658(2),창고,기타건물,창고,제주,서귀포시,제주 서귀포시 성산읍 온평리 832,"941,114,320","658,780,000",낙찰,"758,997,500",80.6%,2024-01-30,2024_1Q,3
제주 8계 2022-4658(3),임야,임야,임야,제주,서귀포시,제주 서귀포시 성산읍 온평리 2698,"1,325,935,000","928,155,000",낙찰,"947,100,000",71.4%,2024-01-30,2024_1Q,3
제주 2계 2022-5064,아파트,아파트,아파트,제주,제주시,제주 제주시 노형동 2585-2 노형이-편한세상 104동 2층 201호,"1,200,000,000","588,000,000",낙찰,"827,788,844",69.0%,2024-01-09,2024_1Q,3
제주 2계 2022-5651,연립,연립주택,연립·빌라,제주,제주시,"제주 제주시 한림읍 한림리 1487 ,1485-2,1485-4,1486,1490-5 한림그레이튼 4층 407호","187,000,000","130,900,000",낙찰,"152,500,000",81.6%,2024-03-19,2024_1Q,3
제주 5계 2022-5682,전,전,전,제주,제주시,제주 제주시 조천읍 대흘리 2039-3,"242,990,000","40,839,000",낙찰,"48,200,000",19.8%,2024-03-05,2024_1Q,3
제주 6계 2022-5699,단독주택,단독,단독주택,제주,제주시,제주 제주시 해안동 1328 제이에스프라이빗타운 113동,"2,078,328,780","1,018,381,000",낙찰,"1,170,000,000",56.3%,2024-05-07,2024_2Q,3
제주 6계 2022-5873,숙박시설,숙박시설,숙박시설,제주,제주시,제주 제주시 조천읍 함덕리 1269-9 유탑유블레스호텔 5층 540호,"173,000,000","59,339,000",낙찰,"73,000,010",42.2%,2024-02-27,2024_1Q,3
제주 2계 2022-5897(1),임야,임야,임야,제주,제주시,제주 제주시 한경면 용수리 2072-1,"291,342,000","99,930,000",낙찰,"116,000,000",39.8%,2024-01-09,2024_1Q,3
제주 3계 2022-5965(2),과수원,과수원,과수원,제주,제주시,제주 제주시 한경면 청수리 2076-7,"749,616,000","257,118,000",낙찰,"322,411,000",43.0%,2024-02-20,2024_1Q,3
제주 3계 2022-5965(1),단독주택,단독,단독주택,제주,제주시,제주 제주시 한경면 청수리 2076-3,"285,425,580","199,798,000",낙찰,"200,200,200",70.1%,2024-04-30,2024_2Q,3
제주 8계 2022-6128(1),전,전,전,제주,제주시,제주 제주시 구좌읍 김녕리 288,"759,156,000","371,986,000",낙찰,"375,100,000",49.4%,2024-03-05,2024_1Q,3
제주 8계 2022-6128(2),과수원,과수원,과수원,제주,서귀포시,제주 서귀포시 중문동 1135-1,"1,556,124,000","533,751,000",낙찰,"625,000,000",40.2%,2024-04-09,2024_2Q,3
제주 8계 2022-6128(3),전,전,전,제주,서귀포시,제주 서귀포시 대정읍 신도리 3130,"786,620,000","550,634,000",낙찰,"580,773,000",73.8%,2024-01-30,2024_1Q,3
제주 8계 2022-6128(4),창고,기타건물,창고,제주,서귀포시,제주 서귀포시 성산읍 수산리 1284-5,"964,866,000","472,784,000",낙찰,"485,500,000",50.3%,2024-05-14,2024_2Q,3
제주 8계 2022-6128(5),임야,임야,임야,제주,서귀포시,제주 서귀포시 대정읍 신도리 3129-2,"43,240,000","21,188,000",낙찰,"33,555,000",77.6%,2024-03-05,2024_1Q,3
제주 2계 2022-6197,전,전,전,제주,서귀포시,제주 서귀포시 대정읍 안성리 1838,"962,230,000","471,493,000",낙찰,"558,120,000",58.0%,2024-01-09,2024_1Q,3
제주 3계 2022-6265,숙박시설,숙박시설,숙박시설,제주,제주시,"제주 제주시 조천읍 함덕리 3061 ,3065,3066-2,3067,3068,3074,3076 제주함덕라마다호텔 5층 508호","154,000,000","36,975,000",낙찰,"37,100,000",24.1%,2024-02-20,2024_1Q,3
제주 6계 2022-6289(1),숙박시설,숙박시설,숙박시설,제주,서귀포시,제주 서귀포시 법환동 745-1 비스타케이호텔 2층 223호,"167,000,000","19,648,000",낙찰,"20,760,000",12.4%,2024-02-27,2024_1Q,3
제주 6계 2022-6289(2),숙박시설,숙박시설,숙박시설,제주,서귀포시,제주 서귀포시 법환동 745-1 비스타케이호텔 4층 409호,"172,000,000","20,236,000",낙찰,"21,330,000",12.4%,2024-02-27,2024_1Q,3
제주 2계 2022-6371,숙박시설,숙박시설,숙박시설,제주,서귀포시,제주 서귀포시 서귀동 319-2 비스타케이(천지연) 4층 420호,"203,000,000","23,883,000",낙찰,"25,119,000",12.4%,2024-02-13,2024_1Q,3
제주 1계 2022-6432,단독주택,단독,단독주택,제주,제주시,제주 제주시 한림읍 한림리 1449-5,"281,511,890","197,058,000",낙찰,"274,999,000",97.7%,2024-02-06,2024_1Q,3
제주 7계 2022-6517(1),임야,임야,임야,제주,제주시,제주 제주시 애월읍 하가리 683-6,"334,918,000","80,414,000",낙찰,"115,100,000",34.4%,2024-02-20,2024_1Q,3
제주 7계 2022-6517(2),임야,임야,임야,제주,제주시,제주 제주시 애월읍 하가리 683-7,"334,918,000","80,414,000",낙찰,"110,500,000",33.0%,2024-02-20,2024_1Q,3
제주 7계 2022-6517(3),임야,임야,임야,제주,제주시,제주 제주시 애월읍 하가리 683-8,"334,918,000","80,414,000",낙찰,"80,500,000",24.0%,2024-02-20,2024_1Q,3
제주 7계 2022-6517(4),임야,임야,임야,제주,제주시,제주 제주시 애월읍 하가리 683-9,"332,700,000","79,881,000",낙찰,"81,000,000",24.3%,2024-02-20,2024_1Q,3
제주 7계 2022-6548,단독주택,단독,단독주택,제주,서귀포시,제주 서귀포시 표선면 표선리 1589-3,"459,844,300","225,324,000",낙찰,"287,500,000",62.5%,2024-01-16,2024_1Q,3
제주 1계 2022-6609,단독주택,단독,단독주택,제주,서귀포시,제주 서귀포시 남원읍 태흥리 538-4,"541,781,050","185,831,000",낙찰,"295,500,000",54.5%,2024-02-06,2024_1Q,3
제주 6계 2022-6654,숙박시설,숙박시설,숙박시설,제주,서귀포시,제주 서귀포시 강정동 173-3 제주강정라마다호텔 3층 312호,"145,000,000","24,371,000",낙찰,"25,010,000",17.2%,2024-02-27,2024_1Q,3
제주 6계 2022-6838,숙박시설,숙박시설,숙박시설,제주,서귀포시,제주 서귀포시 서귀동 319-2 비스타케이호텔(천지연) 2층 228호,"200,000,000","23,530,000",낙찰,"27,900,000",14.0%,2024-04-02,2024_2Q,3
제주 2계 2022-6852,과수원,과수원,과수원,제주,서귀포시,제주 서귀포시 대정읍 안성리 1210-1,"61,795,000","10,386,000",낙찰,"14,100,000",22.8%,2024-03-19,2024_1Q,3
제주 2계 2022-6975,전,전,전,제주,제주시,제주 제주시 애월읍 수산리 528-9,"253,622,000","177,535,000",낙찰,"205,000,000",80.8%,2024-02-13,2024_1Q,3
제주 1계 2022-7268(1),오피스텔(주거),오피스텔,오피스텔(업무용),제주,제주시,제주 제주시 외도일동 418-6 백강수피아5차 2층 203호,"258,000,000","126,420,000",낙찰,"136,100,000",52.8%,2024-03-12,2024_1Q,3
제주 1계 2022-7268(2),오피스텔(주거),오피스텔,오피스텔(업무용),제주,제주시,제주 제주시 외도일동 418-6 백강수피아5차 2층 204호,"181,000,000","88,690,000",낙찰,"111,111,000",61.4%,2024-03-12,2024_1Q,3
제주 1계 2022-7268(3),오피스텔(주거),오피스텔,오피스텔(업무용),제주,제주시,제주 제주시 외도일동 418-6 백강수피아5차 2층 205호,"258,000,000","126,420,000",낙찰,"159,900,000",62.0%,2024-03-12,2024_1Q,3
제주 1계 2022-7268(4),오피스텔(주거),오피스텔,오피스텔(업무용),제주,제주시,제주 제주시 외도일동 418-6 백강수피아5차 3층 303호,"258,000,000","126,420,000",낙찰,"139,000,000",53.9%,2024-03-12,2024_1Q,3
제주 1계 2022-7268(5),오피스텔(주거),오피스텔,오피스텔(업무용),제주,제주시,제주 제주시 외도일동 418-6 백강수피아5차 3층 304호,"181,000,000","88,690,000",낙찰,"109,000,000",60.2%,2024-03-12,2024_1Q,3
제주 1계 2022-7268(6),오피스텔(주거),오피스텔,오피스텔(업무용),제주,제주시,제주 제주시 외도일동 418-6 백강수피아5차 3층 305호,"258,000,000","126,420,000",낙찰,"152,220,000",59.0%,2024-03-12,2024_1Q,3
제주 1계 2022-7268(7),오피스텔(주거),오피스텔,오피스텔(업무용),제주,제주시,제주 제주시 외도일동 418-6 백강수피아5차 4층 403호,"264,000,000","129,360,000",낙찰,"155,760,000",59.0%,2024-03-12,2024_1Q,3
제주 1계 2022-7268(8),오피스텔(주거),오피스텔,오피스텔(업무용),제주,제주시,제주 제주시 외도일동 418-6 백강수피아5차 4층 404호,"185,000,000","90,650,000",낙찰,"111,111,111",60.1%,2024-03-12,2024_1Q,3
제주 1계 2022-7268(9),오피스텔(주거),오피스텔,오피스텔(업무용),제주,제주시,제주 제주시 외도일동 418-6 백강수피아5차 4층 405호,"264,000,000","129,360,000",낙찰,"158,411,111",60.0%,2024-03-12,2024_1Q,3
제주 1계 2022-7268(10),오피스텔(주거),오피스텔,오피스텔(업무용),제주,제주시,제주 제주시 외도일동 418-6 백강수피아5차 5층 503호,"264,000,000","129,360,000",낙찰,"155,760,000",59.0%,2024-03-12,2024_1Q,3
제주 1계 2022-7268(11),오피스텔(주거),오피스텔,오피스텔(업무용),제주,제주시,제주 제주시 외도일동 418-6 백강수피아5차 5층 505호,"264,000,000","129,360,000",낙찰,"162,900,000",61.7%,2024-03-12,2024_1Q,3
제주 1계 2022-7268(12),오피스텔(주거),오피스텔,오피스텔(업무용),제주,제주시,제주 제주시 외도일동 418-6 백강수피아5차 6층 603호,"270,000,000","132,300,000",낙찰,"159,300,000",59.0%,2024-03-12,2024_1Q,3
제주 1계 2022-7268(13),오피스텔(주거),오피스텔,오피스텔(업무용),제주,제주시,제주 제주시 외도일동 418-6 백강수피아5차 6층 605호,"269,000,000","131,810,000",낙찰,"158,710,000",59.0%,2024-03-12,2024_1Q,3
제주 1계 2022-7268(14),오피스텔(주거),오피스텔,오피스텔(업무용),제주,제주시,제주 제주시 외도일동 418-6 백강수피아5차 7층 705호,"269,000,000","131,810,000",낙찰,"158,710,000",59.0%,2024-03-12,2024_1Q,3
제주 1계 2022-7268(15),오피스텔(주거),오피스텔,오피스텔(업무용),제주,제주시,제주 제주시 외도일동 418-6 백강수피아5차 8층 803호,"275,000,000","134,750,000",낙찰,"165,500,000",60.2%,2024-03-12,2024_1Q,3
제주 1계 2022-7268(16),오피스텔(주거),오피스텔,오피스텔(업무용),제주,제주시,제주 제주시 외도일동 418-6 백강수피아5차 8층 805호,"275,000,000","134,750,000",낙찰,"181,800,000",66.1%,2024-03-12,2024_1Q,3
제주 1계 2022-7268(17),오피스텔(주거),오피스텔,오피스텔(업무용),제주,제주시,제주 제주시 외도일동 418-6 백강수피아5차 10층 1003호,"275,000,000","134,750,000",낙찰,"162,250,000",59.0%,2024-03-12,2024_1Q,3
제주 1계 2022-7268(18),오피스텔(주거),오피스텔,오피스텔(업무용),제주,제주시,제주 제주시 외도일동 418-6 백강수피아5차 12층 1205호,"286,000,000","140,140,000",낙찰,"168,740,000",59.0%,2024-03-12,2024_1Q,3
제주 2계 2022-7336(1),다세대,다세대주택,다세대,제주,제주시,제주 제주시 한림읍 동명리 1546-4 빌라호연 2층 201호,"251,000,000","122,990,000",낙찰,"187,000,000",74.5%,2024-01-09,2024_1Q,3
제주 2계 2022-7336(2),다세대,다세대주택,다세대,제주,제주시,제주 제주시 한림읍 동명리 1546-4 빌라호연 2층 202호,"233,000,000","114,170,000",낙찰,"167,760,000",72.0%,2024-01-09,2024_1Q,3
제주 2계 2022-7336(4),다세대,다세대주택,다세대,제주,제주시,제주 제주시 한림읍 동명리 1546-4 빌라호연 3층 302호,"238,000,000","116,620,000",낙찰,"173,500,000",72.9%,2024-01-09,2024_1Q,3
제주 8계 2022-7435,숙박시설,숙박시설,숙박시설,제주,제주시,제주 제주시 연동 253-3 제주센트럴시티호텔 3층 318호,"175,000,000","42,018,000",낙찰,"43,550,000",24.9%,2024-01-30,2024_1Q,3
제주 3계 2022-7466(1),단독주택,단독,단독주택,제주,서귀포시,제주 서귀포시 대정읍 구억리 188-6 시즌빌라Ⅱ,"1,163,858,200","399,204,000",낙찰,"516,200,000",44.4%,2024-01-16,2024_1Q,3
제주 1계 2022-7503,임야,임야,임야,제주,제주시,제주 제주시 한경면 판포리 산11-6,"64,158,000","10,784,000",낙찰,"15,000,000",23.4%,2024-03-12,2024_1Q,3
제주 6계 2022-7541,임야,임야,임야,제주,서귀포시,제주 서귀포시 성산읍 오조리 1957,"217,250,000","106,453,000",낙찰,"135,000,000",62.1%,2024-04-02,2024_2Q,3
제주 6계 2022-7558,과수원,과수원,과수원,제주,서귀포시,제주 서귀포시 남원읍 위미리 445,"683,950,600","335,136,000",낙찰,"421,100,000",61.6%,2024-01-23,2024_1Q,3
제주 7계 2022-7763,잡종지,잡종지,잡종지,제주,제주시,제주 제주시 한림읍 상대리 1133,"262,845,000","90,156,000",낙찰,"121,123,000",46.1%,2024-03-26,2024_1Q,3
제주 5계 2022-20100(1),임야,임야,임야,제주,제주시,제주 제주시 애월읍 광령리 516,"19,260,000","3,237,000",낙찰,"3,256,000",16.9%,2024-04-09,2024_2Q,3
제주 5계 2022-20100(2),임야,임야,임야,제주,제주시,제주 제주시 애월읍 광령리 518,"73,192,000","12,302,000",낙찰,"16,161,600",22.1%,2024-01-30,2024_1Q,3
제주 1계 2022-20858,전,전,전,제주,서귀포시,제주 서귀포시 대정읍 영락리 1636-2,"279,510,000","195,657,000",낙찰,"270,000,000",96.6%,2024-02-06,2024_1Q,3
제주 8계 2022-21554,임야,임야,임야,제주,서귀포시,제주 서귀포시 안덕면 상창리 86,"904,041,000","310,086,000",낙찰,"438,000,000",48.4%,2024-01-30,2024_1Q,3
제주 8계 2022-21653,점포,근린상가,점포상가,제주,서귀포시,제주 서귀포시 표선면 세화리 215 다미타운하우스 117호,"243,786,928","83,619,000",낙찰,"122,277,770",50.2%,2024-01-30,2024_1Q,3
제주 1계 2022-22267,대지,나대지,나대지,제주,제주시,제주 제주시 애월읍 수산리 716,"734,625,000","359,967,000",낙찰,"412,500,000",56.2%,2024-02-06,2024_1Q,3
제주 6계 2022-22847(3),전,전,전,제주,서귀포시,제주 서귀포시 대정읍 동일리 3085-5,"902,442,000","442,196,000",낙찰,"515,000,000",57.1%,2024-05-07,2024_2Q,3
제주 8계 2022-22854,잡종지,잡종지,잡종지,제주,제주시,제주 제주시 구좌읍 세화리 1872-2,"15,246,000","5,229,000",낙찰,"5,500,000",36.1%,2024-01-30,2024_1Q,3
제주 1계 2022-23048(2),전,전,전,제주,서귀포시,제주 서귀포시 대정읍 무릉리 2365-1,"41,824,000","10,042,000",낙찰,"12,111,000",29.0%,2024-05-21,2024_2Q,3
제주 7계 2022-23222,콘도,기타토지,기타토지,제주,제주시,"제주 제주시 한림읍 금악리 산32-1 ,산32-5,산32-7,산32-8,광평리 산91,산92,산93 그랑블제주리조트 I-101동 2층 203호","550,000,000","269,500,000",낙찰,"327,500,000",59.5%,2024-04-30,2024_2Q,3
제주 5계 2022-23260,임야,임야,임야,제주,제주시,제주 제주시 구좌읍 행원리 3533-1,"1,170,694,000","401,548,000",낙찰,"402,000,000",34.3%,2024-06-18,2024_2Q,3
제주 2계 2022-24492,전,전,전,제주,서귀포시,제주 서귀포시 표선면 성읍리 1485,"148,275,000","35,601,000",낙찰,"36,120,000",24.4%,2024-02-13,2024_1Q,3
제주 2계 2022-24560(1),목장용지,기타토지,목장용지,제주,제주시,제주 제주시 조천읍 선흘리 122-6,"553,204,220","132,824,000",낙찰,"140,001,000",25.3%,2024-01-09,2024_1Q,3
제주 2계 2022-24560(2),목장용지,기타토지,목장용지,제주,제주시,제주 제주시 조천읍 선흘리 120-3,"1,080,546,460","181,608,000",낙찰,"186,020,000",17.2%,2024-02-13,2024_1Q,3
제주 2계 2022-25457,임야,임야,임야,제주,서귀포시,제주 서귀포시 남원읍 수망리 산60-3,"46,284,000","11,113,000",낙찰,"20,110,000",43.4%,2024-02-13,2024_1Q,3
제주 4계 2022-26368,전,전,전,제주,제주시,제주 제주시 애월읍 금성리 605,"251,496,000","86,263,000",낙찰,"91,270,000",36.3%,2024-06-11,2024_2Q,3
제주 3계 2022-26719,숙박시설,숙박시설,숙박시설,제주,서귀포시,제주 서귀포시 서귀동 319-2 비스타케이호텔(천지연) 10층 1002호,"184,000,000","21,648,000",낙찰,"23,111,000",12.6%,2024-02-20,2024_1Q,3
제주 3계 2022-26788(1),오피스텔(주거),오피스텔,오피스텔(업무용),제주,제주시,"제주 제주시 일도이동 602-1 ,602-2,602-3,602-4,602-5,602-9,602-11,602-13 제주신항코아루디펠리체 3층 327호","143,000,000","34,334,000",낙찰,"40,900,000",28.6%,2024-04-30,2024_2Q,3
제주 2계 2022-27187,창고,기타건물,창고,제주,서귀포시,제주 서귀포시 안덕면 사계리 928,"856,139,720","143,891,000",낙찰,"193,000,000",22.5%,2024-01-09,2024_1Q,3
제주 2계 2022-27422,축사,기타토지,기타토지,제주,제주시,제주 제주시 애월읍 유수암리 408-11 가동,"441,900,800","151,572,000",낙찰,"210,000,000",47.5%,2024-01-09,2024_1Q,3
제주 4계 2022-27507,창고,기타건물,창고,제주,제주시,제주 제주시 조천읍 함덕리 2471,"307,766,480","73,895,000",낙찰,"76,000,000",24.7%,2024-02-27,2024_1Q,3
제주 8계 2022-27828,단독주택,단독,단독주택,제주,제주시,제주 제주시 애월읍 유수암리 2151-6 4동,"628,384,120","215,536,000",낙찰,"306,000,000",48.7%,2024-05-14,2024_2Q,3
제주 3계 2022-28333,숙박시설,숙박시설,숙박시설,제주,제주시,"제주 제주시 조천읍 함덕리 2915 ,2916,3069,4139-24 제주라마다서우봉비치 8층 820호","127,000,000","21,345,000",낙찰,"25,500,000",20.1%,2024-02-20,2024_1Q,3
제주 6계 2022-28593(1),임야,임야,임야,제주,제주시,제주 제주시 오라이동 3547,"382,161,250","131,081,000",낙찰,"131,900,000",34.5%,2024-01-23,2024_1Q,3
제주 6계 2022-28593(2),임야,임야,임야,제주,제주시,제주 제주시 오라이동 3501,"298,760,000","102,474,000",낙찰,"116,500,000",39.0%,2024-01-23,2024_1Q,3
제주 8계 2022-28890(1),숙박시설,숙박시설,숙박시설,제주,서귀포시,제주 서귀포시 법환동 745-2 비스타케이4 7층 711호,"134,000,000","32,173,000",낙찰,"37,700,000",28.1%,2024-03-05,2024_1Q,3
제주 8계 2022-28890(2),숙박시설,숙박시설,숙박시설,제주,서귀포시,제주 서귀포시 법환동 745-2 비스타케이4 7층 712호,"134,000,000","32,173,000",낙찰,"37,700,000",28.1%,2024-03-05,2024_1Q,3
제주 8계 2022-28890(3),숙박시설,숙박시설,숙박시설,제주,서귀포시,제주 서귀포시 법환동 745-2 비스타케이4 7층 710호,"134,000,000","32,173,000",낙찰,"37,700,000",28.1%,2024-03-05,2024_1Q,3
제주 8계 2022-28890(4),숙박시설,숙박시설,숙박시설,제주,서귀포시,제주 서귀포시 법환동 745-2 비스타케이4 7층 714호,"134,000,000","32,173,000",낙찰,"37,700,000",28.1%,2024-03-05,2024_1Q,3
제주 8계 2022-28890(5),숙박시설,숙박시설,숙박시설,제주,서귀포시,제주 서귀포시 법환동 745-2 비스타케이4 7층 705호,"126,000,000","21,177,000",낙찰,"21,200,000",16.8%,2024-06-18,2024_2Q,3
제주 8계 2022-28890(6),숙박시설,숙박시설,숙박시설,제주,서귀포시,제주 서귀포시 법환동 745-2 비스타케이4 7층 713호,"134,000,000","22,521,000",낙찰,"22,600,000",16.9%,2024-06-18,2024_2Q,3
제주 2계 2022-28920,단독주택,단독,단독주택,제주,제주시,제주 제주시 도평동 965-2 이성태씨주택,"1,029,080,180","247,082,000",낙찰,"286,500,000",27.8%,2024-02-13,2024_1Q,3
제주 6계 2022-29015,임야,임야,임야,제주,제주시,제주 제주시 조천읍 함덕리 71-2,"20,891,742,000","5,016,107,000",낙찰,"6,910,010,000",33.1%,2024-02-27,2024_1Q,3
제주 3계 2023-240,단독주택,단독,단독주택,제주,제주시,제주 제주시 조천읍 선흘리 2073 다동호,"1,627,128,680","558,105,000",낙찰,"751,000,150",46.2%,2024-03-26,2024_1Q,3
제주 1계 2023-349,다세대,다세대주택,다세대,제주,제주시,제주 제주시 아라일동 2345 아라탐라빌 103동 지1층 지101호,"173,000,000","84,770,000",낙찰,"90,100,000",52.1%,2024-01-02,2024_1Q,3
제주 6계 2023-394(2),전,전,전,제주,제주시,제주 제주시 구좌읍 송당리 267,"2,363,564,000","810,703,000",낙찰,"900,000,000",38.1%,2024-04-02,2024_2Q,3
제주 8계 2023-448,임야,임야,임야,제주,서귀포시,제주 서귀포시 서호동 437,"1,604,878,000","550,474,000",낙찰,"577,869,830",36.0%,2024-03-05,2024_1Q,3
제주 7계 2023-486,숙박시설,숙박시설,숙박시설,제주,서귀포시,제주 서귀포시 서호동 1522-2 EASTERN HOTEL JEJU 8층 812호,"154,000,000","25,883,000",낙찰,"83,000,000",53.9%,2024-02-20,2024_1Q,3
제주 1계 2023-523(2),숙박시설,숙박시설,숙박시설,제주,서귀포시,제주 서귀포시 서귀동 829-5 엠스테이호텔제주 10층 1011호,"113,000,000","27,131,000",낙찰,"34,120,000",30.2%,2024-01-02,2024_1Q,3
제주 1계 2023-585,전,전,전,제주,서귀포시,제주 서귀포시 대정읍 상모리 2910-1,"550,825,000","132,254,000",낙찰,"171,110,000",31.1%,2024-02-06,2024_1Q,3
제주 2계 2023-714,임야,임야,임야,제주,제주시,제주 제주시 애월읍 고내리 471-4,"1,232,550,000","422,765,000",낙찰,"622,222,000",50.5%,2024-01-09,2024_1Q,3
제주 1계 2023-820(1),아파트,아파트,아파트,제주,서귀포시,"제주 서귀포시 동홍동 1084 ,1085-1 포스트동홍1차 2층 203호","201,000,000","98,490,000",낙찰,"133,456,800",66.4%,2024-04-16,2024_2Q,3
제주 1계 2023-820(2),아파트,아파트,아파트,제주,서귀포시,"제주 서귀포시 동홍동 1084 ,1085-1 포스트동홍1차 3층 304호","327,000,000","228,900,000",낙찰,"228,910,000",70.0%,2024-02-06,2024_1Q,3
제주 1계 2023-820(3),아파트,아파트,아파트,제주,서귀포시,"제주 서귀포시 동홍동 1084 ,1085-1 포스트동홍1차 4층 403호","262,000,000","128,380,000",낙찰,"193,400,000",73.8%,2024-04-16,2024_2Q,3
제주 1계 2023-820(4),아파트,아파트,아파트,제주,서귀포시,"제주 서귀포시 동홍동 1084 ,1085-1 포스트동홍1차 4층 405호","331,000,000","162,190,000",낙찰,"235,444,000",71.1%,2024-04-16,2024_2Q,3
제주 1계 2023-820(5),아파트,아파트,아파트,제주,서귀포시,"제주 서귀포시 동홍동 1084 ,1085-1 포스트동홍1차 5층 503호","265,000,000","185,500,000",낙찰,"191,500,000",72.3%,2024-02-06,2024_1Q,3
제주 1계 2023-820(6),아파트,아파트,아파트,제주,서귀포시,"제주 서귀포시 동홍동 1084 ,1085-1 포스트동홍1차 6층 603호","268,000,000","131,320,000",낙찰,"197,600,000",73.7%,2024-04-16,2024_2Q,3
제주 1계 2023-820(7),아파트,아파트,아파트,제주,서귀포시,"제주 서귀포시 동홍동 1084 ,1085-1 포스트동홍1차 7층 701호","340,000,000","238,000,000",낙찰,"265,000,000",77.9%,2024-02-06,2024_1Q,3
제주 3계 2023-844(1),임야,임야,임야,제주,서귀포시,제주 서귀포시 대포동 104,"1,108,374,000","380,172,000",낙찰,"380,200,000",34.3%,2024-01-16,2024_1Q,3
제주 4계 2023-929,단독주택,단독,단독주택,제주,서귀포시,"제주 서귀포시 안덕면 사계리 791 ,803-1 1동","634,965,720","152,455,000",낙찰,"156,364,260",24.6%,2024-06-11,2024_2Q,3
제주 8계 2023-974,전,전,전,제주,제주시,제주 제주시 조천읍 교래리 237,"761,250,000","373,013,000",낙찰,"440,100,000",57.8%,2024-01-30,2024_1Q,3
제주 3계 2023-1076,임야,임야,임야,제주,제주시,제주 제주시 한경면 저지리 686,"234,763,000","80,524,000",낙찰,"80,524,000",34.3%,2024-01-16,2024_1Q,3
제주 8계 2023-1175(1),전,전,전,제주,서귀포시,제주 서귀포시 강정동 4042-5,"373,168,000","127,997,000",낙찰,"151,000,000",40.5%,2024-05-14,2024_2Q,3
제주 8계 2023-1175(2),창고,기타건물,창고,제주,서귀포시,제주 서귀포시 강정동 4182-1,"2,145,065,730","1,051,082,000",낙찰,"1,120,000,000",52.2%,2024-04-09,2024_2Q,3
제주 6계 2023-1373(2),다세대,다세대주택,다세대,제주,제주시,제주 제주시 이호일동 1927-6 백록휴레스트이호2차 B동 2층 202호,"260,000,000","127,400,000",낙찰,"168,910,000",65.0%,2024-01-23,2024_1Q,3
제주 3계 2023-1397,공장,공장(지식산업센터 업무시설),공장,제주,제주시,제주 제주시 조천읍 함덕리 290-40,"7,342,551,440","3,597,850,000",낙찰,"4,620,000,000",62.9%,2024-06-04,2024_2Q,3
제주 4계 2023-1403,근린상가,근린상가,근린상가,제주,제주시,제주 제주시 용담일동 264-3,"2,248,883,032","1,101,953,000",낙찰,"1,601,000,000",71.2%,2024-04-02,2024_2Q,3
제주 1계 2023-1557,대지,나대지,나대지,제주,제주시,제주 제주시 애월읍 신엄리 2848-6,"44,550,000","31,185,000",낙찰,"38,000,000",85.3%,2024-01-02,2024_1Q,3
제주 4계 2023-1588(4),대지,나대지,나대지,제주,서귀포시,제주 서귀포시 안덕면 서광리 319,"521,635,000","255,602,000",낙찰,"378,000,000",72.5%,2024-01-23,2024_1Q,3
제주 8계 2023-1649,전,전,전,제주,제주시,제주 제주시 구좌읍 종달리 2235,"149,104,500","35,800,000",낙찰,"42,600,000",28.6%,2024-03-05,2024_1Q,3
제주 8계 2023-1694(2),임야,임야,임야,제주,서귀포시,제주 서귀포시 남원읍 신흥리 2352,"44,848,000","10,768,000",낙찰,"13,010,000",29.0%,2024-03-05,2024_1Q,3
제주 1계 2023-1731,단독주택,단독,단독주택,제주,제주시,제주 제주시 한경면 저지리 3264-7,"796,267,500","273,120,000",낙찰,"400,500,000",50.3%,2024-03-12,2024_1Q,3
제주 8계 2023-1755,숙박시설,숙박시설,숙박시설,제주,서귀포시,"제주 서귀포시 강정동 162-1 ,162-2,162-3 호텔윈스카이 3층 호304A호","46,000,000","7,732,000",낙찰,"8,820,000",19.2%,2024-04-09,2024_2Q,3
제주 8계 2023-1762,근린상가,근린상가,근린상가,제주,제주시,제주 제주시 조천읍 대흘리 1730-3 메이플하우스유스호스텔 1층 103호,"37,000,000","12,691,000",낙찰,"14,377,000",38.9%,2024-01-30,2024_1Q,3
제주 6계 2023-1786,단독주택,단독,단독주택,제주,서귀포시,제주 서귀포시 중문동 1969,"974,838,750","477,671,000",낙찰,"559,564,200",57.4%,2024-05-07,2024_2Q,3
제주 7계 2023-1816(1),전,전,전,제주,서귀포시,제주 서귀포시 대정읍 하모리 1710-1,"329,825,000","79,192,000",낙찰,"85,100,000",25.8%,2024-01-16,2024_1Q,3
제주 7계 2023-1816(2),전,전,전,제주,서귀포시,제주 서귀포시 대정읍 동일리 1995-1,"402,900,000","96,737,000",낙찰,"101,000,000",25.1%,2024-01-16,2024_1Q,3
제주 7계 2023-1816(3),전,전,전,제주,서귀포시,제주 서귀포시 대정읍 하모리 2090-1,"417,520,000","100,247,000",낙찰,"113,880,000",27.3%,2024-04-30,2024_2Q,3
제주 6계 2023-1977,임야,임야,임야,제주,제주시,제주 제주시 조천읍 선흘리 3104,"923,302,000","452,418,000",낙찰,"467,000,000",50.6%,2024-02-27,2024_1Q,3
제주 2계 2023-1991,연립,연립주택,연립·빌라,제주,제주시,제주 제주시 해안동 2545-6 화이트디어해안Ⅱ 101동 1층 102호,"1,088,000,000","533,120,000",낙찰,"650,000,000",59.7%,2024-04-23,2024_2Q,3
제주 2계 2023-2031(1),오피스텔,오피스텔,오피스텔(업무용),제주,제주시,"제주 제주시 노형동 924-1 ,924-2,924-3,924-7 이편한세상시티노형 6층 615호","253,000,000","123,970,000",낙찰,"188,000,000",74.3%,2024-01-09,2024_1Q,3
제주 6계 2023-2130,과수원,과수원,과수원,제주,서귀포시,제주 서귀포시 표선면 토산리 358,"1,067,271,000","522,963,000",낙찰,"612,010,001",57.3%,2024-02-27,2024_1Q,3
제주 1계 2023-2147,전,전,전,제주,서귀포시,제주 서귀포시 표선면 가시리 2433,"1,106,250,000","542,063,000",낙찰,"633,700,000",57.3%,2024-01-02,2024_1Q,3
제주 5계 2023-2284,공장,공장(지식산업센터 업무시설),공장,제주,제주시,제주 제주시 애월읍 고성리 922-1,"1,991,331,250","975,752,000",낙찰,"1,120,949,350",56.3%,2024-03-05,2024_1Q,3
제주 8계 2023-2291,임야,임야,임야,제주,제주시,제주 제주시 구좌읍 송당리 산226,"4,857,685,300","3,400,380,000",낙찰,"3,400,380,000",70.0%,2024-06-18,2024_2Q,3
제주 6계 2023-2314,대지,나대지,나대지,제주,제주시,제주 제주시 애월읍 유수암리 2622,"188,700,000","132,090,000",낙찰,"133,100,000",70.5%,2024-01-23,2024_1Q,3
제주 7계 2023-2338,숙박시설,숙박시설,숙박시설,제주,제주시,제주 제주시 연동 282-3 호텔에어시티제주 3층 322호,"174,000,000","59,682,000",낙찰,"62,000,000",35.6%,2024-01-16,2024_1Q,3
제주 8계 2023-2383,대지,나대지,나대지,제주,제주시,제주 제주시 건입동 1154-1,"117,505,500","57,578,000",낙찰,"73,737,000",62.8%,2024-01-30,2024_1Q,3
제주 1계 2023-2444(1),임야,임야,임야,제주,서귀포시,제주 서귀포시 성산읍 수산리 1600-3,"1,949,808,000","955,406,000",낙찰,"1,200,000,000",61.5%,2024-02-06,2024_1Q,3
제주 1계 2023-2444(2),임야,임야,임야,제주,서귀포시,제주 서귀포시 성산읍 수산리 1600-15,"351,520,000","172,245,000",낙찰,"232,000,000",66.0%,2024-02-06,2024_1Q,3
제주 4계 2023-2475,근린상가,근린상가,근린상가,제주,서귀포시,제주 서귀포시 안덕면 사계리 121 G동 지1층 비01호,"24,010,000,000","11,764,900,000",낙찰,"15,110,000,000",62.9%,2024-02-27,2024_1Q,3
제주 8계 2023-2482(1),대지,나대지,나대지,제주,서귀포시,제주 서귀포시 안덕면 창천리 404-1,"286,772,000","98,363,000",낙찰,"146,200,000",51.0%,2024-03-05,2024_1Q,3
제주 8계 2023-2482(2),단독주택,단독,단독주택,제주,서귀포시,"제주 서귀포시 안덕면 창천리 456-4 ,409-3","377,241,600","184,848,000",낙찰,"203,500,000",53.9%,2024-01-30,2024_1Q,3
제주 8계 2023-2482(3),과수원,과수원,과수원,제주,서귀포시,제주 서귀포시 남원읍 하례리 926,"329,394,000","112,982,000",낙찰,"143,982,500",43.7%,2024-03-05,2024_1Q,3
제주 8계 2023-2499,전,전,전,제주,제주시,제주 제주시 한림읍 협재리 832-3,"659,358,000","226,160,000",낙찰,"286,523,000",43.5%,2024-03-05,2024_1Q,3
제주 3계 2023-2529(1),주상복합(주거),기타토지,기타토지,제주,제주시,제주 제주시 연동 293-15 민트하우스 3층 303호,"75,000,000","52,500,000",낙찰,"53,100,000",70.8%,2024-01-16,2024_1Q,3
제주 3계 2023-2529(2),주상복합(주거),기타토지,기타토지,제주,제주시,제주 제주시 연동 293-15 민트하우스 3층 305호,"106,000,000","51,940,000",낙찰,"76,850,000",72.5%,2024-02-20,2024_1Q,3
제주 3계 2023-2529(3),주상복합(주거),기타토지,기타토지,제주,제주시,제주 제주시 연동 293-15 민트하우스 9층 901호,"93,000,000","65,100,000",낙찰,"75,700,000",81.4%,2024-06-04,2024_2Q,3
제주 3계 2023-2529(4),주상복합(주거),기타토지,기타토지,제주,제주시,제주 제주시 연동 293-15 민트하우스 9층 902호,"82,000,000","57,400,000",낙찰,"68,532,899",83.6%,2024-03-26,2024_1Q,3
제주 3계 2023-2529(5),주상복합(주거),기타토지,기타토지,제주,제주시,제주 제주시 연동 293-15 민트하우스 9층 903호,"90,000,000","63,000,000",낙찰,"68,111,000",75.7%,2024-01-16,2024_1Q,3
제주 3계 2023-2529(6),주상복합(주거),기타토지,기타토지,제주,제주시,제주 제주시 연동 293-15 민트하우스 9층 904호,"118,000,000","82,600,000",낙찰,"87,111,000",73.8%,2024-01-16,2024_1Q,3
제주 3계 2023-2529(7),주상복합(주거),기타토지,기타토지,제주,제주시,제주 제주시 연동 293-15 민트하우스 10층 1001호,"91,000,000","63,700,000",낙찰,"75,100,000",82.5%,2024-03-26,2024_1Q,3
제주 3계 2023-2529(8),주상복합(주거),기타토지,기타토지,제주,제주시,제주 제주시 연동 293-15 민트하우스 10층 1002호,"82,000,000","57,400,000",낙찰,"63,589,999",77.5%,2024-03-26,2024_1Q,3
제주 3계 2023-2529(9),주상복합(주거),기타토지,기타토지,제주,제주시,제주 제주시 연동 293-15 민트하우스 10층 1003호,"90,000,000","63,000,000",낙찰,"65,200,000",72.4%,2024-01-16,2024_1Q,3
제주 3계 2023-2529(10),주상복합(주거),기타토지,기타토지,제주,제주시,제주 제주시 연동 293-15 민트하우스 10층 1004호,"118,000,000","82,600,000",낙찰,"85,270,000",72.3%,2024-01-16,2024_1Q,3
제주 8계 2023-2536,단독주택,단독,단독주택,제주,제주시,제주 제주시 애월읍 유수암리 154-5 이타스유수암타운하우스2동,"381,152,690","186,765,000",낙찰,"200,700,000",52.7%,2024-01-30,2024_1Q,3
제주 7계 2023-2574(1),근린상가,근린상가,근린상가,제주,제주시,"제주 제주시 구좌읍 월정리 33 ,33-11,38 머먹젠 1,2층 101호","1,816,000,000","436,022,000",낙찰,"674,383,800",37.1%,2024-04-30,2024_2Q,3
제주 7계 2023-2574(2),다세대,다세대주택,다세대,제주,제주시,"제주 제주시 구좌읍 월정리 33 ,33-11,38 머먹젠 3층 주104호","701,000,000","343,490,000",낙찰,"351,000,000",50.1%,2024-04-30,2024_2Q,3
제주 1계 2023-2635(1),전,전,전,제주,제주시,제주 제주시 한경면 고산리 1669-4,"344,850,000","168,977,000",낙찰,"189,155,000",54.9%,2024-02-06,2024_1Q,3
제주 1계 2023-2635(2),전,전,전,제주,제주시,제주 제주시 한경면 고산리 1669-12,"354,882,000","173,892,000",낙찰,"200,155,000",56.4%,2024-02-06,2024_1Q,3
제주 8계 2023-2659,연립,연립주택,연립·빌라,제주,제주시,"제주 제주시 해안동 35-114 더 도무스2차 201동 1,2층 106호","559,065,400","273,942,000",낙찰,"300,560,000",53.8%,2024-01-30,2024_1Q,3
제주 8계 2023-2710,대지,나대지,나대지,제주,서귀포시,제주 서귀포시 대정읍 상모리 2695-11,"156,815,000","53,788,000",낙찰,"55,500,000",35.4%,2024-03-05,2024_1Q,3
제주 4계 2023-2833,다세대,다세대주택,다세대,제주,서귀포시,제주 서귀포시 토평동 557-3 우리가 3동 3층 301호,"459,000,000","224,910,000",낙찰,"228,143,219",49.7%,2024-04-02,2024_2Q,3
제주 7계 2023-2864,숙박시설,숙박시설,숙박시설,제주,제주시,제주 제주시 연동 274-64 디오션시티2차 10층 1022호,"95,000,000","46,550,000",낙찰,"63,010,000",66.3%,2024-03-26,2024_1Q,3
제주 8계 2023-2918,숙박시설,숙박시설,숙박시설,제주,서귀포시,제주 서귀포시 서호동 1522-2 EASTERN HOTEL JEJU 9층 921호,"153,000,000","36,735,000",낙찰,"38,450,000",25.1%,2024-06-18,2024_2Q,3
제주 8계 2023-2956,단독주택,단독,단독주택,제주,서귀포시,제주 서귀포시 남원읍 태흥리 105-3,"463,198,500","226,967,000",낙찰,"255,000,000",55.1%,2024-03-05,2024_1Q,3
제주 7계 2023-3003,숙박시설,숙박시설,숙박시설,제주,제주시,제주 제주시 이도이동 1025-8 라마다제주시티홀 4층 441호,"142,000,000","69,580,000",낙찰,"69,683,210",49.1%,2024-02-20,2024_1Q,3
제주 8계 2023-3027,숙박시설,숙박시설,숙박시설,제주,제주시,"제주 제주시 연동 281-22 ,281-24,281-26,281-40 하워드존슨제주호텔 9층 905호","174,000,000","59,682,000",낙찰,"71,620,000",41.2%,2024-04-09,2024_2Q,3
제주 8계 2023-3102,임야,임야,임야,제주,서귀포시,제주 서귀포시 성산읍 난산리 2716,"5,884,720,000","4,119,304,000",낙찰,"4,623,900,000",78.6%,2024-01-30,2024_1Q,3
제주 7계 2023-3195(5),다세대,다세대주택,다세대,제주,제주시,"제주 제주시 구좌읍 월정리 33 ,33-11,38 머먹젠 3층 주106호","183,000,000","89,670,000",낙찰,"133,827,900",73.1%,2024-01-16,2024_1Q,3
제주 5계 2023-3225,전,전,전,제주,제주시,제주 제주시 구좌읍 평대리 1425,"387,204,000","189,730,000",낙찰,"203,500,000",52.6%,2024-01-30,2024_1Q,3
제주 6계 2023-3232,단독주택,단독,단독주택,제주,제주시,제주 제주시 일도이동 988-3,"171,332,640","83,953,000",낙찰,"91,000,000",53.1%,2024-05-07,2024_2Q,3
제주 4계 2023-3270,오피스텔(주거),오피스텔,오피스텔(업무용),제주,제주시,"제주 제주시 일도이동 602-1 ,602-2,602-3,602-4,602-5,602-9,602-11,602-13 제주신항코아루디펠리체 2층 236호","136,000,000","66,640,000",낙찰,"79,963,000",58.8%,2024-01-23,2024_1Q,3
제주 7계 2023-3317,다세대,다세대주택,다세대,제주,제주시,제주 제주시 애월읍 하가리 1365 오렌지트리빌리지1차 102동 1층 102호,"304,000,000","148,960,000",낙찰,"183,199,999",60.3%,2024-01-16,2024_1Q,3
제주 4계 2023-3355,양어장,기타건물,기타건물,제주,서귀포시,"제주 서귀포시 성산읍 온평리 1218-2 ,1210-3,1211,1215,1216 2호","8,520,985,250","5,964,690,000",낙찰,"6,710,000,000",78.7%,2024-05-07,2024_2Q,3
제주 7계 2023-3430,잡종지,잡종지,잡종지,제주,서귀포시,제주 서귀포시 안덕면 서광리 232,"185,740,000","91,013,000",낙찰,"95,000,000",51.1%,2024-01-16,2024_1Q,3
제주 8계 2023-3447,과수원,과수원,과수원,제주,제주시,제주 제주시 애월읍 유수암리 2043-1,"112,574,000","78,802,000",낙찰,"84,430,000",75.0%,2024-04-09,2024_2Q,3
제주 8계 2023-3508,오피스텔(주거),오피스텔,오피스텔(업무용),제주,제주시,제주 제주시 조천읍 조천리 2371-2 조천휴미래 7층 803호,"327,000,000","228,900,000",낙찰,"241,888,050",74.0%,2024-01-30,2024_1Q,3
제주 1계 2023-3539,전,전,전,제주,제주시,제주 제주시 한경면 두모리 112-4,"257,240,000","126,048,000",낙찰,"138,578,000",53.9%,2024-06-25,2024_2Q,3
제주 8계 2023-3560,점포,근린상가,점포상가,제주,제주시,제주 제주시 구좌읍 김녕리 3531,"342,839,920","167,992,000",낙찰,"207,303,000",60.5%,2024-05-14,2024_2Q,3
제주 1계 2023-3591,단독주택,단독,단독주택,제주,제주시,제주 제주시 애월읍 유수암리 2151,"412,275,600","202,015,000",낙찰,"247,770,000",60.1%,2024-01-02,2024_1Q,3
제주 2계 2023-3638,단독주택,단독,단독주택,제주,제주시,제주 제주시 한경면 고산리 3902,"208,138,750","145,697,000",낙찰,"167,550,000",80.5%,2024-04-23,2024_2Q,3
제주 5계 2023-3645,전,전,전,제주,제주시,제주 제주시 애월읍 광령리 718,"441,427,000","151,409,000",낙찰,"175,999,000",39.9%,2024-01-30,2024_1Q,3
제주 6계 2023-3652,임야,임야,임야,제주,서귀포시,제주 서귀포시 토평동 2907-1,"1,544,290,000","529,691,000",낙찰,"641,990,000",41.6%,2024-04-02,2024_2Q,3
제주 7계 2023-3669(1),연립,연립주택,연립·빌라,제주,서귀포시,제주 서귀포시 대포동 2612 중문오션힐스 3층 306호,"362,000,000","177,380,000",낙찰,"208,886,660",57.7%,2024-02-20,2024_1Q,3
제주 7계 2023-3676(2),임야,임야,임야,제주,제주시,제주 제주시 한림읍 협재리 348,"196,224,000","96,150,000",낙찰,"111,000,000",56.6%,2024-04-30,2024_2Q,3
제주 8계 2023-3744,연립,연립주택,연립·빌라,제주,제주시,제주 제주시 오라이동 638 고든빌 3층 301호,"357,000,000","249,900,000",낙찰,"255,670,000",71.6%,2024-01-30,2024_1Q,3
제주 1계 2023-3782,임야,임야,임야,제주,서귀포시,제주 서귀포시 안덕면 상창리 141-6,"1,118,688,000","548,157,000",낙찰,"559,999,900",50.1%,2024-05-21,2024_2Q,3
제주 2계 2023-3799,선박,기타토지,기타토지,제주,서귀포시,제주 서귀포시 성산읍 성산리 성산항(제3자(주)세경)내 정박,"1,023,796,000","501,660,000",낙찰,"511,999,000",50.0%,2024-01-09,2024_1Q,3
제주 8계 2023-3942,전,전,전,제주,제주시,제주 제주시 구좌읍 종달리 2037,"159,879,000","78,341,000",낙찰,"86,110,000",53.9%,2024-04-09,2024_2Q,3
제주 3계 2023-3973,답,답,답,제주,서귀포시,제주 서귀포시 안덕면 사계리 3100,"167,090,000","40,118,000",낙찰,"46,700,000",27.9%,2024-06-04,2024_2Q,3
제주 8계 2023-3997,양어장,기타건물,기타건물,제주,서귀포시,"제주 서귀포시 남원읍 태흥리 71 ,72,68-2","6,069,014,080","2,973,817,000",낙찰,"3,532,000,000",58.2%,2024-06-18,2024_2Q,3
제주 2계 2023-4044,단독주택,단독,단독주택,제주,제주시,제주 제주시 한경면 청수리 613-5,"670,639,000","328,613,000",낙찰,"344,111,000",51.3%,2024-03-19,2024_1Q,3
제주 7계 2023-4143,아파트형공장,공장(지식산업센터 업무시설),공장,제주,서귀포시,제주 서귀포시 서호동 1605 제주유포리아지식산업센터 이존동 지1층 비1-109호,"75,000,000","25,725,000",낙찰,"27,888,000",37.2%,2024-03-26,2024_1Q,3
제주 4계 2023-4167(1),목장용지,기타토지,목장용지,제주,제주시,제주 제주시 조천읍 선흘리 2153-4,"2,276,186,000","546,512,000",낙찰,"635,550,000",27.9%,2024-04-02,2024_2Q,3
제주 8계 2023-4181,목장용지,기타토지,목장용지,제주,제주시,제주 제주시 구좌읍 송당리 2239-7,"395,148,000","276,604,000",낙찰,"308,215,440",78.0%,2024-03-05,2024_1Q,3
제주 7계 2023-4204,과수원,과수원,과수원,제주,제주시,제주 제주시 오라삼동 2659,"2,225,419,000","763,319,000",낙찰,"986,775,607",44.3%,2024-04-30,2024_2Q,3
제주 1계 2023-4259,숙박시설,숙박시설,숙박시설,제주,제주시,제주 제주시 연동 274-64 디오션시티2차 8층 811호,"216,000,000","74,088,000",낙찰,"97,200,000",45.0%,2024-04-16,2024_2Q,3
제주 8계 2023-4334,대지,나대지,나대지,제주,제주시,제주 제주시 애월읍 광령리 2475-1,"312,488,000","153,119,000",낙찰,"181,100,000",58.0%,2024-04-09,2024_2Q,3
제주 8계 2023-4389,숙박시설,숙박시설,숙박시설,제주,서귀포시,제주 서귀포시 성산읍 고성리 329-1 제주성산골든튤립호텔 7층 801호,"246,000,000","59,065,000",낙찰,"68,080,000",27.7%,2024-06-18,2024_2Q,3
제주 1계 2023-4396,전,전,전,제주,제주시,제주 제주시 오등동 487,"901,244,500","630,871,000",낙찰,"666,888,000",74.0%,2024-01-02,2024_1Q,3
제주 1계 2023-4440,연립,연립주택,연립·빌라,제주,서귀포시,제주 서귀포시 남원읍 남원리 1352 디자인타운 4층 407호,"262,000,000","128,380,000",낙찰,"137,399,000",52.4%,2024-03-12,2024_1Q,3
제주 7계 2023-4457,연립,연립주택,연립·빌라,제주,서귀포시,제주 서귀포시 법환동 212 디자인뷰 105동 3층 302호,"379,000,000","185,710,000",낙찰,"200,510,000",52.9%,2024-02-20,2024_1Q,3
제주 8계 2023-4464,연립,연립주택,연립·빌라,제주,서귀포시,제주 서귀포시 남원읍 남원리 1352 디자인타운 5층 508호,"373,000,000","182,770,000",낙찰,"201,277,000",54.0%,2024-04-09,2024_2Q,3
제주 8계 2023-4525,전,전,전,제주,제주시,제주 제주시 구좌읍 종달리 441,"634,592,000","217,665,000",낙찰,"247,665,550",39.0%,2024-05-14,2024_2Q,3
제주 7계 2023-4570,전,전,전,제주,제주시,제주 제주시 한림읍 동명리 556-1,"144,716,000","49,638,000",낙찰,"68,250,000",47.2%,2024-04-30,2024_2Q,3
제주 4계 2023-4587(1),단독주택,단독,단독주택,제주,제주시,제주 제주시 봉개동 2410-1,"434,405,000","304,084,000",낙찰,"305,000,000",70.2%,2024-02-27,2024_1Q,3
제주 4계 2023-4587(2),연립,연립주택,연립·빌라,제주,제주시,"제주 제주시 아라일동 6143-8 ,6142,6141-2 천일103 다동 4층 403호","284,000,000","139,160,000",낙찰,"201,230,000",70.9%,2024-04-02,2024_2Q,3
제주 7계 2023-4617,다세대,다세대주택,다세대,제주,서귀포시,제주 서귀포시 서홍동 317 미주빌라 다동 2층 203호,"89,000,000","62,300,000",낙찰,"68,661,000",77.1%,2024-01-16,2024_1Q,3
제주 3계 2023-4631,연립,연립주택,연립·빌라,제주,제주시,제주 제주시 연동 326-2 연동2차미화 1층 103호,"41,000,000","20,090,000",낙찰,"21,329,900",52.0%,2024-02-20,2024_1Q,3
제주 8계 2023-4648,아파트,아파트,아파트,제주,서귀포시,제주 서귀포시 성산읍 고성리 1132-21 동명 나동 5층 501호,"114,000,000","55,860,000",낙찰,"75,111,100",65.9%,2024-05-14,2024_2Q,3
제주 1계 2023-4679,과수원,과수원,과수원,제주,서귀포시,제주 서귀포시 남원읍 한남리 437,"724,896,050","355,199,000",낙찰,"401,128,000",55.3%,2024-01-02,2024_1Q,3
제주 4계 2023-4761,전,전,전,제주,제주시,제주 제주시 해안동 1866,"2,737,374,000","1,916,162,000",낙찰,"1,917,222,000",70.0%,2024-02-27,2024_1Q,3
제주 8계 2023-4785,다세대,다세대주택,다세대,제주,서귀포시,제주 서귀포시 법환동 367-1 남도빌라 2층 202호,"91,000,000","63,700,000",낙찰,"71,100,000",78.1%,2024-04-09,2024_2Q,3
제주 7계 2023-4792,임야,임야,임야,제주,서귀포시,제주 서귀포시 표선면 성읍리 221,"148,876,000","72,949,000",낙찰,"88,888,000",59.7%,2024-02-20,2024_1Q,3
제주 7계 2023-4815,단독주택,단독,단독주택,제주,서귀포시,제주 서귀포시 표선면 세화리 215 다미타운하우스 105호,"333,389,770","163,361,000",낙찰,"205,000,000",61.5%,2024-04-30,2024_2Q,3
제주 7계 2023-4860,전,전,전,제주,제주시,제주 제주시 한림읍 상대리 633-17,"250,048,000","60,037,000",낙찰,"72,500,000",29.0%,2024-06-04,2024_2Q,3
제주 8계 2023-4907,연립,연립주택,연립·빌라,제주,서귀포시,제주 서귀포시 법환동 212 디자인뷰 105동 4층 403호,"390,000,000","133,770,000",낙찰,"196,500,000",50.4%,2024-06-18,2024_2Q,3
제주 1계 2023-4914,연립,연립주택,연립·빌라,제주,서귀포시,제주 서귀포시 법환동 212 디자인뷰 106동 5층 503호,"460,000,000","225,400,000",낙찰,"232,500,000",50.5%,2024-03-12,2024_1Q,3
제주 7계 2023-4921,숙박시설,숙박시설,숙박시설,제주,서귀포시,"제주 서귀포시 서귀동 182 ,186,199-1,201-1,201-2,202-2,202-6,961-57,961-110,961-111 글램블루호텔 2층 202호","150,000,000","36,015,000",낙찰,"37,100,000",24.7%,2024-06-04,2024_2Q,3
제주 7계 2023-4938,숙박시설,숙박시설,숙박시설,제주,서귀포시,"제주 서귀포시 서귀동 182 ,186,199-1,201-1,201-2,202-2,202-6,961-57,961-110,961-111 글램블루호텔 3층 308호","150,000,000","36,015,000",낙찰,"37,100,000",24.7%,2024-06-04,2024_2Q,3
제주 8계 2023-4969,숙박시설,숙박시설,숙박시설,제주,서귀포시,"제주 서귀포시 서귀동 182 ,186,199-1,201-1,201-2,202-2,202-6,961-57,961-110,961-111 글램블루호텔 7층 705호","112,000,000","38,416,000",낙찰,"38,450,000",34.3%,2024-06-18,2024_2Q,3
제주 7계 2023-4976,연립,연립주택,연립·빌라,제주,서귀포시,제주 서귀포시 남원읍 남원리 1352 디자인타운 3층 307호,"368,000,000","180,320,000",낙찰,"181,320,000",49.3%,2024-03-26,2024_1Q,3
제주 7계 2023-4983,연립,연립주택,연립·빌라,제주,서귀포시,제주 서귀포시 남원읍 남원리 1352 디자인타운 2층 207호,"297,000,000","145,530,000",낙찰,"150,070,000",50.5%,2024-03-26,2024_1Q,3
제주 8계 2023-4990,연립,연립주택,연립·빌라,제주,서귀포시,제주 서귀포시 남원읍 남원리 1352 디자인타운 2층 206호,"371,000,000","181,790,000",낙찰,"183,657,600",49.5%,2024-05-14,2024_2Q,3
제주 8계 2023-5009,연립,연립주택,연립·빌라,제주,서귀포시,제주 서귀포시 남원읍 남원리 1352 디자인타운 3층 306호,"389,000,000","133,427,000",낙찰,"156,100,000",40.1%,2024-06-18,2024_2Q,3
제주 5계 2023-5016,전,전,전,제주,제주시,제주 제주시 구좌읍 종달리 339,"1,098,904,000","263,847,000",낙찰,"374,000,000",34.0%,2024-05-14,2024_2Q,3
제주 8계 2023-5023,아파트,아파트,아파트,제주,제주시,제주 제주시 조천읍 신촌리 1789-1 라스위트 7층 803호,"355,000,000","248,500,000",낙찰,"289,000,000",81.4%,2024-04-09,2024_2Q,3
제주 7계 2023-5030,연립,연립주택,연립·빌라,제주,서귀포시,제주 서귀포시 법환동 212 디자인뷰 107동 5층 505호,"491,000,000","240,590,000",낙찰,"262,480,000",53.5%,2024-03-26,2024_1Q,3
제주 7계 2023-5047,연립,연립주택,연립·빌라,제주,서귀포시,제주 서귀포시 법환동 212 디자인뷰 105동 3층 305호,"501,000,000","245,490,000",낙찰,"255,100,000",50.9%,2024-03-26,2024_1Q,3
제주 6계 2023-5085,임야,임야,임야,제주,제주시,제주 제주시 구좌읍 평대리 2996,"546,320,000","187,388,000",낙찰,"189,900,000",34.8%,2024-05-07,2024_2Q,3
제주 7계 2023-5160,과수원,과수원,과수원,제주,서귀포시,제주 서귀포시 표선면 토산리 595-1,"468,875,000","328,213,000",낙찰,"417,500,000",89.0%,2024-04-30,2024_2Q,3
제주 4계 2023-5184,전,전,전,제주,제주시,제주 제주시 애월읍 광령리 2562,"2,599,488,000","1,273,749,000",낙찰,"1,469,000,000",56.5%,2024-05-07,2024_2Q,3
제주 5계 2023-5191,숙박시설,숙박시설,숙박시설,제주,서귀포시,제주 서귀포시 성산읍 고성리 298-5 제주성산라마다앙코르호텔 2층 212호,"151,000,000","17,765,000",낙찰,"24,200,000",16.0%,2024-05-14,2024_2Q,3
제주 7계 2023-5214(2),전,전,전,제주,서귀포시,제주 서귀포시 대정읍 가파리 442-1,"240,380,000","57,715,000",낙찰,"62,900,000",26.2%,2024-06-04,2024_2Q,3
제주 8계 2023-5245,임야,임야,임야,제주,서귀포시,제주 서귀포시 성산읍 고성리 2728-5,"45,510,000","22,300,000",낙찰,"22,550,000",49.5%,2024-05-14,2024_2Q,3
제주 8계 2023-5306,대지,나대지,나대지,제주,서귀포시,제주 서귀포시 중문동 1510,"272,111,700","190,478,000",낙찰,"217,780,000",80.0%,2024-04-09,2024_2Q,3
제주 8계 2023-5320,오피스텔,오피스텔,오피스텔(업무용),제주,제주시,제주 제주시 조천읍 함덕리 1045 함덕빌드웰비치타운 6층 602호,"431,000,000","211,190,000",낙찰,"282,000,000",65.4%,2024-05-14,2024_2Q,3
제주 1계 2023-5337,연립,연립주택,연립·빌라,제주,서귀포시,제주 서귀포시 중문동 2412-2 중문엠블렘세레스빌 2층 202호,"529,000,000","259,210,000",낙찰,"370,500,000",70.0%,2024-05-21,2024_2Q,3
제주 4계 2023-5429(1),대지,나대지,나대지,제주,제주시,제주 제주시 구좌읍 송당리 2830,"205,145,600","143,602,000",낙찰,"144,000,000",70.2%,2024-02-27,2024_1Q,3
제주 4계 2023-5429(2),대지,나대지,나대지,제주,제주시,제주 제주시 구좌읍 송당리 2830-1,"174,746,000","122,322,000",낙찰,"146,780,000",84.0%,2024-02-27,2024_1Q,3
제주 4계 2023-5429(3),대지,나대지,나대지,제주,제주시,제주 제주시 구좌읍 송당리 2830-3,"245,575,000","120,332,000",낙찰,"144,111,000",58.7%,2024-04-02,2024_2Q,3
제주 4계 2023-5429(4),대지,나대지,나대지,제주,제주시,제주 제주시 구좌읍 송당리 2831-4,"286,185,200","98,162,000",낙찰,"156,100,000",54.5%,2024-06-11,2024_2Q,3
제주 7계 2023-5450,전,전,전,제주,제주시,제주 제주시 한림읍 월림리 1023,"482,550,000","165,515,000",낙찰,"190,500,000",39.5%,2024-04-30,2024_2Q,3
제주 3계 2023-5535,단독주택,단독,단독주택,제주,서귀포시,제주 서귀포시 표선면 세화리 1522-14,"581,038,080","284,709,000",낙찰,"347,200,000",59.8%,2024-04-30,2024_2Q,3
제주 6계 2023-5566,근린상가,근린상가,근린상가,제주,서귀포시,제주 서귀포시 대정읍 보성리 2477 이노에듀파크 1층 109호,"572,000,000","196,196,000",낙찰,"228,800,000",40.0%,2024-06-11,2024_2Q,3
제주 7계 2023-5573,연립,연립주택,연립·빌라,제주,서귀포시,"제주 서귀포시 동홍동 1902-7 ,1909,1910-4 루체비스타 103동 4층 402호","448,000,000","313,600,000",낙찰,"315,700,000",70.5%,2024-02-20,2024_1Q,3
제주 6계 2023-5689,오피스텔(주거),오피스텔,오피스텔(업무용),제주,제주시,"제주 제주시 이도일동 1690-4 ,1690-6 제주트리뷰아일랜드 1동 5층 502호","100,000,000","49,000,000",낙찰,"49,000,000",49.0%,2024-06-11,2024_2Q,3
제주 1계 2023-5696,오피스텔(주거),오피스텔,오피스텔(업무용),제주,제주시,"제주 제주시 이도일동 1690-4 ,1690-6 제주트리뷰아일랜드 1동 3층 313호","146,000,000","50,078,000",낙찰,"50,078,000",34.3%,2024-04-16,2024_2Q,3
제주 7계 2023-5702,단독주택,단독,단독주택,제주,제주시,"제주 제주시 조천읍 와흘리 1753-3 ,1749,1753-4 1동","516,093,920","252,886,000",낙찰,"337,500,000",65.4%,2024-04-30,2024_2Q,3
제주 5계 2023-5733,과수원,과수원,과수원,제주,서귀포시,제주 서귀포시 남원읍 하례리 1399-1,"402,165,000","197,061,000",낙찰,"225,288,000",56.0%,2024-03-05,2024_1Q,3
제주 8계 2023-5740,전,전,전,제주,제주시,제주 제주시 한경면 청수리 987,"232,960,000","163,072,000",낙찰,"183,333,333",78.7%,2024-05-14,2024_2Q,3
제주 7계 2023-5764,다세대,다세대주택,다세대,제주,제주시,제주 제주시 노형동 3701-5 노형스카이팜 102동 3층 302호,"451,000,000","220,990,000",낙찰,"335,330,000",74.4%,2024-04-30,2024_2Q,3
제주 7계 2023-5771,다세대,다세대주택,다세대,제주,제주시,제주 제주시 애월읍 고내리 730-7 하이인힐하우스 B동 2층 201호,"497,000,000","243,530,000",낙찰,"244,000,000",49.1%,2024-06-04,2024_2Q,3
제주 8계 2023-5788,연립,연립주택,연립·빌라,제주,제주시,제주 제주시 조천읍 신촌리 1331 제주조천코아루더테라스 102동 4층 402호,"342,000,000","239,400,000",낙찰,"292,000,000",85.4%,2024-06-18,2024_2Q,3
제주 4계 2023-5856,전,전,전,제주,제주시,제주 제주시 조천읍 와산리 871,"920,160,000","450,878,000",낙찰,"551,190,000",59.9%,2024-02-27,2024_1Q,3
제주 6계 2023-5870,목장용지,기타토지,목장용지,제주,제주시,제주 제주시 한경면 청수리 609-2,"524,302,000","179,836,000",낙찰,"210,000,000",40.1%,2024-05-07,2024_2Q,3
제주 1계 2023-5931(1),단독주택,단독,단독주택,제주,제주시,제주 제주시 애월읍 하귀1리 617-7,"193,332,600","94,733,000",낙찰,"119,888,888",62.0%,2024-04-16,2024_2Q,3
제주 1계 2023-5931(2),전,전,전,제주,제주시,제주 제주시 애월읍 하귀1리 617-9,"573,666,000","281,096,000",낙찰,"500,000,000",87.2%,2024-04-16,2024_2Q,3
제주 4계 2023-5962(1),단독주택,단독,단독주택,제주,제주시,제주 제주시 조천읍 선흘리 543,"830,177,570","284,751,000",낙찰,"387,638,000",46.7%,2024-05-07,2024_2Q,3
제주 4계 2023-5962(2),전,전,전,제주,제주시,제주 제주시 조천읍 선흘리 543-1,"375,830,000","184,157,000",낙찰,"201,111,000",53.5%,2024-02-27,2024_1Q,3
제주 6계 2023-5986(1),전,전,전,제주,제주시,제주 제주시 구좌읍 행원리 702,"29,326,500","14,370,000",낙찰,"19,062,225",65.0%,2024-04-02,2024_2Q,3
제주 6계 2023-5986(2),단독주택,단독,단독주택,제주,제주시,제주 제주시 구좌읍 행원리 716,"49,387,800","24,200,000",낙찰,"25,000,000",50.6%,2024-04-02,2024_2Q,3
제주 1계 2023-5993,아파트,아파트,아파트,제주,제주시,"제주 제주시 연동 276-3 ,276-14 청목더웰연동 8층 813호","100,000,000","70,000,000",낙찰,"73,660,000",73.7%,2024-02-06,2024_1Q,3
제주 4계 2023-6026(1),중기,기타토지,기타토지,제주,제주시,제주 제주시 용담삼동 1274-1 제3자 현대물품보관소(주)에게 보관,"7,650,000","7,650,000",낙찰,"8,916,000",116.5%,2024-02-27,2024_1Q,3
제주 4계 2023-6026(2),중기,기타토지,기타토지,제주,제주시,제주 제주시 용담삼동 1274-1 제3자 현대물품보관소(주)에게 보관,"11,500,000","2,762,000",낙찰,"3,721,000",32.4%,2024-05-07,2024_2Q,3
제주 3계 2023-6071,전,전,전,제주,서귀포시,제주 서귀포시 보목동 466,"123,966,000","123,966,000",낙찰,"142,500,000",115.0%,2024-01-16,2024_1Q,3
제주 3계 2023-6156(1),주상복합(주거),기타토지,기타토지,제주,제주시,제주 제주시 외도일동 499-4 제웅스카이빌 4층 401호,"215,000,000","150,500,000",낙찰,"178,100,000",82.8%,2024-03-26,2024_1Q,3
제주 3계 2023-6156(2),오피스텔(주거),오피스텔,오피스텔(업무용),제주,제주시,"제주 제주시 삼도일동 584-5 ,584-6 어울림타워프로미스 13층 1302호","276,000,000","193,200,000",낙찰,"210,180,000",76.2%,2024-03-26,2024_1Q,3
제주 7계 2023-6194,임야,임야,임야,제주,제주시,제주 제주시 구좌읍 종달리 4016,"408,343,000","200,088,000",낙찰,"221,100,000",54.1%,2024-06-04,2024_2Q,3
제주 6계 2023-6262,전,전,전,제주,서귀포시,제주 서귀포시 색달동 1285,"971,940,000","333,376,000",낙찰,"410,000,000",42.2%,2024-06-11,2024_2Q,3
제주 8계 2023-6361,임야,임야,임야,제주,서귀포시,제주 서귀포시 대정읍 일과리 1133,"52,904,000","52,904,000",낙찰,"55,000,000",104.0%,2024-04-09,2024_2Q,3
제주 1계 2023-6385(1),임야,임야,임야,제주,제주시,제주 제주시 애월읍 어음리 1665-10,"127,281,000","62,368,000",낙찰,"63,000,000",49.5%,2024-04-16,2024_2Q,3
제주 1계 2023-6385(2),전,전,전,제주,서귀포시,제주 서귀포시 대정읍 무릉리 3946-10,"162,606,000","55,774,000",낙찰,"56,111,000",34.5%,2024-05-21,2024_2Q,3
제주 2계 2023-6392,연립,연립주택,연립·빌라,제주,제주시,제주 제주시 애월읍 고성리 1594 테라시티더숨 101A동 4층 404호,"774,000,000","379,260,000",낙찰,"528,520,000",68.3%,2024-05-28,2024_2Q,3
제주 3계 2023-6408,다세대,다세대주택,다세대,제주,제주시,제주 제주시 화북일동 1930-8 대림주택 4층 501호,"103,000,000","72,100,000",낙찰,"79,999,999",77.7%,2024-01-16,2024_1Q,3
제주 1계 2023-6453,과수원,과수원,과수원,제주,제주시,제주 제주시 봉개동 1699-3,"82,242,000","40,298,000",낙찰,"53,530,000",65.1%,2024-03-12,2024_1Q,3
제주 3계 2023-6484,다세대,다세대주택,다세대,제주,제주시,제주 제주시 이도이동 409-8 엘루체 4층 501호,"251,000,000","175,700,000",낙찰,"221,888,800",88.4%,2024-01-16,2024_1Q,3
제주 7계 2023-6545,아파트형공장,공장(지식산업센터 업무시설),공장,제주,서귀포시,제주 서귀포시 서호동 1605 제주유포리아지식산업센터 에이존동 3층 316호,"129,000,000","63,210,000",낙찰,"86,710,000",67.2%,2024-06-04,2024_2Q,3
제주 2계 2023-6590,다세대,다세대주택,다세대,제주,제주시,제주 제주시 아라일동 6077-1 비산쉐르빌 라동 2층 202호,"291,000,000","203,700,000",낙찰,"236,250,000",81.2%,2024-04-23,2024_2Q,3
제주 3계 2023-6606,오피스텔(주거),오피스텔,오피스텔(업무용),제주,제주시,제주 제주시 삼양이동 2174-19 청담휴클래스2 6층 602호,"175,000,000","122,500,000",낙찰,"131,250,000",75.0%,2024-01-16,2024_1Q,3
제주 1계 2023-6644,임야,임야,임야,제주,제주시,제주 제주시 구좌읍 세화리 산43-2,"22,477,400","22,477,400",낙찰,"22,477,400",100.0%,2024-03-12,2024_1Q,3
제주 3계 2023-6675,단독주택,단독,단독주택,제주,제주시,제주 제주시 해안동 1366-6 하이어스해안 106동호,"750,296,000","367,645,000",낙찰,"500,000,000",66.6%,2024-03-26,2024_1Q,3
제주 5계 2023-6682,다세대,다세대주택,다세대,제주,서귀포시,제주 서귀포시 안덕면 동광리 1602 마마뜰빌리지 3동 2층 201호,"426,000,000","208,740,000",낙찰,"235,966,900",55.4%,2024-03-05,2024_1Q,3
제주 3계 2023-6736,대지,나대지,나대지,제주,서귀포시,제주 서귀포시 신효동 637-4,"84,816,000","41,560,000",낙찰,"52,110,000",61.4%,2024-02-20,2024_1Q,3
제주 5계 2023-6743(1),오피스텔(주거),오피스텔,오피스텔(업무용),제주,제주시,제주 제주시 조천읍 조천리 2371-2 조천휴미래 2층 203호,"313,000,000","153,370,000",낙찰,"212,000,000",67.7%,2024-05-14,2024_2Q,3
제주 5계 2023-6743(2),오피스텔,오피스텔,오피스텔(업무용),제주,제주시,제주 제주시 조천읍 조천리 2371-2 조천휴미래 3층 302호,"315,000,000","154,350,000",낙찰,"195,500,000",62.1%,2024-05-14,2024_2Q,3
제주 5계 2023-6743(3),오피스텔(주거),오피스텔,오피스텔(업무용),제주,제주시,제주 제주시 조천읍 조천리 2371-2 조천휴미래 3층 305호,"312,000,000","218,400,000",낙찰,"221,000,000",70.8%,2024-04-09,2024_2Q,3
제주 5계 2023-6743(4),오피스텔(주거),오피스텔,오피스텔(업무용),제주,제주시,제주 제주시 조천읍 조천리 2371-2 조천휴미래 6층 701호,"342,000,000","167,580,000",낙찰,"241,000,000",70.5%,2024-05-14,2024_2Q,3
제주 5계 2023-6743(5),오피스텔(주거),오피스텔,오피스텔(업무용),제주,제주시,제주 제주시 조천읍 조천리 2371-2 조천휴미래 6층 703호,"342,000,000","239,400,000",낙찰,"241,110,000",70.5%,2024-04-09,2024_2Q,3
제주 5계 2023-6743(6),오피스텔,오피스텔,오피스텔(업무용),제주,제주시,제주 제주시 조천읍 조천리 2371-2 조천휴미래 7층 802호,"344,000,000","168,560,000",낙찰,"227,000,000",66.0%,2024-05-14,2024_2Q,3
제주 5계 2023-6743(7),오피스텔(주거),오피스텔,오피스텔(업무용),제주,제주시,제주 제주시 조천읍 조천리 2371-2 조천휴미래 7층 805호,"341,000,000","167,090,000",낙찰,"241,000,000",70.7%,2024-05-14,2024_2Q,3
제주 5계 2023-6811,연립,연립주택,연립·빌라,제주,서귀포시,"제주 서귀포시 동홍동 1902-7 ,1909,1910-4 루체비스타 101동 1층 104호","342,000,000","167,580,000",낙찰,"215,000,000",62.9%,2024-03-05,2024_1Q,3
제주 6계 2023-6828,연립,연립주택,연립·빌라,제주,서귀포시,"제주 서귀포시 동홍동 1902-7 ,1909,1910-4 루체비스타 101동 4층 404호","431,000,000","211,190,000",낙찰,"268,920,000",62.4%,2024-05-07,2024_2Q,3
제주 7계 2023-6835,연립,연립주택,연립·빌라,제주,서귀포시,제주 서귀포시 남원읍 남원리 1352 디자인타운 2층 208호,"366,000,000","179,340,000",낙찰,"187,000,000",51.1%,2024-06-04,2024_2Q,3
제주 3계 2023-6873,전,전,전,제주,서귀포시,제주 서귀포시 대정읍 무릉리 3728-1,"658,050,000","225,712,000",낙찰,"243,000,000",36.9%,2024-06-04,2024_2Q,3
제주 5계 2023-6880,단독주택,단독,단독주택,제주,제주시,제주 제주시 애월읍 봉성리 3182,"202,883,000","142,018,000",낙찰,"203,000,000",100.1%,2024-01-30,2024_1Q,3
제주 7계 2023-6903,선박,기타토지,기타토지,제주,제주시,제주 제주시 한림읍 한림리 한림항내 보관,"1,603,089,880","1,122,163,000",낙찰,"1,123,000,000",70.1%,2024-01-16,2024_1Q,3
제주 1계 2023-6934,다세대,다세대주택,다세대,제주,제주시,제주 제주시 이호일동 1927-6 백록휴레스트이호2차 A동 1층 101호,"235,000,000","164,500,000",낙찰,"183,300,000",78.0%,2024-04-16,2024_2Q,3
제주 3계 2023-6958(1),전,전,전,제주,제주시,제주 제주시 조천읍 함덕리 637,"310,310,000","152,052,000",낙찰,"152,100,000",49.0%,2024-04-30,2024_2Q,3
제주 5계 2023-6989,임야,임야,임야,제주,서귀포시,제주 서귀포시 안덕면 서광리 2489-31,"372,033,000","182,296,000",낙찰,"183,030,000",49.2%,2024-04-09,2024_2Q,3
제주 1계 2023-7036(1),다세대,다세대주택,다세대,제주,서귀포시,제주 서귀포시 호근동 634-1 휴-미래빌 101동 1층 102호,"295,000,000","144,550,000",낙찰,"172,250,000",58.4%,2024-03-12,2024_1Q,3
제주 1계 2023-7036(2),다세대,다세대주택,다세대,제주,서귀포시,제주 서귀포시 호근동 634-1 휴-미래빌 101동 2층 201호,"302,000,000","147,980,000",낙찰,"184,000,000",60.9%,2024-03-12,2024_1Q,3
제주 1계 2023-7036(3),다세대,다세대주택,다세대,제주,서귀포시,제주 서귀포시 호근동 634-1 휴-미래빌 101동 3층 301호,"302,000,000","147,980,000",낙찰,"187,000,000",61.9%,2024-03-12,2024_1Q,3
제주 1계 2023-7036(4),다세대,다세대주택,다세대,제주,서귀포시,제주 서귀포시 호근동 634-1 휴-미래빌 104동 2층 201호,"302,000,000","147,980,000",낙찰,"175,550,000",58.1%,2024-03-12,2024_1Q,3
제주 4계 2023-7067,전,전,전,제주,제주시,제주 제주시 한림읍 동명리 1058-1,"104,319,000","35,781,000",낙찰,"38,999,100",37.4%,2024-05-07,2024_2Q,3
제주 1계 2023-7104,전,전,전,제주,제주시,제주 제주시 건입동 636-11,"6,616,611,000","4,631,628,000",낙찰,"5,011,000,000",75.7%,2024-06-25,2024_2Q,3
제주 2계 2023-7135,아파트,아파트,아파트,제주,서귀포시,제주 서귀포시 동홍동 179 제이원타워 3층 335호,"58,500,000","40,950,000",낙찰,"44,191,900",75.5%,2024-04-23,2024_2Q,3
제주 8계 2023-7173,연립,연립주택,연립·빌라,제주,제주시,제주 제주시 오등동 1712 헤르지아 1층 102호,"211,000,000","147,700,000",낙찰,"200,190,000",94.9%,2024-06-18,2024_2Q,3
제주 1계 2023-7180,연립,연립주택,연립·빌라,제주,제주시,제주 제주시 용담일동 268-4 더 마라칸 2층 201호,"275,000,000","192,500,000",낙찰,"218,000,000",79.3%,2024-01-02,2024_1Q,3
제주 2계 2023-7197,전,전,전,제주,제주시,제주 제주시 애월읍 고성리 1110,"911,040,000","446,410,000",낙찰,"470,580,000",51.7%,2024-04-23,2024_2Q,3
제주 5계 2023-7227,임야,임야,임야,제주,제주시,제주 제주시 한림읍 상대리 185-6,"137,656,000","67,451,000",낙찰,"83,880,000",60.9%,2024-03-05,2024_1Q,3
제주 4계 2023-7371,연립,연립주택,연립·빌라,제주,제주시,제주 제주시 해안동 2545-6 화이트디어해안2 101동 3층 301호,"901,000,000","441,490,000",낙찰,"578,880,000",64.2%,2024-06-11,2024_2Q,3
제주 5계 2023-7388,연립,연립주택,연립·빌라,제주,제주시,제주 제주시 해안동 1719 화이트디어해안Ⅲ 4층 402호,"446,000,000","218,540,000",낙찰,"287,900,000",64.6%,2024-04-09,2024_2Q,3
제주 6계 2023-7395,다세대,다세대주택,다세대,제주,서귀포시,제주 서귀포시 안덕면 화순리 372-5 화순엘루체빌 A동 4층 401호,"203,000,000","142,100,000",낙찰,"157,000,000",77.3%,2024-06-11,2024_2Q,3
제주 3계 2023-7449,전,전,전,제주,서귀포시,제주 서귀포시 안덕면 서광리 230-1,"439,208,000","307,446,000",낙찰,"367,700,000",83.7%,2024-03-26,2024_1Q,3
제주 4계 2023-7456,오피스텔(주거),오피스텔,오피스텔(업무용),제주,서귀포시,"제주 서귀포시 동홍동 386-1 ,378,387 동홍동코아루오션뷰 6층 610호","233,000,000","114,170,000",낙찰,"127,500,000",54.7%,2024-02-27,2024_1Q,3
제주 5계 2023-7463,콘도,기타토지,기타토지,제주,서귀포시,제주 서귀포시 성산읍 고성리 105 제주오션스타콘도미니엄 지1층 시210호,"509,000,000","122,211,000",낙찰,"172,610,000",33.9%,2024-05-14,2024_2Q,3
제주 6계 2023-7470(1),전,전,전,제주,서귀포시,제주 서귀포시 안덕면 화순리 1919,"425,219,000","297,653,000",낙찰,"311,100,000",73.2%,2024-06-11,2024_2Q,3
제주 8계 2023-7579,다세대,다세대주택,다세대,제주,제주시,"제주 제주시 영평동 2661-3 ,2658,2660 블루마운틴 102동 1층 101호","296,000,000","207,200,000",낙찰,"240,000,000",81.1%,2024-06-18,2024_2Q,3
제주 3계 2023-7616(1),임야,임야,임야,제주,서귀포시,제주 서귀포시 성산읍 삼달리 1738-1,"123,640,000","60,584,000",낙찰,"78,150,000",63.2%,2024-04-30,2024_2Q,3
제주 3계 2023-7616(2),임야,임야,임야,제주,서귀포시,제주 서귀포시 성산읍 삼달리 1738-2,"116,424,000","57,048,000",낙찰,"73,350,000",63.0%,2024-04-30,2024_2Q,3
제주 4계 2023-7623,오피스텔(상가),근린상가,오피스텔(업무용),제주,서귀포시,제주 서귀포시 서귀동 163-11 남양리조텔 1층 101호,"78,000,000","38,220,000",낙찰,"42,230,000",54.1%,2024-04-02,2024_2Q,3
제주 5계 2023-7630,전,전,전,제주,제주시,제주 제주시 조천읍 와산리 329-3,"400,000,000","196,000,000",낙찰,"203,000,000",50.7%,2024-03-05,2024_1Q,3
제주 8계 2023-7739(3),오피스텔(주거),오피스텔,오피스텔(업무용),제주,제주시,제주 제주시 조천읍 조천리 2371-2 조천휴미래 4층 502호,"307,000,000","214,900,000",낙찰,"220,000,000",71.7%,2024-06-18,2024_2Q,3
제주 8계 2023-7739(4),오피스텔(주거),오피스텔,오피스텔(업무용),제주,제주시,제주 제주시 조천읍 조천리 2371-2 조천휴미래 4층 505호,"307,000,000","214,900,000",낙찰,"220,000,000",71.7%,2024-06-18,2024_2Q,3
제주 8계 2023-7739(6),오피스텔(주거),오피스텔,오피스텔(업무용),제주,제주시,제주 제주시 조천읍 조천리 2371-2 조천휴미래 6층 702호,"313,000,000","219,100,000",낙찰,"221,700,000",70.8%,2024-06-18,2024_2Q,3
제주 1계 2023-7753,다세대,다세대주택,다세대,제주,제주시,제주 제주시 내도동 905 하이어스9차 103동 2층 201호,"334,500,000","234,150,000",낙찰,"251,005,606",75.0%,2024-02-06,2024_1Q,3
제주 2계 2023-7760,단독주택,단독,단독주택,제주,제주시,"제주 제주시 한림읍 월령리 264-1 ,275,276,277 A동","2,103,092,980","1,030,516,000",낙찰,"1,099,900,000",52.3%,2024-05-28,2024_2Q,3
제주 4계 2023-7784(1),대지,나대지,나대지,제주,제주시,제주 제주시 봉개동 2751-20,"1,016,610,000","498,139,000",낙찰,"511,100,000",50.3%,2024-02-27,2024_1Q,3
제주 4계 2023-7784(2),대지,나대지,나대지,제주,제주시,제주 제주시 봉개동 2752-4,"521,738,000","255,652,000",낙찰,"256,653,000",49.2%,2024-02-27,2024_1Q,3
제주 4계 2023-7784(3),대지,나대지,나대지,제주,제주시,제주 제주시 봉개동 2753-2,"606,320,000","297,097,000",낙찰,"358,796,990",59.2%,2024-02-27,2024_1Q,3
제주 5계 2023-7791(3),전,전,전,제주,제주시,제주 제주시 한경면 고산리 1680-3,"315,096,000","154,397,000",낙찰,"161,000,000",51.1%,2024-06-18,2024_2Q,3
제주 7계 2023-7876,다세대,다세대주택,다세대,제주,서귀포시,제주 서귀포시 성산읍 신산리 1983 위듀파크 A동 1층 101호,"255,000,000","178,500,000",낙찰,"181,230,000",71.1%,2024-06-04,2024_2Q,3
제주 8계 2023-7883,다세대,다세대주택,다세대,제주,제주시,제주 제주시 아라이동 3028 해담채 3층 302호,"340,000,000","238,000,000",낙찰,"273,200,000",80.4%,2024-06-18,2024_2Q,3
제주 1계 2023-7890,아파트,아파트,아파트,제주,제주시,제주 제주시 일도이동 416-7 그랑팰리스 10층 1003호,"422,000,000","295,400,000",낙찰,"380,500,000",90.2%,2024-02-06,2024_1Q,3
제주 1계 2023-7975,점포,근린상가,점포상가,제주,제주시,제주 제주시 일도이동 71-12,"1,526,224,000","747,850,000",낙찰,"965,990,000",63.3%,2024-04-16,2024_2Q,3
제주 5계 2023-8015,근린상가,근린상가,근린상가,제주,서귀포시,제주 서귀포시 서귀동 290-13 가동호,"648,834,800","222,550,000",낙찰,"268,000,000",41.3%,2024-05-14,2024_2Q,3
제주 6계 2023-8022,전,전,전,제주,제주시,제주 제주시 애월읍 광령리 3429,"189,590,400","65,029,000",낙찰,"65,500,000",34.5%,2024-06-11,2024_2Q,3
제주 5계 2023-8053,연립,연립주택,연립·빌라,제주,서귀포시,"제주 서귀포시 동홍동 1902-7 ,1909,1910-4 루체비스타 103동 4층 404호","446,000,000","218,540,000",낙찰,"315,800,000",70.8%,2024-04-09,2024_2Q,3
제주 1계 2023-8169,오피스텔,오피스텔,오피스텔(업무용),제주,제주시,"제주 제주시 이도일동 1690-4 ,1690-6 제주트리뷰아일랜드 1동 2층 204호","98,000,000","68,600,000",낙찰,"73,700,000",75.2%,2024-03-12,2024_1Q,3
제주 3계 2023-8268,근린상가,근린상가,근린상가,제주,서귀포시,제주 서귀포시 서홍동 422-11,"1,290,179,210","903,125,000",낙찰,"1,000,001,004",77.5%,2024-03-26,2024_1Q,3
제주 4계 2023-8275,연립,연립주택,연립·빌라,제주,서귀포시,제주 서귀포시 남원읍 남원리 1352 디자인타운 3층 303호,"316,000,000","154,840,000",낙찰,"182,699,900",57.8%,2024-04-02,2024_2Q,3
제주 2계 2023-8343,단독주택,단독,단독주택,제주,제주시,제주 제주시 화북이동 2769-1 A동호,"1,491,916,740","1,044,342,000",낙찰,"1,155,880,000",77.5%,2024-04-23,2024_2Q,3
제주 5계 2023-8350,아파트,아파트,아파트,제주,제주시,제주 제주시 애월읍 하귀2리 1795-1 애월위너빌 6층 604호,"390,000,000","273,000,000",낙찰,"316,120,000",81.1%,2024-04-09,2024_2Q,3
제주 8계 2023-8381,전,전,전,제주,제주시,제주 제주시 애월읍 유수암리 2151-7,"182,214,000","89,285,000",낙찰,"103,001,000",56.5%,2024-05-14,2024_2Q,3
제주 6계 2023-8435,단독주택,단독,단독주택,제주,서귀포시,제주 서귀포시 안덕면 사계리 2092 4동,"800,352,000","392,172,000",낙찰,"520,200,000",65.0%,2024-06-11,2024_2Q,3
제주 1계 2023-8466,주상복합(주거),기타토지,기타토지,제주,제주시,제주 제주시 화북일동 1983-5 서화한빛 2층 203호,"255,000,000","178,500,000",낙찰,"201,100,000",78.9%,2024-03-12,2024_1Q,3
제주 3계 2023-8497,차량,기타토지,기타토지,제주,제주시,제주 제주시 용담삼동 1274-1 제3자 현대물품보관소(주)에게 보관,"28,000,000","19,600,000",낙찰,"23,500,000",83.9%,2024-02-20,2024_1Q,3
제주 1계 2023-8541(1),아파트,아파트,아파트,제주,서귀포시,제주 서귀포시 대정읍 상모리 3078 2층 204호,"261,000,000","127,890,000",낙찰,"186,080,000",71.3%,2024-05-21,2024_2Q,3
제주 1계 2023-8541(2),아파트,아파트,아파트,제주,서귀포시,제주 서귀포시 대정읍 상모리 3078 3층 303호,"240,000,000","117,600,000",낙찰,"159,200,000",66.3%,2024-05-21,2024_2Q,3
제주 5계 2023-8589,전,전,전,제주,서귀포시,제주 서귀포시 하예동 1915,"1,414,030,000","692,875,000",낙찰,"708,000,000",50.1%,2024-04-09,2024_2Q,3
제주 4계 2023-8695,단독주택,단독,단독주택,제주,서귀포시,제주 서귀포시 표선면 가시리 1131-19,"270,179,580","132,388,000",낙찰,"195,300,000",72.3%,2024-04-02,2024_2Q,3
제주 3계 2023-8763,전,전,전,제주,서귀포시,제주 서귀포시 남원읍 신흥리 1208,"537,537,000","376,276,000",낙찰,"376,770,000",70.1%,2024-06-04,2024_2Q,3
제주 5계 2023-8770,오피스텔(주거),오피스텔,오피스텔(업무용),제주,제주시,제주 제주시 노형동 722-3 메르헨하우스2 11층 1132호,"61,000,000","42,700,000",낙찰,"48,600,000",79.7%,2024-04-09,2024_2Q,3
제주 1계 2023-8800,다세대,다세대주택,다세대,제주,서귀포시,제주 서귀포시 성산읍 고성리 557-9 섭지언니빌 6층 601호,"332,000,000","162,680,000",낙찰,"227,254,000",68.5%,2024-04-16,2024_2Q,3
제주 2계 2023-8817,아파트,아파트,아파트,제주,제주시,"제주 제주시 연동 284-7 ,284-5 미도스카이빌 3층 301호","98,000,000","68,600,000",낙찰,"83,617,000",85.3%,2024-05-28,2024_2Q,3
제주 3계 2023-8824,과수원,과수원,과수원,제주,서귀포시,제주 서귀포시 호근동 2021-5,"437,532,000","306,272,000",낙찰,"311,250,000",71.1%,2024-03-26,2024_1Q,3
제주 2계 2023-8879,아파트,아파트,아파트,제주,제주시,제주 제주시 연동 2331-1 신우스위트빌 5층 601호,"337,000,000","235,900,000",낙찰,"251,111,000",74.5%,2024-03-19,2024_1Q,3
제주 3계 2023-8886(1),오피스텔,오피스텔,오피스텔(업무용),제주,제주시,"제주 제주시 삼도이동 599-3 ,599-5 수미안 2층 201호","198,000,000","97,020,000",낙찰,"130,008,000",65.7%,2024-04-30,2024_2Q,3
제주 3계 2023-8886(2),오피스텔(주거),오피스텔,오피스텔(업무용),제주,제주시,"제주 제주시 삼도이동 599-3 ,599-5 수미안 2층 202호","273,000,000","133,770,000",낙찰,"190,500,000",69.8%,2024-04-30,2024_2Q,3
제주 3계 2023-8886(3),오피스텔(주거),오피스텔,오피스텔(업무용),제주,제주시,"제주 제주시 삼도이동 599-3 ,599-5 수미안 2층 204호","275,000,000","192,500,000",낙찰,"228,830,000",83.2%,2024-03-26,2024_1Q,3
제주 3계 2023-8886(4),주상복합(주거),기타토지,기타토지,제주,제주시,"제주 제주시 삼도이동 599-3 ,599-5 수미안 10층 1001호","407,000,000","284,900,000",낙찰,"322,200,000",79.2%,2024-03-26,2024_1Q,3
제주 5계 2023-8893,연립,연립주택,연립·빌라,제주,제주시,제주 제주시 삼양일동 1634-4 삼양수미안 3층 302호,"271,000,000","189,700,000",낙찰,"221,512,660",81.7%,2024-03-05,2024_1Q,3
제주 8계 2023-9070,단독주택,단독,단독주택,제주,제주시,제주 제주시 한림읍 귀덕리 3464-2,"656,856,200","321,859,000",낙찰,"350,000,000",53.3%,2024-06-18,2024_2Q,3
제주 1계 2023-9094,전,전,전,제주,서귀포시,제주 서귀포시 대정읍 영락리 1545,"195,924,000","137,147,000",낙찰,"165,220,000",84.3%,2024-04-16,2024_2Q,3
제주 5계 2023-9131,전,전,전,제주,서귀포시,제주 서귀포시 대정읍 영락리 2148,"381,990,000","187,175,000",낙찰,"195,299,990",51.1%,2024-04-09,2024_2Q,3
제주 1계 2023-9179,아파트,아파트,아파트,제주,제주시,제주 제주시 외도일동 529-1 해밀마루 5층 513호,"200,000,000","140,000,000",낙찰,"181,000,000",90.5%,2024-03-12,2024_1Q,3
제주 4계 2023-9186,창고,기타건물,창고,제주,서귀포시,제주 서귀포시 안덕면 서광리 130,"888,720,180","304,831,000",낙찰,"419,700,000",47.2%,2024-05-07,2024_2Q,3
제주 6계 2023-9230,전,전,전,제주,제주시,제주 제주시 우도면 연평리 579,"439,776,000","215,490,000",낙찰,"230,000,000",52.3%,2024-06-11,2024_2Q,3
제주 1계 2023-9261,근린주택,근린주택,근린주택,제주,제주시,"제주 제주시 추자면 대서리 148-1 ,147-14 가동호","488,312,800","341,819,000",낙찰,"462,999,000",94.8%,2024-03-12,2024_1Q,3
제주 1계 2023-9346,전,전,전,제주,서귀포시,제주 서귀포시 색달동 1033,"935,820,000","458,552,000",낙찰,"460,000,000",49.2%,2024-04-16,2024_2Q,3
제주 5계 2023-9377(2),단독주택,단독,단독주택,제주,서귀포시,제주 서귀포시 서호동 1450-10,"899,011,920","629,308,000",낙찰,"630,001,000",70.1%,2024-03-05,2024_1Q,3
제주 7계 2023-9414,다세대,다세대주택,다세대,제주,서귀포시,제주 서귀포시 성산읍 신산리 317 오션갤러리프리미어빌라스3단지 304동 3층 301호,"885,000,000","619,500,000",낙찰,"770,000,000",87.0%,2024-06-04,2024_2Q,3
제주 5계 2023-9452,대지,나대지,나대지,제주,제주시,제주 제주시 애월읍 애월리 1718-2,"222,530,000","222,530,000",낙찰,"222,530,000",100.0%,2024-01-30,2024_1Q,3
제주 6계 2023-9469,단독주택,단독,단독주택,제주,제주시,"제주 제주시 조천읍 와흘리 1753-3 ,1749,1753-4 6동","414,209,120","289,946,000",낙찰,"299,999,999",72.4%,2024-05-07,2024_2Q,3
제주 1계 2023-9483,아파트,아파트,아파트,제주,제주시,제주 제주시 화북일동 1947-24 화북시장 5층 605호,"137,000,000","95,900,000",낙찰,"96,000,000",70.1%,2024-04-16,2024_2Q,3
제주 3계 2023-9490,단독주택,단독,단독주택,제주,제주시,제주 제주시 애월읍 수산리 631,"371,334,510","259,934,000",낙찰,"260,050,000",70.0%,2024-06-04,2024_2Q,3
제주 1계 2023-9636,임야,임야,임야,제주,제주시,제주 제주시 화북이동 2921,"23,760,000","23,760,000",낙찰,"23,760,000",100.0%,2024-05-21,2024_2Q,3
제주 6계 2023-9674,오피스텔(주거),오피스텔,오피스텔(업무용),제주,제주시,"제주 제주시 애월읍 하귀1리 117-1 ,117-2 제주모닝시티 7층 715호","123,000,000","60,270,000",낙찰,"85,000,000",69.1%,2024-06-11,2024_2Q,3
제주 1계 2023-9704,연립,연립주택,연립·빌라,제주,서귀포시,제주 서귀포시 법환동 212 디자인뷰 107동 2층 201호,"340,000,000","166,600,000",낙찰,"216,880,000",63.8%,2024-06-25,2024_2Q,3
제주 4계 2023-9728,연립,연립주택,연립·빌라,제주,서귀포시,"제주 서귀포시 동홍동 1902-7 ,1909,1910-4 루체비스타 101동 2층 201호","324,000,000","158,760,000",낙찰,"207,400,000",64.0%,2024-05-07,2024_2Q,3
제주 5계 2023-9735,연립,연립주택,연립·빌라,제주,서귀포시,제주 서귀포시 법환동 212 디자인뷰 106동 3층 303호,"266,000,000","186,200,000",낙찰,"201,515,200",75.8%,2024-05-14,2024_2Q,3
제주 1계 2023-9858,임야,임야,임야,제주,서귀포시,제주 서귀포시 안덕면 사계리 393,"1,292,176,000","633,166,000",낙찰,"735,000,000",56.9%,2024-05-21,2024_2Q,3
제주 4계 2023-10001,단독주택,단독,단독주택,제주,제주시,제주 제주시 애월읍 소길리 845-1 204동,"445,995,350","312,197,000",낙찰,"384,852,000",86.3%,2024-04-02,2024_2Q,3
제주 1계 2023-10124,임야,임야,임야,제주,서귀포시,제주 서귀포시 성산읍 수산리 3109,"230,578,000","79,089,000",낙찰,"79,100,000",34.3%,2024-06-25,2024_2Q,3
제주 2계 2023-10193,다세대,다세대주택,다세대,제주,제주시,제주 제주시 노형동 1034-7 유성빌라 B동 1층 102호,"99,000,000","99,000,000",낙찰,"99,600,000",100.6%,2024-05-28,2024_2Q,3
제주 2계 2023-10254(1),전,전,전,제주,제주시,제주 제주시 구좌읍 김녕리 142,"165,425,000","165,425,000",낙찰,"166,500,000",100.6%,2024-03-19,2024_1Q,3
제주 2계 2023-10254(2),전,전,전,제주,제주시,제주 제주시 구좌읍 월정리 1302,"238,050,000","166,635,000",낙찰,"183,860,000",77.2%,2024-04-23,2024_2Q,3
제주 5계 2023-10278,아파트,아파트,아파트,제주,서귀포시,제주 서귀포시 남원읍 위미리 3207-1 청호썬비치빌 4층 401호,"215,000,000","150,500,000",낙찰,"181,678,900",84.5%,2024-05-14,2024_2Q,3
제주 4계 2023-10407,연립,연립주택,연립·빌라,제주,서귀포시,제주 서귀포시 남원읍 태흥리 1940-1 까르페디엠 A동 3층 304호,"338,000,000","165,620,000",낙찰,"234,840,000",69.5%,2024-05-07,2024_2Q,3
제주 1계 2023-10612,전,전,전,제주,제주시,제주 제주시 한림읍 한림리 545,"893,076,000","437,607,000",낙찰,"540,001,000",60.5%,2024-05-21,2024_2Q,3
제주 4계 2023-10711,단독주택,단독,단독주택,제주,제주시,제주 제주시 아라일동 6048,"1,858,737,640","910,781,000",낙찰,"1,052,000,000",56.6%,2024-06-11,2024_2Q,3
제주 2계 2023-10766,다세대,다세대주택,다세대,제주,서귀포시,제주 서귀포시 대정읍 안성리 1508 로얄포레 102동 2층 201호,"320,000,000","156,800,000",낙찰,"190,020,000",59.4%,2024-05-28,2024_2Q,3
제주 4계 2023-10865,아파트,아파트,아파트,제주,제주시,제주 제주시 외도일동 463-13 아모르102 3층 305호,"153,000,000","107,100,000",낙찰,"135,100,000",88.3%,2024-05-07,2024_2Q,3
제주 1계 2023-10995,오피스텔(주거),오피스텔,오피스텔(업무용),제주,제주시,"제주 제주시 노형동 2576-3 ,2576-4 정현빌 4층 504호","252,000,000","176,400,000",낙찰,"177,000,000",70.2%,2024-05-21,2024_2Q,3
제주 2계 2023-11004,다세대,다세대주택,다세대,제주,제주시,제주 제주시 용담이동 2781-2 한솔아트빌 2층 202호,"181,000,000","126,700,000",낙찰,"141,190,000",78.0%,2024-05-28,2024_2Q,3
제주 5계 2023-11035(2),전,전,전,제주,제주시,제주 제주시 한림읍 한림리 128,"94,423,000","66,096,000",낙찰,"75,111,000",79.5%,2024-06-18,2024_2Q,3
제주 5계 2023-11288,과수원,과수원,과수원,제주,제주시,제주 제주시 도련일동 1924-3,"227,048,000","158,934,000",낙찰,"191,000,000",84.1%,2024-05-14,2024_2Q,3
제주 2계 2023-11516,연립,연립주택,연립·빌라,제주,제주시,"제주 제주시 일도이동 341-20 ,341-21 신산아산4차 1층 105호","130,000,000","91,000,000",낙찰,"110,521,110",85.0%,2024-05-28,2024_2Q,3
제주 5계 2023-11615,창고,기타건물,창고,제주,서귀포시,제주 서귀포시 안덕면 상창리 1757,"910,381,500","637,267,000",낙찰,"641,000,000",70.4%,2024-05-14,2024_2Q,3
제주 4계 2023-11868(1),오피스텔,오피스텔,오피스텔(업무용),제주,서귀포시,제주 서귀포시 강정동 208-5 세종안채 3층 310호,"95,000,000","46,550,000",낙찰,"60,500,000",63.7%,2024-06-11,2024_2Q,3
제주 4계 2023-11868(2),오피스텔(주거),오피스텔,오피스텔(업무용),제주,서귀포시,제주 서귀포시 강정동 208-5 세종안채 4층 418호,"95,000,000","46,550,000",낙찰,"63,840,000",67.2%,2024-06-11,2024_2Q,3
제주 1계 2023-12236,오피스텔(상가),근린상가,오피스텔(업무용),제주,제주시,"제주 제주시 노형동 939 ,939-1,939-2,939-3 정한 2층 206호","1,083,000,000","758,100,000",낙찰,"870,000,000",80.3%,2024-06-25,2024_2Q,3
제주 2계 2023-12243,다세대,다세대주택,다세대,제주,제주시,제주 제주시 삼도이동 248-5 상우빌라 2층 202호,"184,000,000","128,800,000",낙찰,"140,190,000",76.2%,2024-04-23,2024_2Q,3
제주 1계 2023-12274,아파트,아파트,아파트,제주,제주시,제주 제주시 오라이동 1390-1 휴림힐타운 2층 206호,"343,000,000","343,000,000",낙찰,"350,500,000",102.2%,2024-05-21,2024_2Q,3
제주 4계 2023-12342,임야,임야,임야,제주,제주시,제주 제주시 오등동 산71-2,"20,943,000","20,943,000",낙찰,"27,000,000",128.9%,2024-06-11,2024_2Q,3
제주 2계 2023-12489,아파트,아파트,아파트,제주,제주시,제주 제주시 삼양이동 2179-9 삼양민형파인즈 2층 201호,"367,000,000","256,900,000",낙찰,"335,969,000",91.5%,2024-05-28,2024_2Q,3
제주 6계 2023-12526,아파트,아파트,아파트,제주,제주시,제주 제주시 외도일동 537-3 더그라벨 3층 301호,"294,000,000","205,800,000",낙찰,"265,100,000",90.2%,2024-04-02,2024_2Q,3
제주 4계 2023-12830,다세대,다세대주택,다세대,제주,제주시,제주 제주시 내도동 275-2 진흥아트빌 102동 1층 101호,"267,000,000","186,900,000",낙찰,"204,333,000",76.5%,2024-06-11,2024_2Q,3
제주 4계 2023-13062,차량,기타토지,기타토지,제주,제주시,제주 제주시 용담삼동 1274-1 제3자 현대물품보관소(주)에게 보관,"24,000,000","24,000,000",낙찰,"24,000,000",100.0%,2024-05-07,2024_2Q,3
제주 6계 2023-20114(1),대지,나대지,나대지,제주,서귀포시,제주 서귀포시 안덕면 서광리 2068-6,"117,332,800","40,245,000",낙찰,"55,000,000",46.9%,2024-02-27,2024_1Q,3
제주 7계 2023-20183,단독주택,단독,단독주택,제주,서귀포시,제주 서귀포시 표선면 세화리 231-2,"1,167,955,760","400,609,000",낙찰,"550,000,000",47.1%,2024-03-26,2024_1Q,3
제주 6계 2023-20237,대지,나대지,나대지,제주,제주시,제주 제주시 해안동 22-16,"1,115,968,000","546,825,000",낙찰,"612,345,000",54.9%,2024-01-23,2024_1Q,3
제주 4계 2023-20251(2),전,전,전,제주,제주시,제주 제주시 한림읍 상대리 3895-3,"95,248,984","22,869,000",낙찰,"28,300,000",29.7%,2024-02-27,2024_1Q,3
제주 4계 2023-20251(1),전,전,전,제주,제주시,제주 제주시 한림읍 상대리 3115,"55,964,880","19,196,000",낙찰,"19,200,100",34.3%,2024-06-11,2024_2Q,3
제주 4계 2023-20282,전,전,전,제주,서귀포시,제주 서귀포시 색달동 1015,"861,342,000","422,057,000",낙찰,"470,000,000",54.6%,2024-05-07,2024_2Q,3
제주 3계 2023-20381(1),단독주택,단독,단독주택,제주,제주시,제주 제주시 용담삼동 2358,"75,782,870","25,994,000",낙찰,"32,710,000",43.2%,2024-06-04,2024_2Q,3
제주 3계 2023-20381(4),전,전,전,제주,제주시,제주 제주시 한림읍 금악리 949,"99,366,457","16,701,000",낙찰,"18,200,000",18.3%,2024-06-04,2024_2Q,3
제주 1계 2023-20428,전,전,전,제주,제주시,제주 제주시 한림읍 월령리 553-1,"161,330,000","38,735,000",낙찰,"43,280,000",26.8%,2024-03-12,2024_1Q,3
제주 3계 2023-20459(1),숙박시설,숙박시설,숙박시설,제주,서귀포시,제주 서귀포시 서호동 1522-1 그린트리인서귀포호텔 6층 609호,"132,000,000","10,871,000",낙찰,"11,111,000",8.4%,2024-06-04,2024_2Q,3
제주 3계 2023-20459(2),숙박시설,숙박시설,숙박시설,제주,서귀포시,제주 서귀포시 서호동 1522-1 그린트리인서귀포호텔 7층 704호,"122,000,000","10,047,000",낙찰,"11,111,000",9.1%,2024-06-04,2024_2Q,3
제주 4계 2023-20473,임야,임야,임야,제주,서귀포시,제주 서귀포시 남원읍 신흥리 2019,"73,350,000","17,611,000",낙찰,"18,220,000",24.8%,2024-01-23,2024_1Q,3
제주 3계 2023-20572,연립,연립주택,연립·빌라,제주,서귀포시,"제주 서귀포시 동홍동 1902-7 ,1909,1910-4 루체비스타 101동 1층 103호","344,000,000","168,560,000",낙찰,"199,520,000",58.0%,2024-02-20,2024_1Q,3
제주 3계 2023-20619,임야,임야,임야,제주,서귀포시,제주 서귀포시 남원읍 수망리 633,"26,432,000","9,066,000",낙찰,"11,110,000",42.0%,2024-02-20,2024_1Q,3
제주 4계 2023-20763(1),잡종지,잡종지,잡종지,제주,제주시,제주 제주시 한림읍 월령리 497,"286,992,000","140,626,000",낙찰,"168,300,000",58.6%,2024-02-27,2024_1Q,3
제주 4계 2023-20763(2),잡종지,잡종지,잡종지,제주,제주시,제주 제주시 한림읍 월령리 518-3,"165,528,000","81,109,000",낙찰,"81,109,000",49.0%,2024-02-27,2024_1Q,3
제주 6계 2023-20770,과수원,과수원,과수원,제주,서귀포시,제주 서귀포시 남원읍 의귀리 421-1,"2,032,197,000","995,777,000",낙찰,"1,150,700,000",56.6%,2024-04-02,2024_2Q,3
제주 6계 2023-20978(1),임야,임야,임야,제주,서귀포시,제주 서귀포시 대정읍 가파리 400,"29,040,000","9,961,000",낙찰,"15,000,010",51.7%,2024-02-27,2024_1Q,3
제주 6계 2023-20978(2),임야,임야,임야,제주,서귀포시,제주 서귀포시 대정읍 가파리 408,"74,753,000","25,640,000",낙찰,"31,120,000",41.6%,2024-02-27,2024_1Q,3
제주 6계 2023-20978(3),답,답,답,제주,제주시,제주 제주시 한경면 용수리 2287,"28,864,000","9,901,000",낙찰,"9,930,000",34.4%,2024-02-27,2024_1Q,3
제주 3계 2023-21049,대지,나대지,나대지,제주,제주시,제주 제주시 용담이동 620-8,"134,820,000","46,243,000",낙찰,"48,999,000",36.3%,2024-04-30,2024_2Q,3
제주 3계 2023-21056,과수원,과수원,과수원,제주,서귀포시,제주 서귀포시 월평동 514,"1,402,198,000","336,668,000",낙찰,"501,011,370",35.7%,2024-03-26,2024_1Q,3
제주 6계 2023-21063(2),과수원,과수원,과수원,제주,서귀포시,제주 서귀포시 보목동 175,"238,566,000","81,828,000",낙찰,"107,199,990",44.9%,2024-01-23,2024_1Q,3
제주 8계 2023-21162,전,전,전,제주,서귀포시,제주 서귀포시 대포동 1540,"248,311,000","85,171,000",낙찰,"85,171,000",34.3%,2024-01-30,2024_1Q,3
제주 3계 2023-21179,전,전,전,제주,제주시,제주 제주시 한림읍 상대리 144-17,"69,200,000","48,440,000",낙찰,"48,440,000",70.0%,2024-01-16,2024_1Q,3
제주 6계 2023-21216,임야,임야,임야,제주,제주시,제주 제주시 구좌읍 김녕리 724,"111,476,000","78,033,000",낙찰,"88,888,000",79.7%,2024-01-23,2024_1Q,3
제주 7계 2023-21223(1),연립,연립주택,연립·빌라,제주,서귀포시,제주 서귀포시 호근동 2021-3 골든파크빌 1층 101호,"356,000,000","174,440,000",낙찰,"178,999,000",50.3%,2024-02-20,2024_1Q,3
제주 7계 2023-21223(2),연립,연립주택,연립·빌라,제주,서귀포시,제주 서귀포시 호근동 2021-3 골든파크빌 1층 102호,"356,000,000","174,440,000",낙찰,"181,999,000",51.1%,2024-02-20,2024_1Q,3
제주 7계 2023-21223(3),연립,연립주택,연립·빌라,제주,서귀포시,제주 서귀포시 호근동 2021-3 골든파크빌 1층 103호,"356,000,000","174,440,000",낙찰,"176,000,000",49.4%,2024-02-20,2024_1Q,3
제주 7계 2023-21223(4),연립,연립주택,연립·빌라,제주,서귀포시,제주 서귀포시 호근동 2021-3 골든파크빌 1층 104호,"356,000,000","122,108,000",낙찰,"181,500,000",51.0%,2024-03-26,2024_1Q,3
제주 7계 2023-21223(5),연립,연립주택,연립·빌라,제주,서귀포시,제주 서귀포시 호근동 2021-3 골든파크빌 2층 201호,"363,000,000","177,870,000",낙찰,"181,909,000",50.1%,2024-02-20,2024_1Q,3
제주 7계 2023-21223(6),연립,연립주택,연립·빌라,제주,서귀포시,제주 서귀포시 호근동 2021-3 골든파크빌 2층 202호,"363,000,000","177,870,000",낙찰,"180,000,000",49.6%,2024-02-20,2024_1Q,3
제주 7계 2023-21223(7),연립,연립주택,연립·빌라,제주,서귀포시,제주 서귀포시 호근동 2021-3 골든파크빌 2층 203호,"363,000,000","177,870,000",낙찰,"177,890,000",49.0%,2024-02-20,2024_1Q,3
제주 7계 2023-21223(9),연립,연립주택,연립·빌라,제주,서귀포시,제주 서귀포시 호근동 2021-3 골든파크빌 3층 301호,"370,000,000","181,300,000",낙찰,"181,390,000",49.0%,2024-02-20,2024_1Q,3
제주 7계 2023-21223(10),연립,연립주택,연립·빌라,제주,서귀포시,제주 서귀포시 호근동 2021-3 골든파크빌 3층 302호,"370,000,000","126,910,000",낙찰,"188,100,000",50.8%,2024-03-26,2024_1Q,3
제주 7계 2023-21223(11),연립,연립주택,연립·빌라,제주,서귀포시,제주 서귀포시 호근동 2021-3 골든파크빌 3층 303호,"370,000,000","181,300,000",낙찰,"249,990,000",67.6%,2024-02-20,2024_1Q,3
제주 7계 2023-21223(12),연립,연립주택,연립·빌라,제주,서귀포시,제주 서귀포시 호근동 2021-3 골든파크빌 4층 501호,"377,000,000","129,311,000",낙찰,"193,500,000",51.3%,2024-03-26,2024_1Q,3
제주 7계 2023-21223(13),연립,연립주택,연립·빌라,제주,서귀포시,제주 서귀포시 호근동 2021-3 골든파크빌 4층 502호,"377,000,000","184,730,000",낙찰,"185,100,000",49.1%,2024-02-20,2024_1Q,3
제주 7계 2023-21223(14),연립,연립주택,연립·빌라,제주,서귀포시,제주 서귀포시 호근동 2021-3 골든파크빌 4층 503호,"377,000,000","184,730,000",낙찰,"185,100,000",49.1%,2024-02-20,2024_1Q,3
제주 6계 2023-21261,아파트,아파트,아파트,제주,제주시,제주 제주시 연동 276-11 연동하늘그린 7층 703호,"437,000,000","305,900,000",낙찰,"371,100,000",84.9%,2024-01-23,2024_1Q,3
제주 7계 2023-21308,전,전,전,제주,서귀포시,제주 서귀포시 대정읍 무릉리 2752-3,"118,856,000","40,767,000",낙찰,"47,000,000",39.5%,2024-01-16,2024_1Q,3
제주 7계 2023-21360,임야,임야,임야,제주,서귀포시,제주 서귀포시 대포동 6-3,"90,272,000","30,963,000",낙찰,"32,100,000",35.6%,2024-02-20,2024_1Q,3
제주 7계 2023-21537,임야,임야,임야,제주,서귀포시,제주 서귀포시 성산읍 난산리 1572-1,"23,972,520","8,223,000",낙찰,"9,221,000",38.5%,2024-03-26,2024_1Q,3
제주 2계 2023-21599(1),숙박시설,숙박시설,숙박시설,제주,서귀포시,제주 서귀포시 성산읍 고성리 329-1 제주성산골든튤립호텔 4층 501호,"239,000,000","57,384,000",낙찰,"60,400,000",25.3%,2024-01-09,2024_1Q,3
제주 2계 2023-21599(3),숙박시설,숙박시설,숙박시설,제주,서귀포시,제주 서귀포시 성산읍 고성리 329-1 제주성산골든튤립호텔 6층 706호,"162,000,000","38,896,000",낙찰,"39,110,000",24.1%,2024-01-09,2024_1Q,3
제주 2계 2023-21599(5),숙박시설,숙박시설,숙박시설,제주,서귀포시,제주 서귀포시 성산읍 고성리 329-1 제주성산골든튤립호텔 9층 1006호,"167,000,000","40,097,000",낙찰,"41,000,000",24.6%,2024-01-09,2024_1Q,3
제주 7계 2023-21629,오피스텔,오피스텔,오피스텔(업무용),제주,서귀포시,제주 서귀포시 서귀동 163-11 남양리조텔 7층 711호,"54,000,000","26,460,000",낙찰,"35,200,000",65.2%,2024-06-04,2024_2Q,3
제주 8계 2023-21698,임야,임야,임야,제주,서귀포시,제주 서귀포시 표선면 가시리 228,"135,161,600","46,360,000",낙찰,"47,000,000",34.8%,2024-03-05,2024_1Q,3
제주 7계 2023-21711,대지,나대지,나대지,제주,제주시,제주 제주시 연동 1961-2,"61,036,800","29,908,000",낙찰,"31,155,000",51.0%,2024-01-16,2024_1Q,3
제주 7계 2023-21766,전,전,전,제주,제주시,제주 제주시 우도면 연평리 1105-2,"272,833,000","65,507,000",낙찰,"71,100,000",26.1%,2024-02-20,2024_1Q,3
제주 2계 2023-21834,임야,임야,임야,제주,서귀포시,제주 서귀포시 동홍동 377-6,"607,824,000","208,484,000",낙찰,"244,600,000",40.2%,2024-03-19,2024_1Q,3
제주 7계 2023-21933(1),연립,연립주택,연립·빌라,제주,서귀포시,제주 서귀포시 강정동 5670 서귀포강정코아루2차 101동 4층 404호,"414,000,000","202,860,000",낙찰,"253,000,000",61.1%,2024-03-26,2024_1Q,3
제주 7계 2023-21933(2),연립,연립주택,연립·빌라,제주,서귀포시,제주 서귀포시 강정동 5670 서귀포강정코아루2차 101동 3층 304호,"375,000,000","183,750,000",낙찰,"253,300,000",67.5%,2024-03-26,2024_1Q,3
제주 3계 2023-21964,다세대,다세대주택,다세대,제주,제주시,"제주 제주시 월평동 1347-1 ,1344 오렌지트리힐즈 3동 1,2층 102호","550,000,000","385,000,000",낙찰,"403,000,000",73.3%,2024-01-16,2024_1Q,3
제주 6계 2023-21995(1),과수원,과수원,과수원,제주,서귀포시,제주 서귀포시 안덕면 서광리 2432-1,"195,794,000","95,939,000",낙찰,"125,700,000",64.2%,2024-02-27,2024_1Q,3
제주 6계 2023-21995(2),과수원,과수원,과수원,제주,서귀포시,제주 서귀포시 안덕면 서광리 2432-3,"426,708,000","298,696,000",낙찰,"298,700,000",70.0%,2024-01-23,2024_1Q,3
제주 2계 2023-22011,아파트,아파트,아파트,제주,제주시,제주 제주시 외도일동 636-3 챠밍2차 2층 201호,"242,000,000","169,400,000",낙찰,"229,010,000",94.6%,2024-04-23,2024_2Q,3
제주 8계 2023-22110,아파트,아파트,아파트,제주,제주시,제주 제주시 삼도일동 539-4 아델리안 5층 602호,"330,000,000","231,000,000",낙찰,"280,999,000",85.2%,2024-01-30,2024_1Q,3
제주 4계 2023-22158,과수원,과수원,과수원,제주,서귀포시,제주 서귀포시 남원읍 수망리 197-3,"206,252,000","34,665,000",낙찰,"35,000,000",17.0%,2024-02-27,2024_1Q,3
제주 8계 2023-22165(1),전,전,전,제주,제주시,제주 제주시 애월읍 상귀리 1307-1,"450,924,000","220,953,000",낙찰,"235,020,000",52.1%,2024-01-30,2024_1Q,3
제주 8계 2023-22165(2),전,전,전,제주,제주시,제주 제주시 애월읍 수산리 162,"522,178,000","255,868,000",낙찰,"281,111,000",53.8%,2024-01-30,2024_1Q,3
제주 8계 2023-22165(3),전,전,전,제주,제주시,제주 제주시 애월읍 수산리 157,"438,315,230","214,775,000",낙찰,"237,500,000",54.2%,2024-01-30,2024_1Q,3
제주 7계 2023-22257(1),단독주택,단독,단독주택,제주,제주시,제주 제주시 애월읍 유수암리 3150-3 1동,"237,482,000","81,456,000",낙찰,"81,460,000",34.3%,2024-04-30,2024_2Q,3
제주 7계 2023-22257(2),단독주택,단독,단독주택,제주,제주시,제주 제주시 애월읍 유수암리 3150-3 2동,"215,664,850","105,676,000",낙찰,"157,000,000",72.8%,2024-03-26,2024_1Q,3
제주 7계 2023-22431,아파트,아파트,아파트,제주,제주시,제주 제주시 도련일동 1789-2 미듬하나로 나동 4층 505호,"86,000,000","42,140,000",낙찰,"58,110,000",67.6%,2024-02-20,2024_1Q,3
제주 5계 2023-22530,연립,연립주택,연립·빌라,제주,제주시,제주 제주시 이도이동 405 영산홍주택 107동 1층 105호,"393,000,000","275,100,000",낙찰,"322,222,000",82.0%,2024-03-05,2024_1Q,3
제주 3계 2023-22561,숙박시설,숙박시설,숙박시설,제주,제주시,"제주 제주시 연동 270-1 ,270-27","12,474,372,040","6,112,442,000",낙찰,"6,872,000,000",55.1%,2024-03-26,2024_1Q,3
제주 7계 2023-22608,차량,기타토지,기타토지,제주,제주시,제주 제주시 용담삼동 1274-1 현대물품보관소(주)내 보관,"29,000,000","20,300,000",낙찰,"21,889,900",75.5%,2024-01-16,2024_1Q,3
제주 7계 2023-22615,임야,임야,임야,제주,서귀포시,제주 서귀포시 성산읍 고성리 559-30,"391,423,500","65,787,000",낙찰,"94,300,000",24.1%,2024-03-26,2024_1Q,3
제주 7계 2023-22622,임야,임야,임야,제주,제주시,제주 제주시 한림읍 상대리 2036-1,"19,800,000","6,791,000",낙찰,"8,000,000",40.4%,2024-01-16,2024_1Q,3
제주 7계 2023-22721,전,전,전,제주,제주시,제주 제주시 조천읍 대흘리 2509-9,"27,702,000","6,651,000",낙찰,"7,100,000",25.6%,2024-03-26,2024_1Q,3
제주 7계 2023-22738,전,전,전,제주,제주시,제주 제주시 우도면 연평리 700-3,"110,338,000","37,846,000",낙찰,"41,100,000",37.2%,2024-01-16,2024_1Q,3
제주 8계 2023-23007,임야,임야,임야,제주,제주시,제주 제주시 애월읍 수산리 1605-2,"476,470,000","163,429,000",낙찰,"172,100,000",36.1%,2024-04-09,2024_2Q,3
제주 8계 2023-23014,전,전,전,제주,서귀포시,제주 서귀포시 호근동 1700-2,"1,284,288,000","629,301,000",낙찰,"739,990,000",57.6%,2024-03-05,2024_1Q,3
제주 8계 2023-23021,임야,임야,임야,제주,서귀포시,제주 서귀포시 표선면 가시리 2660,"9,915,000","1,667,000",낙찰,"2,022,000",20.4%,2024-06-18,2024_2Q,3
제주 7계 2023-23120,단독주택,단독,단독주택,제주,제주시,제주 제주시 애월읍 광령리 3240-1,"511,832,520","250,798,000",낙찰,"403,210,110",78.8%,2024-02-20,2024_1Q,3
제주 7계 2023-23182(1),전,전,전,제주,제주시,제주 제주시 한경면 판포리 680,"172,710,000","84,628,000",낙찰,"84,650,000",49.0%,2024-02-20,2024_1Q,3
제주 7계 2023-23182(2),다세대,다세대주택,다세대,제주,제주시,제주 제주시 연동 2446-6 중앙오름맨션 다동 2층 201호,"100,000,000","49,000,000",낙찰,"67,560,000",67.6%,2024-02-20,2024_1Q,3
제주 7계 2023-23182(3),임야,임야,임야,제주,제주시,제주 제주시 한경면 판포리 2144,"61,541,000","21,109,000",낙찰,"30,100,000",48.9%,2024-06-04,2024_2Q,3
제주 7계 2023-23359,단독주택,단독,단독주택,제주,제주시,제주 제주시 한림읍 귀덕리 1343-4,"114,746,070","56,225,000",낙찰,"64,036,000",55.8%,2024-03-26,2024_1Q,3
제주 8계 2023-23373,연립,연립주택,연립·빌라,제주,서귀포시,제주 서귀포시 남원읍 남원리 1352 디자인타운 5층 507호,"282,000,000","138,180,000",낙찰,"153,652,400",54.5%,2024-03-05,2024_1Q,3
제주 8계 2023-23397,연립,연립주택,연립·빌라,제주,서귀포시,제주 서귀포시 법환동 212 디자인뷰 105동 5층 502호,"471,000,000","230,790,000",낙찰,"255,385,000",54.2%,2024-03-05,2024_1Q,3
제주 7계 2023-23540,전,전,전,제주,서귀포시,제주 서귀포시 성산읍 신천리 775-1,"477,483,000","163,777,000",낙찰,"164,000,000",34.3%,2024-01-16,2024_1Q,3
제주 8계 2023-23588,단독주택,단독,단독주택,제주,제주시,제주 제주시 한림읍 동명리 145-5,"85,988,300","85,988,300",낙찰,"95,100,000",110.6%,2024-01-30,2024_1Q,3
제주 8계 2023-23618,목장용지,기타토지,목장용지,제주,제주시,제주 제주시 봉개동 234-255,"186,156,000","91,216,000",낙찰,"126,000,888",67.7%,2024-04-09,2024_2Q,3
제주 5계 2023-23625,임야,임야,임야,제주,제주시,제주 제주시 한림읍 상대리 129,"287,440,000","98,592,000",낙찰,"141,220,000",49.1%,2024-01-30,2024_1Q,3
제주 1계 2023-23649,연립,연립주택,연립·빌라,제주,서귀포시,제주 서귀포시 법환동 212 디자인뷰 104동 2층 204호,"369,000,000","180,810,000",낙찰,"233,570,000",63.3%,2024-01-02,2024_1Q,3
제주 7계 2023-23656,연립,연립주택,연립·빌라,제주,서귀포시,제주 서귀포시 법환동 212 디자인뷰 106동 3층 302호,"390,000,000","133,770,000",낙찰,"200,510,000",51.4%,2024-02-20,2024_1Q,3
제주 7계 2023-23700,아파트,아파트,아파트,제주,제주시,"제주 제주시 구좌읍 김녕리 1220 ,1222,1222-14,1222-15 센트럴시티에덴 101동 6층 702호","291,000,000","203,700,000",낙찰,"212,000,000",72.9%,2024-01-16,2024_1Q,3
제주 7계 2023-23847,연립,연립주택,연립·빌라,제주,서귀포시,"제주 서귀포시 동홍동 1902-7 ,1909,1910-4 루체비스타 102동 2층 202호","337,000,000","165,130,000",낙찰,"206,000,000",61.1%,2024-03-26,2024_1Q,3
제주 4계 2023-23922(1),임야,임야,임야,제주,제주시,제주 제주시 조천읍 선흘리 3851,"2,136,645,000","732,869,000",낙찰,"818,181,000",38.3%,2024-05-07,2024_2Q,3
제주 4계 2023-23922(2),임야,임야,임야,제주,서귀포시,제주 서귀포시 표선면 가시리 144,"2,103,816,000","721,609,000",낙찰,"727,272,000",34.6%,2024-05-07,2024_2Q,3
제주 4계 2023-23922(3),임야,임야,임야,제주,제주시,제주 제주시 조천읍 선흘리 2917,"1,192,342,750","286,282,000",낙찰,"388,800,000",32.6%,2024-06-11,2024_2Q,3
제주 7계 2023-24017(1),연립,연립주택,연립·빌라,제주,서귀포시,제주 서귀포시 서호동 609-1 올래라이힐스빌 4층 502호,"350,000,000","171,500,000",낙찰,"239,900,000",68.5%,2024-02-20,2024_1Q,3
제주 7계 2023-24017(2),연립,연립주택,연립·빌라,제주,서귀포시,제주 서귀포시 서호동 609-1 올래라이힐스빌 5층 602호,"354,000,000","247,800,000",낙찰,"274,700,000",77.6%,2024-01-16,2024_1Q,3
제주 7계 2023-24024(4),단독주택,단독,단독주택,제주,제주시,제주 제주시 용담삼동 2358,"76,430,190","26,216,000",낙찰,"31,050,000",40.6%,2024-06-04,2024_2Q,3
제주 8계 2023-24031,단독주택,단독,단독주택,제주,서귀포시,제주 서귀포시 대정읍 안성리 2029-7,"50,307,610","24,651,000",낙찰,"28,200,000",56.1%,2024-04-09,2024_2Q,3
제주 8계 2023-24055,주상복합(주거),기타토지,기타토지,제주,제주시,제주 제주시 연동 290-38 조양상떼빌 9층 1004호,"283,000,000","198,100,000",낙찰,"230,100,000",81.3%,2024-03-05,2024_1Q,3
제주 4계 2023-24253,아파트,아파트,아파트,제주,제주시,"제주 제주시 연동 306 ,306-2,306-3,306-4,306-5,306-17 제주연동중흥에스-클래스 12층,13층 1217호","593,000,000","290,570,000",낙찰,"368,790,000",62.2%,2024-02-27,2024_1Q,3
제주 4계 2023-24383,과수원,과수원,과수원,제주,서귀포시,제주 서귀포시 토평동 1940-2,"1,722,502,000","844,026,000",낙찰,"900,050,000",52.3%,2024-01-23,2024_1Q,3
제주 8계 2023-24390(1),임야,임야,임야,제주,제주시,제주 제주시 조천읍 북촌리 산36,"74,546,000","52,182,000",낙찰,"61,500,000",82.5%,2024-03-05,2024_1Q,3
제주 8계 2023-24390(2),임야,임야,임야,제주,제주시,제주 제주시 조천읍 북촌리 산38,"92,330,000","64,631,000",낙찰,"71,500,000",77.4%,2024-03-05,2024_1Q,3
제주 1계 2023-24420(3),전,전,전,제주,서귀포시,제주 서귀포시 남원읍 의귀리 1663,"148,588,000","104,012,000",낙찰,"116,594,240",78.5%,2024-02-06,2024_1Q,3
제주 6계 2023-24468,다세대,다세대주택,다세대,제주,서귀포시,제주 서귀포시 서홍동 1656 아미휴먼빌 105동 4층 502호,"160,000,000","112,000,000",낙찰,"140,100,000",87.6%,2024-06-11,2024_2Q,3
제주 1계 2023-24536,차량,기타토지,기타토지,제주,제주시,제주 제주시 애월읍 광령리 산49 (주)세경내 보관,"8,000,000","3,920,000",낙찰,"5,060,000",63.2%,2024-02-06,2024_1Q,3
제주 3계 2023-24543,과수원,과수원,과수원,제주,서귀포시,제주 서귀포시 남원읍 신흥리 688-14,"175,450,000","85,971,000",낙찰,"88,750,000",50.6%,2024-04-30,2024_2Q,3
제주 7계 2023-24550,전,전,전,제주,제주시,제주 제주시 조천읍 조천리 1825-1,"37,421,930","12,836,000",낙찰,"16,500,000",44.1%,2024-03-26,2024_1Q,3
제주 8계 2023-24574,근린주택,근린주택,근린주택,제주,제주시,제주 제주시 아라일동 6082-11,"870,716,400","609,501,000",낙찰,"610,700,000",70.1%,2024-06-18,2024_2Q,3
제주 1계 2023-24659,다세대,다세대주택,다세대,제주,제주시,제주 제주시 삼양일동 1547-5 로드빌 4층 501호,"193,000,000","135,100,000",낙찰,"161,000,000",83.4%,2024-01-02,2024_1Q,3
제주 8계 2023-24703,다세대,다세대주택,다세대,제주,제주시,제주 제주시 이도이동 320-8 4층 502호,"130,000,000","91,000,000",낙찰,"101,220,000",77.9%,2024-05-14,2024_2Q,3
제주 8계 2023-24741,과수원,과수원,과수원,제주,서귀포시,제주 서귀포시 색달동 2454,"162,140,000","113,498,000",낙찰,"121,110,000",74.7%,2024-04-09,2024_2Q,3
제주 5계 2023-24758,점포,근린상가,점포상가,제주,제주시,제주 제주시 삼양일동 1602-1,"670,006,000","328,303,000",낙찰,"360,000,000",53.7%,2024-01-30,2024_1Q,3
제주 3계 2023-24857,다세대,다세대주택,다세대,제주,제주시,"제주 제주시 영평동 2661-3 ,2658,2660 블루마운틴 101동 3층 302호","302,000,000","211,400,000",낙찰,"245,000,000",81.1%,2024-03-26,2024_1Q,3
제주 8계 2023-24864,주상복합(주거),기타토지,기타토지,제주,제주시,제주 제주시 연동 275-6 연동가나휘닉스1 7층 802호,"173,000,000","84,770,000",낙찰,"97,520,000",56.4%,2024-05-14,2024_2Q,3
제주 8계 2023-24888,주상복합(주거),기타토지,기타토지,제주,제주시,제주 제주시 연동 293-13 시스빌 11층 1106호,"112,000,000","78,400,000",낙찰,"85,420,000",76.3%,2024-05-14,2024_2Q,3
제주 7계 2023-24901,단독주택,단독,단독주택,제주,제주시,제주 제주시 조천읍 함덕리 1467,"1,699,200","1,699,200",낙찰,"31,700,000",1865.6%,2024-01-16,2024_1Q,3
제주 4계 2023-24925,아파트,아파트,아파트,제주,제주시,제주 제주시 아라일동 6075-7 아란 2층 203호,"207,000,000","144,900,000",낙찰,"155,300,000",75.0%,2024-01-23,2024_1Q,3
제주 8계 2023-24949,연립,연립주택,연립·빌라,제주,서귀포시,"제주 서귀포시 동홍동 1902-7 ,1909,1910-4 루체비스타 102동 2층 201호","335,000,000","164,150,000",낙찰,"216,410,000",64.6%,2024-05-14,2024_2Q,3
제주 7계 2023-24956,연립,연립주택,연립·빌라,제주,서귀포시,"제주 서귀포시 동홍동 1902-7 ,1909,1910-4 루체비스타 102동 3층 303호","335,000,000","164,150,000",낙찰,"212,000,000",63.3%,2024-03-26,2024_1Q,3
제주 7계 2023-24963,연립,연립주택,연립·빌라,제주,서귀포시,"제주 서귀포시 동홍동 1902-7 ,1909,1910-4 루체비스타 102동 3층 302호","335,000,000","164,150,000",낙찰,"213,600,000",63.8%,2024-03-26,2024_1Q,3
제주 5계 2023-24994,과수원,과수원,과수원,제주,서귀포시,제주 서귀포시 안덕면 덕수리 2260-2,"25,159,000","17,611,000",낙찰,"17,866,000",71.0%,2024-01-30,2024_1Q,3
제주 5계 2023-25065,아파트,아파트,아파트,제주,제주시,제주 제주시 애월읍 하귀2리 1437 하귀코아루오션뷰 101동 6층 601호,"413,000,000","289,100,000",낙찰,"371,770,000",90.0%,2024-01-30,2024_1Q,3
제주 8계 2023-25164,연립,연립주택,연립·빌라,제주,제주시,제주 제주시 노형동 2405 노형미듬아뜨리에 1층 101호,"300,000,000","210,000,000",낙찰,"239,520,000",79.8%,2024-04-09,2024_2Q,3
제주 6계 2023-25188(1),축사,기타토지,기타토지,제주,제주시,"제주 제주시 한림읍 협재리 2966 ,2965","526,208,800","526,208,800",낙찰,"700,000,000",133.0%,2024-01-23,2024_1Q,3
제주 6계 2023-25188(2),전,전,전,제주,제주시,제주 제주시 한림읍 협재리 산97,"11,900,000","11,900,000",낙찰,"12,000,000",100.8%,2024-01-23,2024_1Q,3
제주 3계 2023-25270,대지,나대지,나대지,제주,제주시,제주 제주시 구좌읍 김녕리 3542-1,"156,946,000","76,903,000",낙찰,"91,110,000",58.1%,2024-03-26,2024_1Q,3
제주 4계 2023-25287,전,전,전,제주,제주시,제주 제주시 조천읍 교래리 45-3,"2,096,415,000","1,027,244,000",낙찰,"1,250,100,000",59.6%,2024-01-23,2024_1Q,3
제주 8계 2023-25317,주상복합(주거),기타토지,기타토지,제주,제주시,제주 제주시 일도이동 160 백강수피아2차 3층 303호,"259,000,000","181,300,000",낙찰,"242,800,000",93.7%,2024-05-14,2024_2Q,3
제주 1계 2023-25324(1),창고,기타건물,창고,제주,제주시,제주 제주시 한림읍 상대리 1682-1,"286,901,200","98,407,000",낙찰,"135,999,000",47.4%,2024-03-12,2024_1Q,3
제주 5계 2023-25355,연립,연립주택,연립·빌라,제주,서귀포시,제주 서귀포시 강정동 5670 서귀포강정코아루2차 101동 3층 301호,"372,000,000","182,280,000",낙찰,"245,500,000",66.0%,2024-01-30,2024_1Q,3
제주 2계 2023-25386,차량,기타토지,기타토지,제주,제주시,제주 제주시 조천읍 함덕리 290-41 자동차평가연구소(주)에게보관,"18,000,000","12,600,000",낙찰,"15,100,000",83.9%,2024-02-13,2024_1Q,3
제주 5계 2023-25416,오피스텔,오피스텔,오피스텔(업무용),제주,제주시,제주 제주시 외도일동 445-2 남건휴먼스4차 9층 902호,"236,000,000","115,640,000",낙찰,"172,150,000",72.9%,2024-01-30,2024_1Q,3
제주 5계 2023-25423,대지,나대지,나대지,제주,서귀포시,제주 서귀포시 하효동 693-3,"22,356,480","15,650,000",낙찰,"16,775,000",75.0%,2024-05-14,2024_2Q,3
제주 1계 2023-25447(1),전,전,전,제주,서귀포시,제주 서귀포시 성산읍 시흥리 497,"284,193,000","97,479,000",낙찰,"159,000,000",55.9%,2024-06-25,2024_2Q,3
제주 1계 2023-25447(2),전,전,전,제주,서귀포시,제주 서귀포시 성산읍 시흥리 498,"229,329,000","78,660,000",낙찰,"110,500,000",48.2%,2024-06-25,2024_2Q,3
제주 7계 2023-25454,연립,연립주택,연립·빌라,제주,서귀포시,제주 서귀포시 법환동 212 디자인뷰 105동 2층 204호,"364,000,000","178,360,000",낙찰,"205,000,000",56.3%,2024-03-26,2024_1Q,3
제주 4계 2023-25478,임야,임야,임야,제주,제주시,제주 제주시 한경면 판포리 산11-10,"1,014,838,000","348,090,000",낙찰,"350,000,000",34.5%,2024-02-27,2024_1Q,3
제주 8계 2023-25546,다세대,다세대주택,다세대,제주,서귀포시,제주 서귀포시 성산읍 신산리 301-1 오션갤러리프리미어빌라스1단지 103동 2층 202호,"1,130,000,000","553,700,000",낙찰,"731,000,000",64.7%,2024-06-18,2024_2Q,3
제주 4계 2023-25584,전,전,전,제주,제주시,제주 제주시 한경면 조수리 2232-2,"287,691,250","98,678,000",낙찰,"100,000,000",34.8%,2024-06-11,2024_2Q,3
제주 8계 2023-25607,단독주택,단독,단독주택,제주,제주시,제주 제주시 도남동 767-7,"1,099,322,200","538,668,000",낙찰,"712,300,000",64.8%,2024-06-18,2024_2Q,3
제주 1계 2023-25614,대지,나대지,나대지,제주,제주시,제주 제주시 한림읍 수원리 744,"41,734,080","29,214,000",낙찰,"30,440,000",72.9%,2024-01-02,2024_1Q,3
제주 4계 2023-25645(1),차량,기타토지,기타토지,제주,제주시,제주 제주시 용담삼동 1274-1 현대물품보관소(주)내 보관,"34,000,000","23,800,000",낙찰,"33,830,000",99.5%,2024-01-23,2024_1Q,3
제주 4계 2023-25645(2),차량,기타토지,기타토지,제주,제주시,제주 제주시 용담삼동 1274-1 현대물품보관소(주)내 보관,"38,000,000","26,600,000",낙찰,"30,510,000",80.3%,2024-01-23,2024_1Q,3
제주 6계 2023-25669,임야,임야,임야,제주,제주시,제주 제주시 구좌읍 송당리 1693,"68,125,000","23,367,000",낙찰,"28,005,000",41.1%,2024-05-07,2024_2Q,3
제주 2계 2023-25744,전,전,전,제주,제주시,제주 제주시 한림읍 귀덕리 2216,"189,007,500","92,614,000",낙찰,"95,100,000",50.3%,2024-05-28,2024_2Q,3
제주 8계 2023-25805,임야,임야,임야,제주,서귀포시,제주 서귀포시 성산읍 삼달리 259-14,"84,150,000","41,234,000",낙찰,"42,000,000",49.9%,2024-06-18,2024_2Q,3
제주 2계 2023-25829,단독주택,단독,단독주택,제주,제주시,제주 제주시 한림읍 귀덕리 1285,"210,137,100","147,096,000",낙찰,"237,000,000",112.8%,2024-04-23,2024_2Q,3
제주 5계 2023-25942,전,전,전,제주,서귀포시,제주 서귀포시 대정읍 일과리 1401-1,"135,616,000","94,931,000",낙찰,"102,757,000",75.8%,2024-01-30,2024_1Q,3
제주 1계 2023-25973,차량,기타토지,기타토지,제주,제주시,제주 제주시 외도일동 2155-1 (주)세경에서 보관,"65,000,000","45,500,000",낙찰,"47,000,000",72.3%,2024-02-06,2024_1Q,3
제주 2계 2023-25980(2),전,전,전,제주,제주시,제주 제주시 도련이동 667,"486,624,000","238,446,000",낙찰,"241,000,000",49.5%,2024-05-28,2024_2Q,3
제주 5계 2023-26013,다세대,다세대주택,다세대,제주,제주시,제주 제주시 이호일동 1927-6 백록휴레스트이호2차 C동 3층 302호,"247,000,000","172,900,000",낙찰,"190,700,000",77.2%,2024-01-30,2024_1Q,3
제주 6계 2023-26020,다세대,다세대주택,다세대,제주,제주시,제주 제주시 이호일동 1927-6 백록휴레스트이호2차 C동 4층 402호,"311,000,000","217,700,000",낙찰,"252,330,000",81.1%,2024-04-02,2024_2Q,3
제주 1계 2023-26051,목장용지,기타토지,목장용지,제주,서귀포시,제주 서귀포시 성산읍 수산리 4072-4,"125,374,450","30,102,000",낙찰,"32,200,000",25.7%,2024-04-16,2024_2Q,3
제주 4계 2023-26082,대지,나대지,나대지,제주,서귀포시,제주 서귀포시 성산읍 시흥리 61,"17,515,960","8,583,000",낙찰,"10,250,000",58.5%,2024-01-23,2024_1Q,3
제주 2계 2023-26143,중기,기타토지,기타토지,제주,제주시,제주 제주시 용담삼동 1274-1 현대물품보관소(주)내 보관,"55,000,000","26,950,000",낙찰,"38,520,000",70.0%,2024-03-19,2024_1Q,3
제주 5계 2023-26174,주상복합(주거),기타토지,기타토지,제주,제주시,제주 제주시 연동 1959-2 일품 3층 301호,"77,000,000","37,730,000",낙찰,"49,282,000",64.0%,2024-01-30,2024_1Q,3
제주 5계 2023-26259,숙박시설,숙박시설,숙박시설,제주,서귀포시,제주 서귀포시 대정읍 보성리 2545 제주아이파크스위트알 101동 4층 403호,"1,582,000,000","775,180,000",낙찰,"821,000,000",51.9%,2024-06-18,2024_2Q,3
제주 2계 2023-26303(2),오피스텔(주거),오피스텔,오피스텔(업무용),제주,제주시,제주 제주시 노형동 2525-8 디아망 5층 501호,"330,000,000","231,000,000",낙찰,"250,900,000",76.0%,2024-04-23,2024_2Q,3
제주 3계 2023-26327,임야,임야,임야,제주,서귀포시,제주 서귀포시 대정읍 하모리 1327-1,"124,644,000","124,644,000",낙찰,"131,110,000",105.2%,2024-01-16,2024_1Q,3
제주 5계 2023-26341,임야,임야,임야,제주,서귀포시,제주 서귀포시 대정읍 신평리 147-4,"70,218,000","24,085,000",낙찰,"24,521,000",34.9%,2024-04-09,2024_2Q,3
제주 8계 2023-26372,오피스텔(주거),오피스텔,오피스텔(업무용),제주,서귀포시,제주 서귀포시 신효동 112-5 휴다온 5층 502호,"275,000,000","134,750,000",낙찰,"170,100,000",61.9%,2024-06-18,2024_2Q,3
제주 2계 2023-26457,차량,기타토지,기타토지,제주,제주시,제주 제주시 조천읍 함덕리 290-41 자동차평가연구소(주)에게보관,"18,000,000","12,600,000",낙찰,"12,788,990",71.0%,2024-02-13,2024_1Q,3
제주 4계 2023-26471,아파트,아파트,아파트,제주,제주시,"제주 제주시 연동 306 ,306-2,306-3,306-4,306-5,306-17 제주연동중흥에스-클래스 8,9층 822호","293,000,000","143,570,000",낙찰,"202,579,000",69.1%,2024-01-23,2024_1Q,3
제주 7계 2023-26501,다세대,다세대주택,다세대,제주,제주시,"제주 제주시 조천읍 신흥리 173-2 ,174,176,176-1 스퀘어오션타운 108동 1,2층 102호","343,000,000","240,100,000",낙찰,"256,000,000",74.6%,2024-06-04,2024_2Q,3
제주 1계 2023-26525,단독주택,단독,단독주택,제주,제주시,제주 제주시 용담이동 2710-28,"378,234,420","264,764,000",낙찰,"273,000,000",72.2%,2024-03-12,2024_1Q,3
제주 4계 2023-26631,연립,연립주택,연립·빌라,제주,서귀포시,제주 서귀포시 법환동 212 디자인뷰 104동 5층 503호,"458,000,000","224,420,000",낙찰,"280,500,000",61.2%,2024-02-27,2024_1Q,3
제주 1계 2023-26778(1),도로,기타토지,기타토지,제주,서귀포시,제주 서귀포시 성산읍 온평리 872-1,"64,380,000","31,546,000",낙찰,"32,000,000",49.7%,2024-02-06,2024_1Q,3
제주 6계 2023-26976(6),다세대,다세대주택,다세대,제주,제주시,제주 제주시 아라일동 6058-12 엘리제하우스 3층 303호,"367,000,000","256,900,000",낙찰,"262,420,000",71.5%,2024-06-11,2024_2Q,3
제주 3계 2023-27023,차량,기타토지,기타토지,제주,제주시,제주 제주시 용담삼동 1274-1 현대물품보관소내 보관,"31,000,000","15,190,000",낙찰,"22,850,000",73.7%,2024-02-20,2024_1Q,3
제주 6계 2023-27030(3),전,전,전,제주,제주시,제주 제주시 구좌읍 세화리 799-1,"55,930,000","55,930,000",낙찰,"56,123,400",100.3%,2024-06-11,2024_2Q,3
제주 2계 2023-27252,연립,연립주택,연립·빌라,제주,서귀포시,"제주 서귀포시 동홍동 1902-7 ,1909,1910-4 루체비스타 102동 1층 101호","367,000,000","179,830,000",낙찰,"212,100,000",57.8%,2024-04-23,2024_2Q,3
제주 5계 2023-27344,단독주택,단독,단독주택,제주,제주시,제주 제주시 용담일동 2823-16,"252,837,215","176,986,000",낙찰,"176,986,000",70.0%,2024-03-05,2024_1Q,3
제주 5계 2023-27429,도로,기타토지,기타토지,제주,서귀포시,제주 서귀포시 남원읍 의귀리 965-3,"20,394,000","14,276,000",낙찰,"16,210,000",79.5%,2024-03-05,2024_1Q,3
제주 1계 2023-27542,아파트,아파트,아파트,제주,제주시,제주 제주시 연동 292-8 연동엘리시아3차 2층 201호,"348,000,000","243,600,000",낙찰,"341,000,000",98.0%,2024-02-06,2024_1Q,3
제주 6계 2023-27603,연립,연립주택,연립·빌라,제주,제주시,제주 제주시 도평동 1292 제웅솔내음빌리지 101동 4층 402호,"281,000,000","196,700,000",낙찰,"257,500,000",91.6%,2024-04-02,2024_2Q,3
제주 2계 2023-27634,연립,연립주택,연립·빌라,제주,서귀포시,제주 서귀포시 강정동 1544 윈저캐슬 101동 2층 201호,"199,000,000","97,510,000",낙찰,"111,210,000",55.9%,2024-04-23,2024_2Q,3
제주 3계 2023-27726(1),전,전,전,제주,서귀포시,제주 서귀포시 강정동 4361-2,"825,747,000","578,023,000",낙찰,"652,000,000",79.0%,2024-06-04,2024_2Q,3
제주 3계 2023-27726(2),답,답,답,제주,서귀포시,제주 서귀포시 강정동 5052,"112,332,000","112,332,000",낙찰,"116,100,000",103.4%,2024-06-04,2024_2Q,3
제주 6계 2023-27757(2),차량,기타토지,기타토지,제주,제주시,제주 제주시 한경면 고산리 2231-1 채권자 홍종표에게 보관,"11,000,000","7,700,000",낙찰,"9,577,000",87.1%,2024-02-27,2024_1Q,3
제주 2계 2023-27795,연립,연립주택,연립·빌라,제주,서귀포시,제주 서귀포시 법환동 1571 법환코아루 102동 4층 402호,"415,000,000","290,500,000",낙찰,"300,100,000",72.3%,2024-03-19,2024_1Q,3
제주 3계 2023-27801,연립,연립주택,연립·빌라,제주,서귀포시,제주 서귀포시 법환동 1571 법환코아루 101동 1층 104호,"650,000,000","455,000,000",낙찰,"460,110,000",70.8%,2024-06-04,2024_2Q,3
제주 4계 2023-27818,아파트,아파트,아파트,제주,제주시,제주 제주시 노형동 2585-1 노형중흥에스-클래스 106동 4층 402호,"950,000,000","665,000,000",낙찰,"726,000,000",76.4%,2024-02-27,2024_1Q,3
제주 3계 2023-27887,연립,연립주택,연립·빌라,제주,서귀포시,제주 서귀포시 법환동 1571 법환코아루 102동 3층 301호,"400,000,000","280,000,000",낙찰,"302,599,000",75.6%,2024-06-04,2024_2Q,3
제주 4계 2023-27894,전,전,전,제주,서귀포시,제주 서귀포시 대정읍 신도리 1592-3,"28,600,000","14,014,000",낙찰,"15,000,000",52.4%,2024-04-02,2024_2Q,3
제주 5계 2023-27900,전,전,전,제주,제주시,제주 제주시 한림읍 대림리 139,"135,824,000","32,612,000",낙찰,"35,800,000",26.4%,2024-06-18,2024_2Q,3
제주 4계 2023-28057,다세대,다세대주택,다세대,제주,서귀포시,제주 서귀포시 서홍동 297-1 아정주택 3층 301호,"73,700,000","51,590,000",낙찰,"57,550,000",78.1%,2024-02-27,2024_1Q,3
제주 2계 2023-28118,전,전,전,제주,제주시,제주 제주시 애월읍 고내리 730-10,"113,191,000","113,191,000",낙찰,"119,500,000",105.6%,2024-03-19,2024_1Q,3
제주 5계 2023-28156(1),숙박시설,숙박시설,숙박시설,제주,서귀포시,제주 서귀포시 중문동 2330-9 오션클라우드 1층 107호,"137,000,000","32,894,000",낙찰,"45,678,000",33.3%,2024-06-18,2024_2Q,3
제주 5계 2023-28156(2),숙박시설,숙박시설,숙박시설,제주,서귀포시,제주 서귀포시 중문동 2330-9 오션클라우드 3층 337호,"125,000,000","30,013,000",낙찰,"39,789,000",31.8%,2024-06-18,2024_2Q,3
제주 5계 2023-28156(3),숙박시설,숙박시설,숙박시설,제주,서귀포시,제주 서귀포시 중문동 2330-9 오션클라우드 3층 338호,"125,000,000","42,875,000",낙찰,"43,311,000",34.6%,2024-05-14,2024_2Q,3
제주 5계 2023-28156(4),숙박시설,숙박시설,숙박시설,제주,서귀포시,제주 서귀포시 중문동 2330-9 오션클라우드 4층 438호,"125,000,000","30,013,000",낙찰,"41,111,100",32.9%,2024-06-18,2024_2Q,3
제주 5계 2023-28156(5),숙박시설,숙박시설,숙박시설,제주,서귀포시,제주 서귀포시 중문동 2330-9 오션클라우드 5층 503호,"144,000,000","49,392,000",낙찰,"67,899,000",47.2%,2024-05-14,2024_2Q,3
제주 5계 2023-28156(6),숙박시설,숙박시설,숙박시설,제주,서귀포시,제주 서귀포시 중문동 2330-9 오션클라우드 5층 527호,"126,000,000","30,253,000",낙찰,"41,789,000",33.2%,2024-06-18,2024_2Q,3
제주 5계 2023-28156(7),숙박시설,숙박시설,숙박시설,제주,서귀포시,제주 서귀포시 중문동 2330-9 오션클라우드 5층 528호,"126,000,000","30,253,000",낙찰,"36,789,000",29.2%,2024-06-18,2024_2Q,3
제주 5계 2023-28156(8),숙박시설,숙박시설,숙박시설,제주,서귀포시,제주 서귀포시 중문동 2330-9 오션클라우드 5층 529호,"126,000,000","30,253,000",낙찰,"41,111,100",32.6%,2024-06-18,2024_2Q,3
제주 5계 2023-28156(9),숙박시설,숙박시설,숙박시설,제주,서귀포시,제주 서귀포시 중문동 2330-9 오션클라우드 6층 631호,"129,000,000","30,973,000",낙찰,"38,500,000",29.8%,2024-06-18,2024_2Q,3
제주 1계 2023-28187,임야,임야,임야,제주,제주시,제주 제주시 한림읍 금악리 297-1,"183,918,000","90,120,000",낙찰,"90,293,000",49.1%,2024-04-16,2024_2Q,3
제주 2계 2023-28194,다세대,다세대주택,다세대,제주,제주시,"제주 제주시 이도이동 1023-6 ,1023-7 선우빌라 나동 4층 501호","308,000,000","215,600,000",낙찰,"220,998,500",71.8%,2024-05-28,2024_2Q,3
제주 5계 2023-28224,임야,임야,임야,제주,서귀포시,제주 서귀포시 성산읍 온평리 2409-5,"26,752,000","18,726,000",낙찰,"22,739,000",85.0%,2024-03-05,2024_1Q,3
제주 1계 2023-28279,과수원,과수원,과수원,제주,서귀포시,제주 서귀포시 표선면 토산리 978-4,"374,090,000","261,863,000",낙찰,"263,829,000",70.5%,2024-04-16,2024_2Q,3
제주 4계 2023-28293(1),점포,근린상가,점포상가,제주,제주시,제주 제주시 애월읍 광령리 76-2,"134,693,180","66,000,000",낙찰,"88,799,000",65.9%,2024-06-11,2024_2Q,3
제주 5계 2023-28309,단독주택,단독,단독주택,제주,제주시,제주 제주시 도남동 920-13,"203,605,880","142,524,000",낙찰,"173,333,000",85.1%,2024-03-05,2024_1Q,3
제주 5계 2023-28392(1),전,전,전,제주,서귀포시,제주 서귀포시 대정읍 무릉리 442-2,"1,111,545,000","544,657,000",낙찰,"603,000,000",54.2%,2024-04-09,2024_2Q,3
제주 5계 2023-28392(2),전,전,전,제주,서귀포시,제주 서귀포시 대정읍 무릉리 425-12,"862,792,000","422,768,000",낙찰,"473,000,000",54.8%,2024-04-09,2024_2Q,3
제주 1계 2023-28507(1),전,전,전,제주,제주시,제주 제주시 용담이동 1349,"15,750,000","7,718,000",낙찰,"8,100,000",51.4%,2024-04-16,2024_2Q,3
제주 1계 2023-28507(2),전,전,전,제주,제주시,제주 제주시 용담삼동 2248,"13,450,000","6,591,000",낙찰,"7,100,000",52.8%,2024-04-16,2024_2Q,3
제주 1계 2023-28507(3),전,전,전,제주,제주시,제주 제주시 도두일동 2143,"9,603,000","3,294,000",낙찰,"4,737,000",49.3%,2024-05-21,2024_2Q,3
제주 4계 2023-28538,차량,기타토지,기타토지,제주,제주시,제주 제주시 조천읍 함덕리 290-41 제3자자동차평가연구소(주)내 보관,"5,000,000","3,500,000",낙찰,"4,050,000",81.0%,2024-02-27,2024_1Q,3
제주 3계 2023-28682,오피스텔,오피스텔,오피스텔(업무용),제주,제주시,제주 제주시 연동 306-12 진호케스텔 2층 204호,"57,000,000","39,900,000",낙찰,"42,955,000",75.4%,2024-06-04,2024_2Q,3
제주 4계 2023-28699,과수원,과수원,과수원,제주,제주시,제주 제주시 화북이동 2607-1,"1,956,376,000","1,369,463,000",낙찰,"1,382,343,330",70.7%,2024-04-02,2024_2Q,3
제주 5계 2023-28705,전,전,전,제주,서귀포시,제주 서귀포시 대정읍 상모리 928,"638,820,000","219,115,000",낙찰,"270,199,000",42.3%,2024-05-14,2024_2Q,3
제주 3계 2023-28774,차량,기타토지,기타토지,제주,제주시,제주 제주시 외도일동 2155-1 제3자 (주)세경에게 보관,"57,000,000","39,900,000",낙찰,"50,870,000",89.2%,2024-02-20,2024_1Q,3
제주 5계 2023-28781,차량,기타토지,기타토지,제주,제주시,제주 제주시 용담삼동 1274-1 현대물품보관소(주)내 보관,"40,000,000","28,000,000",낙찰,"28,300,000",70.8%,2024-01-30,2024_1Q,3
제주 4계 2023-28859(1),임야,임야,임야,제주,서귀포시,제주 서귀포시 대정읍 구억리 산8-8,"8,060,000","3,949,000",낙찰,"4,170,000",51.7%,2024-06-11,2024_2Q,3
제주 5계 2023-28866,임야,임야,임야,제주,서귀포시,제주 서귀포시 표선면 성읍리 2205-1,"14,999,000","5,144,000",낙찰,"7,500,000",50.0%,2024-05-14,2024_2Q,3
제주 1계 2023-28927,콘도,기타토지,기타토지,제주,제주시,"제주 제주시 한림읍 금악리 산32-1 ,산32-5,산32-7,산32-8,서귀포시 안덕면 광평리 산92,산93,산91 아덴힐리조트 C106동 2층 202호","567,000,000","277,830,000",낙찰,"297,600,000",52.5%,2024-04-16,2024_2Q,3
제주 1계 2023-28989,다세대,다세대주택,다세대,제주,제주시,제주 제주시 영평동 2443-2 천마에코피아6차 101동 1층 101호,"229,000,000","160,300,000",낙찰,"195,399,999",85.3%,2024-03-12,2024_1Q,3
제주 3계 2023-29067,다세대,다세대주택,다세대,제주,서귀포시,제주 서귀포시 안덕면 서광리 1395 라모인빌리지 106동 2층 201호,"220,000,000","154,000,000",낙찰,"185,000,000",84.1%,2024-06-04,2024_2Q,3
제주 4계 2023-29074,다세대,다세대주택,다세대,제주,제주시,제주 제주시 일도일동 1094-33 세윤빌라 가동 3층 302호,"128,000,000","89,600,000",낙찰,"112,256,000",87.7%,2024-06-11,2024_2Q,3
제주 3계 2023-29142,답,답,답,제주,서귀포시,제주 서귀포시 강정동 4759-2,"150,516,000","150,516,000",낙찰,"171,110,000",113.7%,2024-06-04,2024_2Q,3
제주 5계 2023-29227,양어장,기타건물,기타건물,제주,제주시,제주 제주시 추자면 묵리 248-1,"38,910,000","27,237,000",낙찰,"28,800,000",74.0%,2024-05-14,2024_2Q,3
제주 2계 2023-29425,차량,기타토지,기타토지,제주,제주시,제주 제주시 조천읍 함덕리 290-41 자동차평가연구소내 보관,"35,000,000","24,500,000",낙찰,"31,830,000",90.9%,2024-03-19,2024_1Q,3
제주 1계 2023-29630,차량,기타토지,기타토지,제주,제주시,제주 제주시 용담삼동 1274-1 현대물품보관소내 보관,"11,000,000","7,700,000",낙찰,"8,170,000",74.3%,2024-03-12,2024_1Q,3
제주 3계 2023-29739,차량,기타토지,기타토지,제주,제주시,제주 제주시 외도일동 2155-3 제3자(주)세경내 보관,"34,000,000","23,800,000",낙찰,"26,250,000",77.2%,2024-04-30,2024_2Q,3
제주 5계 2023-29753,콘도,기타토지,기타토지,제주,제주시,제주 제주시 회천동 3-16 한화리조트 동관동 3층 371호,"9,700,000","6,790,000",낙찰,"7,520,000",77.5%,2024-05-14,2024_2Q,3
제주 6계 2023-29760,다세대,다세대주택,다세대,제주,제주시,제주 제주시 삼양이동 2163-4 미광빌라 1층 101호,"255,000,000","178,500,000",낙찰,"197,010,000",77.3%,2024-05-07,2024_2Q,3
제주 1계 2023-29876,임야,임야,임야,제주,서귀포시,제주 서귀포시 성산읍 수산리 1856,"23,796,000","16,657,000",낙찰,"16,980,000",71.4%,2024-04-16,2024_2Q,3
제주 4계 2023-29913,다세대,다세대주택,다세대,제주,서귀포시,"제주 서귀포시 안덕면 사계리 1516 산방산코아루아이비타운 104동 1,2층 103호","635,000,000","311,150,000",낙찰,"369,950,000",58.3%,2024-06-11,2024_2Q,3
제주 2계 2023-30043,다세대,다세대주택,다세대,제주,제주시,제주 제주시 도남동 67-19 영도빌라A 1호동 2층 201호,"160,000,000","112,000,000",낙찰,"140,110,000",87.6%,2024-05-28,2024_2Q,3
제주 1계 2023-30111,아파트,아파트,아파트,제주,제주시,제주 제주시 이도이동 1021-3 도남아델하임 3층 301호,"345,000,000","241,500,000",낙찰,"302,228,000",87.6%,2024-04-16,2024_2Q,3
제주 6계 2023-30166,차량,기타토지,기타토지,제주,제주시,제주 제주시 외도일동 2155-1 (주)세경내 보관,"20,000,000","14,000,000",낙찰,"18,020,000",90.1%,2024-06-11,2024_2Q,3
제주 2계 2023-30203,차량,기타토지,기타토지,제주,제주시,제주 제주시 용담삼동 1274-1 제3자현대물품보관소(주)내 보관,"12,000,000","8,400,000",낙찰,"11,452,000",95.4%,2024-05-28,2024_2Q,3
제주 1계 2023-30272,연립,연립주택,연립·빌라,제주,서귀포시,"제주 서귀포시 동홍동 1902-7 ,1909,1910-4 루체비스타 102동 1층 103호","367,000,000","179,830,000",낙찰,"218,300,000",59.5%,2024-06-25,2024_2Q,3
제주 5계 2023-30487,연립,연립주택,연립·빌라,제주,서귀포시,제주 서귀포시 법환동 212 디자인뷰 107동 4층 401호,"352,000,000","172,480,000",낙찰,"212,766,000",60.4%,2024-06-18,2024_2Q,3
제주 5계 2023-30630,오피스텔(주거),오피스텔,오피스텔(업무용),제주,제주시,제주 제주시 조천읍 조천리 2371-2 조천휴미래 5층 605호,"305,000,000","213,500,000",낙찰,"239,000,000",78.4%,2024-05-14,2024_2Q,3
제주 2계 2023-30685,아파트,아파트,아파트,제주,서귀포시,제주 서귀포시 동홍동 90-1 남진이르빌 4층 501호,"227,000,000","158,900,000",낙찰,"174,100,000",76.7%,2024-05-28,2024_2Q,3
제주 5계 2023-30852,차량,기타토지,기타토지,제주,제주시,제주 제주시 애월읍 광령리 산49 (주)세경내 보관,"7,000,000","4,900,000",낙찰,"5,110,000",73.0%,2024-05-14,2024_2Q,3
제주 1계 2023-30890(2),임야,임야,임야,제주,서귀포시,제주 서귀포시 성산읍 삼달리 818-2,"189,744,000","92,975,000",낙찰,"117,000,000",61.7%,2024-06-25,2024_2Q,3
제주 1계 2023-30890(3),임야,임야,임야,제주,서귀포시,제주 서귀포시 성산읍 삼달리 2046,"185,436,000","90,864,000",낙찰,"130,000,000",70.1%,2024-06-25,2024_2Q,3
제주 6계 2023-30944,선박,기타토지,기타토지,제주,제주시,제주 제주시 한림읍 한림리 한림항내 (주)세경 보관,"205,808,040","100,846,000",낙찰,"130,100,000",63.2%,2024-06-11,2024_2Q,3
제주 1계 2023-31077,단독주택,단독,단독주택,제주,제주시,제주 제주시 외도일동 2258 106동,"574,596,978","402,218,000",낙찰,"431,600,000",75.1%,2024-05-21,2024_2Q,3
제주 1계 2023-31312,차량,기타토지,기타토지,제주,제주시,제주 제주시 애월읍 광령리 산49 (주)세경에서 보관,"28,000,000","19,600,000",낙찰,"23,620,000",84.4%,2024-05-21,2024_2Q,3
제주 3계 2023-31664,차량,기타토지,기타토지,제주,제주시,제주 제주시 애월읍 광령리 산49 내 보관(제3자(주)세경에게보관),"18,000,000","18,000,000",낙찰,"19,500,000",108.3%,2024-06-04,2024_2Q,3
제주 7계 2023-31862,차량,기타토지,기타토지,제주,제주시,제주 제주시 애월읍 광령리 산49 (주)세경내 보관,"8,900,000","4,361,000",낙찰,"4,500,000",50.6%,2024-06-04,2024_2Q,3
제주 4계 2023-32070,전,전,전,제주,제주시,제주 제주시 조천읍 함덕리 1074-5,"163,210,000","114,247,000",낙찰,"114,257,000",70.0%,2024-06-11,2024_2Q,3
제주 6계 2024-445,차량,기타토지,기타토지,제주,제주시,제주 제주시 애월읍 광령리 산49 (주)세경내 보관,"22,000,000","22,000,000",낙찰,"25,500,000",115.9%,2024-06-11,2024_2Q,3
제주 4계 2024-599,연립,연립주택,연립·빌라,제주,서귀포시,제주 서귀포시 호근동 2000-1 헤렌시움 101동 2층 202호,"264,000,000","184,800,000",낙찰,"221,888,000",84.0%,2024-06-11,2024_2Q,3
제주 5계 2024-20371(2),대지,나대지,나대지,제주,제주시,제주 제주시 한경면 낙천리 2117,"179,568,000","125,698,000",낙찰,"125,698,000",70.0%,2024-06-18,2024_2Q,3
제주 5계 2024-20852,연립,연립주택,연립·빌라,제주,제주시,제주 제주시 연동 290-84 연동파크빌라 4층 502호,"157,000,000","157,000,000",낙찰,"160,270,000",102.1%,2024-05-14,2024_2Q,3
제주 8계 2024-22643,차량,기타토지,기타토지,제주,제주시,제주 제주시 용담삼동 1274-1 현대물품보관소(주)내 보관,"35,000,000","35,000,000",낙찰,"35,333,000",101.0%,2024-06-18,2024_2Q,3
제주 8계 2024-23912,차량,기타토지,기타토지,제주,제주시,제주 제주시 용담삼동 1274-1 현대물품보관소(주)내 보관,"18,000,000","18,000,000",낙찰,"18,800,000",104.4%,2024-06-18,2024_2Q,3
제주 7계 2019-8940,단독주택,단독,단독주택,제주,제주시,제주 제주시 아라일동 2654-1 아라메타운하우스2차 205동,"752,676,400","526,873,000",낙찰,"572,310,000",76.0%,2024-07-09,2024_3Q,3
제주 7계 2021-4316,숙박시설,숙박시설,숙박시설,제주,제주시,제주 제주시 이도이동 1776-31 제주슬림호텔,"4,068,221,800","1,993,429,000",낙찰,"2,649,990,000",65.1%,2024-09-24,2024_3Q,3
제주 5계 2021-6145(1),다세대,다세대주택,다세대,제주,서귀포시,"제주 서귀포시 강정동 288-1 ,288-4 3층 301호","2,929,530,000","344,656,000",낙찰,"503,300,000",17.2%,2024-11-12,2024_4Q,3
제주 5계 2021-26354,단독주택,단독,단독주택,제주,제주시,제주 제주시 애월읍 장전리 588-1,"200,204,400","68,670,000",낙찰,"79,180,000",39.5%,2024-07-23,2024_3Q,3
제주 5계 2022-1758,분뇨쓰레기처리시설,기타건물,기타건물,제주,서귀포시,제주 서귀포시 대정읍 동일리 584,"1,214,194,740","594,955,000",낙찰,"635,490,000",52.3%,2024-07-23,2024_3Q,3
제주 3계 2022-2157,단독주택,단독,단독주택,제주,제주시,제주 제주시 애월읍 하가리 120-11 C동,"395,905,440","135,796,000",낙찰,"136,100,000",34.4%,2024-07-09,2024_3Q,3
제주 2계 2022-2409,공장,공장(지식산업센터 업무시설),공장,제주,제주시,제주 제주시 한림읍 금악리 625-2,"4,503,378,000","1,544,659,000",낙찰,"1,544,744,000",34.3%,2024-08-06,2024_3Q,3
제주 6계 2022-4481(1),단독주택,단독,단독주택,제주,서귀포시,제주 서귀포시 남원읍 의귀리 709-1,"1,440,006,660","705,604,000",낙찰,"715,999,900",49.7%,2024-08-20,2024_3Q,3
제주 2계 2022-20612,단독주택,단독,단독주택,제주,서귀포시,제주 서귀포시 안덕면 서광리 863-3,"1,011,192,000","346,839,000",낙찰,"700,000,000",69.2%,2024-11-26,2024_4Q,3
제주 4계 2022-21172,단독주택,단독,단독주택,제주,서귀포시,제주 서귀포시 남원읍 남원리 1693-1 A동호,"1,315,678,400","451,278,000",낙찰,"672,887,200",51.1%,2024-07-16,2024_3Q,3
제주 5계 2022-21950,연립,연립주택,연립·빌라,제주,제주시,제주 제주시 오라이동 1842-3 4층 503호,"205,000,000","70,315,000",낙찰,"111,888,000",54.6%,2024-08-27,2024_3Q,3
제주 2계 2022-23901,임야,임야,임야,제주,제주시,제주 제주시 구좌읍 세화리 2567,"105,000,000","17,648,000",낙찰,"21,510,000",20.5%,2024-10-22,2024_4Q,3
제주 1계 2022-25617(1),단독주택,단독,단독주택,제주,서귀포시,제주 서귀포시 표선면 하천리 1354 1호,"820,349,760","281,380,000",낙찰,"301,678,900",36.8%,2024-09-03,2024_3Q,3
제주 1계 2022-25617(3),전,전,전,제주,서귀포시,제주 서귀포시 표선면 하천리 1345,"155,668,000","53,395,000",낙찰,"55,220,000",35.5%,2024-09-03,2024_3Q,3
제주 1계 2022-25617(4),전,전,전,제주,서귀포시,제주 서귀포시 표선면 하천리 1346,"68,836,000","16,528,000",낙찰,"23,100,000",33.6%,2024-10-15,2024_4Q,3
제주 1계 2022-25617(5),전,전,전,제주,서귀포시,제주 서귀포시 표선면 하천리 1341,"190,970,000","65,503,000",낙찰,"75,600,000",39.6%,2024-09-03,2024_3Q,3
제주 8계 2022-26023,임야,임야,임야,제주,제주시,제주 제주시 구좌읍 하도리 1091-33,"6,458,163,000","2,215,150,000",낙찰,"2,713,000,000",42.0%,2024-08-27,2024_3Q,3
제주 4계 2022-26733,점포,근린상가,점포상가,제주,제주시,제주 제주시 오라이동 2217-1,"412,531,000","202,140,000",낙찰,"226,900,000",55.0%,2024-10-02,2024_4Q,3
제주 2계 2022-26825,숙박시설,숙박시설,숙박시설,제주,제주시,제주 제주시 연동 290-81 더스테이제주290 3층 311호,"163,000,000","79,870,000",낙찰,"90,000,000",55.2%,2024-07-02,2024_3Q,3
제주 3계 2022-27132,임야,임야,임야,제주,서귀포시,제주 서귀포시 표선면 가시리 산81-3,"70,142,000","16,841,000",낙찰,"17,999,100",25.7%,2024-07-09,2024_3Q,3
제주 3계 2022-27552,단독주택,단독,단독주택,제주,제주시,제주 제주시 조천읍 교래리 670-6 가동호,"1,641,755,120","563,122,000",낙찰,"730,999,000",44.5%,2024-10-29,2024_4Q,3
제주 2계 2022-28555(1),임야,임야,임야,제주,서귀포시,제주 서귀포시 대정읍 무릉리 1428,"85,471,000","29,317,000",낙찰,"35,000,000",40.9%,2024-07-02,2024_3Q,3
제주 3계 2023-844(2),임야,임야,임야,제주,서귀포시,제주 서귀포시 대포동 138,"307,200,000","73,759,000",낙찰,"81,230,000",26.4%,2024-07-09,2024_3Q,3
제주 4계 2023-1526,단독주택,단독,단독주택,제주,제주시,제주 제주시 애월읍 상가리 1937-17,"283,463,500","138,897,000",낙찰,"219,999,000",77.6%,2024-08-20,2024_3Q,3
제주 5계 2023-1533,다세대,다세대주택,다세대,제주,서귀포시,제주 서귀포시 안덕면 화순리 372-5 화순엘루체빌 A동 5층 501호,"283,000,000","138,670,000",낙찰,"165,611,000",58.5%,2024-07-23,2024_3Q,3
제주 6계 2023-1601,전,전,전,제주,제주시,제주 제주시 조천읍 교래리 412,"704,425,000","241,618,000",낙찰,"267,770,000",38.0%,2024-08-20,2024_3Q,3
제주 2계 2023-1625,오피스텔(주거),오피스텔,오피스텔(업무용),제주,서귀포시,"제주 서귀포시 서귀동 251-1 ,251-17,251-39 선경 12층 1220호","34,000,000","11,662,000",낙찰,"11,665,000",34.3%,2024-11-26,2024_4Q,3
제주 3계 2023-2352,목장용지,기타토지,목장용지,제주,제주시,제주 제주시 구좌읍 송당리 61,"62,600,000","43,820,000",낙찰,"44,000,000",70.3%,2024-08-13,2024_3Q,3
제주 1계 2023-2567(1),숙박시설,숙박시설,숙박시설,제주,서귀포시,제주 서귀포시 성산읍 신산리 1176-9,"2,328,875,720","1,141,149,000",낙찰,"1,211,230,000",52.0%,2024-10-15,2024_4Q,3
제주 1계 2023-2567(2),전,전,전,제주,서귀포시,제주 서귀포시 성산읍 신산리 1176-8,"1,285,359,000","440,878,000",낙찰,"477,778,000",37.2%,2024-11-19,2024_4Q,3
제주 5계 2023-2970(1),전,전,전,제주,서귀포시,제주 서귀포시 성산읍 삼달리 393-2,"78,772,000","38,598,000",낙찰,"42,536,880",54.0%,2024-08-27,2024_3Q,3
제주 5계 2023-2970(2),임야,임야,임야,제주,서귀포시,제주 서귀포시 성산읍 삼달리 594,"94,758,000","46,432,000",낙찰,"57,230,000",60.4%,2024-08-27,2024_3Q,3
제주 7계 2023-3126,전,전,전,제주,서귀포시,제주 서귀포시 안덕면 사계리 3067,"1,717,054,000","412,265,000",낙찰,"420,080,500",24.5%,2024-10-29,2024_4Q,3
제주 3계 2023-3164(1),주상복합(상가),기타토지,기타토지,제주,제주시,"제주 제주시 삼도일동 530-1 ,530-22 만진리치빌 1층 100호","377,000,000","184,730,000",낙찰,"235,000,000",62.3%,2024-07-09,2024_3Q,3
제주 3계 2023-3164(2),주상복합(상가),기타토지,기타토지,제주,제주시,"제주 제주시 삼도일동 530-1 ,530-22 만진리치빌 2층 200호","244,000,000","83,692,000",낙찰,"95,020,000",38.9%,2024-08-13,2024_3Q,3
제주 3계 2023-3164(3),주상복합(상가),기타토지,기타토지,제주,제주시,"제주 제주시 삼도일동 530-1 ,530-22 만진리치빌 3층 300호","261,000,000","89,523,000",낙찰,"105,000,000",40.2%,2024-08-13,2024_3Q,3
제주 3계 2023-3164(4),근린상가,근린상가,근린상가,제주,제주시,"제주 제주시 오라이동 3309-1 ,3310,3311 오라만진리치빌2차 101동 지층 비101호","137,000,000","67,130,000",낙찰,"79,000,000",57.7%,2024-07-09,2024_3Q,3
제주 3계 2023-3164(5),근린상가,근린상가,근린상가,제주,제주시,"제주 제주시 오라이동 3309-1 ,3310,3311 오라만진리치빌2차 101동 지층 비102호","172,000,000","58,996,000",낙찰,"78,000,000",45.3%,2024-08-13,2024_3Q,3
제주 7계 2023-3546,창고,기타건물,창고,제주,제주시,제주 제주시 한경면 두모리 112-1,"380,282,200","186,339,000",낙찰,"211,132,000",55.5%,2024-09-24,2024_3Q,3
제주 6계 2023-3775(6),오피스텔(주거),오피스텔,오피스텔(업무용),제주,제주시,제주 제주시 노형동 1046-12 노형퍼스트빌6차 6층 702호,"392,000,000","134,456,000",낙찰,"250,000,000",63.8%,2024-08-20,2024_3Q,3
제주 7계 2023-3843,단독주택,단독,단독주택,제주,서귀포시,제주 서귀포시 남원읍 태흥리 1184 114동,"411,577,590","201,673,000",낙찰,"201,685,000",49.0%,2024-07-09,2024_3Q,3
제주 8계 2023-3881,전,전,전,제주,제주시,제주 제주시 한경면 판포리 3144,"92,594,000","10,893,000",낙찰,"13,840,000",14.9%,2024-08-27,2024_3Q,3
제주 1계 2023-3898,단독주택,단독,단독주택,제주,제주시,제주 제주시 한경면 청수리 894 1동호,"2,801,780,000","470,895,000",낙찰,"606,000,000",21.6%,2024-10-15,2024_4Q,3
제주 8계 2023-4150(1),근린상가,근린상가,근린상가,제주,제주시,"제주 제주시 구좌읍 월정리 33 ,33-11,38 머먹젠 지1층 비101호","119,000,000","14,000,000",낙찰,"16,822,220",14.1%,2024-08-27,2024_3Q,3
제주 8계 2023-4150(2),근린상가,근린상가,근린상가,제주,제주시,"제주 제주시 구좌읍 월정리 33 ,33-11,38 머먹젠 지1층 비102호","119,000,000","14,000,000",낙찰,"16,822,220",14.1%,2024-08-27,2024_3Q,3
제주 8계 2023-4228,임야,임야,임야,제주,제주시,제주 제주시 한경면 조수리 3599,"60,736,000","10,208,000",낙찰,"14,599,990",24.0%,2024-07-23,2024_3Q,3
제주 8계 2023-4488(1),숙박시설,숙박시설,숙박시설,제주,서귀포시,제주 서귀포시 서호동 1524-7 제주서귀포라마다앙코르호텔 6층 620호,"110,000,000","18,488,000",낙찰,"23,560,000",21.4%,2024-07-23,2024_3Q,3
제주 8계 2023-4488(2),숙박시설,숙박시설,숙박시설,제주,서귀포시,제주 서귀포시 서호동 1524-7 제주서귀포라마다앙코르호텔 8층 821호,"114,000,000","19,160,000",낙찰,"21,120,000",18.5%,2024-07-23,2024_3Q,3
제주 6계 2023-4600(1),단독주택,단독,단독주택,제주,제주시,제주 제주시 애월읍 하귀2리 1730-1,"586,989,240","201,337,000",낙찰,"290,500,240",49.5%,2024-12-10,2024_4Q,3
제주 6계 2023-4600(2),공장,공장(지식산업센터 업무시설),공장,제주,제주시,제주 제주시 애월읍 유수암리 2713-8,"903,390,000","442,661,000",낙찰,"552,900,000",61.2%,2024-10-02,2024_4Q,3
제주 6계 2023-4600(3),연립,연립주택,연립·빌라,제주,제주시,제주 제주시 애월읍 하귀1리 179-1 스카이팜 1층 101호,"342,000,000","167,580,000",낙찰,"251,900,000",73.7%,2024-10-02,2024_4Q,3
제주 8계 2023-4945,숙박시설,숙박시설,숙박시설,제주,서귀포시,"제주 서귀포시 서귀동 182 ,186,199-1,201-1,201-2,202-2,202-6,961-57,961-110,961-111 글램블루호텔 9층 922호","151,000,000","36,255,000",낙찰,"37,320,000",24.7%,2024-07-23,2024_3Q,3
제주 3계 2023-5054,단독주택,단독,단독주택,제주,제주시,제주 제주시 오라삼동 2262-5,"5,067,510,200","1,738,156,000",낙찰,"1,810,000,000",35.7%,2024-10-29,2024_4Q,3
제주 8계 2023-5078,창고,기타건물,창고,제주,서귀포시,제주 서귀포시 하원동 1440-4,"3,137,234,000","1,076,072,000",낙찰,"1,430,000,000",45.6%,2024-08-27,2024_3Q,3
제주 6계 2023-5207(1),전,전,전,제주,서귀포시,제주 서귀포시 안덕면 창천리 1402,"1,029,839,000","353,235,000",낙찰,"355,000,000",34.5%,2024-07-16,2024_3Q,3
제주 6계 2023-5207(2),임야,임야,임야,제주,서귀포시,제주 서귀포시 안덕면 감산리 1160,"39,958,500","13,706,000",낙찰,"14,300,000",35.8%,2024-10-02,2024_4Q,3
제주 7계 2023-5214(1),전,전,전,제주,서귀포시,제주 서귀포시 대정읍 가파리 442,"229,667,000","38,600,000",낙찰,"50,530,000",22.0%,2024-07-09,2024_3Q,3
제주 6계 2023-5269,과수원,과수원,과수원,제주,제주시,제주 제주시 한경면 낙천리 218,"1,563,339,000","375,358,000",낙찰,"435,770,000",27.9%,2024-11-05,2024_4Q,3
제주 7계 2023-5351,관리사,기타건물,기타건물,제주,제주시,"제주 제주시 도련일동 1192 ,1208,1345,1346","3,352,962,600","1,642,952,000",낙찰,"1,645,000,000",49.1%,2024-08-13,2024_3Q,3
제주 7계 2023-5405(1),근린상가,근린상가,근린상가,제주,서귀포시,제주 서귀포시 동홍동 1086 포스트동홍2차 1층 101호,"270,000,000","132,300,000",낙찰,"143,400,000",53.1%,2024-08-13,2024_3Q,3
제주 7계 2023-5405(2),오피스텔(주거),오피스텔,오피스텔(업무용),제주,서귀포시,제주 서귀포시 동홍동 1086 포스트동홍2차 1층 102호,"270,000,000","132,300,000",낙찰,"171,550,000",63.5%,2024-08-13,2024_3Q,3
제주 7계 2023-5405(4),아파트,아파트,아파트,제주,서귀포시,제주 서귀포시 동홍동 1086 포스트동홍2차 2층 202호,"396,000,000","194,040,000",낙찰,"257,700,000",65.1%,2024-08-13,2024_3Q,3
제주 7계 2023-5405(5),아파트,아파트,아파트,제주,서귀포시,제주 서귀포시 동홍동 1086 포스트동홍2차 2층 204호,"396,000,000","194,040,000",낙찰,"276,000,000",69.7%,2024-08-13,2024_3Q,3
제주 7계 2023-5405(6),아파트,아파트,아파트,제주,서귀포시,제주 서귀포시 동홍동 1086 포스트동홍2차 3층 301호,"404,000,000","282,800,000",낙찰,"283,001,000",70.0%,2024-07-09,2024_3Q,3
제주 7계 2023-5405(7),아파트,아파트,아파트,제주,서귀포시,제주 서귀포시 동홍동 1086 포스트동홍2차 3층 302호,"404,000,000","197,960,000",낙찰,"270,710,000",67.0%,2024-08-13,2024_3Q,3
제주 7계 2023-5405(8),아파트,아파트,아파트,제주,서귀포시,제주 서귀포시 동홍동 1086 포스트동홍2차 3층 303호,"404,000,000","197,960,000",낙찰,"270,710,000",67.0%,2024-08-13,2024_3Q,3
제주 7계 2023-5405(9),아파트,아파트,아파트,제주,서귀포시,제주 서귀포시 동홍동 1086 포스트동홍2차 3층 304호,"404,000,000","282,800,000",낙찰,"315,800,000",78.2%,2024-07-09,2024_3Q,3
제주 7계 2023-5405(10),아파트,아파트,아파트,제주,서귀포시,제주 서귀포시 동홍동 1086 포스트동홍2차 4층 401호,"413,000,000","202,370,000",낙찰,"263,287,500",63.7%,2024-08-13,2024_3Q,3
제주 7계 2023-5405(11),아파트,아파트,아파트,제주,서귀포시,제주 서귀포시 동홍동 1086 포스트동홍2차 4층 402호,"413,000,000","202,370,000",낙찰,"283,255,000",68.6%,2024-08-13,2024_3Q,3
제주 7계 2023-5405(12),아파트,아파트,아파트,제주,서귀포시,제주 서귀포시 동홍동 1086 포스트동홍2차 4층 403호,"413,000,000","202,370,000",낙찰,"271,100,000",65.6%,2024-08-13,2024_3Q,3
제주 7계 2023-5405(13),아파트,아파트,아파트,제주,서귀포시,제주 서귀포시 동홍동 1086 포스트동홍2차 6층 601호,"421,000,000","294,700,000",낙찰,"294,700,000",70.0%,2024-07-09,2024_3Q,3
제주 7계 2023-5467(1),전,전,전,제주,서귀포시,제주 서귀포시 대정읍 하모리 1722-1,"276,555,000","135,512,000",낙찰,"137,512,000",49.7%,2024-07-09,2024_3Q,3
제주 7계 2023-5467(2),창고,기타건물,창고,제주,서귀포시,제주 서귀포시 안덕면 사계리 669,"876,087,600","210,349,000",낙찰,"321,100,000",36.7%,2024-09-24,2024_3Q,3
제주 8계 2023-5474,임야,임야,임야,제주,서귀포시,제주 서귀포시 안덕면 상창리 141-2,"5,390,942,000","1,294,365,000",낙찰,"1,310,000,000",24.3%,2024-12-17,2024_4Q,3
제주 8계 2023-5542,주상복합(상가),기타토지,기타토지,제주,제주시,제주 제주시 연동 280-15 삼무파크빌 2층 202호,"481,000,000","164,983,000",낙찰,"170,001,000",35.3%,2024-07-23,2024_3Q,3
제주 7계 2023-5580(1),단독주택,단독,단독주택,제주,제주시,제주 제주시 애월읍 하귀1리 322,"4,148,415,400","1,422,907,000",낙찰,"1,511,100,000",36.4%,2024-09-24,2024_3Q,3
제주 7계 2023-5580(2),대지,나대지,나대지,제주,제주시,제주 제주시 애월읍 하귀1리 138-10,"1,052,443,000","515,697,000",낙찰,"642,620,000",61.1%,2024-08-13,2024_3Q,3
제주 5계 2023-5610,종교시설,기타건물,기타건물,제주,서귀포시,"제주 서귀포시 표선면 표선리 814-2 ,815-2,816-2","2,018,410,260","989,021,000",낙찰,"1,070,000,000",53.0%,2024-12-17,2024_4Q,3
제주 7계 2023-5719,숙박시설,숙박시설,숙박시설,제주,서귀포시,제주 서귀포시 서호동 1522-2 ESATERN HOTEL JEJU 10층 1006호,"153,000,000","18,001,000",낙찰,"22,520,000",14.7%,2024-10-29,2024_4Q,3
제주 8계 2023-5818,숙박시설,숙박시설,숙박시설,제주,서귀포시,제주 서귀포시 성산읍 고성리 298-5 제주성산라마다앙코르호텔 3층 317호,"151,000,000","36,255,000",낙찰,"40,500,000",26.8%,2024-08-27,2024_3Q,3
제주 6계 2023-5924,임야,임야,임야,제주,제주시,제주 제주시 애월읍 상가리 160-1,"257,868,000","126,356,000",낙찰,"146,111,000",56.7%,2024-07-16,2024_3Q,3
제주 2계 2023-5948,숙박시설,숙박시설,숙박시설,제주,제주시,제주 제주시 구좌읍 행원리 2343-6 바람아래 1동,"1,595,519,100","781,804,000",낙찰,"1,005,500,000",63.0%,2024-07-02,2024_3Q,3
제주 2계 2023-6064,단독주택,단독,단독주택,제주,제주시,제주 제주시 한림읍 한림리 1116,"347,840,660","119,309,000",낙찰,"163,000,000",46.9%,2024-07-02,2024_3Q,3
제주 7계 2023-6125(1),단독주택,단독,단독주택,제주,제주시,제주 제주시 애월읍 광령리 2649,"1,309,904,400","641,853,000",낙찰,"648,000,000",49.5%,2024-10-29,2024_4Q,3
제주 2계 2023-6309,연립,연립주택,연립·빌라,제주,서귀포시,제주 서귀포시 법환동 212 디자인뷰 104동 3층 304호,"383,000,000","187,670,000",낙찰,"205,570,000",53.7%,2024-09-10,2024_3Q,3
제주 7계 2023-6354,단독주택,단독,단독주택,제주,제주시,"제주 제주시 애월읍 유수암리 1401-3 ,1402-5","425,517,400","145,952,000",낙찰,"211,888,000",49.8%,2024-08-13,2024_3Q,3
제주 6계 2023-6538,전,전,전,제주,서귀포시,제주 서귀포시 안덕면 동광리 879,"1,992,419,000","976,285,000",낙찰,"1,090,000,000",54.7%,2024-07-16,2024_3Q,3
제주 7계 2023-6637,단독주택,단독,단독주택,제주,서귀포시,제주 서귀포시 성산읍 신산리 1074-1,"341,653,080","167,410,000",낙찰,"185,790,000",54.4%,2024-07-09,2024_3Q,3
제주 8계 2023-6651,목장용지,기타토지,목장용지,제주,서귀포시,제주 서귀포시 안덕면 동광리 344-2,"1,022,167,000","171,795,000",낙찰,"236,700,000",23.2%,2024-10-08,2024_4Q,3
제주 2계 2023-6668(1),임야,임야,임야,제주,서귀포시,제주 서귀포시 안덕면 동광리 5-2,"863,533,000","296,192,000",낙찰,"335,110,000",38.8%,2024-09-10,2024_3Q,3
제주 2계 2023-6668(2),전,전,전,제주,서귀포시,제주 서귀포시 안덕면 덕수리 112,"425,691,000","102,208,000",낙찰,"103,900,000",24.4%,2024-11-26,2024_4Q,3
제주 6계 2023-6699,전,전,전,제주,제주시,제주 제주시 구좌읍 행원리 2589-1,"413,012,000","202,376,000",낙찰,"300,070,000",72.7%,2024-07-16,2024_3Q,3
제주 7계 2023-6705,임야,임야,임야,제주,서귀포시,제주 서귀포시 안덕면 동광리 527,"258,312,000","62,021,000",낙찰,"67,770,000",26.2%,2024-10-29,2024_4Q,3
제주 6계 2023-6750,임야,임야,임야,제주,제주시,제주 제주시 애월읍 신엄리 2804,"1,674,000,000","574,182,000",낙찰,"756,105,900",45.2%,2024-07-16,2024_3Q,3
제주 7계 2023-6767,단독주택,단독,단독주택,제주,서귀포시,제주 서귀포시 서홍동 2264-2 쎄븐스타 1동,"3,959,885,000","1,358,241,000",낙찰,"1,400,500,000",35.4%,2024-09-24,2024_3Q,3
제주 1계 2023-6859,숙박시설,숙박시설,숙박시설,제주,서귀포시,제주 서귀포시 서귀동 313-7,"1,897,173,600","650,731,000",낙찰,"875,010,000",46.1%,2024-10-15,2024_4Q,3
제주 2계 2023-6866(1),전,전,전,제주,제주시,제주 제주시 구좌읍 종달리 2813,"19,558,000","4,696,000",낙찰,"6,150,000",31.4%,2024-07-02,2024_3Q,3
제주 2계 2023-6866(2),전,전,전,제주,제주시,제주 제주시 구좌읍 종달리 2814,"351,670,000","84,436,000",낙찰,"95,990,000",27.3%,2024-07-02,2024_3Q,3
제주 6계 2023-6897(1),창고,기타건물,창고,제주,서귀포시,제주 서귀포시 토평동 1126-7,"1,537,637,200","753,442,000",낙찰,"913,600,000",59.4%,2024-10-02,2024_4Q,3
제주 6계 2023-6897(2),전,전,전,제주,서귀포시,제주 서귀포시 신효동 653-12,"128,400,000","128,400,000",낙찰,"128,900,000",100.4%,2024-07-16,2024_3Q,3
제주 8계 2023-6910(1),과수원,과수원,과수원,제주,서귀포시,제주 서귀포시 표선면 세화리 1927-1,"322,025,000","157,793,000",낙찰,"188,788,700",58.6%,2024-08-27,2024_3Q,3
제주 8계 2023-6910(2),전,전,전,제주,서귀포시,제주 서귀포시 표선면 세화리 1362,"1,993,903,000","683,908,000",낙찰,"900,000,000",45.1%,2024-11-12,2024_4Q,3
제주 7계 2023-6927(1),단독주택,단독,단독주택,제주,제주시,제주 제주시 외도일동 2354 A동,"2,014,524,800","987,117,000",낙찰,"1,147,990,000",57.0%,2024-08-13,2024_3Q,3
제주 7계 2023-6927(2),전,전,전,제주,제주시,제주 제주시 외도일동 2354-2,"638,641,000","219,054,000",낙찰,"280,000,000",43.8%,2024-09-24,2024_3Q,3
제주 3계 2023-7142,전,전,전,제주,제주시,제주 제주시 구좌읍 월정리 244-1,"776,160,000","266,223,000",낙찰,"294,440,000",37.9%,2024-10-29,2024_4Q,3
제주 5계 2023-7159,전,전,전,제주,제주시,제주 제주시 구좌읍 행원리 2884,"274,784,000","134,644,000",낙찰,"166,464,400",60.6%,2024-11-12,2024_4Q,3
제주 6계 2023-7166,전,전,전,제주,서귀포시,제주 서귀포시 대정읍 영락리 2057,"396,258,000","135,917,000",낙찰,"171,900,000",43.4%,2024-11-05,2024_4Q,3
제주 6계 2023-7234,연립,연립주택,연립·빌라,제주,서귀포시,제주 서귀포시 법환동 212 디자인뷰 105동 2층 202호,"365,000,000","178,850,000",낙찰,"202,010,000",55.3%,2024-08-20,2024_3Q,3
제주 6계 2023-7470(2),대지,나대지,나대지,제주,서귀포시,제주 서귀포시 안덕면 화순리 1104-4,"300,395,000","147,194,000",낙찰,"187,400,000",62.4%,2024-07-16,2024_3Q,3
제주 6계 2023-7470(3),전,전,전,제주,서귀포시,제주 서귀포시 대정읍 영락리 1557,"380,000,000","130,340,000",낙찰,"165,100,000",43.4%,2024-08-20,2024_3Q,3
제주 6계 2023-7470(4),전,전,전,제주,제주시,제주 제주시 구좌읍 종달리 565-21,"1,144,042,000","392,406,000",낙찰,"461,000,000",40.3%,2024-08-20,2024_3Q,3
제주 7계 2023-7487,임야,임야,임야,제주,제주시,제주 제주시 구좌읍 덕천리 743-5,"436,370,000","213,821,000",낙찰,"216,000,000",49.5%,2024-07-09,2024_3Q,3
제주 4계 2023-7494(5),임야,임야,임야,제주,서귀포시,제주 서귀포시 성산읍 온평리 1741-17,"400,522,000","280,365,000",낙찰,"286,500,000",71.5%,2024-12-10,2024_4Q,3
제주 6계 2023-7555,임야,임야,임야,제주,제주시,제주 제주시 조천읍 함덕리 71-20,"1,738,956,000","852,088,000",낙찰,"1,057,000,000",60.8%,2024-07-16,2024_3Q,3
제주 7계 2023-7609(1),전,전,전,제주,제주시,제주 제주시 한경면 청수리 1324-1,"472,820,000","231,682,000",낙찰,"311,100,000",65.8%,2024-08-13,2024_3Q,3
제주 7계 2023-7722,다세대,다세대주택,다세대,제주,서귀포시,제주 서귀포시 호근동 634-1 휴-미래빌 102동 1층 102호,"298,000,000","146,020,000",낙찰,"187,000,000",62.8%,2024-07-09,2024_3Q,3
제주 8계 2023-7739(1),오피스텔(주거),오피스텔,오피스텔(업무용),제주,제주시,제주 제주시 조천읍 조천리 2371-2 조천휴미래 2층 202호,"300,000,000","147,000,000",낙찰,"173,329,000",57.8%,2024-10-08,2024_4Q,3
제주 8계 2023-7739(2),오피스텔(주거),오피스텔,오피스텔(업무용),제주,제주시,제주 제주시 조천읍 조천리 2371-2 조천휴미래 2층 205호,"300,000,000","147,000,000",낙찰,"171,110,000",57.0%,2024-10-08,2024_4Q,3
제주 8계 2023-7739(5),오피스텔(주거),오피스텔,오피스텔(업무용),제주,제주시,제주 제주시 조천읍 조천리 2371-2 조천휴미래 5층 601호,"310,000,000","217,000,000",낙찰,"222,000,000",71.6%,2024-08-27,2024_3Q,3
제주 3계 2023-7777,단독주택,단독,단독주택,제주,제주시,제주 제주시 애월읍 하귀1리 391-6,"1,620,788,560","794,186,000",낙찰,"795,200,000",49.1%,2024-07-09,2024_3Q,3
제주 6계 2023-7807(1),전,전,전,제주,제주시,제주 제주시 한림읍 상명리 1512,"161,302,000","55,327,000",낙찰,"79,999,999",49.6%,2024-08-20,2024_3Q,3
제주 6계 2023-7807(2),전,전,전,제주,제주시,제주 제주시 한림읍 상명리 1513-1,"1,196,323,700","410,339,000",낙찰,"468,872,000",39.2%,2024-08-20,2024_3Q,3
제주 6계 2023-7807(3),전,전,전,제주,제주시,제주 제주시 한림읍 상명리 1562-7,"245,466,000","84,195,000",낙찰,"110,170,000",44.9%,2024-08-20,2024_3Q,3
제주 7계 2023-7814,아파트,아파트,아파트,제주,제주시,"제주 제주시 한림읍 대림리 1820-6 ,1825-3,1825-6,1825-7 정다운 5층 601호","211,000,000","147,700,000",낙찰,"174,100,000",82.5%,2024-07-09,2024_3Q,3
제주 6계 2023-7920(3),대지,나대지,나대지,제주,제주시,제주 제주시 봉개동 2752-5,"587,820,000","288,032,000",낙찰,"326,689,900",55.6%,2024-07-16,2024_3Q,3
제주 7계 2023-7937,임야,임야,임야,제주,제주시,제주 제주시 한경면 판포리 산2-3,"117,024,000","28,097,000",낙찰,"38,010,000",32.5%,2024-10-29,2024_4Q,3
제주 8계 2023-7944,전,전,전,제주,서귀포시,제주 서귀포시 상예동 4997,"126,807,000","30,447,000",낙찰,"35,689,000",28.1%,2024-10-08,2024_4Q,3
제주 7계 2023-8039,전,전,전,제주,서귀포시,제주 서귀포시 상예동 566,"1,216,500,000","417,260,000",낙찰,"477,000,000",39.2%,2024-10-29,2024_4Q,3
제주 6계 2023-8060,임야,임야,임야,제주,서귀포시,제주 서귀포시 서호동 436-2,"2,924,736,000","1,003,185,000",낙찰,"1,102,200,000",37.7%,2024-12-10,2024_4Q,3
제주 7계 2023-8077,전,전,전,제주,서귀포시,제주 서귀포시 표선면 하천리 15-16,"99,134,500","48,576,000",낙찰,"55,010,000",55.5%,2024-07-09,2024_3Q,3
제주 8계 2023-8084,공장,공장(지식산업센터 업무시설),공장,제주,서귀포시,제주 서귀포시 성산읍 수산리 2572,"3,582,528,230","1,228,807,000",낙찰,"1,336,283,030",37.3%,2024-08-27,2024_3Q,3
제주 3계 2023-8114(1),숙박시설,숙박시설,숙박시설,제주,서귀포시,제주 서귀포시 서귀동 319-2 비스타케이호텔(천지연) 6층 618호,"225,000,000","26,471,000",낙찰,"28,900,000",12.8%,2024-09-24,2024_3Q,3
제주 3계 2023-8114(2),숙박시설,숙박시설,숙박시설,제주,서귀포시,제주 서귀포시 서귀동 319-2 비스타케이호텔(천지연) 9층 902호,"198,000,000","23,295,000",낙찰,"25,500,000",12.9%,2024-09-24,2024_3Q,3
제주 5계 2023-8121,임야,임야,임야,제주,서귀포시,제주 서귀포시 안덕면 창천리 599,"79,044,000","27,112,000",낙찰,"28,600,000",36.2%,2024-07-23,2024_3Q,3
제주 6계 2023-8138,임야,임야,임야,제주,제주시,제주 제주시 애월읍 어음리 412,"1,304,236,000","219,203,000",낙찰,"265,200,000",20.3%,2024-08-20,2024_3Q,3
제주 7계 2023-8145,연립,연립주택,연립·빌라,제주,제주시,제주 제주시 조천읍 함덕리 2703 함덕에코하임 101동 2층 201호,"230,000,000","112,700,000",낙찰,"161,500,000",70.2%,2024-09-24,2024_3Q,3
제주 2계 2023-8176,아파트,아파트,아파트,제주,제주시,"제주 제주시 연동 273-43 ,273-44,273-49 제주연동리슈빌디에스 11층 1107호","136,000,000","95,200,000",낙찰,"110,160,000",81.0%,2024-08-06,2024_3Q,3
제주 7계 2023-8220,연립,연립주택,연립·빌라,제주,서귀포시,"제주 서귀포시 대포동 829 ,811,824-1 풍림빌리지 104동 2층 201호","275,000,000","134,750,000",낙찰,"179,399,990",65.2%,2024-10-29,2024_4Q,3
제주 8계 2023-8237(1),숙박시설,숙박시설,숙박시설,제주,제주시,"제주 제주시 조천읍 함덕리 3061 ,3065,3066-2,3067,3068,3074,3076 제주함덕라마다호텔 2층 223호","68,000,000","33,320,000",낙찰,"33,410,000",49.1%,2024-07-23,2024_3Q,3
제주 8계 2023-8237(2),숙박시설,숙박시설,숙박시설,제주,제주시,"제주 제주시 조천읍 함덕리 3061 ,3065,3066-2,3067,3068,3074,3076 제주함덕라마다호텔 3층 335호","69,000,000","33,810,000",낙찰,"33,900,000",49.1%,2024-07-23,2024_3Q,3
제주 8계 2023-8237(3),숙박시설,숙박시설,숙박시설,제주,서귀포시,제주 서귀포시 서귀동 829-5 엠스테이호텔제주 5층 520호,"114,000,000","19,160,000",낙찰,"21,750,000",19.1%,2024-11-12,2024_4Q,3
제주 8계 2023-8237(4),숙박시설,숙박시설,숙박시설,제주,서귀포시,제주 서귀포시 서귀동 829-5 엠스테이호텔제주 7층 709호,"145,000,000","24,371,000",낙찰,"32,928,001",22.7%,2024-11-12,2024_4Q,3
제주 6계 2023-8299,연립,연립주택,연립·빌라,제주,서귀포시,제주 서귀포시 남원읍 남원리 1352 디자인타운 2층 205호,"342,000,000","117,306,000",낙찰,"157,000,000",45.9%,2024-10-02,2024_4Q,3
제주 7계 2023-8305,연립,연립주택,연립·빌라,제주,서귀포시,제주 서귀포시 법환동 212 디자인뷰 104동 5층 504호,"467,000,000","228,830,000",낙찰,"248,200,000",53.1%,2024-07-09,2024_3Q,3
제주 1계 2023-8398,목장용지,기타토지,목장용지,제주,제주시,제주 제주시 한림읍 금악리 산32-11,"1,387,710,000","475,985,000",낙찰,"570,000,000",41.1%,2024-09-03,2024_3Q,3
제주 3계 2023-8411,점포,근린상가,점포상가,제주,서귀포시,제주 서귀포시 강정동 2089-4,"5,200,581,100","2,548,285,000",낙찰,"3,111,170,000",59.8%,2024-08-13,2024_3Q,3
제주 7계 2023-8442,단독주택,단독,단독주택,제주,제주시,제주 제주시 구좌읍 김녕리 3012-1 104동,"500,500,000","245,245,000",낙찰,"348,000,000",69.5%,2024-09-24,2024_3Q,3
제주 8계 2023-8459,전,전,전,제주,제주시,제주 제주시 아라일동 471,"3,084,915,000","1,058,126,000",낙찰,"1,410,005,000",45.7%,2024-08-27,2024_3Q,3
제주 2계 2023-8473,창고,기타건물,창고,제주,제주시,제주 제주시 조천읍 대흘리 1031-2 가동호,"242,342,000","118,747,000",낙찰,"162,519,000",67.1%,2024-09-10,2024_3Q,3
제주 6계 2023-8527,임야,임야,임야,제주,서귀포시,제주 서귀포시 성산읍 수산리 1479,"633,513,000","217,295,000",낙찰,"251,110,000",39.6%,2024-11-05,2024_4Q,3
제주 3계 2023-8664,연립,연립주택,연립·빌라,제주,제주시,제주 제주시 연동 326-2 1층 103호,"44,000,000","21,560,000",낙찰,"23,001,000",52.3%,2024-08-13,2024_3Q,3
제주 5계 2023-8671,임야,임야,임야,제주,서귀포시,제주 서귀포시 성산읍 시흥리 2674,"141,658,400","48,589,000",낙찰,"48,650,000",34.3%,2024-07-23,2024_3Q,3
제주 8계 2023-8855,전,전,전,제주,서귀포시,제주 서귀포시 안덕면 서광리 869-2,"154,712,000","108,298,000",낙찰,"109,555,000",70.8%,2024-07-23,2024_3Q,3
제주 6계 2023-8909,전,전,전,제주,제주시,제주 제주시 한경면 고산리 3427-26,"1,088,640,000","373,404,000",낙찰,"397,100,000",36.5%,2024-08-20,2024_3Q,3
제주 8계 2023-8923(1),연립,연립주택,연립·빌라,제주,제주시,"제주 제주시 아라일동 2297 ,2295-4 아라펠리체 103동 3층 302호","200,000,000","140,000,000",낙찰,"171,999,990",86.0%,2024-07-23,2024_3Q,3
제주 8계 2023-8923(2),오피스텔,오피스텔,오피스텔(업무용),제주,제주시,제주 제주시 외도일동 505-4 한탑주상복합 6층 702호,"99,000,000","69,300,000",낙찰,"77,600,000",78.4%,2024-07-23,2024_3Q,3
제주 8계 2023-9001,다세대,다세대주택,다세대,제주,서귀포시,제주 서귀포시 중문동 2011-7 호성아트빌 마동 3층 203호,"97,000,000","67,900,000",낙찰,"67,955,000",70.1%,2024-07-23,2024_3Q,3
제주 4계 2023-9049,전,전,전,제주,제주시,제주 제주시 한림읍 상대리 3802-7,"645,093,000","316,096,000",낙찰,"317,777,700",49.3%,2024-07-16,2024_3Q,3
제주 7계 2023-9155,아파트,아파트,아파트,제주,제주시,제주 제주시 도남동 902 도남2차이-편한세상 204동 6층 603호,"809,000,000","566,300,000",낙찰,"585,000,000",72.3%,2024-07-09,2024_3Q,3
제주 8계 2023-9162,점포,근린상가,점포상가,제주,제주시,제주 제주시 우도면 연평리 410-1,"706,422,200","118,728,000",낙찰,"143,000,000",20.2%,2024-12-17,2024_4Q,3
제주 8계 2023-9254,아파트,아파트,아파트,제주,서귀포시,제주 서귀포시 서귀동 309-4 미광스카이빌라 3층 302호,"88,000,000","61,600,000",낙찰,"72,500,000",82.4%,2024-07-23,2024_3Q,3
제주 3계 2023-9285,전,전,전,제주,서귀포시,제주 서귀포시 대정읍 신도리 2916-3,"695,310,000","238,491,000",낙찰,"241,000,000",34.7%,2024-08-13,2024_3Q,3
제주 6계 2023-9315,주상복합(주거),기타토지,기타토지,제주,제주시,제주 제주시 연동 253-7 굿윌카운티 2층 202호,"440,000,000","215,600,000",낙찰,"320,000,000",72.7%,2024-08-20,2024_3Q,3
제주 8계 2023-9339,전,전,전,제주,서귀포시,제주 서귀포시 하예동 1631,"415,059,000","69,759,000",낙찰,"102,887,200",24.8%,2024-12-17,2024_4Q,3
제주 3계 2023-9360,전,전,전,제주,제주시,제주 제주시 한림읍 귀덕리 3279,"415,618,000","142,557,000",낙찰,"155,100,000",37.3%,2024-08-13,2024_3Q,3
제주 5계 2023-9377(1),대지,나대지,나대지,제주,서귀포시,제주 서귀포시 서호동 1450-12,"565,600,000","194,001,000",낙찰,"287,777,000",50.9%,2024-08-27,2024_3Q,3
제주 7계 2023-9391,단독주택,단독,단독주택,제주,서귀포시,제주 서귀포시 남원읍 태흥리 465-9,"342,201,670","239,541,000",낙찰,"262,200,000",76.6%,2024-07-09,2024_3Q,3
제주 3계 2023-9445,단독주택,단독,단독주택,제주,제주시,제주 제주시 한림읍 한림리 1190-1,"163,873,160","80,298,000",낙찰,"105,230,000",64.2%,2024-07-09,2024_3Q,3
제주 8계 2023-9476,대지,나대지,나대지,제주,제주시,제주 제주시 애월읍 장전리 1052-1,"337,020,000","165,140,000",낙찰,"202,216,000",60.0%,2024-08-27,2024_3Q,3
제주 4계 2023-9506,임야,임야,임야,제주,제주시,제주 제주시 애월읍 광령리 588-7,"112,400,000","38,553,000",낙찰,"45,000,000",40.0%,2024-08-20,2024_3Q,3
제주 6계 2023-9520,창고,기타건물,창고,제주,제주시,제주 제주시 구좌읍 평대리 846-1,"100,100,000","24,034,000",낙찰,"25,100,000",25.1%,2024-11-05,2024_4Q,3
제주 3계 2023-9575,숙박시설,숙박시설,숙박시설,제주,제주시,제주 제주시 용담삼동 1181,"2,249,490,000","1,102,250,000",낙찰,"1,248,460,000",55.5%,2024-08-13,2024_3Q,3
제주 5계 2023-9599,단독주택,단독,단독주택,제주,서귀포시,제주 서귀포시 안덕면 사계리 3509-7,"517,415,580","253,534,000",낙찰,"320,100,000",61.9%,2024-08-27,2024_3Q,3
제주 3계 2023-9643,오피스텔,오피스텔,오피스텔(업무용),제주,제주시,제주 제주시 노형동 1046-12 노형퍼스트빌6차 6층 703호,"450,000,000","220,500,000",낙찰,"268,500,000",59.7%,2024-08-13,2024_3Q,3
제주 7계 2023-9681,연립,연립주택,연립·빌라,제주,서귀포시,제주 서귀포시 법환동 212 디자인뷰 107동 3층 305호,"426,000,000","208,740,000",낙찰,"218,000,000",51.2%,2024-08-13,2024_3Q,3
제주 8계 2023-9698,연립,연립주택,연립·빌라,제주,서귀포시,제주 서귀포시 법환동 212 디자인뷰 106동 4층 403호,"385,000,000","188,650,000",낙찰,"211,355,500",54.9%,2024-08-27,2024_3Q,3
제주 3계 2023-9711,연립,연립주택,연립·빌라,제주,서귀포시,제주 서귀포시 법환동 212 디자인뷰 107동 4층 406호,"343,000,000","168,070,000",낙찰,"220,000,000",64.1%,2024-09-24,2024_3Q,3
제주 8계 2023-9766,연립,연립주택,연립·빌라,제주,서귀포시,제주 서귀포시 법환동 212 디자인뷰 106동 2층 204호,"366,000,000","179,340,000",낙찰,"195,870,000",53.5%,2024-08-27,2024_3Q,3
제주 6계 2023-9810(1),연립,연립주택,연립·빌라,제주,제주시,제주 제주시 조천읍 신촌리 1774 태극헤이븐 1동 5층 505호,"377,000,000","184,730,000",낙찰,"250,000,000",66.3%,2024-07-16,2024_3Q,3
제주 8계 2023-9902(7),과수원,과수원,과수원,제주,제주시,제주 제주시 영평동 1772,"448,078,000","313,655,000",낙찰,"519,000,000",115.8%,2024-12-17,2024_4Q,3
제주 4계 2023-9933,전,전,전,제주,제주시,제주 제주시 우도면 연평리 913,"807,891,000","193,975,000",낙찰,"261,110,000",32.3%,2024-10-02,2024_4Q,3
제주 7계 2023-9964(1),단독주택,단독,단독주택,제주,제주시,제주 제주시 한경면 고산리 2578-1,"749,103,560","256,942,000",낙찰,"312,000,000",41.6%,2024-09-24,2024_3Q,3
제주 7계 2023-9964(2),전,전,전,제주,제주시,제주 제주시 한경면 고산리 2578-5,"347,749,000","243,424,000",낙찰,"247,711,300",71.2%,2024-07-09,2024_3Q,3
제주 8계 2023-9971,다세대,다세대주택,다세대,제주,서귀포시,제주 서귀포시 호근동 634-1 휴-미래빌 102동 1층 101호,"293,000,000","143,570,000",낙찰,"185,000,000",63.1%,2024-08-27,2024_3Q,3
제주 7계 2023-10025,근린상가,근린상가,근린상가,제주,제주시,제주 제주시 일도일동 1353-1,"1,645,847,480","564,526,000",낙찰,"807,000,000",49.0%,2024-09-24,2024_3Q,3
제주 6계 2023-10094,연립,연립주택,연립·빌라,제주,서귀포시,"제주 서귀포시 동홍동 1902-7 ,1909,1910-4 루체비스타 101동 2층 203호","324,000,000","158,760,000",낙찰,"196,000,000",60.5%,2024-10-02,2024_4Q,3
제주 7계 2023-10100,연립,연립주택,연립·빌라,제주,서귀포시,제주 서귀포시 법환동 212 디자인뷰 104동 5층 502호,"303,000,000","212,100,000",낙찰,"285,900,001",94.4%,2024-07-09,2024_3Q,3
제주 8계 2023-10117,전,전,전,제주,서귀포시,제주 서귀포시 대정읍 가파리 493,"97,875,000","23,500,000",낙찰,"24,320,000",24.8%,2024-12-17,2024_4Q,3
제주 3계 2023-10131,전,전,전,제주,제주시,제주 제주시 구좌읍 평대리 1387-3,"122,786,000","85,950,000",낙찰,"88,880,000",72.4%,2024-08-13,2024_3Q,3
제주 4계 2023-10155,창고,기타건물,창고,제주,제주시,제주 제주시 구좌읍 한동리 2886 가동,"583,240,400","140,036,000",낙찰,"165,000,000",28.3%,2024-11-05,2024_4Q,3
제주 2계 2023-10179,전,전,전,제주,제주시,제주 제주시 애월읍 상귀리 1552,"492,832,000","241,487,000",낙찰,"302,080,000",61.3%,2024-07-02,2024_3Q,3
제주 2계 2023-10216,전,전,전,제주,서귀포시,제주 서귀포시 대정읍 동일리 450,"128,830,000","44,189,000",낙찰,"46,560,000",36.1%,2024-08-06,2024_3Q,3
제주 2계 2023-10230,대지,나대지,나대지,제주,제주시,제주 제주시 구좌읍 평대리 65-1,"367,174,000","125,941,000",낙찰,"144,000,090",39.2%,2024-07-02,2024_3Q,3
제주 3계 2023-10322,단독주택,단독,단독주택,제주,제주시,제주 제주시 조천읍 와흘리 165-16 104동,"802,352,000","393,152,000",낙찰,"503,210,000",62.7%,2024-12-03,2024_4Q,3
제주 8계 2023-10377,연립,연립주택,연립·빌라,제주,제주시,제주 제주시 해안동 2545-6 화이트디어해안2 103동 1층 104호,"1,210,000,000","592,900,000",낙찰,"688,800,000",56.9%,2024-10-08,2024_4Q,3
제주 2계 2023-10384(1),연립,연립주택,연립·빌라,제주,제주시,"제주 제주시 애월읍 하가리 1367 ,1365-7 오렌지트리빌리지2차 101동 4층 402호","340,000,000","166,600,000",낙찰,"208,880,000",61.4%,2024-07-02,2024_3Q,3
제주 2계 2023-10384(2),다세대,다세대주택,다세대,제주,제주시,"제주 제주시 애월읍 하가리 1367 ,1365-7 오렌지트리빌리지2차 102동 4층 402호","353,000,000","172,970,000",낙찰,"187,577,000",53.1%,2024-07-02,2024_3Q,3
제주 3계 2023-10391,근린상가,근린상가,근린상가,제주,서귀포시,"제주 서귀포시 대포동 2066-1 ,2067","2,455,473,550","842,227,000",낙찰,"912,345,600",37.2%,2024-10-29,2024_4Q,3
제주 1계 2023-10445,임야,임야,임야,제주,제주시,제주 제주시 조천읍 선흘리 4009-1,"921,574,000","221,270,000",낙찰,"361,010,000",39.2%,2024-10-15,2024_4Q,3
제주 4계 2023-10476,단독주택,단독,단독주택,제주,서귀포시,제주 서귀포시 서귀동 623 1호,"795,137,100","272,732,000",낙찰,"391,100,000",49.2%,2024-08-20,2024_3Q,3
제주 6계 2023-10490,전,전,전,제주,서귀포시,제주 서귀포시 대정읍 상모리 1175-20,"42,067,000","14,429,000",낙찰,"18,889,720",44.9%,2024-08-20,2024_3Q,3
제주 1계 2023-10544,전,전,전,제주,제주시,제주 제주시 연동 170,"1,229,547,000","602,478,000",낙찰,"666,008,000",54.2%,2024-07-30,2024_3Q,3
제주 4계 2023-10575,임야,임야,임야,제주,제주시,제주 제주시 애월읍 소길리 313,"409,792,000","140,559,000",낙찰,"162,240,000",39.6%,2024-08-20,2024_3Q,3
제주 7계 2023-10599,전,전,전,제주,제주시,제주 제주시 애월읍 신엄리 2615,"1,085,975,000","532,128,000",낙찰,"537,557,777",49.5%,2024-09-24,2024_3Q,3
제주 3계 2023-10636,답,답,답,제주,서귀포시,제주 서귀포시 강정동 4842,"483,991,000","166,009,000",낙찰,"167,600,000",34.6%,2024-10-29,2024_4Q,3
제주 5계 2023-10650,전,전,전,제주,서귀포시,제주 서귀포시 대정읍 신도리 1144,"414,364,000","142,127,000",낙찰,"170,000,000",41.0%,2024-07-23,2024_3Q,3
제주 7계 2023-10667,다세대,다세대주택,다세대,제주,서귀포시,제주 서귀포시 대정읍 보성리 181-7 아트동 3층 301호,"107,000,000","74,900,000",낙찰,"80,500,000",75.2%,2024-07-09,2024_3Q,3
제주 3계 2023-10704,아파트상가,아파트상가,근린상가,제주,제주시,제주 제주시 이도이동 325-7 성우 1층 101호,"340,000,000","166,600,000",낙찰,"211,110,000",62.1%,2024-08-13,2024_3Q,3
제주 7계 2023-10735,근린상가,근린상가,근린상가,제주,제주시,제주 제주시 아라이동 953-1 은덕빌리지 가동 지층 비01호,"150,000,000","73,500,000",낙찰,"74,500,000",49.7%,2024-12-03,2024_4Q,3
제주 1계 2023-10759,과수원,과수원,과수원,제주,서귀포시,제주 서귀포시 안덕면 덕수리 2104-7,"1,226,404,000","294,460,000",낙찰,"387,700,000",31.6%,2024-10-15,2024_4Q,3
제주 8계 2023-10827(1),숙박시설,숙박시설,숙박시설,제주,제주시,"제주 제주시 연동 263-2 ,263-19,263-20 제주1번가더테라스 3층 311호","160,000,000","54,880,000",낙찰,"63,110,000",39.4%,2024-11-12,2024_4Q,3
제주 8계 2023-10827(2),숙박시설,숙박시설,숙박시설,제주,제주시,"제주 제주시 연동 263-2 ,263-19,263-20 제주1번가더테라스 3층 312호","160,000,000","54,880,000",낙찰,"61,110,000",38.2%,2024-11-12,2024_4Q,3
제주 8계 2023-10827(3),숙박시설,숙박시설,숙박시설,제주,제주시,"제주 제주시 연동 263-2 ,263-19,263-20 제주1번가더테라스 3층 313호","160,000,000","78,400,000",낙찰,"78,790,000",49.2%,2024-10-08,2024_4Q,3
제주 8계 2023-10827(4),숙박시설,숙박시설,숙박시설,제주,제주시,"제주 제주시 연동 263-2 ,263-19,263-20 제주1번가더테라스 3층 314호","160,000,000","78,400,000",낙찰,"78,490,000",49.1%,2024-10-08,2024_4Q,3
제주 8계 2023-10827(5),숙박시설,숙박시설,숙박시설,제주,제주시,"제주 제주시 연동 263-2 ,263-19,263-20 제주1번가더테라스 4층 513호","154,000,000","75,460,000",낙찰,"76,550,000",49.7%,2024-10-08,2024_4Q,3
제주 8계 2023-10827(6),숙박시설,숙박시설,숙박시설,제주,제주시,"제주 제주시 연동 263-2 ,263-19,263-20 제주1번가더테라스 4층 514호","154,000,000","52,822,000",낙찰,"63,100,000",41.0%,2024-11-12,2024_4Q,3
제주 8계 2023-10827(7),숙박시설,숙박시설,숙박시설,제주,제주시,"제주 제주시 연동 263-2 ,263-19,263-20 제주1번가더테라스 4층 515호","154,000,000","52,822,000",낙찰,"72,120,000",46.8%,2024-11-12,2024_4Q,3
제주 8계 2023-10827(8),숙박시설,숙박시설,숙박시설,제주,제주시,"제주 제주시 연동 263-2 ,263-19,263-20 제주1번가더테라스 4층 516호","154,000,000","52,822,000",낙찰,"68,100,000",44.2%,2024-11-12,2024_4Q,3
제주 8계 2023-10827(9),숙박시설,숙박시설,숙박시설,제주,제주시,"제주 제주시 연동 263-2 ,263-19,263-20 제주1번가더테라스 4층 528호","214,000,000","73,402,000",낙찰,"88,120,000",41.2%,2024-11-12,2024_4Q,3
제주 8계 2023-10827(10),숙박시설,숙박시설,숙박시설,제주,제주시,"제주 제주시 연동 263-2 ,263-19,263-20 제주1번가더테라스 5층 615호","154,000,000","75,460,000",낙찰,"78,060,000",50.7%,2024-10-08,2024_4Q,3
제주 8계 2023-10827(11),숙박시설,숙박시설,숙박시설,제주,제주시,"제주 제주시 연동 263-2 ,263-19,263-20 제주1번가더테라스 5층 616호","154,000,000","52,822,000",낙찰,"71,111,000",46.2%,2024-11-12,2024_4Q,3
제주 8계 2023-10827(12),숙박시설,숙박시설,숙박시설,제주,제주시,"제주 제주시 연동 263-2 ,263-19,263-20 제주1번가더테라스 5층 617호","154,000,000","52,822,000",낙찰,"70,700,000",45.9%,2024-11-12,2024_4Q,3
제주 8계 2023-10827(13),숙박시설,숙박시설,숙박시설,제주,제주시,"제주 제주시 연동 263-2 ,263-19,263-20 제주1번가더테라스 5층 618호","154,000,000","52,822,000",낙찰,"70,700,000",45.9%,2024-11-12,2024_4Q,3
제주 8계 2023-10827(14),숙박시설,숙박시설,숙박시설,제주,제주시,"제주 제주시 연동 263-2 ,263-19,263-20 제주1번가더테라스 5층 619호","154,000,000","75,460,000",낙찰,"75,520,000",49.0%,2024-10-08,2024_4Q,3
제주 8계 2023-10827(15),숙박시설,숙박시설,숙박시설,제주,제주시,"제주 제주시 연동 263-2 ,263-19,263-20 제주1번가더테라스 9층 1016호","158,000,000","77,420,000",낙찰,"78,090,000",49.4%,2024-10-08,2024_4Q,3
제주 8계 2023-10827(16),숙박시설,숙박시설,숙박시설,제주,제주시,"제주 제주시 연동 263-2 ,263-19,263-20 제주1번가더테라스 9층 1017호","158,000,000","77,420,000",낙찰,"77,433,000",49.0%,2024-10-08,2024_4Q,3
제주 8계 2023-10827(17),숙박시설,숙박시설,숙박시설,제주,제주시,"제주 제주시 연동 263-2 ,263-19,263-20 제주1번가더테라스 9층 1018호","158,000,000","54,194,000",낙찰,"73,430,000",46.5%,2024-11-12,2024_4Q,3
제주 8계 2023-10827(18),숙박시설,숙박시설,숙박시설,제주,제주시,"제주 제주시 연동 263-2 ,263-19,263-20 제주1번가더테라스 9층 1019호","158,000,000","54,194,000",낙찰,"75,430,000",47.7%,2024-11-12,2024_4Q,3
제주 8계 2023-10902,단독주택,단독,단독주택,제주,제주시,제주 제주시 한림읍 상대리 3440-6,"248,914,800","121,968,000",낙찰,"125,111,000",50.3%,2024-10-08,2024_4Q,3
제주 4계 2023-10940,점포,근린상가,점포상가,제주,서귀포시,제주 서귀포시 대정읍 동일리 450-3,"432,057,000","148,196,000",낙찰,"170,000,000",39.3%,2024-08-20,2024_3Q,3
제주 5계 2023-10957(2),연립,연립주택,연립·빌라,제주,제주시,제주 제주시 구좌읍 평대리 3349-6 가온누리 A동 5층 502호,"380,000,000","186,200,000",낙찰,"258,900,000",68.1%,2024-10-08,2024_4Q,3
제주 6계 2023-10964,전,전,전,제주,서귀포시,제주 서귀포시 안덕면 동광리 570-1,"423,995,000","145,431,000",낙찰,"178,880,000",42.2%,2024-10-02,2024_4Q,3
제주 7계 2023-10971,전,전,전,제주,서귀포시,제주 서귀포시 대정읍 상모리 1039-2,"818,688,000","280,810,000",낙찰,"281,999,999",34.4%,2024-12-03,2024_4Q,3
제주 8계 2023-11066,주상복합(주거),기타토지,기타토지,제주,제주시,제주 제주시 삼도일동 552-3 대명2차꿈의고향 12층 가-1302호,"323,000,000","226,100,000",낙찰,"281,230,000",87.1%,2024-08-27,2024_3Q,3
제주 6계 2023-11127(1),임야,임야,임야,제주,제주시,제주 제주시 한림읍 금능리 893,"16,523,000","8,096,000",낙찰,"8,800,000",53.3%,2024-08-20,2024_3Q,3
제주 8계 2023-11141,임야,임야,임야,제주,서귀포시,제주 서귀포시 상예동 3996,"160,938,560","112,657,000",낙찰,"115,010,000",71.5%,2024-08-27,2024_3Q,3
제주 1계 2023-11233,과수원,과수원,과수원,제주,서귀포시,제주 서귀포시 남원읍 태흥리 1048-1,"699,413,000","342,712,000",낙찰,"373,272,000",53.4%,2024-09-03,2024_3Q,3
제주 6계 2023-11295,전,전,전,제주,서귀포시,제주 서귀포시 대정읍 안성리 1325-1,"981,558,000","336,675,000",낙찰,"411,100,000",41.9%,2024-11-05,2024_4Q,3
제주 1계 2023-11394(2),임야,임야,임야,제주,서귀포시,제주 서귀포시 남원읍 수망리 980,"2,063,670,000","707,839,000",낙찰,"732,000,000",35.5%,2024-10-15,2024_4Q,3
제주 2계 2023-11424,전,전,전,제주,제주시,제주 제주시 한림읍 수원리 265-4,"199,065,410","97,542,000",낙찰,"115,000,000",57.8%,2024-07-02,2024_3Q,3
제주 6계 2023-11431(1),단독주택,단독,단독주택,제주,제주시,제주 제주시 구좌읍 평대리 1387,"359,339,840","176,077,000",낙찰,"236,000,000",65.7%,2024-07-16,2024_3Q,3
제주 6계 2023-11431(2),단독주택,단독,단독주택,제주,제주시,제주 제주시 구좌읍 평대리 1387-1,"403,212,940","197,574,000",낙찰,"257,900,000",64.0%,2024-07-16,2024_3Q,3
제주 6계 2023-11431(3),단독주택,단독,단독주택,제주,제주시,제주 제주시 구좌읍 평대리 1387-2,"617,035,200","302,348,000",낙찰,"320,000,000",51.9%,2024-07-16,2024_3Q,3
제주 6계 2023-11431(4),단독주택,단독,단독주택,제주,제주시,제주 제주시 구좌읍 평대리 1387-4,"394,620,960","193,365,000",낙찰,"243,330,000",61.7%,2024-07-16,2024_3Q,3
제주 3계 2023-11448,전,전,전,제주,제주시,제주 제주시 구좌읍 종달리 3498,"163,744,000","39,316,000",낙찰,"50,000,000",30.5%,2024-12-03,2024_4Q,3
제주 8계 2023-11493,축사,기타토지,기타토지,제주,제주시,제주 제주시 한림읍 금악리 19 1동호,"1,664,533,220","570,935,000",낙찰,"689,770,000",41.4%,2024-11-12,2024_4Q,3
제주 8계 2023-11585,전,전,전,제주,서귀포시,제주 서귀포시 안덕면 화순리 734,"204,380,000","100,146,000",낙찰,"105,389,000",51.6%,2024-10-08,2024_4Q,3
제주 3계 2023-11608,다세대,다세대주택,다세대,제주,제주시,제주 제주시 오라이동 3296 예그리나 A동 4층 501호,"403,000,000","282,100,000",낙찰,"335,770,000",83.3%,2024-08-13,2024_3Q,3
제주 6계 2023-11622,오피스텔,오피스텔,오피스텔(업무용),제주,제주시,제주 제주시 노형동 905-3 하와이오피스텔 12층 1208호,"83,000,000","58,100,000",낙찰,"59,999,100",72.3%,2024-07-16,2024_3Q,3
제주 8계 2023-11646(1),전,전,전,제주,제주시,제주 제주시 한경면 청수리 65-2,"741,698,000","363,432,000",낙찰,"370,010,000",49.9%,2024-10-08,2024_4Q,3
제주 8계 2023-11646(2),근린주택,근린주택,근린주택,제주,제주시,제주 제주시 용담일동 242-1 1호,"648,818,350","317,921,000",낙찰,"408,979,000",63.0%,2024-10-08,2024_4Q,3
제주 2계 2023-11653,잡종지,잡종지,잡종지,제주,서귀포시,제주 서귀포시 성산읍 시흥리 1256-18,"5,443,064,000","2,667,102,000",낙찰,"3,265,000,000",60.0%,2024-07-02,2024_3Q,3
제주 6계 2023-11691,대지,나대지,나대지,제주,서귀포시,제주 서귀포시 서호동 1465-1,"406,064,000","198,972,000",낙찰,"228,995,000",56.4%,2024-08-20,2024_3Q,3
제주 6계 2023-11714,오피스텔(주거),오피스텔,오피스텔(업무용),제주,제주시,제주 제주시 노형동 1046-12 노형퍼스트빌6차 7층 802호,"393,000,000","192,570,000",낙찰,"265,000,000",67.4%,2024-08-20,2024_3Q,3
제주 3계 2023-11738,단독주택,단독,단독주택,제주,제주시,제주 제주시 건입동 668-8,"164,094,220","80,406,000",낙찰,"116,777,888",71.2%,2024-09-24,2024_3Q,3
제주 4계 2023-11745,잡종지,잡종지,잡종지,제주,제주시,제주 제주시 한경면 금등리 381-1,"983,279,000","481,807,000",낙찰,"711,000,000",72.3%,2024-08-20,2024_3Q,3
제주 9계 2023-11783,단독주택,단독,단독주택,제주,제주시,제주 제주시 일도일동 1497-20,"52,525,000","36,768,000",낙찰,"41,990,000",79.9%,2024-10-22,2024_4Q,3
제주 3계 2023-11790,답,답,답,제주,서귀포시,제주 서귀포시 서홍동 1066-1,"74,218,000","17,820,000",낙찰,"26,110,000",35.2%,2024-12-03,2024_4Q,3
제주 7계 2023-11820,단독주택,단독,단독주택,제주,제주시,제주 제주시 애월읍 소길리 175-3 F동,"448,127,440","219,582,000",낙찰,"282,500,000",63.0%,2024-10-29,2024_4Q,3
제주 8계 2023-11837,전,전,전,제주,제주시,제주 제주시 애월읍 곽지리 1365-2,"1,430,904,000","1,001,633,000",낙찰,"2,900,000,000",202.7%,2024-08-27,2024_3Q,3
제주 3계 2023-11851(1),점포,근린상가,점포상가,제주,서귀포시,제주 서귀포시 표선면 가시리 2724,"296,388,550","207,472,000",낙찰,"237,750,000",80.2%,2024-08-13,2024_3Q,3
제주 3계 2023-11851(2),전,전,전,제주,서귀포시,제주 서귀포시 표선면 가시리 2724-6,"928,200,000","454,818,000",낙찰,"565,600,000",60.9%,2024-09-24,2024_3Q,3
제주 9계 2023-11899(1),오피스텔,오피스텔,오피스텔(업무용),제주,제주시,제주 제주시 외도일동 505-8 남건휴먼스2차 8층 801호,"284,000,000","139,160,000",낙찰,"156,200,000",55.0%,2024-10-22,2024_4Q,3
제주 9계 2023-11899(2),오피스텔,오피스텔,오피스텔(업무용),제주,제주시,제주 제주시 외도일동 505-8 남건휴먼스2차 8층 802호,"206,000,000","70,658,000",낙찰,"78,110,000",37.9%,2024-11-26,2024_4Q,3
제주 8계 2023-11905,단독주택,단독,단독주택,제주,제주시,제주 제주시 오라이동 652-15 2동,"603,876,640","422,714,000",낙찰,"477,827,000",79.1%,2024-10-08,2024_4Q,3
제주 1계 2023-11912,전,전,전,제주,제주시,제주 제주시 한경면 조수리 2551-3,"89,826,000","30,811,000",낙찰,"32,000,000",35.6%,2024-07-30,2024_3Q,3
제주 8계 2023-11981,단독주택,단독,단독주택,제주,제주시,제주 제주시 봉개동 848-36 몽돌빌리지 130동,"484,423,100","237,367,000",낙찰,"311,560,000",64.3%,2024-11-12,2024_4Q,3
제주 2계 2023-12007,임야,임야,임야,제주,제주시,제주 제주시 애월읍 봉성리 358,"87,210,000","29,913,000",낙찰,"43,000,000",49.3%,2024-11-26,2024_4Q,3
제주 3계 2023-12014,오피스텔(주거),오피스텔,오피스텔(업무용),제주,제주시,제주 제주시 연동 292-42 노바빌리지 9층 1002호,"379,000,000","185,710,000",낙찰,"275,200,000",72.6%,2024-09-24,2024_3Q,3
제주 5계 2023-12038,아파트,아파트,아파트,제주,제주시,제주 제주시 구좌읍 세화리 1307-1 2층 206호,"120,000,000","58,800,000",낙찰,"71,230,000",59.4%,2024-08-27,2024_3Q,3
제주 9계 2023-12069,연립,연립주택,연립·빌라,제주,서귀포시,"제주 서귀포시 서홍동 326 ,324-8 태양 A동 2층 201호","118,000,000","82,600,000",낙찰,"108,127,000",91.6%,2024-10-22,2024_4Q,3
제주 3계 2023-12090,전,전,전,제주,제주시,제주 제주시 구좌읍 행원리 1235,"367,806,000","126,158,000",낙찰,"185,200,000",50.4%,2024-10-29,2024_4Q,3
제주 4계 2023-12106,전,전,전,제주,제주시,제주 제주시 구좌읍 한동리 2987-2,"530,214,000","181,864,000",낙찰,"233,200,000",44.0%,2024-07-16,2024_3Q,3
제주 5계 2023-12113,전,전,전,제주,제주시,제주 제주시 우도면 연평리 2382,"1,181,228,000","405,161,000",낙찰,"571,400,000",48.4%,2024-10-08,2024_4Q,3
제주 9계 2023-12120,전,전,전,제주,제주시,제주 제주시 구좌읍 세화리 2208,"692,496,000","339,323,000",낙찰,"350,000,000",50.5%,2024-11-26,2024_4Q,3
제주 9계 2023-12175,목장용지,기타토지,목장용지,제주,제주시,제주 제주시 구좌읍 세화리 3378,"246,943,000","84,701,000",낙찰,"84,710,000",34.3%,2024-11-26,2024_4Q,3
제주 4계 2023-12199,오피스텔(주거),오피스텔,오피스텔(업무용),제주,제주시,제주 제주시 연동 1494 신제주연동트리플시티 102동 2층 208호,"642,000,000","449,400,000",낙찰,"490,001,000",76.3%,2024-07-16,2024_3Q,3
제주 9계 2023-12250,주상복합(주거),기타토지,기타토지,제주,제주시,제주 제주시 연동 294-34 연동월드하우스 6층 601호,"309,000,000","216,300,000",낙찰,"216,300,000",70.0%,2024-09-10,2024_3Q,3
제주 6계 2023-12281,오피스텔(주거),오피스텔,오피스텔(업무용),제주,서귀포시,제주 서귀포시 동홍동 1557-1 센트럴팰리스 1층 116호,"231,000,000","113,190,000",낙찰,"143,000,000",61.9%,2024-10-02,2024_4Q,3
제주 2계 2023-12328,전,전,전,제주,제주시,제주 제주시 애월읍 구엄리 587,"1,255,464,000","615,178,000",낙찰,"631,999,999",50.3%,2024-07-02,2024_3Q,3
제주 3계 2023-12335,전,전,전,제주,제주시,제주 제주시 애월읍 어음리 2408,"201,704,000","98,835,000",낙찰,"98,912,000",49.0%,2024-08-13,2024_3Q,3
제주 5계 2023-12359,임야,임야,임야,제주,서귀포시,제주 서귀포시 영남동 469,"20,297,000","9,946,000",낙찰,"11,200,000",55.2%,2024-07-23,2024_3Q,3
제주 8계 2023-12397,단독주택,단독,단독주택,제주,서귀포시,제주 서귀포시 표선면 가시리 2787-4,"616,310,500","211,394,000",낙찰,"211,894,999",34.4%,2024-12-17,2024_4Q,3
제주 6계 2023-12441,전,전,전,제주,제주시,제주 제주시 한림읍 한림리 1552-4,"4,462,380","4,462,380",낙찰,"4,462,380",100.0%,2024-11-05,2024_4Q,3
제주 9계 2023-12458,연립,연립주택,연립·빌라,제주,제주시,제주 제주시 오라이동 3187 신화위더스빌더샵30차 104동 4층 501호,"544,000,000","380,800,000",낙찰,"480,090,000",88.3%,2024-09-10,2024_3Q,3
제주 9계 2023-12465,연립,연립주택,연립·빌라,제주,서귀포시,"제주 서귀포시 남원읍 남원리 1147 ,1148-3 남원반석타운 다동 3층 307호","96,000,000","67,200,000",낙찰,"71,200,000",74.2%,2024-09-10,2024_3Q,3
제주 1계 2023-12472(1),점포,근린상가,점포상가,제주,서귀포시,제주 서귀포시 표선면 표선리 2088-11,"505,036,000","353,525,000",낙찰,"353,625,000",70.0%,2024-07-30,2024_3Q,3
제주 1계 2023-12472(2),임야,임야,임야,제주,서귀포시,제주 서귀포시 표선면 표선리 2088-16,"273,180,000","133,858,000",낙찰,"155,830,000",57.0%,2024-10-15,2024_4Q,3
제주 4계 2023-12502,연립,연립주택,연립·빌라,제주,서귀포시,제주 서귀포시 남원읍 남원리 1352 디자인타운 3층 305호,"314,000,000","153,860,000",낙찰,"183,790,000",58.5%,2024-07-16,2024_3Q,3
제주 5계 2023-12519,단독주택,단독,단독주택,제주,서귀포시,제주 서귀포시 색달동 2235-1,"517,975,090","253,808,000",낙찰,"321,115,000",62.0%,2024-11-12,2024_4Q,3
제주 1계 2023-12557(1),과수원,과수원,과수원,제주,서귀포시,제주 서귀포시 안덕면 상창리 1446,"491,680,000","168,646,000",낙찰,"251,000,000",51.0%,2024-07-30,2024_3Q,3
제주 1계 2023-12557(2),과수원,과수원,과수원,제주,서귀포시,제주 서귀포시 안덕면 상창리 1446-1,"225,464,000","77,335,000",낙찰,"95,000,000",42.1%,2024-07-30,2024_3Q,3
제주 5계 2023-12595,전,전,전,제주,제주시,제주 제주시 한림읍 대림리 514-1,"984,858,000","337,807,000",낙찰,"369,800,000",37.5%,2024-08-27,2024_3Q,3
제주 9계 2023-12601(1),아파트,아파트,아파트,제주,서귀포시,제주 서귀포시 중문동 1726 이편한세상중문 106동 7층 701호,"533,000,000","373,100,000",낙찰,"422,000,000",79.2%,2024-11-26,2024_4Q,3
제주 9계 2023-12601(2),아파트,아파트,아파트,제주,서귀포시,제주 서귀포시 중문동 1726 이편한세상중문 109동 4층 401호,"485,000,000","339,500,000",낙찰,"371,111,111",76.5%,2024-11-26,2024_4Q,3
제주 5계 2023-12670,전,전,전,제주,제주시,제주 제주시 애월읍 하가리 1308-6,"252,305,000","176,614,000",낙찰,"197,614,000",78.3%,2024-08-27,2024_3Q,3
제주 1계 2023-12717,다세대,다세대주택,다세대,제주,서귀포시,"제주 서귀포시 성산읍 성산리 392 ,391-2,395,395-4 제주성산리치유클래시아 1층 49호","383,000,000","64,371,000",낙찰,"64,820,000",16.9%,2024-11-19,2024_4Q,3
제주 3계 2023-12731,아파트,아파트,아파트,제주,서귀포시,제주 서귀포시 서귀동 320-12 루체빌 5층 501호,"265,000,000","185,500,000",낙찰,"212,020,000",80.0%,2024-12-03,2024_4Q,3
제주 4계 2023-12748,아파트,아파트,아파트,제주,제주시,"제주 제주시 연동 276-3 ,276-14 청목더웰연동 9층 901호","92,000,000","31,556,000",낙찰,"45,000,000",48.9%,2024-08-20,2024_3Q,3
제주 8계 2023-12786,근린주택,근린주택,근린주택,제주,제주시,제주 제주시 일도이동 50-13,"792,519,280","554,763,000",낙찰,"680,888,800",85.9%,2024-10-08,2024_4Q,3
제주 1계 2023-12809,연립,연립주택,연립·빌라,제주,제주시,"제주 제주시 해안동 32-7 ,33 브리즈스테이1차 102동 2층 201호","393,000,000","275,100,000",낙찰,"330,000,000",84.0%,2024-07-30,2024_3Q,3
제주 5계 2023-12847,오피스텔(주거),오피스텔,오피스텔(업무용),제주,제주시,제주 제주시 연동 292-86 연동드림아이 13층 1307호,"132,000,000","92,400,000",낙찰,"95,000,000",72.0%,2024-08-27,2024_3Q,3
제주 9계 2023-12854,오피스텔(주거),오피스텔,오피스텔(업무용),제주,제주시,제주 제주시 연동 292-86 연동드림아이 14층 1404호,"139,000,000","97,300,000",낙찰,"101,889,900",73.3%,2024-10-22,2024_4Q,3
제주 9계 2023-12861,연립,연립주택,연립·빌라,제주,제주시,"제주 제주시 해안동 2344 ,2338-1,2339-3,2342-1,2345 일출빌리지 102동 1층 105호","138,000,000","138,000,000",낙찰,"138,000,000",100.0%,2024-08-06,2024_3Q,3
제주 7계 2023-12939,대지,나대지,나대지,제주,서귀포시,제주 서귀포시 성산읍 삼달리 33-10,"213,237,000","104,486,000",낙찰,"106,132,000",49.8%,2024-12-03,2024_4Q,3
제주 1계 2023-12960,연립,연립주택,연립·빌라,제주,서귀포시,제주 서귀포시 법환동 212 디자인뷰 107동 5층 501호,"488,000,000","239,120,000",낙찰,"263,766,000",54.1%,2024-09-03,2024_3Q,3
제주 2계 2023-12977,연립,연립주택,연립·빌라,제주,서귀포시,"제주 서귀포시 동홍동 1902-7 ,1909,1910-4 루체비스타 101동 4층 401호","430,000,000","210,700,000",낙찰,"271,900,000",63.2%,2024-08-06,2024_3Q,3
제주 9계 2023-13024,과수원,과수원,과수원,제주,서귀포시,제주 서귀포시 남원읍 하례리 340-8,"5,019,750","5,019,750",낙찰,"5,200,000",103.6%,2024-09-10,2024_3Q,3
제주 1계 2023-13031,근린상가,근린상가,근린상가,제주,제주시,제주 제주시 연동 285-8,"1,109,691,620","543,749,000",낙찰,"580,050,000",52.3%,2024-07-30,2024_3Q,3
제주 6계 2023-13093,연립,연립주택,연립·빌라,제주,서귀포시,제주 서귀포시 대정읍 보성리 2509 제주영어교육도시꿈에그린 102동 3층 305호,"1,040,000,000","728,000,000",낙찰,"748,500,000",72.0%,2024-08-20,2024_3Q,3
제주 1계 2023-13123(1),단독주택,단독,단독주택,제주,제주시,제주 제주시 구좌읍 한동리 4738 H동,"219,370,000","107,491,000",낙찰,"117,387,000",53.5%,2024-10-15,2024_4Q,3
제주 4계 2023-13147,전,전,전,제주,서귀포시,제주 서귀포시 상예동 4774-1,"307,080,000","150,469,000",낙찰,"185,100,000",60.3%,2024-10-02,2024_4Q,3
제주 1계 2023-13208(1),관리사,기타건물,기타건물,제주,제주시,제주 제주시 화북이동 2643,"1,593,876,000","1,115,713,000",낙찰,"1,401,840,000",88.0%,2024-07-30,2024_3Q,3
제주 1계 2023-13208(2),전,전,전,제주,서귀포시,제주 서귀포시 안덕면 덕수리 237-2,"997,165,000","342,028,000",낙찰,"442,102,800",44.3%,2024-10-15,2024_4Q,3
제주 3계 2023-20381(2),임야,임야,임야,제주,제주시,제주 제주시 한림읍 금악리 944,"13,530,820","2,274,000",낙찰,"3,001,000",22.2%,2024-09-24,2024_3Q,3
제주 3계 2023-20381(3),전,전,전,제주,제주시,제주 제주시 용담삼동 2349,"123,628,050","20,779,000",낙찰,"21,230,000",17.2%,2024-09-24,2024_3Q,3
제주 6계 2023-20602(1),식물관련시설,기타건물,기타건물,제주,제주시,제주 제주시 애월읍 유수암리 419,"4,948,639,700","1,697,384,000",낙찰,"1,753,000,000",35.4%,2024-11-05,2024_4Q,3
제주 6계 2023-20602(2),임야,임야,임야,제주,제주시,제주 제주시 애월읍 장전리 1592-1,"1,412,458,000","484,474,000",낙찰,"620,039,000",43.9%,2024-11-05,2024_4Q,3
제주 4계 2023-20992,과수원,과수원,과수원,제주,서귀포시,제주 서귀포시 서호동 402-1,"1,092,795,000","374,829,000",낙찰,"485,999,990",44.5%,2024-07-16,2024_3Q,3
제주 1계 2023-21704,점포,근린상가,점포상가,제주,서귀포시,제주 서귀포시 성산읍 수산리 1672,"2,796,523,660","1,370,297,000",낙찰,"2,520,000,000",90.1%,2024-09-03,2024_3Q,3
제주 4계 2023-21971,오피스텔,오피스텔,오피스텔(업무용),제주,서귀포시,제주 서귀포시 서귀동 163-11 남양리조텔 6층 612호,"52,000,000","36,400,000",낙찰,"39,770,000",76.5%,2024-07-16,2024_3Q,3
제주 7계 2023-22301(1),숙박시설,숙박시설,숙박시설,제주,서귀포시,"제주 서귀포시 안덕면 사계리 839-4 ,843,846-3","5,292,568,410","1,815,351,000",낙찰,"1,959,999,990",37.0%,2024-09-24,2024_3Q,3
제주 7계 2023-22301(2),단독주택,단독,단독주택,제주,서귀포시,"제주 서귀포시 안덕면 사계리 798-1 ,798-5","2,262,671,700","543,030,000",낙찰,"651,100,000",28.8%,2024-10-29,2024_4Q,3
제주 6계 2023-22356(1),다세대,다세대주택,다세대,제주,제주시,"제주 제주시 조천읍 선흘리 2493-2 ,2494 대웅더포레 101동 1층 101호","514,000,000","251,860,000",낙찰,"262,140,000",51.0%,2024-07-16,2024_3Q,3
제주 6계 2023-22356(2),다세대,다세대주택,다세대,제주,제주시,"제주 제주시 조천읍 선흘리 2493-2 ,2494 대웅더포레 101동 1층 102호","513,000,000","251,370,000",낙찰,"261,100,000",50.9%,2024-07-16,2024_3Q,3
제주 6계 2023-22356(3),다세대,다세대주택,다세대,제주,제주시,"제주 제주시 조천읍 선흘리 2493-2 ,2494 대웅더포레 101동 1층 103호","499,000,000","171,157,000",낙찰,"193,500,000",38.8%,2024-08-20,2024_3Q,3
제주 6계 2023-22356(4),다세대,다세대주택,다세대,제주,제주시,"제주 제주시 조천읍 선흘리 2493-2 ,2494 대웅더포레 101동 1층 104호","497,000,000","170,471,000",낙찰,"247,987,020",49.9%,2024-08-20,2024_3Q,3
제주 6계 2023-22356(5),다세대,다세대주택,다세대,제주,제주시,"제주 제주시 조천읍 선흘리 2493-2 ,2494 대웅더포레 101동 1층 105호","499,000,000","171,157,000",낙찰,"265,000,000",53.1%,2024-08-20,2024_3Q,3
제주 6계 2023-22356(6),다세대,다세대주택,다세대,제주,제주시,"제주 제주시 조천읍 선흘리 2493-2 ,2494 대웅더포레 101동 1층 106호","497,000,000","243,530,000",낙찰,"257,000,000",51.7%,2024-07-16,2024_3Q,3
제주 6계 2023-22356(7),다세대,다세대주택,다세대,제주,제주시,"제주 제주시 조천읍 선흘리 2493-2 ,2494 대웅더포레 102동 1층 101호","499,000,000","244,510,000",낙찰,"247,005,000",49.5%,2024-07-16,2024_3Q,3
제주 6계 2023-22356(8),다세대,다세대주택,다세대,제주,제주시,"제주 제주시 조천읍 선흘리 2493-2 ,2494 대웅더포레 102동 1층 102호","497,000,000","243,530,000",낙찰,"265,410,000",53.4%,2024-07-16,2024_3Q,3
제주 6계 2023-22356(9),다세대,다세대주택,다세대,제주,제주시,"제주 제주시 조천읍 선흘리 2493-2 ,2494 대웅더포레 102동 1층 103호","499,000,000","244,510,000",낙찰,"285,600,000",57.2%,2024-07-16,2024_3Q,3
제주 4계 2023-22523(1),임야,임야,임야,제주,제주시,제주 제주시 한림읍 금악리 999,"213,019,380","35,802,000",낙찰,"41,120,000",19.3%,2024-11-05,2024_4Q,3
제주 4계 2023-22523(2),임야,임야,임야,제주,제주시,제주 제주시 용강동 803,"495,180,000","169,847,000",낙찰,"181,110,000",36.6%,2024-08-20,2024_3Q,3
제주 6계 2023-22936(1),단독주택,단독,단독주택,제주,서귀포시,제주 서귀포시 남원읍 위미리 1694-1,"1,047,180,650","513,118,000",낙찰,"664,000,000",63.4%,2024-08-20,2024_3Q,3
제주 6계 2023-22936(2),단독주택,단독,단독주택,제주,서귀포시,제주 서귀포시 남원읍 위미리 1695-1,"1,451,751,690","711,358,000",낙찰,"909,000,000",62.6%,2024-08-20,2024_3Q,3
제주 5계 2023-23502,전,전,전,제주,서귀포시,제주 서귀포시 상예동 1753-8,"251,218,000","86,168,000",낙찰,"87,800,000",34.9%,2024-12-17,2024_4Q,3
제주 6계 2023-23526,임야,임야,임야,제주,서귀포시,제주 서귀포시 성산읍 삼달리 1547-1,"111,727,390","26,825,000",낙찰,"32,500,000",29.1%,2024-07-16,2024_3Q,3
제주 5계 2023-23748,임야,임야,임야,제주,제주시,제주 제주시 한림읍 상대리 2209,"21,294,000","3,579,000",낙찰,"3,612,000",17.0%,2024-08-27,2024_3Q,3
제주 6계 2023-23816,임야,임야,임야,제주,제주시,제주 제주시 구좌읍 세화리 2567,"88,382,000","14,855,000",낙찰,"16,500,000",18.7%,2024-08-20,2024_3Q,3
제주 7계 2023-23892(4),관리사,기타건물,기타건물,제주,서귀포시,제주 서귀포시 남원읍 의귀리 1401-8,"2,013,211,060","986,474,000",낙찰,"1,069,990,000",53.1%,2024-08-13,2024_3Q,3
제주 7계 2023-23892(1),전,전,전,제주,제주시,제주 제주시 삼양일동 740-8,"861,135,000","602,795,000",낙찰,"622,000,000",72.2%,2024-09-24,2024_3Q,3
제주 7계 2023-24024(1),임야,임야,임야,제주,제주시,제주 제주시 한림읍 금악리 944,"13,530,820","2,274,000",낙찰,"2,312,000",17.1%,2024-08-13,2024_3Q,3
제주 7계 2023-24024(2),전,전,전,제주,제주시,제주 제주시 용담삼동 2349,"122,843,110","20,647,000",낙찰,"22,670,000",18.5%,2024-10-29,2024_4Q,3
제주 7계 2023-24024(3),전,전,전,제주,제주시,제주 제주시 한림읍 금악리 949,"101,345,869","17,033,000",낙찰,"17,333,300",17.1%,2024-08-13,2024_3Q,3
제주 8계 2023-24529,창고,기타건물,창고,제주,서귀포시,제주 서귀포시 동홍동 1831,"1,109,050,900","380,405,000",낙찰,"525,000,100",47.3%,2024-07-23,2024_3Q,3
제주 8계 2023-25058,전,전,전,제주,제주시,제주 제주시 한경면 신창리 542-11,"915,640,000","314,065,000",낙찰,"435,790,000",47.6%,2024-10-08,2024_4Q,3
제주 8계 2023-25294,전,전,전,제주,서귀포시,제주 서귀포시 동홍동 2008,"4,488,047,600","1,077,580,000",낙찰,"1,378,900,000",30.7%,2024-10-08,2024_4Q,3
제주 3계 2023-25348,임야,임야,임야,제주,제주시,제주 제주시 오등동 1729,"109,190,000","37,452,000",낙찰,"38,595,900",35.3%,2024-08-13,2024_3Q,3
제주 6계 2023-25362,임야,임야,임야,제주,제주시,제주 제주시 애월읍 유수암리 473-1,"530,307,000","62,390,000",낙찰,"72,111,000",13.6%,2024-08-20,2024_3Q,3
제주 3계 2023-25393,임야,임야,임야,제주,서귀포시,제주 서귀포시 안덕면 동광리 47-7,"46,530,000","11,172,000",낙찰,"12,651,000",27.2%,2024-09-24,2024_3Q,3
제주 6계 2023-25492(1),임야,임야,임야,제주,서귀포시,제주 서귀포시 안덕면 서광리 2308-1,"139,069,411","47,701,000",낙찰,"56,872,720",40.9%,2024-11-05,2024_4Q,3
제주 8계 2023-25881,숙박시설,숙박시설,숙박시설,제주,제주시,제주 제주시 조천읍 함덕리 1269-19 골든튤립제주함덕호텔 3층 321호,"99,000,000","33,957,000",낙찰,"34,400,000",34.7%,2024-07-23,2024_3Q,3
제주 2계 2023-25980(1),전,전,전,제주,제주시,제주 제주시 조천읍 신촌리 3031,"180,218,000","61,815,000",낙찰,"85,100,000",47.2%,2024-07-02,2024_3Q,3
제주 6계 2023-26112,전,전,전,제주,제주시,제주 제주시 구좌읍 행원리 1865,"1,086,210,000","372,570,000",낙찰,"402,679,000",37.1%,2024-12-10,2024_4Q,3
제주 2계 2023-26228,임야,임야,임야,제주,서귀포시,제주 서귀포시 상효동 1550-2,"235,224,000","164,657,000",낙찰,"165,000,000",70.1%,2024-07-02,2024_3Q,3
제주 6계 2023-26266,전,전,전,제주,서귀포시,제주 서귀포시 색달동 1006,"820,399,000","401,995,000",낙찰,"480,100,000",58.5%,2024-07-16,2024_3Q,3
제주 8계 2023-26280,창고,기타건물,창고,제주,서귀포시,제주 서귀포시 대정읍 무릉리 1703-12,"412,399,400","99,017,000",낙찰,"116,000,000",28.1%,2024-08-27,2024_3Q,3
제주 7계 2023-26310,과수원,과수원,과수원,제주,서귀포시,제주 서귀포시 안덕면 덕수리 2260-2,"25,451,640","6,111,000",낙찰,"6,111,000",24.0%,2024-12-03,2024_4Q,3
제주 5계 2023-26488,전,전,전,제주,서귀포시,제주 서귀포시 강정동 639-7,"6,058,800,000","1,454,718,000",낙찰,"1,520,000,000",25.1%,2024-10-08,2024_4Q,3
제주 7계 2023-26594,전,전,전,제주,서귀포시,제주 서귀포시 안덕면 사계리 1181,"316,276,000","108,483,000",낙찰,"120,000,000",37.9%,2024-07-09,2024_3Q,3
제주 6계 2023-26662,대지,나대지,나대지,제주,제주시,제주 제주시 이도일동 1586-1,"118,580,000","28,471,000",낙찰,"34,000,000",28.7%,2024-07-16,2024_3Q,3
제주 6계 2023-26822,단독주택,단독,단독주택,제주,서귀포시,"제주 서귀포시 남원읍 위미리 1956 ,1952-16,1952-17","1,212,472,310","415,878,000",낙찰,"513,888,000",42.4%,2024-08-20,2024_3Q,3
제주 6계 2023-26976(1),다세대,다세대주택,다세대,제주,제주시,제주 제주시 아라일동 6058-12 엘리제하우스 2층 201호,"332,000,000","162,680,000",낙찰,"231,000,100",69.6%,2024-08-20,2024_3Q,3
제주 6계 2023-26976(2),다세대,다세대주택,다세대,제주,제주시,제주 제주시 아라일동 6058-12 엘리제하우스 2층 202호,"250,000,000","122,500,000",낙찰,"174,000,100",69.6%,2024-08-20,2024_3Q,3
제주 6계 2023-26976(3),다세대,다세대주택,다세대,제주,제주시,제주 제주시 아라일동 6058-12 엘리제하우스 2층 203호,"359,000,000","175,910,000",낙찰,"255,410,000",71.1%,2024-08-20,2024_3Q,3
제주 6계 2023-26976(4),다세대,다세대주택,다세대,제주,제주시,제주 제주시 아라일동 6058-12 엘리제하우스 3층 301호,"339,000,000","166,110,000",낙찰,"236,000,100",69.6%,2024-08-20,2024_3Q,3
제주 6계 2023-26976(5),다세대,다세대주택,다세대,제주,제주시,제주 제주시 아라일동 6058-12 엘리제하우스 3층 302호,"256,000,000","125,440,000",낙찰,"178,000,100",69.5%,2024-08-20,2024_3Q,3
제주 6계 2023-26976(7),다세대,다세대주택,다세대,제주,제주시,제주 제주시 아라일동 6058-12 엘리제하우스 4층 501호,"315,000,000","154,350,000",낙찰,"250,000,000",79.4%,2024-08-20,2024_3Q,3
제주 6계 2023-26976(8),다세대,다세대주택,다세대,제주,제주시,제주 제주시 아라일동 6058-12 엘리제하우스 4층 502호,"269,000,000","131,810,000",낙찰,"188,000,100",69.9%,2024-08-20,2024_3Q,3
제주 6계 2023-26976(9),다세대,다세대주택,다세대,제주,제주시,제주 제주시 아라일동 6058-12 엘리제하우스 4층 503호,"366,000,000","179,340,000",낙찰,"275,000,000",75.1%,2024-08-20,2024_3Q,3
제주 2계 2023-27016(2),대지,나대지,나대지,제주,제주시,제주 제주시 애월읍 고내리 1214,"632,885,400","443,020,000",낙찰,"540,000,000",85.3%,2024-08-06,2024_3Q,3
제주 3계 2023-27108(1),근린상가,근린상가,근린상가,제주,제주시,제주 제주시 삼도일동 531-14 1층 101호,"518,000,000","177,674,000",낙찰,"230,300,000",44.5%,2024-10-29,2024_4Q,3
제주 3계 2023-27108(2),근린상가,근린상가,근린상가,제주,제주시,제주 제주시 삼도일동 531-14 2층 201호,"563,000,000","275,870,000",낙찰,"351,501,000",62.4%,2024-09-24,2024_3Q,3
제주 3계 2023-27108(3),근린상가,근린상가,근린상가,제주,제주시,제주 제주시 삼도일동 531-14 3층 301호,"562,000,000","192,766,000",낙찰,"221,000,000",39.3%,2024-10-29,2024_4Q,3
제주 3계 2023-27108(4),근린상가,근린상가,근린상가,제주,제주시,제주 제주시 삼도일동 531-14 4층 401호,"583,000,000","199,969,000",낙찰,"210,099,999",36.0%,2024-10-29,2024_4Q,3
제주 3계 2023-27108(5),근린상가,근린상가,근린상가,제주,제주시,제주 제주시 삼도일동 531-14 5층 501호,"603,000,000","295,470,000",낙찰,"361,819,000",60.0%,2024-09-24,2024_3Q,3
제주 3계 2023-27108(6),근린상가,근린상가,근린상가,제주,제주시,제주 제주시 삼도일동 531-14 6층 601호,"636,000,000","218,148,000",낙찰,"251,100,000",39.5%,2024-10-29,2024_4Q,3
제주 6계 2023-27146,차량,기타토지,기타토지,제주,제주시,제주 제주시 용담삼동 1274-1 내 보관,"15,000,000","7,350,000",낙찰,"9,660,000",64.4%,2024-07-16,2024_3Q,3
제주 7계 2023-27443(1),대지,나대지,나대지,제주,제주시,제주 제주시 봉개동 2751-11,"635,786,100","152,653,000",낙찰,"205,321,000",32.3%,2024-10-29,2024_4Q,3
제주 7계 2023-27443(2),대지,나대지,나대지,제주,제주시,제주 제주시 봉개동 2751-12,"715,065,000","171,687,000",낙찰,"228,821,000",32.0%,2024-10-29,2024_4Q,3
제주 7계 2023-27443(3),대지,나대지,나대지,제주,제주시,제주 제주시 봉개동 2751-16,"737,053,400","252,809,000",낙찰,"291,000,000",39.5%,2024-09-24,2024_3Q,3
제주 7계 2023-27443(4),대지,나대지,나대지,제주,제주시,제주 제주시 봉개동 2752-8,"519,241,000","178,100,000",낙찰,"180,800,000",34.8%,2024-09-24,2024_3Q,3
제주 7계 2023-27443(5),대지,나대지,나대지,제주,제주시,제주 제주시 봉개동 2752-9,"492,744,000","169,012,000",낙찰,"180,800,000",36.7%,2024-09-24,2024_3Q,3
제주 8계 2023-27450,단독주택,단독,단독주택,제주,제주시,제주 제주시 용담이동 637-16,"125,179,030","61,338,000",낙찰,"91,000,000",72.7%,2024-10-08,2024_4Q,3
제주 3계 2023-27566,묘지,기타토지,기타토지,제주,서귀포시,제주 서귀포시 대정읍 신도리 1890,"18,202,000","4,370,000",낙찰,"5,199,900",28.6%,2024-10-29,2024_4Q,3
제주 5계 2023-27580,단독주택,단독,단독주택,제주,제주시,제주 제주시 한림읍 한림리 257,"1,281,494,400","307,686,000",낙찰,"464,000,000",36.2%,2024-10-08,2024_4Q,3
제주 5계 2023-27665,전,전,전,제주,제주시,제주 제주시 구좌읍 김녕리 4913,"56,008,550","13,448,000",낙찰,"16,110,000",28.8%,2024-07-23,2024_3Q,3
제주 7계 2023-27689,임야,임야,임야,제주,제주시,제주 제주시 해안동 334,"44,787,491","31,351,000",낙찰,"31,351,000",70.0%,2024-10-29,2024_4Q,3
제주 2계 2023-27719(1),유원지,기타토지,기타토지,제주,제주시,제주 제주시 봉개동 848-48,"2,174,400,000","745,819,000",낙찰,"817,000,000",37.6%,2024-09-10,2024_3Q,3
제주 2계 2023-27719(2),대지,나대지,나대지,제주,제주시,제주 제주시 봉개동 2751,"451,584,000","221,276,000",낙찰,"221,280,000",49.0%,2024-08-06,2024_3Q,3
제주 2계 2023-27719(3),대지,나대지,나대지,제주,제주시,제주 제주시 봉개동 2751-1,"461,664,000","158,351,000",낙찰,"175,599,990",38.0%,2024-09-10,2024_3Q,3
제주 2계 2023-27719(4),대지,나대지,나대지,제주,제주시,제주 제주시 봉개동 2751-2,"461,865,600","158,420,000",낙찰,"167,045,000",36.2%,2024-09-10,2024_3Q,3
제주 2계 2023-27719(5),대지,나대지,나대지,제주,제주시,제주 제주시 봉개동 2751-3,"624,746,400","214,288,000",낙찰,"237,500,000",38.0%,2024-09-10,2024_3Q,3
제주 2계 2023-27719(11),대지,나대지,나대지,제주,제주시,제주 제주시 봉개동 2753-3,"214,396,000","73,538,000",낙찰,"102,199,000",47.7%,2024-09-10,2024_3Q,3
제주 2계 2023-27719(12),공원,기타건물,기타건물,제주,제주시,제주 제주시 봉개동 2753-4,"37,721,000","9,057,000",낙찰,"9,057,000",24.0%,2024-10-22,2024_4Q,3
제주 5계 2023-27740,숙박시설,숙박시설,숙박시설,제주,서귀포시,제주 서귀포시 서호동 1522-1 그린트리인서귀포호텔 6층 606호,"122,000,000","10,047,000",낙찰,"12,138,000",9.9%,2024-10-08,2024_4Q,3
제주 6계 2023-27757(1),차량,기타토지,기타토지,제주,제주시,제주 제주시 한경면 고산리 2231-1 채권자 홍종표에게 보관,"3,200,000","769,000",낙찰,"816,000",25.5%,2024-08-20,2024_3Q,3
제주 5계 2023-27825,답,답,답,제주,제주시,제주 제주시 구좌읍 종달리 2764-13,"1,051,680,000","515,323,000",낙찰,"675,500,000",64.2%,2024-08-27,2024_3Q,3
제주 7계 2023-28132,전,전,전,제주,제주시,제주 제주시 내도동 216-1,"1,866,088,000","914,383,000",낙찰,"1,046,510,000",56.1%,2024-10-29,2024_4Q,3
제주 4계 2023-28149,숙박시설,숙박시설,숙박시설,제주,제주시,"제주 제주시 조천읍 함덕리 3061 ,3065,3066-2,3067,3068,3074,3076 제주함덕라마다호텔 2층 215호","131,000,000","31,453,000",낙찰,"35,000,000",26.7%,2024-08-20,2024_3Q,3
제주 6계 2023-28163,숙박시설,숙박시설,숙박시설,제주,서귀포시,제주 서귀포시 중문동 2330-9 오션클라우드 2층 234호,"123,000,000","42,189,000",낙찰,"43,500,000",35.4%,2024-08-20,2024_3Q,3
제주 3계 2023-28200,과수원,과수원,과수원,제주,서귀포시,제주 서귀포시 남원읍 태흥리 218-4,"21,311,000","7,310,000",낙찰,"7,501,000",35.2%,2024-08-13,2024_3Q,3
제주 6계 2023-28231,오피스텔(주거),오피스텔,오피스텔(업무용),제주,서귀포시,"제주 서귀포시 서귀동 307-10 ,307-13,307-16 수앤수 3층 306호","245,000,000","120,050,000",낙찰,"165,000,000",67.3%,2024-08-20,2024_3Q,3
제주 4계 2023-28293(2),전,전,전,제주,제주시,제주 제주시 애월읍 광령리 74-1,"97,994,460","23,528,000",낙찰,"36,888,720",37.6%,2024-08-20,2024_3Q,3
제주 6계 2023-28408(1),전,전,전,제주,제주시,제주 제주시 애월읍 납읍리 175,"54,680,000","9,190,000",낙찰,"13,300,000",24.3%,2024-11-05,2024_4Q,3
제주 8계 2023-28491,아파트,아파트,아파트,제주,서귀포시,제주 서귀포시 남원읍 남원리 1323-2 남원에덴 101동 2층 216호,"113,000,000","79,100,000",낙찰,"95,100,000",84.2%,2024-07-23,2024_3Q,3
제주 1계 2023-28507(4),과수원,과수원,과수원,제주,제주시,제주 제주시 조천읍 대흘리 1058-1,"7,160,000","842,000",낙찰,"1,021,000",14.3%,2024-09-03,2024_3Q,3
제주 8계 2023-28583,다세대,다세대주택,다세대,제주,제주시,제주 제주시 애월읍 고내리 730-7 하이인힐하우스 A동 2층 201호,"560,000,000","192,080,000",낙찰,"260,806,000",46.6%,2024-10-08,2024_4Q,3
제주 1계 2023-28590,임야,임야,임야,제주,서귀포시,제주 서귀포시 표선면 가시리 2658-1,"18,342,750","2,158,000",낙찰,"3,000,000",16.4%,2024-09-03,2024_3Q,3
제주 2계 2023-28606,공장,공장(지식산업센터 업무시설),공장,제주,서귀포시,제주 서귀포시 토평동 3271-7 1호,"52,148,000","25,553,000",낙찰,"26,320,000",50.5%,2024-08-06,2024_3Q,3
제주 7계 2023-28644,근린상가,근린상가,근린상가,제주,제주시,제주 제주시 연동 292-73 지하층 1호,"113,000,000","55,370,000",낙찰,"66,110,000",58.5%,2024-09-24,2024_3Q,3
제주 2계 2023-28675,전,전,전,제주,제주시,제주 제주시 애월읍 유수암리 2266,"102,646,800","35,208,000",낙찰,"37,000,000",36.0%,2024-07-02,2024_3Q,3
제주 7계 2023-28729,단독주택,단독,단독주택,제주,제주시,제주 제주시 일도일동 1094-9,"98,942,500","33,937,000",낙찰,"39,100,000",39.5%,2024-10-29,2024_4Q,3
제주 2계 2023-28767,목장용지,기타토지,목장용지,제주,제주시,제주 제주시 구좌읍 상도리 1394-17,"33,582,000","5,644,000",낙찰,"6,002,000",17.9%,2024-08-06,2024_3Q,3
제주 4계 2023-28859(2),임야,임야,임야,제주,서귀포시,제주 서귀포시 대정읍 구억리 산8-18,"66,402,000","15,943,000",낙찰,"17,928,540",27.0%,2024-08-20,2024_3Q,3
제주 5계 2023-28934,전,전,전,제주,제주시,제주 제주시 애월읍 장전리 37,"315,761,380","75,814,000",낙찰,"75,814,000",24.0%,2024-10-08,2024_4Q,3
제주 6계 2023-28941,단독주택,단독,단독주택,제주,서귀포시,제주 서귀포시 색달동 1771-1,"726,962,240","356,212,000",낙찰,"356,212,000",49.0%,2024-07-16,2024_3Q,3
제주 7계 2023-28958,단독주택,단독,단독주택,제주,제주시,제주 제주시 애월읍 광령리 3437-4,"189,867,540","65,125,000",낙찰,"85,120,000",44.8%,2024-10-29,2024_4Q,3
제주 8계 2023-28965,아파트,아파트,아파트,제주,제주시,제주 제주시 노형동 732-1 해오름 103동 14층 1403호,"518,000,000","362,600,000",낙찰,"507,999,000",98.1%,2024-07-23,2024_3Q,3
제주 5계 2023-29081,점포,근린상가,점포상가,제주,제주시,"제주 제주시 이도이동 76-17 ,78","1,204,349,200","843,044,000",낙찰,"982,000,000",81.5%,2024-07-23,2024_3Q,3
제주 6계 2023-29098(1),전,전,전,제주,서귀포시,제주 서귀포시 보목동 257,"1,230,092,000","602,745,000",낙찰,"695,000,000",56.5%,2024-12-10,2024_4Q,3
제주 6계 2023-29098(2),전,전,전,제주,제주시,제주 제주시 애월읍 신엄리 2861-4,"294,984,000","144,542,000",낙찰,"174,310,000",59.1%,2024-12-10,2024_4Q,3
제주 7계 2023-29104,다세대,다세대주택,다세대,제주,제주시,제주 제주시 오라이동 790-1 해담은빌 103동 1층 102호,"324,000,000","226,800,000",낙찰,"278,000,000",85.8%,2024-08-13,2024_3Q,3
제주 4계 2023-29159,임야,임야,임야,제주,제주시,제주 제주시 한경면 판포리 산5-8,"307,539,500","73,841,000",낙찰,"78,004,000",25.4%,2024-11-05,2024_4Q,3
제주 6계 2023-29173,단독주택,단독,단독주택,제주,제주시,제주 제주시 조천읍 함덕리 72-21,"836,376,000","409,824,000",낙찰,"461,799,999",55.2%,2024-07-16,2024_3Q,3
제주 3계 2023-29203,다세대,다세대주택,다세대,제주,서귀포시,제주 서귀포시 서홍동 135-1 1층 103호,"18,000,000","8,820,000",낙찰,"9,021,000",50.1%,2024-08-13,2024_3Q,3
제주 7계 2023-29258(1),전,전,전,제주,서귀포시,제주 서귀포시 도순동 605-1,"1,174,633,000","402,899,000",낙찰,"493,115,000",42.0%,2024-10-29,2024_4Q,3
제주 7계 2023-29258(2),전,전,전,제주,서귀포시,제주 서귀포시 도순동 605-3,"260,405,000","89,319,000",낙찰,"108,459,900",41.7%,2024-10-29,2024_4Q,3
제주 8계 2023-29333,연립,연립주택,연립·빌라,제주,서귀포시,"제주 서귀포시 서호동 827-1 ,827-2,827-3 서호리츠빌 1동 4층 402호","395,000,000","193,550,000",낙찰,"237,470,000",60.1%,2024-10-08,2024_4Q,3
제주 1계 2023-29340,전,전,전,제주,제주시,제주 제주시 한경면 신창리 1246-6,"1,512,172,000","740,964,000",낙찰,"1,200,000,000",79.4%,2024-09-03,2024_3Q,3
제주 2계 2023-29364(1),아파트,아파트,아파트,제주,제주시,제주 제주시 노형동 1069-2 엔알누리8차 가동 2층 201호,"549,000,000","269,010,000",낙찰,"385,000,000",70.1%,2024-10-22,2024_4Q,3
제주 2계 2023-29364(2),아파트,아파트,아파트,제주,제주시,제주 제주시 노형동 1069-2 엔알누리8차 가동 3층 302호,"496,000,000","243,040,000",낙찰,"343,100,000",69.2%,2024-11-26,2024_4Q,3
제주 2계 2023-29364(3),아파트,아파트,아파트,제주,제주시,제주 제주시 노형동 1069-2 엔알누리8차 가동 4층 402호,"506,000,000","247,940,000",낙찰,"320,000,000",63.2%,2024-10-22,2024_4Q,3
제주 2계 2023-29364(4),아파트,아파트,아파트,제주,제주시,제주 제주시 노형동 1069-2 엔알누리8차 가동 5층 502호,"517,000,000","253,330,000",낙찰,"350,000,000",67.7%,2024-10-22,2024_4Q,3
제주 2계 2023-29364(5),근린상가,근린상가,근린상가,제주,제주시,제주 제주시 노형동 1069-2 엔알누리8차 가동 1층 101호,"594,000,000","291,060,000",낙찰,"340,000,000",57.2%,2024-10-22,2024_4Q,3
제주 2계 2023-29364(6),아파트,아파트,아파트,제주,제주시,제주 제주시 노형동 1069-2 엔알누리8차 가동 2층 202호,"553,000,000","270,970,000",낙찰,"370,000,000",66.9%,2024-10-22,2024_4Q,3
제주 2계 2023-29364(7),아파트,아파트,아파트,제주,제주시,제주 제주시 노형동 1069-2 엔알누리8차 가동 3층 301호,"492,000,000","241,080,000",낙찰,"351,000,000",71.3%,2024-11-26,2024_4Q,3
제주 2계 2023-29364(8),아파트,아파트,아파트,제주,제주시,제주 제주시 노형동 1069-2 엔알누리8차 가동 4층 401호,"502,000,000","245,980,000",낙찰,"330,100,000",65.8%,2024-10-22,2024_4Q,3
제주 2계 2023-29364(9),아파트,아파트,아파트,제주,제주시,제주 제주시 노형동 1069-2 엔알누리8차 가동 5층 501호,"513,000,000","251,370,000",낙찰,"350,000,000",68.2%,2024-10-22,2024_4Q,3
제주 2계 2023-29364(10),아파트,아파트,아파트,제주,제주시,제주 제주시 노형동 1069-2 엔알누리8차 가동 6층 601호,"523,000,000","256,270,000",낙찰,"340,000,000",65.0%,2024-10-22,2024_4Q,3
제주 2계 2023-29388,연립,연립주택,연립·빌라,제주,서귀포시,제주 서귀포시 법환동 212 디자인뷰 107동 3층 306호,"339,000,000","166,110,000",낙찰,"205,300,000",60.6%,2024-07-02,2024_3Q,3
제주 2계 2023-29395,연립,연립주택,연립·빌라,제주,서귀포시,제주 서귀포시 법환동 212 디자인뷰 104동 4층 402호,"366,000,000","179,340,000",낙찰,"245,555,550",67.1%,2024-08-06,2024_3Q,3
제주 6계 2023-29449(1),숙박시설,숙박시설,숙박시설,제주,서귀포시,제주 서귀포시 서귀동 255-1 호텔골든데이지서귀포오션 9층 902호,"124,000,000","20,840,000",낙찰,"22,889,900",18.5%,2024-12-10,2024_4Q,3
제주 6계 2023-29449(2),숙박시설,숙박시설,숙박시설,제주,서귀포시,제주 서귀포시 서귀동 255-1 호텔골든데이지서귀포오션 10층 1005호,"124,000,000","20,840,000",낙찰,"27,000,000",21.8%,2024-12-10,2024_4Q,3
제주 1계 2023-29470,다세대,다세대주택,다세대,제주,서귀포시,제주 서귀포시 서귀동 323-3 휴마루유니크 7층 805호,"102,000,000","49,980,000",낙찰,"71,320,000",69.9%,2024-09-03,2024_3Q,3
제주 3계 2023-29579,차량,기타토지,기타토지,제주,제주시,제주 제주시 조천읍 함덕리 290-41 자동차평가연구소(주)내 보관,"7,000,000","4,900,000",낙찰,"5,321,000",76.0%,2024-07-09,2024_3Q,3
제주 3계 2023-29654,아파트,아파트,아파트,제주,제주시,제주 제주시 외도일동 455-2 주영 2층 201호,"271,000,000","189,700,000",낙찰,"230,518,000",85.1%,2024-07-09,2024_3Q,3
제주 8계 2023-29708,다세대,다세대주택,다세대,제주,제주시,제주 제주시 애월읍 고내리 730-7 하이인힐하우스 B동 1층 102호,"473,000,000","231,770,000",낙찰,"235,000,000",49.7%,2024-10-08,2024_4Q,3
제주 2계 2023-29722,다세대,다세대주택,다세대,제주,제주시,제주 제주시 용담삼동 521-2 한라가온누리숲 3층 302호,"194,000,000","135,800,000",낙찰,"143,510,000",74.0%,2024-08-06,2024_3Q,3
제주 7계 2023-29777,과수원,과수원,과수원,제주,서귀포시,제주 서귀포시 성산읍 수산리 1280,"50,320,000","17,260,000",낙찰,"18,270,000",36.3%,2024-12-03,2024_4Q,3
제주 8계 2023-29784(1),연립,연립주택,연립·빌라,제주,서귀포시,"제주 서귀포시 동홍동 1902-7 ,1909,1910-4 루체비스타 102동 4층 403호","444,000,000","217,560,000",낙찰,"291,500,000",65.7%,2024-07-23,2024_3Q,3
제주 8계 2023-29784(2),연립,연립주택,연립·빌라,제주,서귀포시,제주 서귀포시 법환동 212 디자인뷰 107동 4층 405호,"356,000,000","174,440,000",낙찰,"200,670,000",56.4%,2024-07-23,2024_3Q,3
제주 2계 2023-29807,연구소,사무실,사무실,제주,서귀포시,제주 서귀포시 도순동 406-1 이엠환경센타,"1,785,647,000","612,477,000",낙찰,"650,100,000",36.4%,2024-08-06,2024_3Q,3
제주 3계 2023-29814(2),점포,근린상가,점포상가,제주,서귀포시,제주 서귀포시 강정동 4370,"248,052,240","173,637,000",낙찰,"184,700,000",74.5%,2024-10-29,2024_4Q,3
제주 3계 2023-29890,근린주택,근린주택,근린주택,제주,서귀포시,제주 서귀포시 성산읍 성산리 299-1,"1,632,434,720","799,893,000",낙찰,"851,000,000",52.1%,2024-10-29,2024_4Q,3
제주 4계 2023-29982,임야,임야,임야,제주,서귀포시,제주 서귀포시 안덕면 상천리 570,"55,770,000","9,373,000",낙찰,"10,220,000",18.3%,2024-10-02,2024_4Q,3
제주 5계 2023-29999(1),단독주택,단독,단독주택,제주,서귀포시,제주 서귀포시 안덕면 서광리 1518-1,"1,035,509,800","507,400,000",낙찰,"630,000,000",60.8%,2024-08-27,2024_3Q,3
제주 5계 2023-29999(2),창고,기타건물,창고,제주,서귀포시,제주 서귀포시 안덕면 서광리 1518-3,"2,208,841,000","530,342,000",낙찰,"639,799,900",29.0%,2024-11-12,2024_4Q,3
제주 6계 2023-30005,연립,연립주택,연립·빌라,제주,서귀포시,제주 서귀포시 법환동 212 디자인뷰 105동 4층 402호,"266,000,000","186,200,000",낙찰,"200,530,000",75.4%,2024-07-16,2024_3Q,3
제주 7계 2023-30012,연립,연립주택,연립·빌라,제주,서귀포시,제주 서귀포시 법환동 212 디자인뷰 105동 4층 401호,"340,000,000","166,600,000",낙찰,"224,070,000",65.9%,2024-12-03,2024_4Q,3
제주 3계 2023-30050,빌딩,기타건물,기타건물,제주,제주시,제주 제주시 영평동 2192-1 포텍마이크로시스템,"4,075,081,000","1,996,790,000",낙찰,"2,312,831,127",56.8%,2024-10-29,2024_4Q,3
제주 5계 2023-30074,콘도,기타토지,기타토지,제주,제주시,"제주 제주시 한림읍 금악리 산32-1 ,산32-5,산32-7,산32-8,서귀포시 안덕면 광평리 산91,산92,산93 그랑블제주리조트 B05동 1층 105호","2,100,000,000","504,210,000",낙찰,"617,650,000",29.4%,2024-08-27,2024_3Q,3
제주 4계 2023-30142,숙박시설,숙박시설,숙박시설,제주,제주시,제주 제주시 조천읍 함덕리 1269-19 골든튤립제주함덕호텔 6층 630호,"116,000,000","56,840,000",낙찰,"60,010,000",51.7%,2024-12-10,2024_4Q,3
제주 6계 2023-30258,임야,임야,임야,제주,제주시,제주 제주시 구좌읍 세화리 산31-4,"31,552,000","15,460,000",낙찰,"16,110,000",51.1%,2024-07-16,2024_3Q,3
제주 6계 2023-30333,점포,근린상가,점포상가,제주,서귀포시,제주 서귀포시 색달동 2235-3,"1,108,295,390","775,807,000",낙찰,"780,000,999",70.4%,2024-07-16,2024_3Q,3
제주 2계 2023-30371,임야,임야,임야,제주,서귀포시,제주 서귀포시 표선면 하천리 2043,"194,015,580","66,548,000",낙찰,"67,220,000",34.6%,2024-10-22,2024_4Q,3
제주 3계 2023-30388,전,전,전,제주,서귀포시,제주 서귀포시 대정읍 신도리 2679-1,"411,400,000","201,586,000",낙찰,"230,000,000",55.9%,2024-08-13,2024_3Q,3
제주 7계 2023-30425,단독주택,단독,단독주택,제주,제주시,제주 제주시 건입동 1043-44,"36,876,560","12,649,000",낙찰,"16,115,000",43.7%,2024-12-03,2024_4Q,3
제주 3계 2023-30463,임야,임야,임야,제주,제주시,제주 제주시 한림읍 명월리 1408-1,"1,529,550,000","524,636,000",낙찰,"810,000,000",53.0%,2024-09-24,2024_3Q,3
제주 4계 2023-30470,연립,연립주택,연립·빌라,제주,서귀포시,"제주 서귀포시 동홍동 1902-7 ,1909,1910-4 루체비스타 101동 4층 402호","430,000,000","210,700,000",낙찰,"255,900,000",59.5%,2024-12-10,2024_4Q,3
제주 8계 2023-30593,임야,임야,임야,제주,제주시,제주 제주시 애월읍 고성리 산29,"201,020,000","140,714,000",낙찰,"145,000,000",72.1%,2024-10-08,2024_4Q,3
제주 4계 2023-30623,오피스텔(주거),오피스텔,오피스텔(업무용),제주,제주시,제주 제주시 조천읍 조천리 2371-2 조천휴미래 5층 603호,"305,000,000","213,500,000",낙찰,"240,000,000",78.7%,2024-07-16,2024_3Q,3
제주 3계 2023-30692(1),다세대,다세대주택,다세대,제주,서귀포시,제주 서귀포시 하원동 537 골드빌2차 102동 1층 101호,"302,000,000","147,980,000",낙찰,"159,100,000",52.7%,2024-09-24,2024_3Q,3
제주 3계 2023-30692(2),다세대,다세대주택,다세대,제주,서귀포시,제주 서귀포시 하원동 537 골드빌2차 102동 2층 201호,"305,000,000","149,450,000",낙찰,"175,111,000",57.4%,2024-09-24,2024_3Q,3
제주 5계 2023-30715,단독주택,단독,단독주택,제주,제주시,제주 제주시 애월읍 신엄리 2768-31 117동,"601,219,200","294,597,000",낙찰,"331,000,000",55.1%,2024-11-12,2024_4Q,3
제주 6계 2023-30722,전,전,전,제주,제주시,제주 제주시 한림읍 상대리 3058,"358,382,000","175,607,000",낙찰,"179,674,998",50.1%,2024-10-02,2024_4Q,3
제주 6계 2023-30791,전,전,전,제주,서귀포시,제주 서귀포시 대정읍 상모리 2077-4,"1,186,582,000","406,998,000",낙찰,"409,999,999",34.6%,2024-11-05,2024_4Q,3
제주 1계 2023-30890(1),대지,나대지,나대지,제주,서귀포시,제주 서귀포시 성산읍 삼달리 696,"228,580,000","112,004,000",낙찰,"136,100,000",59.5%,2024-10-15,2024_4Q,3
제주 5계 2023-30937,선박,기타토지,기타토지,제주,서귀포시,제주 서귀포시 성산읍 오조리 오조항내 정박(제3자 (주)세경에게 보관),"300,775,900","147,380,000",낙찰,"171,000,000",56.9%,2024-08-27,2024_3Q,3
제주 9계 2023-30975,아파트,아파트,아파트,제주,서귀포시,제주 서귀포시 안덕면 화순리 2133 서귀포화순코아루푸르나임 102동 5층 503호,"304,000,000","212,800,000",낙찰,"263,710,000",86.7%,2024-09-10,2024_3Q,3
제주 9계 2023-31053,임야,임야,임야,제주,서귀포시,제주 서귀포시 호근동 1026-6,"4,924,200","3,447,000",낙찰,"4,110,000",83.5%,2024-09-10,2024_3Q,3
제주 5계 2023-31190,차량,기타토지,기타토지,제주,제주시,제주 제주시 애월읍 광령리 581-4 세경(주)내 보관,"22,000,000","15,400,000",낙찰,"17,100,000",77.7%,2024-07-23,2024_3Q,3
제주 9계 2023-31305,아파트,아파트,아파트,제주,서귀포시,제주 서귀포시 동홍동 355-1 동홍4주공 404동 3층 308호,"200,000,000","140,000,000",낙찰,"152,340,000",76.2%,2024-09-10,2024_3Q,3
제주 9계 2023-31343,근린상가,근린상가,근린상가,제주,제주시,제주 제주시 일도이동 362-15,"200,966,250","140,676,000",낙찰,"145,110,000",72.2%,2024-10-22,2024_4Q,3
제주 8계 2023-31466,임야,임야,임야,제주,서귀포시,제주 서귀포시 대정읍 신도리 45,"747,136,000","256,268,000",낙찰,"266,000,000",35.6%,2024-12-17,2024_4Q,3
제주 2계 2023-31497,전,전,전,제주,제주시,제주 제주시 도두일동 1577,"259,342,890","88,955,000",낙찰,"94,521,000",36.4%,2024-10-22,2024_4Q,3
제주 4계 2023-31527,단독주택,단독,단독주택,제주,서귀포시,제주 서귀포시 성산읍 난산리 659-7,"447,089,070","312,962,000",낙찰,"360,000,000",80.5%,2024-10-02,2024_4Q,3
제주 4계 2023-31596,차량,기타토지,기타토지,제주,제주시,제주 제주시 용담삼동 1274-1 제3자 현대물품보관소(주)에게 보관,"9,000,000","4,410,000",낙찰,"6,500,100",72.2%,2024-07-16,2024_3Q,3
제주 7계 2023-31626,연립,연립주택,연립·빌라,제주,서귀포시,제주 서귀포시 법환동 212 디자인뷰 102동 1층 101호,"284,000,000","198,800,000",낙찰,"231,779,821",81.6%,2024-10-29,2024_4Q,3
제주 1계 2023-31640(1),연립,연립주택,연립·빌라,제주,서귀포시,제주 서귀포시 법환동 212 디자인뷰 105동 5층 501호,"466,000,000","228,340,000",낙찰,"251,000,000",53.9%,2024-07-30,2024_3Q,3
제주 1계 2023-31640(2),연립,연립주택,연립·빌라,제주,서귀포시,제주 서귀포시 법환동 212 디자인뷰 105동 5층 503호,"461,000,000","158,123,000",낙찰,"230,679,900",50.0%,2024-09-03,2024_3Q,3
제주 2계 2023-31657,과수원,과수원,과수원,제주,서귀포시,제주 서귀포시 표선면 토산리 697,"588,702,000","201,925,000",낙찰,"222,000,000",37.7%,2024-08-06,2024_3Q,3
제주 2계 2023-31749,단독주택,단독,단독주택,제주,제주시,제주 제주시 애월읍 신엄리 2880-25 백강수피아빌리지3차 110동,"289,602,060","202,721,000",낙찰,"243,000,000",83.9%,2024-07-02,2024_3Q,3
제주 4계 2023-31770,대지,나대지,나대지,제주,제주시,제주 제주시 삼도이동 259-17,"258,000,000","88,494,000",낙찰,"98,900,000",38.3%,2024-10-02,2024_4Q,3
제주 1계 2023-31886,연립,연립주택,연립·빌라,제주,제주시,제주 제주시 한림읍 동명리 1584-3 트리니티 102동 2층 204호,"176,000,000","123,200,000",낙찰,"145,750,000",82.8%,2024-07-30,2024_3Q,3
제주 1계 2023-31961,과수원,과수원,과수원,제주,제주시,제주 제주시 애월읍 하가리 1062-2,"974,386,000","477,449,000",낙찰,"493,314,000",50.6%,2024-07-30,2024_3Q,3
제주 1계 2023-32049(2),과수원,과수원,과수원,제주,서귀포시,제주 서귀포시 남원읍 위미리 1907-5,"247,270,000","121,162,000",낙찰,"127,000,000",51.4%,2024-07-30,2024_3Q,3
제주 3계 2023-32063,차량,기타토지,기타토지,제주,제주시,제주 제주시 애월읍 광령리 산49 내 보관(제3자 (주)세경 보관),"5,000,000","3,500,000",낙찰,"3,550,000",71.0%,2024-08-13,2024_3Q,3
제주 5계 2023-32087(4),도로,기타토지,기타토지,제주,서귀포시,제주 서귀포시 강정동 4050-11,"19,312,000","9,463,000",낙찰,"9,652,000",50.0%,2024-10-08,2024_4Q,3
제주 4계 2024-25,임야,임야,임야,제주,서귀포시,제주 서귀포시 색달동 758,"659,837,000","323,320,000",낙찰,"366,000,000",55.5%,2024-08-20,2024_3Q,3
제주 7계 2024-56,연립,연립주택,연립·빌라,제주,서귀포시,제주 서귀포시 대정읍 보성리 2424 삼정지에듀 110동 1층 103호,"478,000,000","234,220,000",낙찰,"314,270,000",65.7%,2024-12-03,2024_4Q,3
제주 1계 2024-70,연립,연립주택,연립·빌라,제주,제주시,제주 제주시 용담일동 306-1 동용주택 1층 에이-105호,"110,000,000","53,900,000",낙찰,"70,770,000",64.3%,2024-07-30,2024_3Q,3
제주 6계 2024-131,전,전,전,제주,서귀포시,제주 서귀포시 대정읍 신도리 2751,"705,085,000","345,492,000",낙찰,"372,000,000",52.8%,2024-10-02,2024_4Q,3
제주 4계 2024-360,임야,임야,임야,제주,서귀포시,제주 서귀포시 안덕면 상천리 716-6,"447,728,000","107,500,000",낙찰,"140,090,000",31.3%,2024-10-02,2024_4Q,3
제주 5계 2024-438,전,전,전,제주,제주시,제주 제주시 한경면 저지리 2473-1,"1,117,399,000","547,525,000",낙찰,"555,000,000",49.7%,2024-12-17,2024_4Q,3
제주 7계 2024-452,선박,기타토지,기타토지,제주,서귀포시,제주 서귀포시 남원읍 위미리 1757-12 위미항내 정박,"898,864,000","440,444,000",낙찰,"538,400,000",59.9%,2024-09-24,2024_3Q,3
제주 5계 2024-520,아파트,아파트,아파트,제주,제주시,제주 제주시 구좌읍 세화리 1307-1 2층 205호,"119,000,000","58,310,000",낙찰,"75,110,000",63.1%,2024-12-17,2024_4Q,3
제주 9계 2024-544,아파트,아파트,아파트,제주,제주시,제주 제주시 노형동 753-1 중흥에스-클래스 107동 3층 302호,"550,000,000","385,000,000",낙찰,"500,000,000",90.9%,2024-11-26,2024_4Q,3
제주 1계 2024-551,과수원,과수원,과수원,제주,제주시,제주 제주시 이호이동 81-1,"1,601,208,000","784,592,000",낙찰,"802,826,150",50.1%,2024-11-19,2024_4Q,3
제주 1계 2024-650(1),근린상가,근린상가,근린상가,제주,제주시,"제주 제주시 오라삼동 2787 ,2786","28,403,916,980","13,917,919,000",낙찰,"18,000,000,000",63.4%,2024-11-19,2024_4Q,3
제주 4계 2024-742,대지,나대지,나대지,제주,제주시,제주 제주시 애월읍 하귀1리 387,"481,600,000","337,120,000",낙찰,"389,350,000",80.8%,2024-07-16,2024_3Q,3
제주 5계 2024-759,임야,임야,임야,제주,제주시,제주 제주시 한경면 저지리 산38-24,"112,370,000","78,659,000",낙찰,"81,235,000",72.3%,2024-10-08,2024_4Q,3
제주 9계 2024-766,아파트,아파트,아파트,제주,제주시,제주 제주시 노형동 754-3 부영 305동 6층 604호,"673,000,000","471,100,000",낙찰,"608,870,000",90.5%,2024-10-22,2024_4Q,3
제주 9계 2024-773,단독주택,단독,단독주택,제주,서귀포시,제주 서귀포시 상효동 1409,"410,941,600","287,659,000",낙찰,"400,000,000",97.3%,2024-11-26,2024_4Q,3
제주 8계 2024-865,임야,임야,임야,제주,서귀포시,제주 서귀포시 색달동 750-1,"780,528,000","382,459,000",낙찰,"391,500,000",50.2%,2024-12-17,2024_4Q,3
제주 1계 2024-872,단독주택,단독,단독주택,제주,서귀포시,제주 서귀포시 표선면 표선리 2392-1,"1,075,265,200","526,880,000",낙찰,"643,387,000",59.8%,2024-11-19,2024_4Q,3
제주 9계 2024-933(1),아파트,아파트,아파트,제주,제주시,"제주 제주시 도두일동 2614 ,2614-1 블루파크시티 11층 1104호","145,000,000","101,500,000",낙찰,"141,000,000",97.2%,2024-11-26,2024_4Q,3
제주 9계 2024-933(2),아파트,아파트,아파트,제주,제주시,"제주 제주시 도두일동 2614 ,2614-1 블루파크시티 11층 1105호","145,000,000","145,000,000",낙찰,"146,200,000",100.8%,2024-10-22,2024_4Q,3
제주 9계 2024-940(1),아파트,아파트,아파트,제주,제주시,"제주 제주시 도두일동 2614 ,2614-1 블루파크시티 9층 906호","150,000,000","105,000,000",낙찰,"140,140,000",93.4%,2024-11-26,2024_4Q,3
제주 9계 2024-940(2),아파트,아파트,아파트,제주,제주시,"제주 제주시 도두일동 2614 ,2614-1 블루파크시티 11층 1110호","153,000,000","107,100,000",낙찰,"135,270,000",88.4%,2024-11-26,2024_4Q,3
제주 9계 2024-940(3),아파트,아파트,아파트,제주,제주시,"제주 제주시 도두일동 2614 ,2614-1 블루파크시티 11층 1114호","153,000,000","107,100,000",낙찰,"130,050,000",85.0%,2024-11-26,2024_4Q,3
제주 1계 2024-957,아파트,아파트,아파트,제주,제주시,"제주 제주시 도두일동 2614 ,2614-1 블루파크시티 9층 908호","143,000,000","100,100,000",낙찰,"130,000,000",90.9%,2024-09-03,2024_3Q,3
제주 4계 2024-988,숙박시설,숙박시설,숙박시설,제주,제주시,제주 제주시 삼도일동 710-7,"939,773,400","460,489,000",낙찰,"575,560,070",61.2%,2024-08-20,2024_3Q,3
제주 4계 2024-1097,전,전,전,제주,서귀포시,제주 서귀포시 대정읍 신도리 1703,"401,340,000","196,657,000",낙찰,"200,110,000",49.9%,2024-10-02,2024_4Q,3
제주 5계 2024-1158,단독주택,단독,단독주택,제주,제주시,"제주 제주시 애월읍 유수암리 1074-4 ,1116-8","735,671,000","514,970,000",낙찰,"600,000,000",81.6%,2024-11-12,2024_4Q,3
제주 4계 2024-1172(1),전,전,전,제주,제주시,제주 제주시 애월읍 구엄리 1127-8,"1,032,384,000","354,108,000",낙찰,"505,868,000",49.0%,2024-12-10,2024_4Q,3
제주 4계 2024-1172(2),임야,임야,임야,제주,제주시,제주 제주시 조천읍 와흘리 2082,"177,726,000","124,408,000",낙찰,"135,111,000",76.0%,2024-07-16,2024_3Q,3
제주 4계 2024-1240,전,전,전,제주,서귀포시,제주 서귀포시 성산읍 신산리 1356-4,"100,832,000","70,582,000",낙찰,"83,880,000",83.2%,2024-08-20,2024_3Q,3
제주 4계 2024-1301,연립,연립주택,연립·빌라,제주,서귀포시,제주 서귀포시 남원읍 남원리 1352 디자인타운 2층 203호,"313,000,000","153,370,000",낙찰,"157,888,000",50.4%,2024-08-20,2024_3Q,3
제주 8계 2024-1356,단독주택,단독,단독주택,제주,제주시,제주 제주시 노형동 2692-18 107동,"486,300,400","340,410,000",낙찰,"442,534,000",91.0%,2024-10-08,2024_4Q,3
제주 4계 2024-1394,전,전,전,제주,제주시,제주 제주시 노형동 3598,"1,568,860,000","768,741,000",낙찰,"964,005,000",61.4%,2024-08-20,2024_3Q,3
제주 5계 2024-1509,임야,임야,임야,제주,제주시,제주 제주시 한경면 낙천리 865-1,"913,696,000","447,711,000",낙찰,"500,000,000",54.7%,2024-11-12,2024_4Q,3
제주 7계 2024-1530,연립,연립주택,연립·빌라,제주,서귀포시,제주 서귀포시 법환동 1196-12 루체클래식 104동 1층 101호,"227,000,000","158,900,000",낙찰,"181,000,000",79.7%,2024-12-03,2024_4Q,3
제주 4계 2024-1561,다세대,다세대주택,다세대,제주,제주시,제주 제주시 일도이동 414-4 금성빌라 4층 501호,"178,163,000","124,714,000",낙찰,"125,000,000",70.2%,2024-07-16,2024_3Q,3
제주 2계 2024-1622,오피스텔(주거),오피스텔,오피스텔(업무용),제주,제주시,제주 제주시 오라이동 1357-4 혜림위더스빌 7층 802호,"287,000,000","140,630,000",낙찰,"140,630,000",49.0%,2024-11-26,2024_4Q,3
제주 4계 2024-1646,연립,연립주택,연립·빌라,제주,서귀포시,"제주 서귀포시 동홍동 1902-7 ,1909,1910-4 루체비스타 101동 3층 304호","335,000,000","164,150,000",낙찰,"224,500,500",67.0%,2024-08-20,2024_3Q,3
제주 5계 2024-1653,임야,임야,임야,제주,제주시,제주 제주시 애월읍 봉성리 4171-1,"819,000,000","401,310,000",낙찰,"413,100,000",50.4%,2024-08-27,2024_3Q,3
제주 1계 2024-1691,연립,연립주택,연립·빌라,제주,서귀포시,제주 서귀포시 서호동 644 서호블루오션빌 101동 2층 205호,"275,000,000","192,500,000",낙찰,"200,700,000",73.0%,2024-09-03,2024_3Q,3
제주 2계 2024-1707(1),숙박시설,숙박시설,숙박시설,제주,제주시,제주 제주시 노형동 920 모던테라스 14층 1401호,"193,000,000","94,570,000",낙찰,"97,500,000",50.5%,2024-11-26,2024_4Q,3
제주 2계 2024-1707(3),숙박시설,숙박시설,숙박시설,제주,제주시,제주 제주시 노형동 920 모던테라스 15층 1507호,"100,000,000","49,000,000",낙찰,"49,500,000",49.5%,2024-11-26,2024_4Q,3
제주 4계 2024-1721(1),오피스텔(주거),오피스텔,오피스텔(업무용),제주,제주시,제주 제주시 노형동 1046-12 노형퍼스트빌6차 2층 201호,"366,000,000","179,340,000",낙찰,"250,110,000",68.3%,2024-12-10,2024_4Q,3
제주 4계 2024-1721(2),오피스텔(주거),오피스텔,오피스텔(업무용),제주,제주시,제주 제주시 노형동 1046-12 노형퍼스트빌6차 4층 501호,"374,000,000","183,260,000",낙찰,"255,110,000",68.2%,2024-12-10,2024_4Q,3
제주 1계 2024-1851,단독주택,단독,단독주택,제주,서귀포시,제주 서귀포시 서호동 1164-6,"955,964,860","468,423,000",낙찰,"588,339,288",61.5%,2024-10-15,2024_4Q,3
제주 4계 2024-1943,아파트,아파트,아파트,제주,제주시,"제주 제주시 연동 262-20 ,261-44 제원 아동 1층 106호","491,000,000","240,590,000",낙찰,"312,399,990",63.6%,2024-08-20,2024_3Q,3
제주 5계 2024-1950(1),다세대,다세대주택,다세대,제주,제주시,제주 제주시 이호일동 1927-6 백록휴레스트이호2차 C동 2층 201호,"238,000,000","166,600,000",낙찰,"191,220,000",80.3%,2024-07-23,2024_3Q,3
제주 5계 2024-1950(2),다세대,다세대주택,다세대,제주,제주시,제주 제주시 이호일동 1927-6 백록휴레스트이호2차 B동 4층 402호,"309,000,000","151,410,000",낙찰,"237,999,000",77.0%,2024-08-27,2024_3Q,3
제주 4계 2024-2069,오피스텔,오피스텔,오피스텔(업무용),제주,제주시,"제주 제주시 노형동 924-1 ,924-2,924-3,924-7 이편한세상시티노형 6층 606호","582,000,000","285,180,000",낙찰,"405,110,000",69.6%,2024-12-10,2024_4Q,3
제주 8계 2024-2090,선박,기타토지,기타토지,제주,제주시,제주 제주시 한림읍 한림리 1377-45 한림항내 정박,"2,401,472,000","823,705,000",낙찰,"1,378,500,000",57.4%,2024-11-12,2024_4Q,3
제주 4계 2024-2120,선박,기타토지,기타토지,제주,제주시,제주 제주시 한림읍 한림리 한림항내 정박(비양도도항선근처 제3자 (주)리앤박해양에게 보관),"537,644,000","376,351,000",낙찰,"407,770,000",75.8%,2024-08-20,2024_3Q,3
제주 5계 2024-2137(1),근린상가,근린상가,근린상가,제주,제주시,제주 제주시 구좌읍 세화리 1519-4,"288,217,320","288,217,320",낙찰,"319,000,000",110.7%,2024-07-23,2024_3Q,3
제주 5계 2024-2137(2),대지,나대지,나대지,제주,제주시,제주 제주시 구좌읍 세화리 1519-1,"1,256,090,000","430,839,000",낙찰,"465,277,100",37.0%,2024-11-12,2024_4Q,3
제주 4계 2024-2199,숙박시설,숙박시설,숙박시설,제주,서귀포시,제주 서귀포시 서귀동 614,"1,291,477,600","442,977,000",낙찰,"614,018,000",47.5%,2024-12-10,2024_4Q,3
제주 5계 2024-2205,아파트,아파트,아파트,제주,서귀포시,제주 서귀포시 중문동 2068 중문동엘로이빌 5층 505호,"138,000,000","96,600,000",낙찰,"97,930,000",71.0%,2024-08-27,2024_3Q,3
제주 6계 2024-2212(1),숙박시설,숙박시설,숙박시설,제주,서귀포시,제주 서귀포시 성산읍 고성리 329-1 제주성산골든튤립호텔 7층 806호,"62,000,000","43,400,000",낙찰,"45,550,000",73.5%,2024-10-02,2024_4Q,3
제주 6계 2024-2212(2),숙박시설,숙박시설,숙박시설,제주,서귀포시,제주 서귀포시 성산읍 고성리 329-1 제주성산골든튤립호텔 7층 813호,"62,000,000","43,400,000",낙찰,"43,500,000",70.2%,2024-10-02,2024_4Q,3
제주 5계 2024-2298,단독주택,단독,단독주택,제주,제주시,"제주 제주시 한림읍 대림리 1893-17 ,1893-24","390,192,820","191,195,000",낙찰,"244,890,000",62.8%,2024-10-08,2024_4Q,3
제주 1계 2024-2328,임야,임야,임야,제주,서귀포시,제주 서귀포시 표선면 하천리 1357,"85,090,000","41,694,000",낙찰,"53,650,000",63.1%,2024-09-03,2024_3Q,3
제주 5계 2024-2458,다세대,다세대주택,다세대,제주,서귀포시,제주 서귀포시 서귀동 285-18 서귀포의꿈 5층 502호,"127,000,000","88,900,000",낙찰,"106,110,000",83.6%,2024-11-12,2024_4Q,3
제주 5계 2024-2601(1),대지,나대지,나대지,제주,서귀포시,제주 서귀포시 표선면 표선리 588,"2,456,910,000","1,203,886,000",낙찰,"1,271,000,000",51.7%,2024-11-12,2024_4Q,3
제주 5계 2024-2687,대지,나대지,나대지,제주,서귀포시,제주 서귀포시 남원읍 태흥리 2011-19,"190,322,200","93,258,000",낙찰,"111,230,000",58.4%,2024-10-08,2024_4Q,3
제주 8계 2024-2717,단독주택,단독,단독주택,제주,제주시,제주 제주시 아라일동 6157-6 MJ HOUSE,"1,526,655,360","748,061,000",낙찰,"961,000,000",62.9%,2024-12-17,2024_4Q,3
제주 1계 2024-2816(1),임야,임야,임야,제주,제주시,제주 제주시 해안동 371-2,"86,800,000","60,760,000",낙찰,"70,520,000",81.2%,2024-11-19,2024_4Q,3
제주 4계 2024-2915,목장용지,기타토지,목장용지,제주,제주시,제주 제주시 오등동 산180-8,"1,272,733,000","436,547,000",낙찰,"612,000,000",48.1%,2024-11-05,2024_4Q,3
제주 4계 2024-2991,다세대,다세대주택,다세대,제주,제주시,제주 제주시 삼도이동 1175-1 온새미로카운티 3층 301호,"325,000,000","227,500,000",낙찰,"228,100,000",70.2%,2024-08-20,2024_3Q,3
제주 6계 2024-3024,다세대,다세대주택,다세대,제주,서귀포시,"제주 서귀포시 남원읍 위미리 3278-14 ,3276 블루아일랜드 C동 씨109호","275,000,000","192,500,000",낙찰,"201,900,000",73.4%,2024-11-05,2024_4Q,3
제주 1계 2024-3123,연립,연립주택,연립·빌라,제주,서귀포시,제주 서귀포시 법환동 1641 상지에코빌 102동 3층 301호,"359,000,000","251,300,000",낙찰,"329,051,000",91.7%,2024-11-19,2024_4Q,3
제주 4계 2024-3154,주상복합(주거),기타토지,기타토지,제주,제주시,제주 제주시 연동 2331-9 정광쉐르빌 10층 1001호,"292,000,000","204,400,000",낙찰,"255,553,000",87.5%,2024-08-20,2024_3Q,3
제주 5계 2024-3161(3),과수원,과수원,과수원,제주,서귀포시,제주 서귀포시 대정읍 인성리 96-3,"2,812,000","1,378,000",낙찰,"1,479,000",52.6%,2024-11-12,2024_4Q,3
제주 1계 2024-3215,근린상가,근린상가,근린상가,제주,제주시,제주 제주시 조천읍 신촌리 1792-6 에스디빌 102동 1층 103호,"132,000,000","132,000,000",낙찰,"141,780,000",107.4%,2024-10-15,2024_4Q,3
제주 6계 2024-3284,중기,기타토지,기타토지,제주,제주시,제주 제주시 용담삼동 1274-1 현대물품보관소(주)내 보관,"35,000,000","24,500,000",낙찰,"30,199,000",86.3%,2024-08-20,2024_3Q,3
제주 6계 2024-3345,단독주택,단독,단독주택,제주,제주시,제주 제주시 애월읍 상귀리 503-1 103동,"554,011,200","387,808,000",낙찰,"417,900,000",75.4%,2024-12-10,2024_4Q,3
제주 5계 2024-3420,단독주택,단독,단독주택,제주,제주시,제주 제주시 구좌읍 세화리 1598,"394,724,000","276,307,000",낙찰,"281,730,000",71.4%,2024-10-08,2024_4Q,3
제주 4계 2024-3635,오피스텔(주거),오피스텔,오피스텔(업무용),제주,서귀포시,제주 서귀포시 서홍동 1615-2 아이뜨락 B동 7층 801호,"250,000,000","175,000,000",낙찰,"175,500,000",70.2%,2024-11-05,2024_4Q,3
제주 8계 2024-3673,과수원,과수원,과수원,제주,서귀포시,제주 서귀포시 성산읍 삼달리 685-1,"224,848,000","157,394,000",낙찰,"167,110,000",74.3%,2024-12-17,2024_4Q,3
제주 6계 2024-3734,오피스텔(주거),오피스텔,오피스텔(업무용),제주,제주시,제주 제주시 노형동 1294-4 노형에코하임 15층 1703호,"275,000,000","192,500,000",낙찰,"238,200,000",86.6%,2024-12-10,2024_4Q,3
제주 4계 2024-3888,전,전,전,제주,서귀포시,제주 서귀포시 표선면 가시리 2938,"93,891,000","32,205,000",낙찰,"41,321,000",44.0%,2024-12-10,2024_4Q,3
제주 5계 2024-3895,단독주택,단독,단독주택,제주,서귀포시,제주 서귀포시 남원읍 의귀리 1053-7,"451,035,500","221,008,000",낙찰,"256,200,000",56.8%,2024-12-17,2024_4Q,3
제주 5계 2024-3956,임야,임야,임야,제주,서귀포시,제주 서귀포시 안덕면 서광리 2489-18,"106,277,860","52,077,000",낙찰,"52,077,000",49.0%,2024-11-12,2024_4Q,3
제주 5계 2024-4041,공장,공장(지식산업센터 업무시설),공장,제주,제주시,"제주 제주시 조천읍 조천리 2226-5 ,2229-42","334,442,100","234,109,000",낙찰,"300,900,000",90.0%,2024-12-17,2024_4Q,3
제주 4계 2024-4119,대지,나대지,나대지,제주,제주시,제주 제주시 구좌읍 송당리 2832-1,"212,697,200","104,222,000",낙찰,"150,000,000",70.5%,2024-11-05,2024_4Q,3
제주 4계 2024-4539,임야,임야,임야,제주,제주시,제주 제주시 삼양삼동 2649,"239,190,000","239,190,000",낙찰,"258,000,000",107.9%,2024-08-20,2024_3Q,3
제주 4계 2024-4607,아파트,아파트,아파트,제주,제주시,제주 제주시 화북일동 12-1 화북4 407동 1층 102호,"341,000,000","238,700,000",낙찰,"272,999,990",80.1%,2024-10-02,2024_4Q,3
제주 5계 2024-4614,오피스텔(주거),오피스텔,오피스텔(업무용),제주,제주시,"제주 제주시 삼도이동 599-3 ,599-5 수미안 2층 203호","298,000,000","208,600,000",낙찰,"210,000,000",70.5%,2024-11-12,2024_4Q,3
제주 4계 2024-4928,전,전,전,제주,서귀포시,제주 서귀포시 남원읍 위미리 2364,"315,311,000","154,503,000",낙찰,"167,000,000",53.0%,2024-12-10,2024_4Q,3
제주 4계 2024-5075(1),임야,임야,임야,제주,제주시,제주 제주시 외도일동 2090,"515,367,000","360,757,000",낙찰,"361,000,000",70.0%,2024-11-05,2024_4Q,3
제주 5계 2024-5082,점포,근린상가,점포상가,제주,제주시,제주 제주시 조천읍 신촌리 2602,"2,185,690,000","1,070,988,000",낙찰,"1,191,000,000",54.5%,2024-12-17,2024_4Q,3
제주 5계 2024-5167,연립,연립주택,연립·빌라,제주,서귀포시,"제주 서귀포시 동홍동 1902-7 ,1909,1910-4 루체비스타 101동 3층 303호","324,000,000","158,760,000",낙찰,"204,130,000",63.0%,2024-12-17,2024_4Q,3
제주 5계 2024-5396,대지,나대지,나대지,제주,제주시,제주 제주시 조천읍 북촌리 1093-2,"156,445,000","109,512,000",낙찰,"128,999,999",82.5%,2024-11-12,2024_4Q,3
제주 3계 2024-5440,차량,기타토지,기타토지,제주,제주시,제주 제주시 용담삼동 1274-1 제3자현대물품보관소(주)내 보관,"17,000,000","11,900,000",낙찰,"12,000,000",70.6%,2024-10-29,2024_4Q,3
제주 4계 2024-5525,단독주택,단독,단독주택,제주,서귀포시,제주 서귀포시 하효동 121-2,"309,206,590","151,512,000",낙찰,"251,000,000",81.2%,2024-12-10,2024_4Q,3
제주 5계 2024-5952,묘지,기타토지,기타토지,제주,서귀포시,제주 서귀포시 성산읍 온평리 1623,"104,950,000","104,950,000",낙찰,"145,000,000",138.2%,2024-11-12,2024_4Q,3
제주 5계 2024-6023,과수원,과수원,과수원,제주,서귀포시,제주 서귀포시 대정읍 안성리 521,"167,256,000","81,955,000",낙찰,"93,750,000",56.1%,2024-12-17,2024_4Q,3
제주 4계 2024-6085,연립,연립주택,연립·빌라,제주,제주시,"제주 제주시 노형동 2833 ,2824-1 노형지큐휴먼빌 104동 지1,1층 102호","841,000,000","588,700,000",낙찰,"657,662,000",78.2%,2024-11-05,2024_4Q,3
제주 7계 2024-7095,중기,기타토지,기타토지,제주,제주시,제주 제주시 용담삼동 1274-1 제3자현대물품보관소(주)내 보관,"120,000,000","58,800,000",낙찰,"71,100,000",59.3%,2024-12-03,2024_4Q,3
제주 4계 2024-20043,임야,임야,임야,제주,제주시,제주 제주시 한림읍 월령리 520-20,"48,238,000","23,637,000",낙찰,"31,355,700",65.0%,2024-07-16,2024_3Q,3
제주 5계 2024-20050,단독주택,단독,단독주택,제주,제주시,제주 제주시 애월읍 고성리 90-1,"426,955,180","146,446,000",낙찰,"220,000,000",51.5%,2024-08-27,2024_3Q,3
제주 3계 2024-20197,차량,기타토지,기타토지,제주,제주시,제주 제주시 애월읍 광령리 산49 내 보관(제3자(주)세경에게보관),"9,000,000","6,300,000",낙찰,"6,410,000",71.2%,2024-07-09,2024_3Q,3
제주 5계 2024-20210,전,전,전,제주,제주시,제주 제주시 애월읍 광령리 605-6,"1,359,963,000","326,527,000",낙찰,"420,000,000",30.9%,2024-10-08,2024_4Q,3
제주 4계 2024-20289,연립,연립주택,연립·빌라,제주,제주시,제주 제주시 해안동 1719 화이트디어해안3 2층 203호,"693,000,000","485,100,000",낙찰,"500,600,000",72.2%,2024-10-02,2024_4Q,3
제주 4계 2024-20364(1),도로,기타토지,기타토지,제주,서귀포시,제주 서귀포시 성산읍 성산리 295-1,"306,387,000","73,564,000",낙찰,"100,000,000",32.6%,2024-11-05,2024_4Q,3
제주 4계 2024-20364(2),도로,기타토지,기타토지,제주,서귀포시,제주 서귀포시 성산읍 성산리 295-3,"20,493,000","3,444,000",낙찰,"3,610,000",17.6%,2024-12-10,2024_4Q,3
제주 4계 2024-20364(3),도로,기타토지,기타토지,제주,서귀포시,제주 서귀포시 성산읍 성산리 295-4,"23,166,000","3,893,000",낙찰,"4,010,000",17.3%,2024-12-10,2024_4Q,3
제주 5계 2024-20371(1),전,전,전,제주,제주시,제주 제주시 한경면 낙천리 2117-1,"322,877,000","158,210,000",낙찰,"192,750,000",59.7%,2024-10-08,2024_4Q,3
제주 9계 2024-20395,전,전,전,제주,제주시,제주 제주시 한경면 낙천리 1422,"308,610,000","151,219,000",낙찰,"211,555,500",68.6%,2024-11-26,2024_4Q,3
제주 8계 2024-20401,단독주택,단독,단독주택,제주,제주시,제주 제주시 한경면 낙천리 1729,"361,931,780","177,346,000",낙찰,"255,555,000",70.6%,2024-11-12,2024_4Q,3
제주 1계 2024-20418,임야,임야,임야,제주,제주시,제주 제주시 한경면 낙천리 1444,"162,382,000","55,697,000",낙찰,"61,444,000",37.8%,2024-10-15,2024_4Q,3
제주 6계 2024-20470,과수원,과수원,과수원,제주,제주시,제주 제주시 도련일동 2417,"1,200,722,000","588,354,000",낙찰,"721,110,000",60.1%,2024-11-05,2024_4Q,3
제주 3계 2024-20517,차량,기타토지,기타토지,제주,제주시,제주 제주시 애월읍 광령리 산49 내 보관(제3자 (주)세경 보관),"22,000,000","15,400,000",낙찰,"18,000,000",81.8%,2024-08-13,2024_3Q,3
제주 9계 2024-20593,다세대,다세대주택,다세대,제주,제주시,제주 제주시 이호일동 1927-6 백록휴레스트이호2차 C동 1층 102호,"227,000,000","158,900,000",낙찰,"192,880,000",85.0%,2024-11-26,2024_4Q,3
제주 1계 2024-20661,차량,기타토지,기타토지,제주,제주시,제주 제주시 애월읍 광령리 509-2 (주)세경내 보관,"10,000,000","4,900,000",낙찰,"5,400,000",54.0%,2024-07-30,2024_3Q,3
제주 9계 2024-20685(2),도로,기타토지,기타토지,제주,제주시,제주 제주시 한경면 두모리 1225-4,"536,480","536,480",낙찰,"678,000",126.4%,2024-10-22,2024_4Q,3
제주 3계 2024-20753,차량,기타토지,기타토지,제주,제주시,제주 제주시 애월읍 광령리 509-2 내 보관(제3자 (주)세경 보관),"11,500,000","8,050,000",낙찰,"9,000,000",78.3%,2024-10-29,2024_4Q,3
제주 4계 2024-20760,임야,임야,임야,제주,제주시,제주 제주시 조천읍 조천리 산30-2,"1,399,104,500","479,893,000",낙찰,"531,990,000",38.0%,2024-10-02,2024_4Q,3
제주 5계 2024-20777,다세대,다세대주택,다세대,제주,제주시,제주 제주시 조천읍 함덕리 261-14 함덕천마에버하임1차 103동 1층 101호,"195,000,000","136,500,000",낙찰,"167,950,000",86.1%,2024-07-23,2024_3Q,3
제주 6계 2024-20784,차량,기타토지,기타토지,제주,제주시,제주 제주시 애월읍 광령리 509-2 (주)세경내 보관,"7,500,000","5,250,000",낙찰,"6,100,000",81.3%,2024-07-16,2024_3Q,3
제주 4계 2024-20845,다세대,다세대주택,다세대,제주,제주시,"제주 제주시 한경면 고산리 2637-2 ,2638-2,2639-2 채움빌 A동 4층 402호","227,000,000","158,900,000",낙찰,"161,999,999",71.4%,2024-07-16,2024_3Q,3
제주 5계 2024-20937,단독주택,단독,단독주택,제주,제주시,제주 제주시 애월읍 유수암리 3150-3 5동,"206,093,160","100,986,000",낙찰,"117,622,000",57.1%,2024-08-27,2024_3Q,3
제주 8계 2024-20968(1),목장용지,기타토지,목장용지,제주,제주시,제주 제주시 애월읍 어음리 산68,"1,797,565,000","1,258,296,000",낙찰,"1,260,000,000",70.1%,2024-11-12,2024_4Q,3
제주 8계 2024-20968(3),전,전,전,제주,서귀포시,제주 서귀포시 성산읍 온평리 159,"562,041,000","393,429,000",낙찰,"530,999,999",94.5%,2024-11-12,2024_4Q,3
제주 8계 2024-20968(6),답,답,답,제주,서귀포시,제주 서귀포시 하예동 610,"395,112,000","193,605,000",낙찰,"211,100,000",53.4%,2024-12-17,2024_4Q,3
제주 8계 2024-20968(7),오피스텔,오피스텔,오피스텔(업무용),제주,제주시,제주 제주시 영평동 2169-3 엠제이벤처오름 5층 513호,"299,000,000","146,510,000",낙찰,"203,000,000",67.9%,2024-12-17,2024_4Q,3
제주 4계 2024-21015,숙박시설,숙박시설,숙박시설,제주,서귀포시,제주 서귀포시 성산읍 고성리 298-5 제주성산라마다앙코르호텔 8층 911호,"160,000,000","26,891,000",낙찰,"38,400,000",24.0%,2024-12-10,2024_4Q,3
제주 4계 2024-21084,임야,임야,임야,제주,서귀포시,제주 서귀포시 동홍동 1916,"3,022,362,000","1,036,670,000",낙찰,"1,480,000,000",49.0%,2024-10-02,2024_4Q,3
제주 5계 2024-21176,차량,기타토지,기타토지,제주,제주시,제주 제주시 애월읍 광령리 509-2 ㈜세경내 보관,"15,000,000","15,000,000",낙찰,"15,100,000",100.7%,2024-07-23,2024_3Q,3
제주 1계 2024-21299,단독주택,단독,단독주택,제주,제주시,제주 제주시 애월읍 장전리 1393-15,"707,428,500","495,200,000",낙찰,"500,000,000",70.7%,2024-09-03,2024_3Q,3
제주 5계 2024-21411,단독주택,단독,단독주택,제주,제주시,제주 제주시 애월읍 애월리 1552,"148,586,000","50,965,000",낙찰,"65,196,000",43.9%,2024-12-17,2024_4Q,3
제주 1계 2024-21459(2),과수원,과수원,과수원,제주,서귀포시,제주 서귀포시 남원읍 의귀리 1268,"2,033,610,000","697,528,000",낙찰,"766,389,000",37.7%,2024-10-15,2024_4Q,3
제주 8계 2024-21527,점포,근린상가,점포상가,제주,제주시,제주 제주시 일도이동 1034-16,"282,322,520","197,626,000",낙찰,"248,762,600",88.1%,2024-12-17,2024_4Q,3
제주 5계 2024-21657,아파트상가,아파트상가,근린상가,제주,제주시,제주 제주시 아라일동 6121 아라아이파크 상가동 1층 109호,"308,000,000","215,600,000",낙찰,"250,000,000",81.2%,2024-10-08,2024_4Q,3
제주 4계 2024-21732,임야,임야,임야,제주,서귀포시,제주 서귀포시 대정읍 가파리 399,"26,730,000","18,711,000",낙찰,"38,210,000",142.9%,2024-07-16,2024_3Q,3
제주 5계 2024-21831,다세대,다세대주택,다세대,제주,제주시,제주 제주시 용담이동 2767 아너스빌 101동 4층 501호,"263,000,000","184,100,000",낙찰,"197,000,000",74.9%,2024-07-23,2024_3Q,3
제주 2계 2024-21947,차량,기타토지,기타토지,제주,제주시,제주 제주시 용담삼동 1274-1 제3자현대물품보관소내 보관,"7,000,000","4,900,000",낙찰,"5,390,000",77.0%,2024-08-06,2024_3Q,3
제주 4계 2024-21961,임야,임야,임야,제주,서귀포시,제주 서귀포시 안덕면 동광리 984-1,"1,458,279,000","500,190,000",낙찰,"724,777,000",49.7%,2024-11-05,2024_4Q,3
제주 5계 2024-21978,차량,기타토지,기타토지,제주,제주시,제주 제주시 용담삼동 1274-1 현대물품보관소(주)내 보관,"8,300,000","5,810,000",낙찰,"6,712,000",80.9%,2024-08-27,2024_3Q,3
제주 6계 2024-22155,차량,기타토지,기타토지,제주,제주시,제주 제주시 용담삼동 1274-1 현대물품보관소(주)내 보관,"9,000,000","6,300,000",낙찰,"6,300,000",70.0%,2024-07-16,2024_3Q,3
제주 4계 2024-22346,과수원,과수원,과수원,제주,제주시,제주 제주시 애월읍 장전리 442-1,"1,476,036,000","506,281,000",낙찰,"601,100,000",40.7%,2024-10-02,2024_4Q,3
제주 5계 2024-22353,과수원,과수원,과수원,제주,제주시,제주 제주시 애월읍 장전리 580,"1,566,854,000","537,431,000",낙찰,"632,000,000",40.3%,2024-10-08,2024_4Q,3
제주 2계 2024-22438,전,전,전,제주,서귀포시,제주 서귀포시 성산읍 시흥리 1528,"87,480,000","30,006,000",낙찰,"36,600,000",41.8%,2024-10-22,2024_4Q,3
제주 8계 2024-22568,목장용지,기타토지,목장용지,제주,제주시,제주 제주시 조천읍 교래리 산11-13,"819,180,000","401,398,000",낙찰,"450,000,000",54.9%,2024-12-17,2024_4Q,3
제주 1계 2024-22575,과수원,과수원,과수원,제주,서귀포시,제주 서귀포시 동홍동 1016,"365,885,000","125,499,000",낙찰,"127,770,000",34.9%,2024-11-19,2024_4Q,3
제주 5계 2024-22612(1),다세대,다세대주택,다세대,제주,서귀포시,제주 서귀포시 토평동 3084 파우제인제주마운틴블록 107동 1층 102호,"60,000,000","29,400,000",낙찰,"43,100,000",71.8%,2024-08-27,2024_3Q,3
제주 5계 2024-22612(2),다세대,다세대주택,다세대,제주,서귀포시,제주 서귀포시 토평동 3083-1 파우제인제주오션블록 204동 1층 104호,"132,000,000","64,680,000",낙찰,"92,700,000",70.2%,2024-08-27,2024_3Q,3
제주 5계 2024-22612(3),다세대,다세대주택,다세대,제주,서귀포시,제주 서귀포시 토평동 3083-1 파우제인제주오션블록 207동 2층 201호,"139,000,000","68,110,000",낙찰,"88,299,990",63.5%,2024-10-08,2024_4Q,3
제주 5계 2024-22612(4),다세대,다세대주택,다세대,제주,서귀포시,제주 서귀포시 토평동 3083-1 파우제인제주오션블록 208동 2층 201호,"138,000,000","67,620,000",낙찰,"76,500,000",55.4%,2024-08-27,2024_3Q,3
제주 5계 2024-22612(5),다세대,다세대주택,다세대,제주,서귀포시,제주 서귀포시 토평동 3083-1 파우제인제주오션블록 208동 3층 301호,"138,000,000","67,620,000",낙찰,"99,999,000",72.5%,2024-08-27,2024_3Q,3
제주 4계 2024-22681,숙박시설,숙박시설,숙박시설,제주,서귀포시,제주 서귀포시 안덕면 사계리 724 B동,"4,383,794,980","2,148,059,000",낙찰,"2,366,666,666",54.0%,2024-10-02,2024_4Q,3
제주 5계 2024-22698(1),전,전,전,제주,제주시,제주 제주시 한림읍 대림리 1947,"60,696,000","20,819,000",낙찰,"25,003,000",41.2%,2024-11-12,2024_4Q,3
제주 5계 2024-22698(2),전,전,전,제주,제주시,제주 제주시 한림읍 상대리 1769,"57,460,000","19,709,000",낙찰,"23,110,000",40.2%,2024-11-12,2024_4Q,3
제주 1계 2024-22735,단독주택,단독,단독주택,제주,제주시,제주 제주시 해안동 1366-11 하이어스해안 103동호,"799,815,000","559,871,000",낙찰,"560,119,900",70.0%,2024-09-03,2024_3Q,3
제주 1계 2024-22810,아파트,아파트,아파트,제주,제주시,제주 제주시 노형동 754-4 부영 206동 1층 104호,"308,000,000","215,600,000",낙찰,"281,400,000",91.4%,2024-11-19,2024_4Q,3
제주 5계 2024-22872,차량,기타토지,기타토지,제주,제주시,제주 제주시 용담삼동 1274-1 현대물품보관소(주)내 보관,"14,000,000","9,800,000",낙찰,"10,555,000",75.4%,2024-07-23,2024_3Q,3
제주 4계 2024-22933,차량,기타토지,기타토지,제주,제주시,제주 제주시 용담삼동 1274-1 제3자 현대물품보관소(주)에게 보관,"27,000,000","13,230,000",낙찰,"15,000,000",55.6%,2024-10-02,2024_4Q,3
제주 6계 2024-22964,차량,기타토지,기타토지,제주,제주시,제주 제주시 용담삼동 1274-1 현대물품보관소(주)내 보관,"27,000,000","13,230,000",낙찰,"15,150,000",56.1%,2024-11-05,2024_4Q,3
제주 4계 2024-23097,대지,나대지,나대지,제주,서귀포시,제주 서귀포시 대정읍 상모리 4083-3,"44,186,000","30,930,000",낙찰,"37,000,000",83.7%,2024-08-20,2024_3Q,3
제주 8계 2024-23134,차량,기타토지,기타토지,제주,제주시,제주 제주시 용담삼동 1274-1 현대물품보관소(주)내 보관,"9,000,000","4,410,000",낙찰,"4,668,800",51.9%,2024-08-27,2024_3Q,3
제주 1계 2024-23141,연립,연립주택,연립·빌라,제주,제주시,제주 제주시 이호이동 1-2 연리재 1층 101호,"200,000,000","98,000,000",낙찰,"161,310,000",80.7%,2024-10-15,2024_4Q,3
제주 1계 2024-23240,단독주택,단독,단독주택,제주,제주시,"제주 제주시 한경면 저지리 1889 ,1825-1 106동","393,115,600","192,627,000",낙찰,"230,119,640",58.5%,2024-10-15,2024_4Q,3
제주 5계 2024-23257,임야,임야,임야,제주,제주시,제주 제주시 구좌읍 김녕리 산31,"76,882,000","18,459,000",낙찰,"22,475,000",29.2%,2024-12-17,2024_4Q,3
제주 5계 2024-23349,차량,기타토지,기타토지,제주,제주시,제주 제주시 애월읍 광령리 509-2 (주)세경내 보관,"10,500,000","7,350,000",낙찰,"7,800,000",74.3%,2024-10-08,2024_4Q,3
제주 6계 2024-23356,선박,기타토지,기타토지,제주,제주시,제주 제주시 한림읍 한림리 1377-45 한림항내 정박,"2,319,704,000","1,136,655,000",낙찰,"1,210,000,000",52.2%,2024-11-05,2024_4Q,3
제주 2계 2024-23400,차량,기타토지,기타토지,제주,제주시,제주 제주시 용담삼동 1274-1 제3자현대물품보관소내 보관,"40,000,000","19,600,000",낙찰,"23,590,000",59.0%,2024-09-10,2024_3Q,3
제주 5계 2024-23431,단독주택,단독,단독주택,제주,제주시,제주 제주시 삼도이동 1123-1,"503,656,750","172,754,000",낙찰,"253,410,000",50.3%,2024-12-17,2024_4Q,3
제주 5계 2024-23523,단독주택,단독,단독주택,제주,제주시,제주 제주시 삼도일동 580-73,"44,639,770","21,874,000",낙찰,"28,000,000",62.7%,2024-11-12,2024_4Q,3
제주 1계 2024-23615,임야,임야,임야,제주,서귀포시,제주 서귀포시 표선면 하천리 1780,"177,540,000","124,278,000",낙찰,"136,000,000",76.6%,2024-09-03,2024_3Q,3
제주 1계 2024-23776,임야,임야,임야,제주,서귀포시,제주 서귀포시 성산읍 고성리 2689,"397,072,000","194,565,000",낙찰,"232,110,000",58.5%,2024-11-19,2024_4Q,3
제주 4계 2024-24038,차량,기타토지,기타토지,제주,제주시,제주 제주시 용담삼동 1274-1 현대물품보관소(주) 보관,"30,000,000","21,000,000",낙찰,"29,510,000",98.4%,2024-11-05,2024_4Q,3
제주 4계 2024-24113,연립,연립주택,연립·빌라,제주,서귀포시,제주 서귀포시 법환동 212 디자인뷰 106동 4층 402호,"391,000,000","191,590,000",낙찰,"223,070,000",57.1%,2024-11-05,2024_4Q,3
제주 5계 2024-24182,연립,연립주택,연립·빌라,제주,서귀포시,제주 서귀포시 호근동 1773 엔알노블레스 3층 402호,"247,000,000","172,900,000",낙찰,"190,000,000",76.9%,2024-10-08,2024_4Q,3
제주 1계 2024-24328,차량,기타토지,기타토지,제주,제주시,제주 제주시 애월읍 광령리 509-2 (주)세경에서 보관,"8,500,000","5,950,000",낙찰,"7,210,000",84.8%,2024-09-03,2024_3Q,3
제주 8계 2024-24397,차량,기타토지,기타토지,제주,제주시,제주 제주시 애월읍 광령리 509-2 (주)세경내 보관,"12,000,000","8,400,000",낙찰,"8,500,000",70.8%,2024-08-27,2024_3Q,3
제주 3계 2024-24427,차량,기타토지,기타토지,제주,제주시,제주 제주시 애월읍 광령리 509-2 제3자(주)세경내 보관,"21,000,000","14,700,000",낙찰,"19,000,000",90.5%,2024-10-29,2024_4Q,3
제주 4계 2024-24434,연립,연립주택,연립·빌라,제주,서귀포시,제주 서귀포시 강정동 5670 서귀포강정코아루2차 101동 2층 201호,"347,000,000","242,900,000",낙찰,"261,569,999",75.4%,2024-10-02,2024_4Q,3
제주 5계 2024-24441,전,전,전,제주,서귀포시,제주 서귀포시 성산읍 신풍리 545,"573,264,000","196,630,000",낙찰,"196,630,000",34.3%,2024-12-17,2024_4Q,3
제주 6계 2024-24526,차량,기타토지,기타토지,제주,제주시,제주 제주시 용담삼동 1274-1 현대물품보관소(주)내 보관,"15,000,000","10,500,000",낙찰,"13,550,000",90.3%,2024-10-02,2024_4Q,3
제주 4계 2024-24588,전,전,전,제주,서귀포시,제주 서귀포시 안덕면 동광리 1082-3,"511,588,000","175,475,000",낙찰,"221,000,000",43.2%,2024-12-10,2024_4Q,3
제주 5계 2024-24755,목장용지,기타토지,목장용지,제주,제주시,제주 제주시 구좌읍 덕천리 산11-3,"1,817,295,000","623,333,000",낙찰,"751,751,000",41.4%,2024-12-17,2024_4Q,3
제주 4계 2024-24908,주상복합(주거),기타토지,기타토지,제주,제주시,"제주 제주시 일도이동 371-2 ,371-12,371-13,371-14 일도월드하우스 9층 904호","280,000,000","196,000,000",낙찰,"255,000,000",91.1%,2024-10-02,2024_4Q,3
제주 5계 2024-24915,단독주택,단독,단독주택,제주,제주시,제주 제주시 용담일동 246-12,"1,175,928,560","576,205,000",낙찰,"777,700,000",66.1%,2024-11-12,2024_4Q,3
제주 5계 2024-24991,과수원,과수원,과수원,제주,서귀포시,제주 서귀포시 대포동 1036-3,"721,650,000","353,609,000",낙찰,"362,000,000",50.2%,2024-12-17,2024_4Q,3
제주 8계 2024-25093(1),도로,기타토지,기타토지,제주,서귀포시,제주 서귀포시 대정읍 상모리 141-3,"29,728,310","20,810,000",낙찰,"26,350,000",88.6%,2024-12-17,2024_4Q,3
제주 8계 2024-25093(2),도로,기타토지,기타토지,제주,서귀포시,제주 서귀포시 대정읍 상모리 2061-2,"9,269,000","6,488,000",낙찰,"7,350,000",79.3%,2024-12-17,2024_4Q,3
제주 4계 2024-25154,주상복합(주거),기타토지,기타토지,제주,제주시,제주 제주시 이도일동 1708-4 극동오벨리스크3차 3층 303호,"300,000,000","210,000,000",낙찰,"280,000,000",93.3%,2024-10-02,2024_4Q,3
제주 4계 2024-25239,묘지,기타토지,기타토지,제주,서귀포시,제주 서귀포시 토평동 2554-1,"212,171,000","212,171,000",낙찰,"272,000,000",128.2%,2024-10-02,2024_4Q,3
제주 4계 2024-25314(1),아파트,아파트,아파트,제주,제주시,제주 제주시 연동 292-4 연동휴레스트2차 6층 701호,"172,000,000","84,280,000",낙찰,"118,251,025",68.8%,2024-12-10,2024_4Q,3
제주 4계 2024-25314(2),아파트,아파트,아파트,제주,제주시,제주 제주시 연동 292-4 연동휴레스트2차 6층 702호,"172,000,000","84,280,000",낙찰,"96,111,000",55.9%,2024-12-10,2024_4Q,3
제주 4계 2024-25314(3),아파트,아파트,아파트,제주,제주시,제주 제주시 연동 292-4 연동휴레스트2차 7층 801호,"172,000,000","84,280,000",낙찰,"105,600,000",61.4%,2024-12-10,2024_4Q,3
제주 4계 2024-25314(4),아파트,아파트,아파트,제주,제주시,제주 제주시 연동 292-4 연동휴레스트2차 7층 802호,"172,000,000","120,400,000",낙찰,"141,737,500",82.4%,2024-11-05,2024_4Q,3
제주 4계 2024-25314(5),아파트,아파트,아파트,제주,제주시,제주 제주시 연동 292-4 연동휴레스트2차 8층 901호,"172,000,000","84,280,000",낙찰,"124,400,000",72.3%,2024-12-10,2024_4Q,3
제주 4계 2024-25314(6),아파트,아파트,아파트,제주,제주시,제주 제주시 연동 292-4 연동휴레스트2차 9층 1001호,"172,000,000","120,400,000",낙찰,"125,000,000",72.7%,2024-11-05,2024_4Q,3
제주 5계 2024-25468,오피스텔(주거),오피스텔,오피스텔(업무용),제주,서귀포시,제주 서귀포시 법환동 745-7 제이에스라메르1차 2층 214호,"105,000,000","36,015,000",낙찰,"49,500,000",47.1%,2024-12-17,2024_4Q,3
제주 4계 2024-25529,임야,임야,임야,제주,제주시,제주 제주시 한림읍 월령리 520-5,"11,607,000","11,607,000",낙찰,"12,777,000",110.1%,2024-10-02,2024_4Q,3
제주 5계 2024-25536(1),임야,임야,임야,제주,제주시,제주 제주시 한림읍 월령리 520-17,"5,696,000","3,987,000",낙찰,"3,987,000",70.0%,2024-11-12,2024_4Q,3
제주 5계 2024-25536(2),임야,임야,임야,제주,제주시,제주 제주시 한림읍 월령리 520-21,"80,602,000","56,421,000",낙찰,"62,711,400",77.8%,2024-11-12,2024_4Q,3
제주 4계 2024-25666,임야,임야,임야,제주,제주시,제주 제주시 애월읍 하가리 1287-1,"682,032,000","233,937,000",낙찰,"234,000,000",34.3%,2024-12-10,2024_4Q,3
제주 5계 2024-25673,차량,기타토지,기타토지,제주,제주시,제주 제주시 용담삼동 1274-1 현대물품보관소(주)내 보관,"4,500,000","3,150,000",낙찰,"3,568,000",79.3%,2024-10-08,2024_4Q,3
제주 8계 2024-25840,차량,기타토지,기타토지,제주,제주시,제주 제주시 용담삼동 1274-1 현대물품보관소(주)내 보관,"12,000,000","8,400,000",낙찰,"9,100,000",75.8%,2024-08-27,2024_3Q,3
제주 1계 2024-26188,차량,기타토지,기타토지,제주,제주시,제주 제주시 용담삼동 1274-1 현대물품보관소(주)에서 보관,"10,000,000","10,000,000",낙찰,"10,560,000",105.6%,2024-10-15,2024_4Q,3
제주 5계 2024-26317,연립,연립주택,연립·빌라,제주,서귀포시,제주 서귀포시 남원읍 남원리 1352 디자인타운 3층 308호,"342,000,000","167,580,000",낙찰,"175,000,000",51.2%,2024-11-12,2024_4Q,3
제주 5계 2024-26898,임야,임야,임야,제주,제주시,제주 제주시 한림읍 금능리 862,"27,301,000","27,301,000",낙찰,"28,170,000",103.2%,2024-11-12,2024_4Q,3
제주 5계 2024-27105,아파트,아파트,아파트,제주,서귀포시,제주 서귀포시 중문동 2367-1 삼성홈스테이 6층 714호,"87,000,000","60,900,000",낙찰,"69,590,000",80.0%,2024-11-12,2024_4Q,3
제주 2계 2024-27334(1),차량,기타토지,기타토지,제주,제주시,제주 제주시 용담삼동 1274-1 제3자현대물품보관소(주)에게보관,"30,000,000","21,000,000",낙찰,"23,100,000",77.0%,2024-11-26,2024_4Q,3
제주 8계 2024-27594,차량,기타토지,기타토지,제주,제주시,제주 제주시 용담삼동 1274-1 현대물품보관소(주)내 보관,"19,500,000","13,650,000",낙찰,"16,011,000",82.1%,2024-12-17,2024_4Q,3
제주 5계 2024-27723,차량,기타토지,기타토지,제주,제주시,제주 제주시 용담삼동 1274-1 현대물품보관소내보관,"100,000,000","70,000,000",낙찰,"79,111,000",79.1%,2024-12-17,2024_4Q,3
제주 8계 2024-27839,중기,기타토지,기타토지,제주,제주시,제주 제주시 용담삼동 1274-1 현대물품보관소(주)내 보관,"20,000,000","14,000,000",낙찰,"15,650,000",78.3%,2024-12-17,2024_4Q,3
제주 4계 2024-27952(1),임야,임야,임야,제주,서귀포시,제주 서귀포시 표선면 성읍리 2930,"264,729,000","185,310,000",낙찰,"196,000,000",74.0%,2024-12-10,2024_4Q,3
제주 4계 2024-27952(2),대지,나대지,나대지,제주,서귀포시,제주 서귀포시 표선면 성읍리 2928,"346,040,000","242,228,000",낙찰,"253,000,000",73.1%,2024-12-10,2024_4Q,3
제주 4계 2024-28283,차량,기타토지,기타토지,제주,제주시,제주 제주시 애월읍 광령리 509-2 내 보관(제3자(주)세경에게보관),"33,000,000","23,100,000",낙찰,"25,789,900",78.2%,2024-12-10,2024_4Q,3
제주 4계 2024-28443,아파트,아파트,아파트,제주,제주시,제주 제주시 애월읍 하귀1리 527-1 서진비치빌리지 1층 101호,"150,000,000","105,000,000",낙찰,"110,000,000",73.3%,2024-12-10,2024_4Q,3
제주 5계 2024-28696,차량,기타토지,기타토지,제주,제주시,제주 제주시 용담삼동 1274-1 현대물품보관소내보관,"19,000,000","13,300,000",낙찰,"15,867,000",83.5%,2024-12-17,2024_4Q,3
제주 7계 2024-29859,차량,기타토지,기타토지,제주,제주시,제주 제주시 용담삼동 1274-1 현대물품보관소(주)내 보관,"10,000,000","7,000,000",낙찰,"7,310,000",73.1%,2024-12-03,2024_4Q,3
제주 5계 2024-30217,숙박시설,숙박시설,숙박시설,제주,서귀포시,제주 서귀포시 서귀동 255-1 호텔골든데이지서귀포오션 13층 1326호,"76,000,000","76,000,000",낙찰,"80,000,020",105.3%,2024-12-17,2024_4Q,3
제주 6계 2024-30293,차량,기타토지,기타토지,제주,제주시,제주 제주시 용담삼동 1274-1 현대물품보관소내 보관,"130,000,000","91,000,000",낙찰,"106,200,000",81.7%,2024-12-10,2024_4Q,3
제주 4계 2024-30361,아파트,아파트,아파트,제주,제주시,"제주 제주시 연동 261-44 ,262-20 제원 마동 2층 208호","169,000,000","169,000,000",낙찰,"169,000,000",100.0%,2024-12-10,2024_4Q,3
제주 8계 2024-30767,차량,기타토지,기타토지,제주,제주시,제주 제주시 용담삼동 1274-1 현대물품보관소(주)내 보관,"9,000,000","6,300,000",낙찰,"7,511,000",83.5%,2024-12-17,2024_4Q,3
제주 5계 2024-31197,임야,임야,임야,제주,제주시,제주 제주시 아라일동 371-2,"75,700,000","75,700,000",낙찰,"81,000,000",107.0%,2024-12-17,2024_4Q,3
제주 2계 2018-7360(2),임야,임야,임야,제주,서귀포시,제주 서귀포시 표선면 표선리 1939,"636,672,000","107,006,000",낙찰,"110,880,000",17.4%,2025-01-14,2025_1Q,3
제주 6계 2020-4159,아파트,아파트,아파트,제주,서귀포시,"제주 서귀포시 남원읍 남원리 1244-11 ,1244-12,1245-5,1245-7 1층 101호","7,353,024,000","1,765,461,000",낙찰,"4,000,000,000",54.4%,2025-05-27,2025_2Q,2
제주 1계 2020-28520(2),숙박시설,숙박시설,숙박시설,제주,서귀포시,"제주 서귀포시 보목동 429 ,789-1,807-3 A동호","3,701,807,100","1,269,720,000",낙찰,"1,401,200,000",37.9%,2025-06-10,2025_2Q,2
제주 4계 2021-25030,단독주택,단독,단독주택,제주,제주시,제주 제주시 용담일동 240-1,"1,002,544,360","343,873,000",낙찰,"361,000,000",36.0%,2025-03-11,2025_1Q,3
제주 1계 2022-4627,연립,연립주택,연립·빌라,제주,제주시,제주 제주시 이도이동 1958-7 리시오빌7차 2층 201호,"304,000,000","212,800,000",낙찰,"274,500,000",90.3%,2025-01-07,2025_1Q,3
제주 2계 2022-23178,대지,나대지,나대지,제주,제주시,제주 제주시 한림읍 한림리 935-9,"52,826,000","12,684,000",낙찰,"12,798,500",24.2%,2025-01-14,2025_1Q,3
제주 3계 2022-25273,다세대,다세대주택,다세대,제주,제주시,제주 제주시 이호이동 837 세원주택 4층 502호,"117,000,000","57,330,000",낙찰,"77,777,777",66.5%,2025-01-21,2025_1Q,3
제주 6계 2022-27347,콘도,기타토지,기타토지,제주,제주시,"제주 제주시 한림읍 금악리 산32-1 ,산32-5,산32-7,산32-8,서귀포시 안덕면 광평리 산91,산92,산93 아덴힐리조트 A8809동 1,2층 에이102호","2,990,000,000","502,529,000",낙찰,"602,000,000",20.1%,2025-05-27,2025_2Q,2
제주 2계 2022-27842,전,전,전,제주,서귀포시,제주 서귀포시 강정동 5441-2,"769,419,000","129,317,000",낙찰,"135,000,000",17.5%,2025-02-25,2025_1Q,3
제주 8계 2022-28289(2),전,전,전,제주,서귀포시,제주 서귀포시 호근동 808,"4,242,782,000","713,084,000",낙찰,"902,345,000",21.3%,2025-02-11,2025_1Q,3
제주 4계 2022-28999,전,전,전,제주,제주시,제주 제주시 한림읍 동명리 1099,"181,008,000","43,460,000",낙찰,"52,800,000",29.2%,2025-04-15,2025_2Q,2
제주 8계 2023-2963,다세대,다세대주택,다세대,제주,제주시,"제주 제주시 용담일동 3 ,4,6-3,6-5,6-11,7,379-2 EL MAR HILL 2동 2층 201호","13,299,000,000","3,193,090,000",낙찰,"3,200,000,000",24.1%,2025-02-11,2025_1Q,3
제주 4계 2023-3089,단독주택,단독,단독주택,제주,서귀포시,제주 서귀포시 표선면 성읍리 418-6,"3,390,489,940","1,162,938,000",낙찰,"1,328,000,000",39.2%,2025-05-27,2025_2Q,2
제주 8계 2023-4006,숙박시설,숙박시설,숙박시설,제주,서귀포시,"제주 서귀포시 성산읍 고성리 1201 ,1202,1203,1204-5,1204-7,282 디아일랜드마리나호텔 4층 532호","120,000,000","9,883,000",낙찰,"11,550,000",9.6%,2025-04-22,2025_2Q,2
제주 4계 2023-5061(1),다세대,다세대주택,다세대,제주,제주시,제주 제주시 영평동 2493-20 영평노브힐하우스 C동 2층 202호,"275,000,000","192,500,000",낙찰,"221,600,000",80.6%,2025-02-04,2025_1Q,3
제주 4계 2023-5061(2),연립,연립주택,연립·빌라,제주,제주시,제주 제주시 영평동 2470-1 더하스빌 101동 2층 202호,"251,000,000","175,700,000",낙찰,"211,100,000",84.1%,2025-02-04,2025_1Q,3
제주 7계 2023-5238,단독주택,단독,단독주택,제주,제주시,"제주 제주시 애월읍 납읍리 686-2 ,산66-1 1동호","2,474,480,610","1,732,136,000",낙찰,"2,180,000,000",88.1%,2025-05-20,2025_2Q,2
제주 7계 2023-5658,임야,임야,임야,제주,제주시,제주 제주시 구좌읍 상도리 산178-5,"1,083,642,000","260,182,000",낙찰,"260,200,000",24.0%,2025-04-08,2025_2Q,2
제주 1계 2023-5757,공장,공장(지식산업센터 업무시설),공장,제주,제주시,제주 제주시 영평동 896-5 1동,"5,161,419,580","3,612,994,000",낙찰,"3,631,000,000",70.3%,2025-01-07,2025_1Q,3
제주 7계 2023-5825,전,전,전,제주,제주시,제주 제주시 애월읍 장전리 640-5,"182,911,000","62,739,000",낙찰,"69,777,000",38.1%,2025-04-08,2025_2Q,2
제주 7계 2023-6439,임야,임야,임야,제주,제주시,제주 제주시 조천읍 대흘리 산20-28,"309,348,000","51,993,000",낙찰,"72,001,000",23.3%,2025-06-24,2025_2Q,2
제주 5계 2023-7081,단독주택,단독,단독주택,제주,제주시,"제주 제주시 애월읍 유수암리 2151-23 ,2151-21,2151-22,2163-15,2163-16 B동","1,708,067,500","287,075,000",낙찰,"301,330,000",17.6%,2025-06-04,2025_2Q,2
제주 7계 2023-7241(1),연립,연립주택,연립·빌라,제주,서귀포시,제주 서귀포시 대정읍 보성리 2548 에듀골드힐더클래식 101동 2층 207호,"111,000,000","38,073,000",낙찰,"43,550,000",39.2%,2025-05-20,2025_2Q,2
제주 7계 2023-7241(2),연립,연립주택,연립·빌라,제주,서귀포시,제주 서귀포시 대정읍 보성리 2548 에듀골드힐더클래식 101동 3층 306호,"112,000,000","38,416,000",낙찰,"46,260,000",41.3%,2025-05-20,2025_2Q,2
제주 7계 2023-7241(3),연립,연립주택,연립·빌라,제주,서귀포시,제주 서귀포시 대정읍 보성리 2548 에듀골드힐더클래식 101동 3층 307호,"112,000,000","38,416,000",낙찰,"55,110,000",49.2%,2025-05-20,2025_2Q,2
제주 7계 2023-7241(4),연립,연립주택,연립·빌라,제주,서귀포시,제주 서귀포시 대정읍 보성리 2548 에듀골드힐더클래식 101동 4층 406호,"113,000,000","38,759,000",낙찰,"56,580,000",50.1%,2025-05-20,2025_2Q,2
제주 7계 2023-7241(5),연립,연립주택,연립·빌라,제주,서귀포시,제주 서귀포시 대정읍 보성리 2548 에듀골드힐더클래식 101동 4층 407호,"113,000,000","55,370,000",낙찰,"59,999,999",53.1%,2025-06-24,2025_2Q,2
제주 7계 2023-7241(6),연립,연립주택,연립·빌라,제주,서귀포시,제주 서귀포시 대정읍 보성리 2548 에듀골드힐더클래식 102동 1층 103호,"110,000,000","37,730,000",낙찰,"41,511,000",37.7%,2025-05-20,2025_2Q,2
제주 7계 2023-7241(7),연립,연립주택,연립·빌라,제주,서귀포시,제주 서귀포시 대정읍 보성리 2548 에듀골드힐더클래식 102동 1층 104호,"110,000,000","37,730,000",낙찰,"41,600,000",37.8%,2025-05-20,2025_2Q,2
제주 7계 2023-7241(8),연립,연립주택,연립·빌라,제주,서귀포시,제주 서귀포시 대정읍 보성리 2548 에듀골드힐더클래식 102동 2층 203호,"111,000,000","38,073,000",낙찰,"42,001,000",37.8%,2025-05-20,2025_2Q,2
제주 7계 2023-7241(9),연립,연립주택,연립·빌라,제주,서귀포시,제주 서귀포시 대정읍 보성리 2548 에듀골드힐더클래식 102동 2층 204호,"111,000,000","38,073,000",낙찰,"41,501,000",37.4%,2025-05-20,2025_2Q,2
제주 7계 2023-7241(10),연립,연립주택,연립·빌라,제주,서귀포시,제주 서귀포시 대정읍 보성리 2548 에듀골드힐더클래식 102동 3층 303호,"112,000,000","38,416,000",낙찰,"53,272,700",47.6%,2025-05-20,2025_2Q,2
제주 7계 2023-7241(11),연립,연립주택,연립·빌라,제주,서귀포시,제주 서귀포시 대정읍 보성리 2548 에듀골드힐더클래식 102동 3층 304호,"112,000,000","38,416,000",낙찰,"57,680,000",51.5%,2025-05-20,2025_2Q,2
제주 7계 2023-7241(12),연립,연립주택,연립·빌라,제주,서귀포시,제주 서귀포시 대정읍 보성리 2548 에듀골드힐더클래식 102동 4층 401호,"241,000,000","118,090,000",낙찰,"138,900,000",57.6%,2025-04-08,2025_2Q,2
제주 7계 2023-7241(15),연립,연립주택,연립·빌라,제주,서귀포시,제주 서귀포시 대정읍 보성리 2548 에듀골드힐더클래식 102동 4층 404호,"113,000,000","38,759,000",낙찰,"63,840,100",56.5%,2025-05-20,2025_2Q,2
제주 7계 2023-7241(16),연립,연립주택,연립·빌라,제주,서귀포시,제주 서귀포시 대정읍 보성리 2548 에듀골드힐더클래식 103동 2층 204호,"111,000,000","38,073,000",낙찰,"46,800,000",42.2%,2025-05-20,2025_2Q,2
제주 7계 2023-7241(17),연립,연립주택,연립·빌라,제주,서귀포시,제주 서귀포시 대정읍 보성리 2548 에듀골드힐더클래식 103동 2층 205호,"111,000,000","38,073,000",낙찰,"43,300,000",39.0%,2025-05-20,2025_2Q,2
제주 7계 2023-7241(18),연립,연립주택,연립·빌라,제주,서귀포시,제주 서귀포시 대정읍 보성리 2548 에듀골드힐더클래식 103동 3층 304호,"112,000,000","38,416,000",낙찰,"52,377,770",46.8%,2025-05-20,2025_2Q,2
제주 7계 2023-7241(19),연립,연립주택,연립·빌라,제주,서귀포시,제주 서귀포시 대정읍 보성리 2548 에듀골드힐더클래식 103동 3층 305호,"112,000,000","38,416,000",낙찰,"52,600,000",47.0%,2025-05-20,2025_2Q,2
제주 7계 2023-7241(20),연립,연립주택,연립·빌라,제주,서귀포시,제주 서귀포시 대정읍 보성리 2548 에듀골드힐더클래식 103동 4층 405호,"113,000,000","38,759,000",낙찰,"45,333,333",40.1%,2025-05-20,2025_2Q,2
제주 2계 2023-7357,전,전,전,제주,서귀포시,제주 서귀포시 강정동 543,"149,940,000","104,958,000",낙찰,"111,200,000",74.2%,2025-02-25,2025_1Q,3
제주 4계 2023-7494(1),임야,임야,임야,제주,제주시,제주 제주시 구좌읍 상도리 산178,"407,660,000","97,879,000",낙찰,"116,005,970",28.5%,2025-03-11,2025_1Q,3
제주 4계 2023-7494(2),임야,임야,임야,제주,제주시,제주 제주시 구좌읍 상도리 산156,"1,298,571,000","218,251,000",낙찰,"235,600,000",18.1%,2025-04-15,2025_2Q,2
제주 4계 2023-7494(3),전,전,전,제주,서귀포시,제주 서귀포시 성산읍 온평리 1753-2,"960,042,000","329,294,000",낙찰,"477,899,000",49.8%,2025-03-11,2025_1Q,3
제주 4계 2023-7494(4),임야,임야,임야,제주,서귀포시,제주 서귀포시 성산읍 온평리 1741-10,"1,477,639,000","724,043,000",낙찰,"800,000,000",54.1%,2025-02-04,2025_1Q,3
제주 6계 2023-8657,단독주택,단독,단독주택,제주,제주시,제주 제주시 구좌읍 동복리 611 가동,"6,011,762,600","2,062,035,000",낙찰,"2,310,000,000",38.4%,2025-03-11,2025_1Q,3
제주 2계 2023-9100(3),임야,임야,임야,제주,제주시,제주 제주시 조천읍 와흘리 산17-3,"287,298,000","201,109,000",낙찰,"201,110,000",70.0%,2025-01-14,2025_1Q,3
제주 2계 2023-9438,전,전,전,제주,제주시,제주 제주시 한림읍 한림리 935-1,"1,510,353,000","518,051,000",낙찰,"649,451,800",43.0%,2025-01-14,2025_1Q,3
제주 8계 2023-9629(1),숙박시설,숙박시설,숙박시설,제주,제주시,제주 제주시 노형동 930-5 호텔위드제주 6층 613호,"161,000,000","38,656,000",낙찰,"40,110,000",24.9%,2025-04-22,2025_2Q,2
제주 8계 2023-9629(2),숙박시설,숙박시설,숙박시설,제주,제주시,제주 제주시 노형동 930-5 호텔위드제주 8층 805호,"185,000,000","44,419,000",낙찰,"45,160,000",24.4%,2025-04-22,2025_2Q,2
제주 4계 2023-9797(2),단독주택,단독,단독주택,제주,제주시,제주 제주시 회천동 1784-7,"819,862,000","281,212,000",낙찰,"423,100,000",51.6%,2025-05-27,2025_2Q,2
제주 4계 2023-9797(3),단독주택,단독,단독주택,제주,제주시,제주 제주시 회천동 1795-1,"834,657,280","408,982,000",낙찰,"492,000,000",58.9%,2025-04-15,2025_2Q,2
제주 4계 2023-9797(4),단독주택,단독,단독주택,제주,제주시,"제주 제주시 회천동 1805 ,1784","829,277,280","284,442,000",낙찰,"448,380,000",54.1%,2025-05-27,2025_2Q,2
제주 3계 2023-9865(2),임야,임야,임야,제주,서귀포시,제주 서귀포시 성산읍 온평리 2003-1,"694,157,100","340,137,000",낙찰,"351,100,000",50.6%,2025-04-08,2025_2Q,2
제주 8계 2023-10032,임야,임야,임야,제주,서귀포시,제주 서귀포시 안덕면 동광리 5-79,"1,275,089,000","214,304,000",낙찰,"251,789,898",19.7%,2025-06-04,2025_2Q,2
제주 2계 2023-10551,전,전,전,제주,제주시,제주 제주시 도두이동 216,"4,323,476,000","1,482,952,000",낙찰,"1,600,000,000",37.0%,2025-02-25,2025_1Q,3
제주 2계 2023-10629,전,전,전,제주,서귀포시,제주 서귀포시 대정읍 상모리 3420,"1,310,244,000","449,414,000",낙찰,"553,300,000",42.2%,2025-05-13,2025_2Q,2
제주 9계 2023-10896,임야,임야,임야,제주,제주시,제주 제주시 애월읍 소길리 산106,"1,587,350,000","544,461,000",낙찰,"600,000,000",37.8%,2025-05-13,2025_2Q,2
제주 5계 2023-10957(1),전,전,전,제주,제주시,제주 제주시 구좌읍 월정리 396,"330,176,000","55,493,000",낙찰,"73,880,000",22.4%,2025-02-11,2025_1Q,3
제주 6계 2023-11127(2),임야,임야,임야,제주,서귀포시,제주 서귀포시 서홍동 2458-1,"19,824,000","6,800,000",낙찰,"6,801,000",34.3%,2025-03-11,2025_1Q,3
제주 1계 2023-11158,숙박시설,숙박시설,숙박시설,제주,서귀포시,제주 서귀포시 성산읍 수산리 2579,"1,655,872,140","397,575,000",낙찰,"526,000,000",31.8%,2025-02-18,2025_1Q,3
제주 3계 2023-11332,전,전,전,제주,제주시,제주 제주시 한경면 용수리 1586,"395,379,000","94,931,000",낙찰,"96,510,000",24.4%,2025-04-08,2025_2Q,2
제주 1계 2023-11394(1),임야,임야,임야,제주,서귀포시,제주 서귀포시 남원읍 수망리 980-2,"86,190,000","29,563,000",낙찰,"36,120,000",41.9%,2025-02-18,2025_1Q,3
제주 5계 2023-11684,단독주택,단독,단독주택,제주,제주시,제주 제주시 애월읍 수산리 487-1 가동호,"1,128,041,000","386,918,000",낙찰,"421,999,999",37.4%,2025-04-22,2025_2Q,2
제주 7계 2023-12533,전,전,전,제주,제주시,제주 제주시 한경면 용수리 3958-4,"138,160,000","33,172,000",낙찰,"35,100,000",25.4%,2025-01-21,2025_1Q,3
제주 3계 2023-12571,단독주택,단독,단독주택,제주,서귀포시,제주 서귀포시 남원읍 위미리 1808,"174,556,170","122,189,000",낙찰,"182,999,999",104.8%,2025-01-21,2025_1Q,3
제주 3계 2023-12656,단독주택,단독,단독주택,제주,서귀포시,제주 서귀포시 표선면 세화리 399-5,"417,664,440","204,656,000",낙찰,"238,800,000",57.2%,2025-04-08,2025_2Q,2
제주 3계 2023-12823,전,전,전,제주,제주시,제주 제주시 조천읍 북촌리 2613,"19,721,000","9,664,000",낙찰,"11,120,000",56.4%,2025-01-21,2025_1Q,3
제주 2계 2023-12885,임야,임야,임야,제주,서귀포시,제주 서귀포시 성산읍 삼달리 2228-1,"475,288,000","332,702,000",낙찰,"342,900,000",72.1%,2025-01-14,2025_1Q,3
제주 2계 2023-13048,목장용지,기타토지,목장용지,제주,제주시,제주 제주시 조천읍 선흘리 1956-2,"707,118,000","242,542,000",낙찰,"325,789,000",46.1%,2025-01-14,2025_1Q,3
제주 7계 2023-13109(2),아파트,아파트,아파트,제주,제주시,제주 제주시 연동 1964-2 대림 102동 5층 605호,"385,000,000","269,500,000",낙찰,"315,550,000",82.0%,2025-01-21,2025_1Q,3
제주 9계 2023-13116(1),임야,임야,임야,제주,서귀포시,제주 서귀포시 호근동 1040-4,"174,850,000","29,387,000",낙찰,"42,315,000",24.2%,2025-04-01,2025_2Q,2
제주 9계 2023-13116(2),전,전,전,제주,서귀포시,제주 서귀포시 대정읍 일과리 532,"208,656,000","50,098,000",낙찰,"70,100,000",33.6%,2025-02-25,2025_1Q,3
제주 1계 2023-13123(2),전,전,전,제주,제주시,제주 제주시 조천읍 함덕리 1947,"886,776,000","212,915,000",낙찰,"230,750,450",26.0%,2025-01-07,2025_1Q,3
제주 2계 2023-13130,전,전,전,제주,제주시,제주 제주시 애월읍 구엄리 1127-6,"1,143,588,000","392,251,000",낙찰,"483,700,000",42.3%,2025-04-01,2025_2Q,2
제주 5계 2023-13154,임야,임야,임야,제주,서귀포시,제주 서귀포시 토평동 산19,"1,719,549,000","842,579,000",낙찰,"890,000,000",51.8%,2025-02-11,2025_1Q,3
제주 8계 2023-13192,창고,기타건물,창고,제주,서귀포시,제주 서귀포시 성산읍 난산리 98,"1,132,207,560","554,782,000",낙찰,"650,000,000",57.4%,2025-04-22,2025_2Q,2
제주 7계 2023-22912,점포,근린상가,점포상가,제주,서귀포시,제주 서귀포시 남원읍 태흥리 80-16,"1,394,449,990","478,297,000",낙찰,"638,800,000",45.8%,2025-06-24,2025_2Q,2
제주 8계 2023-23106,임야,임야,임야,제주,서귀포시,제주 서귀포시 남원읍 수망리 산60-2,"48,152,000","5,665,000",낙찰,"5,670,000",11.8%,2025-03-18,2025_1Q,2
제주 5계 2023-23144,단독주택,단독,단독주택,제주,제주시,제주 제주시 한림읍 협재리 2011 220동,"394,917,980","276,443,000",낙찰,"281,111,000",71.2%,2025-02-11,2025_1Q,3
제주 6계 2023-25492(2),대지,나대지,나대지,제주,서귀포시,제주 서귀포시 안덕면 서광리 2068-6,"834,330,000","98,158,000",낙찰,"141,900,000",17.0%,2025-04-15,2025_2Q,2
제주 6계 2023-25492(3),도로,기타토지,기타토지,제주,서귀포시,제주 서귀포시 안덕면 서광리 2445-5,"26,052,000","3,065,000",낙찰,"3,829,000",14.7%,2025-05-27,2025_2Q,2
제주 5계 2023-26648,대지,나대지,나대지,제주,서귀포시,제주 서귀포시 표선면 토산리 450-1,"2,045,995,000","491,244,000",낙찰,"579,000,000",28.3%,2025-06-04,2025_2Q,2
제주 2계 2023-27092,전,전,전,제주,서귀포시,제주 서귀포시 대정읍 영락리 1411-1,"1,171,883,000","281,369,000",낙찰,"337,517,000",28.8%,2025-05-13,2025_2Q,2
제주 7계 2023-27238,임야,임야,임야,제주,서귀포시,제주 서귀포시 성산읍 난산리 1736,"6,186,614,000","2,122,009,000",낙찰,"3,850,000,000",62.2%,2025-06-24,2025_2Q,2
제주 8계 2023-27245(3),묘지,기타토지,기타토지,제주,제주시,제주 제주시 조천읍 선흘리 1543,"2,376,000","1,663,000",낙찰,"1,700,000",71.5%,2025-03-18,2025_1Q,2
제주 8계 2023-27245(5),묘지,기타토지,기타토지,제주,제주시,제주 제주시 조천읍 북촌리 2178,"4,240,000","4,240,000",낙찰,"4,300,000",101.4%,2025-02-11,2025_1Q,3
제주 3계 2023-27320,임야,임야,임야,제주,서귀포시,제주 서귀포시 회수동 98-6,"40,200,000","3,310,000",낙찰,"4,587,720",11.4%,2025-01-21,2025_1Q,3
제주 8계 2023-27696(1),숙박시설,숙박시설,숙박시설,제주,제주시,제주 제주시 삼도이동 228-32 아라팰리스 2층 202호,"121,000,000","29,052,000",낙찰,"35,090,000",29.0%,2025-02-11,2025_1Q,3
제주 8계 2023-27696(2),숙박시설,숙박시설,숙박시설,제주,제주시,제주 제주시 삼도이동 228-32 아라팰리스 3층 301호,"121,000,000","29,052,000",낙찰,"35,090,000",29.0%,2025-02-11,2025_1Q,3
제주 8계 2023-27696(3),숙박시설,숙박시설,숙박시설,제주,제주시,제주 제주시 삼도이동 228-32 아라팰리스 3층 304호,"137,000,000","32,894,000",낙찰,"39,730,000",29.0%,2025-02-11,2025_1Q,3
제주 8계 2023-27696(4),숙박시설,숙박시설,숙박시설,제주,제주시,제주 제주시 삼도이동 228-32 아라팰리스 4층 403호,"119,000,000","28,572,000",낙찰,"33,171,990",27.9%,2025-02-11,2025_1Q,3
제주 8계 2023-27696(5),숙박시설,숙박시설,숙박시설,제주,제주시,제주 제주시 삼도이동 228-32 아라팰리스 4층 405호,"128,000,000","30,733,000",낙찰,"35,332,990",27.6%,2025-02-11,2025_1Q,3
제주 8계 2023-27696(6),숙박시설,숙박시설,숙박시설,제주,제주시,제주 제주시 삼도이동 228-32 아라팰리스 5층 501호,"128,000,000","30,733,000",낙찰,"35,332,990",27.6%,2025-02-11,2025_1Q,3
제주 8계 2023-27696(7),숙박시설,숙박시설,숙박시설,제주,제주시,제주 제주시 삼도이동 228-32 아라팰리스 5층 502호,"130,000,000","31,213,000",낙찰,"35,812,990",27.5%,2025-02-11,2025_1Q,3
제주 8계 2023-27696(8),숙박시설,숙박시설,숙박시설,제주,제주시,제주 제주시 삼도이동 228-32 아라팰리스 6층 604호,"148,000,000","35,535,000",낙찰,"40,134,990",27.1%,2025-02-11,2025_1Q,3
제주 8계 2023-27696(9),숙박시설,숙박시설,숙박시설,제주,제주시,제주 제주시 삼도이동 228-32 아라팰리스 7층 703호,"130,000,000","31,213,000",낙찰,"35,812,990",27.5%,2025-02-11,2025_1Q,3
제주 8계 2023-27696(10),숙박시설,숙박시설,숙박시설,제주,제주시,제주 제주시 삼도이동 228-32 아라팰리스 7층 705호,"140,000,000","33,614,000",낙찰,"40,600,000",29.0%,2025-02-11,2025_1Q,3
제주 8계 2023-27696(11),숙박시설,숙박시설,숙박시설,제주,제주시,제주 제주시 삼도이동 228-32 아라팰리스 8층 803호,"132,000,000","31,693,000",낙찰,"36,292,990",27.5%,2025-02-11,2025_1Q,3
제주 8계 2023-27696(12),숙박시설,숙박시설,숙박시설,제주,제주시,제주 제주시 삼도이동 228-32 아라팰리스 8층 805호,"142,000,000","34,094,000",낙찰,"46,860,000",33.0%,2025-02-11,2025_1Q,3
제주 8계 2023-27696(13),숙박시설,숙박시설,숙박시설,제주,제주시,제주 제주시 삼도이동 228-32 아라팰리스 9층 901호,"138,000,000","33,134,000",낙찰,"40,202,000",29.1%,2025-02-11,2025_1Q,3
제주 8계 2023-27696(14),숙박시설,숙박시설,숙박시설,제주,제주시,제주 제주시 삼도이동 228-32 아라팰리스 9층 902호,"140,000,000","33,614,000",낙찰,"38,213,990",27.3%,2025-02-11,2025_1Q,3
제주 8계 2023-27696(15),숙박시설,숙박시설,숙박시설,제주,제주시,제주 제주시 삼도이동 228-32 아라팰리스 9층 905호,"145,000,000","34,815,000",낙찰,"42,050,000",29.0%,2025-02-11,2025_1Q,3
제주 8계 2023-27696(16),숙박시설,숙박시설,숙박시설,제주,제주시,제주 제주시 삼도이동 228-32 아라팰리스 10층 1004호,"159,000,000","38,176,000",낙찰,"42,775,990",26.9%,2025-02-11,2025_1Q,3
제주 2계 2023-27719(6),공원,기타건물,기타건물,제주,제주시,제주 제주시 봉개동 2751-4,"241,259,520","28,384,000",낙찰,"28,400,000",11.8%,2025-06-17,2025_2Q,2
제주 2계 2023-27719(7),유지,기타토지,기타토지,제주,제주시,제주 제주시 봉개동 2751-5,"652,425,260","37,611,000",낙찰,"41,400,000",6.3%,2025-06-17,2025_2Q,2
제주 2계 2023-27719(8),공원,기타건물,기타건물,제주,제주시,제주 제주시 봉개동 2751-6,"121,265,380","6,991,000",낙찰,"7,770,000",6.4%,2025-04-01,2025_2Q,2
제주 2계 2023-27719(9),임야,임야,임야,제주,제주시,제주 제주시 봉개동 2751-15,"252,980,100","29,763,000",낙찰,"44,440,000",17.6%,2025-01-14,2025_1Q,3
제주 2계 2023-27719(10),공원,기타건물,기타건물,제주,제주시,제주 제주시 봉개동 2752-10,"295,555,680","17,038,000",낙찰,"18,700,000",6.3%,2025-06-17,2025_2Q,2
제주 8계 2023-27856(1),단독주택,단독,단독주택,제주,제주시,"제주 제주시 해안동 1118 ,1283 109호","381,773,670","187,069,000",낙찰,"187,069,000",49.0%,2025-04-22,2025_2Q,2
제주 8계 2023-28095,전,전,전,제주,서귀포시,제주 서귀포시 색달동 1582-1,"226,419,360","110,946,000",낙찰,"110,946,000",49.0%,2025-03-18,2025_1Q,2
제주 6계 2023-28712,오피스텔(주거),오피스텔,오피스텔(업무용),제주,제주시,"제주 제주시 애월읍 하귀1리 117-1 ,117-2 제주모닝시티 4층 427호","113,000,000","18,992,000",낙찰,"19,000,000",16.8%,2025-03-11,2025_1Q,3
제주 5계 2023-29302,임야,임야,임야,제주,서귀포시,제주 서귀포시 성산읍 시흥리 1971-1,"697,596,000","341,822,000",낙찰,"352,600,000",50.5%,2025-03-18,2025_1Q,2
제주 4계 2023-29432,임야,임야,임야,제주,제주시,제주 제주시 조천읍 교래리 437-21,"38,019,000","18,629,000",낙찰,"18,629,000",49.0%,2025-05-27,2025_2Q,2
제주 6계 2023-29449(3),숙박시설,숙박시설,숙박시설,제주,서귀포시,제주 서귀포시 서귀동 255-1 호텔골든데이지서귀포오션 11층 1114호,"108,000,000","18,152,000",낙찰,"20,889,900",19.3%,2025-03-11,2025_1Q,3
제주 7계 2023-29456(1),숙박시설,숙박시설,숙박시설,제주,서귀포시,제주 서귀포시 서귀동 255-1 호텔골든데이지서귀포오션 6층 605호,"89,000,000","21,369,000",낙찰,"24,588,990",27.6%,2025-01-21,2025_1Q,3
제주 7계 2023-29456(2),숙박시설,숙박시설,숙박시설,제주,서귀포시,제주 서귀포시 서귀동 255-1 호텔골든데이지서귀포오션 6층 608호,"92,000,000","22,089,000",낙찰,"25,689,900",27.9%,2025-01-21,2025_1Q,3
제주 3계 2023-29814(1),전,전,전,제주,서귀포시,제주 서귀포시 강정동 5595,"1,959,315,000","470,432,000",낙찰,"702,010,000",35.8%,2025-03-04,2025_1Q,3
제주 3계 2023-29975,공장,공장(지식산업센터 업무시설),공장,제주,제주시,제주 제주시 화북이동 3632-2,"1,071,738,950","750,217,000",낙찰,"781,111,100",72.9%,2025-01-21,2025_1Q,3
제주 8계 2023-30029,숙박시설,숙박시설,숙박시설,제주,서귀포시,제주 서귀포시 중문동 2180 더웰테라스 6층 640호,"120,000,000","41,160,000",낙찰,"47,180,000",39.3%,2025-02-11,2025_1Q,3
제주 9계 2023-30098,대지,나대지,나대지,제주,서귀포시,제주 서귀포시 성산읍 수산리 1296-1,"650,800,000","223,224,000",낙찰,"296,700,000",45.6%,2025-02-25,2025_1Q,3
제주 8계 2023-30180,숙박시설,숙박시설,숙박시설,제주,제주시,제주 제주시 조천읍 함덕리 1269-19 골든튤립제주함덕호텔 4층 422호,"102,000,000","34,986,000",낙찰,"38,733,221",38.0%,2025-02-11,2025_1Q,3
제주 8계 2023-30432(1),전,전,전,제주,제주시,제주 제주시 한림읍 동명리 2202,"603,118,000","206,870,000",낙찰,"241,271,000",40.0%,2025-02-11,2025_1Q,3
제주 8계 2023-30432(2),과수원,과수원,과수원,제주,서귀포시,제주 서귀포시 호근동 2076-1,"274,752,000","94,240,000",낙찰,"95,110,000",34.6%,2025-02-11,2025_1Q,3
제주 6계 2023-30494(2),근린상가,근린상가,근린상가,제주,제주시,제주 제주시 연동 273-27 연동뜨레모아팰리스 3층 301호,"1,303,000,000","638,470,000",낙찰,"931,000,000",71.5%,2025-03-11,2025_1Q,3
제주 8계 2023-30517,임야,임야,임야,제주,제주시,제주 제주시 한경면 고산리 산15,"250,815,000","42,155,000",낙찰,"48,100,000",19.2%,2025-03-18,2025_1Q,2
제주 6계 2023-30579(2),전,전,전,제주,제주시,제주 제주시 한림읍 귀덕리 2756-4,"58,987,500","20,233,000",낙찰,"22,500,000",38.1%,2025-04-15,2025_2Q,2
제주 3계 2023-30616(1),전,전,전,제주,제주시,제주 제주시 한경면 용수리 70,"62,357,880","10,480,000",낙찰,"13,555,000",21.7%,2025-04-08,2025_2Q,2
제주 2계 2023-30906,임야,임야,임야,제주,서귀포시,제주 서귀포시 안덕면 동광리 345-3,"39,560,000","4,654,000",낙찰,"7,172,000",18.1%,2025-02-25,2025_1Q,3
제주 7계 2023-30968,임야,임야,임야,제주,서귀포시,제주 서귀포시 성산읍 난산리 2914,"3,256,800,000","1,117,082,000",낙찰,"1,468,868,000",45.1%,2025-05-20,2025_2Q,2
제주 2계 2023-31084(1),대지,나대지,나대지,제주,제주시,제주 제주시 봉개동 2753-1,"556,608,000","190,917,000",낙찰,"225,000,000",40.4%,2025-04-01,2025_2Q,2
제주 2계 2023-31084(2),대지,나대지,나대지,제주,제주시,제주 제주시 봉개동 2752,"578,730,000","97,268,000",낙찰,"173,000,000",29.9%,2025-06-17,2025_2Q,2
제주 2계 2023-31084(3),대지,나대지,나대지,제주,제주시,제주 제주시 봉개동 2751-9,"520,104,000","124,877,000",낙찰,"171,100,000",32.9%,2025-05-13,2025_2Q,2
제주 2계 2023-31084(4),대지,나대지,나대지,제주,제주시,제주 제주시 봉개동 2751-8,"521,040,000","178,717,000",낙찰,"178,800,000",34.3%,2025-04-01,2025_2Q,2
제주 2계 2023-31084(5),대지,나대지,나대지,제주,제주시,제주 제주시 봉개동 2752-1,"577,619,000","97,080,000",낙찰,"151,000,000",26.1%,2025-06-17,2025_2Q,2
제주 2계 2023-31084(6),대지,나대지,나대지,제주,제주시,제주 제주시 봉개동 2751-7,"575,120,000","197,266,000",낙찰,"197,277,000",34.3%,2025-04-01,2025_2Q,2
제주 7계 2023-31145(1),도로,기타토지,기타토지,제주,제주시,제주 제주시 용담삼동 515-1,"28,988,400","20,292,000",낙찰,"20,548,530",70.9%,2025-03-04,2025_1Q,3
제주 7계 2023-31145(2),도로,기타토지,기타토지,제주,제주시,제주 제주시 오라삼동 2273-9,"7,764,750","1,865,000",낙찰,"2,070,000",26.7%,2025-06-24,2025_2Q,2
제주 9계 2023-31558(1),숙박시설,숙박시설,숙박시설,제주,제주시,"제주 제주시 연동 263-2 ,263-19,263-20 제주1번가더테라스 1층 109호","871,000,000","209,127,000",낙찰,"301,650,000",34.6%,2025-05-13,2025_2Q,2
제주 9계 2023-31558(2),숙박시설,숙박시설,숙박시설,제주,제주시,"제주 제주시 연동 263-2 ,263-19,263-20 제주1번가더테라스 1층 102호","1,288,000,000","309,249,000",낙찰,"457,270,000",35.5%,2025-01-14,2025_1Q,3
제주 9계 2023-31558(3),숙박시설,숙박시설,숙박시설,제주,제주시,"제주 제주시 연동 263-2 ,263-19,263-20 제주1번가더테라스 1층 101호","2,444,000,000","410,763,000",낙찰,"477,000,000",19.5%,2025-02-25,2025_1Q,3
제주 3계 2023-31589,단독주택,단독,단독주택,제주,제주시,제주 제주시 조천읍 선흘리 1212-1 몽돌빌리지선흘 105동호,"502,522,310","246,236,000",낙찰,"281,570,000",56.0%,2025-04-08,2025_2Q,2
제주 9계 2023-31718(1),전,전,전,제주,제주시,제주 제주시 한경면 두모리 1208,"63,708,000","15,296,000",낙찰,"15,500,000",24.3%,2025-02-25,2025_1Q,3
제주 9계 2023-31718(2),대지,나대지,나대지,제주,제주시,제주 제주시 한경면 두모리 1419-1,"14,384,000","2,418,000",낙찰,"2,510,000",17.4%,2025-06-17,2025_2Q,2
제주 9계 2023-31794,점포,근린상가,점포상가,제주,제주시,"제주 제주시 추자면 대서리 230-1 ,213,230-2","36,667,200","6,163,000",낙찰,"6,521,000",17.8%,2025-06-17,2025_2Q,2
제주 6계 2023-31855,임야,임야,임야,제주,서귀포시,제주 서귀포시 안덕면 동광리 345-3,"39,560,000","4,654,000",낙찰,"7,272,000",18.4%,2025-03-11,2025_1Q,3
제주 9계 2023-31879,연립,연립주택,연립·빌라,제주,제주시,제주 제주시 조천읍 신촌리 1774 태극헤이븐 1동 4층 402호,"384,000,000","131,712,000",낙찰,"302,255,000",78.7%,2025-04-01,2025_2Q,2
제주 3계 2023-31909,과수원,과수원,과수원,제주,서귀포시,제주 서귀포시 남원읍 의귀리 139,"91,654,990","15,405,000",낙찰,"16,010,000",17.5%,2025-06-24,2025_2Q,2
제주 6계 2023-31930,전,전,전,제주,제주시,제주 제주시 애월읍 구엄리 804,"1,702,334,000","583,901,000",낙찰,"587,510,000",34.5%,2025-04-15,2025_2Q,2
제주 9계 2023-31954(1),전,전,전,제주,제주시,제주 제주시 애월읍 하귀2리 2893-3,"437,900,000","150,200,000",낙찰,"228,800,000",52.2%,2025-06-17,2025_2Q,2
제주 9계 2023-31954(2),임야,임야,임야,제주,제주시,제주 제주시 구좌읍 세화리 518,"742,446,000","254,659,000",낙찰,"262,222,000",35.3%,2025-06-17,2025_2Q,2
제주 2계 2023-31978,대지,나대지,나대지,제주,서귀포시,제주 서귀포시 성산읍 온평리 1116-2,"68,655,000","48,059,000",낙찰,"49,130,000",71.6%,2025-02-25,2025_1Q,3
제주 5계 2023-32087(1),도로,기타토지,기타토지,제주,서귀포시,제주 서귀포시 강정동 3799-2,"44,473,000","5,233,000",낙찰,"6,853,820",15.4%,2025-03-18,2025_1Q,2
제주 5계 2023-32087(2),도로,기타토지,기타토지,제주,서귀포시,제주 서귀포시 강정동 4050-6,"8,712,000","1,025,000",낙찰,"1,159,900",13.3%,2025-06-04,2025_2Q,2
제주 5계 2023-32087(3),대지,나대지,나대지,제주,서귀포시,제주 서귀포시 강정동 4050-9,"19,040,000","2,240,000",낙찰,"3,188,820",16.7%,2025-03-18,2025_1Q,2
제주 3계 2024-18,과수원,과수원,과수원,제주,제주시,제주 제주시 회천동 1665-9,"104,636,000","51,272,000",낙찰,"57,570,000",55.0%,2025-03-04,2025_1Q,3
제주 9계 2024-63,임야,임야,임야,제주,제주시,제주 제주시 한경면 낙천리 361-1,"133,518,000","15,709,000",낙찰,"17,700,000",13.3%,2025-05-13,2025_2Q,2
제주 3계 2024-117(1),오피스텔(상가),근린상가,오피스텔(업무용),제주,제주시,"제주 제주시 연동 2331-7 ,2331-8 진호뉴캐슬 4층 404호","219,000,000","107,310,000",낙찰,"108,000,000",49.3%,2025-04-08,2025_2Q,2
제주 3계 2024-117(8),오피스텔,오피스텔,오피스텔(업무용),제주,제주시,"제주 제주시 연동 2331-7 ,2331-8 진호뉴캐슬 10층 1005호","103,000,000","35,329,000",낙찰,"49,500,000",48.1%,2025-05-20,2025_2Q,2
제주 3계 2024-117(14),오피스텔,오피스텔,오피스텔(업무용),제주,제주시,"제주 제주시 연동 2331-7 ,2331-8 진호뉴캐슬 12층 1205호","103,000,000","50,470,000",낙찰,"54,880,000",53.3%,2025-04-08,2025_2Q,2
제주 3계 2024-117(16),오피스텔,오피스텔,오피스텔(업무용),제주,제주시,"제주 제주시 연동 2331-7 ,2331-8 진호뉴캐슬 13층 1304호","106,000,000","51,940,000",낙찰,"53,000,000",50.0%,2025-04-08,2025_2Q,2
제주 3계 2024-117(17),오피스텔(주거),오피스텔,오피스텔(업무용),제주,제주시,"제주 제주시 연동 2331-7 ,2331-8 진호뉴캐슬 13층 1305호","106,000,000","51,940,000",낙찰,"55,000,000",51.9%,2025-04-08,2025_2Q,2
제주 3계 2024-117(19),오피스텔,오피스텔,오피스텔(업무용),제주,제주시,"제주 제주시 연동 2331-7 ,2331-8 진호뉴캐슬 14층 1404호","106,000,000","51,940,000",낙찰,"53,550,000",50.5%,2025-04-08,2025_2Q,2
제주 3계 2024-117(20),오피스텔,오피스텔,오피스텔(업무용),제주,제주시,"제주 제주시 연동 2331-7 ,2331-8 진호뉴캐슬 14층 1405호","106,000,000","36,358,000",낙찰,"49,500,000",46.7%,2025-05-20,2025_2Q,2
제주 9계 2024-223,다세대,다세대주택,다세대,제주,제주시,"제주 제주시 일도이동 39 ,23 유정빌리지 105동 2층 201호","211,000,000","147,700,000",낙찰,"187,790,000",89.0%,2025-02-25,2025_1Q,3
제주 9계 2024-285,전,전,전,제주,서귀포시,제주 서귀포시 대정읍 일과리 1013,"646,875,000","221,878,000",낙찰,"223,000,000",34.5%,2025-02-25,2025_1Q,3
제주 9계 2024-308,임야,임야,임야,제주,서귀포시,제주 서귀포시 표선면 성읍리 1826,"579,686,000","198,832,000",낙찰,"200,000,000",34.5%,2025-02-25,2025_1Q,3
제주 1계 2024-391,아파트,아파트,아파트,제주,제주시,제주 제주시 구좌읍 세화리 1307-1 6층 602호,"128,000,000","62,720,000",낙찰,"70,000,000",54.7%,2025-01-07,2025_1Q,3
제주 9계 2024-537,숙박시설,숙박시설,숙박시설,제주,서귀포시,제주 서귀포시 성산읍 고성리 298-5 제주성산라마다앙코르호텔 2층 233호,"144,000,000","16,941,000",낙찰,"20,220,000",14.0%,2025-06-17,2025_2Q,2
제주 3계 2024-582,다세대,다세대주택,다세대,제주,제주시,제주 제주시 이도이동 1130-3 삼오주택A 3층 301호,"115,000,000","39,445,000",낙찰,"45,110,000",39.2%,2025-05-20,2025_2Q,2
제주 5계 2024-629,임야,임야,임야,제주,제주시,제주 제주시 애월읍 하귀1리 842-1,"1,281,072,000","627,725,000",낙찰,"702,900,000",54.9%,2025-04-22,2025_2Q,2
제주 7계 2024-636,단독주택,단독,단독주택,제주,제주시,제주 제주시 구좌읍 행원리 821-1 1호,"526,559,100","180,610,000",낙찰,"261,000,000",49.6%,2025-04-08,2025_2Q,2
제주 3계 2024-667,오피스텔(주거),오피스텔,오피스텔(업무용),제주,제주시,제주 제주시 연동 1371 아우룸플러스 10층 1001호,"429,000,000","300,300,000",낙찰,"320,000,000",74.6%,2025-01-21,2025_1Q,3
제주 9계 2024-704(3),다세대,다세대주택,다세대,제주,제주시,제주 제주시 조천읍 신촌리 2539-4 신촌그린빌리지 나동 2층 202호,"185,000,000","90,650,000",낙찰,"116,640,000",63.0%,2025-06-17,2025_2Q,2
제주 1계 2024-711,단독주택,단독,단독주택,제주,서귀포시,제주 서귀포시 상효동 690-2,"663,908,100","227,721,000",낙찰,"282,500,000",42.6%,2025-06-10,2025_2Q,2
제주 2계 2024-728,전,전,전,제주,서귀포시,제주 서귀포시 남원읍 위미리 1600-5,"984,803,000","236,451,000",낙찰,"313,000,000",31.8%,2025-01-14,2025_1Q,3
제주 3계 2024-735,전,전,전,제주,제주시,제주 제주시 애월읍 하귀2리 2449-1,"1,049,152,000","514,084,000",낙찰,"550,005,000",52.4%,2025-04-08,2025_2Q,2
제주 1계 2024-797,임야,임야,임야,제주,제주시,제주 제주시 조천읍 대흘리 산27-23,"1,409,754,000","338,482,000",낙찰,"390,999,900",27.7%,2025-06-10,2025_2Q,2
제주 9계 2024-810,점포,근린상가,점포상가,제주,제주시,제주 제주시 이도이동 314-7,"460,518,690","322,363,000",낙찰,"410,100,000",89.1%,2025-05-13,2025_2Q,2
제주 4계 2024-827(1),전,전,전,제주,서귀포시,제주 서귀포시 표선면 토산리 769,"1,370,204,000","328,986,000",낙찰,"409,540,000",29.9%,2025-03-11,2025_1Q,3
제주 4계 2024-827(2),전,전,전,제주,서귀포시,제주 서귀포시 표선면 표선리 2647-1,"592,200,000","142,188,000",낙찰,"191,900,000",32.4%,2025-04-15,2025_2Q,2
제주 5계 2024-919(1),오피스텔,오피스텔,오피스텔(업무용),제주,제주시,"제주 제주시 노형동 924-1 ,924-2,924-3,924-7 e편한세상시티노형 15층 1506호","633,000,000","310,170,000",낙찰,"401,500,000",63.4%,2025-02-11,2025_1Q,3
제주 5계 2024-919(2),오피스텔,오피스텔,오피스텔(업무용),제주,제주시,"제주 제주시 노형동 924-1 ,924-2,924-3,924-7 e편한세상시티노형 16층 1606호","633,000,000","310,170,000",낙찰,"379,999,990",60.0%,2025-02-11,2025_1Q,3
제주 9계 2024-926,전,전,전,제주,서귀포시,제주 서귀포시 안덕면 창천리 1407,"180,608,000","126,426,000",낙찰,"126,505,000",70.0%,2025-02-25,2025_1Q,3
제주 6계 2024-1004,근린상가,근린상가,근린상가,제주,제주시,제주 제주시 도두일동 2630-2,"1,810,953,780","1,267,668,000",낙찰,"1,400,100,000",77.3%,2025-02-04,2025_1Q,3
제주 8계 2024-1028,아파트,아파트,아파트,제주,제주시,제주 제주시 노형동 754 부영 506동 2층 202호,"696,000,000","487,200,000",낙찰,"552,141,000",79.3%,2025-03-18,2025_1Q,2
제주 3계 2024-1080,전,전,전,제주,서귀포시,제주 서귀포시 대정읍 신도리 1752,"317,595,000","108,935,000",낙찰,"143,200,000",45.1%,2025-05-20,2025_2Q,2
제주 5계 2024-1103,전,전,전,제주,서귀포시,제주 서귀포시 성산읍 난산리 132,"234,087,000","114,703,000",낙찰,"137,000,000",58.5%,2025-02-11,2025_1Q,3
제주 9계 2024-1127,전,전,전,제주,서귀포시,제주 서귀포시 성산읍 신풍리 443-1,"164,630,000","56,468,000",낙찰,"73,770,000",44.8%,2025-02-25,2025_1Q,3
제주 7계 2024-1202,전,전,전,제주,서귀포시,제주 서귀포시 성산읍 신풍리 443-9,"108,273,000","37,138,000",낙찰,"62,020,000",57.3%,2025-03-04,2025_1Q,3
제주 8계 2024-1219,숙박시설,숙박시설,숙박시설,제주,서귀포시,제주 서귀포시 표선면 세화리 1566-2,"2,663,919,760","1,305,321,000",낙찰,"1,369,000,000",51.4%,2025-02-11,2025_1Q,3
제주 3계 2024-1233,아파트,아파트,아파트,제주,서귀포시,제주 서귀포시 토평동 1429-2 동인아이진4차 2층 204호,"291,000,000","203,700,000",낙찰,"233,359,000",80.2%,2025-03-04,2025_1Q,3
제주 7계 2024-1264,전,전,전,제주,서귀포시,제주 서귀포시 성산읍 신풍리 443-10,"71,595,000","35,082,000",낙찰,"37,111,000",51.8%,2025-01-21,2025_1Q,3
제주 2계 2024-1288,연립,연립주택,연립·빌라,제주,서귀포시,제주 서귀포시 남원읍 남원리 1352 디자인타운 4층 409호,"312,000,000","152,880,000",낙찰,"161,000,000",51.6%,2025-04-01,2025_2Q,2
제주 5계 2024-1318(2),단독주택,단독,단독주택,제주,서귀포시,제주 서귀포시 표선면 표선리 1007-1,"999,271,900","489,643,000",낙찰,"540,010,000",54.0%,2025-02-11,2025_1Q,3
제주 7계 2024-1349,목장용지,기타토지,목장용지,제주,제주시,제주 제주시 한림읍 금악리 196-115,"38,303,000","18,768,000",낙찰,"20,500,000",53.5%,2025-01-21,2025_1Q,3
제주 3계 2024-1516,오피스텔(주거),오피스텔,오피스텔(업무용),제주,제주시,제주 제주시 조천읍 함덕리 1444 함덕이레하임 2층 203호,"180,000,000","126,000,000",낙찰,"132,700,000",73.7%,2025-03-04,2025_1Q,3
제주 6계 2024-1585,전,전,전,제주,제주시,제주 제주시 한림읍 월령리 766-1,"369,795,000","126,840,000",낙찰,"132,100,000",35.7%,2025-02-04,2025_1Q,3
제주 7계 2024-1592,도로,기타토지,기타토지,제주,제주시,제주 제주시 삼도이동 1-5,"35,530,000","17,410,000",낙찰,"23,041,000",64.8%,2025-01-21,2025_1Q,3
제주 3계 2024-1639,과수원,과수원,과수원,제주,서귀포시,제주 서귀포시 서호동 535,"675,896,000","331,189,000",낙찰,"440,100,000",65.1%,2025-04-08,2025_2Q,2
제주 9계 2024-1684,창고,기타건물,창고,제주,서귀포시,제주 서귀포시 표선면 세화리 1432-1,"1,431,181,100","490,895,000",낙찰,"572,600,000",40.0%,2025-04-01,2025_2Q,2
제주 2계 2024-1707(2),숙박시설,숙박시설,숙박시설,제주,제주시,제주 제주시 노형동 920 모던테라스 14층 1407호,"99,000,000","33,957,000",낙찰,"49,200,000",49.7%,2025-01-14,2025_1Q,3
제주 9계 2024-1714(2),과수원,과수원,과수원,제주,제주시,제주 제주시 애월읍 하가리 257-21,"193,060,000","94,599,000",낙찰,"105,000,000",54.4%,2025-02-25,2025_1Q,3
제주 8계 2024-1769(1),과수원,과수원,과수원,제주,서귀포시,제주 서귀포시 남원읍 남원리 985,"710,900,600","243,839,000",낙찰,"348,300,000",49.0%,2025-04-22,2025_2Q,2
제주 8계 2024-1769(2),과수원,과수원,과수원,제주,서귀포시,제주 서귀포시 남원읍 수망리 215-1,"865,852,600","296,988,000",낙찰,"425,000,000",49.1%,2025-04-22,2025_2Q,2
제주 1계 2024-1790,대지,나대지,나대지,제주,서귀포시,제주 서귀포시 동홍동 1112,"1,011,200,000","707,840,000",낙찰,"780,000,000",77.1%,2025-02-18,2025_1Q,3
제주 3계 2024-1868,점포,근린상가,점포상가,제주,서귀포시,제주 서귀포시 대정읍 신도리 1399-1,"416,727,200","204,196,000",낙찰,"208,200,000",50.0%,2025-04-08,2025_2Q,2
제주 9계 2024-1936(2),임야,임야,임야,제주,서귀포시,제주 서귀포시 성산읍 삼달리 975-16,"111,104,000","54,441,000",낙찰,"56,300,000",50.7%,2025-04-01,2025_2Q,2
제주 9계 2024-1967(1),대지,나대지,나대지,제주,서귀포시,제주 서귀포시 남원읍 위미리 2896,"254,220,000","87,198,000",낙찰,"87,200,000",34.3%,2025-04-01,2025_2Q,2
제주 9계 2024-1967(2),임야,임야,임야,제주,서귀포시,제주 서귀포시 중문동 398,"340,090,000","116,651,000",낙찰,"120,000,020",35.3%,2025-04-01,2025_2Q,2
제주 2계 2024-2021,단독주택,단독,단독주택,제주,서귀포시,제주 서귀포시 성산읍 오조리 1559-12,"366,446,640","256,513,000",낙찰,"298,000,000",81.3%,2025-04-01,2025_2Q,2
제주 5계 2024-2076,숙박시설,숙박시설,숙박시설,제주,서귀포시,제주 서귀포시 서호동 1524-7 제주서귀포라마다앙코르호텔 7층 720호,"142,000,000","23,866,000",낙찰,"24,800,000",17.5%,2025-02-11,2025_1Q,3
제주 7계 2024-2083,전,전,전,제주,제주시,제주 제주시 한림읍 대림리 1997-7,"311,304,000","106,777,000",낙찰,"137,999,000",44.3%,2025-03-04,2025_1Q,3
제주 9계 2024-2106,다세대,다세대주택,다세대,제주,제주시,"제주 제주시 한림읍 귀덕리 2401 ,2419-1,2419-5 에스하임 103동 3층 302호","226,000,000","110,740,000",낙찰,"140,570,000",62.2%,2025-05-13,2025_2Q,2
제주 1계 2024-2175,임야,임야,임야,제주,서귀포시,제주 서귀포시 표선면 성읍리 405-7,"270,075,000","64,845,000",낙찰,"94,100,000",34.8%,2025-04-29,2025_2Q,2
제주 7계 2024-2229,연립,연립주택,연립·빌라,제주,서귀포시,"제주 서귀포시 동홍동 1902-7 ,1909,1910-4 루체비스타 101동 4층 403호","435,000,000","213,150,000",낙찰,"263,170,000",60.5%,2025-01-21,2025_1Q,3
제주 3계 2024-2267,과수원,과수원,과수원,제주,서귀포시,제주 서귀포시 안덕면 창천리 1030,"1,157,943,000","397,174,000",낙찰,"505,050,000",43.6%,2025-05-20,2025_2Q,2
제주 7계 2024-2304,전,전,전,제주,서귀포시,제주 서귀포시 안덕면 사계리 3041-1,"1,075,120,000","258,136,000",낙찰,"287,000,000",26.7%,2025-04-08,2025_2Q,2
제주 9계 2024-2311,주상복합(상가),기타토지,기타토지,제주,제주시,"제주 제주시 연동 306 ,306-2,306-3,306-4,306-5,306-17 제주연동중흥에스-클래스 1층 106호","602,000,000","206,486,000",낙찰,"266,000,000",44.2%,2025-05-13,2025_2Q,2
제주 3계 2024-2359,선박,기타토지,기타토지,제주,제주시,제주 제주시 건입동 1429 제주항 서부두내 정박,"815,831,000","195,881,000",낙찰,"256,102,000",31.4%,2025-03-04,2025_1Q,3
제주 9계 2024-2373,묘지,기타토지,기타토지,제주,서귀포시,제주 서귀포시 성산읍 오조리 961,"410,774,000","287,542,000",낙찰,"290,010,000",70.6%,2025-05-13,2025_2Q,2
제주 1계 2024-2403,전,전,전,제주,제주시,제주 제주시 우도면 연평리 262-1,"834,232,000","200,299,000",낙찰,"266,700,090",32.0%,2025-01-07,2025_1Q,3
제주 9계 2024-2465,오피스텔(주거),오피스텔,오피스텔(업무용),제주,제주시,제주 제주시 조천읍 조천리 2371-2 조천휴미래 4층 503호,"302,000,000","147,980,000",낙찰,"241,999,999",80.1%,2025-02-25,2025_1Q,3
제주 2계 2024-2502(1),단독주택,단독,단독주택,제주,서귀포시,제주 서귀포시 대정읍 영락리 1290-1,"263,336,450","129,035,000",낙찰,"130,100,000",49.4%,2025-06-17,2025_2Q,2
제주 3계 2024-2519,단독주택,단독,단독주택,제주,제주시,제주 제주시 삼양일동 1660-10,"910,375,600","637,263,000",낙찰,"870,000,000",95.6%,2025-04-08,2025_2Q,2
제주 5계 2024-2540,목욕시설,기타건물,기타건물,제주,서귀포시,제주 서귀포시 대정읍 하모리 924-5 1호,"1,107,007,290","379,704,000",낙찰,"450,111,100",40.7%,2025-06-04,2025_2Q,2
제주 2계 2024-2571,전,전,전,제주,제주시,제주 제주시 애월읍 상귀리 406-4,"855,600,000","293,471,000",낙찰,"381,171,030",44.6%,2025-06-17,2025_2Q,2
제주 6계 2024-2618,창고,기타건물,창고,제주,서귀포시,제주 서귀포시 표선면 세화리 34,"647,245,500","222,005,000",낙찰,"230,330,000",35.6%,2025-04-15,2025_2Q,2
제주 7계 2024-2632,전,전,전,제주,제주시,제주 제주시 구좌읍 송당리 921-2,"450,339,000","154,466,000",낙찰,"154,470,000",34.3%,2025-03-04,2025_1Q,3
제주 8계 2024-2649,전,전,전,제주,제주시,제주 제주시 애월읍 광령리 2048,"771,425,000","185,219,000",낙찰,"204,000,000",26.4%,2025-06-04,2025_2Q,2
제주 1계 2024-2656,창고,기타건물,창고,제주,제주시,제주 제주시 이도이동 60-2,"2,047,285,000","1,003,170,000",낙찰,"1,054,950,000",51.5%,2025-01-07,2025_1Q,3
제주 9계 2024-2700,임야,임야,임야,제주,제주시,제주 제주시 한경면 조수리 3192-3,"90,285,000","30,968,000",낙찰,"40,111,000",44.4%,2025-05-13,2025_2Q,2
제주 1계 2024-2724,단독주택,단독,단독주택,제주,서귀포시,제주 서귀포시 표선면 세화리 399-4,"396,332,920","277,433,000",낙찰,"287,000,000",72.4%,2025-01-07,2025_1Q,3
제주 2계 2024-2731(1),아파트,아파트,아파트,제주,제주시,"제주 제주시 도두일동 2614 ,2614-1 블루파크시티 9층 905호","149,000,000","104,300,000",낙찰,"127,200,000",85.4%,2025-04-01,2025_2Q,2
제주 2계 2024-2731(2),아파트,아파트,아파트,제주,제주시,"제주 제주시 도두일동 2614 ,2614-1 블루파크시티 10층 1012호","151,000,000","105,700,000",낙찰,"127,700,000",84.6%,2025-04-01,2025_2Q,2
제주 2계 2024-2731(3),아파트,아파트,아파트,제주,제주시,"제주 제주시 도두일동 2614 ,2614-1 블루파크시티 10층 1008호","151,000,000","105,700,000",낙찰,"108,000,000",71.5%,2025-04-01,2025_2Q,2
제주 2계 2024-2731(4),아파트,아파트,아파트,제주,제주시,"제주 제주시 도두일동 2614 ,2614-1 블루파크시티 10층 1011호","151,000,000","105,700,000",낙찰,"127,350,000",84.3%,2025-04-01,2025_2Q,2
제주 1계 2024-2816(2),오피스텔(주거),오피스텔,오피스텔(업무용),제주,제주시,제주 제주시 영평동 2169-3 엠제이벤처오름 2층 202호,"106,000,000","51,940,000",낙찰,"70,490,000",66.5%,2025-01-07,2025_1Q,3
제주 8계 2024-2878,오피스텔(주거),오피스텔,오피스텔(업무용),제주,제주시,제주 제주시 이도일동 1244-1 파미르파크 12층 1208호,"237,000,000","116,130,000",낙찰,"145,700,000",61.5%,2025-02-11,2025_1Q,3
제주 2계 2024-2892,오피스텔(주거),오피스텔,오피스텔(업무용),제주,제주시,제주 제주시 연동 1494 신제주연동트리플시티 4층 102동408호,"632,000,000","442,400,000",낙찰,"460,264,000",72.8%,2025-06-17,2025_2Q,2
제주 3계 2024-2908,단독주택,단독,단독주택,제주,서귀포시,제주 서귀포시 안덕면 사계리 2915,"433,409,000","212,370,000",낙찰,"216,704,500",50.0%,2025-05-20,2025_2Q,2
제주 8계 2024-2953,점포,근린상가,점포상가,제주,제주시,"제주 제주시 한림읍 협재리 1617 ,1615","1,640,465,650","803,828,000",낙찰,"1,021,000,000",62.2%,2025-02-11,2025_1Q,3
제주 1계 2024-2960,단독주택,단독,단독주택,제주,서귀포시,제주 서귀포시 대정읍 무릉리 3320-19 1동,"421,934,100","144,724,000",낙찰,"177,770,000",42.1%,2025-04-29,2025_2Q,2
제주 9계 2024-2977,단독주택,단독,단독주택,제주,서귀포시,제주 서귀포시 신효동 228,"370,185,100","259,130,000",낙찰,"265,010,000",71.6%,2025-04-01,2025_2Q,2
제주 3계 2024-2984,단독주택,단독,단독주택,제주,제주시,제주 제주시 이도이동 1779-5,"428,784,480","300,149,000",낙찰,"361,000,000",84.2%,2025-04-08,2025_2Q,2
제주 5계 2024-3086,전,전,전,제주,제주시,제주 제주시 구좌읍 세화리 1307-13,"554,268,000","133,080,000",낙찰,"145,000,888",26.2%,2025-02-11,2025_1Q,3
제주 9계 2024-3109,대지,나대지,나대지,제주,제주시,제주 제주시 아라일동 6155-12,"536,121,000","375,285,000",낙찰,"430,000,000",80.2%,2025-02-25,2025_1Q,3
제주 8계 2024-3116,다세대,다세대주택,다세대,제주,제주시,제주 제주시 연동 320-64 연동원룸텔 1층 103호,"43,000,000","30,100,000",낙찰,"38,500,000",89.5%,2025-02-11,2025_1Q,3
제주 9계 2024-3147,단독주택,단독,단독주택,제주,서귀포시,제주 서귀포시 남원읍 의귀리 1346,"405,263,500","283,684,000",낙찰,"284,378,900",70.2%,2025-02-25,2025_1Q,3
제주 5계 2024-3161(1),전,전,전,제주,제주시,제주 제주시 한경면 고산리 3675-9,"24,750,000","5,943,000",낙찰,"7,820,000",31.6%,2025-02-11,2025_1Q,3
제주 5계 2024-3161(2),과수원,과수원,과수원,제주,서귀포시,제주 서귀포시 대정읍 인성리 96-21,"38,081,000","4,480,000",낙찰,"6,670,000",17.5%,2025-04-22,2025_2Q,2
제주 2계 2024-3307,선박,기타토지,기타토지,제주,서귀포시,제주 서귀포시 성산읍 오조리 4-2 오조항앞항구내 정박,"786,704,000","188,888,000",낙찰,"251,300,000",31.9%,2025-06-17,2025_2Q,2
제주 9계 2024-3352,아파트,아파트,아파트,제주,제주시,제주 제주시 일도이동 377-9 인제 2동 2층 202호,"210,000,000","102,900,000",낙찰,"103,890,000",49.5%,2025-05-13,2025_2Q,2
제주 1계 2024-3383,다세대,다세대주택,다세대,제주,제주시,제주 제주시 내도동 152-1 하이어스8차 101동 4층 501호,"352,000,000","246,400,000",낙찰,"279,099,999",79.3%,2025-01-07,2025_1Q,3
제주 3계 2024-3482,공장,공장(지식산업센터 업무시설),공장,제주,제주시,제주 제주시 도두일동 2629-2 제주신문빌딩,"2,784,808,440","1,364,556,000",낙찰,"1,515,700,000",54.4%,2025-05-20,2025_2Q,2
제주 5계 2024-3505,전,전,전,제주,서귀포시,제주 서귀포시 색달동 1999,"1,015,122,000","348,187,000",낙찰,"402,111,999",39.6%,2025-02-11,2025_1Q,3
제주 3계 2024-3550,대지,나대지,나대지,제주,제주시,제주 제주시 한경면 낙천리 1807,"181,733,000","62,334,000",낙찰,"67,430,000",37.1%,2025-06-24,2025_2Q,2
제주 4계 2024-3567,연립,연립주택,연립·빌라,제주,서귀포시,제주 서귀포시 동홍동 653-4 위너스빌 102동 3층 303호,"133,000,000","93,100,000",낙찰,"93,100,000",70.0%,2025-03-11,2025_1Q,3
제주 5계 2024-3574,숙박시설,숙박시설,숙박시설,제주,서귀포시,"제주 서귀포시 서귀동 322-6 ,322-18 제이에스라메르2차 9층 919호","103,000,000","35,329,000",낙찰,"48,410,000",47.0%,2025-02-11,2025_1Q,3
제주 9계 2024-3598(1),전,전,전,제주,제주시,제주 제주시 한경면 두모리 2504-1,"295,545,000","144,817,000",낙찰,"153,500,000",51.9%,2025-05-13,2025_2Q,2
제주 9계 2024-3598(2),전,전,전,제주,제주시,제주 제주시 한경면 두모리 2504-5,"42,880,000","21,011,000",낙찰,"23,300,000",54.3%,2025-05-13,2025_2Q,2
제주 3계 2024-3628,연립,연립주택,연립·빌라,제주,서귀포시,"제주 서귀포시 동홍동 1902-7 ,1909,1910-4 루체비스타 101동 3층 301호","323,000,000","158,270,000",낙찰,"202,000,000",62.5%,2025-06-24,2025_2Q,2
제주 9계 2024-3666,전,전,전,제주,서귀포시,제주 서귀포시 대정읍 상모리 79,"1,424,651,000","488,655,000",낙찰,"519,200,000",36.4%,2025-06-17,2025_2Q,2
제주 1계 2024-3680(1),아파트,아파트,아파트,제주,제주시,제주 제주시 구좌읍 세화리 1307-1 2층 201호,"105,000,000","51,450,000",낙찰,"61,500,000",58.6%,2025-03-25,2025_1Q,2
제주 1계 2024-3680(2),아파트,아파트,아파트,제주,제주시,제주 제주시 구좌읍 세화리 1307-1 2층 204호,"105,000,000","73,500,000",낙찰,"75,250,000",71.7%,2025-02-18,2025_1Q,3
제주 2계 2024-3697,단독주택,단독,단독주택,제주,제주시,제주 제주시 구좌읍 평대리 3200-5 8동,"463,104,000","226,921,000",낙찰,"251,111,000",54.2%,2025-06-17,2025_2Q,2
제주 4계 2024-3710,전,전,전,제주,제주시,제주 제주시 한경면 용수리 1689-4,"135,228,000","46,383,000",낙찰,"48,300,000",35.7%,2025-03-11,2025_1Q,3
제주 9계 2024-3741,연립,연립주택,연립·빌라,제주,제주시,제주 제주시 이도이동 405 영산홍주택 103동 2층 202호,"373,000,000","261,100,000",낙찰,"330,000,000",88.5%,2025-04-01,2025_2Q,2
제주 3계 2024-3772,임야,임야,임야,제주,제주시,제주 제주시 애월읍 어음리 954,"288,865,000","141,544,000",낙찰,"184,650,000",63.9%,2025-05-20,2025_2Q,2
제주 5계 2024-3796,전,전,전,제주,제주시,제주 제주시 한경면 고산리 2325-4,"217,770,000","52,287,000",낙찰,"68,820,000",31.6%,2025-03-18,2025_1Q,2
제주 1계 2024-3833,전,전,전,제주,제주시,제주 제주시 화북일동 4108-1,"1,210,240,000","415,113,000",낙찰,"434,000,000",35.9%,2025-04-29,2025_2Q,2
제주 1계 2024-3918,다세대,다세대주택,다세대,제주,제주시,"제주 제주시 애월읍 장전리 1739-4 ,1739-16,1739-17 나동 1층 102호","211,000,000","103,390,000",낙찰,"135,860,000",64.4%,2025-03-25,2025_1Q,2
제주 6계 2024-3970,근린상가,근린상가,근린상가,제주,제주시,제주 제주시 일도이동 362-15,"198,455,000","97,243,000",낙찰,"103,333,000",52.1%,2025-03-11,2025_1Q,3
제주 8계 2024-4072(1),단독주택,단독,단독주택,제주,제주시,"제주 제주시 애월읍 납읍리 755 ,580,760-1 101동","375,398,120","128,762,000",낙찰,"191,000,000",50.9%,2025-03-18,2025_1Q,2
제주 8계 2024-4072(2),단독주택,단독,단독주택,제주,제주시,"제주 제주시 애월읍 납읍리 755 ,580,760-1 104동","369,709,920","181,158,000",낙찰,"223,900,000",60.6%,2025-02-11,2025_1Q,3
제주 8계 2024-4072(3),단독주택,단독,단독주택,제주,제주시,"제주 제주시 애월읍 납읍리 755 ,580,760-1 107동","376,139,020","129,016,000",낙찰,"184,000,000",48.9%,2025-03-18,2025_1Q,2
제주 8계 2024-4072(4),단독주택,단독,단독주택,제주,제주시,"제주 제주시 애월읍 납읍리 755 ,580,760-1 108동","425,014,520","145,780,000",낙찰,"200,000,000",47.1%,2025-03-18,2025_1Q,2
제주 8계 2024-4072(5),단독주택,단독,단독주택,제주,제주시,"제주 제주시 애월읍 납읍리 755 ,580,760-1 109동","414,909,600","203,306,000",낙찰,"205,550,000",49.5%,2025-02-11,2025_1Q,3
제주 8계 2024-4072(6),단독주택,단독,단독주택,제주,제주시,"제주 제주시 애월읍 납읍리 755 ,580,760-1 110동","357,344,060","175,099,000",낙찰,"190,500,000",53.3%,2025-02-11,2025_1Q,3
제주 8계 2024-4072(7),단독주택,단독,단독주택,제주,제주시,"제주 제주시 애월읍 납읍리 755 ,580,760-1 112동","625,793,640","214,647,000",낙찰,"252,000,000",40.3%,2025-03-18,2025_1Q,2
제주 8계 2024-4072(8),단독주택,단독,단독주택,제주,제주시,"제주 제주시 애월읍 납읍리 755 ,580,760-1 114동","358,730,260","123,045,000",낙찰,"178,000,000",49.6%,2025-03-18,2025_1Q,2
제주 8계 2024-4072(9),단독주택,단독,단독주택,제주,제주시,"제주 제주시 애월읍 납읍리 755 ,580,760-1 115동","354,872,800","121,722,000",낙찰,"173,000,000",48.7%,2025-03-18,2025_1Q,2
제주 5계 2024-4126(1),차량,기타토지,기타토지,제주,제주시,제주 제주시 용담삼동 1274-1 현대물품보관소(주)내 보관,"13,000,000","6,370,000",낙찰,"8,500,000",65.4%,2025-06-04,2025_2Q,2
제주 5계 2024-4126(2),차량,기타토지,기타토지,제주,제주시,제주 제주시 용담삼동 1274-1 현대물품보관소(주)내 보관,"7,000,000","2,401,000",낙찰,"3,550,000",50.7%,2025-02-11,2025_1Q,3
제주 8계 2024-4164(1),단독주택,단독,단독주택,제주,서귀포시,제주 서귀포시 안덕면 덕수리 2107-6 B동,"419,848,600","205,726,000",낙찰,"245,550,000",58.5%,2025-03-18,2025_1Q,2
제주 2계 2024-4171(1),대지,나대지,나대지,제주,서귀포시,제주 서귀포시 안덕면 사계리 2306-1,"242,262,000","118,708,000",낙찰,"140,809,150",58.1%,2025-06-17,2025_2Q,2
제주 5계 2024-4348(1),과수원,과수원,과수원,제주,서귀포시,제주 서귀포시 남원읍 의귀리 698,"433,590,000","148,721,000",낙찰,"180,055,000",41.5%,2025-02-11,2025_1Q,3
제주 5계 2024-4348(2),전,전,전,제주,제주시,제주 제주시 한경면 조수리 2034-2,"428,867,000","147,102,000",낙찰,"175,629,000",41.0%,2025-02-11,2025_1Q,3
제주 6계 2024-4355(1),창고,기타건물,창고,제주,제주시,제주 제주시 한림읍 상대리 1207-3,"3,068,729,600","1,503,678,000",낙찰,"1,505,500,000",49.1%,2025-02-04,2025_1Q,3
제주 6계 2024-4355(2),단독주택,단독,단독주택,제주,서귀포시,제주 서귀포시 안덕면 창천리 847-2,"1,245,746,800","427,291,000",낙찰,"483,590,000",38.8%,2025-03-11,2025_1Q,3
제주 4계 2024-4409,근린상가,근린상가,근린상가,제주,제주시,"제주 제주시 아라일동 396-25 ,396-43 1층 101호","423,000,000","207,270,000",낙찰,"234,027,000",55.3%,2025-03-11,2025_1Q,3
제주 9계 2024-4447,임야,임야,임야,제주,서귀포시,제주 서귀포시 표선면 성읍리 2083,"274,744,000","134,625,000",낙찰,"145,500,000",53.0%,2025-06-17,2025_2Q,2
제주 4계 2024-4461,임야,임야,임야,제주,서귀포시,제주 서귀포시 하원동 890,"27,108,900","6,509,000",낙찰,"10,000,000",36.9%,2025-02-04,2025_1Q,3
제주 5계 2024-4478(1),숙박시설,숙박시설,숙박시설,제주,서귀포시,제주 서귀포시 서귀동 319-2 비스타케이호텔(천지연) 2층 227호,"132,000,000","15,530,000",낙찰,"18,999,000",14.4%,2025-06-04,2025_2Q,2
제주 2계 2024-4515,단독주택,단독,단독주택,제주,서귀포시,제주 서귀포시 강정동 4368-2,"779,775,000","267,463,000",낙찰,"352,750,000",45.2%,2025-06-17,2025_2Q,2
제주 7계 2024-4560(1),단독주택,단독,단독주택,제주,제주시,제주 제주시 한림읍 귀덕리 3022,"757,216,000","530,051,000",낙찰,"545,000,000",72.0%,2025-01-21,2025_1Q,3
제주 7계 2024-4560(2),단독주택,단독,단독주택,제주,제주시,제주 제주시 한림읍 귀덕리 3022-3,"757,216,000","530,051,000",낙찰,"545,000,000",72.0%,2025-01-21,2025_1Q,3
제주 8계 2024-4577,과수원,과수원,과수원,제주,서귀포시,제주 서귀포시 서홍동 1388,"1,843,783,290","903,454,000",낙찰,"933,000,000",50.6%,2025-03-18,2025_1Q,2
제주 1계 2024-4737,점포,근린상가,점포상가,제주,제주시,제주 제주시 이도일동 1292-4 1호,"1,739,058,000","852,139,000",낙찰,"858,200,000",49.3%,2025-04-29,2025_2Q,2
제주 5계 2024-4850(1),전,전,전,제주,서귀포시,제주 서귀포시 대정읍 보성리 1303,"1,150,876,000","394,750,000",낙찰,"407,333,000",35.4%,2025-02-11,2025_1Q,3
제주 5계 2024-4850(2),전,전,전,제주,서귀포시,제주 서귀포시 대정읍 동일리 4,"657,467,000","225,511,000",낙찰,"280,500,000",42.7%,2025-02-11,2025_1Q,3
제주 3계 2024-4911,단독주택,단독,단독주택,제주,서귀포시,제주 서귀포시 안덕면 화순리 1084-6,"161,616,240","113,131,000",낙찰,"145,000,000",89.7%,2025-06-24,2025_2Q,2
제주 6계 2024-4942,창고,기타건물,창고,제주,서귀포시,제주 서귀포시 서홍동 1558-1,"1,793,044,000","1,793,044,000",낙찰,"1,794,010,000",100.1%,2025-02-04,2025_1Q,3
제주 1계 2024-4966,전,전,전,제주,제주시,제주 제주시 한림읍 금악리 2966,"242,271,000","118,713,000",낙찰,"120,110,000",49.6%,2025-04-29,2025_2Q,2
제주 2계 2024-4980,다세대,다세대주택,다세대,제주,제주시,"제주 제주시 화북일동 1969-14 ,1969-15 이성주택 2층 202호","153,000,000","107,100,000",낙찰,"130,000,000",85.0%,2025-06-17,2025_2Q,2
제주 8계 2024-5112(2),단독주택,단독,단독주택,제주,제주시,제주 제주시 구좌읍 행원리 2574 102동,"318,066,780","155,853,000",낙찰,"156,111,111",49.1%,2025-03-18,2025_1Q,2
제주 8계 2024-5112(4),단독주택,단독,단독주택,제주,제주시,제주 제주시 구좌읍 행원리 2574 109동,"303,259,260","148,597,000",낙찰,"156,111,111",51.5%,2025-03-18,2025_1Q,2
제주 3계 2024-5143,연립,연립주택,연립·빌라,제주,서귀포시,제주 서귀포시 법환동 212 디자인뷰 101동 2층 202호,"298,000,000","208,600,000",낙찰,"257,400,000",86.4%,2025-06-24,2025_2Q,2
제주 4계 2024-5150,연립,연립주택,연립·빌라,제주,서귀포시,"제주 서귀포시 동홍동 1902-7 ,1909,1910-4 루체비스타 101동 1층 102호","354,000,000","121,422,000",낙찰,"187,500,000",53.0%,2025-02-04,2025_1Q,3
제주 1계 2024-5211,전,전,전,제주,제주시,제주 제주시 조천읍 선흘리 2073-4,"129,752,000","63,578,000",낙찰,"75,008,810",57.8%,2025-03-25,2025_1Q,2
제주 6계 2024-5259,근린주택,근린주택,근린주택,제주,제주시,제주 제주시 용담일동 386 1호,"1,823,183,620","893,360,000",낙찰,"900,000,000",49.4%,2025-03-11,2025_1Q,3
제주 2계 2024-5297,연립,연립주택,연립·빌라,제주,제주시,제주 제주시 회천동 2585 펠리시티 104동 3층 305호,"253,000,000","177,100,000",낙찰,"216,090,000",85.4%,2025-06-17,2025_2Q,2
제주 9계 2024-5334,단독주택,단독,단독주택,제주,서귀포시,제주 서귀포시 성산읍 성산리 140-3,"393,310,400","275,317,000",낙찰,"283,000,010",72.0%,2025-06-17,2025_2Q,2
제주 1계 2024-5341,아파트,아파트,아파트,제주,제주시,제주 제주시 이도이동 1956 제주이도한일베라체 108동 12층 1202호,"1,064,000,000","1,064,000,000",낙찰,"1,065,000,000",100.1%,2025-03-25,2025_1Q,2
제주 9계 2024-5488(2),다세대,다세대주택,다세대,제주,제주시,제주 제주시 노형동 1284-16 성실빌라 4층 402호,"156,000,000","109,200,000",낙찰,"117,300,000",75.2%,2025-06-17,2025_2Q,2
제주 8계 2024-5495(1),전,전,전,제주,제주시,제주 제주시 구좌읍 송당리 2005,"909,216,000","311,861,000",낙찰,"320,000,000",35.2%,2025-04-22,2025_2Q,2
제주 8계 2024-5495(2),잡종지,잡종지,잡종지,제주,제주시,제주 제주시 구좌읍 송당리 2149,"3,062,800,000","1,500,772,000",낙찰,"1,760,990,000",57.5%,2025-03-18,2025_1Q,2
제주 5계 2024-5532,근린주택,근린주택,근린주택,제주,제주시,제주 제주시 용담이동 614-19,"99,034,360","33,969,000",낙찰,"33,969,000",34.3%,2025-06-04,2025_2Q,2
제주 9계 2024-5624,단독주택,단독,단독주택,제주,서귀포시,제주 서귀포시 성산읍 오조리 1621-3,"419,710,000","293,797,000",낙찰,"340,000,000",81.0%,2025-06-17,2025_2Q,2
제주 8계 2024-5631(1),숙박시설,숙박시설,숙박시설,제주,제주시,제주 제주시 연동 290-81 더스테이제주 290 3층 302호,"121,000,000","41,503,000",낙찰,"43,990,000",36.4%,2025-04-22,2025_2Q,2
제주 8계 2024-5631(2),숙박시설,숙박시설,숙박시설,제주,제주시,제주 제주시 연동 290-81 더스테이제주 290 8층 904호,"135,000,000","46,305,000",낙찰,"48,990,000",36.3%,2025-04-22,2025_2Q,2
제주 8계 2024-5709,연립,연립주택,연립·빌라,제주,제주시,"제주 제주시 조천읍 신흥리 40-1 ,87 제네시스빌 B동 3층 301호","242,000,000","169,400,000",낙찰,"191,000,000",78.9%,2025-02-11,2025_1Q,3
제주 6계 2024-5754(1),근린상가,근린상가,근린상가,제주,제주시,제주 제주시 삼양일동 1547-5 1층 101호,"90,000,000","63,000,000",낙찰,"67,120,000",74.6%,2025-03-11,2025_1Q,3
제주 6계 2024-5754(2),다세대,다세대주택,다세대,제주,제주시,제주 제주시 삼양일동 1547-5 5층 601호,"240,000,000","168,000,000",낙찰,"187,300,000",78.0%,2025-03-11,2025_1Q,3
제주 7계 2024-5761,아파트,아파트,아파트,제주,제주시,제주 제주시 화북일동 4300-2 금산 3층 303호,"260,000,000","182,000,000",낙찰,"205,100,000",78.9%,2025-01-21,2025_1Q,3
제주 1계 2024-5785(1),대지,나대지,나대지,제주,제주시,제주 제주시 이도이동 424-4,"438,012,000","150,238,000",낙찰,"168,880,000",38.6%,2025-06-10,2025_2Q,2
제주 1계 2024-5785(2),대지,나대지,나대지,제주,제주시,제주 제주시 이도이동 424-5,"422,901,000","145,055,000",낙찰,"186,780,000",44.2%,2025-06-10,2025_2Q,2
제주 3계 2024-5792(1),임야,임야,임야,제주,서귀포시,제주 서귀포시 성산읍 온평리 2686-6,"46,671,000","32,670,000",낙찰,"37,000,000",79.3%,2025-06-24,2025_2Q,2
제주 3계 2024-5792(2),임야,임야,임야,제주,서귀포시,제주 서귀포시 성산읍 난산리 2659-5,"19,869,000","13,908,000",낙찰,"13,920,000",70.1%,2025-06-24,2025_2Q,2
제주 8계 2024-5846,단독주택,단독,단독주택,제주,서귀포시,제주 서귀포시 표선면 표선리 806-4,"523,559,640","366,492,000",낙찰,"376,492,000",71.9%,2025-02-11,2025_1Q,3
제주 1계 2024-5853,단독주택,단독,단독주택,제주,제주시,제주 제주시 오등동 239-3,"500,650,400","350,455,000",낙찰,"401,880,000",80.3%,2025-04-29,2025_2Q,2
제주 1계 2024-5921,전,전,전,제주,제주시,제주 제주시 한경면 고산리 3129-38,"290,749,000","99,727,000",낙찰,"125,200,000",43.1%,2025-04-29,2025_2Q,2
제주 9계 2024-5938(1),다세대,다세대주택,다세대,제주,제주시,제주 제주시 조천읍 함덕리 290-97 라온제나 2층 201호,"183,000,000","128,100,000",낙찰,"129,120,000",70.6%,2025-06-17,2025_2Q,2
제주 9계 2024-5938(3),다세대,다세대주택,다세대,제주,제주시,제주 제주시 조천읍 함덕리 290-97 라온제나 3층 302호,"189,000,000","132,300,000",낙찰,"138,050,000",73.0%,2025-06-17,2025_2Q,2
제주 1계 2024-5990,과수원,과수원,과수원,제주,서귀포시,제주 서귀포시 남원읍 남원리 1103-1,"147,996,000","50,763,000",낙찰,"71,070,000",48.0%,2025-06-10,2025_2Q,2
제주 2계 2024-6146,오피스텔(주거),오피스텔,오피스텔(업무용),제주,제주시,제주 제주시 노형동 1046-12 노형퍼스트빌6차 2층 202호,"357,000,000","174,930,000",낙찰,"252,000,000",70.6%,2025-06-17,2025_2Q,2
제주 6계 2024-6214(1),전,전,전,제주,제주시,제주 제주시 구좌읍 송당리 1039,"239,436,000","82,127,000",낙찰,"111,271,000",46.5%,2025-05-27,2025_2Q,2
제주 8계 2024-6313(1),전,전,전,제주,제주시,제주 제주시 구좌읍 종달리 427,"642,840,000","220,494,000",낙찰,"240,110,000",37.4%,2025-04-22,2025_2Q,2
제주 8계 2024-6313(2),답,답,답,제주,제주시,제주 제주시 구좌읍 종달리 1812-1,"289,556,000","99,317,000",낙찰,"127,800,000",44.1%,2025-04-22,2025_2Q,2
제주 8계 2024-6313(3),임야,임야,임야,제주,제주시,제주 제주시 구좌읍 종달리 2882,"476,847,000","163,559,000",낙찰,"168,990,000",35.4%,2025-04-22,2025_2Q,2
제주 6계 2024-6375,다세대,다세대주택,다세대,제주,서귀포시,제주 서귀포시 호근동 634-1 휴-미래빌 104동 3층 302호,"299,000,000","146,510,000",낙찰,"179,400,000",60.0%,2025-05-27,2025_2Q,2
제주 6계 2024-6450,차량,기타토지,기타토지,제주,제주시,제주 제주시 용담삼동 1274-1 현대물품보관소(주)내 보관,"22,000,000","7,546,000",낙찰,"11,111,000",50.5%,2025-04-15,2025_2Q,2
제주 1계 2024-6481,단독주택,단독,단독주택,제주,서귀포시,제주 서귀포시 표선면 토산리 470,"388,526,740","271,969,000",낙찰,"288,100,000",74.2%,2025-04-29,2025_2Q,2
제주 4계 2024-6511(1),아파트,아파트,아파트,제주,제주시,"제주 제주시 이도이동 1020-6 ,1020-18,1020-19 뜨래별 6층 604호","320,000,000","224,000,000",낙찰,"297,000,000",92.8%,2025-05-27,2025_2Q,2
제주 4계 2024-6511(2),오피스텔(주거),오피스텔,오피스텔(업무용),제주,제주시,제주 제주시 연동 260-38 제주연동모디움 15층 1505호,"110,000,000","77,000,000",낙찰,"79,000,000",71.8%,2025-05-27,2025_2Q,2
제주 5계 2024-6528,대지,나대지,나대지,제주,제주시,제주 제주시 화북일동 4066-1,"52,668,600","36,868,020",낙찰,"37,300,000",70.8%,2025-04-22,2025_2Q,2
제주 7계 2024-6542,묘지,기타토지,기타토지,제주,서귀포시,제주 서귀포시 안덕면 사계리 3247,"30,600,000","30,600,000",낙찰,"60,000,000",196.1%,2025-05-20,2025_2Q,2
제주 1계 2024-6733,전,전,전,제주,서귀포시,제주 서귀포시 대정읍 상모리 2019-10,"1,036,874,000","508,068,000",낙찰,"537,800,000",51.9%,2025-06-10,2025_2Q,2
제주 8계 2024-6795,전,전,전,제주,제주시,제주 제주시 애월읍 광령리 61-1,"1,895,006,000","649,987,000",낙찰,"833,800,000",44.0%,2025-06-04,2025_2Q,2
제주 5계 2024-6849,다세대,다세대주택,다세대,제주,제주시,제주 제주시 이도이동 1028-14 다솜 4층 401호,"160,525,250","78,658,000",낙찰,"100,999,900",62.9%,2025-03-18,2025_1Q,2
제주 4계 2024-6917(1),연립,연립주택,연립·빌라,제주,서귀포시,제주 서귀포시 중문동 1634-4 이도빌리지 2층 203호,"201,000,000","98,490,000",낙찰,"110,000,000",54.7%,2025-03-11,2025_1Q,3
제주 4계 2024-6917(2),연립,연립주택,연립·빌라,제주,서귀포시,제주 서귀포시 중문동 1634-4 이도빌리지 5층 503호,"243,000,000","119,070,000",낙찰,"155,000,000",63.8%,2025-03-11,2025_1Q,3
제주 4계 2024-6917(3),연립,연립주택,연립·빌라,제주,서귀포시,제주 서귀포시 중문동 1634-4 이도빌리지 5층 505호,"235,000,000","115,150,000",낙찰,"155,000,000",66.0%,2025-03-11,2025_1Q,3
제주 4계 2024-6917(4),연립,연립주택,연립·빌라,제주,서귀포시,제주 서귀포시 중문동 1634-4 이도빌리지 5층 506호,"243,000,000","119,070,000",낙찰,"155,000,000",63.8%,2025-03-11,2025_1Q,3
제주 4계 2024-6917(5),연립,연립주택,연립·빌라,제주,서귀포시,제주 서귀포시 중문동 1634-4 이도빌리지 5층 508호,"248,000,000","121,520,000",낙찰,"155,000,000",62.5%,2025-03-11,2025_1Q,3
제주 1계 2024-7033,전,전,전,제주,제주시,제주 제주시 조천읍 조천리 550,"261,354,000","182,948,000",낙찰,"215,907,795",82.6%,2025-06-10,2025_2Q,2
제주 4계 2024-7064,숙박시설,숙박시설,숙박시설,제주,제주시,제주 제주시 연동 290-81 더스테이제주 290 8층 910호,"244,000,000","58,584,000",낙찰,"80,199,000",32.9%,2025-05-27,2025_2Q,2
제주 5계 2024-7071,임야,임야,임야,제주,제주시,제주 제주시 애월읍 납읍리 123-1,"172,710,000","59,240,000",낙찰,"84,628,000",49.0%,2025-04-22,2025_2Q,2
제주 8계 2024-7101,선박,기타토지,기타토지,제주,서귀포시,제주 서귀포시 남원읍 위미리 위미1리항 (주)세경내 보관,"317,272,250","108,825,000",낙찰,"119,411,000",37.6%,2025-04-22,2025_2Q,2
제주 4계 2024-7156,전,전,전,제주,제주시,제주 제주시 구좌읍 세화리 802,"103,912,000","50,917,000",낙찰,"57,750,000",55.6%,2025-02-04,2025_1Q,3
제주 5계 2024-7163,전,전,전,제주,서귀포시,제주 서귀포시 대정읍 상모리 2435-1,"1,233,936,000","296,268,000",낙찰,"354,000,000",28.7%,2025-04-22,2025_2Q,2
제주 4계 2024-7309,대지,나대지,나대지,제주,제주시,제주 제주시 구좌읍 김녕리 1497-1,"476,875,000","114,498,000",낙찰,"165,320,000",34.7%,2025-05-27,2025_2Q,2
제주 7계 2024-7422,오피스텔(주거),오피스텔,오피스텔(업무용),제주,제주시,제주 제주시 삼도일동 566-20 삼도유화에버빌 2층 203호,"284,000,000","198,800,000",낙찰,"230,000,000",81.0%,2025-06-24,2025_2Q,2
제주 3계 2024-7460,아파트,아파트,아파트,제주,제주시,제주 제주시 일도이동 417-3 서해 2동 5층 509호,"344,000,000","344,000,000",낙찰,"344,110,000",100.0%,2025-06-24,2025_2Q,2
제주 5계 2024-7491,아파트,아파트,아파트,제주,제주시,제주 제주시 노형동 1282-3 세기3차 5층 507호,"274,000,000","191,800,000",낙찰,"241,000,000",88.0%,2025-06-04,2025_2Q,2
제주 5계 2024-7569,연립,연립주택,연립·빌라,제주,제주시,제주 제주시 이도이동 1928-15 막은내시영연립주택 다동 1층 112호,"77,000,000","53,900,000",낙찰,"64,500,000",83.8%,2025-06-04,2025_2Q,2
제주 8계 2024-7583,다세대,다세대주택,다세대,제주,제주시,제주 제주시 오등동 1334-5 오등동휴안2차 101동 3층 301호,"314,000,000","219,800,000",낙찰,"275,600,000",87.8%,2025-03-18,2025_1Q,2
제주 4계 2024-7613,전,전,전,제주,서귀포시,제주 서귀포시 안덕면 사계리 3486-1,"2,338,908,000","393,100,000",낙찰,"421,000,000",18.0%,2025-05-27,2025_2Q,2
제주 5계 2024-7620,임야,임야,임야,제주,제주시,제주 제주시 한경면 조수리 2092,"1,767,064,000","424,272,000",낙찰,"521,080,000",29.5%,2025-04-22,2025_2Q,2
제주 7계 2024-7743,아파트,아파트,아파트,제주,서귀포시,제주 서귀포시 서귀동 307-17 태흥엘리시안 3층 301호,"220,000,000","154,000,000",낙찰,"178,520,000",81.1%,2025-06-24,2025_2Q,2
제주 4계 2024-7903,다세대,다세대주택,다세대,제주,서귀포시,제주 서귀포시 성산읍 고성리 1490 성산파미유 가동 5층 602호,"295,000,000","144,550,000",낙찰,"185,310,000",62.8%,2025-03-11,2025_1Q,3
제주 7계 2024-8012,전,전,전,제주,서귀포시,제주 서귀포시 대정읍 무릉리 1099-9,"736,362,000","515,453,000",낙찰,"572,000,000",77.7%,2025-06-24,2025_2Q,2
제주 8계 2024-8029,전,전,전,제주,제주시,제주 제주시 한림읍 귀덕리 1112,"836,352,000","286,868,000",낙찰,"311,110,000",37.2%,2025-06-04,2025_2Q,2
제주 4계 2024-8074,연립,연립주택,연립·빌라,제주,제주시,제주 제주시 이도이동 2042-4 수미안 5층 502호,"453,000,000","317,100,000",낙찰,"381,500,000",84.2%,2025-03-11,2025_1Q,3
제주 5계 2024-8180,단독주택,단독,단독주택,제주,제주시,제주 제주시 한림읍 금능리 403-12,"227,084,610","158,959,000",낙찰,"180,000,000",79.3%,2025-06-04,2025_2Q,2
제주 6계 2024-8197,다세대,다세대주택,다세대,제주,서귀포시,제주 서귀포시 안덕면 서광리 1395 라모인빌리지 107동 2층 202호,"225,000,000","157,500,000",낙찰,"161,110,000",71.6%,2025-05-27,2025_2Q,2
제주 5계 2024-8364,아파트,아파트,아파트,제주,제주시,"제주 제주시 외도일동 440-1 ,440-9 상익푸르미르 4층 502호","320,000,000","224,000,000",낙찰,"294,000,000",91.9%,2025-06-04,2025_2Q,2
제주 5계 2024-8449(1),단독주택,단독,단독주택,제주,제주시,제주 제주시 애월읍 납읍리 409-6,"736,656,000","360,961,000",낙찰,"372,110,000",50.5%,2025-04-22,2025_2Q,2
제주 5계 2024-8449(2),단독주택,단독,단독주택,제주,제주시,제주 제주시 애월읍 납읍리 409-10,"645,016,500","316,058,000",낙찰,"365,210,003",56.6%,2025-04-22,2025_2Q,2
제주 5계 2024-8449(3),단독주택,단독,단독주택,제주,제주시,제주 제주시 애월읍 납읍리 409-9,"640,616,500","313,902,000",낙찰,"314,220,000",49.0%,2025-04-22,2025_2Q,2
제주 6계 2024-8548,임야,임야,임야,제주,서귀포시,제주 서귀포시 성산읍 고성리 1710-2,"14,872,940","14,872,940",낙찰,"15,000,000",100.9%,2025-05-27,2025_2Q,2
제주 8계 2024-8562,콘도,기타토지,기타토지,제주,서귀포시,제주 서귀포시 표선면 토산리 17 샤인빌 샤인빌리지동 5층 2535호,"27,000,000","13,230,000",낙찰,"17,300,000",64.1%,2025-06-04,2025_2Q,2
제주 4계 2024-8708,과수원,과수원,과수원,제주,제주시,제주 제주시 오등동 1094,"329,946,000","161,673,000",낙찰,"181,050,000",54.9%,2025-03-11,2025_1Q,3
제주 8계 2024-8753,숙박시설,숙박시설,숙박시설,제주,제주시,제주 제주시 이도이동 1025-8 라마다제주시티호텔 5층 512호,"135,000,000","66,150,000",낙찰,"66,300,000",49.1%,2025-06-04,2025_2Q,2
제주 5계 2024-8807,다세대,다세대주택,다세대,제주,제주시,제주 제주시 애월읍 고내리 892-1 라메르 101동 4층 401호,"230,000,000","161,000,000",낙찰,"167,490,000",72.8%,2025-06-04,2025_2Q,2
제주 4계 2024-8937,오피스텔,오피스텔,오피스텔(업무용),제주,제주시,제주 제주시 노형동 711 에이스텔 7층 607호,"82,600,000","82,600,000",낙찰,"90,020,000",109.0%,2025-03-11,2025_1Q,3
제주 8계 2024-9107,오피스텔(주거),오피스텔,오피스텔(업무용),제주,서귀포시,제주 서귀포시 대정읍 보성리 2530 제주아이파크스위트 더블유동 1층 102호,"900,000,000","441,000,000",낙찰,"465,555,000",51.7%,2025-06-04,2025_2Q,2
제주 4계 2024-9169,다세대,다세대주택,다세대,제주,제주시,제주 제주시 삼도일동 305-105 동서빌라 지하층 1호,"83,000,000","40,670,000",낙찰,"50,000,000",60.2%,2025-03-11,2025_1Q,3
제주 4계 2024-9244,전,전,전,제주,서귀포시,제주 서귀포시 표선면 표선리 79-1,"2,323,590,000","796,991,000",낙찰,"965,545,000",41.6%,2025-04-15,2025_2Q,2
제주 4계 2024-9336,전,전,전,제주,제주시,제주 제주시 애월읍 하귀2리 2675-1,"321,816,000","157,690,000",낙찰,"157,710,000",49.0%,2025-03-11,2025_1Q,3
제주 8계 2024-9374,연립,연립주택,연립·빌라,제주,제주시,"제주 제주시 봉개동 1739-1 ,1764-1,1737-1 봉개반석아르미 104동 2층 207호","207,000,000","144,900,000",낙찰,"172,000,000",83.1%,2025-04-22,2025_2Q,2
제주 4계 2024-9510,아파트,아파트,아파트,제주,제주시,"제주 제주시 도남동 800 ,46-5 도남1차이-편한세상 110동 1층 101호","545,000,000","381,500,000",낙찰,"481,499,999",88.3%,2025-03-11,2025_1Q,3
제주 7계 2024-9558,선박,기타토지,기타토지,제주,제주시,제주 제주시 구좌읍 세화리 세화포구내 보관(범호개발(주)에게 보관),"261,780,700","128,272,000",낙찰,"161,120,000",61.5%,2025-06-24,2025_2Q,2
제주 4계 2024-9879,주상복합(주거),기타토지,기타토지,제주,제주시,제주 제주시 연동 260-24 갤럭시타운 9층 903호,"161,000,000","112,700,000",낙찰,"129,009,999",80.1%,2025-04-15,2025_2Q,2
제주 4계 2024-10060,선박,기타토지,기타토지,제주,서귀포시,제주 서귀포시 성산읍 성산리 347-5 성산해경파출소 앞 포구 보관,"820,695,000","402,141,000",낙찰,"482,000,000",58.7%,2025-05-27,2025_2Q,2
제주 4계 2024-10237,단독주택,단독,단독주택,제주,서귀포시,제주 서귀포시 강정동 1961-4,"579,841,960","405,889,000",낙찰,"445,000,000",76.7%,2025-04-15,2025_2Q,2
제주 4계 2024-10343,연립,연립주택,연립·빌라,제주,제주시,"제주 제주시 한림읍 옹포리 809 ,792-1,792-2 서해 pastel 101동 4층 503호","248,000,000","173,600,000",낙찰,"182,350,000",73.5%,2025-04-15,2025_2Q,2
제주 4계 2024-10640,오피스텔,오피스텔,오피스텔(업무용),제주,제주시,"제주 제주시 노형동 2574-2 ,2574-3 노형휴캐슬 5층 506호","351,000,000","171,990,000",낙찰,"234,320,000",66.8%,2025-05-27,2025_2Q,2
제주 5계 2024-10725,임야,임야,임야,제주,서귀포시,제주 서귀포시 성산읍 삼달리 1600,"244,580,000","244,580,000",낙찰,"250,000,000",102.2%,2025-06-04,2025_2Q,2
제주 7계 2024-11704,연립,연립주택,연립·빌라,제주,서귀포시,제주 서귀포시 하효동 1461 하효동2차이도빌리지 2동 3층 308호,"144,000,000","100,800,000",낙찰,"122,400,000",85.0%,2025-06-24,2025_2Q,2
제주 7계 2024-11971,차량,기타토지,기타토지,제주,제주시,제주 제주시 용담삼동 1274-1 현대물품보관소(주)내 보관,"21,000,000","14,700,000",낙찰,"17,310,000",82.4%,2025-04-08,2025_2Q,2
제주 4계 2024-12035,아파트,아파트,아파트,제주,제주시,"제주 제주시 건입동 985-4 ,984-160,987-3,987-5 해미소 6층 702호","59,000,000","41,300,000",낙찰,"43,400,000",73.6%,2025-04-15,2025_2Q,2
제주 7계 2024-12424,선박,기타토지,기타토지,제주,서귀포시,제주 서귀포시 서귀동 (주)세경내 보관,"1,502,584,000","1,051,809,000",낙찰,"1,177,000,000",78.3%,2025-06-24,2025_2Q,2
제주 7계 2024-12608,선박,기타토지,기타토지,제주,제주시,제주 제주시 한경면 고산리 자구내포구 컴포즈커피숍 앞 (주)세경내 보관,"222,925,850","109,233,000",낙찰,"110,111,000",49.4%,2025-05-20,2025_2Q,2
제주 4계 2024-12929,주상복합(주거),기타토지,기타토지,제주,제주시,제주 제주시 연동 268-6 도원아미스2 3층 302호,"261,000,000","261,000,000",낙찰,"271,010,000",103.8%,2025-04-15,2025_2Q,2
제주 4계 2024-13038,다세대,다세대주택,다세대,제주,제주시,제주 제주시 삼도이동 300-17 삼도골드빌1차 7층 701호,"288,000,000","201,600,000",낙찰,"238,888,000",82.9%,2025-05-27,2025_2Q,2
제주 4계 2024-13472,임야,임야,임야,제주,서귀포시,제주 서귀포시 성산읍 고성리 2730-3,"123,847,000","86,693,000",낙찰,"113,000,000",91.2%,2025-05-27,2025_2Q,2
제주 9계 2024-20005,과수원,과수원,과수원,제주,제주시,제주 제주시 애월읍 하가리 565-1,"750,008,000","257,253,000",낙찰,"286,003,000",38.1%,2025-01-14,2025_1Q,3
제주 3계 2024-20036,임야,임야,임야,제주,제주시,제주 제주시 한림읍 월령리 520-18,"26,880,000","18,816,000",낙찰,"18,816,000",70.0%,2025-03-04,2025_1Q,3
제주 6계 2024-20067,전,전,전,제주,제주시,제주 제주시 구좌읍 하도리 791,"713,337,000","244,675,000",낙찰,"309,000,000",43.3%,2025-04-15,2025_2Q,2
제주 9계 2024-20074(1),잡종지,잡종지,잡종지,제주,서귀포시,제주 서귀포시 대정읍 안성리 756,"125,715,000","21,130,000",낙찰,"27,558,000",21.9%,2025-04-01,2025_2Q,2
제주 9계 2024-20074(3),잡종지,잡종지,잡종지,제주,서귀포시,제주 서귀포시 대정읍 안성리 782,"132,608,000","31,840,000",낙찰,"32,100,000",24.2%,2025-02-25,2025_1Q,3
제주 3계 2024-20128,대지,나대지,나대지,제주,제주시,제주 제주시 한림읍 귀덕리 1043,"13,776,500","13,776,500",낙찰,"14,680,000",106.6%,2025-01-21,2025_1Q,3
제주 6계 2024-20142,임야,임야,임야,제주,제주시,제주 제주시 구좌읍 종달리 3537,"471,520,000","79,248,000",낙찰,"100,000,000",21.2%,2025-04-15,2025_2Q,2
제주 9계 2024-20234,전,전,전,제주,제주시,제주 제주시 조천읍 신촌리 3519,"1,544,170,000","756,643,000",낙찰,"777,700,000",50.4%,2025-01-14,2025_1Q,3
제주 9계 2024-20241,임야,임야,임야,제주,제주시,제주 제주시 오라이동 362-2,"1,836,440,000","629,899,000",낙찰,"915,000,000",49.8%,2025-05-13,2025_2Q,2
제주 3계 2024-20272(1),주상복합(상가),기타토지,기타토지,제주,제주시,제주 제주시 노형동 2526-2 헤레스노형 지1층 지101호,"416,000,000","142,688,000",낙찰,"165,000,000",39.7%,2025-05-20,2025_2Q,2
제주 3계 2024-20272(2),주상복합(주거),기타토지,기타토지,제주,제주시,제주 제주시 노형동 2526-2 헤레스노형 3층 302호,"445,000,000","311,500,000",낙찰,"377,300,000",84.8%,2025-03-04,2025_1Q,3
제주 9계 2024-20487,목장용지,기타토지,목장용지,제주,제주시,제주 제주시 조천읍 선흘리 446,"1,042,272,000","357,499,000",낙찰,"371,580,000",35.7%,2025-02-25,2025_1Q,3
제주 9계 2024-20555,전,전,전,제주,제주시,제주 제주시 구좌읍 동복리 465,"261,700,140","62,834,000",낙찰,"65,344,000",25.0%,2025-04-01,2025_2Q,2
제주 6계 2024-20623,단독주택,단독,단독주택,제주,서귀포시,"제주 서귀포시 상효동 730-1 ,731,732-2,732-5,732-10,732-11 브릭가드카운티 115동","739,782,470","362,494,000",낙찰,"480,000,000",64.9%,2025-02-04,2025_1Q,3
제주 6계 2024-20630,단독주택,단독,단독주택,제주,서귀포시,"제주 서귀포시 상효동 730-1 ,731,732-2,732-5,732-10,732-11","769,878,015","377,241,000",낙찰,"580,000,000",75.3%,2025-03-11,2025_1Q,3
제주 2계 2024-20678,다세대,다세대주택,다세대,제주,제주시,"제주 제주시 조천읍 신흥리 173-2 ,174,176,176-1 스퀘어오션타운 101동 3,4층302호","370,000,000","259,000,000",낙찰,"267,600,000",72.3%,2025-06-17,2025_2Q,2
제주 9계 2024-20685(1),전,전,전,제주,서귀포시,제주 서귀포시 대정읍 무릉리 1763-1,"19,244,750","6,601,000",낙찰,"6,601,000",34.3%,2025-02-25,2025_1Q,3
제주 9계 2024-20715(2),전,전,전,제주,제주시,제주 제주시 한림읍 금능리 1059,"280,700,000","96,280,000",낙찰,"121,010,000",43.1%,2025-02-25,2025_1Q,3
제주 7계 2024-20791,근린상가,근린상가,근린상가,제주,제주시,제주 제주시 한경면 저지리 3118-1 1동,"1,219,181,100","418,179,000",낙찰,"560,823,000",46.0%,2025-03-04,2025_1Q,3
제주 8계 2024-20807,단독주택,단독,단독주택,제주,서귀포시,제주 서귀포시 대정읍 신평리 991,"1,484,266,200","509,103,000",낙찰,"710,150,000",47.8%,2025-03-18,2025_1Q,2
제주 3계 2024-20838,연립,연립주택,연립·빌라,제주,제주시,제주 제주시 아라이동 830-4 아라마루 104동 4층 501호,"448,000,000","313,600,000",낙찰,"381,904,000",85.2%,2025-03-04,2025_1Q,3
제주 9계 2024-20869,전,전,전,제주,서귀포시,제주 서귀포시 표선면 가시리 1319-7,"323,988,000","111,128,000",낙찰,"171,100,000",52.8%,2025-05-13,2025_2Q,2
제주 9계 2024-20944(1),과수원,과수원,과수원,제주,서귀포시,제주 서귀포시 남원읍 신례리 759-1,"1,484,876,000","356,518,000",낙찰,"451,700,000",30.4%,2025-04-01,2025_2Q,2
제주 9계 2024-20944(2),전,전,전,제주,제주시,제주 제주시 구좌읍 종달리 3932,"151,554,000","25,472,000",낙찰,"31,600,000",20.9%,2025-05-13,2025_2Q,2
제주 7계 2024-20951,전,전,전,제주,제주시,제주 제주시 한경면 고산리 1688-40,"67,250,000","16,147,000",낙찰,"18,777,000",27.9%,2025-04-08,2025_2Q,2
제주 8계 2024-20968(2),임야,임야,임야,제주,제주시,제주 제주시 애월읍 소길리 155-9,"1,117,321,000","383,242,000",낙찰,"400,200,000",35.8%,2025-02-11,2025_1Q,3
제주 8계 2024-20968(4),임야,임야,임야,제주,서귀포시,제주 서귀포시 안덕면 서광리 1728,"296,000,000","49,749,000",낙찰,"55,777,000",18.8%,2025-06-04,2025_2Q,2
제주 8계 2024-20968(5),과수원,과수원,과수원,제주,제주시,제주 제주시 애월읍 애월리 817,"1,722,136,120","590,693,000",낙찰,"651,000,000",37.8%,2025-02-11,2025_1Q,3
제주 9계 2024-21046,다세대,다세대주택,다세대,제주,제주시,제주 제주시 도남동 1025-1 오성스위트빌 105동 지1층 비101호,"121,000,000","41,503,000",낙찰,"46,190,000",38.2%,2025-04-01,2025_2Q,2
제주 9계 2024-21077,임야,임야,임야,제주,제주시,제주 제주시 한림읍 금악리 689-7,"24,732,000","8,483,000",낙찰,"8,500,000",34.4%,2025-04-01,2025_2Q,2
제주 9계 2024-21190,과수원,과수원,과수원,제주,서귀포시,제주 서귀포시 안덕면 서광리 2388-1,"797,544,000","390,797,000",낙찰,"650,000,000",81.5%,2025-02-25,2025_1Q,3
제주 3계 2024-21244,단독주택,단독,단독주택,제주,서귀포시,제주 서귀포시 대정읍 일과리 970-7,"679,166,680","475,417,000",낙찰,"492,396,000",72.5%,2025-03-04,2025_1Q,3
제주 6계 2024-21268,목장용지,기타토지,목장용지,제주,서귀포시,제주 서귀포시 성산읍 수산리 3302-8,"10,725,000","3,679,000",낙찰,"5,310,000",49.5%,2025-03-11,2025_1Q,3
제주 9계 2024-21282,연립,연립주택,연립·빌라,제주,서귀포시,"제주 서귀포시 동홍동 1902-7 ,1909,1910-4 루체비스타 102동 2층 204호","326,000,000","159,740,000",낙찰,"198,000,000",60.7%,2025-02-25,2025_1Q,3
제주 1계 2024-21305,연립,연립주택,연립·빌라,제주,서귀포시,제주 서귀포시 강정동 1544 WINDSOR CASTLE 101동 3층 305호,"284,000,000","139,160,000",낙찰,"181,010,000",63.7%,2025-02-18,2025_1Q,3
제주 3계 2024-21312,임야,임야,임야,제주,제주시,제주 제주시 조천읍 선흘리 4138-4,"76,038,000","26,081,000",낙찰,"28,150,000",37.0%,2025-05-20,2025_2Q,2
제주 9계 2024-21350(1),임야,임야,임야,제주,서귀포시,제주 서귀포시 대정읍 보성리 386-2,"96,000,000","32,928,000",낙찰,"37,777,990",39.4%,2025-04-01,2025_2Q,2
제주 3계 2024-21398,숙박시설,숙박시설,숙박시설,제주,제주시,"제주 제주시 건입동 1443 ,1443-1 호텔리젠트마린더블루 8층 806호","179,000,000","87,710,000",낙찰,"108,820,000",60.8%,2025-05-20,2025_2Q,2
제주 9계 2024-21442,전,전,전,제주,서귀포시,제주 서귀포시 성산읍 삼달리 1425,"901,670,000","309,273,000",낙찰,"372,000,000",41.3%,2025-04-01,2025_2Q,2
제주 2계 2024-21541,단독주택,단독,단독주택,제주,제주시,제주 제주시 애월읍 광령리 2416-1 3동,"591,106,480","289,643,000",낙찰,"415,500,000",70.3%,2025-04-01,2025_2Q,2
제주 9계 2024-21664(1),전,전,전,제주,제주시,제주 제주시 한경면 고산리 3126-10,"272,080,000","93,323,000",낙찰,"110,000,000",40.4%,2025-04-01,2025_2Q,2
제주 9계 2024-21664(2),전,전,전,제주,제주시,제주 제주시 한경면 고산리 3127-20,"415,740,000","142,599,000",낙찰,"163,000,000",39.2%,2025-04-01,2025_2Q,2
제주 3계 2024-21671(1),근린상가,근린상가,근린상가,제주,제주시,제주 제주시 이도이동 1768-2,"4,040,447,500","2,828,313,000",낙찰,"2,851,000,000",70.6%,2025-06-24,2025_2Q,2
제주 7계 2024-21688(1),창고,기타건물,창고,제주,서귀포시,제주 서귀포시 남원읍 위미리 2312,"1,455,562,700","1,018,894,000",낙찰,"1,156,789,999",79.5%,2025-01-21,2025_1Q,3
제주 7계 2024-21688(2),창고,기타건물,창고,제주,서귀포시,제주 서귀포시 남원읍 위미리 2489-1,"4,200,752,780","2,058,369,000",낙찰,"2,136,830,000",50.9%,2025-05-20,2025_2Q,2
제주 9계 2024-21756,아파트,아파트,아파트,제주,제주시,제주 제주시 외도일동 491-8 미소드림 5층 602호,"251,000,000","175,700,000",낙찰,"222,300,000",88.6%,2025-01-14,2025_1Q,3
제주 1계 2024-21787,단독주택,단독,단독주택,제주,서귀포시,제주 서귀포시 상예동 3126-3 가동,"862,005,680","422,383,000",낙찰,"449,900,000",52.2%,2025-03-25,2025_1Q,2
제주 7계 2024-21855,단독주택,단독,단독주택,제주,서귀포시,제주 서귀포시 남원읍 남원리 784-1,"149,092,020","73,055,000",낙찰,"78,121,000",52.4%,2025-04-08,2025_2Q,2
제주 6계 2024-21909(1),전,전,전,제주,서귀포시,제주 서귀포시 강정동 1061,"689,606,000","165,575,000",낙찰,"166,010,000",24.1%,2025-04-15,2025_2Q,2
제주 6계 2024-21909(2),대지,나대지,나대지,제주,서귀포시,제주 서귀포시 법환동 1127-3,"228,337,500","78,320,000",낙찰,"89,999,999",39.4%,2025-03-11,2025_1Q,3
제주 7계 2024-21916(1),단독주택,단독,단독주택,제주,제주시,"제주 제주시 아라일동 1828-1 ,1826-9 A동","2,395,539,510","1,173,815,000",낙찰,"1,611,000,000",67.2%,2025-03-04,2025_1Q,3
제주 7계 2024-21916(2),근린주택,근린주택,근린주택,제주,제주시,제주 제주시 이도이동 2006-1,"1,805,652,820","1,263,957,000",낙찰,"1,591,000,000",88.1%,2025-01-21,2025_1Q,3
제주 7계 2024-21992,숙박시설,숙박시설,숙박시설,제주,서귀포시,제주 서귀포시 색달동 2534-1,"2,963,461,840","1,452,096,000",낙찰,"2,244,000,000",75.7%,2025-06-24,2025_2Q,2
제주 2계 2024-22025(5),임야,임야,임야,제주,서귀포시,제주 서귀포시 안덕면 감산리 663,"628,915,000","628,915,000",낙찰,"628,920,000",100.0%,2025-06-17,2025_2Q,2
제주 9계 2024-22032(1),대지,나대지,나대지,제주,제주시,제주 제주시 이도이동 1064,"1,970,178,000","675,772,000",낙찰,"676,000,000",34.3%,2025-04-01,2025_2Q,2
제주 9계 2024-22032(2),임야,임야,임야,제주,제주시,제주 제주시 조천읍 대흘리 산26,"6,966,000","3,413,000",낙찰,"3,675,000",52.8%,2025-02-25,2025_1Q,3
제주 9계 2024-22032(3),과수원,과수원,과수원,제주,제주시,제주 제주시 아라일동 1940,"208,141,440","49,974,000",낙찰,"49,974,000",24.0%,2025-05-13,2025_2Q,2
제주 9계 2024-22063,임야,임야,임야,제주,제주시,제주 제주시 한림읍 상명리 284,"161,522,100","55,402,000",낙찰,"62,200,000",38.5%,2025-04-01,2025_2Q,2
제주 9계 2024-22070,단독주택,단독,단독주택,제주,제주시,"제주 제주시 조천읍 함덕리 23 ,24 104동","343,459,400","168,295,000",낙찰,"219,500,000",63.9%,2025-04-01,2025_2Q,2
제주 3계 2024-22193,단독주택,단독,단독주택,제주,제주시,제주 제주시 조천읍 신촌리 1419-1 7동호,"413,167,958","202,453,000",낙찰,"227,240,000",55.0%,2025-05-20,2025_2Q,2
제주 3계 2024-22261,근린상가,근린상가,근린상가,제주,서귀포시,제주 서귀포시 서귀동 313-6 천지연리슈빌DS 1층 101호,"267,000,000","91,581,000",낙찰,"92,100,000",34.5%,2025-05-20,2025_2Q,2
제주 9계 2024-22308,단독주택,단독,단독주택,제주,제주시,제주 제주시 애월읍 소길리 845-2 104동,"418,907,360","293,235,000",낙찰,"350,000,000",83.6%,2025-01-14,2025_1Q,3
제주 3계 2024-22339,잡종지,잡종지,잡종지,제주,제주시,제주 제주시 애월읍 수산리 1522,"1,466,500,000","503,010,000",낙찰,"533,333,000",36.4%,2025-05-20,2025_2Q,2
제주 7계 2024-22377(1),임야,임야,임야,제주,서귀포시,제주 서귀포시 표선면 성읍리 405-5,"591,456,000","202,869,000",낙찰,"233,790,000",39.5%,2025-05-20,2025_2Q,2
제주 7계 2024-22377(2),임야,임야,임야,제주,서귀포시,제주 서귀포시 표선면 성읍리 405-4,"298,452,000","146,241,000",낙찰,"156,000,000",52.3%,2025-04-08,2025_2Q,2
제주 3계 2024-22445,다세대,다세대주택,다세대,제주,제주시,"제주 제주시 조천읍 신흥리 173-2 ,174,176,176-1 스퀘어오션타운 107동 3,4층302호","369,000,000","180,810,000",낙찰,"293,112,212",79.4%,2025-04-08,2025_2Q,2
제주 9계 2024-22490,단독주택,단독,단독주택,제주,서귀포시,제주 서귀포시 표선면 토산리 460-8,"240,378,520","168,265,000",낙찰,"175,100,000",72.8%,2025-02-25,2025_1Q,3
제주 9계 2024-22551,전,전,전,제주,제주시,제주 제주시 애월읍 광령리 1920,"290,975,000","142,578,000",낙찰,"172,100,000",59.1%,2025-06-17,2025_2Q,2
제주 6계 2024-22629,묘지,기타토지,기타토지,제주,서귀포시,제주 서귀포시 대포동 817,"19,947,000","4,789,000",낙찰,"5,350,000",26.8%,2025-04-15,2025_2Q,2
제주 1계 2024-22650,축사,기타토지,기타토지,제주,제주시,제주 제주시 한림읍 금악리 1174-7 가동,"940,786,270","940,786,270",낙찰,"1,328,000,000",141.2%,2025-04-29,2025_2Q,2
제주 2계 2024-22674(1),점포,근린상가,점포상가,제주,제주시,제주 제주시 연동 294-43,"3,813,593,050","3,813,593,050",낙찰,"4,300,000,000",112.8%,2025-05-13,2025_2Q,2
제주 9계 2024-22926(2),전,전,전,제주,서귀포시,제주 서귀포시 성산읍 성산리 262-4,"160,160,000","54,935,000",낙찰,"63,500,000",39.6%,2025-05-13,2025_2Q,2
제주 5계 2024-23028,과수원,과수원,과수원,제주,서귀포시,제주 서귀포시 대포동 295,"810,152,000","277,882,000",낙찰,"316,000,000",39.0%,2025-02-11,2025_1Q,3
제주 5계 2024-23103,숙박시설,숙박시설,숙박시설,제주,서귀포시,제주 서귀포시 서귀동 829-5 엠스테이호텔제주 9층 904호,"118,000,000","19,832,000",낙찰,"25,110,000",21.3%,2025-02-11,2025_1Q,3
제주 9계 2024-23264(1),전,전,전,제주,서귀포시,제주 서귀포시 동홍동 1782,"249,498,000","174,649,000",낙찰,"185,000,000",74.1%,2025-04-01,2025_2Q,2
제주 9계 2024-23264(2),전,전,전,제주,서귀포시,제주 서귀포시 동홍동 1781,"319,145,000","223,402,000",낙찰,"275,000,000",86.2%,2025-04-01,2025_2Q,2
제주 7계 2024-23271,근린주택,근린주택,근린주택,제주,제주시,"제주 제주시 조천읍 교래리 11-4 ,11-5","1,856,671,800","636,838,000",낙찰,"671,060,000",36.1%,2025-05-20,2025_2Q,2
제주 8계 2024-23288,단독주택,단독,단독주택,제주,제주시,제주 제주시 애월읍 소길리 845-2 107동,"461,410,720","77,550,000",낙찰,"78,000,000",16.9%,2025-04-22,2025_2Q,2
제주 3계 2024-23318,아파트,아파트,아파트,제주,서귀포시,제주 서귀포시 서홍동 1588-7 오페라하우스 3층 308호,"153,000,000","107,100,000",낙찰,"126,500,000",82.7%,2025-04-08,2025_2Q,2
제주 7계 2024-23363,임야,임야,임야,제주,제주시,제주 제주시 애월읍 유수암리 875,"1,359,650,000","466,360,000",낙찰,"616,120,000",45.3%,2025-06-24,2025_2Q,2
제주 7계 2024-23448,연립,연립주택,연립·빌라,제주,서귀포시,제주 서귀포시 강정동 5670 서귀포강정코아루2차 103동 3층 303호,"358,000,000","250,600,000",낙찰,"265,000,000",74.0%,2025-01-21,2025_1Q,3
제주 8계 2024-23684,임야,임야,임야,제주,서귀포시,제주 서귀포시 대정읍 무릉리 1808,"1,600,641,000","784,314,000",낙찰,"832,000,000",52.0%,2025-02-11,2025_1Q,3
제주 1계 2024-23707,전,전,전,제주,서귀포시,제주 서귀포시 대정읍 일과리 1350-3,"211,923,000","72,689,000",낙찰,"75,000,000",35.4%,2025-03-25,2025_1Q,2
제주 8계 2024-23844,전,전,전,제주,제주시,제주 제주시 조천읍 조천리 277,"377,715,000","90,690,000",낙찰,"128,660,000",34.1%,2025-06-04,2025_2Q,2
제주 1계 2024-23851,연립,연립주택,연립·빌라,제주,서귀포시,제주 서귀포시 법환동 1571 법환코아루 102동 1층 104호,"670,000,000","328,300,000",낙찰,"413,760,000",61.8%,2025-01-07,2025_1Q,3
제주 1계 2024-23929,연립,연립주택,연립·빌라,제주,서귀포시,제주 서귀포시 강정동 1544 윈저캐슬빌라 102동 2층 201호,"319,000,000","156,310,000",낙찰,"186,110,000",58.3%,2025-01-07,2025_1Q,3
제주 1계 2024-24007,숙박시설,숙박시설,숙박시설,제주,서귀포시,제주 서귀포시 법환동 745-7 JS라메르1차 1층 104호,"95,000,000","46,550,000",낙찰,"46,770,000",49.2%,2025-01-07,2025_1Q,3
제주 8계 2024-24076,임야,임야,임야,제주,서귀포시,제주 서귀포시 표선면 성읍리 253-1,"2,210,900,000","1,083,341,000",낙찰,"1,411,100,000",63.8%,2025-02-11,2025_1Q,3
제주 7계 2024-24120,전,전,전,제주,제주시,제주 제주시 한림읍 상대리 3798,"713,440,000","171,297,000",낙찰,"188,820,000",26.5%,2025-05-20,2025_2Q,2
제주 6계 2024-24137,단독주택,단독,단독주택,제주,제주시,제주 제주시 애월읍 소길리 845-2 103동,"428,924,520","210,173,000",낙찰,"350,000,000",81.6%,2025-02-04,2025_1Q,3
제주 8계 2024-24151,근린상가,근린상가,근린상가,제주,서귀포시,제주 서귀포시 서귀동 310-26,"1,095,270,840","536,683,000",낙찰,"541,110,000",49.4%,2025-02-11,2025_1Q,3
제주 4계 2024-24205(1),임야,임야,임야,제주,서귀포시,제주 서귀포시 성산읍 수산리 3693-3,"446,310,000","218,692,000",낙찰,"221,110,000",49.5%,2025-05-27,2025_2Q,2
제주 6계 2024-24212(1),숙박시설,숙박시설,숙박시설,제주,서귀포시,제주 서귀포시 서귀동 255-1 호텔골든데이지서귀포오션 3층 319호,"76,000,000","18,248,000",낙찰,"18,610,000",24.5%,2025-05-27,2025_2Q,2
제주 6계 2024-24212(2),숙박시설,숙박시설,숙박시설,제주,서귀포시,제주 서귀포시 서귀동 255-1 호텔골든데이지서귀포오션 3층 320호,"76,000,000","18,248,000",낙찰,"20,310,000",26.7%,2025-05-27,2025_2Q,2
제주 1계 2024-24243,전,전,전,제주,서귀포시,제주 서귀포시 대정읍 동일리 1979,"373,670,000","183,098,000",낙찰,"205,000,000",54.9%,2025-01-07,2025_1Q,3
제주 9계 2024-24298,대지,나대지,나대지,제주,서귀포시,제주 서귀포시 안덕면 사계리 2076-4,"50,940,000","35,658,000",낙찰,"50,910,000",99.9%,2025-06-17,2025_2Q,2
제주 2계 2024-24335,차량,기타토지,기타토지,제주,제주시,제주 제주시 용담삼동 1274-1 현대물품보관(주)내 보관,"6,500,000","3,185,000",낙찰,"3,630,000",55.8%,2025-02-25,2025_1Q,3
제주 1계 2024-24403,숙박시설,숙박시설,숙박시설,제주,제주시,제주 제주시 조천읍 대흘리 1728-2 메이풀하우스유스호스텔 1층 104호,"88,000,000","43,120,000",낙찰,"53,699,000",61.0%,2025-01-07,2025_1Q,3
제주 6계 2024-24458(3),대지,나대지,나대지,제주,서귀포시,제주 서귀포시 남원읍 신례리 75-2,"553,410,000","189,820,000",낙찰,"221,364,000",40.0%,2025-04-15,2025_2Q,2
제주 9계 2024-24540,근린상가,근린상가,근린상가,제주,제주시,제주 제주시 한림읍 한림리 1301-2,"287,409,500","140,831,000",낙찰,"206,311,119",71.8%,2025-05-13,2025_2Q,2
제주 2계 2024-24649,차량,기타토지,기타토지,제주,제주시,제주 제주시 애월읍 광령리 509-2 (주)세경내 보관,"14,000,000","9,800,000",낙찰,"10,500,000",75.0%,2025-01-14,2025_1Q,3
제주 1계 2024-24793(1),전,전,전,제주,서귀포시,제주 서귀포시 성산읍 시흥리 217,"136,090,000","46,679,000",낙찰,"75,110,000",55.2%,2025-03-25,2025_1Q,2
제주 1계 2024-24793(2),전,전,전,제주,서귀포시,제주 서귀포시 성산읍 시흥리 218,"76,446,000","26,221,000",낙찰,"30,100,000",39.4%,2025-03-25,2025_1Q,2
제주 9계 2024-24922,연립,연립주택,연립·빌라,제주,서귀포시,"제주 서귀포시 동홍동 1902-7 ,1909,1910-4 루체비스타 103동 2층 201호","356,000,000","174,440,000",낙찰,"229,999,000",64.6%,2025-05-13,2025_2Q,2
제주 9계 2024-25185,연립,연립주택,연립·빌라,제주,서귀포시,"제주 서귀포시 동홍동 1902-7 ,1909,1910-4 루체비스타 101동 3층 302호","323,000,000","158,270,000",낙찰,"197,899,999",61.3%,2025-05-13,2025_2Q,2
제주 1계 2024-25208,단독주택,단독,단독주택,제주,서귀포시,제주 서귀포시 서귀동 305-13,"571,358,000","279,966,000",낙찰,"315,000,100",55.1%,2025-03-25,2025_1Q,2
제주 6계 2024-25253,다세대,다세대주택,다세대,제주,제주시,제주 제주시 용담이동 652 진이빌 101동 3층 302호,"250,000,000","175,000,000",낙찰,"207,510,000",83.0%,2025-02-04,2025_1Q,3
제주 5계 2024-25321,임야,임야,임야,제주,서귀포시,제주 서귀포시 대정읍 영락리 1958-7,"700,400,000","240,237,000",낙찰,"302,000,000",43.1%,2025-02-11,2025_1Q,3
제주 8계 2024-25352,연립,연립주택,연립·빌라,제주,제주시,제주 제주시 아라일동 2229 방선문6차빌리지 603동 1층 101호,"394,000,000","275,800,000",낙찰,"354,700,000",90.0%,2025-04-22,2025_2Q,2
제주 4계 2024-25383,과수원,과수원,과수원,제주,서귀포시,제주 서귀포시 상예동 3743-6,"1,127,170,000","552,313,000",낙찰,"628,000,000",55.7%,2025-03-11,2025_1Q,3
제주 7계 2024-25413,아파트,아파트,아파트,제주,제주시,제주 제주시 삼도이동 602-1 아이린아파트5차 5층 601호,"405,000,000","283,500,000",낙찰,"356,888,888",88.1%,2025-01-21,2025_1Q,3
제주 2계 2024-25437,차량,기타토지,기타토지,제주,제주시,제주 제주시 애월읍 광령리 509-2 제3자 (주)세경에게 보관,"30,000,000","21,000,000",낙찰,"24,680,000",82.3%,2025-05-13,2025_2Q,2
제주 9계 2024-25512,잡종지,잡종지,잡종지,제주,제주시,제주 제주시 한림읍 월령리 518,"110,352,000","54,072,000",낙찰,"67,000,000",60.7%,2025-06-17,2025_2Q,2
제주 1계 2024-25574,단독주택,단독,단독주택,제주,제주시,제주 제주시 한경면 용수리 4374,"237,855,000","81,584,000",낙찰,"109,420,000",46.0%,2025-04-29,2025_2Q,2
제주 9계 2024-25659(2),점포,근린상가,점포상가,제주,제주시,제주 제주시 한림읍 금악리 2031-24,"276,940,000","193,858,000",낙찰,"194,000,000",70.1%,2025-06-17,2025_2Q,2
제주 9계 2024-25703,임야,임야,임야,제주,서귀포시,제주 서귀포시 안덕면 덕수리 1448,"228,260,000","159,782,000",낙찰,"170,000,000",74.5%,2025-05-13,2025_2Q,2
제주 4계 2024-25871,임야,임야,임야,제주,서귀포시,제주 서귀포시 대정읍 보성리 201-1,"18,084,000","3,039,000",낙찰,"3,500,000",19.4%,2025-05-27,2025_2Q,2
제주 5계 2024-25888,단독주택,단독,단독주택,제주,서귀포시,제주 서귀포시 서호동 806-10,"77,555,100","26,601,000",낙찰,"37,000,000",47.7%,2025-02-11,2025_1Q,3
제주 9계 2024-25963,연립,연립주택,연립·빌라,제주,서귀포시,제주 서귀포시 강정동 5670 서귀포강정코아루2차 102동 3층 303호,"347,000,000","242,900,000",낙찰,"262,222,222",75.6%,2025-05-13,2025_2Q,2
제주 9계 2024-25994,연립,연립주택,연립·빌라,제주,제주시,제주 제주시 오등동 1352 오등동진평 나동 3층 305호,"178,000,000","124,600,000",낙찰,"146,100,000",82.1%,2025-05-13,2025_2Q,2
제주 2계 2024-26065,연립,연립주택,연립·빌라,제주,제주시,제주 제주시 이도이동 2039-8 띠아모빌02 4층 501호,"358,000,000","250,600,000",낙찰,"327,660,000",91.5%,2025-05-13,2025_2Q,2
제주 1계 2024-26195,근린상가,근린상가,근린상가,제주,제주시,제주 제주시 애월읍 하귀2리 2710,"3,571,019,080","1,749,799,000",낙찰,"1,960,000,000",54.9%,2025-06-10,2025_2Q,2
제주 1계 2024-26232,대지,나대지,나대지,제주,제주시,제주 제주시 도남동 773-9,"787,297,000","551,108,000",낙찰,"571,108,110",72.5%,2025-02-18,2025_1Q,3
제주 1계 2024-26249,임야,임야,임야,제주,제주시,제주 제주시 아라일동 414-7,"344,955,000","169,028,000",낙찰,"216,000,000",62.6%,2025-06-10,2025_2Q,2
제주 1계 2024-26263,연립,연립주택,연립·빌라,제주,제주시,제주 제주시 도련일동 134 삼화리오팰리스 104동 1층 105호,"262,000,000","183,400,000",낙찰,"213,700,000",81.6%,2025-03-25,2025_1Q,2
제주 1계 2024-26270,아파트,아파트,아파트,제주,제주시,제주 제주시 아라일동 6088 제주아라KCC스위첸 103동 6층 603호,"836,000,000","585,200,000",낙찰,"795,180,000",95.1%,2025-02-18,2025_1Q,3
제주 8계 2024-26348,단독주택,단독,단독주택,제주,서귀포시,제주 서귀포시 색달동 1534,"3,261,385,400","1,118,655,000",낙찰,"1,801,000,000",55.2%,2025-06-04,2025_2Q,2
제주 1계 2024-26492(1),대지,나대지,나대지,제주,서귀포시,제주 서귀포시 보목동 628,"159,900,000","54,846,000",낙찰,"75,000,000",46.9%,2025-04-29,2025_2Q,2
제주 1계 2024-26492(2),임야,임야,임야,제주,서귀포시,제주 서귀포시 남원읍 위미리 3788-4,"18,053,000","8,846,000",낙찰,"11,900,000",65.9%,2025-03-25,2025_1Q,2
제주 1계 2024-26508,연립,연립주택,연립·빌라,제주,서귀포시,"제주 서귀포시 토평동 3289 데이즈힐블루스톤 102동 지하1,1,2,3층 105호","644,000,000","450,800,000",낙찰,"476,000,000",73.9%,2025-03-25,2025_1Q,2
제주 4계 2024-26522,단독주택,단독,단독주택,제주,제주시,"제주 제주시 애월읍 구엄리 666-3 ,661,665-1,665-2,666-2 110동","402,541,880","281,779,000",낙찰,"310,000,000",77.0%,2025-02-04,2025_1Q,3
제주 5계 2024-26539,전,전,전,제주,제주시,제주 제주시 한림읍 수원리 284-9,"307,318,000","150,586,000",낙찰,"175,599,000",57.1%,2025-02-11,2025_1Q,3
제주 1계 2024-26560,전,전,전,제주,서귀포시,제주 서귀포시 대정읍 구억리 921-4,"415,520,000","203,605,000",낙찰,"203,706,000",49.0%,2025-04-29,2025_2Q,2
제주 2계 2024-26577,단독주택,단독,단독주택,제주,서귀포시,제주 서귀포시 성산읍 신풍리 170-3,"185,044,600","129,531,000",낙찰,"140,100,000",75.7%,2025-06-17,2025_2Q,2
제주 8계 2024-26638,임야,임야,임야,제주,서귀포시,제주 서귀포시 표선면 성읍리 167,"554,778,000","271,842,000",낙찰,"310,999,000",56.1%,2025-03-18,2025_1Q,2
제주 4계 2024-26669,선박,기타토지,기타토지,제주,서귀포시,제주 서귀포시 성산읍 성산리 성산포항내 정박,"877,997,000","430,219,000",낙찰,"460,000,000",52.4%,2025-02-04,2025_1Q,3
제주 1계 2024-26713,대지,나대지,나대지,제주,제주시,제주 제주시 일도이동 68-4,"914,052,000","447,885,000",낙찰,"547,100,000",59.9%,2025-04-29,2025_2Q,2
제주 6계 2024-26768,전,전,전,제주,서귀포시,제주 서귀포시 성산읍 시흥리 1427-1,"476,805,000","233,635,000",낙찰,"237,000,000",49.7%,2025-04-15,2025_2Q,2
제주 8계 2024-26867(1),오피스텔(주거),오피스텔,오피스텔(업무용),제주,제주시,제주 제주시 삼도이동 1173-2 라온제나삼도 5층 501호,"295,000,000","144,550,000",낙찰,"170,010,007",57.6%,2025-04-22,2025_2Q,2
제주 8계 2024-26867(2),오피스텔(주거),오피스텔,오피스텔(업무용),제주,제주시,제주 제주시 삼도이동 1173-2 라온제나삼도 5층 504호,"295,000,000","144,550,000",낙찰,"188,840,000",64.0%,2025-04-22,2025_2Q,2
제주 8계 2024-26867(3),오피스텔(주거),오피스텔,오피스텔(업무용),제주,제주시,제주 제주시 삼도이동 1173-2 라온제나삼도 6층 602호,"339,000,000","166,110,000",낙찰,"187,770,000",55.4%,2025-04-22,2025_2Q,2
제주 8계 2024-26867(4),오피스텔(주거),오피스텔,오피스텔(업무용),제주,제주시,제주 제주시 삼도이동 1173-2 라온제나삼도 6층 603호,"323,000,000","158,270,000",낙찰,"189,213,400",58.6%,2025-04-22,2025_2Q,2
제주 8계 2024-26867(5),오피스텔(주거),오피스텔,오피스텔(업무용),제주,제주시,제주 제주시 삼도이동 1173-2 라온제나삼도 7층 702호,"339,000,000","166,110,000",낙찰,"189,300,000",55.8%,2025-04-22,2025_2Q,2
제주 8계 2024-26867(7),오피스텔(주거),오피스텔,오피스텔(업무용),제주,제주시,제주 제주시 삼도이동 1173-2 라온제나삼도 7층 706호,"311,000,000","152,390,000",낙찰,"223,990,000",72.0%,2025-04-22,2025_2Q,2
제주 8계 2024-26867(8),오피스텔(주거),오피스텔,오피스텔(업무용),제주,제주시,제주 제주시 삼도이동 1173-2 라온제나삼도 8층 801호,"301,000,000","210,700,000",낙찰,"211,000,000",70.1%,2025-03-18,2025_1Q,2
제주 1계 2024-26874,전,전,전,제주,서귀포시,제주 서귀포시 성산읍 고성리 761,"671,040,000","328,810,000",낙찰,"330,000,000",49.2%,2025-06-10,2025_2Q,2
제주 1계 2024-27013,차량,기타토지,기타토지,제주,제주시,제주 제주시 애월읍 광령리 509-2 (주)세경내 보관,"5,500,000","2,695,000",낙찰,"2,750,000",50.0%,2025-02-18,2025_1Q,3
제주 5계 2024-27044,과수원,과수원,과수원,제주,제주시,제주 제주시 애월읍 유수암리 551-3,"1,831,542,000","439,753,000",낙찰,"556,600,000",30.4%,2025-04-22,2025_2Q,2
제주 8계 2024-27068,창고,기타건물,창고,제주,서귀포시,제주 서귀포시 남원읍 신례리 233-34,"941,442,750","659,010,000",낙찰,"681,000,000",72.3%,2025-02-11,2025_1Q,3
제주 6계 2024-27112(1),오피스텔(주거),오피스텔,오피스텔(업무용),제주,제주시,"제주 제주시 도두일동 2627-5 ,2627-6,2627-7 6층 602호","145,000,000","71,050,000",낙찰,"87,700,000",60.5%,2025-04-15,2025_2Q,2
제주 6계 2024-27112(2),오피스텔(주거),오피스텔,오피스텔(업무용),제주,제주시,"제주 제주시 도두일동 2627-5 ,2627-6,2627-7 7층 702호","145,000,000","71,050,000",낙찰,"88,888,880",61.3%,2025-04-15,2025_2Q,2
제주 7계 2024-27266(3),오피스텔(주거),오피스텔,오피스텔(업무용),제주,서귀포시,제주 서귀포시 성산읍 고성리 1499 성산청담휴클래스 4층 405호,"256,000,000","179,200,000",낙찰,"180,200,000",70.4%,2025-06-24,2025_2Q,2
제주 8계 2024-27310(1),임야,임야,임야,제주,제주시,제주 제주시 조천읍 와흘리 2850-34,"12,079,751,000","4,143,355,000",낙찰,"4,710,000,000",39.0%,2025-06-04,2025_2Q,2
제주 2계 2024-27334(2),차량,기타토지,기타토지,제주,제주시,제주 제주시 용담삼동 1274-1 제3자현대물품보관소(주)에게보관,"10,000,000","3,430,000",낙찰,"3,554,000",35.5%,2025-02-25,2025_1Q,3
제주 2계 2024-27334(3),차량,기타토지,기타토지,제주,제주시,제주 제주시 용담삼동 1274-1 제3자현대물품보관소(주)에게보관,"8,000,000","2,744,000",낙찰,"2,869,000",35.9%,2025-02-25,2025_1Q,3
제주 4계 2024-27471,연립,연립주택,연립·빌라,제주,서귀포시,제주 서귀포시 대정읍 보성리 2424 삼정지에듀 146동 3층 302호,"405,000,000","198,450,000",낙찰,"271,000,000",66.9%,2025-05-27,2025_2Q,2
제주 6계 2024-27495,차량,기타토지,기타토지,제주,제주시,제주 제주시 애월읍 광령리 509-2 (주)세경내 보관,"16,000,000","11,200,000",낙찰,"14,280,000",89.3%,2025-03-11,2025_1Q,3
제주 6계 2024-27570,연립,연립주택,연립·빌라,제주,서귀포시,제주 서귀포시 대정읍 보성리 2509 제주영어교육도시꿈에그린 109동 1층 105호,"1,040,000,000","509,600,000",낙찰,"512,500,000",49.3%,2025-05-27,2025_2Q,2
제주 9계 2024-27587,아파트,아파트,아파트,제주,제주시,"제주 제주시 도남동 83-65 ,82 도남시영 A동 1층 104호","17,000,000","11,900,000",낙찰,"17,000,000",100.0%,2025-06-17,2025_2Q,2
제주 6계 2024-27662,임야,임야,임야,제주,서귀포시,제주 서귀포시 토평동 3200-7,"22,440,000","22,440,000",낙찰,"40,000,000",178.3%,2025-02-04,2025_1Q,3
제주 8계 2024-27686,다세대,다세대주택,다세대,제주,제주시,제주 제주시 연동 2328-4 신광빌라 1층 102호,"160,000,000","112,000,000",낙찰,"134,010,000",83.8%,2025-02-11,2025_1Q,3
제주 2계 2024-27709,차량,기타토지,기타토지,제주,제주시,제주 제주시 용담삼동 1274-1 제3자현대물품보관(주)내 보관,"25,000,000","8,575,000",낙찰,"10,610,000",42.4%,2025-04-01,2025_2Q,2
제주 4계 2024-27792,단독주택,단독,단독주택,제주,제주시,제주 제주시 용담일동 237-2,"402,878,550","197,411,000",낙찰,"228,000,000",56.6%,2025-02-04,2025_1Q,3
제주 1계 2024-27853(3),전,전,전,제주,서귀포시,제주 서귀포시 안덕면 화순리 1877-1,"3,997,443,000","1,371,123,000",낙찰,"1,456,389,900",36.4%,2025-03-25,2025_1Q,2
제주 5계 2024-27884,단독주택,단독,단독주택,제주,제주시,제주 제주시 애월읍 애월리 1501-1,"14,714,340","5,047,000",낙찰,"7,150,000",48.6%,2025-03-18,2025_1Q,2
제주 1계 2024-27921,임야,임야,임야,제주,서귀포시,제주 서귀포시 동홍동 1054-3,"207,260,000","71,090,000",낙찰,"76,500,000",36.9%,2025-06-10,2025_2Q,2
제주 6계 2024-28221,차량,기타토지,기타토지,제주,제주시,제주 제주시 용담삼동 1274-1 현대물품보관소(주)내 보관,"16,000,000","11,200,000",낙찰,"13,650,000",85.3%,2025-03-11,2025_1Q,3
제주 8계 2024-28245(1),단독주택,단독,단독주택,제주,제주시,"제주 제주시 조천읍 함덕리 23 ,24 101동","346,586,626","118,880,000",낙찰,"198,887,000",57.4%,2025-06-04,2025_2Q,2
제주 8계 2024-28245(2),단독주택,단독,단독주택,제주,제주시,"제주 제주시 조천읍 함덕리 23 ,24 102동","346,935,126","118,999,000",낙찰,"173,567,000",50.0%,2025-06-04,2025_2Q,2
제주 8계 2024-28245(3),단독주택,단독,단독주택,제주,제주시,"제주 제주시 조천읍 함덕리 23 ,24 105동","346,786,626","169,926,000",낙찰,"195,030,000",56.2%,2025-04-22,2025_2Q,2
제주 8계 2024-28245(4),단독주택,단독,단독주택,제주,제주시,"제주 제주시 조천읍 함덕리 23 ,24 106동","346,586,626","169,828,000",낙찰,"185,750,000",53.6%,2025-04-22,2025_2Q,2
제주 8계 2024-28245(5),단독주택,단독,단독주택,제주,제주시,"제주 제주시 조천읍 함덕리 23 ,24 107동","346,586,626","169,828,000",낙찰,"170,130,000",49.1%,2025-04-22,2025_2Q,2
제주 8계 2024-28245(6),단독주택,단독,단독주택,제주,제주시,"제주 제주시 조천읍 함덕리 23 ,24 110동","346,586,626","118,880,000",낙찰,"173,990,000",50.2%,2025-06-04,2025_2Q,2
제주 8계 2024-28245(7),단독주택,단독,단독주택,제주,제주시,제주 제주시 조천읍 함덕리 23 112동,"346,586,626","118,880,000",낙찰,"161,000,000",46.5%,2025-06-04,2025_2Q,2
제주 8계 2024-28245(8),단독주택,단독,단독주택,제주,제주시,"제주 제주시 조천읍 함덕리 23 ,24 113동","346,586,626","118,880,000",낙찰,"159,330,000",46.0%,2025-06-04,2025_2Q,2
제주 8계 2024-28245(9),단독주택,단독,단독주택,제주,제주시,"제주 제주시 조천읍 함덕리 23 ,24 117동","346,586,626","169,828,000",낙찰,"177,770,000",51.3%,2025-04-22,2025_2Q,2
제주 8계 2024-28245(10),단독주택,단독,단독주택,제주,제주시,"제주 제주시 조천읍 함덕리 23 ,24 118동","346,816,526","118,958,000",낙찰,"138,000,000",39.8%,2025-06-04,2025_2Q,2
제주 5계 2024-28306,임야,임야,임야,제주,제주시,제주 제주시 연동 728,"2,419,450,000","829,872,000",낙찰,"1,080,000,000",44.6%,2025-03-18,2025_1Q,2
제주 5계 2024-28450,차량,기타토지,기타토지,제주,제주시,제주 제주시 애월읍 광령리 509-2 ㈜ 세경내 보관,"24,000,000","16,800,000",낙찰,"18,750,000",78.1%,2025-02-11,2025_1Q,3
제주 7계 2024-28474,아파트형공장,공장(지식산업센터 업무시설),공장,제주,서귀포시,제주 서귀포시 서호동 1605 제주유포리아지식산업센터 비존동 7층 702호,"90,000,000","63,000,000",낙찰,"81,010,000",90.0%,2025-06-24,2025_2Q,2
제주 8계 2024-28566(2),단독주택,단독,단독주택,제주,제주시,제주 제주시 구좌읍 하도리 1050-2 16동,"446,024,800","218,552,000",낙찰,"229,179,000",51.4%,2025-04-22,2025_2Q,2
제주 8계 2024-28566(3),단독주택,단독,단독주택,제주,제주시,제주 제주시 구좌읍 하도리 1050-2 1동,"502,985,120","172,524,000",낙찰,"210,000,000",41.8%,2025-06-04,2025_2Q,2
제주 4계 2024-28603,단독주택,단독,단독주택,제주,제주시,"제주 제주시 애월읍 곽지리 2087-3 ,2102-1,2105,2106,2112,2113 3동","506,920,380","354,844,000",낙찰,"376,000,000",74.2%,2025-03-11,2025_1Q,3
제주 2계 2024-28665,차량,기타토지,기타토지,제주,제주시,제주 제주시 용담삼동 1274-1 현대물품보관(주)내 보관,"38,000,000","26,600,000",낙찰,"30,110,000",79.2%,2025-01-14,2025_1Q,3
제주 8계 2024-28733,단독주택,단독,단독주택,제주,서귀포시,제주 서귀포시 남원읍 위미리 2905,"754,504,440","528,153,000",낙찰,"554,504,450",73.5%,2025-03-18,2025_1Q,2
제주 3계 2024-28832(4),임야,임야,임야,제주,제주시,제주 제주시 조천읍 와산리 1117-2,"12,448,000","12,448,000",낙찰,"12,523,000",100.6%,2025-06-24,2025_2Q,2
제주 3계 2024-28917,차량,기타토지,기타토지,제주,제주시,제주 제주시 용담삼동 1274-1 제3자 현대물품보관소(주)에게 보관,"9,300,000","6,510,000",낙찰,"6,688,990",71.9%,2025-04-08,2025_2Q,2
제주 8계 2024-28962,단독주택,단독,단독주택,제주,제주시,제주 제주시 일도이동 328-27,"33,995,920","23,797,000",낙찰,"31,800,000",93.5%,2025-03-18,2025_1Q,2
제주 8계 2024-29057,단독주택,단독,단독주택,제주,서귀포시,제주 서귀포시 대정읍 상모리 3978-3,"136,363,890","66,819,000",낙찰,"67,000,000",49.1%,2025-04-22,2025_2Q,2
제주 8계 2024-29156,임야,임야,임야,제주,서귀포시,제주 서귀포시 색달동 160-3,"504,974,000","247,437,000",낙찰,"261,210,000",51.7%,2025-04-22,2025_2Q,2
제주 1계 2024-29170,차량,기타토지,기타토지,제주,제주시,제주 제주시 용담삼동 1274-1 현대물품보관소(주)내 보관,"22,000,000","7,546,000",낙찰,"10,800,000",49.1%,2025-06-10,2025_2Q,2
제주 7계 2024-29224,아파트,아파트,아파트,제주,제주시,제주 제주시 애월읍 하귀1리 166-1 제주하귀휴먼시아2단지 201동 11층 1102호,"491,000,000","343,700,000",낙찰,"408,315,000",83.2%,2025-06-24,2025_2Q,2
제주 5계 2024-29293,차량,기타토지,기타토지,제주,제주시,제주 제주시 용담삼동 1274-1 현대물품보관소내보관,"60,000,000","29,400,000",낙찰,"43,000,000",71.7%,2025-02-11,2025_1Q,3
제주 6계 2024-29309,아파트,아파트,아파트,제주,제주시,제주 제주시 월평동 747 제주첨단꿈에그린3단지 304동 1층 102호,"592,000,000","414,400,000",낙찰,"458,800,000",77.5%,2025-05-27,2025_2Q,2
제주 7계 2024-29316,차량,기타토지,기타토지,제주,제주시,제주 제주시 용담삼동 1274-1 현대물품보관소(주)내 보관,"13,000,000","9,100,000",낙찰,"11,220,000",86.3%,2025-03-04,2025_1Q,3
제주 8계 2024-29323,근린주택,근린주택,근린주택,제주,제주시,제주 제주시 용담이동 624-10,"723,314,280","506,320,000",낙찰,"508,660,090",70.3%,2025-03-18,2025_1Q,2
제주 4계 2024-29460,전,전,전,제주,제주시,제주 제주시 구좌읍 송당리 1387-18,"1,126,661,000","386,445,000",낙찰,"391,111,100",34.7%,2025-03-11,2025_1Q,3
제주 4계 2024-29552,단독주택,단독,단독주택,제주,제주시,제주 제주시 삼도이동 597-10,"302,349,900","148,152,000",낙찰,"166,600,000",55.1%,2025-05-27,2025_2Q,2
제주 8계 2024-29590,아파트,아파트,아파트,제주,제주시,"제주 제주시 이도이동 1909-19 ,1909-22,1909-46 동아 101동 4층 404호","252,000,000","176,400,000",낙찰,"215,000,000",85.3%,2025-06-04,2025_2Q,2
제주 4계 2024-29828,연립,연립주택,연립·빌라,제주,서귀포시,제주 서귀포시 법환동 1571 법환코아루 102동 1층 102호,"610,000,000","298,900,000",낙찰,"382,473,000",62.7%,2025-03-11,2025_1Q,3
제주 8계 2024-29866,숙박시설,숙박시설,숙박시설,제주,서귀포시,제주 서귀포시 서귀동 325-1 비스타케이올래 5층 515호,"36,400,000","17,836,000",낙찰,"18,050,000",49.6%,2025-06-04,2025_2Q,2
제주 4계 2024-29927,과수원,과수원,과수원,제주,서귀포시,제주 서귀포시 상효동 253-1,"671,945,000","161,334,000",낙찰,"195,000,000",29.0%,2025-05-27,2025_2Q,2
제주 7계 2024-29958,차량,기타토지,기타토지,제주,제주시,제주 제주시 용담삼동 1274-1 현대물품보관소(주)내 보관,"12,000,000","5,880,000",낙찰,"7,408,000",61.7%,2025-01-21,2025_1Q,3
제주 3계 2024-29996,차량,기타토지,기타토지,제주,제주시,제주 제주시 용담삼동 1274-1 제3자 현대물품보관소(주)에게 보관,"22,000,000","15,400,000",낙찰,"19,622,000",89.2%,2025-03-04,2025_1Q,3
제주 5계 2024-30026,전,전,전,제주,서귀포시,제주 서귀포시 상예동 870,"547,254,000","131,396,000",낙찰,"158,600,000",29.0%,2025-06-04,2025_2Q,2
제주 7계 2024-30064,차량,기타토지,기타토지,제주,제주시,제주 제주시 애월읍 광령리 509-2 (주)세경내 보관,"25,500,000","17,850,000",낙찰,"23,000,000",90.2%,2025-03-04,2025_1Q,3
제주 8계 2024-30231,아파트,아파트,아파트,제주,제주시,제주 제주시 화북이동 117 제주삼화엘에이치2단지 211동 8층 803호,"530,000,000","371,000,000",낙찰,"506,150,000",95.5%,2025-04-22,2025_2Q,2
제주 1계 2024-30255,차량,기타토지,기타토지,제주,제주시,제주 제주시 애월읍 광령리 509-2 (주)세경내 보관,"13,000,000","9,100,000",낙찰,"10,559,900",81.2%,2025-01-07,2025_1Q,3
제주 3계 2024-30354,차량,기타토지,기타토지,제주,제주시,제주 제주시 용담삼동 1274-1 제3자 현대물품보관소(주)에게 보관,"32,000,000","15,680,000",낙찰,"18,500,000",57.8%,2025-05-20,2025_2Q,2
제주 3계 2024-30446,선박,기타토지,기타토지,제주,제주시,제주 제주시 건입동 918-25 제주항 제2부두내 정박,"1,546,137,000","1,082,296,000",낙찰,"1,423,099,900",92.0%,2025-03-04,2025_1Q,3
제주 3계 2024-30538,차량,기타토지,기타토지,제주,제주시,제주 제주시 용담삼동 1274-1 제3자 현대물품보관소(주)에게 보관,"27,200,000","19,040,000",낙찰,"23,700,000",87.1%,2025-03-04,2025_1Q,3
제주 4계 2024-30545,임야,임야,임야,제주,서귀포시,제주 서귀포시 대정읍 무릉리 1961,"67,900,000","23,290,000",낙찰,"23,300,000",34.3%,2025-04-15,2025_2Q,2
제주 4계 2024-30637,전,전,전,제주,제주시,제주 제주시 애월읍 신엄리 2673-5,"499,765,000","244,885,000",낙찰,"339,340,920",67.9%,2025-04-15,2025_2Q,2
제주 8계 2024-30675,주상복합(주거),기타토지,기타토지,제주,제주시,제주 제주시 연동 290-5 엘리시아뷰 7층 702호,"115,000,000","80,500,000",낙찰,"99,862,500",86.8%,2025-04-22,2025_2Q,2
제주 7계 2024-30842,차량,기타토지,기타토지,제주,제주시,제주 제주시 용담삼동 1274-1 현대물품보관소(주)내보관,"23,000,000","11,270,000",낙찰,"11,550,000",50.2%,2025-03-04,2025_1Q,3
제주 8계 2024-30859,연립,연립주택,연립·빌라,제주,제주시,제주 제주시 연동 327-4 비산쉐르빌 나동 4층 501호,"272,000,000","190,400,000",낙찰,"193,300,000",71.1%,2025-04-22,2025_2Q,2
제주 9계 2024-30866,차량,기타토지,기타토지,제주,제주시,제주 제주시 용담삼동 1274-1 현대물품보관소(주)내 보관,"22,000,000","10,780,000",낙찰,"16,550,000",75.2%,2025-04-01,2025_2Q,2
제주 8계 2024-31036,연립,연립주택,연립·빌라,제주,서귀포시,제주 서귀포시 법환동 212 디자인뷰 104동 2층 202호,"278,000,000","194,600,000",낙찰,"210,900,000",75.9%,2025-06-04,2025_2Q,2
제주 4계 2024-31081,단독주택,단독,단독주택,제주,서귀포시,제주 서귀포시 대정읍 하모리 953-1,"129,566,200","90,696,000",낙찰,"91,520,300",70.6%,2025-02-04,2025_1Q,3
제주 4계 2024-31173,전,전,전,제주,서귀포시,제주 서귀포시 대정읍 상모리 2046-1,"2,081,794,000","499,839,000",낙찰,"697,700,000",33.5%,2025-05-27,2025_2Q,2
제주 9계 2024-31302,차량,기타토지,기타토지,제주,제주시,제주 제주시 용담삼동 1274-1 현대물품보관소(주)내 보관,"38,000,000","26,600,000",낙찰,"34,789,000",91.5%,2025-01-14,2025_1Q,3
제주 4계 2024-31623,전,전,전,제주,제주시,제주 제주시 한림읍 상대리 1327,"15,840,000","11,088,000",낙찰,"11,211,000",70.8%,2025-03-11,2025_1Q,3
제주 1계 2024-31760,중기,기타토지,기타토지,제주,제주시,제주 제주시 용담삼동 1274-1 현대물품보관소내 보관,"40,000,000","28,000,000",낙찰,"32,090,000",80.2%,2025-01-07,2025_1Q,3
제주 1계 2024-31845,다세대,다세대주택,다세대,제주,제주시,제주 제주시 아라일동 2510-5 이도초벽강하이본빌6차 106동 3층 302호,"413,000,000","413,000,000",낙찰,"413,000,800",100.0%,2025-06-10,2025_2Q,2
제주 8계 2024-32039,차량,기타토지,기타토지,제주,제주시,제주 제주시 애월읍 광령리 509-2 (주)세경내 보관,"10,000,000","7,000,000",낙찰,"8,020,000",80.2%,2025-02-11,2025_1Q,3
제주 4계 2024-32435,차량,기타토지,기타토지,제주,제주시,제주 제주시 애월읍 광령리 509-2 (주)세경에게 보관,"75,000,000","36,750,000",낙찰,"51,750,000",69.0%,2025-04-15,2025_2Q,2
제주 8계 2024-32473,차량,기타토지,기타토지,제주,제주시,제주 제주시 용담삼동 1274-1 현대물품보관소내 보관,"30,000,000","21,000,000",낙찰,"21,765,000",72.5%,2025-06-04,2025_2Q,2
제주 9계 2024-32480,차량,기타토지,기타토지,제주,제주시,제주 제주시 용담삼동 1274-1 현대물품보관소(주)내 보관,"35,000,000","17,150,000",낙찰,"22,700,000",64.9%,2025-04-01,2025_2Q,2
제주 8계 2024-32565,선박,기타토지,기타토지,제주,서귀포시,제주 서귀포시 성산읍 오조리 오조항내 정박,"1,194,600,000","585,354,000",낙찰,"731,000,000",61.2%,2025-04-22,2025_2Q,2
제주 4계 2024-32862,단독주택,단독,단독주택,제주,서귀포시,제주 서귀포시 안덕면 화순리 1592-8 아띠빌라A,"528,735,000","259,081,000",낙찰,"301,110,000",56.9%,2025-04-15,2025_2Q,2
제주 4계 2024-33070,차량,기타토지,기타토지,제주,제주시,제주 제주시 용담삼동 1274-1 제3자 현대물품보관소(주)에게 보관,"10,000,000","7,000,000",낙찰,"7,030,000",70.3%,2025-03-11,2025_1Q,3
제주 3계 2024-33223,차량,기타토지,기타토지,제주,제주시,제주 제주시 애월읍 광령리 509-2 제3자(주)세경에게 보관,"37,000,000","25,900,000",낙찰,"30,150,000",81.5%,2025-04-08,2025_2Q,2
제주 4계 2024-33230,차량,기타토지,기타토지,제주,제주시,제주 제주시 애월읍 광령리 509-2 (주)세경에게 보관,"24,000,000","11,760,000",낙찰,"14,000,000",58.3%,2025-04-15,2025_2Q,2
제주 4계 2024-33407,전,전,전,제주,제주시,제주 제주시 애월읍 상귀리 711,"864,490,000","296,520,000",낙찰,"328,010,000",37.9%,2025-05-27,2025_2Q,2
제주 1계 2024-33506,차량,기타토지,기타토지,제주,제주시,제주 제주시 애월읍 광령리 509-2 (주)세경에 보관,"28,000,000","19,600,000",낙찰,"23,111,100",82.5%,2025-06-10,2025_2Q,2
제주 1계 2024-33681,차량,기타토지,기타토지,제주,제주시,제주 제주시 용담삼동 1274-1 현대물품보관소(주)에게 보관,"15,000,000","10,500,000",낙찰,"10,666,666",71.1%,2025-06-10,2025_2Q,2
제주 1계 2024-34233,차량,기타토지,기타토지,제주,제주시,제주 제주시 애월읍 광령리 509-2 제3자 (주)세경에게 보관,"21,000,000","14,700,000",낙찰,"19,160,000",91.2%,2025-03-25,2025_1Q,2
제주 4계 2024-34264(1),차량,기타토지,기타토지,제주,제주시,제주 제주시 용담삼동 1274-1 제3자 현대물품보관소(주)에게 보관,"9,500,000","6,650,000",낙찰,"7,228,990",76.1%,2025-04-15,2025_2Q,2
제주 4계 2024-34264(2),차량,기타토지,기타토지,제주,제주시,제주 제주시 용담삼동 1274-1 제3자 현대물품보관소(주)에게 보관,"8,500,000","4,165,000",낙찰,"4,477,990",52.7%,2025-05-27,2025_2Q,2
제주 4계 2024-34264(3),차량,기타토지,기타토지,제주,제주시,제주 제주시 용담삼동 1274-1 제3자 현대물품보관소(주)에게 보관,"8,500,000","4,165,000",낙찰,"4,466,990",52.6%,2025-05-27,2025_2Q,2
제주 4계 2024-34264(4),차량,기타토지,기타토지,제주,제주시,제주 제주시 용담삼동 1274-1 제3자 현대물품보관소(주)에게 보관,"11,000,000","5,390,000",낙찰,"5,889,990",53.5%,2025-05-27,2025_2Q,2
제주 4계 2024-34264(8),차량,기타토지,기타토지,제주,제주시,제주 제주시 용담삼동 1274-1 제3자 현대물품보관소(주)에게 보관,"4,500,000","2,205,000",낙찰,"3,140,000",69.8%,2025-05-27,2025_2Q,2
제주 4계 2024-34264(10),차량,기타토지,기타토지,제주,제주시,제주 제주시 용담삼동 1274-1 제3자 현대물품보관소(주)에게 보관,"4,000,000","1,960,000",낙찰,"2,460,000",61.5%,2025-05-27,2025_2Q,2
제주 4계 2024-34264(11),차량,기타토지,기타토지,제주,제주시,제주 제주시 용담삼동 1274-1 제3자 현대물품보관소(주)에게 보관,"4,000,000","1,960,000",낙찰,"2,231,000",55.8%,2025-05-27,2025_2Q,2
제주 4계 2024-34264(12),차량,기타토지,기타토지,제주,제주시,제주 제주시 용담삼동 1274-1 제3자 현대물품보관소(주)에게 보관,"10,000,000","7,000,000",낙찰,"7,228,990",72.3%,2025-04-15,2025_2Q,2
제주 4계 2024-34264(13),차량,기타토지,기타토지,제주,제주시,제주 제주시 용담삼동 1274-1 제3자 현대물품보관소(주)에게 보관,"3,000,000","2,100,000",낙찰,"2,200,000",73.3%,2025-04-15,2025_2Q,2
제주 3계 2024-34356,선박,기타토지,기타토지,제주,서귀포시,제주 서귀포시 성산읍 오조리 오조항내 정박(제3자 (주)세경에게 보관),"625,436,100","306,464,000",낙찰,"377,300,000",60.3%,2025-06-24,2025_2Q,2
제주 7계 2024-34400,차량,기타토지,기타토지,제주,제주시,제주 제주시 용담삼동 1274-1 현대물품보관소(주)내 보관,"19,000,000","13,300,000",낙찰,"16,177,009",85.1%,2025-03-04,2025_1Q,3
제주 3계 2024-34523,차량,기타토지,기타토지,제주,제주시,제주 제주시 애월읍 광령리 509-2 (주)세경주차장내 보관(제3자 (주)세경에게 보관),"9,500,000","6,650,000",낙찰,"6,859,900",72.2%,2025-05-20,2025_2Q,2
제주 8계 2024-34660,차량,기타토지,기타토지,제주,제주시,제주 제주시 용담삼동 1274-1 현대물품보관소(주)내보관,"8,500,000","5,950,000",낙찰,"6,650,000",78.2%,2025-04-22,2025_2Q,2
제주 4계 2024-34998,주상복합(주거),기타토지,기타토지,제주,제주시,제주 제주시 연동 290-2 연동학산맨션 8층 803호,"386,000,000","270,200,000",낙찰,"351,100,000",91.0%,2025-05-27,2025_2Q,2
제주 1계 2024-35304,차량,기타토지,기타토지,제주,제주시,제주 제주시 용담삼동 1274-1 제3자현대물품보관소에게보관,"6,000,000","2,940,000",낙찰,"2,960,000",49.3%,2025-06-10,2025_2Q,2
제주 4계 2024-35328,과수원,과수원,과수원,제주,서귀포시,제주 서귀포시 남원읍 하례리 197-1,"320,705,000","224,494,000",낙찰,"242,205,000",75.5%,2025-05-27,2025_2Q,2
제주 3계 2024-35427,차량,기타토지,기타토지,제주,제주시,제주 제주시 애월읍 광령리 509-2 제3자 (주)세경에게 보관,"26,000,000","12,740,000",낙찰,"15,300,000",58.8%,2025-06-24,2025_2Q,2
제주 4계 2024-35533,차량,기타토지,기타토지,제주,제주시,제주 제주시 용담삼동 1274-1 제3자현대물품보관소(주)에게 보관,"5,100,000","3,570,000",낙찰,"4,011,110",78.6%,2025-04-15,2025_2Q,2
제주 4계 2024-36420,차량,기타토지,기타토지,제주,제주시,제주 제주시 애월읍 광령리 509-2 제3자 (주)세경에게 보관,"7,000,000","4,900,000",낙찰,"5,388,990",77.0%,2025-05-27,2025_2Q,2
제주 9계 2024-37539,차량,기타토지,기타토지,제주,제주시,제주 제주시 용담삼동 1274-1 제3자현대물품보관소(주)내 보관,"19,000,000","13,300,000",낙찰,"15,360,000",80.8%,2025-05-13,2025_2Q,2
제주 4계 2025-282,연립,연립주택,연립·빌라,제주,제주시,제주 제주시 연동 323-3 해든빌 4층 504호,"301,000,000","301,000,000",낙찰,"301,000,815",100.0%,2025-05-27,2025_2Q,2
제주 4계 2016-2743,임야,임야,임야,제주,제주시,제주 제주시 구좌읍 세화리 산42-3,"1,920,090,000","1,920,090,000",낙찰,"1,920,200,000",100.0%,2025-09-16,2025_3Q,2
제주 1계 2016-2996,목장용지,기타토지,목장용지,제주,제주시,제주 제주시 구좌읍 송당리 78,"83,680,000","83,680,000",낙찰,"83,700,000",100.0%,2025-11-11,2025_4Q,1
제주 7계 2016-3074,임야,임야,임야,제주,제주시,제주 제주시 구좌읍 세화리 산43-10,"1,091,808,000","764,266,000",낙찰,"764,300,000",70.0%,2025-10-21,2025_4Q,1
제주 8계 2016-3180,임야,임야,임야,제주,제주시,제주 제주시 구좌읍 송당리 산230,"6,414,684,000","3,143,195,000",낙찰,"4,490,279,000",70.0%,2025-09-23,2025_3Q,1
제주 8계 2016-3197,임야,임야,임야,제주,제주시,제주 제주시 구좌읍 세화리 산38,"4,971,554,357","2,436,062,000",낙찰,"2,436,100,000",49.0%,2025-08-19,2025_3Q,2
제주 3계 2016-3210,임야,임야,임야,제주,제주시,제주 제주시 구좌읍 세화리 산44,"12,824,165,489","6,283,841,000",낙찰,"7,120,000,000",55.5%,2025-10-21,2025_4Q,1
제주 8계 2020-27428,임야,임야,임야,제주,서귀포시,제주 서귀포시 남원읍 하례리 산56,"240,061,000","82,341,000",낙찰,"87,100,000",36.3%,2025-07-15,2025_3Q,2
제주 1계 2020-28520(1),근린상가,근린상가,근린상가,제주,서귀포시,제주 서귀포시 서귀동 285-7,"3,907,574,540","1,340,298,000",낙찰,"2,150,000,000",55.0%,2025-08-26,2025_3Q,2
제주 3계 2021-3313,전,전,전,제주,제주시,제주 제주시 한림읍 한림리 962-2,"3,179,800,000","1,090,671,000",낙찰,"1,237,510,000",38.9%,2025-11-25,2025_4Q,1
제주 2계 2021-7803,전,전,전,제주,제주시,제주 제주시 조천읍 신촌리 2558,"2,353,720,000","807,326,000",낙찰,"831,873,213",35.3%,2025-11-18,2025_4Q,1
제주 4계 2021-23874(1),콘도,기타토지,기타토지,제주,서귀포시,"제주 서귀포시 토평동 2869 ,2644,2862,2863,2866 빅토르힐리조트 22동 1,2층 씨101호","716,000,000","350,840,000",낙찰,"361,000,000",50.4%,2025-09-16,2025_3Q,2
제주 3계 2021-29032,전,전,전,제주,제주시,제주 제주시 한림읍 상대리 3763,"120,444,000","41,313,000",낙찰,"41,500,000",34.5%,2025-09-09,2025_3Q,2
제주 4계 2022-1734,아파트,아파트,아파트,제주,제주시,제주 제주시 화북일동 10-1 화북Ⅰ 105동 1층 101호,"475,000,000","332,500,000",낙찰,"357,151,000",75.2%,2025-07-08,2025_3Q,2
제주 8계 2023-2727,임야,임야,임야,제주,제주시,제주 제주시 구좌읍 세화리 산32,"609,928,000","298,865,000",낙찰,"426,950,000",70.0%,2025-09-23,2025_3Q,1
제주 4계 2023-5061(3),축사,기타토지,기타토지,제주,제주시,제주 제주시 용강동 256,"1,171,270,110","573,922,000",낙찰,"700,000,000",59.8%,2025-10-28,2025_4Q,1
제주 1계 2023-6217,임야,임야,임야,제주,제주시,제주 제주시 애월읍 유수암리 363,"2,255,893,000","773,772,000",낙찰,"851,120,000",37.7%,2025-12-16,2025_4Q,1
제주 5계 2023-6613(1),임야,임야,임야,제주,서귀포시,제주 서귀포시 상예동 2353,"488,318,000","57,450,000",낙찰,"66,111,000",13.5%,2025-12-09,2025_4Q,1
제주 5계 2023-6613(2),단독주택,단독,단독주택,제주,서귀포시,제주 서귀포시 표선면 표선리 2265-25,"586,503,100","201,170,000",낙찰,"228,880,000",39.0%,2025-08-19,2025_3Q,2
제주 2계 2023-7432,근린상가,근린상가,근린상가,제주,제주시,제주 제주시 노형동 929-14 자연애리브레지던스 2층 201호,"1,084,000,000","371,812,000",낙찰,"481,799,990",44.4%,2025-11-18,2025_4Q,1
제주 6계 2023-8596(1),대지,나대지,나대지,제주,제주시,제주 제주시 봉개동 2751-10,"670,956,000","161,097,000",낙찰,"218,000,000",32.5%,2025-07-08,2025_3Q,2
제주 6계 2023-8596(2),대지,나대지,나대지,제주,제주시,제주 제주시 봉개동 2751-13,"648,000,000","155,585,000",낙찰,"183,300,000",28.3%,2025-07-08,2025_3Q,2
제주 6계 2023-8596(4),대지,나대지,나대지,제주,제주시,제주 제주시 봉개동 2752-2,"580,000,000","139,258,000",낙찰,"203,000,000",35.0%,2025-07-08,2025_3Q,2
제주 6계 2023-8596(5),대지,나대지,나대지,제주,제주시,제주 제주시 봉개동 2752-3,"583,500,000","140,099,000",낙찰,"177,789,000",30.5%,2025-07-08,2025_3Q,2
제주 7계 2023-8848,근린상가,근린상가,근린상가,제주,제주시,제주 제주시 용담삼동 1003-9,"3,535,193,980","1,732,245,000",낙찰,"2,640,000,000",74.7%,2025-08-05,2025_3Q,2
제주 7계 2023-9759,창고,기타건물,창고,제주,제주시,제주 제주시 조천읍 함덕리 1801-2 가동,"2,347,582,300","563,655,000",낙찰,"677,800,000",28.9%,2025-11-25,2025_4Q,1
제주 4계 2023-9797(1),전,전,전,제주,제주시,제주 제주시 회천동 1795-7,"11,676,433,000","2,803,511,000",낙찰,"3,252,591,514",27.9%,2025-07-08,2025_3Q,2
제주 5계 2023-10087,전,전,전,제주,서귀포시,제주 서귀포시 안덕면 사계리 2127-1,"7,320,145,850","2,510,810,000",낙찰,"3,610,000,000",49.3%,2025-12-09,2025_4Q,1
제주 5계 2023-10346(1),연립,연립주택,연립·빌라,제주,서귀포시,제주 서귀포시 안덕면 사계리 3596 오션캐슬 101동 1층 104호,"429,000,000","147,147,000",낙찰,"203,160,000",47.4%,2025-09-23,2025_3Q,1
제주 5계 2023-10346(2),연립,연립주택,연립·빌라,제주,서귀포시,제주 서귀포시 안덕면 사계리 3596 오션캐슬 103동 2층 204호,"407,000,000","199,430,000",낙찰,"212,199,999",52.1%,2025-08-19,2025_3Q,2
제주 5계 2023-10346(3),연립,연립주택,연립·빌라,제주,서귀포시,제주 서귀포시 안덕면 사계리 3596 오션캐슬 103동 4층 402호,"512,000,000","250,880,000",낙찰,"255,880,000",50.0%,2025-08-19,2025_3Q,2
제주 5계 2023-10346(4),연립,연립주택,연립·빌라,제주,서귀포시,제주 서귀포시 안덕면 사계리 3596 오션캐슬 105동 3층 304호,"394,000,000","193,060,000",낙찰,"229,308,000",58.2%,2025-08-19,2025_3Q,2
제주 2계 2023-10926,단독주택,단독,단독주택,제주,제주시,제주 제주시 삼도일동 513-15,"111,725,830","38,322,000",낙찰,"50,890,000",45.5%,2025-09-02,2025_3Q,2
제주 7계 2023-11462,근린상가,근린상가,근린상가,제주,제주시,제주 제주시 애월읍 고내리 463 가동호,"8,476,882,700","2,907,571,000",낙찰,"3,010,010,000",35.5%,2025-08-05,2025_3Q,2
제주 2계 2023-12724(1),전,전,전,제주,서귀포시,제주 서귀포시 강정동 3701,"4,622,557,000","2,265,053,000",낙찰,"2,365,053,000",51.2%,2025-07-29,2025_3Q,2
제주 2계 2023-12724(2),임야,임야,임야,제주,서귀포시,제주 서귀포시 강정동 3515,"3,506,139,000","1,718,008,000",낙찰,"1,818,008,000",51.9%,2025-07-29,2025_3Q,2
제주 2계 2023-12724(4),임야,임야,임야,제주,서귀포시,제주 서귀포시 강정동 3514,"1,033,600,000","354,525,000",낙찰,"390,000,000",37.7%,2025-09-02,2025_3Q,2
제주 6계 2023-13161,과수원,과수원,과수원,제주,서귀포시,제주 서귀포시 남원읍 남원리 2076-6,"1,512,606,000","518,824,000",낙찰,"750,000,000",49.6%,2025-08-12,2025_3Q,2
제주 7계 2023-24369,오피스텔(주거),오피스텔,오피스텔(업무용),제주,제주시,"제주 제주시 애월읍 하귀1리 117-1 ,117-2 제주모닝시티 6층 619호","120,000,000","4,843,000",낙찰,"5,100,000",4.3%,2025-09-09,2025_3Q,2
제주 8계 2023-24451,답,답,답,제주,제주시,제주 제주시 애월읍 하귀1리 613-2,"2,059,812,000","1,009,308,000",낙찰,"1,440,000,000",69.9%,2025-09-23,2025_3Q,1
제주 8계 2023-24697,단독주택,단독,단독주택,제주,제주시,제주 제주시 봉개동 848-36 몽돌빌리지 128동,"480,953,340","235,667,000",낙찰,"307,810,000",64.0%,2025-07-15,2025_3Q,2
제주 3계 2023-26464,전,전,전,제주,서귀포시,제주 서귀포시 성산읍 신산리 145-1,"150,620,000","36,164,000",낙찰,"37,000,000",24.6%,2025-10-21,2025_4Q,1
제주 5계 2023-27214,단독주택,단독,단독주택,제주,서귀포시,제주 서귀포시 표선면 표선리 460-1,"1,918,198,400","939,917,000",낙찰,"1,052,151,000",54.9%,2025-08-19,2025_3Q,2
제주 8계 2023-27245(1),임야,임야,임야,제주,제주시,제주 제주시 조천읍 북촌리 1005,"18,315,000","4,398,000",낙찰,"4,620,000",25.2%,2025-07-15,2025_3Q,2
제주 8계 2023-27245(2),임야,임야,임야,제주,제주시,제주 제주시 조천읍 북촌리 1110,"26,035,000","6,252,000",낙찰,"7,520,000",28.9%,2025-07-15,2025_3Q,2
제주 8계 2023-27245(4),묘지,기타토지,기타토지,제주,제주시,제주 제주시 조천읍 북촌리 2091,"7,968,000","1,914,000",낙찰,"2,019,000",25.3%,2025-07-15,2025_3Q,2
제주 6계 2023-27672,연립,연립주택,연립·빌라,제주,제주시,"제주 제주시 아라이동 1583-9 ,1583-10","1,708,635,000","1,708,635,000",낙찰,"1,710,000,000",100.1%,2025-09-16,2025_3Q,2
제주 8계 2023-29111(2),임야,임야,임야,제주,서귀포시,제주 서귀포시 표선면 표선리 2634-3,"13,693,600","3,288,000",낙찰,"3,828,800",28.0%,2025-07-15,2025_3Q,2
제주 2계 2023-29401,단독주택,단독,단독주택,제주,제주시,제주 제주시 애월읍 신엄리 1595-1 6동,"438,757,800","105,346,000",낙찰,"280,000,000",63.8%,2025-12-23,2025_4Q,0
제주 6계 2023-30579(3),임야,임야,임야,제주,서귀포시,제주 서귀포시 성산읍 오조리 2137-2,"22,474,000","7,708,000",낙찰,"8,160,000",36.3%,2025-07-08,2025_3Q,2
제주 4계 2023-30708(1),창고,기타건물,창고,제주,제주시,제주 제주시 한림읍 금악리 81-30 B동,"1,781,605,000","611,091,000",낙찰,"681,000,000",38.2%,2025-08-12,2025_3Q,2
제주 4계 2023-30708(2),전,전,전,제주,제주시,제주 제주시 한림읍 금악리 81-39,"100,776,000","24,196,000",낙찰,"25,196,000",25.0%,2025-09-16,2025_3Q,2
제주 6계 2023-31374,임야,임야,임야,제주,서귀포시,제주 서귀포시 안덕면 상천리 산89-1,"465,090,660","111,668,000",낙찰,"111,668,000",24.0%,2025-12-02,2025_4Q,1
제주 5계 2023-31435,오피스텔(주거),오피스텔,오피스텔(업무용),제주,제주시,"제주 제주시 애월읍 하귀1리 117-1 ,117-2 제주모닝시티 3층 315호","111,000,000","3,135,000",낙찰,"100,000,000",90.1%,2025-09-23,2025_3Q,1
제주 3계 2024-117(7),오피스텔,오피스텔,오피스텔(업무용),제주,제주시,"제주 제주시 연동 2331-7 ,2331-8 진호뉴캐슬 10층 1004호","103,000,000","35,329,000",낙찰,"50,111,110",48.7%,2025-08-05,2025_3Q,2
제주 3계 2024-117(9),오피스텔,오피스텔,오피스텔(업무용),제주,제주시,"제주 제주시 연동 2331-7 ,2331-8 진호뉴캐슬 10층 1006호","61,000,000","29,890,000",낙찰,"30,111,110",49.4%,2025-08-05,2025_3Q,2
제주 3계 2024-117(10),오피스텔,오피스텔,오피스텔(업무용),제주,제주시,"제주 제주시 연동 2331-7 ,2331-8 진호뉴캐슬 11층 1104호","103,000,000","50,470,000",낙찰,"51,111,110",49.6%,2025-08-05,2025_3Q,2
제주 3계 2024-117(11),오피스텔,오피스텔,오피스텔(업무용),제주,제주시,"제주 제주시 연동 2331-7 ,2331-8 진호뉴캐슬 11층 1105호","103,000,000","50,470,000",낙찰,"51,111,110",49.6%,2025-08-05,2025_3Q,2
제주 3계 2024-117(21),오피스텔,오피스텔,오피스텔(업무용),제주,제주시,"제주 제주시 연동 2331-7 ,2331-8 진호뉴캐슬 14층 1406호","63,000,000","21,609,000",낙찰,"28,330,000",45.0%,2025-08-05,2025_3Q,2
제주 1계 2024-315,아파트,아파트,아파트,제주,제주시,제주 제주시 건입동 940-3 현대 104동 4층 504호,"366,000,000","256,200,000",낙찰,"314,790,000",86.0%,2025-12-16,2025_4Q,1
제주 2계 2024-568(1),주상복합(상가),기타토지,기타토지,제주,제주시,제주 제주시 일도이동 392-8 삼오정진 지하2층 1호,"220,000,000","75,460,000",낙찰,"111,000,000",50.5%,2025-12-23,2025_4Q,0
제주 2계 2024-568(2),주상복합(상가),기타토지,기타토지,제주,제주시,제주 제주시 일도이동 392-8 삼오정진 지하2층 2호,"1,065,600,000","365,501,000",낙찰,"540,000,000",50.7%,2025-12-23,2025_4Q,0
제주 9계 2024-704(1),다세대,다세대주택,다세대,제주,제주시,제주 제주시 조천읍 신촌리 2539-4 신촌그린빌리지 가동 2층 201호,"201,000,000","98,490,000",낙찰,"115,640,000",57.5%,2025-09-02,2025_3Q,2
제주 9계 2024-704(2),다세대,다세대주택,다세대,제주,제주시,제주 제주시 조천읍 신촌리 2539-4 신촌그린빌리지 나동 2층 201호,"172,000,000","84,280,000",낙찰,"100,161,000",58.2%,2025-09-02,2025_3Q,2
제주 9계 2024-704(4),다세대,다세대주택,다세대,제주,제주시,제주 제주시 조천읍 신촌리 2539-4 신촌그린빌리지 나동 3층 302호,"186,000,000","91,140,000",낙찰,"93,330,000",50.2%,2025-09-02,2025_3Q,2
제주 8계 2024-780(1),임야,임야,임야,제주,서귀포시,제주 서귀포시 남원읍 신례리 2148-9,"439,348,688","215,281,000",낙찰,"221,550,000",50.4%,2025-07-15,2025_3Q,2
제주 8계 2024-780(2),전,전,전,제주,서귀포시,제주 서귀포시 상효동 1409-3,"97,698,000","33,510,000",낙찰,"37,050,000",37.9%,2025-08-19,2025_3Q,2
제주 5계 2024-834(1),전,전,전,제주,서귀포시,제주 서귀포시 성산읍 신산리 88,"577,871,000","283,157,000",낙찰,"285,999,990",49.5%,2025-11-04,2025_4Q,1
제주 5계 2024-834(2),전,전,전,제주,서귀포시,제주 서귀포시 성산읍 난산리 179-1,"305,345,000","149,619,000",낙찰,"152,000,000",49.8%,2025-08-19,2025_3Q,2
제주 2계 2024-1073,대지,나대지,나대지,제주,제주시,제주 제주시 이호일동 550-1,"315,972,000","75,865,000",낙찰,"77,005,000",24.4%,2025-09-02,2025_3Q,2
제주 2계 2024-1134(3),단독주택,단독,단독주택,제주,제주시,제주 제주시 애월읍 신엄리 1595-1 4동,"474,009,800","162,586,000",낙찰,"310,000,000",65.4%,2025-09-02,2025_3Q,2
제주 3계 2024-1295,연립,연립주택,연립·빌라,제주,서귀포시,제주 서귀포시 남원읍 남원리 1352 디자인타운 4층 408호,"343,000,000","168,070,000",낙찰,"168,110,000",49.0%,2025-08-05,2025_3Q,2
제주 2계 2024-1332(1),숙박시설,숙박시설,숙박시설,제주,제주시,"제주 제주시 연동 263-2 ,263-19,263-20 제주1번가더테라스 3층 302호","192,000,000","65,856,000",낙찰,"83,999,900",43.7%,2025-09-02,2025_3Q,2
제주 2계 2024-1332(2),숙박시설,숙박시설,숙박시설,제주,제주시,"제주 제주시 연동 263-2 ,263-19,263-20 제주1번가더테라스 3층 303호","192,000,000","65,856,000",낙찰,"80,099,000",41.7%,2025-09-02,2025_3Q,2
제주 2계 2024-1332(3),숙박시설,숙박시설,숙박시설,제주,제주시,"제주 제주시 연동 263-2 ,263-19,263-20 제주1번가더테라스 3층 304호","192,000,000","65,856,000",낙찰,"74,180,000",38.6%,2025-09-02,2025_3Q,2
제주 2계 2024-1332(4),숙박시설,숙박시설,숙박시설,제주,제주시,"제주 제주시 연동 263-2 ,263-19,263-20 제주1번가더테라스 3층 305호","192,000,000","65,856,000",낙찰,"80,180,000",41.8%,2025-09-02,2025_3Q,2
제주 2계 2024-1332(5),숙박시설,숙박시설,숙박시설,제주,제주시,"제주 제주시 연동 263-2 ,263-19,263-20 제주1번가더테라스 3층 306호","206,000,000","100,940,000",낙찰,"101,100,000",49.1%,2025-07-29,2025_3Q,2
제주 2계 2024-1332(6),숙박시설,숙박시설,숙박시설,제주,제주시,"제주 제주시 연동 263-2 ,263-19,263-20 제주1번가더테라스 3층 322호","213,000,000","73,059,000",낙찰,"75,259,000",35.3%,2025-09-02,2025_3Q,2
제주 2계 2024-1332(7),숙박시설,숙박시설,숙박시설,제주,제주시,"제주 제주시 연동 263-2 ,263-19,263-20 제주1번가더테라스 3층 324호","233,000,000","79,919,000",낙찰,"95,500,000",41.0%,2025-09-02,2025_3Q,2
제주 2계 2024-1332(8),숙박시설,숙박시설,숙박시설,제주,제주시,"제주 제주시 연동 263-2 ,263-19,263-20 제주1번가더테라스 3층 326호","233,000,000","79,919,000",낙찰,"105,500,000",45.3%,2025-09-02,2025_3Q,2
제주 2계 2024-1332(9),숙박시설,숙박시설,숙박시설,제주,제주시,"제주 제주시 연동 263-2 ,263-19,263-20 제주1번가더테라스 4층 504호","176,000,000","60,368,000",낙찰,"82,999,900",47.2%,2025-09-02,2025_3Q,2
제주 2계 2024-1332(10),숙박시설,숙박시설,숙박시설,제주,제주시,"제주 제주시 연동 263-2 ,263-19,263-20 제주1번가더테라스 4층 505호","176,000,000","60,368,000",낙찰,"82,999,900",47.2%,2025-09-02,2025_3Q,2
제주 2계 2024-1332(11),숙박시설,숙박시설,숙박시설,제주,제주시,"제주 제주시 연동 263-2 ,263-19,263-20 제주1번가더테라스 4층 511호","158,000,000","77,420,000",낙찰,"77,420,000",49.0%,2025-07-29,2025_3Q,2
제주 2계 2024-1332(12),숙박시설,숙박시설,숙박시설,제주,제주시,"제주 제주시 연동 263-2 ,263-19,263-20 제주1번가더테라스 4층 517호","158,000,000","54,194,000",낙찰,"75,999,900",48.1%,2025-09-02,2025_3Q,2
제주 2계 2024-1332(13),숙박시설,숙박시설,숙박시설,제주,제주시,"제주 제주시 연동 263-2 ,263-19,263-20 제주1번가더테라스 4층 518호","158,000,000","77,420,000",낙찰,"77,420,000",49.0%,2025-07-29,2025_3Q,2
제주 2계 2024-1332(14),숙박시설,숙박시설,숙박시설,제주,제주시,"제주 제주시 연동 263-2 ,263-19,263-20 제주1번가더테라스 4층 522호","196,000,000","67,228,000",낙찰,"78,500,000",40.1%,2025-09-02,2025_3Q,2
제주 2계 2024-1332(15),숙박시설,숙박시설,숙박시설,제주,제주시,"제주 제주시 연동 263-2 ,263-19,263-20 제주1번가더테라스 4층 523호","196,000,000","67,228,000",낙찰,"78,500,000",40.1%,2025-09-02,2025_3Q,2
제주 2계 2024-1332(16),숙박시설,숙박시설,숙박시설,제주,제주시,"제주 제주시 연동 263-2 ,263-19,263-20 제주1번가더테라스 4층 524호","214,000,000","73,402,000",낙찰,"88,900,000",41.5%,2025-09-02,2025_3Q,2
제주 2계 2024-1332(17),숙박시설,숙박시설,숙박시설,제주,제주시,"제주 제주시 연동 263-2 ,263-19,263-20 제주1번가더테라스 4층 526호","214,000,000","73,402,000",낙찰,"85,600,000",40.0%,2025-11-18,2025_4Q,1
제주 2계 2024-1332(18),숙박시설,숙박시설,숙박시설,제주,제주시,"제주 제주시 연동 263-2 ,263-19,263-20 제주1번가더테라스 5층 601호","189,000,000","64,827,000",낙찰,"78,800,000",41.7%,2025-11-18,2025_4Q,1
제주 2계 2024-1332(19),숙박시설,숙박시설,숙박시설,제주,제주시,"제주 제주시 연동 263-2 ,263-19,263-20 제주1번가더테라스 5층 602호","176,000,000","60,368,000",낙찰,"83,999,900",47.7%,2025-09-02,2025_3Q,2
제주 2계 2024-1332(20),숙박시설,숙박시설,숙박시설,제주,제주시,"제주 제주시 연동 263-2 ,263-19,263-20 제주1번가더테라스 5층 603호","176,000,000","60,368,000",낙찰,"83,999,900",47.7%,2025-09-02,2025_3Q,2
제주 2계 2024-1332(21),숙박시설,숙박시설,숙박시설,제주,제주시,"제주 제주시 연동 263-2 ,263-19,263-20 제주1번가더테라스 5층 604호","176,000,000","60,368,000",낙찰,"83,999,999",47.7%,2025-09-02,2025_3Q,2
제주 2계 2024-1332(22),숙박시설,숙박시설,숙박시설,제주,제주시,"제주 제주시 연동 263-2 ,263-19,263-20 제주1번가더테라스 5층 605호","176,000,000","60,368,000",낙찰,"83,999,999",47.7%,2025-09-02,2025_3Q,2
제주 2계 2024-1332(23),숙박시설,숙박시설,숙박시설,제주,제주시,"제주 제주시 연동 263-2 ,263-19,263-20 제주1번가더테라스 5층 606호","189,000,000","64,827,000",낙찰,"75,300,000",39.8%,2025-09-02,2025_3Q,2
제주 2계 2024-1332(24),숙박시설,숙박시설,숙박시설,제주,제주시,"제주 제주시 연동 263-2 ,263-19,263-20 제주1번가더테라스 8층 927호","221,000,000","75,803,000",낙찰,"97,500,000",44.1%,2025-11-18,2025_4Q,1
제주 2계 2024-1332(25),숙박시설,숙박시설,숙박시설,제주,제주시,"제주 제주시 연동 263-2 ,263-19,263-20 제주1번가더테라스 9층 1010호","161,000,000","78,890,000",낙찰,"79,400,000",49.3%,2025-07-29,2025_3Q,2
제주 2계 2024-1332(26),숙박시설,숙박시설,숙박시설,제주,제주시,"제주 제주시 연동 263-2 ,263-19,263-20 제주1번가더테라스 9층 1020호","163,000,000","79,870,000",낙찰,"81,400,000",49.9%,2025-07-29,2025_3Q,2
제주 2계 2024-1332(27),숙박시설,숙박시설,숙박시설,제주,제주시,"제주 제주시 연동 263-2 ,263-19,263-20 제주1번가더테라스 9층 1021호","204,000,000","69,972,000",낙찰,"92,004,000",45.1%,2025-09-02,2025_3Q,2
제주 2계 2024-1332(28),숙박시설,숙박시설,숙박시설,제주,제주시,"제주 제주시 연동 263-2 ,263-19,263-20 제주1번가더테라스 9층 1022호","202,000,000","69,286,000",낙찰,"91,990,000",45.5%,2025-09-02,2025_3Q,2
제주 2계 2024-1332(29),숙박시설,숙박시설,숙박시설,제주,제주시,"제주 제주시 연동 263-2 ,263-19,263-20 제주1번가더테라스 9층 1023호","202,000,000","69,286,000",낙찰,"91,990,000",45.5%,2025-09-02,2025_3Q,2
제주 2계 2024-1332(30),숙박시설,숙박시설,숙박시설,제주,제주시,"제주 제주시 연동 263-2 ,263-19,263-20 제주1번가더테라스 9층 1024호","221,000,000","75,803,000",낙찰,"90,150,000",40.8%,2025-09-02,2025_3Q,2
제주 2계 2024-1332(31),숙박시설,숙박시설,숙박시설,제주,제주시,"제주 제주시 연동 263-2 ,263-19,263-20 제주1번가더테라스 9층 1026호","221,000,000","75,803,000",낙찰,"98,990,000",44.8%,2025-09-02,2025_3Q,2
제주 2계 2024-1332(32),숙박시설,숙박시설,숙박시설,제주,제주시,"제주 제주시 연동 263-2 ,263-19,263-20 제주1번가더테라스 9층 1027호","221,000,000","75,803,000",낙찰,"102,500,000",46.4%,2025-11-18,2025_4Q,1
제주 2계 2024-1332(33),숙박시설,숙박시설,숙박시설,제주,제주시,"제주 제주시 연동 263-2 ,263-19,263-20 제주1번가더테라스 9층 1028호","221,000,000","75,803,000",낙찰,"99,110,000",44.8%,2025-09-02,2025_3Q,2
제주 2계 2024-1554(1),오피스텔(상가),근린상가,오피스텔(업무용),제주,제주시,제주 제주시 삼양이동 2174-19 청담휴클래스Ⅱ 4층 401호,"322,000,000","110,446,000",낙찰,"145,888,880",45.3%,2025-11-18,2025_4Q,1
제주 2계 2024-1554(3),숙박시설,숙박시설,숙박시설,제주,제주시,"제주 제주시 이도이동 1169-2 ,1169-4,1169-5 제이하임레지던스 4층 509호","149,000,000","73,010,000",낙찰,"83,001,000",55.7%,2025-10-14,2025_4Q,1
제주 2계 2024-1554(4),숙박시설,숙박시설,숙박시설,제주,제주시,"제주 제주시 이도이동 1169-2 ,1169-4,1169-5 제이하임레지던스 5층 604호","148,000,000","103,600,000",낙찰,"103,600,000",70.0%,2025-12-23,2025_4Q,0
제주 2계 2024-1554(8),숙박시설,숙박시설,숙박시설,제주,제주시,"제주 제주시 이도이동 1169-2 ,1169-4,1169-5 제이하임레지던스 9층 1008호","154,000,000","107,800,000",낙찰,"107,800,000",70.0%,2025-12-23,2025_4Q,0
제주 2계 2024-1554(17),오피스텔,오피스텔,오피스텔(업무용),제주,제주시,"제주 제주시 노형동 2574-2 ,2574-3 노형휴캐슬 5층 509호","302,000,000","147,980,000",낙찰,"205,100,000",67.9%,2025-10-14,2025_4Q,1
제주 2계 2024-1554(18),오피스텔,오피스텔,오피스텔(업무용),제주,제주시,"제주 제주시 노형동 2574-2 ,2574-3 노형휴캐슬 8층 808호","392,000,000","192,080,000",낙찰,"225,890,000",57.6%,2025-10-14,2025_4Q,1
제주 9계 2024-1837,자동차시설,기타건물,기타건물,제주,제주시,제주 제주시 애월읍 소길리 1363-18,"2,998,045,100","1,469,042,000",낙찰,"1,750,000,000",58.4%,2025-09-02,2025_3Q,2
제주 9계 2024-1936(1),전,전,전,제주,제주시,제주 제주시 한경면 조수리 3734-2,"479,265,000","115,072,000",낙찰,"146,200,000",30.5%,2025-09-02,2025_3Q,2
제주 9계 2024-1974,종교용지,기타건물,기타건물,제주,서귀포시,제주 서귀포시 서홍동 482,"2,590,522,000","888,549,000",낙찰,"1,100,121,000",42.5%,2025-09-02,2025_3Q,2
제주 9계 2024-2397(1),숙박시설,숙박시설,숙박시설,제주,서귀포시,제주 서귀포시 서귀동 319-2 비스타케이호텔(천지연) 2층 219호,"201,000,000","11,587,000",낙찰,"14,760,000",7.3%,2025-11-18,2025_4Q,1
제주 9계 2024-2397(2),숙박시설,숙박시설,숙박시설,제주,서귀포시,제주 서귀포시 서귀동 319-2 비스타케이호텔(천지연) 2층 220호,"201,000,000","11,587,000",낙찰,"14,310,000",7.1%,2025-11-18,2025_4Q,1
제주 8계 2024-2427,대지,나대지,나대지,제주,제주시,제주 제주시 우도면 연평리 1739-1,"252,540,000","60,635,000",낙찰,"81,500,000",32.3%,2025-07-15,2025_3Q,2
제주 9계 2024-2434,전,전,전,제주,서귀포시,제주 서귀포시 남원읍 위미리 2921,"1,389,410,000","680,811,000",낙찰,"910,000,000",65.5%,2025-09-02,2025_3Q,2
제주 2계 2024-2502(2),전,전,전,제주,서귀포시,제주 서귀포시 대정읍 영락리 1354,"380,033,000","91,246,000",낙찰,"139,200,000",36.6%,2025-09-02,2025_3Q,2
제주 3계 2024-2830,임야,임야,임야,제주,제주시,제주 제주시 한경면 낙천리 1344-1,"289,710,000","99,371,000",낙찰,"101,010,000",34.9%,2025-09-09,2025_3Q,2
제주 9계 2024-2854,점포,근린상가,점포상가,제주,서귀포시,제주 서귀포시 성산읍 오조리 1565,"338,955,500","166,088,000",낙찰,"168,500,000",49.7%,2025-07-29,2025_3Q,2
제주 1계 2024-2885,오피스텔(주거),오피스텔,오피스텔(업무용),제주,제주시,제주 제주시 연동 1494 신제주연동트리플시티 3층 102동308호,"639,000,000","447,300,000",낙찰,"457,610,000",71.6%,2025-11-11,2025_4Q,1
제주 5계 2024-2922,숙박시설,숙박시설,숙박시설,제주,제주시,제주 제주시 연동 253-3 제주센트럴시티호텔 3층 317호,"144,000,000","49,392,000",낙찰,"54,300,000",37.7%,2025-08-19,2025_3Q,2
제주 2계 2024-3055,근린주택,근린주택,근린주택,제주,서귀포시,"제주 서귀포시 대정읍 하모리 465 ,462-3,466-4","800,760,400","392,372,000",낙찰,"528,800,000",66.0%,2025-09-02,2025_3Q,2
제주 3계 2024-3062(2),전,전,전,제주,제주시,제주 제주시 해안동 136,"381,160,000","186,768,000",낙찰,"195,111,000",51.2%,2025-09-09,2025_3Q,2
제주 9계 2024-3536,임야,임야,임야,제주,제주시,제주 제주시 애월읍 봉성리 1024-3,"403,210,000","96,811,000",낙찰,"100,000,000",24.8%,2025-07-29,2025_3Q,2
제주 8계 2024-3604,근린주택,근린주택,근린주택,제주,제주시,제주 제주시 우도면 연평리 1289 A동,"4,011,439,650","963,147,000",낙찰,"1,161,909,000",29.0%,2025-12-09,2025_4Q,1
제주 1계 2024-3611,과수원,과수원,과수원,제주,서귀포시,제주 서귀포시 남원읍 남원리 2468-5,"1,516,170,800","520,047,000",낙찰,"600,000,000",39.6%,2025-12-16,2025_4Q,1
제주 4계 2024-3789(2),점포,근린상가,점포상가,제주,제주시,제주 제주시 조천읍 와흘리 2943,"1,001,280,280","343,439,000",낙찰,"552,110,000",55.1%,2025-07-08,2025_3Q,2
제주 4계 2024-3789(1),목장용지,기타토지,목장용지,제주,제주시,제주 제주시 조천읍 선흘리 1956-11,"481,950,000","165,309,000",낙찰,"170,778,000",35.4%,2025-09-16,2025_3Q,2
제주 9계 2024-3802(1),대지,나대지,나대지,제주,제주시,제주 제주시 애월읍 금성리 628-2,"520,521,000","124,977,000",낙찰,"125,000,000",24.0%,2025-12-23,2025_4Q,0
제주 9계 2024-3802(2),전,전,전,제주,제주시,제주 제주시 애월읍 금성리 628-7,"626,603,000","150,448,000",낙찰,"151,000,000",24.1%,2025-12-23,2025_4Q,0
제주 9계 2024-3826,대지,나대지,나대지,제주,서귀포시,제주 서귀포시 성산읍 고성리 2292-10,"70,700,000","24,250,000",낙찰,"24,300,000",34.4%,2025-09-02,2025_3Q,2
제주 2계 2024-3925,단독주택,단독,단독주택,제주,제주시,제주 제주시 외도일동 1360-1 105동,"490,982,020","240,581,000",낙찰,"344,200,000",70.1%,2025-07-29,2025_3Q,2
제주 9계 2024-4065,주상복합(상가),기타토지,기타토지,제주,서귀포시,제주 서귀포시 동홍동 357-6 덕산가온누리빌 1층 107호,"433,000,000","148,519,000",낙찰,"155,000,000",35.8%,2025-07-29,2025_3Q,2
제주 2계 2024-4096,잡종지,잡종지,잡종지,제주,제주시,제주 제주시 한경면 조수리 891-1,"1,496,348,000","251,492,000",낙찰,"390,000,000",26.1%,2025-11-18,2025_4Q,1
제주 7계 2024-4157,전,전,전,제주,서귀포시,제주 서귀포시 남원읍 한남리 950,"4,131,562,000","991,988,000",낙찰,"1,357,777,777",32.9%,2025-11-25,2025_4Q,1
제주 2계 2024-4171(2),전,전,전,제주,서귀포시,제주 서귀포시 안덕면 사계리 3413-3,"101,536,000","8,362,000",낙찰,"12,060,000",11.9%,2025-12-23,2025_4Q,0
제주 6계 2024-4218,임야,임야,임야,제주,제주시,제주 제주시 한림읍 금악리 3357,"972,635,000","233,530,000",낙찰,"251,100,000",25.8%,2025-07-08,2025_3Q,2
제주 2계 2024-4256(1),연립,연립주택,연립·빌라,제주,서귀포시,제주 서귀포시 중문동 1634-4 이도빌리지 2층 208호,"121,000,000","59,290,000",낙찰,"75,400,000",62.3%,2025-07-29,2025_3Q,2
제주 2계 2024-4256(2),연립,연립주택,연립·빌라,제주,서귀포시,제주 서귀포시 중문동 1634-4 이도빌리지 3층 305호,"176,000,000","86,240,000",낙찰,"98,880,000",56.2%,2025-07-29,2025_3Q,2
제주 2계 2024-4256(3),연립,연립주택,연립·빌라,제주,서귀포시,제주 서귀포시 중문동 1634-4 이도빌리지 4층 401호,"129,000,000","63,210,000",낙찰,"75,200,000",58.3%,2025-07-29,2025_3Q,2
제주 2계 2024-4256(4),연립,연립주택,연립·빌라,제주,서귀포시,제주 서귀포시 중문동 1634-4 이도빌리지 5층 509호,"249,000,000","122,010,000",낙찰,"155,110,000",62.3%,2025-07-29,2025_3Q,2
제주 4계 2024-4263,임야,임야,임야,제주,제주시,제주 제주시 한림읍 금악리 2837,"73,348,800","12,328,000",낙찰,"15,840,000",21.6%,2025-08-12,2025_3Q,2
제주 6계 2024-4270(1),단독주택,단독,단독주택,제주,제주시,제주 제주시 우도면 연평리 1142-1,"979,803,190","235,250,000",낙찰,"307,900,000",31.4%,2025-07-08,2025_3Q,2
제주 6계 2024-4270(2),전,전,전,제주,제주시,제주 제주시 우도면 연평리 1107,"601,594,000","101,110,000",낙찰,"116,521,000",19.4%,2025-08-12,2025_3Q,2
제주 3계 2024-4324,임야,임야,임야,제주,제주시,제주 제주시 조천읍 교래리 409-7,"1,487,806,000","510,318,000",낙찰,"521,111,000",35.0%,2025-08-05,2025_3Q,2
제주 3계 2024-4393,단독주택,단독,단독주택,제주,제주시,제주 제주시 영평동 2090-3 7동,"771,993,400","378,277,000",낙찰,"551,690,000",71.5%,2025-08-05,2025_3Q,2
제주 9계 2024-4430(1),전,전,전,제주,제주시,제주 제주시 한경면 저지리 2879-4,"247,355,000","41,573,000",낙찰,"55,211,000",22.3%,2025-11-18,2025_4Q,1
제주 9계 2024-4430(2),전,전,전,제주,제주시,제주 제주시 한경면 저지리 2928-4,"90,130,000","30,915,000",낙찰,"38,900,000",43.2%,2025-07-29,2025_3Q,2
제주 5계 2024-4478(2),숙박시설,숙박시설,숙박시설,제주,서귀포시,제주 서귀포시 서귀동 319-2 비스타케이호텔(천지연) 7층 709호,"96,500,000","11,353,000",낙찰,"13,900,000",14.4%,2025-11-04,2025_4Q,1
제주 9계 2024-4638,근린상가,근린상가,근린상가,제주,서귀포시,제주 서귀포시 토평동 3083-6,"4,671,513,040","1,602,329,000",낙찰,"1,651,200,000",35.3%,2025-07-29,2025_3Q,2
제주 9계 2024-4645,오피스텔(주거),오피스텔,오피스텔(업무용),제주,제주시,제주 제주시 연동 1371 아우룸플러스 7층 704호,"432,000,000","211,680,000",낙찰,"310,000,000",71.8%,2025-07-29,2025_3Q,2
제주 2계 2024-4690,오피스텔(주거),오피스텔,오피스텔(업무용),제주,제주시,제주 제주시 연동 275 세인트스톤더부티크 11층 1102호,"443,000,000","151,949,000",낙찰,"188,900,000",42.6%,2025-11-18,2025_4Q,1
제주 1계 2024-4713,연립,연립주택,연립·빌라,제주,서귀포시,"제주 서귀포시 서홍동 324-8 ,326 B동 1층 101호","1,506,000,000","516,558,000",낙찰,"685,000,000",45.5%,2025-09-30,2025_3Q,1
제주 9계 2024-4799,과수원,과수원,과수원,제주,서귀포시,제주 서귀포시 동홍동 1150,"2,108,358,000","723,167,000",낙찰,"723,500,000",34.3%,2025-09-02,2025_3Q,2
제주 3계 2024-4829,과수원,과수원,과수원,제주,서귀포시,제주 서귀포시 표선면 표선리 1592,"844,944,000","289,816,000",낙찰,"352,010,000",41.7%,2025-09-09,2025_3Q,2
제주 1계 2024-4881,과수원,과수원,과수원,제주,서귀포시,제주 서귀포시 안덕면 서광리 1497-1,"3,748,650,000","1,285,787,000",낙찰,"1,333,000,000",35.6%,2025-07-22,2025_3Q,2
제주 9계 2024-5037,단독주택,단독,단독주택,제주,서귀포시,제주 서귀포시 표선면 세화리 2192-1,"401,766,000","137,806,000",낙찰,"213,063,550",53.0%,2025-09-02,2025_3Q,2
제주 3계 2024-5068,근린주택,근린주택,근린주택,제주,제주시,제주 제주시 노형동 1049-12,"1,524,904,900","747,203,000",낙찰,"1,079,967,000",70.8%,2025-08-05,2025_3Q,2
제주 8계 2024-5112(1),단독주택,단독,단독주택,제주,제주시,제주 제주시 구좌읍 행원리 2574 101동,"309,052,770","151,436,000",낙찰,"160,707,440",52.0%,2025-08-19,2025_3Q,2
제주 8계 2024-5112(3),단독주택,단독,단독주택,제주,제주시,제주 제주시 구좌읍 행원리 2574 105동,"297,811,530","145,928,000",낙찰,"160,696,000",54.0%,2025-08-19,2025_3Q,2
제주 2계 2024-5136,점포,근린상가,점포상가,제주,제주시,제주 제주시 일도이동 168-10,"551,803,980","270,384,000",낙찰,"387,777,770",70.3%,2025-09-02,2025_3Q,2
제주 7계 2024-5266(1),전,전,전,제주,서귀포시,제주 서귀포시 안덕면 감산리 181-1,"363,222,680","87,210,000",낙찰,"101,200,000",27.9%,2025-11-25,2025_4Q,1
제주 7계 2024-5266(2),전,전,전,제주,서귀포시,제주 서귀포시 안덕면 감산리 339,"860,720,000","421,753,000",낙찰,"430,000,000",50.0%,2025-09-09,2025_3Q,2
제주 7계 2024-5266(3),전,전,전,제주,서귀포시,제주 서귀포시 안덕면 감산리 488,"1,682,318,000","577,035,000",낙찰,"601,110,000",35.7%,2025-10-21,2025_4Q,1
제주 9계 2024-5365,대지,나대지,나대지,제주,서귀포시,제주 서귀포시 남원읍 태흥리 609-3,"700,649,000","343,318,000",낙찰,"343,500,000",49.0%,2025-07-29,2025_3Q,2
제주 5계 2024-5464,목장용지,기타토지,목장용지,제주,제주시,제주 제주시 애월읍 광령리 산170-10,"2,094,935,560","718,563,000",낙찰,"960,000,000",45.8%,2025-07-15,2025_3Q,2
제주 9계 2024-5488(1),다세대,다세대주택,다세대,제주,제주시,제주 제주시 노형동 1284-16 성실빌라 4층 401호,"224,000,000","109,760,000",낙찰,"157,000,000",70.1%,2025-07-29,2025_3Q,2
제주 3계 2024-5518,대지,나대지,나대지,제주,서귀포시,제주 서귀포시 하효동 121-1,"403,472,000","138,391,000",낙찰,"202,210,000",50.1%,2025-09-09,2025_3Q,2
제주 3계 2024-5587,점포,근린상가,점포상가,제주,서귀포시,제주 서귀포시 성산읍 수산리 1029-2,"722,355,990","353,954,000",낙찰,"438,800,000",60.7%,2025-08-05,2025_3Q,2
제주 1계 2024-5648(1),숙박시설,숙박시설,숙박시설,제주,제주시,제주 제주시 삼도이동 228-32 아라팰리스 2층 201호,"115,000,000","27,612,000",낙찰,"30,288,900",26.3%,2025-07-22,2025_3Q,2
제주 1계 2024-5648(2),숙박시설,숙박시설,숙박시설,제주,제주시,제주 제주시 삼도이동 228-32 아라팰리스 2층 204호,"132,000,000","31,693,000",낙찰,"33,388,900",25.3%,2025-07-22,2025_3Q,2
제주 9계 2024-5822,전,전,전,제주,서귀포시,제주 서귀포시 표선면 성읍리 2084-10,"123,488,000","42,356,000",낙찰,"53,770,000",43.5%,2025-09-02,2025_3Q,2
제주 6계 2024-5891,단독주택,단독,단독주택,제주,서귀포시,제주 서귀포시 남원읍 신흥리 988-4 1호,"340,667,900","81,795,000",낙찰,"100,020,000",29.4%,2025-08-12,2025_3Q,2
제주 7계 2024-5907,전,전,전,제주,제주시,제주 제주시 조천읍 조천리 2815-9,"206,040,000","49,470,000",낙찰,"72,789,700",35.3%,2025-10-21,2025_4Q,1
제주 9계 2024-5938(2),다세대,다세대주택,다세대,제주,제주시,제주 제주시 조천읍 함덕리 290-97 라온제나 3층 301호,"183,000,000","128,100,000",낙찰,"129,209,000",70.6%,2025-09-02,2025_3Q,2
제주 8계 2024-6054,임야,임야,임야,제주,제주시,제주 제주시 한림읍 협재리 563-1,"842,427,000","69,377,000",낙찰,"71,100,000",8.4%,2025-09-23,2025_3Q,1
제주 9계 2024-6078,임야,임야,임야,제주,제주시,제주 제주시 한림읍 금악리 35,"325,276,000","111,570,000",낙찰,"121,000,000",37.2%,2025-09-02,2025_3Q,2
제주 2계 2024-6122,다세대,다세대주택,다세대,제주,제주시,제주 제주시 삼양일동 1547-5 로드빌 3층 301호,"201,000,000","140,700,000",낙찰,"176,200,000",87.7%,2025-07-29,2025_3Q,2
제주 2계 2024-6139,연립,연립주택,연립·빌라,제주,제주시,제주 제주시 노형동 2815 노형펠리체 101동 1층 101호,"214,000,000","149,800,000",낙찰,"182,990,000",85.5%,2025-07-29,2025_3Q,2
제주 2계 2024-6191,전,전,전,제주,서귀포시,제주 서귀포시 대정읍 신도리 1940-1,"220,224,000","52,876,000",낙찰,"72,111,000",32.7%,2025-11-18,2025_4Q,1
제주 6계 2024-6214(2),전,전,전,제주,제주시,제주 제주시 구좌읍 송당리 1192-2,"736,736,000","176,891,000",낙찰,"261,000,000",35.4%,2025-08-12,2025_3Q,2
제주 9계 2024-6221,단독주택,단독,단독주택,제주,제주시,제주 제주시 구좌읍 송당리 1872-15,"552,154,200","270,556,000",낙찰,"331,290,000",60.0%,2025-07-29,2025_3Q,2
제주 9계 2024-6238,전,전,전,제주,서귀포시,제주 서귀포시 성산읍 삼달리 818-1,"96,444,000","33,081,000",낙찰,"38,000,000",39.4%,2025-09-02,2025_3Q,2
제주 2계 2024-6252,대지,나대지,나대지,제주,서귀포시,제주 서귀포시 대정읍 무릉리 1156-1,"71,446,000","24,506,000",낙찰,"26,815,910",37.5%,2025-11-18,2025_4Q,1
제주 3계 2024-6269,다세대,다세대주택,다세대,제주,제주시,제주 제주시 조천읍 북촌리 2071-2 위산엘리시움2차 A동 1층 101호,"231,000,000","161,700,000",낙찰,"182,750,000",79.1%,2025-08-05,2025_3Q,2
제주 5계 2024-6283(1),임야,임야,임야,제주,제주시,제주 제주시 조천읍 조천리 1828,"200,199,500","48,068,000",낙찰,"55,000,000",27.5%,2025-08-19,2025_3Q,2
제주 5계 2024-6283(2),전,전,전,제주,제주시,제주 제주시 조천읍 조천리 1838-2,"147,442,250","35,401,000",낙찰,"45,000,000",30.5%,2025-08-19,2025_3Q,2
제주 9계 2024-6290,오피스텔(주거),오피스텔,오피스텔(업무용),제주,제주시,제주 제주시 연동 1494 신제주연동트리플시티 6층 101동603호,"330,000,000","161,700,000",낙찰,"201,000,000",60.9%,2025-10-14,2025_4Q,1
제주 4계 2024-6351,전,전,전,제주,서귀포시,제주 서귀포시 안덕면 서광리 140-1,"1,113,552,000","381,948,000",낙찰,"480,000,000",43.1%,2025-12-02,2025_4Q,1
제주 5계 2024-6368(1),임야,임야,임야,제주,제주시,제주 제주시 구좌읍 월정리 산34-12,"149,364,000","51,232,000",낙찰,"61,210,000",41.0%,2025-08-19,2025_3Q,2
제주 5계 2024-6368(3),임야,임야,임야,제주,제주시,제주 제주시 구좌읍 월정리 산34-14,"424,359,000","145,555,000",낙찰,"171,000,000",40.3%,2025-08-19,2025_3Q,2
제주 7계 2024-6382,단독주택,단독,단독주택,제주,제주시,제주 제주시 건입동 1210,"485,447,700","166,508,000",낙찰,"185,200,000",38.2%,2025-11-25,2025_4Q,1
제주 9계 2024-6399,전,전,전,제주,제주시,제주 제주시 한경면 낙천리 2374,"1,113,164,000","267,271,000",낙찰,"272,000,000",24.4%,2025-10-14,2025_4Q,1
제주 5계 2024-6443,과수원,과수원,과수원,제주,제주시,제주 제주시 노형동 2374-4,"6,756,000,000","2,317,308,000",낙찰,"3,019,999,999",44.7%,2025-07-15,2025_3Q,2
제주 7계 2024-6467,다세대,다세대주택,다세대,제주,서귀포시,제주 서귀포시 하원동 1328-1 에이엔빌라 A동 2층 202호,"113,000,000","79,100,000",낙찰,"79,222,000",70.1%,2025-09-09,2025_3Q,2
제주 9계 2024-6535,오피스텔,오피스텔,오피스텔(업무용),제주,제주시,"제주 제주시 노형동 906-1 ,906-8,906-9 이화 11층 1111호","69,000,000","33,810,000",낙찰,"38,501,000",55.8%,2025-07-29,2025_3Q,2
제주 9계 2024-6559,연립,연립주택,연립·빌라,제주,서귀포시,제주 서귀포시 대포동 2612 중문오션힐스 3층 302호,"342,000,000","167,580,000",낙찰,"202,400,000",59.2%,2025-09-02,2025_3Q,2
제주 1계 2024-6566,대지,나대지,나대지,제주,제주시,제주 제주시 연동 268-8,"6,469,610,720","1,553,354,000",낙찰,"1,684,762,500",26.0%,2025-09-30,2025_3Q,1
제주 2계 2024-6573(1),단독주택,단독,단독주택,제주,서귀포시,제주 서귀포시 표선면 성읍리 594,"780,378,270","382,386,000",낙찰,"431,111,000",55.2%,2025-10-14,2025_4Q,1
제주 2계 2024-6573(2),오피스텔(주거),오피스텔,오피스텔(업무용),제주,서귀포시,"제주 서귀포시 서귀동 307-10 ,307-13,307-16 수앤수 8층 801호","230,000,000","112,700,000",낙찰,"121,100,000",52.7%,2025-10-14,2025_4Q,1
제주 2계 2024-6573(3),오피스텔(주거),오피스텔,오피스텔(업무용),제주,서귀포시,"제주 서귀포시 서귀동 307-10 ,307-13,307-16 수앤수 8층 802호","142,000,000","69,580,000",낙찰,"70,007,000",49.3%,2025-10-14,2025_4Q,1
제주 2계 2024-6573(4),오피스텔(주거),오피스텔,오피스텔(업무용),제주,서귀포시,"제주 서귀포시 서귀동 307-10 ,307-13,307-16 수앤수 8층 803호","142,000,000","69,580,000",낙찰,"69,722,000",49.1%,2025-10-14,2025_4Q,1
제주 2계 2024-6665,다세대,다세대주택,다세대,제주,서귀포시,제주 서귀포시 하원동 537 골드빌2차 103동 1층 102호,"320,000,000","156,800,000",낙찰,"188,810,000",59.0%,2025-07-29,2025_3Q,2
제주 9계 2024-6726,임야,임야,임야,제주,제주시,제주 제주시 영평동 1957-3,"122,310,000","41,952,000",낙찰,"44,120,000",36.1%,2025-09-02,2025_3Q,2
제주 3계 2024-6757,과수원,과수원,과수원,제주,제주시,제주 제주시 애월읍 상가리 1498-1,"219,030,000","107,325,000",낙찰,"141,900,000",64.8%,2025-09-09,2025_3Q,2
제주 2계 2024-6818(1),과수원,과수원,과수원,제주,제주시,제주 제주시 한경면 금등리 80-1,"55,687,000","38,981,000",낙찰,"43,160,000",77.5%,2025-09-02,2025_3Q,2
제주 3계 2024-6825(1),점포,근린상가,점포상가,제주,제주시,제주 제주시 한경면 두모리 27,"231,568,000","113,469,000",낙찰,"125,700,000",54.3%,2025-09-09,2025_3Q,2
제주 3계 2024-6825(2),과수원,과수원,과수원,제주,제주시,제주 제주시 한경면 두모리 27-4,"13,728,000","6,727,000",낙찰,"7,024,000",51.2%,2025-09-09,2025_3Q,2
제주 3계 2024-6825(4),과수원,과수원,과수원,제주,제주시,제주 제주시 한경면 금등리 79,"60,909,000","29,845,000",낙찰,"34,718,130",57.0%,2025-09-09,2025_3Q,2
제주 8계 2024-6887,임야,임야,임야,제주,서귀포시,제주 서귀포시 안덕면 덕수리 152-11,"626,388,000","150,396,000",낙찰,"181,200,000",28.9%,2025-08-19,2025_3Q,2
제주 6계 2024-7002,창고,기타건물,창고,제주,제주시,제주 제주시 한경면 청수리 201-1,"1,171,297,680","401,755,000",낙찰,"410,000,000",35.0%,2025-09-16,2025_3Q,2
제주 7계 2024-7019,단독주택,단독,단독주택,제주,제주시,제주 제주시 도두이동 268-1 101동,"675,466,200","330,978,000",낙찰,"383,000,000",56.7%,2025-08-05,2025_3Q,2
제주 2계 2024-7040,과수원,과수원,과수원,제주,제주시,제주 제주시 애월읍 하가리 372,"307,512,000","150,681,000",낙찰,"153,000,000",49.8%,2025-10-14,2025_4Q,1
제주 6계 2024-7088,전,전,전,제주,제주시,제주 제주시 애월읍 봉성리 51-8,"1,496,064,280","513,150,000",낙찰,"531,000,000",35.5%,2025-08-12,2025_3Q,2
제주 2계 2024-7132,아파트,아파트,아파트,제주,서귀포시,제주 서귀포시 동홍동 157 동홍동 코아루 104동 9층 902호,"396,000,000","277,200,000",낙찰,"375,000,000",94.7%,2025-07-29,2025_3Q,2
제주 3계 2024-7149,아파트,아파트,아파트,제주,서귀포시,제주 서귀포시 동홍동 179 제이원타워 6층 620호,"57,000,000","39,900,000",낙찰,"41,651,000",73.1%,2025-08-05,2025_3Q,2
제주 7계 2024-7170,전,전,전,제주,서귀포시,제주 서귀포시 대정읍 동일리 541,"997,406,000","342,110,000",낙찰,"345,170,000",34.6%,2025-09-09,2025_3Q,2
제주 1계 2024-7279,과수원,과수원,과수원,제주,제주시,제주 제주시 애월읍 장전리 513-1,"1,609,390,000","270,491,000",낙찰,"384,905,000",23.9%,2025-12-16,2025_4Q,1
제주 3계 2024-7293,다세대,다세대주택,다세대,제주,제주시,제주 제주시 내도동 405 우현아리움빌 102동 2층 201호,"239,000,000","167,300,000",낙찰,"211,000,000",88.3%,2025-10-21,2025_4Q,1
제주 5계 2024-7316,임야,임야,임야,제주,서귀포시,제주 서귀포시 표선면 토산리 188,"290,700,000","48,858,000",낙찰,"51,600,000",17.8%,2025-09-23,2025_3Q,1
제주 6계 2024-7323,창고,기타건물,창고,제주,서귀포시,제주 서귀포시 표선면 가시리 1292,"1,592,045,800","546,071,000",낙찰,"650,710,000",40.9%,2025-08-12,2025_3Q,2
제주 5계 2024-7330,임야,임야,임야,제주,제주시,제주 제주시 구좌읍 세화리 산34,"7,721,037,062","5,404,726,000",낙찰,"5,404,726,000",70.0%,2025-11-04,2025_4Q,1
제주 7계 2024-7347,단독주택,단독,단독주택,제주,제주시,제주 제주시 용담이동 687-2 2호,"497,111,400","243,585,000",낙찰,"290,000,000",58.3%,2025-10-21,2025_4Q,1
제주 2계 2024-7378,연립,연립주택,연립·빌라,제주,서귀포시,제주 서귀포시 법환동 212 디자인뷰 101동 4층 401호,"519,000,000","254,310,000",낙찰,"293,000,000",56.5%,2025-12-23,2025_4Q,0
제주 8계 2024-7408(1),연립,연립주택,연립·빌라,제주,제주시,제주 제주시 이호일동 1768-2 파클리프 1층 101호,"543,000,000","266,070,000",낙찰,"293,100,000",54.0%,2025-12-09,2025_4Q,1
제주 8계 2024-7408(2),연립,연립주택,연립·빌라,제주,제주시,제주 제주시 이호일동 1768-2 파클리프 1층 105호,"573,000,000","280,770,000",낙찰,"321,230,000",56.1%,2025-12-09,2025_4Q,1
제주 8계 2024-7408(3),연립,연립주택,연립·빌라,제주,제주시,제주 제주시 이호일동 1768-2 파클리프 2층 201호,"543,000,000","266,070,000",낙찰,"361,111,111",66.5%,2025-12-09,2025_4Q,1
제주 8계 2024-7408(4),연립,연립주택,연립·빌라,제주,제주시,제주 제주시 이호일동 1768-2 파클리프 2층 202호,"527,000,000","258,230,000",낙찰,"293,100,000",55.6%,2025-12-09,2025_4Q,1
제주 8계 2024-7408(5),연립,연립주택,연립·빌라,제주,제주시,제주 제주시 이호일동 1768-2 파클리프 3층 301호,"554,000,000","387,800,000",낙찰,"388,880,000",70.2%,2025-12-09,2025_4Q,1
제주 8계 2024-7408(6),연립,연립주택,연립·빌라,제주,제주시,제주 제주시 이호일동 1768-2 파클리프 3층 305호,"584,000,000","286,160,000",낙찰,"360,016,000",61.6%,2025-12-09,2025_4Q,1
제주 1계 2024-7439,숙박시설,숙박시설,숙박시설,제주,서귀포시,제주 서귀포시 서호동 1522-2 EASTERN HOTEL JEJU 8층 811호,"140,000,000","16,471,000",낙찰,"23,010,000",16.4%,2025-11-11,2025_4Q,1
제주 2계 2024-7453,주상복합(주거),기타토지,기타토지,제주,제주시,제주 제주시 용담일동 235-17 용담평화베스트빌1차 8층 802호,"233,000,000","163,100,000",낙찰,"198,000,000",85.0%,2025-07-29,2025_3Q,2
제주 4계 2024-7477(1),연립,연립주택,연립·빌라,제주,제주시,제주 제주시 도련일동 134 삼화리오팰리스 102동 1층 101호,"358,000,000","60,169,000",낙찰,"60,170,050",16.8%,2025-10-28,2025_4Q,1
제주 2계 2024-7521,다세대,다세대주택,다세대,제주,제주시,제주 제주시 애월읍 하귀2리 1904-4 하귀웰시티1차 3층 301호,"146,000,000","102,200,000",낙찰,"123,899,999",84.9%,2025-09-02,2025_3Q,2
제주 3계 2024-7538,단독주택,단독,단독주택,제주,서귀포시,제주 서귀포시 토평동 20 토평예드림타운하우스,"592,661,400","414,863,000",낙찰,"463,490,000",78.2%,2025-08-05,2025_3Q,2
제주 3계 2024-7606,양어장,기타건물,기타건물,제주,서귀포시,제주 서귀포시 성산읍 신천리 8 1호,"2,713,090,600","1,329,414,000",낙찰,"1,466,000,000",54.0%,2025-11-25,2025_4Q,1
제주 6계 2024-7637,과수원,과수원,과수원,제주,서귀포시,제주 서귀포시 대정읍 보성리 690-2,"985,766,950","483,026,000",낙찰,"506,110,000",51.3%,2025-07-08,2025_3Q,2
제주 2계 2024-7682,주상복합(상가),기타토지,기타토지,제주,제주시,제주 제주시 연동 2325-7 연동한일씨티파크 2층 201호,"592,000,000","203,056,000",낙찰,"261,000,000",44.1%,2025-10-14,2025_4Q,1
제주 9계 2024-7767(2),단독주택,단독,단독주택,제주,제주시,제주 제주시 애월읍 납읍리 1665-1,"749,583,430","524,708,000",낙찰,"551,110,100",73.5%,2025-09-02,2025_3Q,2
제주 1계 2024-7774,임야,임야,임야,제주,제주시,제주 제주시 애월읍 소길리 974-77,"117,968,000","57,805,000",낙찰,"67,804,000",57.5%,2025-07-22,2025_3Q,2
제주 4계 2024-7804,전,전,전,제주,제주시,제주 제주시 우도면 연평리 2070-4,"12,296,000","2,067,000",낙찰,"3,080,000",25.0%,2025-08-12,2025_3Q,2
제주 8계 2024-7842,임야,임야,임야,제주,서귀포시,제주 서귀포시 안덕면 동광리 631,"282,486,000","67,825,000",낙찰,"87,259,900",30.9%,2025-07-15,2025_3Q,2
제주 7계 2024-7934,연립,연립주택,연립·빌라,제주,서귀포시,제주 서귀포시 중문동 1655-9 베아누빌 5층 501호,"348,000,000","170,520,000",낙찰,"223,690,000",64.3%,2025-08-05,2025_3Q,2
제주 9계 2024-8036,전,전,전,제주,서귀포시,제주 서귀포시 안덕면 동광리 1550,"2,002,000,000","480,680,000",낙찰,"480,680,000",24.0%,2025-11-18,2025_4Q,1
제주 8계 2024-8111,잡종지,잡종지,잡종지,제주,서귀포시,제주 서귀포시 안덕면 서광리 1433-2,"5,394,726,000","1,295,274,000",낙찰,"1,731,000,000",32.1%,2025-08-19,2025_3Q,2
제주 2계 2024-8128,연립,연립주택,연립·빌라,제주,제주시,제주 제주시 영평동 2501-1 제주효성해링턴코트1차3단지 301동 4층 502호,"590,000,000","413,000,000",낙찰,"513,100,000",87.0%,2025-10-14,2025_4Q,1
제주 1계 2024-8135,전,전,전,제주,제주시,제주 제주시 애월읍 신엄리 2858,"2,424,687,000","1,188,097,000",낙찰,"1,300,000,000",53.6%,2025-08-26,2025_3Q,2
제주 2계 2024-8142(1),아파트형공장,공장(지식산업센터 업무시설),공장,제주,서귀포시,제주 서귀포시 서호동 1605 제주유포리아지식산업센터 에이존동 6층 617호,"131,000,000","64,190,000",낙찰,"81,890,000",62.5%,2025-11-18,2025_4Q,1
제주 2계 2024-8142(2),아파트형공장,공장(지식산업센터 업무시설),공장,제주,서귀포시,제주 서귀포시 서호동 1605 제주유포리아지식산업센터 에이존동 6층 618호,"131,000,000","64,190,000",낙찰,"78,000,000",59.5%,2025-11-18,2025_4Q,1
제주 4계 2024-8173,전,전,전,제주,제주시,제주 제주시 한경면 고산리 897,"407,092,000","97,743,000",낙찰,"98,000,000",24.1%,2025-07-08,2025_3Q,2
제주 4계 2024-8258,전,전,전,제주,서귀포시,제주 서귀포시 신효동 1188-4,"1,911,171,000","458,872,000",낙찰,"661,000,000",34.6%,2025-08-12,2025_3Q,2
제주 1계 2024-8319,임야,임야,임야,제주,제주시,제주 제주시 애월읍 유수암리 1673-1,"2,374,525,000","814,463,000",낙찰,"988,892,990",41.6%,2025-08-26,2025_3Q,2
제주 2계 2024-8326,전,전,전,제주,제주시,제주 제주시 화북이동 3073-1,"1,900,842,000","931,412,000",낙찰,"987,000,000",51.9%,2025-10-14,2025_4Q,1
제주 3계 2024-8333(2),다세대,다세대주택,다세대,제주,제주시,"제주 제주시 애월읍 유수암리 2920-1 201호동 1,2층 201호","802,000,000","392,980,000",낙찰,"450,000,000",56.1%,2025-11-25,2025_4Q,1
제주 9계 2024-8401,창고,기타건물,창고,제주,제주시,"제주 제주시 한경면 두모리 648 ,647-2 1호","1,934,846,350","464,556,000",낙찰,"470,880,000",24.3%,2025-12-23,2025_4Q,0
제주 1계 2024-8418,단독주택,단독,단독주택,제주,서귀포시,제주 서귀포시 성산읍 온평리 581-1 비동호,"1,078,191,000","369,820,000",낙찰,"392,440,000",36.4%,2025-08-26,2025_3Q,2
제주 9계 2024-8487,다세대,다세대주택,다세대,제주,제주시,제주 제주시 이호일동 1927-6 백록휴레스트이호2차 A동 1층 102호,"237,000,000","165,900,000",낙찰,"196,789,000",83.0%,2025-07-29,2025_3Q,2
제주 1계 2024-8494,종교시설,기타건물,기타건물,제주,제주시,제주 제주시 삼도이동 606-1,"3,438,826,065","1,685,025,000",낙찰,"1,999,000,000",58.1%,2025-07-22,2025_3Q,2
제주 5계 2024-8531(1),다세대,다세대주택,다세대,제주,제주시,제주 제주시 연동 262-49 서연빌 1층 가-101호,"132,000,000","64,680,000",낙찰,"80,100,000",60.7%,2025-07-15,2025_3Q,2
제주 5계 2024-8531(2),다세대,다세대주택,다세대,제주,제주시,제주 제주시 연동 262-49 서연빌 1층 가-102호,"139,000,000","68,110,000",낙찰,"80,100,000",57.6%,2025-07-15,2025_3Q,2
제주 5계 2024-8531(3),다세대,다세대주택,다세대,제주,제주시,제주 제주시 연동 262-49 서연빌 1층 가-103호,"139,000,000","68,110,000",낙찰,"80,100,000",57.6%,2025-07-15,2025_3Q,2
제주 5계 2024-8531(4),다세대,다세대주택,다세대,제주,제주시,제주 제주시 연동 262-49 서연빌 1층 가-105호,"139,000,000","68,110,000",낙찰,"80,100,000",57.6%,2025-07-15,2025_3Q,2
제주 5계 2024-8531(5),다세대,다세대주택,다세대,제주,제주시,제주 제주시 연동 262-49 서연빌 2층 가-201호,"142,000,000","69,580,000",낙찰,"80,100,000",56.4%,2025-07-15,2025_3Q,2
제주 5계 2024-8531(6),다세대,다세대주택,다세대,제주,제주시,제주 제주시 연동 262-49 서연빌 2층 가-202호,"142,000,000","69,580,000",낙찰,"80,100,000",56.4%,2025-07-15,2025_3Q,2
제주 5계 2024-8531(7),다세대,다세대주택,다세대,제주,제주시,제주 제주시 연동 262-49 서연빌 2층 가-203호,"142,000,000","69,580,000",낙찰,"80,100,000",56.4%,2025-07-15,2025_3Q,2
제주 5계 2024-8531(8),다세대,다세대주택,다세대,제주,제주시,제주 제주시 연동 262-49 서연빌 2층 가-205호,"142,000,000","69,580,000",낙찰,"80,100,000",56.4%,2025-07-15,2025_3Q,2
제주 7계 2024-8555,대지,나대지,나대지,제주,제주시,제주 제주시 애월읍 곽지리 1723-1,"178,020,000","61,061,000",낙찰,"62,477,700",35.1%,2025-09-09,2025_3Q,2
제주 1계 2024-8586,묘지,기타토지,기타토지,제주,서귀포시,제주 서귀포시 동홍동 1324,"97,200,460","16,337,000",낙찰,"16,337,000",16.8%,2025-12-16,2025_4Q,1
제주 8계 2024-8654(2),사무실,사무실,사무실,제주,제주시,제주 제주시 이도일동 1251-8 이도휴안더센트럴 17층 1901호,"1,470,000,000","504,210,000",낙찰,"507,900,000",34.6%,2025-12-09,2025_4Q,1
제주 9계 2024-8661(1),오피스텔(주거),오피스텔,오피스텔(업무용),제주,제주시,제주 제주시 이도일동 1251-8 이도휴안더센트럴 15층 1601호,"303,000,000","148,470,000",낙찰,"149,111,000",49.2%,2025-12-23,2025_4Q,0
제주 9계 2024-8661(2),오피스텔(주거),오피스텔,오피스텔(업무용),제주,제주시,제주 제주시 이도일동 1251-8 이도휴안더센트럴 15층 1602호,"288,000,000","141,120,000",낙찰,"166,000,000",57.6%,2025-12-23,2025_4Q,0
제주 9계 2024-8661(3),오피스텔(주거),오피스텔,오피스텔(업무용),제주,제주시,제주 제주시 이도일동 1251-8 이도휴안더센트럴 15층 1603호,"288,000,000","141,120,000",낙찰,"145,980,000",50.7%,2025-12-23,2025_4Q,0
제주 9계 2024-8661(4),오피스텔(주거),오피스텔,오피스텔(업무용),제주,제주시,제주 제주시 이도일동 1251-8 이도휴안더센트럴 15층 1604호,"335,000,000","164,150,000",낙찰,"195,000,000",58.2%,2025-12-23,2025_4Q,0
제주 9계 2024-8661(5),오피스텔(주거),오피스텔,오피스텔(업무용),제주,제주시,제주 제주시 이도일동 1251-8 이도휴안더센트럴 15층 1605호,"330,000,000","161,700,000",낙찰,"183,888,888",55.7%,2025-12-23,2025_4Q,0
제주 9계 2024-8661(6),오피스텔(주거),오피스텔,오피스텔(업무용),제주,제주시,제주 제주시 이도일동 1251-8 이도휴안더센트럴 15층 1606호,"187,000,000","91,630,000",낙찰,"112,221,000",60.0%,2025-12-23,2025_4Q,0
제주 1계 2024-8777,전,전,전,제주,제주시,제주 제주시 한림읍 협재리 1533-3,"4,910,478,000","1,684,295,000",낙찰,"2,050,154,340",41.8%,2025-08-26,2025_3Q,2
제주 4계 2024-8791,숙박시설,숙박시설,숙박시설,제주,서귀포시,제주 서귀포시 서귀동 494 오션팰리스 6층 615호,"291,000,000","69,869,000",낙찰,"76,500,000",26.3%,2025-07-08,2025_3Q,2
제주 6계 2024-8814(1),오피스텔(주거),오피스텔,오피스텔(업무용),제주,제주시,"제주 제주시 노형동 924-1 ,924-2,924-3,924-7 이편한세상시티노형 9층 915호","250,000,000","122,500,000",낙찰,"162,290,000",64.9%,2025-07-08,2025_3Q,2
제주 6계 2024-8814(2),오피스텔(주거),오피스텔,오피스텔(업무용),제주,제주시,"제주 제주시 노형동 924-1 ,924-2,924-3,924-7 이편한세상시티노형 9층 926호","306,000,000","149,940,000",낙찰,"182,222,000",59.5%,2025-07-08,2025_3Q,2
제주 8계 2024-8838,전,전,전,제주,서귀포시,제주 서귀포시 성산읍 고성리 2188-5,"705,596,000","169,413,000",낙찰,"243,019,000",34.4%,2025-09-23,2025_3Q,1
제주 1계 2024-8906,전,전,전,제주,제주시,제주 제주시 애월읍 유수암리 3215,"905,498,000","310,586,000",낙찰,"351,111,000",38.8%,2025-09-30,2025_3Q,1
제주 2계 2024-8913,과수원,과수원,과수원,제주,제주시,제주 제주시 애월읍 장전리 1122-2,"1,394,105,000","683,112,000",낙찰,"713,400,000",51.2%,2025-07-29,2025_3Q,2
제주 8계 2024-8975,묘지,기타토지,기타토지,제주,서귀포시,제주 서귀포시 대정읍 동일리 2007,"41,021,000","14,071,000",낙찰,"15,007,100",36.6%,2025-07-15,2025_3Q,2
제주 9계 2024-9022(2),답,답,답,제주,제주시,제주 제주시 한경면 고산리 3982-5,"120,445,000","84,312,000",낙찰,"105,550,000",87.6%,2025-10-14,2025_4Q,1
제주 7계 2024-9091(1),임야,임야,임야,제주,제주시,제주 제주시 구좌읍 송당리 산228,"159,322,005","159,322,005",낙찰,"159,322,005",100.0%,2025-08-05,2025_3Q,2
제주 7계 2024-9091(2),임야,임야,임야,제주,제주시,제주 제주시 구좌읍 송당리 산228,"106,363,395","106,363,395",낙찰,"106,363,395",100.0%,2025-08-05,2025_3Q,2
제주 7계 2024-9091(3),임야,임야,임야,제주,제주시,제주 제주시 구좌읍 송당리 산228,"53,107,335","53,107,335",낙찰,"53,107,335",100.0%,2025-08-05,2025_3Q,2
제주 1계 2024-9121,연립,연립주택,연립·빌라,제주,서귀포시,제주 서귀포시 도순동 243-1 진양빌라 3층 301호,"110,000,000","53,900,000",낙찰,"64,100,000",58.3%,2025-12-16,2025_4Q,1
제주 5계 2024-9145(2),임야,임야,임야,제주,제주시,제주 제주시 구좌읍 월정리 1231-4,"214,038,000","104,879,000",낙찰,"112,000,000",52.3%,2025-08-19,2025_3Q,2
제주 3계 2024-9152,창고,기타건물,창고,제주,제주시,제주 제주시 구좌읍 상도리 988,"1,238,131,120","424,679,000",낙찰,"465,770,000",37.6%,2025-11-25,2025_4Q,1
제주 6계 2024-9176,오피스텔(주거),오피스텔,오피스텔(업무용),제주,제주시,제주 제주시 연동 290-42 천마에코피아 6층 608호,"240,000,000","82,320,000",낙찰,"99,000,000",41.3%,2025-08-12,2025_3Q,2
제주 8계 2024-9190(1),전,전,전,제주,제주시,제주 제주시 한림읍 한림리 350-1,"1,300,663,120","446,128,000",낙찰,"497,777,777",38.3%,2025-08-19,2025_3Q,2
제주 8계 2024-9190(2),전,전,전,제주,제주시,제주 제주시 한림읍 한림리 346,"277,112,000","95,050,000",낙찰,"138,036,900",49.8%,2025-08-19,2025_3Q,2
제주 3계 2024-9237,과수원,과수원,과수원,제주,서귀포시,제주 서귀포시 동홍동 1711-5,"272,040,000","190,428,000",낙찰,"205,100,000",75.4%,2025-09-09,2025_3Q,2
제주 9계 2024-9299,과수원,과수원,과수원,제주,서귀포시,제주 서귀포시 토평동 603,"59,829,000","20,521,000",낙찰,"20,700,000",34.6%,2025-11-18,2025_4Q,1
제주 5계 2024-9343,오피스텔,오피스텔,오피스텔(업무용),제주,제주시,제주 제주시 애월읍 하귀2리 1889-1 드림스테이 2층 203호,"303,000,000","148,470,000",낙찰,"169,670,000",56.0%,2025-07-15,2025_3Q,2
제주 7계 2024-9367,연립,연립주택,연립·빌라,제주,서귀포시,제주 서귀포시 신효동 192-1 효돈 3층 302호,"154,000,000","75,460,000",낙찰,"107,810,000",70.0%,2025-08-05,2025_3Q,2
제주 2계 2024-9404,전,전,전,제주,제주시,제주 제주시 애월읍 곽지리 811-1,"337,590,000","236,313,000",낙찰,"266,000,000",78.8%,2025-10-14,2025_4Q,1
제주 4계 2024-9428,임야,임야,임야,제주,서귀포시,제주 서귀포시 안덕면 동광리 821-1,"211,344,000","103,559,000",낙찰,"141,000,000",66.7%,2025-08-12,2025_3Q,2
제주 1계 2024-9435,단독주택,단독,단독주택,제주,서귀포시,제주 서귀포시 안덕면 사계리 2391-12,"2,875,600,760","986,332,000",낙찰,"1,200,120,000",41.7%,2025-11-11,2025_4Q,1
제주 5계 2024-9442,근린상가,근린상가,근린상가,제주,제주시,"제주 제주시 구좌읍 송당리 2610 ,2629 1호","4,913,767,360","3,439,637,000",낙찰,"3,440,010,000",70.0%,2025-07-15,2025_3Q,2
제주 8계 2024-9473,과수원,과수원,과수원,제주,서귀포시,제주 서귀포시 안덕면 창천리 983-3,"333,909,000","163,615,000",낙찰,"205,887,200",61.7%,2025-07-15,2025_3Q,2
제주 2계 2024-9497,아파트,아파트,아파트,제주,제주시,"제주 제주시 용담일동 56-6 ,56-1 용담월드하우스 8층 801호","214,000,000","149,800,000",낙찰,"194,740,000",91.0%,2025-10-14,2025_4Q,1
제주 3계 2024-9503,단독주택,단독,단독주택,제주,제주시,제주 제주시 연동 314-39,"825,905,780","578,134,000",낙찰,"635,000,000",76.9%,2025-10-21,2025_4Q,1
제주 5계 2024-9534,단독주택,단독,단독주택,제주,서귀포시,제주 서귀포시 표선면 표선리 858-2,"1,924,289,000","660,031,000",낙찰,"811,800,000",42.2%,2025-12-09,2025_4Q,1
제주 8계 2024-9565,다세대,다세대주택,다세대,제주,제주시,제주 제주시 외도일동 495-3 탐라하이츠빌 4층 401호,"200,000,000","98,000,000",낙찰,"125,899,000",62.9%,2025-07-15,2025_3Q,2
제주 5계 2024-9626,대지,나대지,나대지,제주,서귀포시,제주 서귀포시 서호동 1615-6,"4,526,879,000","1,552,720,000",낙찰,"1,625,000,000",35.9%,2025-12-09,2025_4Q,1
제주 7계 2024-9640(1),오피스텔,오피스텔,오피스텔(업무용),제주,서귀포시,제주 서귀포시 표선면 표선리 666 라온제나 4층 405호,"246,000,000","120,540,000",낙찰,"172,050,000",69.9%,2025-08-05,2025_3Q,2
제주 7계 2024-9640(2),오피스텔(주거),오피스텔,오피스텔(업무용),제주,서귀포시,제주 서귀포시 표선면 표선리 666 라온제나 5층 505호,"248,000,000","121,520,000",낙찰,"170,600,000",68.8%,2025-08-05,2025_3Q,2
제주 9계 2024-9657,다세대,다세대주택,다세대,제주,서귀포시,제주 서귀포시 서귀동 65-14 명윤주택 3층 302호,"75,000,000","36,750,000",낙찰,"55,000,000",73.3%,2025-10-14,2025_4Q,1
제주 7계 2024-9756(1),오피스텔(주거),오피스텔,오피스텔(업무용),제주,제주시,제주 제주시 연동 1371 아우룸플러스 3층 304호,"423,000,000","207,270,000",낙찰,"301,000,000",71.2%,2025-08-05,2025_3Q,2
제주 7계 2024-9756(2),오피스텔(주거),오피스텔,오피스텔(업무용),제주,제주시,제주 제주시 연동 1371 아우룸플러스 7층 703호,"410,000,000","200,900,000",낙찰,"341,000,000",83.2%,2025-08-05,2025_3Q,2
제주 8계 2024-9763,다세대,다세대주택,다세대,제주,서귀포시,"제주 서귀포시 중문동 2382 ,2361-6,2381-3 상지빌라 3층 301호","452,000,000","221,480,000",낙찰,"288,000,000",63.7%,2025-07-15,2025_3Q,2
제주 1계 2024-9770(2),과수원,과수원,과수원,제주,제주시,제주 제주시 애월읍 상가리 산8-16,"1,311,539,000","449,858,000",낙찰,"520,000,000",39.6%,2025-12-16,2025_4Q,1
제주 1계 2024-9770(3),전,전,전,제주,서귀포시,제주 서귀포시 안덕면 창천리 926,"952,628,000","326,752,000",낙찰,"361,000,000",37.9%,2025-12-16,2025_4Q,1
제주 1계 2024-9770(4),임야,임야,임야,제주,서귀포시,제주 서귀포시 안덕면 서광리 919,"1,548,508,000","531,138,000",낙찰,"671,200,000",43.3%,2025-12-16,2025_4Q,1
제주 5계 2024-9794,대지,나대지,나대지,제주,서귀포시,제주 서귀포시 법환동 743,"938,355,000","321,856,000",낙찰,"351,900,999",37.5%,2025-09-23,2025_3Q,1
제주 1계 2024-9848,다세대,다세대주택,다세대,제주,서귀포시,제주 서귀포시 강정동 5425-1 푸른빌 A동 4층 401호,"200,000,000","140,000,000",낙찰,"180,000,000",90.0%,2025-07-22,2025_3Q,2
제주 2계 2024-9947,아파트,아파트,아파트,제주,서귀포시,제주 서귀포시 성산읍 고성리 1123-2 드림펠리스 101동 3층 306호,"223,000,000","156,100,000",낙찰,"157,120,000",70.5%,2025-10-14,2025_4Q,1
제주 3계 2024-9954,연립,연립주택,연립·빌라,제주,제주시,제주 제주시 노형동 2812 노형휴먼빌 103동 1층 101호,"559,000,000","391,300,000",낙찰,"481,000,000",86.0%,2025-10-21,2025_4Q,1
제주 6계 2024-9985,과수원,과수원,과수원,제주,서귀포시,제주 서귀포시 남원읍 하례리 1449,"1,091,442,000","534,806,000",낙찰,"626,180,000",57.4%,2025-09-16,2025_3Q,2
제주 9계 2024-10022,대지,나대지,나대지,제주,서귀포시,제주 서귀포시 서호동 1521-8,"577,170,000","282,813,000",낙찰,"321,000,000",55.6%,2025-11-18,2025_4Q,1
제주 1계 2024-10039,전,전,전,제주,제주시,제주 제주시 구좌읍 김녕리 2681,"205,080,000","49,239,000",낙찰,"61,730,000",30.1%,2025-11-11,2025_4Q,1
제주 3계 2024-10053,오피스텔(주거),오피스텔,오피스텔(업무용),제주,제주시,제주 제주시 연동 290-42 천마에코피아 4층 403호,"294,000,000","144,060,000",낙찰,"146,300,000",49.8%,2025-11-25,2025_4Q,1
제주 8계 2024-10091(1),임야,임야,임야,제주,서귀포시,제주 서귀포시 대정읍 보성리 1796-3,"1,211,883,000","415,676,000",낙찰,"430,001,000",35.5%,2025-09-23,2025_3Q,1
제주 8계 2024-10091(3),전,전,전,제주,서귀포시,제주 서귀포시 대정읍 보성리 1852,"1,503,820,000","361,067,000",낙찰,"402,040,000",26.7%,2025-12-09,2025_4Q,1
제주 8계 2024-10091(4),대지,나대지,나대지,제주,서귀포시,제주 서귀포시 대정읍 보성리 1761-1,"146,888,000","71,975,000",낙찰,"91,200,000",62.1%,2025-08-19,2025_3Q,2
제주 4계 2024-10145,과수원,과수원,과수원,제주,제주시,제주 제주시 한경면 저지리 1822-1,"768,245,000","263,508,000",낙찰,"316,000,000",41.1%,2025-08-12,2025_3Q,2
제주 6계 2024-10176,연립,연립주택,연립·빌라,제주,제주시,제주 제주시 삼양일동 1659-7 유피테르 1층 101호,"457,250,000","320,075,000",낙찰,"333,222,000",72.9%,2025-07-08,2025_3Q,2
제주 7계 2024-10183,연립,연립주택,연립·빌라,제주,서귀포시,"제주 서귀포시 서호동 827-1 ,827-2,827-3 서호리츠빌 2동 1층 104호","425,050,000","145,793,000",낙찰,"200,000,000",47.1%,2025-09-09,2025_3Q,2
제주 8계 2024-10190,연립,연립주택,연립·빌라,제주,서귀포시,"제주 서귀포시 보목동 1312-1 ,1311-1 로하스빌리지 5층 506호","405,000,000","198,450,000",낙찰,"255,119,090",63.0%,2025-08-19,2025_3Q,2
제주 9계 2024-10206,전,전,전,제주,서귀포시,제주 서귀포시 안덕면 화순리 1745,"323,996,000","226,797,000",낙찰,"320,000,000",98.8%,2025-10-14,2025_4Q,1
제주 1계 2024-10213,전,전,전,제주,서귀포시,제주 서귀포시 성산읍 신산리 1376-1,"1,311,336,000","449,789,000",낙찰,"507,000,000",38.7%,2025-09-30,2025_3Q,1
제주 6계 2024-10251,단독주택,단독,단독주택,제주,서귀포시,제주 서귀포시 남원읍 태흥리 2011-30,"840,073,200","411,636,000",낙찰,"444,444,444",52.9%,2025-12-02,2025_4Q,1
제주 6계 2024-10367(1),임야,임야,임야,제주,서귀포시,제주 서귀포시 남원읍 위미리 2333-2,"62,040,000","43,428,000",낙찰,"53,678,200",86.5%,2025-09-16,2025_3Q,2
제주 6계 2024-10367(2),전,전,전,제주,서귀포시,제주 서귀포시 성산읍 신천리 436,"51,490,000","25,230,000",낙찰,"26,945,000",52.3%,2025-10-28,2025_4Q,1
제주 6계 2024-10435,임야,임야,임야,제주,제주시,제주 제주시 구좌읍 세화리 490,"633,450,000","217,274,000",낙찰,"255,000,000",40.3%,2025-12-02,2025_4Q,1
제주 8계 2024-10442,단독주택,단독,단독주택,제주,제주시,제주 제주시 애월읍 수산리 851,"400,327,620","280,229,000",낙찰,"280,311,100",70.0%,2025-07-15,2025_3Q,2
제주 2계 2024-10534,임야,임야,임야,제주,서귀포시,제주 서귀포시 성산읍 난산리 2685-5,"227,608,000","111,528,000",낙찰,"113,580,000",49.9%,2025-12-23,2025_4Q,0
제주 4계 2024-10541(1),근린상가,근린상가,근린상가,제주,제주시,"제주 제주시 연동 263-2 ,263-19,263-20 제주1번가더테라스 1층 104호","1,407,000,000","689,430,000",낙찰,"984,000,000",69.9%,2025-09-16,2025_3Q,2
제주 4계 2024-10541(2),근린상가,근린상가,근린상가,제주,제주시,"제주 제주시 연동 263-2 ,263-19,263-20 제주1번가더테라스 1층 105호","903,000,000","442,470,000",낙찰,"560,000,000",62.0%,2025-09-16,2025_3Q,2
제주 4계 2024-10541(3),근린상가,근린상가,근린상가,제주,제주시,"제주 제주시 연동 263-2 ,263-19,263-20 제주1번가더테라스 1층 106호","802,000,000","392,980,000",낙찰,"470,000,000",58.6%,2025-09-16,2025_3Q,2
제주 4계 2024-10541(4),근린상가,근린상가,근린상가,제주,제주시,"제주 제주시 연동 263-2 ,263-19,263-20 제주1번가더테라스 1층 107호","400,000,000","196,000,000",낙찰,"216,000,000",54.0%,2025-09-16,2025_3Q,2
제주 5계 2024-10558,전,전,전,제주,제주시,제주 제주시 구좌읍 행원리 533,"832,020,000","407,690,000",낙찰,"541,000,000",65.0%,2025-08-19,2025_3Q,2
제주 5계 2024-10565(1),아파트,아파트,아파트,제주,서귀포시,"제주 서귀포시 안덕면 화순리 1092-1 ,1053-31 엘림피렌체3차 5층 501호","303,000,000","148,470,000",낙찰,"208,777,000",68.9%,2025-08-19,2025_3Q,2
제주 5계 2024-10565(2),아파트,아파트,아파트,제주,서귀포시,"제주 서귀포시 안덕면 화순리 1092-1 ,1053-31 엘림피렌체3차 6층 602호","307,000,000","214,900,000",낙찰,"226,100,000",73.6%,2025-07-15,2025_3Q,2
제주 6계 2024-10596,전,전,전,제주,제주시,제주 제주시 조천읍 교래리 313,"551,080,000","189,020,000",낙찰,"189,500,000",34.4%,2025-12-02,2025_4Q,1
제주 1계 2024-10619,아파트,아파트,아파트,제주,제주시,"제주 제주시 애월읍 하귀1리 265-1 ,258-3,257 기룡비치하임 3층 301호","329,000,000","230,300,000",낙찰,"285,400,000",86.7%,2025-07-22,2025_3Q,2
제주 8계 2024-10671(1),임야,임야,임야,제주,제주시,제주 제주시 조천읍 선흘리 558,"41,980,000","14,399,000",낙찰,"16,000,000",38.1%,2025-11-04,2025_4Q,1
제주 8계 2024-10671(2),임야,임야,임야,제주,제주시,제주 제주시 조천읍 선흘리 567,"31,660,000","10,859,000",낙찰,"12,000,000",37.9%,2025-11-04,2025_4Q,1
제주 8계 2024-10671(3),임야,임야,임야,제주,제주시,제주 제주시 조천읍 선흘리 1725,"62,480,000","21,431,000",낙찰,"23,000,000",36.8%,2025-11-04,2025_4Q,1
제주 8계 2024-10671(4),임야,임야,임야,제주,제주시,제주 제주시 조천읍 선흘리 1741,"28,500,000","13,965,000",낙찰,"15,500,000",54.4%,2025-09-23,2025_3Q,1
제주 8계 2024-10671(5),임야,임야,임야,제주,제주시,제주 제주시 조천읍 와산리 11,"118,080,000","40,501,000",낙찰,"43,000,000",36.4%,2025-11-04,2025_4Q,1
제주 2계 2024-10695,오피스텔(주거),오피스텔,오피스텔(업무용),제주,제주시,제주 제주시 연동 271-36 메종프라임연동 12층 1203호,"130,000,000","63,700,000",낙찰,"72,150,000",55.5%,2025-11-18,2025_4Q,1
제주 6계 2024-10732,임야,임야,임야,제주,서귀포시,제주 서귀포시 성산읍 삼달리 1798-5,"93,678,870","45,903,000",낙찰,"50,010,000",53.4%,2025-10-28,2025_4Q,1
제주 2계 2024-10787,오피스텔,오피스텔,오피스텔(업무용),제주,제주시,제주 제주시 연동 260-38 제주연동모디움 12층 1203호,"117,000,000","57,330,000",낙찰,"67,860,000",58.0%,2025-11-18,2025_4Q,1
제주 3계 2024-10794,단독주택,단독,단독주택,제주,제주시,제주 제주시 이도이동 424-3,"752,355,500","368,654,000",낙찰,"387,888,888",51.6%,2025-11-25,2025_4Q,1
제주 4계 2024-10800,전,전,전,제주,제주시,제주 제주시 한림읍 한림리 1016,"941,551,000","322,952,000",낙찰,"420,100,000",44.6%,2025-12-02,2025_4Q,1
제주 5계 2024-10817,근린주택,근린주택,근린주택,제주,제주시,제주 제주시 노형동 3803-15 씨앤케이갤럭시맨션,"1,897,748,370","1,328,424,000",낙찰,"1,500,000,000",79.0%,2025-08-19,2025_3Q,2
제주 9계 2024-10831,단독주택,단독,단독주택,제주,제주시,제주 제주시 구좌읍 월정리 878 가동,"1,066,346,600","365,757,000",낙찰,"451,600,000",42.4%,2025-12-23,2025_4Q,0
제주 8계 2024-10848(2),전,전,전,제주,제주시,제주 제주시 한경면 고산리 1083-1,"463,179,000","111,210,000",낙찰,"112,319,000",24.2%,2025-12-09,2025_4Q,1
제주 8계 2024-10848(3),전,전,전,제주,제주시,제주 제주시 한경면 고산리 1539-3,"123,060,000","123,060,000",낙찰,"130,070,000",105.7%,2025-07-15,2025_3Q,2
제주 7계 2024-11001(1),전,전,전,제주,서귀포시,제주 서귀포시 표선면 가시리 2146-3,"158,240,000","77,538,000",낙찰,"79,000,000",49.9%,2025-09-09,2025_3Q,2
제주 7계 2024-11001(2),전,전,전,제주,서귀포시,제주 서귀포시 표선면 가시리 2146-4,"156,396,000","53,644,000",낙찰,"70,777,000",45.3%,2025-10-21,2025_4Q,1
제주 8계 2024-11018,창고,기타건물,창고,제주,제주시,제주 제주시 한림읍 월령리 1195 A동,"821,303,200","281,707,000",낙찰,"338,800,000",41.3%,2025-09-23,2025_3Q,1
제주 5계 2024-11063,과수원,과수원,과수원,제주,서귀포시,제주 서귀포시 남원읍 의귀리 276,"2,843,158,000","682,643,000",낙찰,"975,000,000",34.3%,2025-12-09,2025_4Q,1
제주 6계 2024-11070,전,전,전,제주,서귀포시,제주 서귀포시 성산읍 수산리 1404,"786,046,000","188,729,000",낙찰,"212,010,000",27.0%,2025-10-28,2025_4Q,1
제주 9계 2024-11100(2),전,전,전,제주,제주시,제주 제주시 구좌읍 종달리 3119,"25,500,000","12,495,000",낙찰,"16,190,000",63.5%,2025-11-18,2025_4Q,1
제주 4계 2024-11148,임야,임야,임야,제주,서귀포시,제주 서귀포시 대정읍 상모리 3615,"87,710,000","21,060,000",낙찰,"22,000,000",25.1%,2025-08-12,2025_3Q,2
제주 7계 2024-11261,전,전,전,제주,제주시,제주 제주시 한림읍 동명리 1202,"649,632,000","318,319,000",낙찰,"330,700,000",50.9%,2025-09-09,2025_3Q,2
제주 2계 2024-11292,전,전,전,제주,제주시,제주 제주시 애월읍 납읍리 864-2,"777,320,000","380,887,000",낙찰,"432,580,000",55.7%,2025-11-18,2025_4Q,1
제주 3계 2024-11308,전,전,전,제주,제주시,제주 제주시 한림읍 금악리 2338,"303,930,000","148,926,000",낙찰,"151,211,000",49.8%,2025-11-25,2025_4Q,1
제주 5계 2024-11339,임야,임야,임야,제주,제주시,제주 제주시 애월읍 소길리 1033-1,"653,540,000","653,540,000",낙찰,"822,000,000",125.8%,2025-07-15,2025_3Q,2
제주 5계 2024-11414,과수원,과수원,과수원,제주,서귀포시,제주 서귀포시 표선면 세화리 1430,"671,368,000","230,280,000",낙찰,"280,184,000",41.7%,2025-11-04,2025_4Q,1
제주 1계 2024-11469,단독주택,단독,단독주택,제주,제주시,제주 제주시 한림읍 한림리 195-4,"189,029,100","92,624,000",낙찰,"97,777,777",51.7%,2025-09-30,2025_3Q,1
제주 2계 2024-11476,다세대,다세대주택,다세대,제주,서귀포시,"제주 서귀포시 신효동 762-2 ,762-13,762-14 이도빌리지나단지 103동 3층 301호","143,000,000","100,100,000",낙찰,"109,324,000",76.5%,2025-10-14,2025_4Q,1
제주 4계 2024-11490,아파트,아파트,아파트,제주,서귀포시,제주 서귀포시 남원읍 위미리 3207-1 청호썬비치빌 3층 304호,"202,000,000","141,400,000",낙찰,"145,000,000",71.8%,2025-07-08,2025_3Q,2
제주 5계 2024-11506,연립,연립주택,연립·빌라,제주,서귀포시,제주 서귀포시 서귀동 118 정방빌라 2층 202호,"115,000,000","56,350,000",낙찰,"80,100,000",69.7%,2025-12-09,2025_4Q,1
제주 8계 2024-11537,단독주택,단독,단독주택,제주,제주시,제주 제주시 내도동 309-4,"238,179,300","238,179,300",낙찰,"245,000,000",102.9%,2025-07-15,2025_3Q,2
제주 1계 2024-11568,단독주택,단독,단독주택,제주,제주시,제주 제주시 구좌읍 하도리 1408,"179,185,293","61,461,000",낙찰,"67,640,000",37.7%,2025-11-11,2025_4Q,1
제주 3계 2024-11582,연립,연립주택,연립·빌라,제주,제주시,제주 제주시 영평동 2501-1 제주효성해링턴코트1차3단지 302동 1층 101호,"482,000,000","337,400,000",낙찰,"405,300,000",84.1%,2025-10-21,2025_4Q,1
제주 4계 2024-11599,오피스텔(주거),오피스텔,오피스텔(업무용),제주,제주시,"제주 제주시 노형동 1293-3 ,1293-4,1293-5 빌리브노형 19층 2103호","470,000,000","329,000,000",낙찰,"382,700,000",81.4%,2025-07-08,2025_3Q,2
제주 5계 2024-11605,연립,연립주택,연립·빌라,제주,서귀포시,제주 서귀포시 중문동 2412-2 중문엠블렘세레스빌 4층 401호,"526,000,000","257,740,000",낙찰,"330,330,000",62.8%,2025-09-23,2025_3Q,1
제주 8계 2024-11629,단독주택,단독,단독주택,제주,서귀포시,제주 서귀포시 대정읍 안성리 1912-1,"801,822,500","392,893,000",낙찰,"471,111,000",58.8%,2025-09-23,2025_3Q,1
제주 5계 2024-11681(1),임야,임야,임야,제주,제주시,제주 제주시 조천읍 선흘리 1670-3,"1,613,000,000","790,370,000",낙찰,"1,100,000,000",68.2%,2025-09-23,2025_3Q,1
제주 5계 2024-11681(2),단독주택,단독,단독주택,제주,제주시,제주 제주시 조천읍 선흘리 2741 2동,"615,479,900","301,585,000",낙찰,"376,990,000",61.3%,2025-09-23,2025_3Q,1
제주 8계 2024-11711,대지,나대지,나대지,제주,서귀포시,제주 서귀포시 서호동 643-2,"1,379,010,000","473,001,000",낙찰,"474,100,000",34.4%,2025-11-04,2025_4Q,1
제주 1계 2024-11735(1),아파트,아파트,아파트,제주,서귀포시,제주 서귀포시 서홍동 299-1 태봉그린피아 103동 5층 507호,"102,000,000","71,400,000",낙찰,"80,789,000",79.2%,2025-11-11,2025_4Q,1
제주 2계 2024-11742,단독주택,단독,단독주택,제주,제주시,제주 제주시 애월읍 상귀리 248 105동,"496,678,560","243,373,000",낙찰,"296,000,000",59.6%,2025-11-18,2025_4Q,1
제주 4계 2024-11766,임야,임야,임야,제주,제주시,제주 제주시 애월읍 상귀리 1369,"202,488,000","48,617,000",낙찰,"55,000,000",27.2%,2025-09-16,2025_3Q,2
제주 5계 2024-11773,단독주택,단독,단독주택,제주,제주시,제주 제주시 애월읍 어음리 3665-1,"381,595,000","186,982,000",낙찰,"250,000,000",65.5%,2025-09-23,2025_3Q,1
제주 7계 2024-11797,단독주택,단독,단독주택,제주,제주시,제주 제주시 애월읍 소길리 97-5,"416,682,800","291,678,000",낙찰,"300,100,000",72.0%,2025-09-09,2025_3Q,2
제주 4계 2024-11810,전,전,전,제주,제주시,제주 제주시 한경면 두모리 2314,"376,395,000","184,434,000",낙찰,"184,500,000",49.0%,2025-08-12,2025_3Q,2
제주 6계 2024-11872,전,전,전,제주,서귀포시,제주 서귀포시 표선면 가시리 842-15,"229,660,000","78,773,000",낙찰,"82,820,000",36.1%,2025-12-02,2025_4Q,1
제주 7계 2024-11889,잡종지,잡종지,잡종지,제주,서귀포시,제주 서귀포시 성산읍 신풍리 1141,"193,430,000","135,401,000",낙찰,"136,000,000",70.3%,2025-08-05,2025_3Q,2
제주 2계 2024-11926,전,전,전,제주,제주시,제주 제주시 구좌읍 한동리 1335,"1,815,220,400","889,458,000",낙찰,"1,100,000,000",60.6%,2025-11-18,2025_4Q,1
제주 4계 2024-11940,임야,임야,임야,제주,제주시,제주 제주시 아라일동 394-1,"1,785,080,000","874,689,000",낙찰,"1,250,000,000",70.0%,2025-07-08,2025_3Q,2
제주 2계 2024-12011,근린상가,근린상가,근린상가,제주,제주시,"제주 제주시 일도이동 142-1 ,142-2 지하층1호","127,000,000","43,561,000",낙찰,"55,000,000",43.3%,2025-12-23,2025_4Q,0
제주 5계 2024-12059,창고,기타건물,창고,제주,제주시,"제주 제주시 애월읍 수산리 2118-1 ,2122-5","509,172,160","356,421,000",낙찰,"363,597,000",71.4%,2025-09-23,2025_3Q,1
제주 6계 2024-12141,다세대,다세대주택,다세대,제주,제주시,제주 제주시 아라이동 1131-2 노블리츠빌 104동 4층 402호,"363,000,000","254,100,000",낙찰,"311,660,000",85.9%,2025-10-28,2025_4Q,1
제주 7계 2024-12264,전,전,전,제주,제주시,제주 제주시 한림읍 대림리 130,"89,417,400","30,670,000",낙찰,"31,000,000",34.7%,2025-08-05,2025_3Q,2
제주 9계 2024-12271,창고,기타건물,창고,제주,제주시,제주 제주시 조천읍 신촌리 354,"1,272,975,000","623,758,000",낙찰,"901,190,000",70.8%,2025-12-23,2025_4Q,0
제주 1계 2024-12288,과수원,과수원,과수원,제주,제주시,제주 제주시 조천읍 신촌리 357,"318,998,000","156,309,000",낙찰,"170,000,000",53.3%,2025-12-16,2025_4Q,1
제주 2계 2024-12295,과수원,과수원,과수원,제주,제주시,제주 제주시 조천읍 선흘리 3560,"712,457,700","349,104,000",낙찰,"356,300,000",50.0%,2025-12-23,2025_4Q,0
제주 5계 2024-12325,연립,연립주택,연립·빌라,제주,제주시,제주 제주시 해안동 2545-6 화이트디어해안2 102동 1층 105호,"1,106,000,000","541,940,000",낙찰,"643,000,777",58.1%,2025-12-09,2025_4Q,1
제주 1계 2024-12363,과수원,과수원,과수원,제주,제주시,제주 제주시 오라일동 1067,"1,411,175,000","484,033,000",낙찰,"656,782,000",46.5%,2025-11-11,2025_4Q,1
제주 2계 2024-12370,오피스텔(주거),오피스텔,오피스텔(업무용),제주,서귀포시,제주 서귀포시 동홍동 1201 금강라이프빌2차 4층 403호,"146,000,000","71,540,000",낙찰,"84,310,000",57.7%,2025-11-18,2025_4Q,1
제주 9계 2024-12448,임야,임야,임야,제주,제주시,제주 제주시 우도면 연평리 418,"567,792,000","278,218,000",낙찰,"280,230,000",49.4%,2025-12-23,2025_4Q,0
제주 3계 2024-12479,연립,연립주택,연립·빌라,제주,서귀포시,제주 서귀포시 서홍동 224-2 서홍맨션A 1층 103호,"78,000,000","78,000,000",낙찰,"78,050,000",100.1%,2025-10-21,2025_4Q,1
제주 6계 2024-12509,주상복합(주거),기타토지,기타토지,제주,제주시,제주 제주시 이도일동 1708-4 극동오벨리스크3차 9층 1001호,"320,000,000","224,000,000",낙찰,"286,800,000",89.6%,2025-07-08,2025_3Q,2
제주 1계 2024-12547,오피스텔(주거),오피스텔,오피스텔(업무용),제주,제주시,"제주 제주시 연동 263-13 ,263-14 레지던스이타스3 9층 1012호","113,000,000","55,370,000",낙찰,"68,930,000",61.0%,2025-09-30,2025_3Q,1
제주 5계 2024-12653,전,전,전,제주,서귀포시,제주 서귀포시 안덕면 덕수리 2321-1,"41,839,000","20,501,000",낙찰,"25,140,000",60.1%,2025-11-04,2025_4Q,1
제주 6계 2024-12660,연립,연립주택,연립·빌라,제주,제주시,제주 제주시 한경면 청수리 2680-2 제주에듀루치올라 111동 4층 401호,"487,000,000","238,630,000",낙찰,"238,630,000",49.0%,2025-08-12,2025_3Q,2
제주 1계 2024-12707,전,전,전,제주,제주시,제주 제주시 한경면 고산리 3125-31,"366,930,000","179,796,000",낙찰,"250,000,000",68.1%,2025-09-30,2025_3Q,1
제주 2계 2024-12714,전,전,전,제주,제주시,제주 제주시 애월읍 소길리 656-1,"784,323,000","384,318,000",낙찰,"432,000,000",55.1%,2025-11-18,2025_4Q,1
제주 5계 2024-12738(1),단독주택,단독,단독주택,제주,제주시,제주 제주시 한림읍 한림리 1343-2,"291,190,580","99,878,000",낙찰,"130,770,000",44.9%,2025-12-09,2025_4Q,1
제주 5계 2024-12738(2),임야,임야,임야,제주,제주시,제주 제주시 한림읍 협재리 산125,"13,319,400","6,527,000",낙찰,"6,931,000",52.0%,2025-11-04,2025_4Q,1
제주 8계 2024-12790(1),숙박시설,숙박시설,숙박시설,제주,제주시,"제주 제주시 연동 274-37 ,274-32,274-35 디오션시티1차 8층 823호","88,000,000","43,120,000",낙찰,"52,222,900",59.3%,2025-11-04,2025_4Q,1
제주 8계 2024-12790(2),숙박시설,숙박시설,숙박시설,제주,제주시,"제주 제주시 연동 274-37 ,274-32,274-35 디오션시티1차 10층 1017호","96,000,000","47,040,000",낙찰,"58,330,000",60.8%,2025-11-04,2025_4Q,1
제주 8계 2024-12790(3),숙박시설,숙박시설,숙박시설,제주,제주시,"제주 제주시 연동 274-37 ,274-32,274-35 디오션시티1차 14층 1402호","101,000,000","49,490,000",낙찰,"61,690,000",61.1%,2025-11-04,2025_4Q,1
제주 8계 2024-12790(4),숙박시설,숙박시설,숙박시설,제주,제주시,"제주 제주시 연동 274-37 ,274-32,274-35 디오션시티1차 15층 1529호","101,000,000","49,490,000",낙찰,"54,590,000",54.0%,2025-11-04,2025_4Q,1
제주 8계 2024-12790(5),숙박시설,숙박시설,숙박시설,제주,제주시,"제주 제주시 연동 274-37 ,274-32,274-35 디오션시티1차 15층 1531호","144,000,000","70,560,000",낙찰,"85,110,000",59.1%,2025-11-04,2025_4Q,1
제주 9계 2024-12806(16),다세대,다세대주택,다세대,제주,서귀포시,제주 서귀포시 성산읍 고성리 1191-1 서해파스텔 4층 504호,"89,000,000","62,300,000",낙찰,"72,340,000",81.3%,2025-12-23,2025_4Q,0
제주 4계 2024-12844,다세대,다세대주택,다세대,제주,서귀포시,"제주 서귀포시 안덕면 사계리 1516 산방산코아루아이비타운 106동 1,2층 102호","627,000,000","307,230,000",낙찰,"370,199,000",59.0%,2025-07-08,2025_3Q,2
제주 9계 2024-12936,전,전,전,제주,제주시,제주 제주시 구좌읍 하도리 1988,"142,142,000","69,649,000",낙찰,"91,000,000",64.0%,2025-12-23,2025_4Q,0
제주 8계 2024-12974,임야,임야,임야,제주,제주시,제주 제주시 구좌읍 상도리 1393,"892,800,000","306,230,000",낙찰,"362,100,000",40.6%,2025-12-09,2025_4Q,1
제주 5계 2024-12981,연립,연립주택,연립·빌라,제주,서귀포시,제주 서귀포시 토평동 2086-1 한라 4층 404호,"87,000,000","42,630,000",낙찰,"58,999,999",67.8%,2025-11-04,2025_4Q,1
제주 2계 2024-13014,연립,연립주택,연립·빌라,제주,서귀포시,제주 서귀포시 법환동 748-1 동남서호 103동 3층 305호,"184,000,000","184,000,000",낙찰,"184,699,900",100.4%,2025-10-14,2025_4Q,1
제주 2계 2024-13021,연립,연립주택,연립·빌라,제주,제주시,제주 제주시 한경면 저지리 2877 곶자왈아이파크 105동 2층 201호,"700,000,000","343,000,000",낙찰,"401,230,000",57.3%,2025-12-23,2025_4Q,0
제주 7계 2024-13052(1),전,전,전,제주,제주시,제주 제주시 한림읍 귀덕리 2067-1,"251,022,000","86,101,000",낙찰,"108,036,900",43.0%,2025-11-25,2025_4Q,1
제주 7계 2024-13052(2),전,전,전,제주,제주시,제주 제주시 한림읍 귀덕리 2350-1,"328,157,000","160,797,000",낙찰,"174,545,000",53.2%,2025-10-21,2025_4Q,1
제주 5계 2024-13120,숙박시설,숙박시설,숙박시설,제주,제주시,"제주 제주시 연동 274-37 ,274-32,274-35 디오션시티1차 8층 825호","132,000,000","132,000,000",낙찰,"132,000,000",100.0%,2025-08-19,2025_3Q,2
제주 2계 2024-13182,연립,연립주택,연립·빌라,제주,제주시,제주 제주시 노형동 658 동마베스티아1차 1층 104호,"275,000,000","275,000,000",낙찰,"290,119,990",105.5%,2025-10-14,2025_4Q,1
제주 6계 2024-13229,대지,나대지,나대지,제주,제주시,제주 제주시 이도일동 1466-1,"1,598,940,000","1,119,258,000",낙찰,"1,300,000,000",81.3%,2025-10-28,2025_4Q,1
제주 6계 2024-13328,단독주택,단독,단독주택,제주,서귀포시,제주 서귀포시 안덕면 화순리 1807-8,"521,311,450","255,443,000",낙찰,"285,443,000",54.8%,2025-12-02,2025_4Q,1
제주 1계 2024-13366(1),오피스텔,오피스텔,오피스텔(업무용),제주,제주시,"제주 제주시 노형동 906-1 ,906-8,906-9 이화 5층 503호","49,000,000","34,300,000",낙찰,"38,350,000",78.3%,2025-11-11,2025_4Q,1
제주 1계 2024-13366(2),오피스텔,오피스텔,오피스텔(업무용),제주,제주시,"제주 제주시 노형동 906-1 ,906-8,906-9 이화 8층 801호","105,000,000","51,450,000",낙찰,"73,777,000",70.3%,2025-12-16,2025_4Q,1
제주 5계 2024-13489,대지,나대지,나대지,제주,서귀포시,제주 서귀포시 대정읍 보성리 2463-1,"889,305,000","305,032,000",낙찰,"321,999,990",36.2%,2025-12-09,2025_4Q,1
제주 4계 2024-13564(2),임야,임야,임야,제주,서귀포시,제주 서귀포시 안덕면 동광리 834-8,"10,416,000","3,573,000",낙찰,"3,575,000",34.3%,2025-09-16,2025_3Q,2
제주 9계 2024-13618,근린상가,근린상가,근린상가,제주,서귀포시,제주 서귀포시 대정읍 구억리 1149 가보드림타운 A동 3층 301호,"589,000,000","412,300,000",낙찰,"413,420,000",70.2%,2025-11-18,2025_4Q,1
제주 1계 2024-13625(2),근린상가,근린상가,근린상가,제주,제주시,제주 제주시 노형동 722-2 메르헨하우스3 지1층 비04호,"23,000,000","16,100,000",낙찰,"23,000,100",100.0%,2025-11-11,2025_4Q,1
제주 7계 2024-13687,다세대,다세대주택,다세대,제주,서귀포시,"제주 서귀포시 서호동 827-1 ,827-2,827-3 서호리츠빌 1동 2층 202호","380,000,000","186,200,000",낙찰,"203,100,000",53.4%,2025-10-21,2025_4Q,1
제주 7계 2024-13779,오피스텔(주거),오피스텔,오피스텔(업무용),제주,제주시,제주 제주시 애월읍 하귀2리 1889-1 드림스테이 2층 204호,"285,000,000","139,650,000",낙찰,"174,510,000",61.2%,2025-10-21,2025_4Q,1
제주 8계 2024-13786,아파트,아파트,아파트,제주,서귀포시,제주 서귀포시 중문동 1726 이편한세상중문 102동 2층 203호,"414,000,000","289,800,000",낙찰,"324,900,000",78.5%,2025-12-09,2025_4Q,1
제주 4계 2024-13823,오피스텔,오피스텔,오피스텔(업무용),제주,제주시,"제주 제주시 노형동 924-1 ,924-2,924-3,924-7 이편한세상시티노형 3층 306호","619,000,000","303,310,000",낙찰,"360,000,000",58.2%,2025-09-16,2025_3Q,2
제주 9계 2024-13878(2),다세대,다세대주택,다세대,제주,제주시,"제주 제주시 노형동 1060-2 ,1060-3 엔알파라디빌7차 2층 201호","341,000,000","238,700,000",낙찰,"274,800,000",80.6%,2025-11-18,2025_4Q,1
제주 9계 2024-13878(3),다세대,다세대주택,다세대,제주,제주시,"제주 제주시 노형동 1060-2 ,1060-3 엔알파라디빌7차 4층 402호","399,000,000","279,300,000",낙찰,"320,090,000",80.2%,2025-11-18,2025_4Q,1
제주 9계 2024-13878(4),다세대,다세대주택,다세대,제주,제주시,"제주 제주시 노형동 1060-2 ,1060-3 엔알파라디빌7차 5층 502호","466,000,000","228,340,000",낙찰,"311,500,000",66.8%,2025-12-23,2025_4Q,0
제주 1계 2024-13960,잡종지,잡종지,잡종지,제주,서귀포시,제주 서귀포시 대정읍 무릉리 2712-1,"121,800,000","41,777,000",낙찰,"42,310,000",34.7%,2025-12-16,2025_4Q,1
제주 3계 2024-14079,오피스텔(주거),오피스텔,오피스텔(업무용),제주,제주시,제주 제주시 애월읍 하귀2리 1889-1 드림스테이 2층 201호,"259,000,000","181,300,000",낙찰,"185,138,888",71.5%,2025-11-25,2025_4Q,1
제주 4계 2024-14086,오피스텔(주거),오피스텔,오피스텔(업무용),제주,제주시,"제주 제주시 이도일동 1690-4 ,1690-6 제주트리뷰아일랜드 1동 8층 812호","146,000,000","102,200,000",낙찰,"102,200,000",70.0%,2025-08-12,2025_3Q,2
제주 7계 2024-14116,단독주택,단독,단독주택,제주,제주시,제주 제주시 한림읍 상대리 2887-2 A동,"747,178,230","256,283,000",낙찰,"423,221,000",56.6%,2025-10-21,2025_4Q,1
제주 1계 2024-14147,대지,나대지,나대지,제주,서귀포시,제주 서귀포시 법환동 267-1,"298,100,000","102,248,000",낙찰,"132,111,000",44.3%,2025-12-16,2025_4Q,1
제주 7계 2024-14208,선박,기타토지,기타토지,제주,제주시,제주 제주시 건입동 제2부두((주)세경)내 보관,"520,268,000","178,452,000",낙찰,"255,000,000",49.0%,2025-09-09,2025_3Q,2
제주 8계 2024-14307,연립,연립주택,연립·빌라,제주,서귀포시,"제주 서귀포시 동홍동 1902-7 ,1909,1910-4 루체비스타 103동 1층 101호","327,000,000","228,900,000",낙찰,"229,999,000",70.3%,2025-11-04,2025_4Q,1
제주 2계 2024-14338,전,전,전,제주,서귀포시,제주 서귀포시 성산읍 시흥리 759-2,"463,524,000","227,127,000",낙찰,"227,770,000",49.1%,2025-12-23,2025_4Q,0
제주 3계 2024-14345,연립,연립주택,연립·빌라,제주,제주시,제주 제주시 조천읍 신촌리 1331 제주조천코아루더테라스 106동 4층 403호,"343,000,000","240,100,000",낙찰,"315,001,000",91.8%,2025-11-25,2025_4Q,1
제주 9계 2024-20333,전,전,전,제주,서귀포시,제주 서귀포시 안덕면 동광리 744,"1,216,005,000","291,963,000",낙찰,"470,000,000",38.7%,2025-09-02,2025_3Q,2
제주 7계 2024-20647,전,전,전,제주,제주시,제주 제주시 애월읍 하귀2리 1836-1,"868,081,450","297,752,000",낙찰,"336,810,000",38.8%,2025-10-21,2025_4Q,1
제주 8계 2024-20654(2),대지,나대지,나대지,제주,서귀포시,제주 서귀포시 대정읍 일과리 1377,"10,281,600","5,038,000",낙찰,"7,350,000",71.5%,2025-07-15,2025_3Q,2
제주 8계 2024-20722(5),임야,임야,임야,제주,서귀포시,제주 서귀포시 성산읍 고성리 667-3,"258,027,000","88,503,000",낙찰,"100,600,000",39.0%,2025-11-04,2025_4Q,1
제주 1계 2024-20739,창고,기타건물,창고,제주,서귀포시,제주 서귀포시 남원읍 위미리 3592-3,"1,479,454,800","724,933,000",낙찰,"887,500,000",60.0%,2025-07-22,2025_3Q,2
제주 2계 2024-20999,연립,연립주택,연립·빌라,제주,서귀포시,제주 서귀포시 중문동 1847-1 중문메리디안 203 3층 304호,"341,000,000","238,700,000",낙찰,"259,990,000",76.2%,2025-12-23,2025_4Q,0
제주 3계 2024-21008,숙박시설,숙박시설,숙박시설,제주,서귀포시,제주 서귀포시 성산읍 고성리 298-5 제주성산라마다앙코르호텔 8층 910호,"160,000,000","18,824,000",낙찰,"24,880,000",15.6%,2025-09-09,2025_3Q,2
제주 6계 2024-21022,숙박시설,숙박시설,숙박시설,제주,서귀포시,제주 서귀포시 성산읍 고성리 298-5 제주성산라마다앙코르호텔 2층 203호,"144,000,000","16,941,000",낙찰,"19,500,000",13.5%,2025-08-12,2025_3Q,2
제주 7계 2024-21039,숙박시설,숙박시설,숙박시설,제주,서귀포시,제주 서귀포시 성산읍 고성리 298-5 제주성산라마다앙코르호텔 2층 226호,"150,000,000","17,648,000",낙찰,"20,800,000",13.9%,2025-08-05,2025_3Q,2
제주 9계 2024-21121,임야,임야,임야,제주,서귀포시,제주 서귀포시 표선면 세화리 1426,"566,991,500","66,707,000",낙찰,"71,560,000",12.6%,2025-07-29,2025_3Q,2
제주 9계 2024-21350(2),임야,임야,임야,제주,서귀포시,제주 서귀포시 대정읍 보성리 205-4,"48,152,000","5,665,000",낙찰,"10,000,000",20.8%,2025-07-29,2025_3Q,2
제주 3계 2024-21640,단독주택,단독,단독주택,제주,제주시,"제주 제주시 애월읍 광령리 1062 ,1054-2,1062-1","2,135,772,900","1,046,529,000",낙찰,"1,400,000,000",65.6%,2025-10-21,2025_4Q,1
제주 3계 2024-21671(2),근린상가,근린상가,근린상가,제주,제주시,제주 제주시 용담이동 745,"6,293,483,950","2,158,665,000",낙찰,"3,000,000,000",47.7%,2025-09-09,2025_3Q,2
제주 3계 2024-21671(3),전,전,전,제주,제주시,제주 제주시 용담이동 745-2,"23,600,000","11,564,000",낙찰,"17,000,000",72.0%,2025-08-05,2025_3Q,2
제주 3계 2024-21671(4),근린상가,근린상가,근린상가,제주,서귀포시,제주 서귀포시 표선면 성읍리 1523-5,"11,737,301,730","2,818,127,000",낙찰,"3,110,000,000",26.5%,2025-10-21,2025_4Q,1
제주 2계 2024-22025(1),전,전,전,제주,서귀포시,제주 서귀포시 안덕면 감산리 675-1,"224,175,000","156,923,000",낙찰,"157,000,000",70.0%,2025-07-29,2025_3Q,2
제주 2계 2024-22025(4),대지,나대지,나대지,제주,서귀포시,제주 서귀포시 하예동 1751-5,"344,770,000","82,779,000",낙찰,"93,779,000",27.2%,2025-12-23,2025_4Q,0
제주 9계 2024-22292(1),과수원,과수원,과수원,제주,서귀포시,제주 서귀포시 표선면 세화리 514,"56,502,000","9,496,000",낙찰,"12,100,000",21.4%,2025-07-29,2025_3Q,2
제주 9계 2024-22292(2),전,전,전,제주,서귀포시,제주 서귀포시 표선면 세화리 520,"23,871,000","1,966,000",낙찰,"2,520,000",10.6%,2025-10-14,2025_4Q,1
제주 9계 2024-22407,다세대,다세대주택,다세대,제주,제주시,제주 제주시 연동 1950-4 금강주택 가동 1층 101호,"107,000,000","52,430,000",낙찰,"62,600,000",58.5%,2025-09-02,2025_3Q,2
제주 3계 2024-22520(1),숙박시설,숙박시설,숙박시설,제주,제주시,"제주 제주시 조천읍 함덕리 3061 ,3065,3066-2,3067,3068,3074,3076 제주함덕라마다호텔 1층 110호","64,000,000","15,366,000",낙찰,"17,110,000",26.7%,2025-09-09,2025_3Q,2
제주 3계 2024-22520(2),숙박시설,숙박시설,숙박시설,제주,제주시,"제주 제주시 조천읍 함덕리 3061 ,3065,3066-2,3067,3068,3074,3076 제주함덕라마다호텔 1층 112호","67,000,000","16,087,000",낙찰,"18,110,000",27.0%,2025-09-09,2025_3Q,2
제주 3계 2024-22520(3),숙박시설,숙박시설,숙박시설,제주,제주시,"제주 제주시 조천읍 함덕리 3061 ,3065,3066-2,3067,3068,3074,3076 제주함덕라마다호텔 2층 218호","68,000,000","23,324,000",낙찰,"24,100,000",35.4%,2025-08-05,2025_3Q,2
제주 3계 2024-22520(4),숙박시설,숙박시설,숙박시설,제주,제주시,"제주 제주시 조천읍 함덕리 3061 ,3065,3066-2,3067,3068,3074,3076 제주함덕라마다호텔 3층 305호","69,000,000","23,667,000",낙찰,"25,110,000",36.4%,2025-08-05,2025_3Q,2
제주 3계 2024-22520(5),숙박시설,숙박시설,숙박시설,제주,제주시,"제주 제주시 조천읍 함덕리 3061 ,3065,3066-2,3067,3068,3074,3076 제주함덕라마다호텔 4층 416호","70,000,000","24,010,000",낙찰,"25,110,000",35.9%,2025-08-05,2025_3Q,2
제주 3계 2024-22520(6),숙박시설,숙박시설,숙박시설,제주,제주시,"제주 제주시 조천읍 함덕리 3061 ,3065,3066-2,3067,3068,3074,3076 제주함덕라마다호텔 4층 419호","70,000,000","24,010,000",낙찰,"25,110,000",35.9%,2025-08-05,2025_3Q,2
제주 3계 2024-22520(7),숙박시설,숙박시설,숙박시설,제주,제주시,"제주 제주시 조천읍 함덕리 3061 ,3065,3066-2,3067,3068,3074,3076 제주함덕라마다호텔 4층 423호","70,000,000","24,010,000",낙찰,"25,110,000",35.9%,2025-08-05,2025_3Q,2
제주 3계 2024-22520(8),숙박시설,숙박시설,숙박시설,제주,제주시,"제주 제주시 조천읍 함덕리 3061 ,3065,3066-2,3067,3068,3074,3076 제주함덕라마다호텔 4층 433호","106,000,000","36,358,000",낙찰,"37,110,000",35.0%,2025-08-05,2025_3Q,2
제주 3계 2024-22520(9),숙박시설,숙박시설,숙박시설,제주,제주시,"제주 제주시 조천읍 함덕리 3061 ,3065,3066-2,3067,3068,3074,3076 제주함덕라마다호텔 5층 534호","140,000,000","33,614,000",낙찰,"41,110,000",29.4%,2025-09-09,2025_3Q,2
제주 3계 2024-22520(10),숙박시설,숙박시설,숙박시설,제주,제주시,"제주 제주시 조천읍 함덕리 3061 ,3065,3066-2,3067,3068,3074,3076 제주함덕라마다호텔 6층 623호","71,000,000","24,353,000",낙찰,"26,110,000",36.8%,2025-08-05,2025_3Q,2
제주 3계 2024-22520(11),숙박시설,숙박시설,숙박시설,제주,제주시,"제주 제주시 조천읍 함덕리 3061 ,3065,3066-2,3067,3068,3074,3076 제주함덕라마다호텔 6층 626호","71,000,000","24,353,000",낙찰,"26,110,000",36.8%,2025-08-05,2025_3Q,2
제주 3계 2024-22520(12),숙박시설,숙박시설,숙박시설,제주,제주시,"제주 제주시 조천읍 함덕리 3061 ,3065,3066-2,3067,3068,3074,3076 제주함덕라마다호텔 6층 634호","142,000,000","48,706,000",낙찰,"51,234,000",36.1%,2025-08-05,2025_3Q,2
제주 3계 2024-22520(13),숙박시설,숙박시설,숙박시설,제주,제주시,"제주 제주시 조천읍 함덕리 3061 ,3065,3066-2,3067,3068,3074,3076 제주함덕라마다호텔 7층 734호","144,000,000","49,392,000",낙찰,"51,100,000",35.5%,2025-08-05,2025_3Q,2
제주 3계 2024-22520(14),숙박시설,숙박시설,숙박시설,제주,제주시,"제주 제주시 조천읍 함덕리 3061 ,3065,3066-2,3067,3068,3074,3076 제주함덕라마다호텔 8층 823호","72,000,000","24,696,000",낙찰,"26,110,000",36.3%,2025-08-05,2025_3Q,2
제주 2계 2024-22582,창고,기타건물,창고,제주,제주시,제주 제주시 애월읍 광령리 2047-2,"1,633,073,200","560,144,000",낙찰,"641,600,000",39.3%,2025-10-14,2025_4Q,1
제주 4계 2024-22605(1),답,답,답,제주,제주시,제주 제주시 추자면 신양리 803-1,"79,005,000","55,304,000",낙찰,"70,010,000",88.6%,2025-10-28,2025_4Q,1
제주 2계 2024-22674(2),근린상가,근린상가,근린상가,제주,제주시,"제주 제주시 연동 294-138 ,294-142","5,392,695,220","2,642,421,000",낙찰,"2,700,000,000",50.1%,2025-11-18,2025_4Q,1
제주 2계 2024-22841(2),임야,임야,임야,제주,제주시,제주 제주시 아라일동 1974-8,"258,129,000","180,690,000",낙찰,"181,000,000",70.1%,2025-11-18,2025_4Q,1
제주 5계 2024-22919(1),숙박시설,숙박시설,숙박시설,제주,제주시,제주 제주시 연동 290-81 더스테이제주290 4층 507호,"131,000,000","44,933,000",낙찰,"55,000,000",42.0%,2025-09-23,2025_3Q,1
제주 5계 2024-22919(2),숙박시설,숙박시설,숙박시설,제주,제주시,제주 제주시 연동 290-81 더스테이제주290 4층 508호,"131,000,000","44,933,000",낙찰,"55,000,000",42.0%,2025-09-23,2025_3Q,1
제주 5계 2024-22919(3),숙박시설,숙박시설,숙박시설,제주,제주시,제주 제주시 연동 290-81 더스테이제주290 4층 512호,"137,000,000","46,991,000",낙찰,"57,100,000",41.7%,2025-09-23,2025_3Q,1
제주 5계 2024-22919(4),숙박시설,숙박시설,숙박시설,제주,제주시,제주 제주시 연동 290-81 더스테이제주290 5층 601호,"131,000,000","44,933,000",낙찰,"55,000,000",42.0%,2025-09-23,2025_3Q,1
제주 5계 2024-22919(5),숙박시설,숙박시설,숙박시설,제주,제주시,제주 제주시 연동 290-81 더스테이제주290 5층 602호,"131,000,000","44,933,000",낙찰,"55,000,000",42.0%,2025-09-23,2025_3Q,1
제주 5계 2024-22919(6),숙박시설,숙박시설,숙박시설,제주,제주시,제주 제주시 연동 290-81 더스테이제주290 5층 603호,"131,000,000","44,933,000",낙찰,"55,000,000",42.0%,2025-09-23,2025_3Q,1
제주 5계 2024-22919(7),숙박시설,숙박시설,숙박시설,제주,제주시,제주 제주시 연동 290-81 더스테이제주290 5층 605호,"132,000,000","45,276,000",낙찰,"55,400,000",42.0%,2025-09-23,2025_3Q,1
제주 5계 2024-22919(8),숙박시설,숙박시설,숙박시설,제주,제주시,제주 제주시 연동 290-81 더스테이제주290 5층 604호,"132,000,000","45,276,000",낙찰,"55,400,000",42.0%,2025-09-23,2025_3Q,1
제주 5계 2024-22919(9),숙박시설,숙박시설,숙박시설,제주,제주시,제주 제주시 연동 290-81 더스테이제주290 5층 606호,"131,000,000","44,933,000",낙찰,"55,000,000",42.0%,2025-09-23,2025_3Q,1
제주 5계 2024-22919(10),숙박시설,숙박시설,숙박시설,제주,제주시,제주 제주시 연동 290-81 더스테이제주290 5층 607호,"131,000,000","44,933,000",낙찰,"55,000,000",42.0%,2025-09-23,2025_3Q,1
제주 5계 2024-22919(11),숙박시설,숙박시설,숙박시설,제주,제주시,제주 제주시 연동 290-81 더스테이제주290 5층 608호,"131,000,000","64,190,000",낙찰,"69,100,000",52.7%,2025-08-19,2025_3Q,2
제주 5계 2024-22919(12),숙박시설,숙박시설,숙박시설,제주,제주시,제주 제주시 연동 290-81 더스테이제주290 5층 609호,"137,000,000","46,991,000",낙찰,"47,991,000",35.0%,2025-12-09,2025_4Q,1
제주 5계 2024-22919(13),숙박시설,숙박시설,숙박시설,제주,제주시,제주 제주시 연동 290-81 더스테이제주290 6층 701호,"131,000,000","44,933,000",낙찰,"55,000,000",42.0%,2025-09-23,2025_3Q,1
제주 5계 2024-22919(14),숙박시설,숙박시설,숙박시설,제주,제주시,제주 제주시 연동 290-81 더스테이제주290 6층 702호,"131,000,000","44,933,000",낙찰,"55,000,000",42.0%,2025-09-23,2025_3Q,1
제주 5계 2024-22919(15),숙박시설,숙박시설,숙박시설,제주,제주시,제주 제주시 연동 290-81 더스테이제주290 6층 703호,"131,000,000","44,933,000",낙찰,"55,000,000",42.0%,2025-09-23,2025_3Q,1
제주 5계 2024-22919(16),숙박시설,숙박시설,숙박시설,제주,제주시,제주 제주시 연동 290-81 더스테이제주290 6층 704호,"132,000,000","45,276,000",낙찰,"55,400,000",42.0%,2025-09-23,2025_3Q,1
제주 5계 2024-22919(17),숙박시설,숙박시설,숙박시설,제주,제주시,제주 제주시 연동 290-81 더스테이제주290 6층 705호,"132,000,000","64,680,000",낙찰,"69,000,000",52.3%,2025-08-19,2025_3Q,2
제주 5계 2024-22919(18),숙박시설,숙박시설,숙박시설,제주,제주시,제주 제주시 연동 290-81 더스테이제주290 6층 706호,"131,000,000","44,933,000",낙찰,"64,010,000",48.9%,2025-09-23,2025_3Q,1
제주 5계 2024-22919(19),숙박시설,숙박시설,숙박시설,제주,제주시,제주 제주시 연동 290-81 더스테이제주290 6층 707호,"131,000,000","44,933,000",낙찰,"64,010,000",48.9%,2025-09-23,2025_3Q,1
제주 5계 2024-22919(20),숙박시설,숙박시설,숙박시설,제주,제주시,제주 제주시 연동 290-81 더스테이제주290 6층 708호,"131,000,000","44,933,000",낙찰,"60,100,000",45.9%,2025-09-23,2025_3Q,1
제주 5계 2024-22919(21),숙박시설,숙박시설,숙박시설,제주,제주시,제주 제주시 연동 290-81 더스테이제주290 6층 709호,"137,000,000","67,130,000",낙찰,"69,100,000",50.4%,2025-08-19,2025_3Q,2
제주 5계 2024-22919(22),숙박시설,숙박시설,숙박시설,제주,제주시,제주 제주시 연동 290-81 더스테이제주290 7층 801호,"135,000,000","46,305,000",낙찰,"56,400,000",41.8%,2025-09-23,2025_3Q,1
제주 5계 2024-22919(23),숙박시설,숙박시설,숙박시설,제주,제주시,제주 제주시 연동 290-81 더스테이제주290 7층 802호,"135,000,000","46,305,000",낙찰,"56,400,000",41.8%,2025-09-23,2025_3Q,1
제주 5계 2024-22919(24),숙박시설,숙박시설,숙박시설,제주,제주시,제주 제주시 연동 290-81 더스테이제주290 7층 803호,"135,000,000","46,305,000",낙찰,"56,400,000",41.8%,2025-09-23,2025_3Q,1
제주 5계 2024-22919(25),숙박시설,숙박시설,숙박시설,제주,제주시,제주 제주시 연동 290-81 더스테이제주290 7층 804호,"136,000,000","46,648,000",낙찰,"56,700,000",41.7%,2025-09-23,2025_3Q,1
제주 5계 2024-22919(26),숙박시설,숙박시설,숙박시설,제주,제주시,제주 제주시 연동 290-81 더스테이제주290 7층 805호,"136,000,000","46,648,000",낙찰,"56,700,000",41.7%,2025-09-23,2025_3Q,1
제주 5계 2024-22919(27),숙박시설,숙박시설,숙박시설,제주,제주시,제주 제주시 연동 290-81 더스테이제주290 7층 806호,"129,000,000","44,247,000",낙찰,"47,350,000",36.7%,2025-09-23,2025_3Q,1
제주 5계 2024-22919(28),숙박시설,숙박시설,숙박시설,제주,제주시,제주 제주시 연동 290-81 더스테이제주290 7층 807호,"135,000,000","46,305,000",낙찰,"56,400,000",41.8%,2025-09-23,2025_3Q,1
제주 5계 2024-22919(29),숙박시설,숙박시설,숙박시설,제주,제주시,제주 제주시 연동 290-81 더스테이제주290 7층 808호,"135,000,000","46,305,000",낙찰,"56,400,000",41.8%,2025-09-23,2025_3Q,1
제주 5계 2024-22919(30),숙박시설,숙박시설,숙박시설,제주,제주시,제주 제주시 연동 290-81 더스테이제주290 7층 809호,"141,000,000","48,363,000",낙찰,"59,780,000",42.4%,2025-12-09,2025_4Q,1
제주 5계 2024-22919(31),숙박시설,숙박시설,숙박시설,제주,제주시,제주 제주시 연동 290-81 더스테이제주290 8층 901호,"135,000,000","46,305,000",낙찰,"56,400,000",41.8%,2025-09-23,2025_3Q,1
제주 5계 2024-22919(32),숙박시설,숙박시설,숙박시설,제주,제주시,제주 제주시 연동 290-81 더스테이제주290 8층 902호,"135,000,000","46,305,000",낙찰,"56,400,000",41.8%,2025-09-23,2025_3Q,1
제주 5계 2024-22919(33),숙박시설,숙박시설,숙박시설,제주,제주시,제주 제주시 연동 290-81 더스테이제주290 8층 903호,"135,000,000","46,305,000",낙찰,"56,400,000",41.8%,2025-09-23,2025_3Q,1
제주 5계 2024-22919(34),숙박시설,숙박시설,숙박시설,제주,제주시,제주 제주시 연동 290-81 더스테이제주290 8층 905호,"136,000,000","46,648,000",낙찰,"56,700,000",41.7%,2025-09-23,2025_3Q,1
제주 5계 2024-22919(35),숙박시설,숙박시설,숙박시설,제주,제주시,제주 제주시 연동 290-81 더스테이제주290 8층 906호,"135,000,000","46,305,000",낙찰,"64,630,500",47.9%,2025-09-23,2025_3Q,1
제주 5계 2024-22919(36),숙박시설,숙박시설,숙박시설,제주,제주시,제주 제주시 연동 290-81 더스테이제주290 8층 907호,"135,000,000","46,305,000",낙찰,"64,630,500",47.9%,2025-09-23,2025_3Q,1
제주 5계 2024-22919(37),숙박시설,숙박시설,숙박시설,제주,제주시,제주 제주시 연동 290-81 더스테이제주290 8층 908호,"135,000,000","46,305,000",낙찰,"57,180,000",42.4%,2025-12-09,2025_4Q,1
제주 5계 2024-22919(38),숙박시설,숙박시설,숙박시설,제주,제주시,제주 제주시 연동 290-81 더스테이제주290 8층 909호,"141,000,000","48,363,000",낙찰,"60,002,550",42.6%,2025-12-09,2025_4Q,1
제주 5계 2024-22919(39),숙박시설,숙박시설,숙박시설,제주,제주시,제주 제주시 연동 290-81 더스테이제주290 9층 1002호,"135,000,000","46,305,000",낙찰,"56,400,000",41.8%,2025-09-23,2025_3Q,1
제주 5계 2024-22919(40),숙박시설,숙박시설,숙박시설,제주,제주시,제주 제주시 연동 290-81 더스테이제주290 9층 1003호,"135,000,000","46,305,000",낙찰,"56,400,000",41.8%,2025-09-23,2025_3Q,1
제주 5계 2024-22919(41),숙박시설,숙박시설,숙박시설,제주,제주시,제주 제주시 연동 290-81 더스테이제주290 9층 1004호,"136,000,000","46,648,000",낙찰,"56,700,000",41.7%,2025-09-23,2025_3Q,1
제주 5계 2024-22919(42),숙박시설,숙박시설,숙박시설,제주,제주시,제주 제주시 연동 290-81 더스테이제주290 9층 1006호,"135,000,000","46,305,000",낙찰,"58,432,000",43.3%,2025-12-09,2025_4Q,1
제주 5계 2024-22919(43),숙박시설,숙박시설,숙박시설,제주,제주시,제주 제주시 연동 290-81 더스테이제주290 9층 1007호,"135,000,000","46,305,000",낙찰,"56,897,000",42.1%,2025-12-09,2025_4Q,1
제주 5계 2024-22919(44),숙박시설,숙박시설,숙박시설,제주,제주시,제주 제주시 연동 290-81 더스테이제주290 9층 1008호,"135,000,000","46,305,000",낙찰,"58,090,000",43.0%,2025-12-09,2025_4Q,1
제주 9계 2024-22926(1),전,전,전,제주,서귀포시,제주 서귀포시 성산읍 성산리 261-11,"10,062,000","1,691,000",낙찰,"1,930,000",19.2%,2025-07-29,2025_3Q,2
제주 2계 2024-23073,대지,나대지,나대지,제주,서귀포시,제주 서귀포시 성산읍 삼달리 2265-1,"907,448,700","217,879,000",낙찰,"272,440,000",30.0%,2025-09-02,2025_3Q,2
제주 6계 2024-23219,단독주택,단독,단독주택,제주,서귀포시,제주 서귀포시 남원읍 남원리 198-1,"2,532,915,000","608,153,000",낙찰,"781,110,000",30.8%,2025-10-28,2025_4Q,1
제주 1계 2024-23295,단독주택,단독,단독주택,제주,제주시,제주 제주시 조천읍 조천리 2814-1,"2,133,455,560","731,775,000",낙찰,"880,000,000",41.2%,2025-08-26,2025_3Q,2
제주 2계 2024-23301,축사,기타토지,기타토지,제주,제주시,제주 제주시 애월읍 어음리 3064-1,"808,010,600","194,004,000",낙찰,"217,500,000",26.9%,2025-12-23,2025_4Q,0
제주 9계 2024-23547,전,전,전,제주,서귀포시,제주 서귀포시 안덕면 사계리 2567-1,"2,339,911,000","393,269,000",낙찰,"511,681,100",21.9%,2025-07-29,2025_3Q,2
제주 2계 2024-23554(1),전,전,전,제주,서귀포시,제주 서귀포시 대정읍 영락리 426,"3,824,700","918,000",낙찰,"1,066,000",27.9%,2025-10-14,2025_4Q,1
제주 2계 2024-23554(2),전,전,전,제주,서귀포시,제주 서귀포시 대정읍 영락리 226,"11,242,300","2,699,000",낙찰,"3,066,000",27.3%,2025-10-14,2025_4Q,1
제주 9계 2024-23677,전,전,전,제주,제주시,제주 제주시 한림읍 귀덕리 3282,"163,053,000","27,404,000",낙찰,"37,700,000",23.1%,2025-07-29,2025_3Q,2
제주 9계 2024-23974,숙박시설,숙박시설,숙박시설,제주,서귀포시,제주 서귀포시 서귀동 255-1 호텔골든데이지서귀포오션 4층 403호,"89,000,000","21,369,000",낙찰,"28,600,000",32.1%,2025-07-29,2025_3Q,2
제주 2계 2024-24014,전,전,전,제주,서귀포시,제주 서귀포시 대정읍 영락리 1823-17,"54,560,000","9,170,000",낙찰,"10,820,000",19.8%,2025-10-14,2025_4Q,1
제주 4계 2024-24205(2),임야,임야,임야,제주,서귀포시,제주 서귀포시 표선면 가시리 2736-7,"176,871,000","60,667,000",낙찰,"72,007,777",40.7%,2025-09-16,2025_3Q,2
제주 3계 2024-24267,전,전,전,제주,서귀포시,제주 서귀포시 대정읍 영락리 2068,"241,818,000","58,061,000",낙찰,"77,219,000",31.9%,2025-09-09,2025_3Q,2
제주 6계 2024-24458(1),전,전,전,제주,제주시,제주 제주시 구좌읍 종달리 97,"625,112,000","150,090,000",낙찰,"185,650,000",29.7%,2025-07-08,2025_3Q,2
제주 6계 2024-24458(2),전,전,전,제주,서귀포시,제주 서귀포시 성산읍 신풍리 534,"434,280,000","72,990,000",낙찰,"94,200,100",21.7%,2025-08-12,2025_3Q,2
제주 5계 2024-24519,전,전,전,제주,제주시,제주 제주시 한림읍 수원리 709-2,"4,764,081,000","1,634,080,000",낙찰,"1,652,346,000",34.7%,2025-07-15,2025_3Q,2
제주 7계 2024-24854,전,전,전,제주,제주시,제주 제주시 봉개동 275-97,"7,338,208,000","2,517,005,000",낙찰,"2,689,000,000",36.6%,2025-08-05,2025_3Q,2
제주 2계 2024-24885,점포,근린상가,점포상가,제주,서귀포시,제주 서귀포시 강정동 2085,"2,629,785,360","902,017,000",낙찰,"1,600,300,900",60.9%,2025-11-18,2025_4Q,1
제주 3계 2024-24892,연립,연립주택,연립·빌라,제주,제주시,제주 제주시 애월읍 광령리 4264 슈테른 더 테라스 102동 1층 106호,"275,000,000","192,500,000",낙찰,"218,880,000",79.6%,2025-10-21,2025_4Q,1
제주 2계 2024-24960,연립,연립주택,연립·빌라,제주,서귀포시,"제주 서귀포시 동홍동 1902-7 ,1909-7,1910-4 루체비스타 103동 4층 403호","436,000,000","305,200,000",낙찰,"315,999,000",72.5%,2025-07-29,2025_3Q,2
제주 9계 2024-25086,창고,기타건물,창고,제주,서귀포시,제주 서귀포시 대정읍 인성리 406-1,"302,190,000","103,651,000",낙찰,"111,000,000",36.7%,2025-09-02,2025_3Q,2
제주 3계 2024-25147,전,전,전,제주,서귀포시,제주 서귀포시 서홍동 2284-5,"619,516,000","212,494,000",낙찰,"270,000,000",43.6%,2025-08-05,2025_3Q,2
제주 6계 2024-25178,연립,연립주택,연립·빌라,제주,제주시,"제주 제주시 삼도이동 1179-21 ,1179-47 세한빌라 지하층 비-101호","69,000,000","33,810,000",낙찰,"34,160,000",49.5%,2025-07-08,2025_3Q,2
제주 5계 2024-25246,단독주택,단독,단독주택,제주,서귀포시,제주 서귀포시 서홍동 481 나동호,"1,246,702,500","610,884,000",낙찰,"827,000,000",66.3%,2025-11-04,2025_4Q,1
제주 2계 2024-25291,임야,임야,임야,제주,제주시,제주 제주시 애월읍 상가리 36-3,"1,228,845,000","206,532,000",낙찰,"311,250,000",25.3%,2025-11-18,2025_4Q,1
제주 4계 2024-25451,다세대,다세대주택,다세대,제주,서귀포시,제주 서귀포시 표선면 표선리 634-21 4층 502호,"165,000,000","80,850,000",낙찰,"90,100,000",54.6%,2025-07-08,2025_3Q,2
제주 8계 2024-25567,아파트,아파트,아파트,제주,서귀포시,"제주 서귀포시 동홍동 1230-1 ,1230-3,1230-5,1230-6,1231 동홍반석아르미 나동 7층 805호","217,000,000","151,900,000",낙찰,"186,660,000",86.0%,2025-07-15,2025_3Q,2
제주 3계 2024-25581,창고,기타건물,창고,제주,제주시,제주 제주시 한경면 용수리 4394-2,"157,654,500","54,076,000",낙찰,"71,110,000",45.1%,2025-08-05,2025_3Q,2
제주 9계 2024-25697,단독주택,단독,단독주택,제주,서귀포시,제주 서귀포시 서호동 372,"1,792,196,250","614,723,000",낙찰,"739,000,000",41.2%,2025-07-29,2025_3Q,2
제주 2계 2024-25710,연립,연립주택,연립·빌라,제주,제주시,제주 제주시 아라일동 396-28 이도빌리지 B동 3층 309호,"76,000,000","53,200,000",낙찰,"62,250,000",81.9%,2025-10-14,2025_4Q,1
제주 9계 2024-25758,과수원,과수원,과수원,제주,제주시,제주 제주시 애월읍 상가리 1540-2,"290,198,000","99,538,000",낙찰,"126,990,000",43.8%,2025-10-14,2025_4Q,1
제주 5계 2024-25819,전,전,전,제주,서귀포시,제주 서귀포시 남원읍 위미리 570,"218,335,080","52,423,000",낙찰,"60,020,000",27.5%,2025-08-19,2025_3Q,2
제주 7계 2024-25833,숙박시설,숙박시설,숙박시설,제주,서귀포시,제주 서귀포시 서귀동 319-2 비스타케이호텔(천지연) 4층 402호,"124,000,000","14,588,000",낙찰,"17,777,700",14.3%,2025-08-05,2025_3Q,2
제주 6계 2024-26034,숙박시설,숙박시설,숙박시설,제주,서귀포시,제주 서귀포시 서귀동 325-1 비스타케이올래 4층 436호,"136,000,000","16,001,000",낙찰,"16,320,000",12.0%,2025-08-12,2025_3Q,2
제주 4계 2024-26089,전,전,전,제주,서귀포시,제주 서귀포시 안덕면 동광리 854,"3,224,857,000","1,580,180,000",낙찰,"1,650,000,000",51.2%,2025-08-12,2025_3Q,2
제주 1계 2024-26133,숙박시설,숙박시설,숙박시설,제주,서귀포시,"제주 서귀포시 법환동 877-3 ,877-1,877-4,878","15,644,265,080","3,756,188,000",낙찰,"4,570,000,000",29.2%,2025-11-11,2025_4Q,1
제주 9계 2024-26409,단독주택,단독,단독주택,제주,서귀포시,제주 서귀포시 대정읍 보성리 2394-5,"1,172,220,940","574,389,000",낙찰,"730,000,000",62.3%,2025-07-29,2025_3Q,2
제주 2계 2024-26430,전,전,전,제주,제주시,제주 제주시 애월읍 광령리 3437-10,"56,832,000","27,847,000",낙찰,"37,000,000",65.1%,2025-07-29,2025_3Q,2
제주 3계 2024-26447,전,전,전,제주,서귀포시,제주 서귀포시 대정읍 인성리 700-116,"1,204,804,000","413,248,000",낙찰,"525,380,000",43.6%,2025-09-09,2025_3Q,2
제주 3계 2024-26584,연립,연립주택,연립·빌라,제주,제주시,제주 제주시 이도이동 1015-7 가동 4층 501호,"185,000,000","90,650,000",낙찰,"118,750,000",64.2%,2025-08-05,2025_3Q,2
제주 5계 2024-26676(1),점포,근린상가,점포상가,제주,서귀포시,제주 서귀포시 안덕면 사계리 763,"81,128,520","56,790,000",낙찰,"71,078,000",87.6%,2025-07-15,2025_3Q,2
제주 9계 2024-26690(1),근린상가,근린상가,근린상가,제주,서귀포시,제주 서귀포시 대정읍 보성리 2476-13 제주이노에듀타운 지1층1호,"930,000,000","455,700,000",낙찰,"459,999,900",49.5%,2025-07-29,2025_3Q,2
제주 6계 2024-26836,전,전,전,제주,제주시,제주 제주시 한림읍 상대리 686-1,"468,864,000","229,744,000",낙찰,"231,230,000",49.3%,2025-10-28,2025_4Q,1
제주 7계 2024-26843,전,전,전,제주,제주시,제주 제주시 한경면 판포리 2278-3,"73,520,000","25,218,000",낙찰,"27,880,000",37.9%,2025-09-09,2025_3Q,2
제주 6계 2024-26904,근린상가,근린상가,근린상가,제주,서귀포시,제주 서귀포시 서귀동 544-2 디 아일랜드 블루 호텔 1층 103호,"204,000,000","99,960,000",낙찰,"123,000,000",60.3%,2025-07-08,2025_3Q,2
제주 7계 2024-26911,임야,임야,임야,제주,서귀포시,제주 서귀포시 안덕면 덕수리 1597-2,"257,936,000","61,930,000",낙찰,"75,100,000",29.1%,2025-10-21,2025_4Q,1
제주 3계 2024-26942(1),전,전,전,제주,서귀포시,제주 서귀포시 대정읍 일과리 357-5,"137,295,000","47,093,000",낙찰,"53,123,456",38.7%,2025-09-09,2025_3Q,2
제주 3계 2024-26942(2),전,전,전,제주,서귀포시,제주 서귀포시 대정읍 일과리 357-1,"138,753,000","47,592,000",낙찰,"53,123,456",38.3%,2025-09-09,2025_3Q,2
제주 3계 2024-26942(3),전,전,전,제주,서귀포시,제주 서귀포시 대정읍 일과리 357-4,"138,510,000","47,509,000",낙찰,"53,123,456",38.4%,2025-09-09,2025_3Q,2
제주 6계 2024-26980,단독주택,단독,단독주택,제주,제주시,제주 제주시 삼도이동 300-20,"203,685,465","69,864,000",낙찰,"101,554,700",49.9%,2025-08-12,2025_3Q,2
제주 3계 2024-27020,전,전,전,제주,서귀포시,제주 서귀포시 대정읍 영락리 346,"161,772,000","55,488,000",낙찰,"63,099,900",39.0%,2025-09-09,2025_3Q,2
제주 3계 2024-27082,식물관련시설,기타건물,기타건물,제주,제주시,제주 제주시 애월읍 장전리 1002-1,"781,511,200","382,941,000",낙찰,"416,600,000",53.3%,2025-09-09,2025_3Q,2
제주 4계 2024-27099,전,전,전,제주,서귀포시,제주 서귀포시 안덕면 사계리 3450,"1,452,515,000","711,733,000",낙찰,"1,000,000,000",68.8%,2025-09-16,2025_3Q,2
제주 7계 2024-27129,대지,나대지,나대지,제주,제주시,제주 제주시 애월읍 애월리 410-2,"36,288,000","12,447,000",낙찰,"18,050,000",49.7%,2025-09-09,2025_3Q,2
제주 7계 2024-27266(1),오피스텔(주거),오피스텔,오피스텔(업무용),제주,서귀포시,제주 서귀포시 성산읍 고성리 1499 성산청담휴클래스 1층 103호,"241,000,000","82,663,000",낙찰,"91,679,999",38.0%,2025-09-09,2025_3Q,2
제주 7계 2024-27266(2),오피스텔(주거),오피스텔,오피스텔(업무용),제주,서귀포시,제주 서귀포시 성산읍 고성리 1499 성산청담휴클래스 5층 505호,"259,000,000","126,910,000",낙찰,"167,240,000",64.6%,2025-08-05,2025_3Q,2
제주 2계 2024-27303,다세대,다세대주택,다세대,제주,서귀포시,제주 서귀포시 동홍동 1454-2 푸른빌라 가동 1층 101호,"115,000,000","80,500,000",낙찰,"97,770,000",85.0%,2025-07-29,2025_3Q,2
제주 2계 2024-27389,다세대,다세대주택,다세대,제주,제주시,제주 제주시 한림읍 귀덕리 1208-2 4층 401호,"271,800,000","133,182,000",낙찰,"183,800,000",67.6%,2025-10-14,2025_4Q,1
제주 1계 2024-27440,숙박시설,숙박시설,숙박시설,제주,서귀포시,"제주 서귀포시 성산읍 고성리 1201 ,1202,1203,1204-5,1204-7,282 디아일랜드마리나호텔 3층 325호","115,000,000","13,530,000",낙찰,"14,000,000",12.2%,2025-12-16,2025_4Q,1
제주 5계 2024-27488,단독주택,단독,단독주택,제주,제주시,"제주 제주시 한림읍 명월리 134 ,133-5,134-1 VILLA DE LUNA IN JEJU 12동","293,056,000","143,597,000",낙찰,"153,590,000",52.4%,2025-07-15,2025_3Q,2
제주 7계 2024-27501(1),전,전,전,제주,제주시,제주 제주시 구좌읍 행원리 161,"188,210,000","64,556,000",낙찰,"92,500,000",49.1%,2025-10-21,2025_4Q,1
제주 7계 2024-27501(2),전,전,전,제주,제주시,제주 제주시 구좌읍 행원리 1346-2,"623,691,000","149,748,000",낙찰,"200,000,000",32.1%,2025-11-25,2025_4Q,1
제주 9계 2024-27518,과수원,과수원,과수원,제주,서귀포시,제주 서귀포시 남원읍 하례리 1162-2,"9,085,000","4,452,000",낙찰,"4,460,000",49.1%,2025-10-14,2025_4Q,1
제주 2계 2024-27532,다세대,다세대주택,다세대,제주,제주시,제주 제주시 노형동 1025-3 광도주택 1층 102호,"70,000,000","49,000,000",낙찰,"55,190,000",78.8%,2025-09-02,2025_3Q,2
제주 4계 2024-27556,선박,기타토지,기타토지,제주,서귀포시,제주 서귀포시 대정읍 하모리 694-7 모슬포항 : 정박지또는보관장소,"1,295,263,000","444,275,000",낙찰,"457,300,000",35.3%,2025-07-08,2025_3Q,2
제주 6계 2024-27891,오피스텔(주거),오피스텔,오피스텔(업무용),제주,제주시,제주 제주시 연동 290-42 천마에코피아 4층 411호,"229,000,000","78,547,000",낙찰,"112,959,000",49.3%,2025-08-12,2025_3Q,2
제주 9계 2024-27945,전,전,전,제주,제주시,제주 제주시 애월읍 하귀1리 963,"2,059,547,000","706,425,000",낙찰,"782,100,000",38.0%,2025-10-14,2025_4Q,1
제주 5계 2024-27969(3),창고,기타건물,창고,제주,서귀포시,"제주 서귀포시 안덕면 덕수리 2129-2 ,2131","2,226,309,000","374,176,000",낙찰,"473,000,000",21.2%,2025-09-23,2025_3Q,1
제주 5계 2024-27969(2),점포,근린상가,점포상가,제주,서귀포시,제주 서귀포시 안덕면 덕수리 2129-2 주건축물 1동,"450,257,400","315,180,000",낙찰,"321,110,000",71.3%,2025-08-19,2025_3Q,2
제주 5계 2024-27969(1),단독주택,단독,단독주택,제주,서귀포시,제주 서귀포시 안덕면 덕수리 2129,"498,429,900","244,231,000",낙찰,"276,888,000",55.6%,2025-12-09,2025_4Q,1
제주 7계 2024-27983,임야,임야,임야,제주,서귀포시,제주 서귀포시 중문동 372,"164,224,000","39,430,000",낙찰,"44,600,000",27.2%,2025-10-21,2025_4Q,1
제주 9계 2024-27990,아파트,아파트,아파트,제주,제주시,제주 제주시 연동 253-36 연동백강스위트엠1 2층 201호,"533,000,000","373,100,000",낙찰,"469,990,000",88.2%,2025-07-29,2025_3Q,2
제주 6계 2024-28313,전,전,전,제주,서귀포시,제주 서귀포시 대정읍 무릉리 3572,"884,754,000","433,530,000",낙찰,"488,530,000",55.2%,2025-07-08,2025_3Q,2
제주 2계 2024-28344,공장,공장(지식산업센터 업무시설),공장,제주,서귀포시,제주 서귀포시 표선면 성읍리 1381-2,"1,102,820,670","378,267,000",낙찰,"512,900,000",46.5%,2025-11-18,2025_4Q,1
제주 3계 2024-28368,점포,근린상가,점포상가,제주,제주시,제주 제주시 애월읍 유수암리 3040,"1,316,051,460","315,984,000",낙찰,"413,300,000",31.4%,2025-11-25,2025_4Q,1
제주 5계 2024-28382,전,전,전,제주,서귀포시,제주 서귀포시 대정읍 상모리 3091-13,"15,972,000","2,685,000",낙찰,"3,180,000",19.9%,2025-08-19,2025_3Q,2
제주 1계 2024-28429(1),전,전,전,제주,서귀포시,제주 서귀포시 성산읍 삼달리 2252-4,"175,218,000","60,100,000",낙찰,"68,223,000",38.9%,2025-08-26,2025_3Q,2
제주 1계 2024-28429(2),임야,임야,임야,제주,서귀포시,제주 서귀포시 성산읍 시흥리 2264,"620,184,000","303,890,000",낙찰,"304,000,000",49.0%,2025-07-22,2025_3Q,2
제주 6계 2024-28467,전,전,전,제주,서귀포시,제주 서귀포시 안덕면 덕수리 2434-4,"690,257,000","165,731,000",낙찰,"188,700,000",27.3%,2025-12-02,2025_4Q,1
제주 2계 2024-28504,연립,연립주택,연립·빌라,제주,제주시,제주 제주시 애월읍 광령리 4264 슈테른더테라스 107동 3층 303호,"295,000,000","206,500,000",낙찰,"228,769,999",77.5%,2025-10-14,2025_4Q,1
제주 9계 2024-28511,연립,연립주택,연립·빌라,제주,제주시,제주 제주시 애월읍 광령리 4264 슈테른 더 테라스 106동 3층 304호,"292,000,000","204,400,000",낙찰,"256,000,000",87.7%,2025-07-29,2025_3Q,2
제주 8계 2024-28566(1),단독주택,단독,단독주택,제주,제주시,제주 제주시 구좌읍 하도리 1050-2 14동,"716,151,520","245,640,000",낙찰,"251,001,000",35.0%,2025-08-19,2025_3Q,2
제주 7계 2024-28634,오피스텔(주거),오피스텔,오피스텔(업무용),제주,제주시,"제주 제주시 애월읍 하귀1리 117-1 ,117-2 제주모닝시티 5층 511호","112,000,000","54,880,000",낙찰,"74,991,120",67.0%,2025-08-05,2025_3Q,2
제주 7계 2024-28719(1),대지,나대지,나대지,제주,제주시,제주 제주시 이도이동 2027-4,"2,658,035,100","1,302,438,000",낙찰,"1,317,438,000",49.6%,2025-08-05,2025_3Q,2
제주 7계 2024-28719(2),전,전,전,제주,제주시,제주 제주시 아라이동 1341-1,"2,931,480,000","1,436,425,000",낙찰,"1,487,568,750",50.7%,2025-08-05,2025_3Q,2
제주 3계 2024-28764,오피스텔(주거),오피스텔,오피스텔(업무용),제주,제주시,제주 제주시 연동 1494 신제주연동트리플시티 102동 6층 603호,"628,000,000","439,600,000",낙찰,"445,500,000",70.9%,2025-09-09,2025_3Q,2
제주 1계 2024-28818,대지,나대지,나대지,제주,서귀포시,제주 서귀포시 서귀동 47-6,"66,780,000","32,722,000",낙찰,"35,101,000",52.6%,2025-11-11,2025_4Q,1
제주 3계 2024-28832(1),도로,기타토지,기타토지,제주,제주시,제주 제주시 조천읍 와산리 1108-2,"4,032,000","1,975,000",낙찰,"2,008,500",49.8%,2025-09-09,2025_3Q,2
제주 3계 2024-28832(2),도로,기타토지,기타토지,제주,제주시,제주 제주시 조천읍 와산리 1115-4,"19,152,000","6,569,000",낙찰,"7,724,000",40.3%,2025-10-21,2025_4Q,1
제주 3계 2024-28832(3),임야,임야,임야,제주,제주시,제주 제주시 조천읍 와산리 1117,"83,890,000","28,774,000",낙찰,"33,300,000",39.7%,2025-10-21,2025_4Q,1
제주 3계 2024-28832(5),임야,임야,임야,제주,제주시,제주 제주시 조천읍 와산리 1529-3,"24,208,000","5,812,000",낙찰,"7,323,000",30.3%,2025-11-25,2025_4Q,1
제주 7계 2024-28870(2),다가구,다가구,다가구,제주,서귀포시,제주 서귀포시 성산읍 삼달리 1991 A동호,"1,983,961,560","680,499,000",낙찰,"718,800,000",36.2%,2025-11-25,2025_4Q,1
제주 7계 2024-28870(3),임야,임야,임야,제주,서귀포시,제주 서귀포시 성산읍 신산리 1702-1,"23,625,000","16,538,000",낙찰,"20,888,000",88.4%,2025-09-09,2025_3Q,2
제주 1계 2024-28894,임야,임야,임야,제주,제주시,제주 제주시 구좌읍 상도리 1273-1,"11,880,000","2,853,000",낙찰,"3,260,000",27.4%,2025-09-30,2025_3Q,1
제주 2계 2024-28900,전,전,전,제주,서귀포시,제주 서귀포시 표선면 가시리 1675-1,"647,010,000","317,035,000",낙찰,"470,000,000",72.6%,2025-10-14,2025_4Q,1
제주 4계 2024-28924,전,전,전,제주,서귀포시,제주 서귀포시 색달동 732,"40,382,000","6,787,000",낙찰,"6,897,000",17.1%,2025-09-16,2025_3Q,2
제주 5계 2024-28931,전,전,전,제주,서귀포시,제주 서귀포시 대정읍 구억리 921-3,"404,880,000","138,874,000",낙찰,"192,000,100",47.4%,2025-08-19,2025_3Q,2
제주 6계 2024-28948,임야,임야,임야,제주,서귀포시,제주 서귀포시 중문동 135,"97,162,000","33,326,000",낙찰,"42,550,000",43.8%,2025-09-16,2025_3Q,2
제주 7계 2024-29040,전,전,전,제주,제주시,제주 제주시 한림읍 금악리 541,"368,695,000","88,524,000",낙찰,"106,720,000",28.9%,2025-11-25,2025_4Q,1
제주 9계 2024-29071,과수원,과수원,과수원,제주,제주시,제주 제주시 한경면 낙천리 224,"1,888,680,000","647,817,000",낙찰,"651,000,000",34.5%,2025-10-14,2025_4Q,1
제주 3계 2024-29095,전,전,전,제주,제주시,제주 제주시 애월읍 고성리 468-1,"961,800,000","329,897,000",낙찰,"330,000,000",34.3%,2025-11-25,2025_4Q,1
제주 1계 2024-29149(1),오피스텔(주거),오피스텔,오피스텔(업무용),제주,서귀포시,제주 서귀포시 표선면 표선리 666 라온제나 5층 502호,"239,000,000","117,110,000",낙찰,"148,562,000",62.2%,2025-12-16,2025_4Q,1
제주 1계 2024-29149(2),오피스텔(주거),오피스텔,오피스텔(업무용),제주,서귀포시,제주 서귀포시 표선면 표선리 666 라온제나 6층 602호,"239,000,000","117,110,000",낙찰,"160,300,000",67.1%,2025-12-16,2025_4Q,1
제주 1계 2024-29149(3),오피스텔,오피스텔,오피스텔(업무용),제주,서귀포시,제주 서귀포시 표선면 표선리 666 라온제나 4층 402호,"232,000,000","113,680,000",낙찰,"119,110,000",51.3%,2025-12-16,2025_4Q,1
제주 1계 2024-29149(4),오피스텔,오피스텔,오피스텔(업무용),제주,서귀포시,제주 서귀포시 표선면 표선리 666 라온제나 6층 601호,"237,000,000","116,130,000",낙찰,"151,100,000",63.8%,2025-12-16,2025_4Q,1
제주 1계 2024-29149(6),오피스텔(주거),오피스텔,오피스텔(업무용),제주,서귀포시,제주 서귀포시 표선면 표선리 666 라온제나 3층 302호,"232,000,000","113,680,000",낙찰,"135,110,000",58.2%,2025-12-16,2025_4Q,1
제주 1계 2024-29149(7),오피스텔(주거),오피스텔,오피스텔(업무용),제주,서귀포시,제주 서귀포시 표선면 표선리 666 라온제나 4층 404호,"223,000,000","109,270,000",낙찰,"130,000,000",58.3%,2025-12-16,2025_4Q,1
제주 1계 2024-29149(8),오피스텔(주거),오피스텔,오피스텔(업무용),제주,서귀포시,제주 서귀포시 표선면 표선리 666 라온제나 5층 504호,"223,000,000","109,270,000",낙찰,"133,800,000",60.0%,2025-12-16,2025_4Q,1
제주 1계 2024-29149(9),오피스텔,오피스텔,오피스텔(업무용),제주,서귀포시,제주 서귀포시 표선면 표선리 666 라온제나 6층 604호,"230,000,000","161,000,000",낙찰,"161,010,000",70.0%,2025-11-11,2025_4Q,1
제주 1계 2024-29149(10),오피스텔(주거),오피스텔,오피스텔(업무용),제주,서귀포시,제주 서귀포시 표선면 표선리 666 라온제나 5층 503호,"244,000,000","170,800,000",낙찰,"171,000,000",70.1%,2025-11-11,2025_4Q,1
제주 1계 2024-29149(11),오피스텔(주거),오피스텔,오피스텔(업무용),제주,서귀포시,제주 서귀포시 표선면 표선리 666 라온제나 7층 701호,"237,000,000","116,130,000",낙찰,"170,000,000",71.7%,2025-12-16,2025_4Q,1
제주 9계 2024-29163,전,전,전,제주,제주시,제주 제주시 구좌읍 김녕리 2524-6,"143,856,000","49,342,000",낙찰,"51,002,500",35.5%,2025-11-18,2025_4Q,1
제주 3계 2024-29187,도로,기타토지,기타토지,제주,서귀포시,제주 서귀포시 서귀동 220-16,"49,600,000","34,720,000",낙찰,"40,672,000",82.0%,2025-09-09,2025_3Q,2
제주 5계 2024-29200,임야,임야,임야,제주,서귀포시,제주 서귀포시 안덕면 화순리 1925,"7,357,899,000","3,605,370,000",낙찰,"5,150,000,000",70.0%,2025-07-15,2025_3Q,2
제주 4계 2024-29286(1),단독주택,단독,단독주택,제주,서귀포시,제주 서귀포시 표선면 성읍리 371-1,"3,182,695,000","1,091,665,000",낙찰,"1,276,500,000",40.1%,2025-09-16,2025_3Q,2
제주 9계 2024-29330,주상복합(주거),기타토지,기타토지,제주,제주시,제주 제주시 도두일동 2619-2 도두네오하임2차 5층 506호,"335,000,000","234,500,000",낙찰,"292,000,000",87.2%,2025-07-29,2025_3Q,2
제주 1계 2024-29347,전,전,전,제주,제주시,제주 제주시 우도면 연평리 192,"1,706,346,000","286,785,000",낙찰,"313,220,000",18.4%,2025-11-11,2025_4Q,1
제주 4계 2024-29378,전,전,전,제주,서귀포시,제주 서귀포시 서홍동 2472,"573,000,000","196,539,000",낙찰,"237,809,400",41.5%,2025-09-16,2025_3Q,2
제주 1계 2024-29439,전,전,전,제주,서귀포시,제주 서귀포시 안덕면 사계리 3227-4,"1,393,740,000","478,053,000",낙찰,"572,000,000",41.0%,2025-09-30,2025_3Q,1
제주 8계 2024-29507,임야,임야,임야,제주,서귀포시,제주 서귀포시 안덕면 동광리 1549-2,"542,480,000","186,071,000",낙찰,"211,111,000",38.9%,2025-07-15,2025_3Q,2
제주 9계 2024-29514,전,전,전,제주,서귀포시,제주 서귀포시 대정읍 무릉리 2941-1,"1,235,424,000","296,626,000",낙찰,"355,500,000",28.8%,2025-11-18,2025_4Q,1
제주 1계 2024-29521,전,전,전,제주,서귀포시,제주 서귀포시 대정읍 상모리 2430-1,"1,124,785,000","270,061,000",낙찰,"305,000,000",27.1%,2025-11-11,2025_4Q,1
제주 2계 2024-29538,전,전,전,제주,제주시,제주 제주시 애월읍 곽지리 2430,"1,461,768,000","350,971,000",낙찰,"361,000,000",24.7%,2025-12-23,2025_4Q,0
제주 1계 2024-29613,연립,연립주택,연립·빌라,제주,서귀포시,제주 서귀포시 서호동 1440 벽산블루밍 102동 1층 103호,"432,000,000","302,400,000",낙찰,"373,432,000",86.4%,2025-07-22,2025_3Q,2
제주 3계 2024-29637(1),근린상가,근린상가,근린상가,제주,제주시,"제주 제주시 영평동 1842-5 ,1842-2,1842-11,1842-16,1845 영평휴안2차 104동 4층 근생504호","448,000,000","219,520,000",낙찰,"282,888,880",63.1%,2025-11-25,2025_4Q,1
제주 3계 2024-29637(2),근린상가,근린상가,근린상가,제주,제주시,"제주 제주시 영평동 1842-5 ,1842-2,1842-11,1842-16,1845 영평휴안2차 104동 지1층 근생지04-1호","551,000,000","269,990,000",낙찰,"300,140,000",54.5%,2025-11-25,2025_4Q,1
제주 3계 2024-29637(3),근린상가,근린상가,근린상가,제주,제주시,"제주 제주시 영평동 1842-5 ,1842-2,1842-11,1842-16,1845 영평휴안2차 101동 1층 근생101호","914,000,000","639,800,000",낙찰,"642,400,000",70.3%,2025-10-21,2025_4Q,1
제주 3계 2024-29637(4),근린상가,근린상가,근린상가,제주,제주시,"제주 제주시 영평동 1842-5 ,1842-2,1842-11,1842-16,1845 영평휴안2차 104동 2층 근생204호","568,000,000","397,600,000",낙찰,"398,150,000",70.1%,2025-10-21,2025_4Q,1
제주 3계 2024-29637(5),근린상가,근린상가,근린상가,제주,제주시,"제주 제주시 영평동 1842-5 ,1842-2,1842-11,1842-16,1845 영평휴안2차 104동 지1층 근생지04-2호","460,000,000","322,000,000",낙찰,"335,999,990",73.0%,2025-10-21,2025_4Q,1
제주 3계 2024-29637(6),근린상가,근린상가,근린상가,제주,제주시,"제주 제주시 영평동 1842-5 ,1842-2,1842-11,1842-16,1845 영평휴안2차 104동 1층 근생104호","621,000,000","434,700,000",낙찰,"434,700,000",70.0%,2025-10-21,2025_4Q,1
제주 1계 2024-29729,임야,임야,임야,제주,제주시,제주 제주시 애월읍 상가리 산49-5,"8,073,000","3,956,000",낙찰,"4,100,000",50.8%,2025-08-26,2025_3Q,2
제주 6계 2024-29750,연립,연립주택,연립·빌라,제주,제주시,제주 제주시 한림읍 금능리 1254 브리타니금능 나동 3층 306호,"128,000,000","62,720,000",낙찰,"82,000,000",64.1%,2025-08-12,2025_3Q,2
제주 3계 2024-29811,단독주택,단독,단독주택,제주,제주시,제주 제주시 용담이동 2710-23,"48,736,050","23,881,000",낙찰,"24,400,000",50.1%,2025-11-25,2025_4Q,1
제주 6계 2024-29842,전,전,전,제주,서귀포시,제주 서귀포시 안덕면 덕수리 343,"111,194,000","26,698,000",낙찰,"33,335,000",30.0%,2025-12-02,2025_4Q,1
제주 9계 2024-29873,숙박시설,숙박시설,숙박시설,제주,서귀포시,제주 서귀포시 서귀동 325-1 비스타케이올래 10층 1028호,"139,000,000","23,362,000",낙찰,"23,500,000",16.9%,2025-12-23,2025_4Q,0
제주 1계 2024-29880,숙박시설,숙박시설,숙박시설,제주,서귀포시,제주 서귀포시 서귀동 325-1 비스타케이올래 2층 222호,"169,000,000","28,404,000",낙찰,"29,900,000",17.7%,2025-12-16,2025_4Q,1
제주 8계 2024-30071,창고용지,기타건물,창고,제주,제주시,제주 제주시 애월읍 신엄리 894-1,"69,300,000","23,770,000",낙찰,"25,010,000",36.1%,2025-07-15,2025_3Q,2
제주 9계 2024-30088,단독주택,단독,단독주택,제주,제주시,제주 제주시 애월읍 유수암리 2151-6,"60,331,200","29,562,000",낙찰,"41,779,000",69.2%,2025-09-02,2025_3Q,2
제주 8계 2024-30132,단독주택,단독,단독주택,제주,서귀포시,제주 서귀포시 안덕면 사계리 317-2,"145,282,650","24,417,000",낙찰,"25,000,000",17.2%,2025-09-23,2025_3Q,1
제주 5계 2024-30156,단독주택,단독,단독주택,제주,제주시,제주 제주시 구좌읍 하도리 1387,"58,063,100","9,759,000",낙찰,"12,580,000",21.7%,2025-11-04,2025_4Q,1
제주 7계 2024-30163,전,전,전,제주,서귀포시,제주 서귀포시 대정읍 보성리 1567-1,"376,528,000","184,499,000",낙찰,"201,600,000",53.5%,2025-08-05,2025_3Q,2
제주 1계 2024-30194,도로,기타토지,기타토지,제주,서귀포시,제주 서귀포시 성산읍 성산리 205-1,"26,944,000","9,242,000",낙찰,"9,300,000",34.5%,2025-09-30,2025_3Q,1
제주 3계 2024-30200,다세대,다세대주택,다세대,제주,제주시,제주 제주시 화북일동 1951-12 조양빌라 나동 4층 502호,"103,000,000","50,470,000",낙찰,"68,377,000",66.4%,2025-10-21,2025_4Q,1
제주 9계 2024-30323,임야,임야,임야,제주,제주시,제주 제주시 구좌읍 종달리 2660,"163,663,000","80,195,000",낙찰,"95,010,000",58.1%,2025-09-02,2025_3Q,2
제주 2계 2024-30439,단독주택,단독,단독주택,제주,제주시,제주 제주시 애월읍 광령리 2416-1 5동,"618,802,190","303,213,000",낙찰,"335,000,009",54.1%,2025-12-23,2025_4Q,0
제주 6계 2024-30569(2),잡종지,잡종지,잡종지,제주,제주시,제주 제주시 한경면 청수리 21-6,"40,677,000","19,932,000",낙찰,"19,932,000",49.0%,2025-09-16,2025_3Q,2
제주 6계 2024-30569(3),임야,임야,임야,제주,제주시,제주 제주시 한경면 청수리 481-1,"23,976,000","11,748,000",낙찰,"11,748,000",49.0%,2025-09-16,2025_3Q,2
제주 9계 2024-30590,대지,나대지,나대지,제주,제주시,제주 제주시 연동 2380-10,"334,044,000","114,577,000",낙찰,"162,111,100",48.5%,2025-10-14,2025_4Q,1
제주 6계 2024-30651,단독주택,단독,단독주택,제주,서귀포시,제주 서귀포시 성산읍 난산리 659-13,"476,029,830","233,255,000",낙찰,"288,800,000",60.7%,2025-10-28,2025_4Q,1
제주 1계 2024-30781,아파트,아파트,아파트,제주,제주시,"제주 제주시 도남동 83-65 ,82 도남시영 A동 1층 104호","17,000,000","11,900,000",낙찰,"17,000,000",100.0%,2025-07-22,2025_3Q,2
제주 4계 2024-30811(1),과수원,과수원,과수원,제주,서귀포시,제주 서귀포시 성산읍 수산리 1607-3,"977,385,000","234,670,000",낙찰,"339,999,000",34.8%,2025-09-16,2025_3Q,2
제주 5계 2024-30910,연립,연립주택,연립·빌라,제주,서귀포시,제주 서귀포시 법환동 212 디자인뷰 107동 3층 303호,"375,000,000","183,750,000",낙찰,"212,109,999",56.6%,2025-07-15,2025_3Q,2
제주 8계 2024-30941,연립,연립주택,연립·빌라,제주,서귀포시,제주 서귀포시 법환동 212 디자인뷰 106동 3층 304호,"356,000,000","174,440,000",낙찰,"221,100,000",62.1%,2025-07-15,2025_3Q,2
제주 9계 2024-30958(1),전,전,전,제주,서귀포시,제주 서귀포시 대정읍 무릉리 425-18,"540,575,000","185,417,000",낙찰,"211,987,600",39.2%,2025-12-23,2025_4Q,0
제주 9계 2024-30958(2),전,전,전,제주,서귀포시,제주 서귀포시 대정읍 무릉리 1099-3,"906,598,000","310,963,000",낙찰,"354,000,000",39.0%,2025-12-23,2025_4Q,0
제주 1계 2024-30965,전,전,전,제주,제주시,제주 제주시 구좌읍 상도리 1044,"242,182,000","58,148,000",낙찰,"58,200,000",24.0%,2025-11-11,2025_4Q,1
제주 4계 2024-30996,전,전,전,제주,제주시,제주 제주시 구좌읍 한동리 3064,"208,110,000","71,382,000",낙찰,"75,382,000",36.2%,2025-10-28,2025_4Q,1
제주 5계 2024-31005(1),임야,임야,임야,제주,서귀포시,제주 서귀포시 성산읍 수산리 2641-1,"416,556,000","142,878,000",낙찰,"178,888,800",42.9%,2025-09-23,2025_3Q,1
제주 6계 2024-31012,임야,임야,임야,제주,제주시,제주 제주시 구좌읍 세화리 2864,"379,120,000","130,038,000",낙찰,"135,000,000",35.6%,2025-10-28,2025_4Q,1
제주 7계 2024-31029,임야,임야,임야,제주,제주시,제주 제주시 구좌읍 한동리 4499-2,"674,837,000","330,670,000",낙찰,"450,000,000",66.7%,2025-10-21,2025_4Q,1
제주 7계 2024-31111,전,전,전,제주,서귀포시,제주 서귀포시 표선면 세화리 487,"224,568,000","77,027,000",낙찰,"84,840,000",37.8%,2025-09-09,2025_3Q,2
제주 8계 2024-31128,전,전,전,제주,서귀포시,제주 서귀포시 대정읍 무릉리 2827,"935,424,000","320,851,000",낙찰,"342,272,700",36.6%,2025-08-19,2025_3Q,2
제주 7계 2024-31210,단독주택,단독,단독주택,제주,제주시,제주 제주시 구좌읍 세화리 2572-36,"284,380,000","97,542,000",낙찰,"116,999,999",41.1%,2025-09-09,2025_3Q,2
제주 5계 2024-31272,전,전,전,제주,서귀포시,제주 서귀포시 대정읍 신도리 2293,"670,283,000","229,907,000",낙찰,"230,100,000",34.3%,2025-08-19,2025_3Q,2
제주 1계 2024-31319,단독주택,단독,단독주택,제주,제주시,제주 제주시 도련일동 2234-9,"370,955,200","259,669,000",낙찰,"293,000,000",79.0%,2025-09-30,2025_3Q,1
제주 4계 2024-31357,다세대,다세대주택,다세대,제주,제주시,제주 제주시 도남동 919 1층 102호,"40,000,000","19,600,000",낙찰,"24,115,000",60.3%,2025-08-12,2025_3Q,2
제주 5계 2024-31364(2),단독주택,단독,단독주택,제주,서귀포시,제주 서귀포시 표선면 성읍리 417-4,"1,007,849,000","493,846,000",낙찰,"501,000,000",49.7%,2025-07-15,2025_3Q,2
제주 5계 2024-31364(3),임야,임야,임야,제주,서귀포시,제주 서귀포시 표선면 성읍리 417-12,"685,992,000","336,136,000",낙찰,"338,000,000",49.3%,2025-07-15,2025_3Q,2
제주 6계 2024-31371,오피스텔(주거),오피스텔,오피스텔(업무용),제주,제주시,제주 제주시 연동 1494 신제주연동트리플시티 101동 10층 1008호,"664,000,000","464,800,000",낙찰,"507,336,900",76.4%,2025-07-08,2025_3Q,2
제주 7계 2024-31401,전,전,전,제주,서귀포시,제주 서귀포시 안덕면 사계리 1127,"412,596,000","99,064,000",낙찰,"120,000,000",29.1%,2025-11-25,2025_4Q,1
제주 7계 2024-31470,전,전,전,제주,제주시,제주 제주시 조천읍 북촌리 1755-1,"924,180,000","452,848,000",낙찰,"511,999,900",55.4%,2025-08-05,2025_3Q,2
제주 8계 2024-31579,단독주택,단독,단독주택,제주,서귀포시,제주 서귀포시 남원읍 위미리 502,"149,241,650","51,190,000",낙찰,"57,780,000",38.7%,2025-08-19,2025_3Q,2
제주 9계 2024-31586,연립,연립주택,연립·빌라,제주,제주시,"제주 제주시 구좌읍 하도리 산79-47 ,산79-67 구좌반석타운 나동 501호","74,000,000","51,800,000",낙찰,"89,000,000",120.3%,2025-09-02,2025_3Q,2
제주 6계 2024-31647,목장용지,기타토지,목장용지,제주,제주시,제주 제주시 구좌읍 덕천리 1098,"67,115,000","32,887,000",낙찰,"40,403,240",60.2%,2025-10-28,2025_4Q,1
제주 7계 2024-31654(1),임야,임야,임야,제주,제주시,제주 제주시 한경면 고산리 887,"155,630,000","37,367,000",낙찰,"45,130,000",29.0%,2025-10-21,2025_4Q,1
제주 7계 2024-31654(2),전,전,전,제주,제주시,제주 제주시 한경면 고산리 889,"2,523,690,000","605,938,000",낙찰,"627,770,000",24.9%,2025-10-21,2025_4Q,1
제주 1계 2024-31685,단독주택,단독,단독주택,제주,서귀포시,제주 서귀포시 표선면 성읍리 682-1,"904,408,500","217,148,000",낙찰,"220,500,000",24.4%,2025-11-11,2025_4Q,1
제주 4계 2024-31715(1),오피스텔(주거),오피스텔,오피스텔(업무용),제주,제주시,"제주 제주시 이도일동 1258-13 ,1258-6,1258-14,1258-19,1258-40 이도센트레시티 2층 204호","93,000,000","65,100,000",낙찰,"65,100,000",70.0%,2025-08-12,2025_3Q,2
제주 4계 2024-31715(2),오피스텔,오피스텔,오피스텔(업무용),제주,제주시,"제주 제주시 이도일동 1258-13 ,1258-6,1258-14,1258-19,1258-40 이도센트레시티 3층 306호","91,000,000","63,700,000",낙찰,"63,700,000",70.0%,2025-08-12,2025_3Q,2
제주 4계 2024-31715(3),오피스텔(상가),근린상가,오피스텔(업무용),제주,제주시,"제주 제주시 이도일동 1258-13 ,1258-6,1258-14,1258-19,1258-40 이도센트레시티 7층 701호","166,000,000","116,200,000",낙찰,"116,201,000",70.0%,2025-08-12,2025_3Q,2
제주 4계 2024-31715(4),오피스텔(주거),오피스텔,오피스텔(업무용),제주,제주시,"제주 제주시 이도일동 1258-13 ,1258-6,1258-14,1258-19,1258-40 이도센트레시티 7층 705호","92,000,000","64,400,000",낙찰,"64,401,000",70.0%,2025-08-12,2025_3Q,2
제주 4계 2024-31715(5),오피스텔(주거),오피스텔,오피스텔(업무용),제주,제주시,"제주 제주시 이도일동 1258-13 ,1258-6,1258-14,1258-19,1258-40 이도센트레시티 10층 1001호","168,000,000","117,600,000",낙찰,"123,100,000",73.3%,2025-08-12,2025_3Q,2
제주 4계 2024-31715(6),오피스텔(주거),오피스텔,오피스텔(업무용),제주,제주시,"제주 제주시 이도일동 1258-13 ,1258-6,1258-14,1258-19,1258-40 이도센트레시티 11층 1107호","100,000,000","70,000,000",낙찰,"76,420,000",76.4%,2025-08-12,2025_3Q,2
제주 7계 2024-31838,오피스텔(주거),오피스텔,오피스텔(업무용),제주,제주시,제주 제주시 연동 275 세인트스톤더부티크 10층 1003호,"627,000,000","307,230,000",낙찰,"360,000,000",57.4%,2025-08-05,2025_3Q,2
제주 9계 2024-31937,단독주택,단독,단독주택,제주,제주시,제주 제주시 삼양일동 1661-13,"266,513,020","130,591,000",낙찰,"174,300,000",65.4%,2025-11-18,2025_4Q,1
제주 6계 2024-32015,연립,연립주택,연립·빌라,제주,서귀포시,제주 서귀포시 강정동 5670 서귀포강정코아루2차 103동 3층 305호,"295,000,000","206,500,000",낙찰,"280,300,000",95.0%,2025-09-16,2025_3Q,2
제주 9계 2024-32046,도로,기타토지,기타토지,제주,서귀포시,제주 서귀포시 성산읍 고성리 1132-26,"137,555,600","96,289,000",낙찰,"103,200,000",75.0%,2025-10-14,2025_4Q,1
제주 7계 2024-32114,근린상가,근린상가,근린상가,제주,제주시,제주 제주시 이도이동 1168-1,"1,208,488,020","592,159,000",낙찰,"700,930,000",58.0%,2025-08-05,2025_3Q,2
제주 1계 2024-32145,단독주택,단독,단독주택,제주,제주시,제주 제주시 조천읍 조천리 2615,"219,883,500","75,420,000",낙찰,"105,000,000",47.8%,2025-09-30,2025_3Q,1
제주 2계 2024-32152,근린상가,근린상가,근린상가,제주,서귀포시,제주 서귀포시 중문동 2120-5,"1,615,826,500","1,131,079,000",낙찰,"1,140,010,000",70.6%,2025-09-02,2025_3Q,2
제주 4계 2024-32176,단독주택,단독,단독주택,제주,서귀포시,제주 서귀포시 표선면 표선리 2498-17,"842,338,400","589,637,000",낙찰,"591,110,000",70.2%,2025-08-12,2025_3Q,2
제주 6계 2024-32183,임야,임야,임야,제주,제주시,제주 제주시 아라일동 490-1,"821,779,000","402,672,000",낙찰,"502,000,000",61.1%,2025-08-12,2025_3Q,2
제주 9계 2024-32220,연립,연립주택,연립·빌라,제주,서귀포시,제주 서귀포시 대포동 765 대포동루체클래식 5층 101-504호,"351,000,000","245,700,000",낙찰,"285,555,000",81.4%,2025-10-14,2025_4Q,1
제주 1계 2024-32237,주상복합(주거),기타토지,기타토지,제주,제주시,제주 제주시 노형동 1028-1 노형세기5차 7층 803호,"191,000,000","133,700,000",낙찰,"141,880,000",74.3%,2025-07-22,2025_3Q,2
제주 7계 2024-32282,숙박시설,숙박시설,숙박시설,제주,서귀포시,"제주 서귀포시 서귀동 270-9 ,270-12,270-15,270-16,270-17 호텔캐니스토리 7층 703호","106,000,000","17,816,000",낙찰,"18,000,100",17.0%,2025-11-25,2025_4Q,1
제주 8계 2024-32299,아파트,아파트,아파트,제주,제주시,제주 제주시 화북일동 1972-8 남양 1층 101호,"133,000,000","93,100,000",낙찰,"110,010,000",82.7%,2025-07-15,2025_3Q,2
제주 7계 2024-32374(1),아파트,아파트,아파트,제주,제주시,제주 제주시 한림읍 한림리 1530-2 영신 4층 405호,"108,000,000","75,600,000",낙찰,"81,519,999",75.5%,2025-09-09,2025_3Q,2
제주 8계 2024-32381,임야,임야,임야,제주,제주시,제주 제주시 구좌읍 상도리 979-2,"2,329,310,000","559,267,000",낙찰,"586,660,000",25.2%,2025-11-04,2025_4Q,1
제주 3계 2024-32428(1),전,전,전,제주,제주시,제주 제주시 조천읍 함덕리 3032-1,"247,962,000","121,501,000",낙찰,"133,200,000",53.7%,2025-11-25,2025_4Q,1
제주 3계 2024-32428(2),임야,임야,임야,제주,제주시,제주 제주시 조천읍 대흘리 산21-58,"129,456,000","63,433,000",낙찰,"105,300,000",81.3%,2025-11-25,2025_4Q,1
제주 9계 2024-32572,연립,연립주택,연립·빌라,제주,제주시,제주 제주시 도평동 1292 제웅솔내음빌리지 102동 3층 301호,"275,000,000","192,500,000",낙찰,"245,010,000",89.1%,2025-10-14,2025_4Q,1
제주 1계 2024-32589,점포,근린상가,점포상가,제주,제주시,제주 제주시 이도이동 415-6,"1,569,852,000","769,227,000",낙찰,"826,000,000",52.6%,2025-08-26,2025_3Q,2
제주 5계 2024-32626,전,전,전,제주,서귀포시,제주 서귀포시 대정읍 무릉리 3474-1,"791,723,000","190,093,000",낙찰,"197,300,000",24.9%,2025-11-04,2025_4Q,1
제주 8계 2024-32657,단독주택,단독,단독주택,제주,서귀포시,제주 서귀포시 호근동 566-5 6동호,"641,775,920","449,243,000",낙찰,"481,110,000",75.0%,2025-08-19,2025_3Q,2
제주 2계 2024-32688,다세대,다세대주택,다세대,제주,제주시,제주 제주시 조천읍 조천리 2258-1 금오에이스빌 3층 302호,"144,000,000","70,560,000",낙찰,"98,130,000",68.1%,2025-11-18,2025_4Q,1
제주 3계 2024-32695,단독주택,단독,단독주택,제주,제주시,제주 제주시 일도이동 1039-11,"63,914,290","31,318,000",낙찰,"33,155,000",51.9%,2025-11-25,2025_4Q,1
제주 8계 2024-32732,임야,임야,임야,제주,제주시,제주 제주시 조천읍 선흘리 1735,"318,313,000","53,499,000",낙찰,"55,000,000",17.3%,2025-12-09,2025_4Q,1
제주 2계 2024-32770,연립,연립주택,연립·빌라,제주,제주시,제주 제주시 조천읍 조천리 1335 조천휴안1차 101동 4층 502호,"399,000,000","279,300,000",낙찰,"316,890,000",79.4%,2025-10-14,2025_4Q,1
제주 5계 2024-32893,다가구,다가구,다가구,제주,서귀포시,제주 서귀포시 안덕면 화순리 1592-9,"560,002,800","274,401,000",낙찰,"346,100,000",61.8%,2025-07-15,2025_3Q,2
제주 5계 2024-32985,창고용지,기타건물,창고,제주,제주시,제주 제주시 화북일동 2023-3,"678,528,000","232,735,000",낙찰,"312,000,000",46.0%,2025-09-23,2025_3Q,1
제주 6계 2024-32992,전,전,전,제주,서귀포시,제주 서귀포시 대정읍 상모리 2223-1,"1,859,616,000","446,494,000",낙찰,"495,100,000",26.6%,2025-12-02,2025_4Q,1
제주 5계 2024-33056,단독주택,단독,단독주택,제주,서귀포시,제주 서귀포시 서호동 680,"1,247,315,500","611,185,000",낙찰,"685,000,000",54.9%,2025-08-19,2025_3Q,2
제주 1계 2024-33124,전,전,전,제주,서귀포시,제주 서귀포시 대정읍 상모리 119,"1,537,654,000","527,416,000",낙찰,"581,111,100",37.8%,2025-11-11,2025_4Q,1
제주 4계 2024-33155,대지,나대지,나대지,제주,제주시,제주 제주시 이호일동 517,"503,075,000","172,555,000",낙찰,"200,005,000",39.8%,2025-08-12,2025_3Q,2
제주 9계 2024-33193,전,전,전,제주,서귀포시,제주 서귀포시 표선면 표선리 923-3,"679,244,000","232,981,000",낙찰,"251,000,000",37.0%,2025-12-23,2025_4Q,0
제주 1계 2024-33209,전,전,전,제주,서귀포시,제주 서귀포시 성산읍 오조리 518,"323,330,000","110,902,000",낙찰,"122,911,000",38.0%,2025-11-11,2025_4Q,1
제주 9계 2024-33285,대지,나대지,나대지,제주,제주시,제주 제주시 구좌읍 동복리 1692,"188,786,000","92,505,000",낙찰,"95,100,000",50.4%,2025-11-18,2025_4Q,1
제주 4계 2024-33315,전,전,전,제주,제주시,제주 제주시 우도면 연평리 644,"844,038,000","202,654,000",낙찰,"220,000,000",26.1%,2025-07-08,2025_3Q,2
제주 8계 2024-33346,다세대,다세대주택,다세대,제주,서귀포시,제주 서귀포시 서홍동 1588-7 오페라하우스 4층 504호,"151,000,000","105,700,000",낙찰,"115,990,000",76.8%,2025-07-15,2025_3Q,2
제주 9계 2024-33353,아파트,아파트,아파트,제주,제주시,제주 제주시 오라이동 1496-1 대원12차상록수 7층 701호,"353,000,000","247,100,000",낙찰,"315,100,000",89.3%,2025-10-14,2025_4Q,1
제주 2계 2024-33384,대지,나대지,나대지,제주,제주시,제주 제주시 월평동 738-9,"287,310,000","201,117,000",낙찰,"206,190,000",71.8%,2025-10-14,2025_4Q,1
제주 3계 2024-33391,단독주택,단독,단독주택,제주,제주시,제주 제주시 이도이동 1982-33,"1,287,927,840","901,549,000",낙찰,"981,100,000",76.2%,2025-11-25,2025_4Q,1
제주 7계 2024-33421,전,전,전,제주,서귀포시,제주 서귀포시 하원동 303-1,"1,207,722,000","414,249,000",낙찰,"481,500,000",39.9%,2025-10-21,2025_4Q,1
제주 7계 2024-33469,단독주택,단독,단독주택,제주,제주시,제주 제주시 한림읍 협재리 981-5,"446,660,500","312,662,000",낙찰,"340,000,000",76.1%,2025-08-05,2025_3Q,2
제주 2계 2024-33513,차량,기타토지,기타토지,제주,제주시,제주 제주시 용담삼동 1274-1 제3자현대물품보관소에게보관,"30,000,000","21,000,000",낙찰,"24,444,100",81.5%,2025-10-14,2025_4Q,1
제주 3계 2024-33520,다세대,다세대주택,다세대,제주,제주시,"제주 제주시 애월읍 신엄리 3126-3 ,3127-3 애월렉슬 다동 4층 402호","190,000,000","133,000,000",낙찰,"155,000,000",81.6%,2025-10-21,2025_4Q,1
제주 5계 2024-33568,대지,나대지,나대지,제주,제주시,제주 제주시 한림읍 한림리 188-1,"425,308,000","208,401,000",낙찰,"209,000,000",49.1%,2025-09-23,2025_3Q,1
제주 6계 2024-33575,근린상가,근린상가,근린상가,제주,제주시,제주 제주시 도남동 918-7,"884,954,880","619,468,000",낙찰,"670,999,999",75.8%,2025-09-16,2025_3Q,2
제주 1계 2024-33599,연립,연립주택,연립·빌라,제주,서귀포시,제주 서귀포시 법환동 212 디자인뷰 106동 2층 203호,"277,000,000","193,900,000",낙찰,"211,174,000",76.2%,2025-09-30,2025_3Q,1
제주 2계 2024-33605,연립,연립주택,연립·빌라,제주,서귀포시,제주 서귀포시 법환동 212 디자인뷰 106동 4층 404호,"286,000,000","200,200,000",낙찰,"227,500,000",79.5%,2025-10-14,2025_4Q,1
제주 5계 2024-33636(3),임야,임야,임야,제주,서귀포시,제주 서귀포시 성산읍 신산리 1507-1,"526,668,480","126,454,000",낙찰,"144,444,400",27.4%,2025-12-09,2025_4Q,1
제주 2계 2024-33698,차량,기타토지,기타토지,제주,제주시,제주 제주시 용담삼동 1274-1 현대물품보관소내 보관,"12,000,000","8,400,000",낙찰,"8,400,001",70.0%,2025-11-18,2025_4Q,1
제주 8계 2024-33759,전,전,전,제주,제주시,제주 제주시 애월읍 구엄리 889-1,"1,072,570,000","367,891,000",낙찰,"451,110,000",42.1%,2025-09-23,2025_3Q,1
제주 1계 2024-33773,도로,기타토지,기타토지,제주,제주시,제주 제주시 조천읍 조천리 1839-4,"94,397,250","22,665,000",낙찰,"30,010,000",31.8%,2025-12-16,2025_4Q,1
제주 5계 2024-33827,근린상가,근린상가,근린상가,제주,제주시,제주 제주시 삼양일동 1578-17 1층 101호,"87,310,000","42,782,000",낙찰,"60,000,000",68.7%,2025-09-23,2025_3Q,1
제주 9계 2024-34042,아파트,아파트,아파트,제주,서귀포시,제주 서귀포시 성산읍 고성리 1132-21 동명 가동 1층 107호,"116,000,000","81,200,000",낙찰,"84,100,000",72.5%,2025-10-14,2025_4Q,1
제주 2계 2024-34066,숙박시설,숙박시설,숙박시설,제주,제주시,"제주 제주시 연동 281-22 ,281-24,281-26,281-40 하워드존슨제주호텔 4층 423호","120,000,000","58,800,000",낙찰,"61,100,000",50.9%,2025-11-18,2025_4Q,1
제주 8계 2024-34127,아파트,아파트,아파트,제주,제주시,제주 제주시 한림읍 대림리 1884-1 대림위듀파크 6층 604호,"229,000,000","160,300,000",낙찰,"171,700,000",75.0%,2025-07-15,2025_3Q,2
제주 4계 2024-34172,임야,임야,임야,제주,제주시,제주 제주시 애월읍 봉성리 791,"279,527,000","136,968,000",낙찰,"149,999,000",53.7%,2025-07-08,2025_3Q,2
제주 4계 2024-34264(6),차량,기타토지,기타토지,제주,제주시,제주 제주시 용담삼동 1274-1 제3자 현대물품보관소(주)에게 보관,"5,500,000","1,887,000",낙찰,"2,679,000",48.7%,2025-12-02,2025_4Q,1
제주 4계 2024-34264(7),차량,기타토지,기타토지,제주,제주시,제주 제주시 용담삼동 1274-1 제3자 현대물품보관소(주)에게 보관,"5,500,000","1,887,000",낙찰,"2,799,000",50.9%,2025-12-02,2025_4Q,1
제주 4계 2024-34264(9),차량,기타토지,기타토지,제주,제주시,제주 제주시 용담삼동 1274-1 제3자 현대물품보관소(주)에게 보관,"5,000,000","1,715,000",낙찰,"2,410,000",48.2%,2025-07-08,2025_3Q,2
제주 4계 2024-34264(14),차량,기타토지,기타토지,제주,제주시,제주 제주시 용담삼동 1274-1 제3자 현대물품보관소(주)에게 보관,"4,500,000","1,544,000",낙찰,"2,122,000",47.2%,2025-07-08,2025_3Q,2
제주 9계 2024-34417,주상복합(주거),기타토지,기타토지,제주,서귀포시,"제주 서귀포시 서홍동 303 ,303-1 신생훼밀리 4층 407호","105,000,000","73,500,000",낙찰,"77,710,000",74.0%,2025-10-14,2025_4Q,1
제주 6계 2024-34554,연립,연립주택,연립·빌라,제주,서귀포시,제주 서귀포시 법환동 212 디자인뷰 107동 3층 301호,"343,000,000","168,070,000",낙찰,"228,190,000",66.5%,2025-12-02,2025_4Q,1
제주 8계 2024-34769,임야,임야,임야,제주,제주시,제주 제주시 애월읍 봉성리 218-6,"110,811,000","38,009,000",낙찰,"44,218,000",39.9%,2025-11-04,2025_4Q,1
제주 3계 2024-34806,숙박시설,숙박시설,숙박시설,제주,서귀포시,제주 서귀포시 서귀동 494 오션팰리스 6층 610호,"113,000,000","55,370,000",낙찰,"79,100,000",70.0%,2025-11-25,2025_4Q,1
제주 5계 2024-34820(1),단독주택,단독,단독주택,제주,제주시,제주 제주시 노형동 3281-3,"359,833,630","123,423,000",낙찰,"123,423,000",34.3%,2025-12-09,2025_4Q,1
제주 1계 2024-34875(2),전,전,전,제주,제주시,제주 제주시 한림읍 금악리 2911,"371,400,000","127,390,000",낙찰,"135,200,000",36.4%,2025-11-11,2025_4Q,1
제주 3계 2024-34899,차량,기타토지,기타토지,제주,제주시,제주 제주시 애월읍 광령리 509-2 제3자(주)세경내 보관,"6,000,000","2,940,000",낙찰,"3,210,000",53.5%,2025-08-05,2025_3Q,2
제주 9계 2024-34943(1),전,전,전,제주,서귀포시,제주 서귀포시 대정읍 신도리 3081,"585,264,000","286,780,000",낙찰,"286,789,000",49.0%,2025-12-23,2025_4Q,0
제주 1계 2024-34950,임야,임야,임야,제주,서귀포시,제주 서귀포시 성산읍 수산리 3492,"803,857,000","193,006,000",낙찰,"327,000,000",40.7%,2025-12-16,2025_4Q,1
제주 8계 2024-35021,전,전,전,제주,제주시,제주 제주시 구좌읍 하도리 2914-1,"210,488,000","72,197,000",낙찰,"73,999,990",35.2%,2025-12-09,2025_4Q,1
제주 5계 2024-35168,아파트,아파트,아파트,제주,제주시,제주 제주시 이도이동 888 주공 113동 3층 308호,"560,000,000","392,000,000",낙찰,"420,099,999",75.0%,2025-08-19,2025_3Q,2
제주 2계 2024-35229,차량,기타토지,기타토지,제주,제주시,제주 제주시 용담삼동 1274-1 현대물품보관소내 보관,"22,000,000","10,780,000",낙찰,"15,811,000",71.9%,2025-11-18,2025_4Q,1
제주 3계 2024-35236,연립,연립주택,연립·빌라,제주,제주시,제주 제주시 도련일동 134 삼화리오팰리스 103동 2층 202호,"267,000,000","186,900,000",낙찰,"222,121,000",83.2%,2025-10-21,2025_4Q,1
제주 6계 2024-35373(2),창고,기타건물,창고,제주,서귀포시,제주 서귀포시 남원읍 신례리 1685,"1,762,096,000","863,427,000",낙찰,"880,110,000",49.9%,2025-12-02,2025_4Q,1
제주 4계 2024-35434,연립,연립주택,연립·빌라,제주,서귀포시,제주 서귀포시 강정동 1544 윈저캐슬 101동 1층 106호,"245,000,000","120,050,000",낙찰,"157,770,000",64.4%,2025-09-16,2025_3Q,2
제주 9계 2024-35489,다세대,다세대주택,다세대,제주,서귀포시,제주 서귀포시 강정동 1544 윈저캐슬 101동 2층 206호,"241,000,000","168,700,000",낙찰,"168,700,000",70.0%,2025-11-18,2025_4Q,1
제주 1계 2024-35496,연립,연립주택,연립·빌라,제주,서귀포시,제주 서귀포시 강정동 1544 윈저캐슬 101동 3층 306호,"241,000,000","168,700,000",낙찰,"175,219,999",72.7%,2025-11-11,2025_4Q,1
제주 2계 2024-35502,전,전,전,제주,서귀포시,제주 서귀포시 성산읍 고성리 2247-1,"200,836,000","98,410,000",낙찰,"101,200,000",50.4%,2025-12-23,2025_4Q,0
제주 8계 2024-35588,임야,임야,임야,제주,제주시,제주 제주시 한경면 저지리 산15-1,"78,120,000","26,795,000",낙찰,"26,870,000",34.4%,2025-12-09,2025_4Q,1
제주 4계 2024-35625,다세대,다세대주택,다세대,제주,제주시,제주 제주시 애월읍 하귀1리 981-3 파스텔빌리지 107동 2층 202호,"188,000,000","131,600,000",낙찰,"165,999,000",88.3%,2025-10-28,2025_4Q,1
제주 7계 2024-35823,아파트,아파트,아파트,제주,제주시,"제주 제주시 도남동 800 ,46-5 도남1차이-편한세상 102동 2층 206호","642,000,000","449,400,000",낙찰,"515,000,000",80.2%,2025-08-05,2025_3Q,2
제주 8계 2024-35830,차량,기타토지,기타토지,제주,제주시,제주 제주시 애월읍 광령리 509-2 (주)세경내 보관,"8,500,000","5,950,000",낙찰,"6,130,000",72.1%,2025-07-15,2025_3Q,2
제주 4계 2024-35847,전,전,전,제주,서귀포시,제주 서귀포시 남원읍 의귀리 1582,"563,619,000","193,321,000",낙찰,"196,340,000",34.8%,2025-10-28,2025_4Q,1
제주 6계 2024-35908,연립,연립주택,연립·빌라,제주,서귀포시,제주 서귀포시 강정동 5670 서귀포강정코아루2차 103동 4층 405호,"396,000,000","277,200,000",낙찰,"298,000,000",75.3%,2025-12-02,2025_4Q,1
제주 8계 2024-35922,단독주택,단독,단독주택,제주,서귀포시,제주 서귀포시 대정읍 안성리 1104 휴아림타운하우스 103동호,"904,467,970","443,190,000",낙찰,"542,591,000",60.0%,2025-12-09,2025_4Q,1
제주 4계 2024-36178(1),오피스텔(주거),오피스텔,오피스텔(업무용),제주,제주시,제주 제주시 노형동 1046-12 노형퍼스트빌6차 3층 302호,"369,000,000","180,810,000",낙찰,"262,000,000",71.0%,2025-08-12,2025_3Q,2
제주 4계 2024-36178(2),오피스텔(주거),오피스텔,오피스텔(업무용),제주,제주시,제주 제주시 노형동 1046-12 노형퍼스트빌6차 4층 502호,"373,000,000","261,100,000",낙찰,"262,000,000",70.2%,2025-07-08,2025_3Q,2
제주 4계 2024-36178(3),오피스텔(주거),오피스텔,오피스텔(업무용),제주,제주시,제주 제주시 노형동 1046-12 노형퍼스트빌6차 5층 601호,"378,000,000","185,220,000",낙찰,"240,110,000",63.5%,2025-08-12,2025_3Q,2
제주 6계 2024-36185,차량,기타토지,기타토지,제주,제주시,제주 제주시 용담삼동 1274-1 현대물품보관소(주)내 보관,"11,000,000","7,700,000",낙찰,"7,800,000",70.9%,2025-07-08,2025_3Q,2
제주 1계 2024-36239,단독주택,단독,단독주택,제주,제주시,제주 제주시 구좌읍 동복리 1509,"222,294,140","155,606,000",낙찰,"186,110,000",83.7%,2025-08-26,2025_3Q,2
제주 2계 2024-36246,선박,기타토지,기타토지,제주,제주시,제주 제주시 한림읍 한림항감수보존,"1,537,922,000","1,076,545,000",낙찰,"1,191,000,000",77.4%,2025-10-14,2025_4Q,1
제주 4계 2024-36260(1),점포,근린상가,점포상가,제주,서귀포시,제주 서귀포시 성산읍 시흥리 261,"493,894,500","169,406,000",낙찰,"200,925,000",40.7%,2025-08-12,2025_3Q,2
제주 8계 2024-36291,아파트,아파트,아파트,제주,제주시,제주 제주시 노형동 1060-4 노형동덕 3층 309호,"258,000,000","180,600,000",낙찰,"237,777,000",92.2%,2025-11-04,2025_4Q,1
제주 2계 2024-36321,오피스텔,오피스텔,오피스텔(업무용),제주,서귀포시,제주 서귀포시 서귀동 163-11 남양오피스텔 8층 804호,"67,000,000","32,830,000",낙찰,"35,900,000",53.6%,2025-12-23,2025_4Q,0
제주 1계 2024-36482,차량,기타토지,기타토지,제주,제주시,제주 제주시 애월읍 광령리 509-2 제3자 (주)세경에 보관,"32,000,000","22,400,000",낙찰,"25,390,000",79.3%,2025-09-30,2025_3Q,1
제주 2계 2024-36499,단독주택,단독,단독주택,제주,제주시,제주 제주시 화북이동 3453-3,"177,429,500","124,201,000",낙찰,"135,160,000",76.2%,2025-12-23,2025_4Q,0
제주 4계 2024-36512,숙박시설,숙박시설,숙박시설,제주,제주시,제주 제주시 조천읍 함덕리 1269-19 골든튤립제주함덕호텔 8층 822호,"105,000,000","36,015,000",낙찰,"43,100,000",41.0%,2025-08-12,2025_3Q,2
제주 5계 2024-36529,연립,연립주택,연립·빌라,제주,서귀포시,"제주 서귀포시 동홍동 1902-7 ,1909,1910-4 루체비스타 102동 3층 304호","350,000,000","171,500,000",낙찰,"218,999,800",62.6%,2025-11-04,2025_4Q,1
제주 7계 2024-36543,대지,나대지,나대지,제주,제주시,제주 제주시 한경면 청수리 1077-3,"211,763,000","103,764,000",낙찰,"118,590,000",56.0%,2025-08-05,2025_3Q,2
제주 8계 2024-36550,답,답,답,제주,서귀포시,제주 서귀포시 토평동 387-3,"88,328,000","43,281,000",낙찰,"47,600,000",53.9%,2025-12-09,2025_4Q,1
제주 4계 2024-36604,단독주택,단독,단독주택,제주,제주시,제주 제주시 한경면 저지리 2012 브라운트리베일리힐 110동,"1,067,423,160","523,037,000",낙찰,"747,200,000",70.0%,2025-09-16,2025_3Q,2
제주 7계 2024-36635,다세대,다세대주택,다세대,제주,제주시,"제주 제주시 애월읍 신엄리 1220-3 ,1214-1 애월더프라임 101동 1층 101호","259,000,000","181,300,000",낙찰,"191,000,000",73.7%,2025-09-09,2025_3Q,2
제주 2계 2024-36758,오피스텔,오피스텔,오피스텔(업무용),제주,서귀포시,"제주 서귀포시 동홍동 386-1 ,378,387 동홍동코아루오션뷰오피스텔 3층 302호","246,000,000","120,540,000",낙찰,"162,360,000",66.0%,2025-12-23,2025_4Q,0
제주 8계 2024-36901,선박,기타토지,기타토지,제주,제주시,제주 제주시 화북이동 789-1 내보관,"15,048,600","5,162,000",낙찰,"7,850,000",52.2%,2025-07-15,2025_3Q,2
제주 5계 2024-36963(1),도로,기타토지,기타토지,제주,서귀포시,제주 서귀포시 성산읍 고성리 523-2,"186,235,000","91,256,000",낙찰,"115,600,000",62.1%,2025-11-04,2025_4Q,1
제주 7계 2024-36987,숙박시설,숙박시설,숙박시설,제주,제주시,제주 제주시 연동 251-45 레지던스이타스1 9층 1005호,"112,000,000","54,880,000",낙찰,"59,010,000",52.7%,2025-09-09,2025_3Q,2
제주 1계 2024-37010,아파트,아파트,아파트,제주,제주시,제주 제주시 노형동 2583-1 노형뜨란채 210동 1층 106호,"473,000,000","473,000,000",낙찰,"497,300,000",105.1%,2025-08-26,2025_3Q,2
제주 4계 2024-37041(1),숙박시설,숙박시설,숙박시설,제주,제주시,제주 제주시 이도이동 1025-8 라마다제주시티호텔 3층 322호,"128,000,000","43,904,000",낙찰,"45,900,000",35.9%,2025-09-16,2025_3Q,2
제주 4계 2024-37041(2),숙박시설,숙박시설,숙박시설,제주,제주시,제주 제주시 이도이동 1025-8 라마다제주시티호텔 3층 342호,"127,000,000","43,561,000",낙찰,"45,500,000",35.8%,2025-09-16,2025_3Q,2
제주 1계 2024-37102,차량,기타토지,기타토지,제주,제주시,제주 제주시 용담삼동 1274-1 제3자현대물품보관소(주)내 보관,"21,000,000","10,290,000",낙찰,"14,710,000",70.0%,2025-08-26,2025_3Q,2
제주 4계 2024-37126,임야,임야,임야,제주,서귀포시,제주 서귀포시 남원읍 수망리 산191-11,"956,331,000","229,615,000",낙찰,"236,500,000",24.7%,2025-10-28,2025_4Q,1
제주 3계 2024-37386(2),주상복합(주거),기타토지,기타토지,제주,제주시,제주 제주시 이도이동 1034 신산하이츠빌 10층 1101호,"318,000,000","222,600,000",낙찰,"242,990,000",76.4%,2025-11-25,2025_4Q,1
제주 4계 2024-37393,임야,임야,임야,제주,서귀포시,제주 서귀포시 안덕면 상천리 327,"23,523,700","11,527,000",낙찰,"11,527,000",49.0%,2025-09-16,2025_3Q,2
제주 7계 2024-37423(2),임야,임야,임야,제주,제주시,제주 제주시 한경면 낙천리 1277,"20,916,000","10,249,000",낙찰,"11,000,000",52.6%,2025-10-21,2025_4Q,1
제주 3계 2025-91,단독주택,단독,단독주택,제주,서귀포시,제주 서귀포시 표선면 표선리 2498-11,"516,130,800","361,292,000",낙찰,"361,292,000",70.0%,2025-11-25,2025_4Q,1
제주 9계 2025-152,오피스텔,오피스텔,오피스텔(업무용),제주,제주시,"제주 제주시 이도일동 1690-4 ,1690-6 제주트리뷰아일랜드 1동 3층 307호","95,600,000","66,920,000",낙찰,"66,920,000",70.0%,2025-12-23,2025_4Q,0
제주 5계 2025-183(2),전,전,전,제주,서귀포시,제주 서귀포시 안덕면 사계리 60,"27,622,500","19,336,000",낙찰,"27,110,000",98.1%,2025-12-09,2025_4Q,1
제주 4계 2025-213,의료시설,병원,병원,제주,서귀포시,제주 서귀포시 토평동 2975-13 외18필지 녹지국제병원,"59,655,684,000","20,461,900,000",낙찰,"20,476,900,000",34.3%,2025-10-28,2025_4Q,1
제주 1계 2025-435,다세대,다세대주택,다세대,제주,제주시,제주 제주시 화북일동 1968-21 신한주택 3층 301호,"82,000,000","57,400,000",낙찰,"71,278,200",86.9%,2025-12-16,2025_4Q,1
제주 5계 2025-565(1),과수원,과수원,과수원,제주,서귀포시,제주 서귀포시 성산읍 난산리 1087,"346,095,000","169,587,000",낙찰,"217,010,000",62.7%,2025-12-09,2025_4Q,1
제주 5계 2025-565(2),창고,기타건물,창고,제주,서귀포시,제주 서귀포시 신효동 229-3,"189,376,160","132,563,000",낙찰,"143,500,000",75.8%,2025-11-04,2025_4Q,1
제주 4계 2025-749(1),전,전,전,제주,서귀포시,제주 서귀포시 대정읍 무릉리 2331,"156,713,000","109,699,000",낙찰,"150,000,000",95.7%,2025-09-16,2025_3Q,2
제주 4계 2025-749(2),전,전,전,제주,서귀포시,제주 서귀포시 대정읍 무릉리 2331-1,"230,337,000","161,236,000",낙찰,"230,000,000",99.9%,2025-09-16,2025_3Q,2
제주 2계 2025-800,임야,임야,임야,제주,서귀포시,제주 서귀포시 성산읍 난산리 2415,"132,349,000","64,851,000",낙찰,"75,000,000",56.7%,2025-12-23,2025_4Q,0
제주 4계 2025-923(3),대지,나대지,나대지,제주,제주시,제주 제주시 애월읍 고성리 135-4,"453,917,000","155,693,000",낙찰,"195,090,000",43.0%,2025-12-02,2025_4Q,1
제주 5계 2025-943,전,전,전,제주,제주시,제주 제주시 구좌읍 한동리 1294-4,"796,728,000","796,728,000",낙찰,"912,000,000",114.5%,2025-11-04,2025_4Q,1
제주 2계 2025-949(8),다세대,다세대주택,다세대,제주,서귀포시,제주 서귀포시 대정읍 하모리 1570-15 허브빌리지 7층 701호,"254,000,000","177,800,000",낙찰,"220,630,000",86.9%,2025-12-23,2025_4Q,0
제주 5계 2025-952,오피스텔(주거),오피스텔,오피스텔(업무용),제주,제주시,제주 제주시 연동 1370-3 에코파인 7층 801호,"305,000,000","213,500,000",낙찰,"230,330,000",75.5%,2025-12-09,2025_4Q,1
제주 7계 2025-963,단독주택,단독,단독주택,제주,제주시,제주 제주시 도남동 904-2,"487,608,920","341,326,000",낙찰,"350,100,000",71.8%,2025-11-25,2025_4Q,1
제주 4계 2025-980,연립,연립주택,연립·빌라,제주,서귀포시,"제주 서귀포시 안덕면 사계리 1516 산방산코아루아이비타운 109동 1,2층 105호","606,000,000","207,858,000",낙찰,"288,800,000",47.7%,2025-10-28,2025_4Q,1
제주 1계 2025-985,차량,기타토지,기타토지,제주,제주시,제주 제주시 애월읍 광령리 509-2 제3자(주)세경내 보관,"17,500,000","12,250,000",낙찰,"12,300,000",70.3%,2025-07-22,2025_3Q,2
제주 2계 2025-1002,차량,기타토지,기타토지,제주,제주시,제주 제주시 애월읍 광령리 509-2 제3자(주)세경내 보관,"54,000,000","26,460,000",낙찰,"38,888,000",72.0%,2025-10-14,2025_4Q,1
제주 2계 2025-1011,아파트,아파트,아파트,제주,제주시,"제주 제주시 도남동 800 ,46-5 도남1차이-편한세상 107동 1층 102호","544,000,000","380,800,000",낙찰,"506,000,000",93.0%,2025-12-23,2025_4Q,0
제주 4계 2025-1022,과수원,과수원,과수원,제주,서귀포시,제주 서귀포시 남원읍 수망리 732-1,"185,864,000","63,752,000",낙찰,"75,245,200",40.5%,2025-12-02,2025_4Q,1
제주 2계 2025-1038,임야,임야,임야,제주,서귀포시,제주 서귀포시 성산읍 삼달리 1764,"241,164,000","241,164,000",낙찰,"430,000,000",178.3%,2025-11-18,2025_4Q,1
제주 4계 2025-1050,다세대,다세대주택,다세대,제주,제주시,제주 제주시 이호일동 1927-6 백록휴레스트이호2차 B동 3층 302호,"241,000,000","168,700,000",낙찰,"208,505,222",86.5%,2025-09-16,2025_3Q,2
제주 4계 2025-1133,다세대,다세대주택,다세대,제주,제주시,제주 제주시 도남동 49-8 건영빌라A 2층 201호,"119,000,000","83,300,000",낙찰,"88,550,000",74.4%,2025-10-28,2025_4Q,1
제주 3계 2025-1149,차량,기타토지,기타토지,제주,제주시,제주 제주시 애월읍 광령리 509-2 제3자(주)세경내 보관,"15,000,000","7,350,000",낙찰,"9,770,000",65.1%,2025-10-21,2025_4Q,1
제주 4계 2025-1150,전,전,전,제주,서귀포시,제주 서귀포시 안덕면 창천리 268-3,"206,486,000","101,178,000",낙찰,"106,215,000",51.4%,2025-12-02,2025_4Q,1
제주 4계 2025-1158,아파트,아파트,아파트,제주,제주시,제주 제주시 화북일동 1933-3 화북 5층 506호,"138,000,000","96,600,000",낙찰,"110,999,000",80.4%,2025-12-02,2025_4Q,1
제주 6계 2025-1176,차량,기타토지,기타토지,제주,제주시,제주 제주시 용담삼동 1274-1 제3자 현대물품보관소에게 보관,"14,500,000","10,150,000",낙찰,"13,100,000",90.3%,2025-12-02,2025_4Q,1
제주 4계 2025-1353,연립,연립주택,연립·빌라,제주,서귀포시,제주 서귀포시 하효동 1461 하효동2차이도빌리지 2동 4층 402호,"143,000,000","100,100,000",낙찰,"110,000,000",76.9%,2025-12-02,2025_4Q,1
제주 2계 2025-1392,임야,임야,임야,제주,제주시,제주 제주시 해안동 311,"202,373,000","141,661,000",낙찰,"145,690,000",72.0%,2025-11-18,2025_4Q,1
제주 5계 2025-1557,차량,기타토지,기타토지,제주,제주시,제주 제주시 용담삼동 1274-1 제3자 현대물품보관소(주)내 보관,"15,500,000","10,850,000",낙찰,"12,484,200",80.5%,2025-12-09,2025_4Q,1
제주 5계 2025-6075,차량,기타토지,기타토지,제주,제주시,제주 제주시 애월읍 광령리 509-2 내 보관(제3자 (주)세경에게 보관),"18,000,000","8,820,000",낙찰,"12,670,000",70.4%,2025-08-19,2025_3Q,2
제주 5계 2025-6150(2),임야,임야,임야,제주,제주시,제주 제주시 아라일동 373-3,"388,032,000","271,622,000",낙찰,"301,230,000",77.6%,2025-11-04,2025_4Q,1
제주 8계 2025-6198,아파트,아파트,아파트,제주,제주시,제주 제주시 도남동 84-5 청암개나리 3층 301호,"65,000,000","45,500,000",낙찰,"46,555,000",71.6%,2025-12-09,2025_4Q,1
제주 9계 2025-6204,연립,연립주택,연립·빌라,제주,제주시,제주 제주시 우도면 연평리 781-6 2층 203호,"70,000,000","49,000,000",낙찰,"63,720,000",91.0%,2025-12-23,2025_4Q,0
제주 3계 2025-6235,대지,나대지,나대지,제주,제주시,제주 제주시 구좌읍 하도리 2207,"9,941,660","9,941,660",낙찰,"10,050,000",101.1%,2025-11-25,2025_4Q,1
제주 4계 2025-6242,아파트,아파트,아파트,제주,서귀포시,제주 서귀포시 서홍동 2595 프리미엄성보파크 다동 7층 801호,"301,000,000","210,700,000",낙찰,"258,900,000",86.0%,2025-07-08,2025_3Q,2
제주 7계 2025-6266,중기,기타토지,기타토지,제주,제주시,제주 제주시 용담삼동 1274-1 현대물품보관소내 보관,"17,000,000","5,831,000",낙찰,"8,520,000",50.1%,2025-09-09,2025_3Q,2
제주 8계 2025-6273,아파트,아파트,아파트,제주,제주시,제주 제주시 아라일동 6121 아라아이파크 104동 5층 503호,"898,000,000","628,600,000",낙찰,"753,250,000",83.9%,2025-12-09,2025_4Q,1
제주 2계 2025-6488,차량,기타토지,기타토지,제주,제주시,제주 제주시 애월읍 광령리 509-2 (주)세경내 보관,"28,000,000","19,600,000",낙찰,"22,990,000",82.1%,2025-12-23,2025_4Q,0
제주 4계 2025-6600(5),대지,나대지,나대지,제주,제주시,제주 제주시 구좌읍 송당리 2834-2,"221,980,500","108,770,000",낙찰,"110,000,000",49.6%,2025-12-02,2025_4Q,1
제주 2계 2025-6792,전,전,전,제주,제주시,제주 제주시 한림읍 수원리 284-1,"302,036,000","147,998,000",낙찰,"185,700,000",61.5%,2025-12-23,2025_4Q,0
제주 5계 2025-6815,단독주택,단독,단독주택,제주,제주시,제주 제주시 이도일동 1260-24,"515,780,000","252,732,000",낙찰,"293,999,900",57.0%,2025-12-09,2025_4Q,1
제주 7계 2025-7030,다세대,다세대주택,다세대,제주,제주시,제주 제주시 용담이동 2767-1 아너스빌 105동 2층 201호,"208,000,000","145,600,000",낙찰,"176,156,000",84.7%,2025-11-25,2025_4Q,1
제주 9계 2025-7146,차량,기타토지,기타토지,제주,제주시,제주 제주시 애월읍 광령리 509-2 제3자(주)세경내 보관,"15,000,000","7,350,000",낙찰,"7,710,000",51.4%,2025-10-14,2025_4Q,1
제주 4계 2025-7269,아파트,아파트,아파트,제주,서귀포시,제주 서귀포시 남원읍 남원리 1302-3 선우빌리지1차 6층 601호,"299,000,000","146,510,000",낙찰,"193,190,920",64.6%,2025-08-12,2025_3Q,2
제주 1계 2025-7320,차량,기타토지,기타토지,제주,제주시,제주 제주시 애월읍 광령리 509-2 제3자 (주)세경에 보관,"9,000,000","6,300,000",낙찰,"7,650,000",85.0%,2025-09-30,2025_3Q,1
제주 5계 2025-7450,임야,임야,임야,제주,제주시,제주 제주시 한림읍 월령리 520-19,"9,856,000","9,856,000",낙찰,"10,075,000",102.2%,2025-12-09,2025_4Q,1
제주 8계 2025-7453(1),중기,기타토지,기타토지,제주,제주시,제주 제주시 용담삼동 1274-1 현대물품보관소(주)내 보관,"70,000,000","34,300,000",낙찰,"35,020,000",50.0%,2025-08-19,2025_3Q,2
제주 8계 2025-7453(2),중기,기타토지,기타토지,제주,제주시,제주 제주시 용담삼동 1274-1 현대물품보관소(주)내 보관,"140,000,000","33,614,000",낙찰,"41,199,000",29.4%,2025-11-04,2025_4Q,1
제주 8계 2025-7453(3),중기,기타토지,기타토지,제주,제주시,제주 제주시 용담삼동 1274-1 현대물품보관소(주)내 보관,"150,000,000","36,015,000",낙찰,"41,111,000",27.4%,2025-11-04,2025_4Q,1
제주 3계 2025-7512,차량,기타토지,기타토지,제주,제주시,제주 제주시 용담삼동 1274-1 내 보관(현대물품보관소(주)에게보관),"15,500,000","10,850,000",낙찰,"11,232,000",72.5%,2025-08-05,2025_3Q,2
제주 5계 2025-7576(1),차량,기타토지,기타토지,제주,제주시,제주 제주시 용담삼동 1274-1 제3자 현대물품보관소(주)에게 보관,"10,000,000","7,000,000",낙찰,"9,736,000",97.4%,2025-07-15,2025_3Q,2
제주 5계 2025-7576(2),차량,기타토지,기타토지,제주,제주시,제주 제주시 용담삼동 1274-1 제3자 현대물품보관소(주)에게 보관,"6,000,000","4,200,000",낙찰,"5,150,000",85.8%,2025-07-15,2025_3Q,2
제주 5계 2025-7576(3),차량,기타토지,기타토지,제주,제주시,제주 제주시 용담삼동 1274-1 제3자 현대물품보관소(주)에게 보관,"4,000,000","2,800,000",낙찰,"3,700,000",92.5%,2025-07-15,2025_3Q,2
제주 5계 2025-7576(4),차량,기타토지,기타토지,제주,제주시,제주 제주시 용담삼동 1274-1 제3자 현대물품보관소(주)에게 보관,"8,000,000","5,600,000",낙찰,"6,160,000",77.0%,2025-07-15,2025_3Q,2
제주 5계 2025-7576(5),차량,기타토지,기타토지,제주,제주시,제주 제주시 용담삼동 1274-1 제3자 현대물품보관소(주)에게 보관,"2,000,000","1,400,000",낙찰,"1,459,000",73.0%,2025-07-15,2025_3Q,2
제주 8계 2025-7589,차량,기타토지,기타토지,제주,제주시,제주 제주시 애월읍 광령리 509-2 (주)세경내 보관,"14,000,000","4,802,000",낙찰,"5,600,000",40.0%,2025-08-19,2025_3Q,2
제주 4계 2025-7604,전,전,전,제주,서귀포시,제주 서귀포시 성산읍 난산리 1381-1,"522,732,000","179,297,000",낙찰,"215,000,000",41.1%,2025-12-02,2025_4Q,1
제주 5계 2025-7605(1),연립,연립주택,연립·빌라,제주,서귀포시,제주 서귀포시 대정읍 보성리 2548 에듀골드힐더클래식 102동 4층 402호,"183,000,000","128,100,000",낙찰,"139,000,000",76.0%,2025-12-09,2025_4Q,1
제주 4계 2025-7611,다세대,다세대주택,다세대,제주,제주시,제주 제주시 외도일동 494-6 장원빌라 4층 401호,"186,000,000","91,140,000",낙찰,"114,330,000",61.5%,2025-09-16,2025_3Q,2
제주 4계 2025-7638,과수원,과수원,과수원,제주,제주시,제주 제주시 한림읍 월림리 911,"1,104,825,100","265,269,000",낙찰,"290,000,000",26.2%,2025-12-02,2025_4Q,1
제주 4계 2025-7647,전,전,전,제주,제주시,제주 제주시 한림읍 명월리 883,"272,580,000","93,495,000",낙찰,"93,610,000",34.3%,2025-12-02,2025_4Q,1
제주 6계 2025-7649,차량,기타토지,기타토지,제주,제주시,제주 제주시 애월읍 광령리 509-2 (주)세경내 보관,"3,000,000","1,470,000",낙찰,"2,111,000",70.4%,2025-10-28,2025_4Q,1
제주 2계 2025-7654,근린상가,근린상가,근린상가,제주,제주시,제주 제주시 일도이동 370-5,"1,883,325,500","1,318,328,000",낙찰,"1,319,000,000",70.0%,2025-12-23,2025_4Q,0
제주 4계 2025-7656(1),단독주택,단독,단독주택,제주,제주시,제주 제주시 조천읍 조천리 2643,"196,240,470","67,311,000",낙찰,"103,330,000",52.7%,2025-12-02,2025_4Q,1
제주 4계 2025-7656(2),전,전,전,제주,제주시,제주 제주시 조천읍 조천리 931-4,"168,726,000","57,873,000",낙찰,"82,000,000",48.6%,2025-12-02,2025_4Q,1
제주 4계 2025-7656(3),전,전,전,제주,제주시,제주 제주시 조천읍 조천리 931-5,"185,808,000","63,732,000",낙찰,"91,000,000",49.0%,2025-12-02,2025_4Q,1
제주 7계 2025-7660,아파트,아파트,아파트,제주,제주시,제주 제주시 외도일동 560-1 부영 102동 6층 601호,"183,000,000","128,100,000",낙찰,"159,010,000",86.9%,2025-11-25,2025_4Q,1
제주 8계 2025-7669(1),차량,기타토지,기타토지,제주,제주시,제주 제주시 애월읍 광령리 509-2 (주)세경내 보관,"9,500,000","6,650,000",낙찰,"7,860,000",82.7%,2025-07-15,2025_3Q,2
제주 8계 2025-7669(2),차량,기타토지,기타토지,제주,제주시,제주 제주시 애월읍 광령리 509-2 (주)세경내 보관,"20,000,000","14,000,000",낙찰,"15,346,000",76.7%,2025-07-15,2025_3Q,2
제주 4계 2025-7674,대지,나대지,나대지,제주,제주시,제주 제주시 애월읍 유수암리 3263-5,"251,464,000","86,253,000",낙찰,"111,120,000",44.2%,2025-10-28,2025_4Q,1
제주 6계 2025-7695,차량,기타토지,기타토지,제주,제주시,제주 제주시 용담삼동 1274-1 (주)현대물품보관소지상내 보관,"21,000,000","14,700,000",낙찰,"19,100,000",91.0%,2025-08-12,2025_3Q,2
제주 1계 2025-7699,연립,연립주택,연립·빌라,제주,제주시,제주 제주시 오라이동 1517-1 송우수자인빌 102동 2층 201호,"488,000,000","341,600,000",낙찰,"370,000,000",75.8%,2025-12-16,2025_4Q,1
제주 7계 2025-7716,주상복합(주거),기타토지,기타토지,제주,제주시,제주 제주시 용담일동 181-3 용담수목 7층 702호,"210,000,000","147,000,000",낙찰,"172,200,000",82.0%,2025-11-25,2025_4Q,1
제주 2계 2025-7718,아파트,아파트,아파트,제주,제주시,제주 제주시 연동 1964-2 대림 101동 8층 905호,"304,000,000","212,800,000",낙찰,"270,280,000",88.9%,2025-12-23,2025_4Q,0
제주 4계 2025-7720,단독주택,단독,단독주택,제주,제주시,제주 제주시 구좌읍 한동리 3555-11,"291,744,000","142,955,000",낙찰,"170,189,000",58.3%,2025-10-28,2025_4Q,1
제주 7계 2025-7768,차량,기타토지,기타토지,제주,제주시,제주 제주시 용담삼동 1274-1 제3자현대물품보관소내 보관,"26,000,000","18,200,000",낙찰,"23,470,000",90.3%,2025-08-05,2025_3Q,2
제주 4계 2025-7782,오피스텔,오피스텔,오피스텔(업무용),제주,제주시,제주 제주시 노형동 722-3 메르헨하우스2 11층 1109호,"58,000,000","40,600,000",낙찰,"42,100,000",72.6%,2025-09-16,2025_3Q,2
제주 4계 2025-7790,연립,연립주택,연립·빌라,제주,제주시,제주 제주시 이호이동 1-2 연리재 4층 402호,"229,000,000","160,300,000",낙찰,"186,111,000",81.3%,2025-09-16,2025_3Q,2
제주 8계 2025-7795,중기,기타토지,기타토지,제주,제주시,제주 제주시 용담삼동 1274-1 현대물품보관소(주)내 보관,"290,000,000","69,629,000",낙찰,"91,199,900",31.4%,2025-11-04,2025_4Q,1
제주 5계 2025-7810,차량,기타토지,기타토지,제주,제주시,제주 제주시 용담삼동 1274-1 제3자 현대물품보관소(주) 보관,"10,000,000","7,000,000",낙찰,"9,500,000",95.0%,2025-09-23,2025_3Q,1
제주 8계 2025-7813,차량,기타토지,기타토지,제주,제주시,제주 제주시 용담삼동 1274-1 현대물품보관소(주)내 보관,"22,000,000","15,400,000",낙찰,"17,550,000",79.8%,2025-08-19,2025_3Q,2
제주 2계 2025-7880,연립,연립주택,연립·빌라,제주,제주시,"제주 제주시 오라이동 1469-2 ,1470,1471 오라퍼스트빌2차 1층 101호","331,000,000","231,700,000",낙찰,"239,000,000",72.2%,2025-12-23,2025_4Q,0
제주 4계 2025-7892,근린상가,근린상가,근린상가,제주,제주시,제주 제주시 이호이동 934,"598,454,080","418,918,000",낙찰,"420,110,000",70.2%,2025-12-02,2025_4Q,1
제주 4계 2025-7909,선박,기타토지,기타토지,제주,서귀포시,제주 서귀포시 남원읍 위미리 1757-12 내포구(위미항)(주)와이제이마린에서감수보존중,"2,228,259,000","1,091,847,000",낙찰,"1,505,600,000",67.6%,2025-12-02,2025_4Q,1
제주 6계 2025-7927,차량,기타토지,기타토지,제주,제주시,제주 제주시 용담삼동 1274-1 현대물품보관소내 보관,"30,000,000","30,000,000",낙찰,"30,257,100",100.9%,2025-08-12,2025_3Q,2
제주 4계 2025-7994,전,전,전,제주,제주시,제주 제주시 도남동 1215-7,"105,068,500","103,283,500",낙찰,"103,283,500",98.3%,2025-10-28,2025_4Q,1
제주 5계 2025-8016,차량,기타토지,기타토지,제주,제주시,제주 제주시 애월읍 광령리 509-2 제3자(주)세경내 보관,"18,000,000","8,820,000",낙찰,"11,851,000",65.8%,2025-12-09,2025_4Q,1
제주 4계 2025-8042(1),전,전,전,제주,서귀포시,제주 서귀포시 서홍동 2442-22,"291,060,000","203,742,000",낙찰,"215,070,000",73.9%,2025-12-02,2025_4Q,1
제주 4계 2025-8042(2),전,전,전,제주,서귀포시,제주 서귀포시 서홍동 2442-23,"73,128,000","51,190,000",낙찰,"55,500,000",75.9%,2025-12-02,2025_4Q,1
제주 4계 2025-8088,차량,기타토지,기타토지,제주,제주시,제주 제주시 애월읍 광령리 509-2 제3자(주)세경에게보관,"25,000,000","17,500,000",낙찰,"23,230,000",92.9%,2025-10-28,2025_4Q,1
제주 6계 2025-8121,차량,기타토지,기타토지,제주,제주시,제주 제주시 용담삼동 1274-1 내 보관(제3자현대물품보관소(주)에게보관),"40,000,000","28,000,000",낙찰,"30,774,100",76.9%,2025-10-28,2025_4Q,1
제주 2계 2025-8234,차량,기타토지,기타토지,제주,제주시,제주 제주시 용담삼동 1274-1 현대물품보관소(주)내 보관,"30,000,000","21,000,000",낙찰,"28,990,000",96.6%,2025-12-23,2025_4Q,0
제주 5계 2025-8272,중기,기타토지,기타토지,제주,제주시,제주 제주시 용담삼동 1274-1 제3자 현대물품보관소(주)내 보관,"40,000,000","40,000,000",낙찰,"40,722,000",101.8%,2025-11-04,2025_4Q,1
제주 3계 2025-8350,차량,기타토지,기타토지,제주,제주시,제주 제주시 애월읍 광령리 509-2 내 보관(제3자 (주)세경에게 보관),"17,000,000","11,900,000",낙찰,"16,560,000",97.4%,2025-11-25,2025_4Q,1
제주 9계 2025-8428,차량,기타토지,기타토지,제주,제주시,제주 제주시 용담삼동 1274-1 제3자현대물품보관소(주)에게보관,"13,000,000","9,100,000",낙찰,"9,100,001",70.0%,2025-11-18,2025_4Q,1
제주 5계 2016-2774,임야,임야,임야,제주,제주시,제주 제주시 구좌읍 세화리 산45,"601,640,000","421,148,000",낙찰,"421,150,000",70.0%,2026-01-20,2026_1Q,0
제주 7계 2016-3081(2),임야,임야,임야,제주,제주시,제주 제주시 구좌읍 세화리 3582,"407,056,000","284,939,000",낙찰,"285,000,000",70.0%,2026-02-10,2026_1Q,0
제주 7계 2016-3081(4),임야,임야,임야,제주,제주시,제주 제주시 구좌읍 세화리 3586,"453,468,000","317,428,000",낙찰,"318,000,000",70.1%,2026-02-10,2026_1Q,0
제주 7계 2016-3081(5),잡종지,잡종지,잡종지,제주,제주시,제주 제주시 구좌읍 세화리 3593-1,"89,652,000","62,756,000",낙찰,"63,000,000",70.3%,2026-02-10,2026_1Q,0
제주 5계 2016-3203,임야,임야,임야,제주,제주시,제주 제주시 구좌읍 세화리 산40,"2,298,789,628","1,126,407,000",낙찰,"1,126,410,000",49.0%,2026-03-03,2026_1Q,0
제주 3계 2019-22106,단독주택,단독,단독주택,제주,제주시,제주 제주시 애월읍 하귀2리 2891-1 1동,"1,795,658,100","431,138,000",낙찰,"532,000,000",29.6%,2026-01-06,2026_1Q,0
제주 3계 2022-1529(2),전,전,전,제주,제주시,제주 제주시 삼양삼동 2461-12,"34,176,900","16,747,000",낙찰,"17,670,000",51.7%,2026-02-10,2026_1Q,0
제주 1계 2022-24959(1),아파트상가,아파트상가,근린상가,제주,제주시,"제주 제주시 일도이동 113-7 ,113-8 대유,대림 상가동 2층 207호","75,000,000","25,725,000",낙찰,"33,500,000",44.7%,2026-03-10,2026_1Q,0
제주 1계 2022-24959(2),아파트상가,아파트상가,근린상가,제주,제주시,"제주 제주시 일도이동 113-7 ,113-8 대유,대림 상가동 2층 208호","77,000,000","26,411,000",낙찰,"34,110,000",44.3%,2026-03-10,2026_1Q,0
제주 1계 2022-24959(3),아파트상가,아파트상가,근린상가,제주,제주시,"제주 제주시 일도이동 113-7 ,113-8 대유,대림 상가동 3층 301호","91,000,000","44,590,000",낙찰,"48,000,000",52.7%,2026-01-27,2026_1Q,0
제주 4계 2022-29008,전,전,전,제주,제주시,제주 제주시 한림읍 동명리 1108-2,"519,326,000","124,690,000",낙찰,"142,000,000",27.3%,2026-01-13,2026_1Q,0
제주 2계 2023-8565,전,전,전,제주,제주시,제주 제주시 구좌읍 평대리 558-1,"1,306,673,000","448,189,000",낙찰,"700,000,000",53.6%,2026-02-03,2026_1Q,0
제주 8계 2023-10674,임야,임야,임야,제주,제주시,제주 제주시 애월읍 어음리 687,"1,471,594,000","247,331,000",낙찰,"313,300,000",21.3%,2026-01-20,2026_1Q,0
제주 2계 2023-12564,임야,임야,임야,제주,제주시,제주 제주시 구좌읍 세화리 678-38,"54,875,000","18,822,000",낙찰,"26,888,000",49.0%,2026-03-17,2026_1Q,0
제주 8계 2023-24871(1),오피스텔(주거),오피스텔,오피스텔(업무용),제주,제주시,"제주 제주시 일도이동 602-1 ,602-2,602-3,602-4,602-5,602-9,602-11,602-13 제주신항코아루디펠리체 1층 128호","125,000,000","1,211,000",낙찰,"11,100,000",8.9%,2026-03-03,2026_1Q,0
제주 4계 2023-31831(1),단독주택,단독,단독주택,제주,제주시,제주 제주시 삼양이동 2180-11,"174,250,000","41,838,000",낙찰,"63,300,000",36.3%,2026-02-24,2026_1Q,0
제주 3계 2024-2007,숙박시설,숙박시설,숙박시설,제주,서귀포시,제주 서귀포시 서호동 1522-2 EASTERN HOTEL 2층 221호,"148,000,000","17,413,000",낙찰,"18,520,000",12.5%,2026-01-06,2026_1Q,0
제주 2계 2024-2410,전,전,전,제주,제주시,제주 제주시 우도면 연평리 263-1,"891,768,000","104,916,000",낙찰,"157,230,000",17.6%,2026-02-03,2026_1Q,0
제주 2계 2024-4317,임야,임야,임야,제주,제주시,제주 제주시 조천읍 교래리 산99,"3,009,440,000","722,567,000",낙찰,"1,050,000,000",34.9%,2026-03-17,2026_1Q,0
제주 9계 2024-5556,근린상가,근린상가,근린상가,제주,서귀포시,제주 서귀포시 안덕면 사계리 126-2 지음빌딩 1층 103호,"321,000,000","77,072,000",낙찰,"113,160,000",35.3%,2026-02-03,2026_1Q,0
제주 9계 2024-5778,임야,임야,임야,제주,제주시,제주 제주시 구좌읍 상도리 산62,"483,960,000","116,199,000",낙찰,"152,000,000",31.4%,2026-02-03,2026_1Q,0
제주 3계 2024-6344,전,전,전,제주,서귀포시,제주 서귀포시 중문동 1455,"500,590,000","84,134,000",낙찰,"105,000,000",21.0%,2026-01-06,2026_1Q,0
제주 2계 2024-6573(5),오피스텔(주거),오피스텔,오피스텔(업무용),제주,서귀포시,"제주 서귀포시 서귀동 307-10 ,307-13,307-16 수앤수 8층 804호","142,000,000","48,706,000",낙찰,"69,580,000",49.0%,2026-02-03,2026_1Q,0
제주 2계 2024-6573(6),오피스텔(주거),오피스텔,오피스텔(업무용),제주,서귀포시,"제주 서귀포시 서귀동 307-10 ,307-13,307-16 수앤수 8층 805호","232,000,000","79,576,000",낙찰,"113,680,000",49.0%,2026-02-03,2026_1Q,0
제주 2계 2024-6740,목장용지,기타토지,목장용지,제주,제주시,제주 제주시 조천읍 교래리 608-14,"1,952,100,000","229,662,000",낙찰,"345,333,330",17.7%,2026-03-17,2026_1Q,0
제주 3계 2024-6900(1),전,전,전,제주,서귀포시,제주 서귀포시 대정읍 안성리 555,"809,836,000","396,820,000",낙찰,"420,000,000",51.9%,2026-02-10,2026_1Q,0
제주 3계 2024-6900(2),전,전,전,제주,서귀포시,제주 서귀포시 대정읍 안성리 564,"162,167,000","79,462,000",낙찰,"85,000,000",52.4%,2026-02-10,2026_1Q,0
제주 7계 2024-7576,전,전,전,제주,서귀포시,제주 서귀포시 대정읍 무릉리 3819-1,"312,480,000","75,027,000",낙찰,"93,000,000",29.8%,2026-01-06,2026_1Q,0
제주 3계 2024-7972,전,전,전,제주,제주시,제주 제주시 한경면 청수리 413-1,"1,479,030,000","507,308,000",낙찰,"544,900,000",36.8%,2026-01-06,2026_1Q,0
제주 3계 2024-8333(1),다세대,다세대주택,다세대,제주,제주시,"제주 제주시 애월읍 유수암리 2920-1 101호동 1,2층 101호","802,000,000","275,086,000",낙찰,"334,700,000",41.7%,2026-01-06,2026_1Q,0
제주 3계 2024-8333(3),다세대,다세대주택,다세대,제주,제주시,"제주 제주시 애월읍 유수암리 2920-1 301호동 1,2층 301호","802,000,000","192,560,000",낙찰,"312,160,000",38.9%,2026-02-10,2026_1Q,0
제주 3계 2024-8333(4),다세대,다세대주택,다세대,제주,제주시,"제주 제주시 애월읍 유수암리 2920-1 401호동 1,2층 401호","816,000,000","279,888,000",낙찰,"365,882,000",44.8%,2026-01-06,2026_1Q,0
제주 4계 2024-8432,단독주택,단독,단독주택,제주,제주시,"제주 제주시 애월읍 유수암리 969 ,965-2,965-3,966,967-4","5,046,139,760","1,211,578,000",낙찰,"1,421,082,000",28.2%,2026-02-24,2026_1Q,0
제주 2계 2024-8500,과수원,과수원,과수원,제주,서귀포시,제주 서귀포시 강정동 1340,"2,360,654,000","1,156,721,000",낙찰,"1,693,000,000",71.7%,2026-03-17,2026_1Q,0
제주 3계 2024-8517,임야,임야,임야,제주,서귀포시,제주 서귀포시 대정읍 무릉리 717-2,"358,704,000","86,125,000",낙찰,"87,882,490",24.5%,2026-01-06,2026_1Q,0
제주 8계 2024-8654(1),사무실,사무실,사무실,제주,제주시,제주 제주시 이도일동 1251-8 이도휴안더센트럴 16층 1701호,"1,720,000,000","412,972,000",낙찰,"523,000,000",30.4%,2026-01-20,2026_1Q,0
제주 3계 2024-8692,전,전,전,제주,제주시,제주 제주시 애월읍 신엄리 2625,"1,849,238,130","634,289,000",낙찰,"800,000,000",43.3%,2026-02-10,2026_1Q,0
제주 1계 2024-9305,대지,나대지,나대지,제주,서귀포시,제주 서귀포시 성산읍 신천리 222,"141,680,000","48,596,000",낙찰,"55,100,000",38.9%,2026-01-27,2026_1Q,0
제주 1계 2024-9930(1),전,전,전,제주,서귀포시,제주 서귀포시 성산읍 온평리 1733-1,"287,031,000","68,916,000",낙찰,"73,580,000",25.6%,2026-01-27,2026_1Q,0
제주 1계 2024-9930(2),창고,기타건물,창고,제주,서귀포시,"제주 서귀포시 성산읍 오조리 1613 ,1616,1616-1,1616-2 1호","4,723,933,260","1,134,216,000",낙찰,"1,265,100,000",26.8%,2026-01-27,2026_1Q,0
제주 5계 2024-9978,전,전,전,제주,서귀포시,제주 서귀포시 안덕면 동광리 464,"872,907,000","299,408,000",낙찰,"380,000,000",43.5%,2026-01-20,2026_1Q,0
제주 6계 2024-9992,전,전,전,제주,제주시,제주 제주시 오등동 1678,"3,927,600,000","1,924,524,000",낙찰,"2,237,999,999",57.0%,2026-02-24,2026_1Q,0
제주 8계 2024-10091(2),도로,기타토지,기타토지,제주,서귀포시,제주 서귀포시 대정읍 보성리 1819-2,"28,512,000","3,354,000",낙찰,"3,500,000",12.3%,2026-03-03,2026_1Q,0
제주 1계 2024-10299,임야,임야,임야,제주,제주시,제주 제주시 애월읍 유수암리 산25-3,"153,004,000","36,736,000",낙찰,"38,970,000",25.5%,2026-01-27,2026_1Q,0
제주 2계 2024-10398,과수원,과수원,과수원,제주,서귀포시,제주 서귀포시 중문동 1655-8,"2,129,160,000","511,211,000",낙찰,"512,211,000",24.1%,2026-02-03,2026_1Q,0
제주 3계 2024-10404(1),근린상가,근린상가,근린상가,제주,제주시,제주 제주시 한경면 저지리 2973-1 1층 101호,"622,000,000","213,346,000",낙찰,"258,999,000",41.6%,2026-01-06,2026_1Q,0
제주 3계 2024-10404(2),근린상가,근린상가,근린상가,제주,제주시,"제주 제주시 한경면 저지리 2973-1 1,2층102호","548,000,000","187,964,000",낙찰,"248,999,000",45.4%,2026-01-06,2026_1Q,0
제주 3계 2024-10404(3),근린상가,근린상가,근린상가,제주,제주시,제주 제주시 한경면 저지리 2973-1 2층 201호,"371,000,000","127,253,000",낙찰,"163,220,000",44.0%,2026-01-06,2026_1Q,0
제주 6계 2024-10664,전,전,전,제주,제주시,제주 제주시 애월읍 장전리 94-1,"2,236,419,000","375,875,000",낙찰,"511,111,000",22.9%,2026-01-13,2026_1Q,0
제주 3계 2024-10701,연립,연립주택,연립·빌라,제주,제주시,제주 제주시 조천읍 신흥리 87-2 제네시스빌 A동 3층 301호,"205,000,000","49,221,000",낙찰,"50,000,000",24.4%,2026-02-10,2026_1Q,0
제주 5계 2024-10985,전,전,전,제주,제주시,제주 제주시 한림읍 상명리 1558-2,"97,395,000","23,385,000",낙찰,"29,230,000",30.0%,2026-01-20,2026_1Q,0
제주 9계 2024-11100(1),전,전,전,제주,제주시,제주 제주시 구좌읍 종달리 2365,"99,127,000","16,660,000",낙찰,"24,330,000",24.5%,2026-03-17,2026_1Q,0
제주 2계 2024-11124,숙박시설,숙박시설,숙박시설,제주,서귀포시,제주 서귀포시 서호동 1524-7 제주서귀포라마다앙코르호텔 10층 1022호,"106,000,000","25,451,000",낙찰,"35,330,000",33.3%,2026-02-03,2026_1Q,0
제주 6계 2024-11162,점포,근린상가,점포상가,제주,서귀포시,제주 서귀포시 하원동 730,"914,411,000","313,643,000",낙찰,"400,000,000",43.7%,2026-02-24,2026_1Q,0
제주 7계 2024-11179,숙박시설,숙박시설,숙박시설,제주,서귀포시,"제주 서귀포시 강정동 162-1 ,162-2,162-3 호텔윈스카이 6층 호606이호","57,000,000","19,551,000",낙찰,"23,033,000",40.4%,2026-01-06,2026_1Q,0
제주 3계 2024-11223,전,전,전,제주,제주시,제주 제주시 구좌읍 세화리 3334,"1,582,214,000","542,700,000",낙찰,"542,701,000",34.3%,2026-01-06,2026_1Q,0
제주 1계 2024-11285(1),전,전,전,제주,제주시,제주 제주시 구좌읍 하도리 2484,"355,850,000","85,440,000",낙찰,"86,870,000",24.4%,2026-03-10,2026_1Q,0
제주 2계 2024-11575,단독주택,단독,단독주택,제주,제주시,제주 제주시 건입동 942-10,"302,153,100","211,507,000",낙찰,"234,000,000",77.4%,2026-02-03,2026_1Q,0
제주 3계 2024-11667,대지,나대지,나대지,제주,제주시,제주 제주시 노형동 2691-5,"138,299,700","47,437,000",낙찰,"51,660,000",37.4%,2026-02-10,2026_1Q,0
제주 3계 2024-11858,과수원,과수원,과수원,제주,서귀포시,제주 서귀포시 성산읍 난산리 1188,"210,672,000","103,229,000",낙찰,"120,010,000",57.0%,2026-01-06,2026_1Q,0
제주 2계 2024-12103(2),전,전,전,제주,제주시,제주 제주시 한림읍 금악리 2240-1,"458,376,000","157,223,000",낙찰,"167,500,000",36.5%,2026-03-17,2026_1Q,0
제주 2계 2024-12196,점포,근린상가,점포상가,제주,제주시,제주 제주시 봉개동 848-34 8호,"4,600,882,340","1,578,103,000",낙찰,"1,630,000,000",35.4%,2026-02-03,2026_1Q,0
제주 3계 2024-12301,다세대,다세대주택,다세대,제주,제주시,"제주 제주시 노형동 1060-2 ,1060-3 엔알파라디빌7차 2층 202호","360,000,000","176,400,000",낙찰,"270,000,000",75.0%,2026-01-06,2026_1Q,0
제주 3계 2024-12387,전,전,전,제주,제주시,제주 제주시 우도면 연평리 2588,"441,600,000","151,469,000",낙찰,"183,900,009",41.6%,2026-01-06,2026_1Q,0
제주 3계 2024-12561(1),전,전,전,제주,서귀포시,제주 서귀포시 표선면 가시리 3357,"50,344,000","24,669,000",낙찰,"35,000,000",69.5%,2026-01-06,2026_1Q,0
제주 3계 2024-12561(3),임야,임야,임야,제주,서귀포시,제주 서귀포시 표선면 가시리 3376,"37,077,000","18,168,000",낙찰,"18,300,000",49.4%,2026-01-06,2026_1Q,0
제주 6계 2024-12592,단독주택,단독,단독주택,제주,제주시,제주 제주시 조천읍 신흥리 277 105동,"472,386,600","162,029,000",낙찰,"217,300,000",46.0%,2026-01-13,2026_1Q,0
제주 9계 2024-12615,전,전,전,제주,제주시,제주 제주시 조천읍 북촌리 1190,"466,557,000","160,029,000",낙찰,"173,000,000",37.1%,2026-02-03,2026_1Q,0
제주 8계 2024-12684,대지,나대지,나대지,제주,제주시,제주 제주시 화북일동 4048-1,"537,600,000","184,397,000",낙찰,"262,222,200",48.8%,2026-01-20,2026_1Q,0
제주 7계 2024-12752,임야,임야,임야,제주,서귀포시,제주 서귀포시 하원동 653,"468,875,000","229,749,000",낙찰,"241,000,000",51.4%,2026-01-06,2026_1Q,0
제주 4계 2024-12783,전,전,전,제주,제주시,제주 제주시 한경면 조수리 2888-9,"1,085,875,000","260,719,000",낙찰,"283,633,333",26.1%,2026-01-13,2026_1Q,0
제주 8계 2024-12882,콘도,기타토지,기타토지,제주,제주시,"제주 제주시 해안동 2549 ,2550 블랙파인리조트 2025동 1층 5025호","789,000,000","386,610,000",낙찰,"458,000,000",58.0%,2026-01-20,2026_1Q,0
제주 1계 2024-13083,전,전,전,제주,제주시,제주 제주시 애월읍 금성리 1033-1,"682,441,000","234,077,000",낙찰,"262,000,000",38.4%,2026-01-27,2026_1Q,0
제주 1계 2024-13175,단독주택,단독,단독주택,제주,서귀포시,제주 서귀포시 하예동 1795-1,"4,549,225,000","1,560,385,000",낙찰,"2,400,000,000",52.8%,2026-03-10,2026_1Q,0
제주 4계 2024-13298,전,전,전,제주,제주시,제주 제주시 우도면 연평리 174,"1,594,728,000","268,026,000",낙찰,"301,563,000",18.9%,2026-02-24,2026_1Q,0
제주 8계 2024-13342,단독주택,단독,단독주택,제주,제주시,제주 제주시 애월읍 하귀1리 142-4,"1,357,613,900","665,231,000",낙찰,"917,000,000",67.5%,2026-01-20,2026_1Q,0
제주 9계 2024-13359,전,전,전,제주,서귀포시,제주 서귀포시 대정읍 신도리 968-5,"1,626,345,000","390,485,000",낙찰,"432,098,000",26.6%,2026-03-17,2026_1Q,0
제주 8계 2024-13434(1),전,전,전,제주,제주시,제주 제주시 한림읍 동명리 1493,"466,752,000","112,067,000",낙찰,"165,553,000",35.5%,2026-03-03,2026_1Q,0
제주 6계 2024-13496,전,전,전,제주,제주시,제주 제주시 한경면 청수리 1725-9,"222,470,000","109,010,000",낙찰,"110,820,000",49.8%,2026-02-24,2026_1Q,0
제주 1계 2024-13533,대지,나대지,나대지,제주,제주시,제주 제주시 구좌읍 종달리 791-2,"159,100,630","38,200,000",낙찰,"45,900,000",28.8%,2026-03-10,2026_1Q,0
제주 3계 2024-13557(1),오피스텔(주거),오피스텔,오피스텔(업무용),제주,제주시,제주 제주시 연동 290-42 천마에코피아 8층 807호,"245,000,000","84,035,000",낙찰,"105,516,000",43.1%,2026-02-10,2026_1Q,0
제주 3계 2024-13557(2),숙박시설,숙박시설,숙박시설,제주,제주시,제주 제주시 연동 290-81 더스테이제주 290 1층 101호,"222,000,000","76,146,000",낙찰,"78,888,800",35.5%,2026-02-10,2026_1Q,0
제주 3계 2024-13557(3),숙박시설,숙박시설,숙박시설,제주,제주시,제주 제주시 연동 290-81 더스테이제주 290 2층 201호,"126,000,000","43,218,000",낙찰,"52,770,000",41.9%,2026-02-10,2026_1Q,0
제주 3계 2024-13557(4),숙박시설,숙박시설,숙박시설,제주,제주시,제주 제주시 연동 290-81 더스테이제주 290 4층 505호,"130,000,000","44,590,000",낙찰,"53,090,000",40.8%,2026-02-10,2026_1Q,0
제주 3계 2024-13557(5),숙박시설,숙박시설,숙박시설,제주,제주시,제주 제주시 연동 290-81 더스테이제주 290 4층 506호,"129,000,000","44,247,000",낙찰,"50,299,990",39.0%,2026-02-10,2026_1Q,0
제주 4계 2024-13564(1),임야,임야,임야,제주,서귀포시,제주 서귀포시 안덕면 동광리 834-7,"5,016,000","2,458,000",낙찰,"2,533,000",50.5%,2026-01-13,2026_1Q,0
제주 1계 2024-13625(1),근린상가,근린상가,근린상가,제주,제주시,제주 제주시 노형동 722-2 메르헨하우스3 지1층 비03호,"33,000,000","11,319,000",낙찰,"16,200,000",49.1%,2026-01-27,2026_1Q,0
제주 1계 2024-13625(3),근린상가,근린상가,근린상가,제주,제주시,제주 제주시 노형동 722-2 메르헨하우스3 지1층 비05호,"83,000,000","28,469,000",낙찰,"35,330,000",42.6%,2026-01-27,2026_1Q,0
제주 6계 2024-13670,연립,연립주택,연립·빌라,제주,서귀포시,제주 서귀포시 대정읍 보성리 2509 제주영어교육도시꿈에그린 113동 3층 202호,"1,300,000,000","910,000,000",낙찰,"950,000,000",73.1%,2026-02-24,2026_1Q,0
제주 8계 2024-13694,전,전,전,제주,제주시,제주 제주시 한림읍 귀덕리 3012-1,"1,108,422,000","380,189,000",낙찰,"390,211,000",35.2%,2026-01-20,2026_1Q,0
제주 4계 2024-13748,임야,임야,임야,제주,제주시,제주 제주시 애월읍 광령리 1881,"3,416,578,000","820,321,000",낙찰,"850,005,000",24.9%,2026-02-24,2026_1Q,0
제주 5계 2024-13755,전,전,전,제주,제주시,제주 제주시 애월읍 광령리 1884-7,"3,613,351,000","867,565,000",낙찰,"1,200,005,500",33.2%,2026-03-03,2026_1Q,0
제주 9계 2024-13809,근린상가,근린상가,근린상가,제주,제주시,"제주 제주시 노형동 2574-2 ,2574-3 노형휴캐슬 지하층 101호","856,000,000","293,608,000",낙찰,"311,600,000",36.4%,2026-03-17,2026_1Q,0
제주 1계 2024-13816(1),연립,연립주택,연립·빌라,제주,서귀포시,"제주 서귀포시 강정동 3378 디아이빌리지 지1,1,2,3,4층 202호","807,000,000","276,801,000",낙찰,"347,100,000",43.0%,2026-01-27,2026_1Q,0
제주 1계 2024-13816(2),연립,연립주택,연립·빌라,제주,서귀포시,"제주 서귀포시 강정동 3378 디아이빌리지 지1,1,2,3,4층 204호","807,000,000","276,801,000",낙찰,"337,500,000",41.8%,2026-01-27,2026_1Q,0
제주 1계 2024-13816(3),연립,연립주택,연립·빌라,제주,서귀포시,"제주 서귀포시 강정동 3378 디아이빌리지 지1,1,2,3,4층 205호","807,000,000","276,801,000",낙찰,"381,000,000",47.2%,2026-01-27,2026_1Q,0
제주 9계 2024-13878(1),다세대,다세대주택,다세대,제주,제주시,제주 제주시 회천동 2896-3 엔알누리4차 102동 1층 102호,"241,000,000","82,663,000",낙찰,"108,000,000",44.8%,2026-02-03,2026_1Q,0
제주 2계 2024-13977,전,전,전,제주,서귀포시,제주 서귀포시 대정읍 안성리 238-16,"101,050,000","24,263,000",낙찰,"30,210,000",29.9%,2026-03-17,2026_1Q,0
제주 3계 2024-13991(1),연립,연립주택,연립·빌라,제주,서귀포시,제주 서귀포시 대포동 2612 중문오션힐스 2층 203호,"310,000,000","151,900,000",낙찰,"178,160,000",57.5%,2026-01-06,2026_1Q,0
제주 3계 2024-13991(2),연립,연립주택,연립·빌라,제주,서귀포시,제주 서귀포시 대포동 2612 중문오션힐스 4층 412호,"333,000,000","163,170,000",낙찰,"196,491,000",59.0%,2026-01-06,2026_1Q,0
제주 3계 2024-13991(3),연립,연립주택,연립·빌라,제주,서귀포시,제주 서귀포시 대포동 2612 중문오션힐스 5층 504호,"272,000,000","133,280,000",낙찰,"152,221,000",56.0%,2026-01-06,2026_1Q,0
제주 4계 2024-14000,숙박시설,숙박시설,숙박시설,제주,서귀포시,제주 서귀포시 성산읍 성산리 250 코업시티호텔 4층 432호,"161,000,000","27,059,000",낙찰,"32,470,000",20.2%,2026-01-13,2026_1Q,0
제주 5계 2024-14017,숙박시설,숙박시설,숙박시설,제주,서귀포시,제주 서귀포시 성산읍 고성리 329-1 제주성산골든튤립호텔 9층 1021호,"52,000,000","12,485,000",낙찰,"14,660,000",28.2%,2026-01-20,2026_1Q,0
제주 9계 2024-14130,과수원,과수원,과수원,제주,서귀포시,제주 서귀포시 남원읍 신례리 1377-1,"591,813,000","289,988,000",낙찰,"335,799,990",56.7%,2026-02-03,2026_1Q,0
제주 2계 2024-14154,과수원,과수원,과수원,제주,서귀포시,제주 서귀포시 안덕면 서광리 1503-1,"1,340,620,000","321,883,000",낙찰,"402,000,000",30.0%,2026-03-17,2026_1Q,0
제주 8계 2024-14215(2),전,전,전,제주,제주시,제주 제주시 구좌읍 하도리 2632,"886,281,000","303,995,000",낙찰,"355,000,000",40.1%,2026-01-20,2026_1Q,0
제주 4계 2024-14260,과수원,과수원,과수원,제주,제주시,제주 제주시 화북이동 5322,"2,071,600,000","348,174,000",낙찰,"404,770,000",19.5%,2026-01-13,2026_1Q,0
제주 1계 2024-20982(1),종교시설,기타건물,기타건물,제주,서귀포시,"제주 서귀포시 서귀동 179-1 ,411-4,411-8 다동호","4,780,374,550","2,342,383,000",낙찰,"2,342,383,000",49.0%,2026-03-10,2026_1Q,0
제주 2계 2024-22025(2),임야,임야,임야,제주,서귀포시,제주 서귀포시 안덕면 창천리 1202,"96,166,000","16,163,000",낙찰,"17,000,000",17.7%,2026-02-03,2026_1Q,0
제주 2계 2024-22025(3),전,전,전,제주,서귀포시,제주 서귀포시 하예동 1385,"426,432,000","102,386,000",낙찰,"157,000,000",36.8%,2026-02-03,2026_1Q,0
제주 6계 2024-22476,숙박시설,숙박시설,숙박시설,제주,제주시,제주 제주시 조천읍 대흘리 1197-18,"1,620,939,920","389,188,000",낙찰,"651,000,000",40.2%,2026-02-24,2026_1Q,0
제주 3계 2024-22667(1),과수원,과수원,과수원,제주,서귀포시,제주 서귀포시 안덕면 사계리 783,"459,980,000","110,441,000",낙찰,"128,100,000",27.8%,2026-01-06,2026_1Q,0
제주 3계 2024-22667(2),과수원,과수원,과수원,제주,서귀포시,제주 서귀포시 안덕면 사계리 724-1,"1,233,804,000","207,366,000",낙찰,"228,270,000",18.5%,2026-02-10,2026_1Q,0
제주 8계 2024-22803,숙박시설,숙박시설,숙박시설,제주,서귀포시,제주 서귀포시 서호동 1522-2 EASTERN HOTEL JEJU(이스턴호텔제주) 2층 217호,"154,000,000","18,118,000",낙찰,"20,560,000",13.4%,2026-01-20,2026_1Q,0
제주 9계 2024-22988,전,전,전,제주,서귀포시,제주 서귀포시 서홍동 1273-2,"448,236,500","18,089,000",낙찰,"32,590,000",7.3%,2026-02-03,2026_1Q,0
제주 4계 2024-23875,과수원,과수원,과수원,제주,서귀포시,제주 서귀포시 표선면 표선리 1834-2,"382,320,000","64,257,000",낙찰,"95,000,000",24.8%,2026-02-24,2026_1Q,0
제주 1계 2024-24953,전,전,전,제주,제주시,제주 제주시 한림읍 협재리 1916-4,"452,917,000","155,350,000",낙찰,"157,200,500",34.7%,2026-01-27,2026_1Q,0
제주 3계 2024-26072,전,전,전,제주,서귀포시,제주 서귀포시 남원읍 위미리 744,"25,155,970","6,040,000",낙찰,"7,500,000",29.8%,2026-01-06,2026_1Q,0
제주 1계 2024-26201,전,전,전,제주,서귀포시,제주 서귀포시 대정읍 신도리 2069-6,"21,600,000","5,186,000",낙찰,"6,890,000",31.9%,2026-03-10,2026_1Q,0
제주 7계 2024-26416,숙박시설,숙박시설,숙박시설,제주,서귀포시,제주 서귀포시 강정동 173-3 제주강정라마다호텔 7층 703호,"148,000,000","17,413,000",낙찰,"25,000,000",16.9%,2026-01-06,2026_1Q,0
제주 3계 2024-26805,목장용지,기타토지,목장용지,제주,서귀포시,제주 서귀포시 영남동 340-1,"30,780,000","3,621,000",낙찰,"3,821,000",12.4%,2026-02-10,2026_1Q,0
제주 2계 2024-27358,도로,기타토지,기타토지,제주,제주시,제주 제주시 구좌읍 상도리 469-18,"326,808,000","54,927,000",낙찰,"55,550,000",17.0%,2026-02-03,2026_1Q,0
제주 7계 2024-28955,도로,기타토지,기타토지,제주,서귀포시,제주 서귀포시 하효동 635-3,"23,240,000","2,734,000",낙찰,"3,300,000",14.2%,2026-01-06,2026_1Q,0
제주 1계 2024-28993,다가구,다가구,다가구,제주,서귀포시,제주 서귀포시 색달동 1977-10,"1,472,363,800","505,021,000",낙찰,"650,000,000",44.1%,2026-03-10,2026_1Q,0
제주 1계 2024-29149(5),오피스텔,오피스텔,오피스텔(업무용),제주,서귀포시,제주 서귀포시 표선면 표선리 666 라온제나 6층 603호,"244,000,000","170,800,000",낙찰,"172,950,000",70.9%,2026-03-10,2026_1Q,0
제주 4계 2024-29286(2),단독주택,단독,단독주택,제주,서귀포시,제주 서귀포시 표선면 표선리 981-1,"612,795,000","210,189,000",낙찰,"291,500,000",47.6%,2026-02-24,2026_1Q,0
제주 3계 2024-29453,숙박시설,숙박시설,숙박시설,제주,서귀포시,제주 서귀포시 서귀동 544-2 디 아일랜드 블루 호텔 2층 209호,"265,000,000","63,627,000",낙찰,"66,010,000",24.9%,2026-01-06,2026_1Q,0
제주 6계 2024-29941,전,전,전,제주,서귀포시,제주 서귀포시 성산읍 온평리 2257-3,"679,525,000","233,078,000",낙찰,"351,500,000",51.7%,2026-02-24,2026_1Q,0
제주 6계 2024-30149(1),오피스텔(주거),오피스텔,오피스텔(업무용),제주,서귀포시,제주 서귀포시 서귀동 163-11 남양리조텔 9층 904호,"27,000,000","13,230,000",낙찰,"17,300,000",64.1%,2026-02-24,2026_1Q,0
제주 6계 2024-30149(2),오피스텔(주거),오피스텔,오피스텔(업무용),제주,서귀포시,제주 서귀포시 서귀동 163-11 남양리조텔 5층 505호,"84,000,000","41,160,000",낙찰,"50,200,000",59.8%,2026-02-24,2026_1Q,0
제주 6계 2024-30149(3),오피스텔(주거),오피스텔,오피스텔(업무용),제주,서귀포시,제주 서귀포시 서귀동 163-11 남양리조텔 10층 1004호,"69,000,000","33,810,000",낙찰,"42,200,000",61.2%,2026-02-24,2026_1Q,0
제주 6계 2024-30149(4),오피스텔(주거),오피스텔,오피스텔(업무용),제주,서귀포시,제주 서귀포시 서귀동 163-11 남양리조텔 10층 1006호,"37,000,000","18,130,000",낙찰,"22,000,000",59.5%,2026-02-24,2026_1Q,0
제주 9계 2024-30248,임야,임야,임야,제주,서귀포시,제주 서귀포시 안덕면 덕수리 190-1,"17,152,000","2,018,000",낙찰,"2,500,000",14.6%,2026-02-03,2026_1Q,0
제주 7계 2024-30750,답,답,답,제주,제주시,제주 제주시 애월읍 하귀2리 2534,"105,964,000","17,809,000",낙찰,"28,888,720",27.3%,2026-02-10,2026_1Q,0
제주 9계 2024-30958(3),임야,임야,임야,제주,서귀포시,제주 서귀포시 대정읍 무릉리 1065-2,"217,248,650","52,161,000",낙찰,"80,160,000",36.9%,2026-02-03,2026_1Q,0
제주 5계 2024-31005(2),임야,임야,임야,제주,서귀포시,제주 서귀포시 성산읍 시흥리 1941-1,"451,962,000","108,516,000",낙찰,"121,600,000",26.9%,2026-01-20,2026_1Q,0
제주 5계 2024-31005(3),임야,임야,임야,제주,서귀포시,제주 서귀포시 성산읍 시흥리 1927-3,"447,255,000","107,386,000",낙찰,"118,200,000",26.4%,2026-01-20,2026_1Q,0
제주 2계 2024-31159,전,전,전,제주,서귀포시,제주 서귀포시 법환동 1057,"368,070,000","126,248,000",낙찰,"157,875,500",42.9%,2026-03-17,2026_1Q,0
제주 8계 2024-31661,목장용지,기타토지,목장용지,제주,제주시,제주 제주시 조천읍 교래리 산60-47,"1,478,728,000","248,530,000",낙찰,"310,100,000",21.0%,2026-01-20,2026_1Q,0
제주 3계 2024-32060(1),잡종지,잡종지,잡종지,제주,제주시,제주 제주시 한림읍 월령리 117,"48,594,000","11,668,000",낙찰,"16,733,000",34.4%,2026-02-10,2026_1Q,0
제주 3계 2024-32169,단독주택,단독,단독주택,제주,서귀포시,제주 서귀포시 표선면 표선리 2498-14,"487,396,320","238,824,000",낙찰,"312,000,000",64.0%,2026-01-06,2026_1Q,0
제주 9계 2024-32305,임야,임야,임야,제주,서귀포시,제주 서귀포시 안덕면 동광리 산3-10,"1,516,638,000","364,145,000",낙찰,"389,990,000",25.7%,2026-02-03,2026_1Q,0
제주 5계 2024-32442,과수원,과수원,과수원,제주,서귀포시,제주 서귀포시 표선면 표선리 1834-3,"26,527,000","4,458,000",낙찰,"4,850,000",18.3%,2026-03-03,2026_1Q,0
제주 7계 2024-32466,전,전,전,제주,제주시,제주 제주시 한경면 청수리 185-6,"106,107,000","12,484,000",낙찰,"13,521,000",12.7%,2026-01-06,2026_1Q,0
제주 6계 2024-32718,임야,임야,임야,제주,제주시,제주 제주시 애월읍 고성리 182,"369,260,000","88,659,000",낙찰,"100,110,000",27.1%,2026-01-13,2026_1Q,0
제주 7계 2024-32725,임야,임야,임야,제주,서귀포시,제주 서귀포시 하원동 99,"226,125,000","26,604,000",낙찰,"37,773,000",16.7%,2026-01-06,2026_1Q,0
제주 6계 2024-32909,창고,기타건물,창고,제주,서귀포시,제주 서귀포시 남원읍 위미리 1995-1 1호,"820,313,100","281,367,000",낙찰,"325,770,000",39.7%,2026-01-13,2026_1Q,0
제주 7계 2024-33094,전,전,전,제주,서귀포시,제주 서귀포시 대정읍 동일리 2866-4,"2,169,997,000","364,711,000",낙찰,"533,330,000",24.6%,2026-01-06,2026_1Q,0
제주 3계 2024-33148,전,전,전,제주,제주시,제주 제주시 한경면 고산리 93,"482,790,000","165,597,000",낙찰,"167,600,000",34.7%,2026-01-06,2026_1Q,0
제주 3계 2024-33612,임야,임야,임야,제주,제주시,제주 제주시 애월읍 봉성리 산89,"147,567,750","50,616,000",낙찰,"50,616,000",34.3%,2026-01-06,2026_1Q,0
제주 7계 2024-34110,임야,임야,임야,제주,서귀포시,제주 서귀포시 성산읍 신풍리 1146,"275,396,920","66,123,000",낙찰,"66,500,000",24.1%,2026-01-06,2026_1Q,0
제주 2계 2024-34349,연립,연립주택,연립·빌라,제주,제주시,제주 제주시 연동 290-45 뉴텍빌라 1층 103호,"414,000,000","69,581,000",낙찰,"69,600,000",16.8%,2026-03-17,2026_1Q,0
제주 1계 2024-34509,전,전,전,제주,서귀포시,제주 서귀포시 안덕면 서광리 234-1,"1,763,208,000","863,972,000",낙찰,"1,080,000,000",61.3%,2026-01-27,2026_1Q,0
제주 1계 2024-34592(1),숙박시설,숙박시설,숙박시설,제주,서귀포시,제주 서귀포시 성산읍 고성리 329-1 제주성산골든튤립호텔 6층 714호,"101,000,000","11,883,000",낙찰,"17,000,000",16.8%,2026-03-10,2026_1Q,0
제주 1계 2024-34592(2),숙박시설,숙박시설,숙박시설,제주,서귀포시,제주 서귀포시 성산읍 고성리 329-1 제주성산골든튤립호텔 9층 1031호,"103,000,000","17,311,000",낙찰,"19,200,000",18.6%,2026-01-27,2026_1Q,0
제주 6계 2024-34646,단독주택,단독,단독주택,제주,제주시,제주 제주시 한경면 두모리 2394-2,"173,231,420","84,883,000",낙찰,"93,700,000",54.1%,2026-01-13,2026_1Q,0
제주 3계 2024-34707,전,전,전,제주,제주시,제주 제주시 애월읍 유수암리 1633,"71,346,000","17,130,000",낙찰,"17,150,000",24.0%,2026-02-10,2026_1Q,0
제주 9계 2024-34776,전,전,전,제주,서귀포시,제주 서귀포시 대정읍 상모리 2698-13,"158,504,000","54,367,000",낙찰,"70,300,000",44.4%,2026-02-03,2026_1Q,0
제주 2계 2024-34790,전,전,전,제주,제주시,제주 제주시 한경면 용수리 3505,"2,019,834,000","484,962,000",낙찰,"511,000,000",25.3%,2026-02-03,2026_1Q,0
제주 5계 2024-34820(2),전,전,전,제주,제주시,제주 제주시 한경면 낙천리 141-1,"17,727,000","4,256,000",낙찰,"4,260,000",24.0%,2026-03-03,2026_1Q,0
제주 9계 2024-34868(1),전,전,전,제주,서귀포시,제주 서귀포시 대정읍 하모리 286-2,"1,592,474,000","546,218,000",낙찰,"571,950,000",35.9%,2026-03-17,2026_1Q,0
제주 8계 2024-34936,근린상가,근린상가,근린상가,제주,서귀포시,제주 서귀포시 하예동 148-5,"864,036,260","423,378,000",낙찰,"442,150,000",51.2%,2026-01-20,2026_1Q,0
제주 9계 2024-34943(2),전,전,전,제주,서귀포시,제주 서귀포시 대정읍 신도리 2444-1,"541,310,000","185,669,000",낙찰,"210,552,000",38.9%,2026-02-03,2026_1Q,0
제주 7계 2024-34974,단독주택,단독,단독주택,제주,서귀포시,제주 서귀포시 색달동 1581-5 1동,"932,789,310","319,947,000",낙찰,"361,000,000",38.7%,2026-02-10,2026_1Q,0
제주 8계 2024-35113,단독주택,단독,단독주택,제주,제주시,제주 제주시 한림읍 귀덕리 1163-2 1호,"539,787,400","185,147,000",낙찰,"225,530,000",41.8%,2026-01-20,2026_1Q,0
제주 9계 2024-35120,과수원,과수원,과수원,제주,서귀포시,제주 서귀포시 성산읍 고성리 2633,"3,373,623,000","1,157,153,000",낙찰,"1,456,000,000",43.2%,2026-02-03,2026_1Q,0
제주 1계 2024-35212,오피스텔(주거),오피스텔,오피스텔(업무용),제주,제주시,제주 제주시 삼도이동 1241-18 센터포인트 5층 504호,"296,000,000","34,824,000",낙찰,"35,824,000",12.1%,2026-03-10,2026_1Q,0
제주 9계 2024-35281,단독주택,단독,단독주택,제주,서귀포시,제주 서귀포시 대정읍 영락리 301-11,"72,754,800","24,955,000",낙찰,"38,000,000",52.2%,2026-02-03,2026_1Q,0
제주 2계 2024-35335,근린상가,근린상가,근린상가,제주,서귀포시,제주 서귀포시 보목동 1490-2,"898,689,590","308,251,000",낙찰,"343,600,001",38.2%,2026-02-03,2026_1Q,0
제주 3계 2024-35342,오피스텔(주거),오피스텔,오피스텔(업무용),제주,제주시,제주 제주시 조천읍 조천리 2371-2 조천휴미래 7층 801호,"313,000,000","107,359,000",낙찰,"265,000,000",84.7%,2026-02-10,2026_1Q,0
제주 6계 2024-35373(1),과수원,과수원,과수원,제주,서귀포시,제주 서귀포시 남원읍 하례리 1228-1,"1,996,377,000","684,758,000",낙찰,"750,504,900",37.6%,2026-01-13,2026_1Q,0
제주 5계 2024-35441,임야,임야,임야,제주,제주시,제주 제주시 봉개동 산69-15,"672,842,000","161,549,000",낙찰,"161,549,000",24.0%,2026-01-20,2026_1Q,0
제주 7계 2024-35465,연립,연립주택,연립·빌라,제주,서귀포시,제주 서귀포시 강정동 1544 101동 2층 205호,"235,000,000","115,150,000",낙찰,"162,088,888",69.0%,2026-01-06,2026_1Q,0
제주 5계 2024-35540(1),전,전,전,제주,서귀포시,제주 서귀포시 표선면 토산리 739-1,"3,518,154,000","844,709,000",낙찰,"1,092,000,000",31.0%,2026-01-20,2026_1Q,0
제주 5계 2024-35540(2),전,전,전,제주,서귀포시,제주 서귀포시 표선면 토산리 739-9,"1,960,000,000","470,596,000",낙찰,"605,100,000",30.9%,2026-01-20,2026_1Q,0
제주 9계 2024-35755,숙박시설,숙박시설,숙박시설,제주,서귀포시,제주 서귀포시 강정동 2677 제주풍림후렌드리콘도미니엄 5층 에이510호,"16,000,000","5,488,000",낙찰,"5,510,000",34.4%,2026-02-03,2026_1Q,0
제주 1계 2024-35762(1),임야,임야,임야,제주,제주시,제주 제주시 회천동 산6-14,"85,260,000","14,330,000",낙찰,"16,250,000",19.1%,2026-03-10,2026_1Q,0
제주 1계 2024-35762(2),임야,임야,임야,제주,제주시,제주 제주시 회천동 산6-29,"6,070,000","1,457,000",낙찰,"1,612,300",26.6%,2026-01-27,2026_1Q,0
제주 9계 2024-35854(1),과수원,과수원,과수원,제주,서귀포시,제주 서귀포시 남원읍 하례리 1368,"975,821,000","334,707,000",낙찰,"400,000,000",41.0%,2026-03-17,2026_1Q,0
제주 9계 2024-35854(2),답,답,답,제주,서귀포시,제주 서귀포시 토평동 433-2,"44,398,000","31,079,000",낙찰,"32,000,000",72.1%,2026-03-17,2026_1Q,0
제주 2계 2024-35878(1),오피스텔(주거),오피스텔,오피스텔(업무용),제주,제주시,제주 제주시 연동 290-42 천마에코피아오피스텔 4층 404호,"224,000,000","76,832,000",낙찰,"90,500,000",40.4%,2026-02-03,2026_1Q,0
제주 2계 2024-35878(2),오피스텔(주거),오피스텔,오피스텔(업무용),제주,제주시,제주 제주시 연동 290-42 천마에코피아오피스텔 4층 408호,"224,000,000","76,832,000",낙찰,"83,111,111",37.1%,2026-02-03,2026_1Q,0
제주 2계 2024-35878(3),오피스텔(주거),오피스텔,오피스텔(업무용),제주,제주시,제주 제주시 연동 290-42 천마에코피아오피스텔 7층 708호,"229,000,000","78,547,000",낙찰,"96,000,000",41.9%,2026-02-03,2026_1Q,0
제주 2계 2024-35878(4),오피스텔(주거),오피스텔,오피스텔(업무용),제주,제주시,제주 제주시 연동 290-42 천마에코피아오피스텔 7층 709호,"229,000,000","78,547,000",낙찰,"103,000,000",45.0%,2026-02-03,2026_1Q,0
제주 2계 2024-35878(5),오피스텔(주거),오피스텔,오피스텔(업무용),제주,제주시,제주 제주시 연동 290-42 천마에코피아오피스텔 7층 712호,"229,000,000","78,547,000",낙찰,"104,999,999",45.9%,2026-02-03,2026_1Q,0
제주 6계 2024-35991(1),임야,임야,임야,제주,제주시,제주 제주시 노형동 362-8,"144,759,000","49,652,000",낙찰,"58,110,000",40.1%,2026-02-24,2026_1Q,0
제주 6계 2024-35991(2),임야,임야,임야,제주,제주시,제주 제주시 노형동 362-11,"152,460,000","74,705,000",낙찰,"76,431,000",50.1%,2026-01-13,2026_1Q,0
제주 5계 2024-36079,전,전,전,제주,서귀포시,제주 서귀포시 대정읍 신도리 33,"1,272,562,000","305,542,000",낙찰,"373,000,000",29.3%,2026-01-20,2026_1Q,0
제주 8계 2024-36109(1),단독주택,단독,단독주택,제주,제주시,제주 제주시 애월읍 수산리 1842-2,"243,956,600","170,770,000",낙찰,"191,000,000",78.3%,2026-01-20,2026_1Q,0
제주 8계 2024-36109(2),전,전,전,제주,제주시,제주 제주시 애월읍 수산리 2104,"654,940,000","320,921,000",낙찰,"459,000,000",70.1%,2026-03-03,2026_1Q,0
제주 3계 2024-36338,숙박시설,숙박시설,숙박시설,제주,제주시,제주 제주시 연동 292-2 연동휴안더센트럴 13층 1403호,"154,000,000","75,460,000",낙찰,"77,700,000",50.5%,2026-01-06,2026_1Q,0
제주 6계 2024-36352,목장용지,기타토지,목장용지,제주,서귀포시,제주 서귀포시 남원읍 신례리 2153-8,"24,678,110","12,093,000",낙찰,"12,530,000",50.8%,2026-01-13,2026_1Q,0
제주 6계 2024-36536,근린주택,근린주택,근린주택,제주,제주시,제주 제주시 노형동 763,"1,201,431,440","588,701,000",낙찰,"700,001,000",58.3%,2026-01-13,2026_1Q,0
제주 5계 2024-36611,전,전,전,제주,제주시,제주 제주시 한림읍 옹포리 645,"2,323,418,000","796,933,000",낙찰,"859,100,000",37.0%,2026-01-20,2026_1Q,0
제주 1계 2024-36925,목장용지,기타토지,목장용지,제주,서귀포시,제주 서귀포시 성산읍 수산리 4072-4,"973,422,000","333,884,000",낙찰,"342,200,000",35.2%,2026-01-27,2026_1Q,0
제주 8계 2024-36994,단독주택,단독,단독주택,제주,서귀포시,제주 서귀포시 대정읍 신도리 3042-1,"167,285,200","117,100,000",낙찰,"123,299,990",73.7%,2026-01-20,2026_1Q,0
제주 6계 2024-37140,다세대,다세대주택,다세대,제주,서귀포시,제주 서귀포시 서귀동 204-9 동아주택 9층 901호,"165,000,000","80,850,000",낙찰,"110,555,000",67.0%,2026-02-24,2026_1Q,0
제주 7계 2024-37249,근린상가,근린상가,근린상가,제주,제주시,제주 제주시 이호이동 114-3,"1,441,157,580","706,167,000",낙찰,"883,380,000",61.3%,2026-01-06,2026_1Q,0
제주 7계 2024-37331,선박,기타토지,기타토지,제주,서귀포시,제주 서귀포시 성산읍 성산포항내 정박,"2,227,964,000","1,091,703,000",낙찰,"1,651,100,000",74.1%,2026-01-06,2026_1Q,0
제주 8계 2024-37348,과수원,과수원,과수원,제주,제주시,제주 제주시 애월읍 장전리 32-4,"859,041,000","206,256,000",낙찰,"237,450,000",27.6%,2026-03-03,2026_1Q,0
제주 7계 2024-37423(1),전,전,전,제주,제주시,제주 제주시 한경면 조수리 2477,"57,600,000","13,830,000",낙찰,"17,100,000",29.7%,2026-01-06,2026_1Q,0
제주 7계 2024-37515,단독주택,단독,단독주택,제주,서귀포시,제주 서귀포시 강정동 4074-1,"947,081,440","464,070,000",낙찰,"600,000,000",63.4%,2026-02-10,2026_1Q,0
제주 3계 2024-37560,임야,임야,임야,제주,제주시,제주 제주시 애월읍 어음리 산78-13,"72,416,000","24,839,000",낙찰,"27,031,900",37.3%,2026-02-10,2026_1Q,0
제주 4계 2025-15(1),전,전,전,제주,서귀포시,제주 서귀포시 안덕면 사계리 2411,"1,035,762,000","174,080,000",낙찰,"228,200,000",22.0%,2026-01-13,2026_1Q,0
제주 4계 2025-15(2),전,전,전,제주,서귀포시,제주 서귀포시 안덕면 사계리 2411-1,"1,036,308,000","174,173,000",낙찰,"211,100,000",20.4%,2026-01-13,2026_1Q,0
제주 7계 2025-46,임야,임야,임야,제주,서귀포시,제주 서귀포시 성산읍 시흥리 12-56,"106,002,400","36,359,000",낙찰,"36,400,000",34.3%,2026-02-10,2026_1Q,0
제주 8계 2025-53,숙박시설,숙박시설,숙박시설,제주,제주시,제주 제주시 연동 292-2 연동휴안더센트럴 14층 1503호,"154,000,000","75,460,000",낙찰,"77,800,010",50.5%,2026-03-03,2026_1Q,0
제주 5계 2025-183(1),전,전,전,제주,서귀포시,제주 서귀포시 안덕면 화순리 1676,"521,217,000","255,396,000",낙찰,"271,000,000",52.0%,2026-01-20,2026_1Q,0
제주 3계 2025-206,임야,임야,임야,제주,제주시,제주 제주시 구좌읍 상도리 1386,"1,475,448,000","506,079,000",낙찰,"518,000,000",35.1%,2026-02-10,2026_1Q,0
제주 9계 2025-336,근린주택,근린주택,근린주택,제주,서귀포시,제주 서귀포시 서호동 940-8,"2,027,154,280","695,314,000",낙찰,"890,000,000",43.9%,2026-03-17,2026_1Q,0
제주 3계 2025-374,대지,나대지,나대지,제주,제주시,제주 제주시 애월읍 봉성리 1969-9,"186,396,000","91,334,000",낙찰,"113,990,000",61.2%,2026-02-10,2026_1Q,0
제주 9계 2025-428,창고,기타건물,창고,제주,서귀포시,제주 서귀포시 대포동 265-2,"385,276,500","132,150,000",낙찰,"191,110,000",49.6%,2026-03-17,2026_1Q,0
제주 3계 2025-459(1),전,전,전,제주,제주시,제주 제주시 구좌읍 김녕리 2526-1,"6,710,000","2,302,000",낙찰,"2,352,000",35.1%,2026-02-10,2026_1Q,0
제주 3계 2025-459(2),임야,임야,임야,제주,서귀포시,제주 서귀포시 안덕면 덕수리 1460-3,"13,717,000","4,705,000",낙찰,"4,755,000",34.7%,2026-02-10,2026_1Q,0
제주 6계 2025-589,단독주택,단독,단독주택,제주,서귀포시,제주 서귀포시 호근동 643-11,"492,370,060","241,261,000",낙찰,"276,000,000",56.1%,2026-02-24,2026_1Q,0
제주 8계 2025-602,전,전,전,제주,서귀포시,제주 서귀포시 안덕면 화순리 1776,"509,763,000","174,849,000",낙찰,"249,784,000",49.0%,2026-03-03,2026_1Q,0
제주 1계 2025-626,대지,나대지,나대지,제주,서귀포시,제주 서귀포시 중문동 1961-2,"750,300,000","367,647,000",낙찰,"377,500,000",50.3%,2026-01-27,2026_1Q,0
제주 8계 2025-688,전,전,전,제주,제주시,제주 제주시 조천읍 신촌리 1642-2,"548,313,000","188,071,000",낙찰,"202,807,200",37.0%,2026-03-03,2026_1Q,0
제주 3계 2025-817,점포,근린상가,점포상가,제주,서귀포시,제주 서귀포시 표선면 표선리 816-1,"578,347,500","283,390,000",낙찰,"289,100,000",50.0%,2026-01-06,2026_1Q,0
제주 7계 2025-855,다세대,다세대주택,다세대,제주,제주시,"제주 제주시 애월읍 신엄리 1220-3 ,1214-1 애월더프라임 101동 3층 302호","244,000,000","170,800,000",낙찰,"173,737,900",71.2%,2026-02-10,2026_1Q,0
제주 7계 2025-898,숙박시설,숙박시설,숙박시설,제주,서귀포시,제주 서귀포시 법환동 745-5 밸류호텔월드와이드서귀포제이에스 8층 807호,"152,000,000","52,136,000",낙찰,"52,200,000",34.3%,2026-02-10,2026_1Q,0
제주 1계 2025-902,오피스텔(주거),오피스텔,오피스텔(업무용),제주,제주시,제주 제주시 이도일동 1244-1 파미르파크 7층 719호,"140,000,000","68,600,000",낙찰,"91,500,000",65.4%,2026-01-27,2026_1Q,0
제주 7계 2025-907,임야,임야,임야,제주,서귀포시,제주 서귀포시 안덕면 화순리 2026-11,"228,486,000","78,371,000",낙찰,"116,527,860",51.0%,2026-02-10,2026_1Q,0
제주 8계 2025-908,단독주택,단독,단독주택,제주,서귀포시,제주 서귀포시 동홍동 1377-3,"1,280,568,500","627,479,000",낙찰,"667,800,000",52.1%,2026-03-03,2026_1Q,0
제주 2계 2025-911,대지,나대지,나대지,제주,제주시,제주 제주시 조천읍 함덕리 4160,"476,714,000","233,590,000",낙찰,"322,651,100",67.7%,2026-03-17,2026_1Q,0
제주 4계 2025-913,창고,기타건물,창고,제주,서귀포시,제주 서귀포시 서홍동 1735-1,"3,444,287,000","578,882,000",낙찰,"831,000,000",24.1%,2026-01-13,2026_1Q,0
제주 3계 2025-922,전,전,전,제주,서귀포시,제주 서귀포시 안덕면 창천리 982,"241,462,000","118,316,000",낙찰,"133,591,000",55.3%,2026-01-06,2026_1Q,0
제주 4계 2025-923(2),창고용지,기타건물,창고,제주,제주시,제주 제주시 애월읍 광령리 2822-1,"352,160,000","84,554,000",낙찰,"106,300,000",30.2%,2026-01-13,2026_1Q,0
제주 5계 2025-924,전,전,전,제주,서귀포시,제주 서귀포시 표선면 성읍리 1476-1,"213,233,000","104,484,000",낙찰,"121,410,000",56.9%,2026-01-20,2026_1Q,0
제주 8계 2025-927,연립,연립주택,연립·빌라,제주,서귀포시,제주 서귀포시 안덕면 화순리 2134 산방산 어반아르떼 106동 2층 204호,"372,000,000","182,280,000",낙찰,"235,000,000",63.2%,2026-03-03,2026_1Q,0
제주 1계 2025-929,임야,임야,임야,제주,서귀포시,제주 서귀포시 성산읍 신산리 1962,"238,702,000","81,875,000",낙찰,"99,456,789",41.7%,2026-03-10,2026_1Q,0
제주 7계 2025-934,연립,연립주택,연립·빌라,제주,서귀포시,제주 서귀포시 안덕면 사계리 3596 오션캐슬 101동 4층 401호,"425,000,000","208,250,000",낙찰,"282,100,000",66.4%,2026-01-06,2026_1Q,0
제주 1계 2025-939,다세대,다세대주택,다세대,제주,제주시,제주 제주시 일도이동 160-12 우정빌라 A 4층 502호,"151,000,000","73,990,000",낙찰,"107,000,000",70.9%,2026-01-27,2026_1Q,0
제주 3계 2025-941,단독주택,단독,단독주택,제주,제주시,제주 제주시 한림읍 귀덕리 3019,"377,960,600","185,200,000",낙찰,"223,000,000",59.0%,2026-02-10,2026_1Q,0
제주 6계 2025-944,다세대,다세대주택,다세대,제주,제주시,제주 제주시 오라이동 1540-3 띠아모빌8차 102동 4층 501호,"475,000,000","332,500,000",낙찰,"337,559,000",71.1%,2026-02-24,2026_1Q,0
제주 2계 2025-949(1),오피스텔(주거),오피스텔,오피스텔(업무용),제주,서귀포시,제주 서귀포시 대정읍 하모리 1570-15 허브빌리지 2층 201호,"227,000,000","111,230,000",낙찰,"139,100,000",61.3%,2026-02-03,2026_1Q,0
제주 2계 2025-949(2),오피스텔(주거),오피스텔,오피스텔(업무용),제주,서귀포시,제주 서귀포시 대정읍 하모리 1570-15 허브빌리지 2층 202호,"227,000,000","111,230,000",낙찰,"125,111,100",55.1%,2026-02-03,2026_1Q,0
제주 2계 2025-949(3),오피스텔(주거),오피스텔,오피스텔(업무용),제주,서귀포시,제주 서귀포시 대정읍 하모리 1570-15 허브빌리지 3층 301호,"229,000,000","112,210,000",낙찰,"125,111,100",54.6%,2026-02-03,2026_1Q,0
제주 2계 2025-949(4),오피스텔(주거),오피스텔,오피스텔(업무용),제주,서귀포시,제주 서귀포시 대정읍 하모리 1570-15 허브빌리지 3층 302호,"229,000,000","112,210,000",낙찰,"155,000,000",67.7%,2026-02-03,2026_1Q,0
제주 2계 2025-949(5),오피스텔(주거),오피스텔,오피스텔(업무용),제주,서귀포시,제주 서귀포시 대정읍 하모리 1570-15 허브빌리지 4층 401호,"232,000,000","113,680,000",낙찰,"125,111,100",53.9%,2026-02-03,2026_1Q,0
제주 2계 2025-949(6),오피스텔(주거),오피스텔,오피스텔(업무용),제주,서귀포시,제주 서귀포시 대정읍 하모리 1570-15 허브빌리지 4층 402호,"232,000,000","113,680,000",낙찰,"133,100,000",57.4%,2026-02-03,2026_1Q,0
제주 2계 2025-949(7),다세대,다세대주택,다세대,제주,서귀포시,제주 서귀포시 대정읍 하모리 1570-15 허브빌리지 6층 601호,"251,000,000","122,990,000",낙찰,"197,010,000",78.5%,2026-02-03,2026_1Q,0
제주 2계 2025-949(10),전,전,전,제주,서귀포시,제주 서귀포시 안덕면 상천리 620-14,"47,300,000","23,177,000",낙찰,"24,580,000",52.0%,2026-02-03,2026_1Q,0
제주 9계 2025-956,전,전,전,제주,제주시,제주 제주시 구좌읍 하도리 131-3,"888,821,000","435,523,000",낙찰,"442,100,000",49.7%,2026-03-17,2026_1Q,0
제주 5계 2025-961,전,전,전,제주,제주시,제주 제주시 노형동 2921-2,"960,531,000","470,660,000",낙찰,"520,100,000",54.1%,2026-01-20,2026_1Q,0
제주 1계 2025-976,공장,공장(지식산업센터 업무시설),공장,제주,제주시,제주 제주시 내도동 639,"2,364,696,240","1,158,701,000",낙찰,"1,526,500,000",64.6%,2026-01-27,2026_1Q,0
제주 4계 2025-996,전,전,전,제주,서귀포시,제주 서귀포시 대정읍 무릉리 512-14,"114,639,000","19,268,000",낙찰,"24,211,000",21.1%,2026-01-13,2026_1Q,0
제주 3계 2025-1003,임야,임야,임야,제주,서귀포시,제주 서귀포시 성산읍 삼달리 1706-3,"31,728,000","22,210,000",낙찰,"27,000,000",85.1%,2026-01-06,2026_1Q,0
제주 5계 2025-1005,연립,연립주택,연립·빌라,제주,제주시,"제주 제주시 삼도이동 303-1 ,303-9 동양타운 4층 505호","196,000,000","137,200,000",낙찰,"166,660,000",85.0%,2026-01-20,2026_1Q,0
제주 4계 2025-1014(1),숙박시설,숙박시설,숙박시설,제주,서귀포시,제주 서귀포시 서귀동 544-2 디아일랜드블루 3층 305호,"238,000,000","57,144,000",낙찰,"74,000,000",31.1%,2026-01-13,2026_1Q,0
제주 4계 2025-1014(2),숙박시설,숙박시설,숙박시설,제주,서귀포시,제주 서귀포시 서귀동 544-2 디아일랜드블루 3층 310호,"190,000,000","45,619,000",낙찰,"48,339,000",25.4%,2026-01-13,2026_1Q,0
제주 4계 2025-1014(3),숙박시설,숙박시설,숙박시설,제주,서귀포시,제주 서귀포시 서귀동 544-2 디아일랜드블루 3층 311호,"193,000,000","46,339,000",낙찰,"48,339,000",25.0%,2026-01-13,2026_1Q,0
제주 4계 2025-1014(4),숙박시설,숙박시설,숙박시설,제주,서귀포시,제주 서귀포시 서귀동 544-2 디아일랜드블루 3층 312호,"193,000,000","46,339,000",낙찰,"48,339,000",25.0%,2026-01-13,2026_1Q,0
제주 4계 2025-1014(5),숙박시설,숙박시설,숙박시설,제주,서귀포시,제주 서귀포시 서귀동 544-2 디아일랜드블루 4층 401호,"228,000,000","54,743,000",낙찰,"71,000,000",31.1%,2026-01-13,2026_1Q,0
제주 4계 2025-1014(6),숙박시설,숙박시설,숙박시설,제주,서귀포시,제주 서귀포시 서귀동 544-2 디아일랜드블루 4층 402호,"231,000,000","55,463,000",낙찰,"72,000,000",31.2%,2026-01-13,2026_1Q,0
제주 4계 2025-1014(7),숙박시설,숙박시설,숙박시설,제주,서귀포시,제주 서귀포시 서귀동 544-2 디아일랜드블루 11층 1113호,"268,000,000","64,347,000",낙찰,"84,000,000",31.3%,2026-01-13,2026_1Q,0
제주 5계 2025-1018,오피스텔(주거),오피스텔,오피스텔(업무용),제주,제주시,제주 제주시 연동 260-38 제주연동모디움 9층 922호,"81,000,000","56,700,000",낙찰,"57,372,000",70.8%,2026-01-20,2026_1Q,0
제주 8계 2025-1026,과수원,과수원,과수원,제주,서귀포시,제주 서귀포시 남원읍 수망리 146-3,"589,116,000","412,381,000",낙찰,"451,000,000",76.6%,2026-03-03,2026_1Q,0
제주 2계 2025-1029,단독주택,단독,단독주택,제주,서귀포시,제주 서귀포시 남원읍 남원리 704-4,"302,909,400","148,426,000",낙찰,"215,500,000",71.1%,2026-02-03,2026_1Q,0
제주 3계 2025-1039,연립,연립주택,연립·빌라,제주,제주시,제주 제주시 오라일동 3827 오라더프라미스 101동 2층 203호,"533,000,000","373,100,000",낙찰,"421,000,000",79.0%,2026-02-10,2026_1Q,0
제주 4계 2025-1040,연립,연립주택,연립·빌라,제주,서귀포시,제주 서귀포시 대정읍 보성리 2424 삼정지에듀 119동 2층 204호,"474,000,000","232,260,000",낙찰,"252,239,999",53.2%,2026-01-13,2026_1Q,0
제주 5계 2025-1041,점포,근린상가,점포상가,제주,제주시,제주 제주시 애월읍 장전리 1739-15,"1,052,530,000","515,740,000",낙찰,"588,872,190",55.9%,2026-03-03,2026_1Q,0
제주 5계 2025-1051,연립,연립주택,연립·빌라,제주,제주시,제주 제주시 조천읍 신촌리 1774 태극헤이븐 1동 6층 601호,"376,000,000","263,200,000",낙찰,"263,200,000",70.0%,2026-01-20,2026_1Q,0
제주 1계 2025-1055,단독주택,단독,단독주택,제주,서귀포시,"제주 서귀포시 남원읍 태흥리 80-7 ,80-8,80-9,81-3 에스텔빌리지 212동호","316,671,780","221,670,000",낙찰,"255,000,000",80.5%,2026-01-27,2026_1Q,0
제주 8계 2025-1062,단독주택,단독,단독주택,제주,서귀포시,제주 서귀포시 신효동 779,"350,984,800","245,689,000",낙찰,"263,000,000",74.9%,2026-03-03,2026_1Q,0
제주 9계 2025-1063,도로,기타토지,기타토지,제주,제주시,제주 제주시 화북일동 4108-3,"711,000","711,000",낙찰,"11,112,000",1562.9%,2026-02-03,2026_1Q,0
제주 4계 2025-1065(1),단독주택,단독,단독주택,제주,서귀포시,제주 서귀포시 대정읍 일과리 1584,"110,596,000","54,192,000",낙찰,"54,222,000",49.0%,2026-02-24,2026_1Q,0
제주 3계 2025-1066,연립,연립주택,연립·빌라,제주,제주시,제주 제주시 애월읍 고내리 89-5 애월오션빌 애월동 1층 102호,"339,000,000","237,300,000",낙찰,"243,900,000",71.9%,2026-02-10,2026_1Q,0
제주 5계 2025-1067(2),전,전,전,제주,제주시,제주 제주시 구좌읍 행원리 1172-8,"375,165,000","183,831,000",낙찰,"201,275,000",53.6%,2026-03-03,2026_1Q,0
제주 9계 2025-1073,아파트,아파트,아파트,제주,서귀포시,제주 서귀포시 동홍동 435-5 충암 2층 202호,"180,000,000","126,000,000",낙찰,"147,999,000",82.2%,2026-03-17,2026_1Q,0
제주 2계 2025-1075,대지,나대지,나대지,제주,서귀포시,제주 서귀포시 남원읍 신례리 1057-1,"775,832,000","266,110,000",낙찰,"295,000,000",38.0%,2026-03-17,2026_1Q,0
제주 9계 2025-1081,아파트,아파트,아파트,제주,제주시,"제주 제주시 아라일동 6142-13 ,6151,6141-10,6140-5 염광 4동 4층 405호","230,000,000","161,000,000",낙찰,"173,880,000",75.6%,2026-03-17,2026_1Q,0
제주 5계 2025-1086,임야,임야,임야,제주,제주시,제주 제주시 구좌읍 세화리 2778-2,"349,462,000","171,236,000",낙찰,"178,511,000",51.1%,2026-03-03,2026_1Q,0
제주 4계 2025-1102,단독주택,단독,단독주택,제주,서귀포시,제주 서귀포시 상효동 943,"596,509,780","204,603,000",낙찰,"241,400,000",40.5%,2026-01-13,2026_1Q,0
제주 3계 2025-1124(1),임야,임야,임야,제주,제주시,제주 제주시 아라이동 278,"1,261,791,000","883,254,000",낙찰,"888,000,000",70.4%,2026-02-10,2026_1Q,0
제주 4계 2025-1125,오피스텔,오피스텔,오피스텔(업무용),제주,서귀포시,"제주 서귀포시 대정읍 보성리 2476 ,2476-1,2476-3 제주아이파크스위트 101동 1층 103호","769,000,000","263,767,000",낙찰,"385,300,000",50.1%,2026-01-13,2026_1Q,0
제주 5계 2025-1126,연립,연립주택,연립·빌라,제주,제주시,제주 제주시 도평동 1398-5 에코그린빌13차 401동 1층 102호,"415,800,000","203,742,000",낙찰,"297,611,000",71.6%,2026-03-03,2026_1Q,0
제주 1계 2025-1131(1),숙박시설,숙박시설,숙박시설,제주,제주시,"제주 제주시 연동 274-37 ,274-32,274-35 디오션시티1차 6층 623호","85,000,000","41,650,000",낙찰,"55,000,000",64.7%,2026-03-10,2026_1Q,0
제주 1계 2025-1131(2),오피스텔,오피스텔,오피스텔(업무용),제주,제주시,"제주 제주시 연동 274-37 ,274-32,274-35 디오션시티1차 9층 902호","90,000,000","63,000,000",낙찰,"65,100,000",72.3%,2026-01-27,2026_1Q,0
제주 3계 2025-1141,전,전,전,제주,제주시,제주 제주시 한경면 신창리 1344,"22,500,000","15,750,000",낙찰,"16,550,000",73.6%,2026-02-10,2026_1Q,0
제주 5계 2025-1143,단독주택,단독,단독주택,제주,제주시,"제주 제주시 애월읍 납읍리 1453-4 ,1457-6","498,720,500","349,104,000",낙찰,"417,300,000",83.7%,2026-03-03,2026_1Q,0
제주 4계 2025-1166,전,전,전,제주,서귀포시,제주 서귀포시 강정동 5549,"464,814,000","111,602,000",낙찰,"140,000,000",30.1%,2026-02-24,2026_1Q,0
제주 4계 2025-1183,전,전,전,제주,서귀포시,제주 서귀포시 하예동 787-1,"581,680,000","285,023,000",낙찰,"311,999,999",53.6%,2026-01-13,2026_1Q,0
제주 4계 2025-1190,전,전,전,제주,서귀포시,제주 서귀포시 대정읍 일과리 1247-1,"1,282,635,000","439,944,000",낙찰,"458,200,000",35.7%,2026-02-24,2026_1Q,0
제주 4계 2025-1226(2),전,전,전,제주,제주시,제주 제주시 조천읍 신흥리 890,"71,021,000","34,801,000",낙찰,"35,000,000",49.3%,2026-01-13,2026_1Q,0
제주 1계 2025-1308,차량,기타토지,기타토지,제주,제주시,제주 제주시 용담삼동 1274-1 현대물품보관소내 보관,"15,000,000","10,500,000",낙찰,"13,800,000",92.0%,2026-01-27,2026_1Q,0
제주 4계 2025-1310,아파트,아파트,아파트,제주,제주시,제주 제주시 외도일동 463-13 아모르102 7층 807호,"179,000,000","125,300,000",낙찰,"152,160,000",85.0%,2026-02-24,2026_1Q,0
제주 2계 2025-1331,과수원,과수원,과수원,제주,서귀포시,제주 서귀포시 남원읍 태흥리 759-3,"321,328,000","157,451,000",낙찰,"168,001,000",52.3%,2026-03-17,2026_1Q,0
제주 2계 2025-1351,전,전,전,제주,서귀포시,제주 서귀포시 성산읍 시흥리 1213,"144,592,000","70,850,000",낙찰,"76,770,000",53.1%,2026-03-17,2026_1Q,0
제주 5계 2025-1354,단독주택,단독,단독주택,제주,제주시,제주 제주시 삼도이동 242-3,"239,309,000","117,261,000",낙찰,"127,999,900",53.5%,2026-03-03,2026_1Q,0
제주 4계 2025-1363,단독주택,단독,단독주택,제주,제주시,제주 제주시 구좌읍 동복리 484-10,"302,901,000","148,422,000",낙찰,"185,600,000",61.3%,2026-01-13,2026_1Q,0
제주 5계 2025-1364,차량,기타토지,기타토지,제주,제주시,제주 제주시 애월읍 광령리 509-2 제3자(주)세경내 보관,"30,000,000","14,700,000",낙찰,"14,707,000",49.0%,2026-03-03,2026_1Q,0
제주 7계 2025-1375,차량,기타토지,기타토지,제주,제주시,제주 제주시 용담삼동 1274-1 현대물품보관소내 보관(제3자 현대물품보관소에게 보관),"7,000,000","3,430,000",낙찰,"5,120,000",73.1%,2026-02-10,2026_1Q,0
제주 4계 2025-1381,오피스텔(주거),오피스텔,오피스텔(업무용),제주,제주시,제주 제주시 연동 1494 신제주연동트리플시티 101동 3층 303호,"324,000,000","226,800,000",낙찰,"230,001,000",71.0%,2026-01-13,2026_1Q,0
제주 4계 2025-1408,연립,연립주택,연립·빌라,제주,제주시,제주 제주시 한경면 청수리 2680-2 제주에듀루치올라101동 3층 302호,"419,000,000","205,310,000",낙찰,"215,550,000",51.4%,2026-02-24,2026_1Q,0
제주 2계 2025-1433,전,전,전,제주,서귀포시,제주 서귀포시 대정읍 상모리 1663-3,"123,480,000","123,480,000",낙찰,"167,000,000",135.2%,2026-03-17,2026_1Q,0
제주 4계 2025-1435,전,전,전,제주,서귀포시,제주 서귀포시 색달동 1131,"380,880,000","186,631,000",낙찰,"200,200,000",52.6%,2026-02-24,2026_1Q,0
제주 2계 2025-1453,다세대,다세대주택,다세대,제주,서귀포시,제주 서귀포시 보목동 648 금호팰리스 A동 5층 501호,"244,000,000","170,800,000",낙찰,"186,889,000",76.6%,2026-03-17,2026_1Q,0
제주 9계 2025-1458,선박,기타토지,기타토지,제주,제주시,제주 제주시 건입동 918-25 제2부두(제3자(주)세경)보관,"400,032,480","137,211,000",낙찰,"193,550,000",48.4%,2026-02-03,2026_1Q,0
제주 4계 2025-1471,다세대,다세대주택,다세대,제주,제주시,"제주 제주시 영평동 2661-3 ,2658,2660 블루마운틴 101동 1층 101호","310,000,000","151,900,000",낙찰,"151,900,000",49.0%,2026-02-24,2026_1Q,0
제주 3계 2025-6044(1),전,전,전,제주,서귀포시,제주 서귀포시 대정읍 무릉리 1703-13,"905,510,000","443,700,000",낙찰,"467,577,770",51.6%,2026-01-06,2026_1Q,0
제주 7계 2025-6099,과수원,과수원,과수원,제주,제주시,제주 제주시 애월읍 상가리 1536-1,"867,780,000","297,648,000",낙찰,"377,713,337",43.5%,2026-02-10,2026_1Q,0
제주 3계 2025-6310,단독주택,단독,단독주택,제주,제주시,제주 제주시 조천읍 조천리 992-7 카할라 지동호,"656,217,700","321,546,000",낙찰,"427,770,000",65.2%,2026-02-10,2026_1Q,0
제주 5계 2025-6341,전,전,전,제주,서귀포시,제주 서귀포시 대정읍 신도리 1582,"30,932,000","10,609,000",낙찰,"12,700,000",41.1%,2026-01-20,2026_1Q,0
제주 6계 2025-6358,다세대,다세대주택,다세대,제주,서귀포시,제주 서귀포시 호근동 634-1 휴-미래빌 103동 2층 202호,"300,000,000","147,000,000",낙찰,"172,499,990",57.5%,2026-02-24,2026_1Q,0
제주 9계 2025-6396,전,전,전,제주,서귀포시,제주 서귀포시 안덕면 동광리 377,"6,201,161,100","2,126,998,000",낙찰,"2,527,000,000",40.8%,2026-03-17,2026_1Q,0
제주 1계 2025-6402,대지,나대지,나대지,제주,제주시,제주 제주시 애월읍 유수암리 3263-18,"231,404,000","113,388,000",낙찰,"115,610,000",50.0%,2026-01-27,2026_1Q,0
제주 5계 2025-6426,단독주택,단독,단독주택,제주,서귀포시,제주 서귀포시 안덕면 사계리 2017-4,"1,108,897,800","543,360,000",낙찰,"710,400,000",64.1%,2026-03-03,2026_1Q,0
제주 1계 2025-6471,중기,기타토지,기타토지,제주,제주시,제주 제주시 애월읍 광령리 509-2 제3자 (주)세경에게 보관,"10,000,000","10,000,000",낙찰,"16,110,000",161.1%,2026-01-27,2026_1Q,0
제주 7계 2025-6563(1),전,전,전,제주,서귀포시,제주 서귀포시 대정읍 무릉리 1013-5,"978,120,000","479,279,000",낙찰,"483,000,000",49.4%,2026-01-06,2026_1Q,0
제주 7계 2025-6563(2),단독주택,단독,단독주택,제주,서귀포시,제주 서귀포시 대정읍 무릉리 1176-3,"186,731,000","130,712,000",낙찰,"131,712,000",70.5%,2026-02-10,2026_1Q,0
제주 4계 2025-6600(1),대지,나대지,나대지,제주,제주시,제주 제주시 구좌읍 송당리 2840,"248,800,500","85,338,000",낙찰,"86,860,000",34.9%,2026-01-13,2026_1Q,0
제주 4계 2025-6600(4),대지,나대지,나대지,제주,제주시,제주 제주시 구좌읍 송당리 2841-3,"220,077,000","75,487,000",낙찰,"83,099,990",37.8%,2026-01-13,2026_1Q,0
제주 9계 2025-6693,단독주택,단독,단독주택,제주,서귀포시,"제주 서귀포시 남원읍 태흥리 80-7 ,80-8,80-9,81-3 에스텔빌리지 102동호","441,265,010","308,886,000",낙찰,"310,010,000",70.3%,2026-02-03,2026_1Q,0
제주 9계 2025-6976,과수원,과수원,과수원,제주,제주시,제주 제주시 도남동 425-2,"7,055,860,000","3,457,371,000",낙찰,"3,675,000,000",52.1%,2026-02-03,2026_1Q,0
제주 5계 2025-7016,다세대,다세대주택,다세대,제주,서귀포시,제주 서귀포시 강정동 379-5 루미안 1층 101호,"232,000,000","113,680,000",낙찰,"165,000,000",71.1%,2026-01-20,2026_1Q,0
제주 3계 2025-7085,창고,기타건물,창고,제주,제주시,"제주 제주시 구좌읍 하도리 1046-11 ,1046-12 3동","4,993,560,400","2,446,844,000",낙찰,"3,770,000,000",75.5%,2026-02-10,2026_1Q,0
제주 5계 2025-7108,단독주택,단독,단독주택,제주,서귀포시,제주 서귀포시 성산읍 성산리 295-13,"455,270,500","156,157,000",낙찰,"186,160,000",40.9%,2026-01-20,2026_1Q,0
제주 8계 2025-7139,오피스텔(주거),오피스텔,오피스텔(업무용),제주,제주시,"제주 제주시 노형동 924-1 ,924-2,924-3,924-7 이편한세상시티노형 6층 603호","450,000,000","220,500,000",낙찰,"272,259,000",60.5%,2026-03-03,2026_1Q,0
제주 6계 2025-7191,임야,임야,임야,제주,서귀포시,제주 서귀포시 안덕면 서광리 산27-7,"28,101,000","19,671,000",낙찰,"19,671,000",70.0%,2026-01-13,2026_1Q,0
제주 8계 2025-7399,단독주택,단독,단독주택,제주,서귀포시,제주 서귀포시 하효동 946,"509,035,900","249,428,000",낙찰,"311,000,000",61.1%,2026-03-03,2026_1Q,0
제주 4계 2025-7468,과수원,과수원,과수원,제주,서귀포시,제주 서귀포시 동홍동 936,"1,666,216,000","816,446,000",낙찰,"821,000,000",49.3%,2026-01-13,2026_1Q,0
제주 7계 2025-7471(5),연립,연립주택,연립·빌라,제주,제주시,제주 제주시 한림읍 동명리 1584-3 트리니티 101동 4층 402호,"188,000,000","131,600,000",낙찰,"140,600,321",74.8%,2026-02-10,2026_1Q,0
제주 7계 2025-7471(7),연립,연립주택,연립·빌라,제주,제주시,제주 제주시 한림읍 동명리 1584-3 트리니티 101동 5층 501호,"213,000,000","149,100,000",낙찰,"155,510,000",73.0%,2026-02-10,2026_1Q,0
제주 4계 2025-7477,전,전,전,제주,서귀포시,제주 서귀포시 대정읍 무릉리 618,"1,037,796,000","249,175,000",낙찰,"351,200,000",33.8%,2026-02-24,2026_1Q,0
제주 1계 2025-7483,단독주택,단독,단독주택,제주,서귀포시,제주 서귀포시 대정읍 안성리 1218-23,"607,045,920","297,452,000",낙찰,"351,000,000",57.8%,2026-01-27,2026_1Q,0
제주 2계 2025-7484,단독주택,단독,단독주택,제주,서귀포시,제주 서귀포시 대정읍 안성리 1218-28,"542,066,600","265,613,000",낙찰,"325,990,000",60.1%,2026-02-03,2026_1Q,0
제주 3계 2025-7485,전,전,전,제주,제주시,제주 제주시 애월읍 납읍리 879,"669,274,000","229,561,000",낙찰,"243,770,000",36.4%,2026-02-10,2026_1Q,0
제주 8계 2025-7490(1),도로,기타토지,기타토지,제주,제주시,제주 제주시 화북일동 1907-2,"20,002,000","14,001,000",낙찰,"18,366,600",91.8%,2026-01-20,2026_1Q,0
제주 8계 2025-7490(2),전,전,전,제주,제주시,제주 제주시 화북일동 1907-4,"1,457,429,000","714,140,000",낙찰,"851,000,000",58.4%,2026-03-03,2026_1Q,0
제주 9계 2025-7491(1),전,전,전,제주,서귀포시,제주 서귀포시 대정읍 일과리 1139,"867,656,000","607,359,000",낙찰,"610,310,000",70.3%,2026-03-17,2026_1Q,0
제주 2계 2025-7493,전,전,전,제주,서귀포시,제주 서귀포시 대정읍 영락리 1612,"443,679,000","152,182,000",낙찰,"157,150,000",35.4%,2026-02-03,2026_1Q,0
제주 7계 2025-7498,숙박시설,숙박시설,숙박시설,제주,서귀포시,제주 서귀포시 서귀동 637-2,"3,145,753,970","1,078,994,000",낙찰,"1,620,000,000",51.5%,2026-02-10,2026_1Q,0
제주 9계 2025-7518,대지,나대지,나대지,제주,제주시,제주 제주시 노형동 3705-2,"1,986,973,530","1,390,881,000",낙찰,"1,502,000,000",75.6%,2026-03-17,2026_1Q,0
제주 8계 2025-7519,대지,나대지,나대지,제주,제주시,제주 제주시 한림읍 한림리 1194-2,"367,622,000","180,135,000",낙찰,"189,700,000",51.6%,2026-03-03,2026_1Q,0
제주 2계 2025-7520,오피스텔(주거),오피스텔,오피스텔(업무용),제주,제주시,"제주 제주시 애월읍 하귀1리 117-1 ,117-2 제주모닝시티 3층 316호","118,000,000","82,600,000",낙찰,"82,600,000",70.0%,2026-02-03,2026_1Q,0
제주 5계 2025-7523(2),과수원,과수원,과수원,제주,서귀포시,제주 서귀포시 성산읍 오조리 1516,"70,387,000","34,490,000",낙찰,"38,100,000",54.1%,2026-03-03,2026_1Q,0
제주 7계 2025-7525(1),과수원,과수원,과수원,제주,서귀포시,제주 서귀포시 하효동 786,"497,576,000","243,812,000",낙찰,"248,100,000",49.9%,2026-01-06,2026_1Q,0
제주 7계 2025-7525(2),전,전,전,제주,서귀포시,제주 서귀포시 하효동 1279,"478,538,000","234,484,000",낙찰,"245,100,000",51.2%,2026-01-06,2026_1Q,0
제주 9계 2025-7527,연립,연립주택,연립·빌라,제주,제주시,제주 제주시 노형동 2525-2 이화 2층 202호,"207,000,000","101,430,000",낙찰,"130,530,000",63.1%,2026-03-17,2026_1Q,0
제주 2계 2025-7529,대지,나대지,나대지,제주,제주시,제주 제주시 구좌읍 송당리 2007-3,"95,062,000","22,824,000",낙찰,"30,590,000",32.2%,2026-03-17,2026_1Q,0
제주 3계 2025-7530,다세대,다세대주택,다세대,제주,제주시,"제주 제주시 조천읍 조천리 2138 ,2145-1 조천라오체2차 101동 1층 101호","251,000,000","122,990,000",낙찰,"171,500,000",68.3%,2026-02-10,2026_1Q,0
제주 6계 2025-7595,차량,기타토지,기타토지,제주,제주시,제주 제주시 애월읍 광령리 509-2 내 보관(제3자(주)세경에게보관),"20,000,000","14,000,000",낙찰,"16,788,800",83.9%,2026-01-13,2026_1Q,0
제주 8계 2025-7597,오피스텔,오피스텔,오피스텔(업무용),제주,제주시,제주 제주시 조천읍 조천리 2371-2 조천휴미래 5층 602호,"295,000,000","144,550,000",낙찰,"144,550,000",49.0%,2026-03-03,2026_1Q,0
제주 5계 2025-7605(2),연립,연립주택,연립·빌라,제주,서귀포시,제주 서귀포시 대정읍 보성리 2548 에듀골드힐더클래식 102동 4층 403호,"81,000,000","39,690,000",낙찰,"50,011,100",61.7%,2026-01-20,2026_1Q,0
제주 8계 2025-7615,다세대,다세대주택,다세대,제주,서귀포시,"제주 서귀포시 안덕면 사계리 1516 산방산코아루아이비타운 103동 1,2층 103호","605,000,000","296,450,000",낙찰,"334,665,000",55.3%,2026-03-03,2026_1Q,0
제주 9계 2025-7616,아파트,아파트,아파트,제주,제주시,제주 제주시 일도이동 406 서진태영아트빌 1층 103호,"302,000,000","211,400,000",낙찰,"275,000,000",91.1%,2026-02-03,2026_1Q,0
제주 7계 2025-7623,임야,임야,임야,제주,서귀포시,제주 서귀포시 대정읍 신도리 2804-1,"501,084,000","171,872,000",낙찰,"210,700,000",42.0%,2026-02-10,2026_1Q,0
제주 4계 2025-7629,단독주택,단독,단독주택,제주,제주시,제주 제주시 도두일동 1793,"172,571,240","84,560,000",낙찰,"100,330,000",58.1%,2026-01-13,2026_1Q,0
제주 5계 2025-7630,임야,임야,임야,제주,서귀포시,제주 서귀포시 안덕면 화순리 2079-2,"1,005,958,240","345,044,000",낙찰,"361,990,000",36.0%,2026-03-03,2026_1Q,0
제주 8계 2025-7642,전,전,전,제주,제주시,제주 제주시 해안동 36-70,"787,970,000","551,579,000",낙찰,"551,579,000",70.0%,2026-01-20,2026_1Q,0
제주 1계 2025-7671,단독주택,단독,단독주택,제주,제주시,제주 제주시 구좌읍 동복리 530-3 가동,"338,253,500","165,744,000",낙찰,"241,200,000",71.3%,2026-01-27,2026_1Q,0
제주 9계 2025-7682,오피스텔(주거),오피스텔,오피스텔(업무용),제주,제주시,"제주 제주시 이도일동 1690-4 ,1690-6 제주트리뷰아일랜드오피스텔 1동 3층 306호","87,000,000","42,630,000",낙찰,"56,100,000",64.5%,2026-03-17,2026_1Q,0
제주 7계 2025-7688(1),아파트,아파트,아파트,제주,제주시,제주 제주시 일도이동 162-31 신산미화 1층 가-101호,"100,000,000","70,000,000",낙찰,"96,999,999",97.0%,2026-02-10,2026_1Q,0
제주 1계 2025-7717,다세대,다세대주택,다세대,제주,서귀포시,제주 서귀포시 신효동 690-9 고좌호 다세대주택 4층 501호,"97,000,000","47,530,000",낙찰,"66,600,000",68.7%,2026-03-10,2026_1Q,0
제주 9계 2025-7742,다세대,다세대주택,다세대,제주,서귀포시,제주 서귀포시 대정읍 보성리 441 제주에듀골드힐 105동 2층 204호,"95,000,000","46,550,000",낙찰,"47,555,000",50.1%,2026-03-17,2026_1Q,0
제주 7계 2025-7749,아파트,아파트,아파트,제주,제주시,제주 제주시 노형동 945 유나이티드 1층 108호,"259,000,000","126,910,000",낙찰,"157,590,000",60.8%,2026-02-10,2026_1Q,0
제주 5계 2025-7757,전,전,전,제주,제주시,제주 제주시 용담삼동 1027,"2,936,140,000","1,438,709,000",낙찰,"1,439,160,000",49.0%,2026-03-03,2026_1Q,0
제주 1계 2025-7762,단독주택,단독,단독주택,제주,제주시,제주 제주시 건입동 999-4,"55,501,500","27,196,000",낙찰,"33,824,000",60.9%,2026-03-10,2026_1Q,0
제주 3계 2025-7769,오피스텔,오피스텔,오피스텔(업무용),제주,제주시,"제주 제주시 애월읍 애월리 1655 ,1656-1,1657-1 나폴리움 에이동 3층 302호","203,000,000","142,100,000",낙찰,"155,050,000",76.4%,2026-02-10,2026_1Q,0
제주 4계 2025-7809,연립,연립주택,연립·빌라,제주,서귀포시,"제주 서귀포시 대정읍 보성리 421 ,422-5 대경엘리시아3차 101동 1층 103호","655,000,000","224,665,000",낙찰,"235,226,666",35.9%,2026-01-13,2026_1Q,0
제주 2계 2025-7844,임야,임야,임야,제주,제주시,제주 제주시 회천동 2321-1,"783,822,000","384,073,000",낙찰,"396,000,000",50.5%,2026-02-03,2026_1Q,0
제주 3계 2025-7855,단독주택,단독,단독주택,제주,서귀포시,제주 서귀포시 남원읍 남원리 506-3,"333,074,000","233,152,000",낙찰,"234,300,000",70.3%,2026-02-10,2026_1Q,0
제주 5계 2025-7874,임야,임야,임야,제주,제주시,제주 제주시 조천읍 선흘리 산125,"20,628,000","14,440,000",낙찰,"16,200,000",78.5%,2026-03-03,2026_1Q,0
제주 9계 2025-7888,오피스텔,오피스텔,오피스텔(업무용),제주,제주시,"제주 제주시 노형동 2574-2 ,2574-3 노형휴캐슬 5층 508호","357,000,000","249,900,000",낙찰,"253,550,000",71.0%,2026-03-17,2026_1Q,0
제주 5계 2025-7893(2),대지,나대지,나대지,제주,서귀포시,제주 서귀포시 성산읍 시흥리 680,"78,126,000","54,688,000",낙찰,"56,850,000",72.8%,2026-03-03,2026_1Q,0
제주 2계 2025-7898,대지,나대지,나대지,제주,제주시,제주 제주시 삼도이동 827-22,"7,291,440,000","3,572,806,000",낙찰,"4,200,000,000",57.6%,2026-03-17,2026_1Q,0
제주 9계 2025-7914(1),숙박시설,숙박시설,숙박시설,제주,제주시,"제주 제주시 노형동 917-2 ,917-8,917-9 제주노형호텔 2층 201호","564,000,000","276,360,000",낙찰,"311,000,000",55.1%,2026-03-17,2026_1Q,0
제주 4계 2025-7925(6),임야,임야,임야,제주,서귀포시,제주 서귀포시 대정읍 가파리 15-2,"19,809,000","13,866,000",낙찰,"20,110,000",101.5%,2026-02-24,2026_1Q,0
제주 4계 2025-7933,근린주택,근린주택,근린주택,제주,서귀포시,제주 서귀포시 성산읍 오조리 13-2,"1,543,337,490","756,235,000",낙찰,"757,000,000",49.0%,2026-02-24,2026_1Q,0
제주 7계 2025-7936,차량,기타토지,기타토지,제주,제주시,제주 제주시 애월읍 광령리 509-2 제3자 (주)세경에게 보관,"10,000,000","7,000,000",낙찰,"8,871,000",88.7%,2026-01-06,2026_1Q,0
제주 4계 2025-7949(1),근린상가,근린상가,근린상가,제주,서귀포시,제주 서귀포시 표선면 표선리 2785,"2,052,995,480","704,178,000",낙찰,"757,550,000",36.9%,2026-02-24,2026_1Q,0
제주 4계 2025-7960,다세대,다세대주택,다세대,제주,서귀포시,"제주 서귀포시 안덕면 사계리 1516 산방산코아루아이비타운 108동 1,2층 103호","603,000,000","295,470,000",낙찰,"328,000,000",54.4%,2026-01-13,2026_1Q,0
제주 2계 2025-8013,차량,기타토지,기타토지,제주,제주시,제주 제주시 용담삼동 1274-1 제3자현대물품보관소내 보관,"25,000,000","17,500,000",낙찰,"20,100,000",80.4%,2026-03-17,2026_1Q,0
제주 4계 2025-8015,차량,기타토지,기타토지,제주,제주시,제주 제주시 애월읍 광령리 509-2 제3자(주)세경에게 보관,"12,500,000","8,750,000",낙찰,"11,529,000",92.2%,2026-01-13,2026_1Q,0
제주 4계 2025-8033,단독주택,단독,단독주택,제주,제주시,제주 제주시 구좌읍 송당리 1571-40,"460,301,800","225,548,000",낙찰,"260,000,000",56.5%,2026-01-13,2026_1Q,0
제주 4계 2025-8062,전,전,전,제주,제주시,제주 제주시 삼양일동 1099-2,"257,920,000","126,381,000",낙찰,"148,111,900",57.4%,2026-01-13,2026_1Q,0
제주 2계 2025-8069,다세대,다세대주택,다세대,제주,제주시,"제주 제주시 조천읍 조천리 664 투비하우스 1,2층 102호","411,000,000","201,390,000",낙찰,"270,000,000",65.7%,2026-03-17,2026_1Q,0
제주 2계 2025-8103,차량,기타토지,기타토지,제주,제주시,제주 제주시 용담삼동 1274-1 제3자현대물품보관소(주)내 보관,"12,000,000","4,116,000",낙찰,"5,299,000",44.2%,2026-03-17,2026_1Q,0
제주 4계 2025-8143,과수원,과수원,과수원,제주,서귀포시,제주 서귀포시 토평동 1985-2,"1,384,526,000","474,893,000",낙찰,"589,999,000",42.6%,2026-02-24,2026_1Q,0
제주 4계 2025-8161,오피스텔(주거),오피스텔,오피스텔(업무용),제주,제주시,"제주 제주시 삼도이동 913-5 ,913-8 진아타워 4층 505호","67,000,000","46,900,000",낙찰,"48,820,000",72.9%,2026-01-13,2026_1Q,0
제주 4계 2025-8351,과수원,과수원,과수원,제주,서귀포시,제주 서귀포시 대정읍 신평리 913-1,"1,036,142,000","507,709,000",낙찰,"601,000,000",58.0%,2026-02-24,2026_1Q,0
제주 4계 2025-8378,오피스텔(주거),오피스텔,오피스텔(업무용),제주,제주시,"제주 제주시 일도이동 602-1 ,602-2,602-3,602-4,602-5,602-9,602-11,602-13 제주신항코아루디펠리체 10층 1024호","278,000,000","136,220,000",낙찰,"148,000,000",53.2%,2026-02-24,2026_1Q,0
제주 6계 2025-8390,선박,기타토지,기타토지,제주,제주시,제주 제주시 한림읍 한림리 한림항포구내 정박,"393,545,440","134,986,000",낙찰,"191,000,010",48.5%,2026-02-24,2026_1Q,0
제주 8계 2025-8409,차량,기타토지,기타토지,제주,제주시,제주 제주시 애월읍 광령리 509-2 (주)세경내 보관,"28,000,000","19,600,000",낙찰,"30,500,000",108.9%,2026-01-20,2026_1Q,0
제주 4계 2025-8423,차량,기타토지,기타토지,제주,제주시,제주 제주시 애월읍 광령리 509-2 제3자(주)세경에게 보관,"45,000,000","31,500,000",낙찰,"39,699,900",88.2%,2026-01-13,2026_1Q,0
제주 3계 2025-8447,차량,기타토지,기타토지,제주,제주시,제주 제주시 용담삼동 1274-1 내 보관(제3자 현대물품보관소(주)),"13,000,000","9,100,000",낙찰,"11,320,000",87.1%,2026-01-06,2026_1Q,0
제주 4계 2025-8476,오피스텔(주거),오피스텔,오피스텔(업무용),제주,제주시,제주 제주시 삼도이동 1173-2 라온제나오피스텔삼도 5층 509호,"332,000,000","162,680,000",낙찰,"175,964,444",53.0%,2026-02-24,2026_1Q,0
제주 2계 2025-8557,차량,기타토지,기타토지,제주,제주시,제주 제주시 용담삼동 1274-1 현대물품보관소(주)내 보관,"17,000,000","11,900,000",낙찰,"13,370,000",78.6%,2026-02-03,2026_1Q,0
제주 3계 2025-8576,차량,기타토지,기타토지,제주,제주시,제주 제주시 애월읍 광령리 509-2 내 보관(제3자 (주)세경),"42,000,000","29,400,000",낙찰,"38,640,000",92.0%,2026-01-06,2026_1Q,0
제주 4계 2025-8612,다세대,다세대주택,다세대,제주,제주시,제주 제주시 아라일동 2331-1 파크하임4차골든뷰 1동 4층 502호,"615,000,000","430,500,000",낙찰,"507,000,000",82.4%,2026-02-24,2026_1Q,0
제주 1계 2025-8645,차량,기타토지,기타토지,제주,제주시,제주 제주시 용담삼동 1274-1 현대물품보관소(주)내 보관,"10,000,000","4,900,000",낙찰,"6,560,000",65.6%,2026-03-10,2026_1Q,0
제주 1계 2025-8656,차량,기타토지,기타토지,제주,제주시,제주 제주시 애월읍 광령리 509-2 제3자 (주)세경에게 보관,"15,000,000","10,500,000",낙찰,"11,119,000",74.1%,2026-03-10,2026_1Q,0
제주 9계 2025-8671,선박,기타토지,기타토지,제주,제주시,제주 제주시 도두일동 도두항내 정박(제3자(주)세경 보관),"120,732,000","84,512,000",낙찰,"101,100,000",83.7%,2026-03-17,2026_1Q,0
제주 6계 2025-8697,차량,기타토지,기타토지,제주,제주시,제주 제주시 애월읍 광령리 509-2 내 보관(제3자(주)세경에게보관),"14,000,000","9,800,000",낙찰,"11,500,000",82.1%,2026-02-24,2026_1Q,0
제주 2계 2025-8729,차량,기타토지,기타토지,제주,제주시,제주 제주시 용담삼동 1274-1 현대물품보관소(주)내 보관,"12,000,000","8,400,000",낙찰,"11,500,000",95.8%,2026-02-03,2026_1Q,0
제주 3계 2025-8802,차량,기타토지,기타토지,제주,제주시,제주 제주시 애월읍 광령리 509-2 내 보관(제3자 (주)세경),"34,000,000","23,800,000",낙찰,"28,770,000",84.6%,2026-01-06,2026_1Q,0
제주 9계 2025-8817,차량,기타토지,기타토지,제주,제주시,제주 제주시 용담삼동 1274-1 제3자 현대물품보관소(주) 보관,"17,000,000","11,900,000",낙찰,"13,800,000",81.2%,2026-02-03,2026_1Q,0
제주 5계 2025-8913,차량,기타토지,기타토지,제주,제주시,제주 제주시 용담삼동 1274-1 제3자 현대물품보관소(주)내 보관,"29,000,000","20,300,000",낙찰,"24,510,000",84.5%,2026-03-03,2026_1Q,0
