사건번호,용도,LTV_광주,LTV_전북,시도,시군구,소재지,감정가,최저가,결과,낙찰가,낙찰율,매각일,분기,기간구분
광주 1계 2024-7107,아파트형공장,공장(지식산업센터 업무시설),공장,광주,광산구,광주 광산구 오선동 270-106 지식산업센터케이비아이하남 3층 비-305호,"330,000,000","118,272,000",낙찰,"123,000,000",37.3%,2026-02-11,2026_1Q,0
광주 7계 2024-8711,아파트,아파트,아파트,광주,광산구,광주 광산구 선암동 783 선운지구해광샹그릴라 103동 2층 205호,"305,000,000","213,500,000",낙찰,"232,110,000",76.1%,2026-02-13,2026_1Q,0
광주 1계 2024-74008,아파트,아파트,아파트,광주,남구,광주 남구 주월동 543-9 주월동마이다스빌 101동 14층 1406호,"114,000,000","10,710,573",낙찰,"12,100,000",10.6%,2026-02-11,2026_1Q,0
광주 1계 2024-81358(1),근린상가,근린상가,근린상가,광주,광산구,광주 광산구 도산동 773-4 1층 103호,"592,000,000","265,216,000",낙찰,"288,694,400",48.8%,2026-02-11,2026_1Q,0
광주 7계 2024-85930,아파트,아파트,아파트,광주,광산구,광주 광산구 송정동 731-1 송정크레지움센트럴 2층 201호,"227,000,000","65,086,000",낙찰,"65,086,000",28.7%,2026-02-13,2026_1Q,0
광주 7계 2024-86605(3),오피스텔,오피스텔,오피스텔(업무용),광주,북구,광주 북구 각화동 594 힐스테이트각화 115동 2층 201호,"195,000,000","87,360,000",낙찰,"91,900,000",47.1%,2026-02-13,2026_1Q,0
광주 7계 2025-1724,아파트형공장,공장(지식산업센터 업무시설),공장,광주,북구,광주 북구 연제동 1038-6 첨단리채비즈타워지식산업센터 15층 비-1503호,"693,000,000","310,464,000",낙찰,"450,000,000",64.9%,2026-02-13,2026_1Q,0
광주 1계 2025-2727,아파트,아파트,아파트,광주,남구,광주 남구 봉선동 985 라인광장 102동 7층 708호,"187,000,000","104,720,000",낙찰,"130,111,000",69.6%,2026-02-11,2026_1Q,0
광주 1계 2025-3560,대지,나대지,나대지,광주,광산구,광주 광산구 연산동 1226,"1,098,618,000","769,032,600",낙찰,"845,900,000",77.0%,2026-02-11,2026_1Q,0
광주 1계 2025-30265(3),답,답,답,광주,북구,광주 북구 충효동 67-5,"23,542,000","8,437,000",낙찰,"9,199,900",39.1%,2026-02-11,2026_1Q,0
광주 1계 2025-30265(4),답,답,답,광주,북구,광주 북구 충효동 293,"26,964,000","9,664,000",낙찰,"10,249,900",38.0%,2026-02-11,2026_1Q,0
광주 7계 2025-32075,주상복합(주거),기타토지,기타토지,광주,남구,광주 남구 봉선동 1158 봉선동한국아델리움57 5층 501호,"1,830,000,000","1,281,000,000",낙찰,"1,310,000,000",71.6%,2026-02-13,2026_1Q,0
광주 1계 2025-32271,아파트,아파트,아파트,광주,북구,광주 북구 용봉동 17-2 성산 1동 2층 206호,"175,000,000","78,400,000",낙찰,"101,190,000",57.8%,2026-02-11,2026_1Q,0
광주 1계 2025-32355,전,전,전,광주,남구,광주 남구 신장동 513,"103,800,000","46,502,400",낙찰,"48,100,000",46.3%,2026-02-11,2026_1Q,0
광주 7계 2025-32471,아파트,아파트,아파트,광주,북구,"광주 북구 용두동 330 ,308-5,309-3 양산타운 103동 2층 202호","138,000,000","96,600,000",낙찰,"131,999,900",95.7%,2026-02-13,2026_1Q,0
광주 1계 2025-32875,근린상가,근린상가,근린상가,광주,광산구,광주 광산구 수완동 727 가동 3층 301호,"454,000,000","317,800,000",낙찰,"333,333,000",73.4%,2026-02-11,2026_1Q,0
광주 7계 2025-32882,아파트,아파트,아파트,광주,광산구,광주 광산구 선암동 549 광주선운지구이지더원3단지 307동 11층 1101호,"349,000,000","244,300,000",낙찰,"334,408,289",95.8%,2026-02-13,2026_1Q,0
광주 7계 2025-32910,아파트,아파트,아파트,광주,광산구,"광주 광산구 장덕동 1593 ,1594 광주수완현진에버빌2단지 211동 3층 303호","396,000,000","277,200,000",낙찰,"378,900,000",95.7%,2026-02-13,2026_1Q,0
광주 7계 2025-33702,차량,기타토지,기타토지,광주,광산구,광주 광산구 우산동 218-5 제3자 서창다리주차장내 보관,"18,000,000","12,600,000",낙찰,"16,499,945",91.7%,2026-02-13,2026_1Q,0
광주 7계 2025-33970,차량,기타토지,기타토지,광주,광산구,광주 광산구 산정동 156 제3자 여대주차장내 보관,"30,000,000","21,000,000",낙찰,"28,910,000",96.4%,2026-02-13,2026_1Q,0
광주 5계 2023-8813(1),아파트상가,아파트상가,기타토지,광주,서구,"광주 서구 치평동 1330 ,마륵동 802 갤러리303 근린시설동 1층 106호","1,297,000,000","464,845,000",낙찰,"464,845,000",35.80%,2026-01-21,2026_1Q,1
광주 6계 2023-9878,근린상가,근린상가,근린상가,광주,서구,"광주 서구 화정동 23-147 ,23-247 메리앙혼수백화점 2층 205호","124,000,000","55,552,000",낙찰,"56,012,800",45.20%,2026-01-28,2026_1Q,0
광주 3계 2023-76809,오피스텔(주거),오피스텔,오피스텔(업무용),광주,동구,"광주 동구 금남로4가 79-1 ,충장로4가 7-3,7-14 로머스파크 13층 1305호","124,000,000","2,444,000",낙찰,"3,650,000",2.90%,2026-01-22,2026_1Q,1
광주 6계 2024-5538(3),오피스텔,오피스텔,오피스텔(업무용),광주,동구,"광주 동구 금남로4가 79-1 ,충장로4가 7-3,7-14 로머스파크주건축물 19층 1904호","336,000,000","150,528,000",낙찰,"157,888,900",47.00%,2026-01-28,2026_1Q,0
광주 6계 2024-5538(4),오피스텔,오피스텔,오피스텔(업무용),광주,동구,"광주 동구 금남로4가 79-1 ,충장로4가 7-3,7-14 로머스파크주건축물 22층 2204호","342,000,000","153,216,000",낙찰,"164,186,300",48.00%,2026-01-28,2026_1Q,0
광주 5계 2024-5767,전,전,전,광주,광산구,광주 광산구 북산동 594-2,"13,353,100","13,353,100",낙찰,"15,210,000",113.90%,2026-01-21,2026_1Q,1
광주 12계 2024-6999,단독주택,단독,단독주택,광주,동구,광주 동구 산수동 547-72,"971,470,640","544,024,000",낙찰,"583,000,000",60.00%,2026-01-23,2026_1Q,1
광주 3계 2024-7121(1),의료시설,병원,병원,광주,남구,광주 남구 행암동 711 2층 201호,"684,000,000","156,894,000",낙찰,"156,894,000",22.90%,2026-01-22,2026_1Q,1
광주 3계 2024-7121(2),의료시설,병원,병원,광주,남구,광주 남구 행암동 711 2층 202호,"255,000,000","58,492,000",낙찰,"58,492,000",22.90%,2026-01-22,2026_1Q,1
광주 3계 2024-7121(3),의료시설,병원,병원,광주,남구,광주 남구 행암동 711 2층 203호,"1,050,000,000","240,845,000",낙찰,"240,845,000",22.90%,2026-01-22,2026_1Q,1
광주 3계 2024-7121(4),의료시설,병원,병원,광주,남구,광주 남구 행암동 711 2층 204호,"167,000,000","38,307,000",낙찰,"38,307,000",22.90%,2026-01-22,2026_1Q,1
광주 3계 2024-7121(5),의료시설,병원,병원,광주,남구,광주 남구 행암동 711 2층 205호,"172,000,000","39,453,000",낙찰,"39,453,000",22.90%,2026-01-22,2026_1Q,1
광주 3계 2024-7121(6),근린상가,근린상가,근린상가,광주,남구,광주 남구 행암동 711 2층 206호,"42,000,000","9,635,000",낙찰,"9,700,000",23.10%,2026-01-22,2026_1Q,1
광주 12계 2024-7459,공장,공장(지식산업센터 업무시설),공장,광주,북구,광주 북구 월출동 970-65 가동,"3,201,780,960","2,241,247,000",낙찰,"3,250,000,000",101.50%,2026-01-23,2026_1Q,1
광주 3계 2024-8056,아파트,아파트,아파트,광주,북구,광주 북구 양산동 804 마루힐센트럴파크 4층 403호,"125,000,000","35,840,000",낙찰,"125,000,000",100.00%,2026-01-22,2026_1Q,1
광주 12계 2024-8131,아파트,아파트,아파트,광주,광산구,광주 광산구 소촌동 877 소촌동모아엘가 101동 14층 1401호,"273,000,000","191,100,000",낙찰,"238,894,000",87.50%,2026-01-23,2026_1Q,1
광주 8계 2024-8445,아파트,아파트,아파트,광주,광산구,광주 광산구 월곡동 681-1 영천마을 주공 915동 19층 1902호,"278,000,000","194,600,000",낙찰,"225,299,999",81.00%,2026-01-29,2026_1Q,0
광주 12계 2024-65127(6),근린상가,근린상가,근린상가,광주,서구,광주 서구 동천동 627 일군타워 6층 601호,"362,000,000","162,176,000",낙찰,"187,010,000",51.70%,2026-01-23,2026_1Q,1
광주 12계 2024-73081(1),아파트,아파트,아파트,광주,광산구,광주 광산구 월계동 884-2 첨단에이엠시티 9층 909호,"49,000,000","34,300,000",낙찰,"40,775,000",83.20%,2026-01-23,2026_1Q,1
광주 12계 2024-73081(2),아파트,아파트,아파트,광주,광산구,광주 광산구 월계동 884-2 첨단에이엠시티 4층 401호,"48,000,000","33,600,000",낙찰,"40,255,000",83.90%,2026-01-23,2026_1Q,1
광주 12계 2024-73081(3),오피스텔(주거),오피스텔,오피스텔(업무용),광주,광산구,광주 광산구 월계동 893-1 무들에코클래스 4층 427호,"106,000,000","74,200,000",낙찰,"84,500,000",79.70%,2026-01-23,2026_1Q,1
광주 12계 2024-73081(4),오피스텔,오피스텔,오피스텔(업무용),광주,광산구,광주 광산구 월계동 893-1 무들에코클래스 3층 336호,"112,000,000","78,400,000",낙찰,"88,500,000",79.00%,2026-01-23,2026_1Q,1
광주 12계 2024-73081(5),아파트,아파트,아파트,광주,광산구,광주 광산구 월계동 893-1 무들에코클래스 8층 824호,"53,000,000","37,100,000",낙찰,"40,101,000",75.70%,2026-01-23,2026_1Q,1
광주 12계 2024-73081(6),아파트,아파트,아파트,광주,광산구,광주 광산구 쌍암동 682-1 에이엠시티5차 5층 503호,"83,000,000","58,100,000",낙찰,"59,500,000",71.70%,2026-01-23,2026_1Q,1
광주 12계 2024-73081(7),아파트,아파트,아파트,광주,광산구,광주 광산구 쌍암동 682-1 에이엠시티5차 7층 703호,"85,000,000","59,500,000",낙찰,"66,255,500",77.90%,2026-01-23,2026_1Q,1
광주 12계 2024-73081(8),아파트,아파트,아파트,광주,광산구,광주 광산구 쌍암동 682-1 에이엠시티5차 7층 701호,"85,000,000","59,500,000",낙찰,"65,457,000",77.00%,2026-01-23,2026_1Q,1
광주 12계 2024-75223,아파트,아파트,아파트,광주,남구,광주 남구 송하동 126-2 송하동진아리채2단지 505동 3층 301호,"261,000,000","182,700,000",낙찰,"211,556,000",81.10%,2026-01-23,2026_1Q,1
광주 12계 2024-77441,대지,나대지,나대지,광주,북구,광주 북구 유동 7-26,"75,640,000","33,888,000",낙찰,"33,891,000",44.80%,2026-01-23,2026_1Q,1
광주 3계 2024-81204(7),아파트,아파트,아파트,광주,북구,광주 북구 매곡동 31-1 Am-City 7층 709호,"73,000,000","20,932,000",낙찰,"21,000,000",28.80%,2026-01-22,2026_1Q,1
광주 12계 2024-81341,아파트,아파트,아파트,광주,광산구,광주 광산구 우산동 1625 쌍용더플래티넘광산 108동 16층 1601호,"550,000,000","385,000,000",낙찰,"441,004,470",80.20%,2026-01-23,2026_1Q,1
광주 8계 2024-81563(2),근린상가,근린상가,근린상가,광주,남구,광주 남구 행암동 590 제이엔비타워 4층 402호,"193,000,000","86,464,000",낙찰,"87,555,000",45.40%,2026-01-29,2026_1Q,0
광주 6계 2024-81815(7),대지,나대지,나대지,광주,북구,광주 북구 양산동 1061,"1,271,970,000","455,874,000",낙찰,"569,811,000",44.80%,2026-01-28,2026_1Q,0
광주 12계 2024-82665,아파트,아파트,아파트,광주,광산구,광주 광산구 월계동 755-4 성원 101동 2층 203호,"348,000,000","243,600,000",낙찰,"255,780,000",73.50%,2026-01-23,2026_1Q,1
광주 12계 2024-84180(1),도로,기타토지,기타토지,광주,북구,광주 북구 중흥동 361-35,"7,744,660","7,744,660",낙찰,"7,888,000",101.90%,2026-01-23,2026_1Q,1
광주 12계 2024-84180(2),도로,기타토지,기타토지,광주,북구,광주 북구 중흥동 361-38,"7,744,660","7,744,660",낙찰,"7,888,000",101.90%,2026-01-23,2026_1Q,1
광주 8계 2024-85411,임야,임야,임야,광주,광산구,광주 광산구 동산동 산173,"39,537,000","22,141,000",낙찰,"25,100,000",63.50%,2026-01-29,2026_1Q,0
광주 8계 2024-85671,답,답,답,광주,북구,광주 북구 금곡동 908-2,"12,930,500","12,930,500",낙찰,"12,950,000",100.20%,2026-01-29,2026_1Q,0
광주 12계 2024-85862,아파트,아파트,아파트,광주,북구,광주 북구 일곡동 849-1 한일 102동 20층 2006호,"160,000,000","112,000,000",낙찰,"141,289,900",88.30%,2026-01-23,2026_1Q,1
광주 8계 2024-87554,아파트,아파트,아파트,광주,서구,광주 서구 쌍촌동 904 상무푸르지오 104동 5층 504호,"770,000,000","539,000,000",낙찰,"619,899,000",80.50%,2026-01-29,2026_1Q,0
광주 6계 2024-88540,아파트,아파트,아파트,광주,서구,광주 서구 치평동 1258-5 상무리채2 6층 621호,"70,000,000","39,200,000",낙찰,"44,111,000",63.00%,2026-01-28,2026_1Q,0
광주 8계 2024-88564,아파트,아파트,아파트,광주,북구,"광주 북구 두암동 72-4 ,100,111,814-7,814-8 현대 108동 8층 801호","229,000,000","160,300,000",낙찰,"195,888,810",85.50%,2026-01-29,2026_1Q,0
광주 8계 2024-89352,아파트,아파트,아파트,광주,남구,광주 남구 행암동 598 효천남해오네뜨2단지 203동 10층 1002호,"348,000,000","243,600,000",낙찰,"275,100,000",79.10%,2026-01-29,2026_1Q,0
광주 8계 2024-89444,아파트,아파트,아파트,광주,동구,광주 동구 계림동 1869 계림아이파크에스케이뷰 109동 6층 605호,"751,000,000","525,700,000",낙찰,"603,405,400",80.30%,2026-01-29,2026_1Q,0
광주 3계 2025-73,아파트,아파트,아파트,광주,북구,광주 북구 두암동 968-1 율곡타운 111동 6층 602호,"78,000,000","54,600,000",낙찰,"63,870,000",81.90%,2026-01-22,2026_1Q,1
광주 6계 2025-936,아파트,아파트,아파트,광주,남구,광주 남구 월산동 411-3 제일파크맨션 15층 1505호,"86,000,000","60,200,000",낙찰,"68,011,000",79.10%,2026-01-28,2026_1Q,0
광주 5계 2025-2031,아파트,아파트,아파트,광주,광산구,"광주 광산구 쌍암동 694-70 ,694-71,694-72 첨단도휘에드가2차 9층 914호","62,000,000","34,720,000",낙찰,"34,720,000",56.00%,2026-01-21,2026_1Q,1
광주 5계 2025-3263,아파트,아파트,아파트,광주,북구,광주 북구 각화동 471 금호 2동 3층 305호,"167,000,000","116,900,000",낙찰,"142,300,000",85.20%,2026-01-21,2026_1Q,1
광주 3계 2025-4549,아파트,아파트,아파트,광주,광산구,광주 광산구 쌍암동 682-1 에이엠시티5차 12층 1210호,"87,000,000","48,720,000",낙찰,"48,720,000",56.00%,2026-01-22,2026_1Q,1
광주 6계 2025-4822,아파트,아파트,아파트,광주,북구,광주 북구 신용동 737 광주첨단2지구사랑으로부영 116동 4층 404호,"336,000,000","235,200,000",낙찰,"311,170,000",92.60%,2026-01-28,2026_1Q,0
광주 6계 2025-30104(2),아파트,아파트,아파트,광주,북구,"광주 북구 두암동 72-4 ,100,111,814-7,814-8 현대 102동 18층 1801호","330,000,000","231,000,000",낙찰,"242,500,000",73.50%,2026-01-28,2026_1Q,0
광주 3계 2025-31190,근린상가,근린상가,근린상가,광주,동구,광주 동구 계림동 1815 푸른길두산위브 227동 지하1층 상가13호,"2,250,000,000","1,575,000,000",낙찰,"1,600,000,000",71.10%,2026-01-22,2026_1Q,1
광주 8계 2025-31695,아파트,아파트,아파트,광주,서구,광주 서구 내방동 848 화정센트럴파크 110동 4층 404호,"180,000,000","126,000,000",낙찰,"175,100,000",97.30%,2026-01-29,2026_1Q,0
광주 6계 2025-31862(3),오피스텔(상가),오피스텔,오피스텔(업무용),광주,남구,광주 남구 진월동 335-11 금산빌딩 3층 301호,"1,286,000,000","900,200,000",낙찰,"905,000,000",70.40%,2026-01-28,2026_1Q,0
광주 6계 2025-32010,아파트,아파트,아파트,광주,서구,광주 서구 쌍촌동 965-13 대림 2층 203호,"119,000,000","66,640,000",낙찰,"77,777,000",65.40%,2026-01-28,2026_1Q,0
광주 3계 2025-32021,오피스텔,오피스텔,오피스텔(업무용),광주,동구,"광주 동구 금남로4가 79-1 ,충장로4가 7-3,7-14 로머스파크주건축물 21층 2116호","120,000,000","67,200,000",낙찰,"80,000,000",66.70%,2026-01-22,2026_1Q,1
광주 5계 2025-32055,아파트,아파트,아파트,광주,서구,광주 서구 쌍촌동 137-4 신천힐탑맨션 101동 1층 103호,"113,000,000","79,100,000",낙찰,"94,185,500",83.40%,2026-01-21,2026_1Q,1
광주 12계 2025-32160,아파트,아파트,아파트,광주,광산구,"광주 광산구 쌍암동 660-7 ,660-8 에이엠시티4차 5층 503호","76,000,000","76,000,000",낙찰,"76,980,000",101.30%,2026-01-23,2026_1Q,1
광주 3계 2025-32177,아파트,아파트,아파트,광주,광산구,광주 광산구 쌍암동 676-3 첨단센트럴파크2차 202동 5층 505호,"186,000,000","104,160,000",낙찰,"104,160,000",56.00%,2026-01-22,2026_1Q,1
광주 8계 2025-32214,대지,나대지,나대지,광주,남구,광주 남구 임암동 786,"1,770,782,000","793,310,000",낙찰,"803,100,000",45.40%,2026-01-29,2026_1Q,0
광주 3계 2025-32306,오피스텔(주거),오피스텔,오피스텔(업무용),광주,동구,"광주 동구 수기동 68-1 ,61-1,61-2,68,68-4,71,73-14 금남로유탑유블레스원시티 18층 1812호","125,000,000","87,500,000",낙찰,"87,830,000",70.30%,2026-01-22,2026_1Q,1
광주 5계 2025-32370,차량,기타토지,기타토지,광주,광산구,광주 광산구 산정동 156 여대주차장(062-953-8424)내보관,"24,000,000","16,800,000",낙찰,"18,419,000",76.70%,2026-01-21,2026_1Q,1
광주 3계 2025-32377,아파트,아파트,아파트,광주,북구,"광주 북구 두암동 947-1 ,947-2 부영맨션 105동 1층 109호","110,000,000","61,600,000",낙찰,"61,827,700",56.20%,2026-01-22,2026_1Q,1
광주 3계 2025-32408,아파트,아파트,아파트,광주,동구,광주 동구 계림동 1845 두산위브더파크 309동 12층 1203호,"546,000,000","382,200,000",낙찰,"478,999,000",87.70%,2026-01-22,2026_1Q,1
광주 3계 2025-32427,다세대,다세대주택,다세대,광주,북구,"광주 북구 오치동 957-5 ,957-6,957-27 3층 302호","67,000,000","46,900,000",낙찰,"50,590,900",75.50%,2026-01-22,2026_1Q,1
광주 6계 2025-32437,아파트,아파트,아파트,광주,북구,광주 북구 풍향동 808 교대금호어울림 103동 11층 1101호,"406,000,000","284,200,000",낙찰,"370,600,170",91.30%,2026-01-28,2026_1Q,0
광주 5계 2025-32467,아파트,아파트,아파트,광주,북구,광주 북구 각화동 471 금호 5동 1층 102호,"79,000,000","44,240,000",낙찰,"53,030,000",67.10%,2026-01-21,2026_1Q,1
광주 6계 2025-32470,아파트,아파트,아파트,광주,동구,광주 동구 금남로5가 154-1 금남로에이엠시티하이클래스 15층 1717호,"76,000,000","53,200,000",낙찰,"53,200,000",70.00%,2026-01-28,2026_1Q,0
광주 6계 2025-32492,아파트,아파트,아파트,광주,광산구,광주 광산구 쌍암동 676-3 첨단센트럴파크2차 201동 12층 1208호,"177,000,000","123,900,000",낙찰,"163,890,000",92.60%,2026-01-28,2026_1Q,0
광주 3계 2025-32533,아파트,아파트,아파트,광주,광산구,광주 광산구 선암동 586 선운지구다사로움 107동 17층 1702호,"315,000,000","220,500,000",낙찰,"266,990,000",84.80%,2026-01-22,2026_1Q,1
광주 3계 2025-32655,아파트,아파트,아파트,광주,광산구,광주 광산구 쌍암동 676-3 첨단센트럴파크2차 201동 14층 1409호,"177,000,000","123,900,000",낙찰,"123,900,000",70.00%,2026-01-22,2026_1Q,1
광주 12계 2025-32730,아파트,아파트,아파트,광주,광산구,광주 광산구 신가동 1048 신창6차호반베르디움 612동 4층 404호,"282,000,000","197,400,000",낙찰,"240,100,000",85.10%,2026-01-23,2026_1Q,1
광주 3계 2025-32731,아파트,아파트,아파트,광주,북구,광주 북구 각화동 471 금호 6동 7층 702호,"210,000,000","147,000,000",낙찰,"164,000,000",78.10%,2026-01-22,2026_1Q,1
광주 5계 2025-32864,아파트,아파트,아파트,광주,남구,광주 남구 백운동 699 힐스테이트백운 102동 12층 1203호,"420,000,000","294,000,000",낙찰,"395,700,150",94.20%,2026-01-21,2026_1Q,1
광주 3계 2025-32916,아파트,아파트,아파트,광주,서구,광주 서구 쌍촌동 1337-3 중흥에스-클래스 102동 1층 106호,"302,000,000","211,400,000",낙찰,"271,570,000",89.90%,2026-01-22,2026_1Q,1
광주 3계 2025-32937,아파트,아파트,아파트,광주,서구,광주 서구 풍암동 1132 우미광장 107동 13층 1302호,"178,000,000","178,000,000",낙찰,"178,000,000",100.00%,2026-01-22,2026_1Q,1
광주 12계 2025-33114,차량,기타토지,기타토지,광주,남구,광주 남구 송하동 348-1 송원주차장(010-3622-7261)내 보관,"12,000,000","6,720,000",낙찰,"7,700,000",64.20%,2026-01-23,2026_1Q,1
광주 6계 2025-33160,아파트,아파트,아파트,광주,남구,"광주 남구 주월동 456 ,456-1,456-6,463-13 현대 14동 12층 1204호","116,000,000","81,200,000",낙찰,"113,170,000",97.60%,2026-01-28,2026_1Q,0
광주 12계 2025-33196,차량,기타토지,기타토지,광주,동구,"광주 동구 소태동 493-1 ,493-10,494-1,494-2 영빈2주차장(010-5743-8200)내 보관","6,000,000","3,360,000",낙찰,"4,300,000",71.70%,2026-01-23,2026_1Q,1
광주 3계 2025-33520,차량,기타토지,기타토지,광주,남구,광주 남구 송하동 348-1 송원주차장내 보관(연락처 010-3622-7261),"13,000,000","9,100,000",낙찰,"9,700,000",74.60%,2026-01-22,2026_1Q,1
광주 12계 2025-33567,차량,기타토지,기타토지,광주,광산구,광주 광산구 산정동 156 여대주차장(062-953-8424)내 보관,"20,000,000","14,000,000",낙찰,"16,610,000",83.00%,2026-01-23,2026_1Q,1
광주 3계 2025-33577,차량,기타토지,기타토지,광주,광산구,"광주 광산구 산정동 156 여대주차장내 보관(062-953-8424,010-5550-8424)","25,000,000","17,500,000",낙찰,"21,110,000",84.40%,2026-01-22,2026_1Q,1
광주 5계 2025-33580,차량,기타토지,기타토지,광주,광산구,광주 광산구 월전동 92-1 평동주차장내 보관,"18,000,000","12,600,000",낙찰,"14,520,000",80.70%,2026-01-21,2026_1Q,1
광주 3계 2025-33865,차량,기타토지,기타토지,광주,광산구,광주 광산구 월전동 92-1 평동주차장내 보관(010-4629-2670),"10,000,000","7,000,000",낙찰,"7,139,700",71.40%,2026-01-22,2026_1Q,1
광주 10계 2023-4460(1),근린상가,근린상가,근린상가,광주,서구,"광주 서구 매월동 750-4 ,756-3 지하1층 101호","1,059,000,000","242,910,000",낙찰,"292,110,000",27.60%,2026-01-09,2026_1Q,1
광주 5계 2023-8813(1),아파트상가,아파트상가,기타토지,광주,서구,"광주 서구 치평동 1330 ,마륵동 802 갤러리303 근린시설동 1층 106호","1,297,000,000","464,845,000",낙찰,"464,845,000",35.80%,2026-01-21,2026_1Q,1
광주 6계 2023-9878,근린상가,근린상가,근린상가,광주,서구,"광주 서구 화정동 23-147 ,23-247 메리앙혼수백화점 2층 205호","124,000,000","55,552,000",낙찰,"56,012,800",45.20%,2026-01-28,2026_1Q,0
광주 1계 2023-71316,아파트,아파트,아파트,광주,북구,"광주 북구 매곡동 178-7 ,178-16,182-28 아남 101동 1층 104호","167,000,000","93,520,000",낙찰,"111,000,000",66.50%,2026-01-07,2026_1Q,1
광주 3계 2023-76809,오피스텔(주거),오피스텔,오피스텔(업무용),광주,동구,"광주 동구 금남로4가 79-1 ,충장로4가 7-3,7-14 로머스파크 13층 1305호","124,000,000","2,444,000",낙찰,"3,650,000",2.90%,2026-01-22,2026_1Q,1
광주 2계 2024-2232(1),전,전,전,광주,동구,광주 동구 지산동 268-4,"387,530,000","173,614,000",낙찰,"180,001,000",46.40%,2026-01-08,2026_1Q,1
광주 2계 2024-2232(2),임야,임야,임야,광주,동구,광주 동구 지산동 268-7,"663,040,000","297,043,000",낙찰,"305,001,000",46.00%,2026-01-08,2026_1Q,1
광주 11계 2024-3129,아파트,아파트,아파트,광주,남구,광주 남구 노대동 835 송화레이크포레 605동 3층 303호,"528,000,000","369,600,000",낙찰,"444,444,000",84.20%,2026-01-20,2026_1Q,1
광주 10계 2024-3709(2),아파트상가,아파트상가,기타토지,광주,남구,광주 남구 지석동 444 일진스위트포레 상가동 1층 1-101호,"167,000,000","59,853,000",낙찰,"59,990,000",35.90%,2026-01-09,2026_1Q,1
광주 10계 2024-3709(4),아파트상가,아파트상가,기타토지,광주,남구,광주 남구 지석동 444 일진스위트포레 상가동 1층 1-103호,"330,000,000","118,272,000",낙찰,"118,990,000",36.10%,2026-01-09,2026_1Q,1
광주 1계 2024-5354,주상복합(상가),기타토지,기타토지,광주,북구,광주 북구 우산동 4-1 우산동우미프라자 지하1층 6호,"219,000,000","40,186,675",낙찰,"41,120,000",18.80%,2026-01-07,2026_1Q,1
광주 6계 2024-5538(3),오피스텔,오피스텔,오피스텔(업무용),광주,동구,"광주 동구 금남로4가 79-1 ,충장로4가 7-3,7-14 로머스파크주건축물 19층 1904호","336,000,000","150,528,000",낙찰,"157,888,900",47.00%,2026-01-28,2026_1Q,0
광주 6계 2024-5538(4),오피스텔,오피스텔,오피스텔(업무용),광주,동구,"광주 동구 금남로4가 79-1 ,충장로4가 7-3,7-14 로머스파크주건축물 22층 2204호","342,000,000","153,216,000",낙찰,"164,186,300",48.00%,2026-01-28,2026_1Q,0
광주 5계 2024-5767,전,전,전,광주,광산구,광주 광산구 북산동 594-2,"13,353,100","13,353,100",낙찰,"15,210,000",113.90%,2026-01-21,2026_1Q,1
광주 9계 2024-6036,임야,임야,임야,광주,북구,광주 북구 문흥동 산26,"666,440,000","152,866,000",낙찰,"160,200,000",24.00%,2026-01-14,2026_1Q,1
광주 9계 2024-6142,연립,연립주택,연립·빌라,광주,남구,광주 남구 주월동 497 에이엠시티101 4층 415호,"50,000,000","7,340,000",낙찰,"7,340,000",14.70%,2026-01-14,2026_1Q,1
광주 12계 2024-6999,단독주택,단독,단독주택,광주,동구,광주 동구 산수동 547-72,"971,470,640","544,024,000",낙찰,"583,000,000",60.00%,2026-01-23,2026_1Q,1
광주 3계 2024-7121(1),의료시설,병원,병원,광주,남구,광주 남구 행암동 711 2층 201호,"684,000,000","156,894,000",낙찰,"156,894,000",22.90%,2026-01-22,2026_1Q,1
광주 3계 2024-7121(2),의료시설,병원,병원,광주,남구,광주 남구 행암동 711 2층 202호,"255,000,000","58,492,000",낙찰,"58,492,000",22.90%,2026-01-22,2026_1Q,1
광주 3계 2024-7121(3),의료시설,병원,병원,광주,남구,광주 남구 행암동 711 2층 203호,"1,050,000,000","240,845,000",낙찰,"240,845,000",22.90%,2026-01-22,2026_1Q,1
광주 3계 2024-7121(4),의료시설,병원,병원,광주,남구,광주 남구 행암동 711 2층 204호,"167,000,000","38,307,000",낙찰,"38,307,000",22.90%,2026-01-22,2026_1Q,1
광주 3계 2024-7121(5),의료시설,병원,병원,광주,남구,광주 남구 행암동 711 2층 205호,"172,000,000","39,453,000",낙찰,"39,453,000",22.90%,2026-01-22,2026_1Q,1
광주 3계 2024-7121(6),근린상가,근린상가,근린상가,광주,남구,광주 남구 행암동 711 2층 206호,"42,000,000","9,635,000",낙찰,"9,700,000",23.10%,2026-01-22,2026_1Q,1
광주 10계 2024-7312,근린상가,근린상가,근린상가,광주,서구,"광주 서구 치평동 897-7 ,897-8,897-9","12,001,510,500","6,720,846,000",낙찰,"7,101,100,000",59.20%,2026-01-09,2026_1Q,1
광주 12계 2024-7459,공장,공장(지식산업센터 업무시설),공장,광주,북구,광주 북구 월출동 970-65 가동,"3,201,780,960","2,241,247,000",낙찰,"3,250,000,000",101.50%,2026-01-23,2026_1Q,1
광주 2계 2024-7466,아파트,아파트,아파트,광주,북구,광주 북구 양산동 18-3 호반리젠시빌 203동 16층 1606호,"270,000,000","77,415,000",낙찰,"147,000,000",54.40%,2026-01-08,2026_1Q,1
광주 10계 2024-7886,아파트,아파트,아파트,광주,광산구,광주 광산구 산월동 885-3 부영그린타운 1105동 1층 101호,"327,000,000","228,900,000",낙찰,"246,970,000",75.50%,2026-01-09,2026_1Q,1
광주 3계 2024-8056,아파트,아파트,아파트,광주,북구,광주 북구 양산동 804 마루힐센트럴파크 4층 403호,"125,000,000","35,840,000",낙찰,"125,000,000",100.00%,2026-01-22,2026_1Q,1
광주 12계 2024-8131,아파트,아파트,아파트,광주,광산구,광주 광산구 소촌동 877 소촌동모아엘가 101동 14층 1401호,"273,000,000","191,100,000",낙찰,"238,894,000",87.50%,2026-01-23,2026_1Q,1
광주 8계 2024-8445,아파트,아파트,아파트,광주,광산구,광주 광산구 월곡동 681-1 영천마을 주공 915동 19층 1902호,"278,000,000","194,600,000",낙찰,"225,299,999",81.00%,2026-01-29,2026_1Q,0
광주 9계 2024-9042,공장,공장(지식산업센터 업무시설),공장,광주,광산구,"광주 광산구 연산동 1264 ,1265,1272,1273 주1동","12,339,864,560","6,910,324,000",낙찰,"8,600,000,000",69.70%,2026-01-14,2026_1Q,1
광주 1계 2024-9554,단독주택,단독,단독주택,광주,남구,광주 남구 봉선동 1116-8,"239,217,290","107,169,345",낙찰,"128,000,000",53.50%,2026-01-07,2026_1Q,1
광주 12계 2024-65127(6),근린상가,근린상가,근린상가,광주,서구,광주 서구 동천동 627 일군타워 6층 601호,"362,000,000","162,176,000",낙찰,"187,010,000",51.70%,2026-01-23,2026_1Q,1
광주 11계 2024-71559(2),답,답,답,광주,광산구,광주 광산구 송학동 92-6,"173,548,000","62,200,000",낙찰,"63,093,000",36.40%,2026-01-20,2026_1Q,1
광주 11계 2024-71559(3),답,답,답,광주,광산구,광주 광산구 송학동 96-8,"104,784,000","37,555,000",낙찰,"39,000,000",37.20%,2026-01-20,2026_1Q,1
광주 12계 2024-73081(1),아파트,아파트,아파트,광주,광산구,광주 광산구 월계동 884-2 첨단에이엠시티 9층 909호,"49,000,000","34,300,000",낙찰,"40,775,000",83.20%,2026-01-23,2026_1Q,1
광주 12계 2024-73081(2),아파트,아파트,아파트,광주,광산구,광주 광산구 월계동 884-2 첨단에이엠시티 4층 401호,"48,000,000","33,600,000",낙찰,"40,255,000",83.90%,2026-01-23,2026_1Q,1
광주 12계 2024-73081(3),오피스텔(주거),오피스텔,오피스텔(업무용),광주,광산구,광주 광산구 월계동 893-1 무들에코클래스 4층 427호,"106,000,000","74,200,000",낙찰,"84,500,000",79.70%,2026-01-23,2026_1Q,1
광주 12계 2024-73081(4),오피스텔,오피스텔,오피스텔(업무용),광주,광산구,광주 광산구 월계동 893-1 무들에코클래스 3층 336호,"112,000,000","78,400,000",낙찰,"88,500,000",79.00%,2026-01-23,2026_1Q,1
광주 12계 2024-73081(5),아파트,아파트,아파트,광주,광산구,광주 광산구 월계동 893-1 무들에코클래스 8층 824호,"53,000,000","37,100,000",낙찰,"40,101,000",75.70%,2026-01-23,2026_1Q,1
광주 12계 2024-73081(6),아파트,아파트,아파트,광주,광산구,광주 광산구 쌍암동 682-1 에이엠시티5차 5층 503호,"83,000,000","58,100,000",낙찰,"59,500,000",71.70%,2026-01-23,2026_1Q,1
광주 12계 2024-73081(7),아파트,아파트,아파트,광주,광산구,광주 광산구 쌍암동 682-1 에이엠시티5차 7층 703호,"85,000,000","59,500,000",낙찰,"66,255,500",77.90%,2026-01-23,2026_1Q,1
광주 12계 2024-73081(8),아파트,아파트,아파트,광주,광산구,광주 광산구 쌍암동 682-1 에이엠시티5차 7층 701호,"85,000,000","59,500,000",낙찰,"65,457,000",77.00%,2026-01-23,2026_1Q,1
광주 12계 2024-75223,아파트,아파트,아파트,광주,남구,광주 남구 송하동 126-2 송하동진아리채2단지 505동 3층 301호,"261,000,000","182,700,000",낙찰,"211,556,000",81.10%,2026-01-23,2026_1Q,1
광주 12계 2024-77441,대지,나대지,나대지,광주,북구,광주 북구 유동 7-26,"75,640,000","33,888,000",낙찰,"33,891,000",44.80%,2026-01-23,2026_1Q,1
광주 11계 2024-77656,아파트,아파트,아파트,광주,남구,광주 남구 봉선동 1076 포스코더샵 108동 1층 104호,"933,000,000","653,100,000",낙찰,"826,880,000",88.60%,2026-01-20,2026_1Q,1
광주 11계 2024-78765,오피스텔(주거),오피스텔,오피스텔(업무용),광주,광산구,광주 광산구 쌍암동 676-2 에이엠시티센트럴파크 14층 1401호,"139,000,000","97,300,000",낙찰,"120,770,000",86.90%,2026-01-20,2026_1Q,1
광주 11계 2024-79386,아파트,아파트,아파트,광주,서구,"광주 서구 풍암동 1048 풍암지구호반,중흥 203동 16층 1601호","187,000,000","130,900,000",낙찰,"161,888,810",86.60%,2026-01-20,2026_1Q,1
광주 11계 2024-80096,아파트,아파트,아파트,광주,광산구,광주 광산구 월계동 884-2 첨단에이엠시티 3층 301호,"63,000,000","44,100,000",낙찰,"62,845,000",99.80%,2026-01-20,2026_1Q,1
광주 3계 2024-81204(7),아파트,아파트,아파트,광주,북구,광주 북구 매곡동 31-1 Am-City 7층 709호,"73,000,000","20,932,000",낙찰,"21,000,000",28.80%,2026-01-22,2026_1Q,1
광주 12계 2024-81341,아파트,아파트,아파트,광주,광산구,광주 광산구 우산동 1625 쌍용더플래티넘광산 108동 16층 1601호,"550,000,000","385,000,000",낙찰,"441,004,470",80.20%,2026-01-23,2026_1Q,1
광주 8계 2024-81563(2),근린상가,근린상가,근린상가,광주,남구,광주 남구 행암동 590 제이엔비타워 4층 402호,"193,000,000","86,464,000",낙찰,"87,555,000",45.40%,2026-01-29,2026_1Q,0
광주 6계 2024-81815(7),대지,나대지,나대지,광주,북구,광주 북구 양산동 1061,"1,271,970,000","455,874,000",낙찰,"569,811,000",44.80%,2026-01-28,2026_1Q,0
광주 11계 2024-82030,아파트,아파트,아파트,광주,광산구,"광주 광산구 수완동 908 ,909,911 수완2차우미린 202동 5층 501호","243,000,000","243,000,000",낙찰,"243,000,000",100.00%,2026-01-20,2026_1Q,1
광주 1계 2024-82535,단독주택,단독,단독주택,광주,서구,광주 서구 농성동 444-11,"287,056,340","128,601,240",낙찰,"141,000,000",49.10%,2026-01-07,2026_1Q,1
광주 12계 2024-82665,아파트,아파트,아파트,광주,광산구,광주 광산구 월계동 755-4 성원 101동 2층 203호,"348,000,000","243,600,000",낙찰,"255,780,000",73.50%,2026-01-23,2026_1Q,1
광주 12계 2024-84180(1),도로,기타토지,기타토지,광주,북구,광주 북구 중흥동 361-35,"7,744,660","7,744,660",낙찰,"7,888,000",101.90%,2026-01-23,2026_1Q,1
광주 12계 2024-84180(2),도로,기타토지,기타토지,광주,북구,광주 북구 중흥동 361-38,"7,744,660","7,744,660",낙찰,"7,888,000",101.90%,2026-01-23,2026_1Q,1
광주 10계 2024-84302(2),아파트,아파트,아파트,광주,광산구,"광주 광산구 송정동 754-2 ,754-9,754-14 송정뜰안애 4층 401호","52,000,000","29,120,000",낙찰,"29,899,900",57.50%,2026-01-09,2026_1Q,1
광주 8계 2024-85411,임야,임야,임야,광주,광산구,광주 광산구 동산동 산173,"39,537,000","22,141,000",낙찰,"25,100,000",63.50%,2026-01-29,2026_1Q,0
광주 8계 2024-85671,답,답,답,광주,북구,광주 북구 금곡동 908-2,"12,930,500","12,930,500",낙찰,"12,950,000",100.20%,2026-01-29,2026_1Q,0
광주 12계 2024-85862,아파트,아파트,아파트,광주,북구,광주 북구 일곡동 849-1 한일 102동 20층 2006호,"160,000,000","112,000,000",낙찰,"141,289,900",88.30%,2026-01-23,2026_1Q,1
광주 8계 2024-87554,아파트,아파트,아파트,광주,서구,광주 서구 쌍촌동 904 상무푸르지오 104동 5층 504호,"770,000,000","539,000,000",낙찰,"619,899,000",80.50%,2026-01-29,2026_1Q,0
광주 10계 2024-87721,아파트,아파트,아파트,광주,남구,"광주 남구 송하동 43-28 ,진월동 867-14 금호타운 103동 2층 208호","197,000,000","137,900,000",낙찰,"161,800,000",82.10%,2026-01-09,2026_1Q,1
광주 4계 2024-88519,아파트,아파트,아파트,광주,북구,"광주 북구 동림동 153-6 ,153-11,153-14,153-15,44 삼호가든유일 106동 14층 1404호","103,000,000","57,680,000",낙찰,"70,200,000",68.20%,2026-01-13,2026_1Q,1
광주 6계 2024-88540,아파트,아파트,아파트,광주,서구,광주 서구 치평동 1258-5 상무리채2 6층 621호,"70,000,000","39,200,000",낙찰,"44,111,000",63.00%,2026-01-28,2026_1Q,0
광주 8계 2024-88564,아파트,아파트,아파트,광주,북구,"광주 북구 두암동 72-4 ,100,111,814-7,814-8 현대 108동 8층 801호","229,000,000","160,300,000",낙찰,"195,888,810",85.50%,2026-01-29,2026_1Q,0
광주 8계 2024-89352,아파트,아파트,아파트,광주,남구,광주 남구 행암동 598 효천남해오네뜨2단지 203동 10층 1002호,"348,000,000","243,600,000",낙찰,"275,100,000",79.10%,2026-01-29,2026_1Q,0
광주 8계 2024-89444,아파트,아파트,아파트,광주,동구,광주 동구 계림동 1869 계림아이파크에스케이뷰 109동 6층 605호,"751,000,000","525,700,000",낙찰,"603,405,400",80.30%,2026-01-29,2026_1Q,0
광주 3계 2025-73,아파트,아파트,아파트,광주,북구,광주 북구 두암동 968-1 율곡타운 111동 6층 602호,"78,000,000","54,600,000",낙찰,"63,870,000",81.90%,2026-01-22,2026_1Q,1
광주 1계 2025-158,아파트,아파트,아파트,광주,광산구,광주 광산구 선암동 782 선운지구진아리채 102동 9층 903호,"186,000,000","130,200,000",낙찰,"141,883,800",76.30%,2026-01-07,2026_1Q,1
광주 4계 2025-295(2),근린상가,근린상가,근린상가,광주,동구,광주 동구 대인동 27 반도전자상가 5층,"850,000,000","595,000,000",낙찰,"620,250,000",73.00%,2026-01-13,2026_1Q,1
광주 4계 2025-295(3),자동차시설,기타건물,기타건물,광주,동구,광주 동구 대인동 27 반도전자상가 지하층 2호,"64,000,000","44,800,000",낙찰,"48,000,000",75.00%,2026-01-13,2026_1Q,1
광주 4계 2025-295(4),자동차시설,기타건물,기타건물,광주,동구,광주 동구 대인동 27 반도전자상가 지하층 3호,"140,000,000","98,000,000",낙찰,"99,000,000",70.70%,2026-01-13,2026_1Q,1
광주 4계 2025-295(5),자동차시설,기타건물,기타건물,광주,동구,광주 동구 대인동 27 반도전자상가 지하층 4호,"106,000,000","74,200,000",낙찰,"75,000,000",70.80%,2026-01-13,2026_1Q,1
광주 2계 2025-561,대지,나대지,나대지,광주,동구,광주 동구 동명동 228-23,"284,256,000","127,346,688",낙찰,"131,090,000",46.10%,2026-01-08,2026_1Q,1
광주 6계 2025-936,아파트,아파트,아파트,광주,남구,광주 남구 월산동 411-3 제일파크맨션 15층 1505호,"86,000,000","60,200,000",낙찰,"68,011,000",79.10%,2026-01-28,2026_1Q,0
광주 2계 2025-1014,차량,기타토지,기타토지,광주,광산구,광주 광산구 월전동 92-1 평동주차장(010-4629-2670)내 보관,"65,000,000","36,400,000",낙찰,"37,900,000",58.30%,2026-01-08,2026_1Q,1
광주 4계 2025-1052,아파트형공장,공장(지식산업센터 업무시설),공장,광주,광산구,광주 광산구 오선동 270-106 지식산업센터케이비아이하남 14층 에이-1402호,"265,000,000","94,976,000",낙찰,"98,000,000",37.00%,2026-01-13,2026_1Q,1
광주 5계 2025-2031,아파트,아파트,아파트,광주,광산구,"광주 광산구 쌍암동 694-70 ,694-71,694-72 첨단도휘에드가2차 9층 914호","62,000,000","34,720,000",낙찰,"34,720,000",56.00%,2026-01-21,2026_1Q,1
광주 1계 2025-2499,아파트,아파트,아파트,광주,북구,광주 북구 양산동 366-1 한양 4층 403호,"158,000,000","110,600,000",낙찰,"126,789,999",80.20%,2026-01-07,2026_1Q,1
광주 9계 2025-2680,아파트,아파트,아파트,광주,남구,광주 남구 주월동 1134 경남 103동 5층 506호,"220,000,000","154,000,000",낙찰,"186,880,000",84.90%,2026-01-14,2026_1Q,1
광주 1계 2025-2918,아파트,아파트,아파트,광주,광산구,"광주 광산구 월계동 756-5 ,756-9 첨단금호타운 104동 10층 1006호","277,000,000","193,900,000",낙찰,"197,792,400",71.40%,2026-01-07,2026_1Q,1
광주 2계 2025-2925,아파트,아파트,아파트,광주,광산구,광주 광산구 우산동 1602-2 리버힐 102동 15층 1512호,"100,000,000","70,000,000",낙찰,"77,800,000",77.80%,2026-01-08,2026_1Q,1
광주 4계 2025-3256,대지,나대지,나대지,광주,남구,광주 남구 월산동 201-94,"259,028,000","116,045,000",낙찰,"131,000,000",50.60%,2026-01-13,2026_1Q,1
광주 5계 2025-3263,아파트,아파트,아파트,광주,북구,광주 북구 각화동 471 금호 2동 3층 305호,"167,000,000","116,900,000",낙찰,"142,300,000",85.20%,2026-01-21,2026_1Q,1
광주 4계 2025-4013,아파트,아파트,아파트,광주,북구,광주 북구 일곡동 850-5 호반.일신 103동 1층 101호,"145,000,000","101,500,000",낙찰,"115,100,000",79.40%,2026-01-13,2026_1Q,1
광주 4계 2025-4235,아파트,아파트,아파트,광주,동구,광주 동구 금남로5가 154-1 금남로에이엠시티하이클래스 10층 1213호,"49,000,000","34,300,000",낙찰,"37,490,000",76.50%,2026-01-13,2026_1Q,1
광주 4계 2025-4471,아파트,아파트,아파트,광주,남구,광주 남구 방림동 556 모아 107동 15층 1603호,"201,000,000","140,700,000",낙찰,"153,037,000",76.10%,2026-01-13,2026_1Q,1
광주 3계 2025-4549,아파트,아파트,아파트,광주,광산구,광주 광산구 쌍암동 682-1 에이엠시티5차 12층 1210호,"87,000,000","48,720,000",낙찰,"48,720,000",56.00%,2026-01-22,2026_1Q,1
광주 6계 2025-4822,아파트,아파트,아파트,광주,북구,광주 북구 신용동 737 광주첨단2지구사랑으로부영 116동 4층 404호,"336,000,000","235,200,000",낙찰,"311,170,000",92.60%,2026-01-28,2026_1Q,0
광주 4계 2025-4938,아파트,아파트,아파트,광주,북구,광주 북구 연제동 1109 연제대광로제비앙 103동 6층 605호,"430,000,000","301,000,000",낙찰,"383,670,000",89.20%,2026-01-13,2026_1Q,1
광주 6계 2025-30104(2),아파트,아파트,아파트,광주,북구,"광주 북구 두암동 72-4 ,100,111,814-7,814-8 현대 102동 18층 1801호","330,000,000","231,000,000",낙찰,"242,500,000",73.50%,2026-01-28,2026_1Q,0
광주 3계 2025-31190,근린상가,근린상가,근린상가,광주,동구,광주 동구 계림동 1815 푸른길두산위브 227동 지하1층 상가13호,"2,250,000,000","1,575,000,000",낙찰,"1,600,000,000",71.10%,2026-01-22,2026_1Q,1
광주 2계 2025-31619,공장,공장(지식산업센터 업무시설),공장,광주,서구,"광주 서구 유촌동 601-12 ,601-1","7,408,803,540","5,186,163,000",낙찰,"5,489,990,000",74.10%,2026-01-08,2026_1Q,1
광주 8계 2025-31695,아파트,아파트,아파트,광주,서구,광주 서구 내방동 848 화정센트럴파크 110동 4층 404호,"180,000,000","126,000,000",낙찰,"175,100,000",97.30%,2026-01-29,2026_1Q,0
광주 6계 2025-31862(3),오피스텔(상가),오피스텔,오피스텔(업무용),광주,남구,광주 남구 진월동 335-11 금산빌딩 3층 301호,"1,286,000,000","900,200,000",낙찰,"905,000,000",70.40%,2026-01-28,2026_1Q,0
광주 9계 2025-31955,오피스텔(주거),오피스텔,오피스텔(업무용),광주,광산구,"광주 광산구 쌍암동 694-105 ,694-106,694-107,694-119 쌍암동미르채리버파크오피스텔 7층 706호","130,000,000","130,000,000",낙찰,"130,000,000",100.00%,2026-01-14,2026_1Q,1
광주 6계 2025-32010,아파트,아파트,아파트,광주,서구,광주 서구 쌍촌동 965-13 대림 2층 203호,"119,000,000","66,640,000",낙찰,"77,777,000",65.40%,2026-01-28,2026_1Q,0
광주 3계 2025-32021,오피스텔,오피스텔,오피스텔(업무용),광주,동구,"광주 동구 금남로4가 79-1 ,충장로4가 7-3,7-14 로머스파크주건축물 21층 2116호","120,000,000","67,200,000",낙찰,"80,000,000",66.70%,2026-01-22,2026_1Q,1
광주 5계 2025-32055,아파트,아파트,아파트,광주,서구,광주 서구 쌍촌동 137-4 신천힐탑맨션 101동 1층 103호,"113,000,000","79,100,000",낙찰,"94,185,500",83.40%,2026-01-21,2026_1Q,1
광주 4계 2025-32083(1),아파트,아파트,아파트,광주,서구,"광주 서구 화정동 350-14 ,쌍촌동 445-9 화정동대주피오레 203동 18층 1805호","622,000,000","348,320,000",낙찰,"370,000,000",59.50%,2026-01-13,2026_1Q,1
광주 4계 2025-32083(2),근린상가,근린상가,근린상가,광주,서구,광주 서구 매월동 948 광주산업용재유통센터 30동 2층 201호,"390,000,000","218,400,000",낙찰,"235,216,800",60.30%,2026-01-13,2026_1Q,1
광주 4계 2025-32083(3),근린상가,근린상가,근린상가,광주,서구,광주 서구 매월동 948 광주산업용재유통센터 9동 1층 105호,"86,000,000","48,160,000",낙찰,"56,850,000",66.10%,2026-01-13,2026_1Q,1
광주 4계 2025-32083(5),근린상가,근린상가,근린상가,광주,서구,광주 서구 매월동 948 광주산업용재유통센터 9동 1층 123호,"86,000,000","48,160,000",낙찰,"56,120,000",65.30%,2026-01-13,2026_1Q,1
광주 4계 2025-32083(6),근린상가,근린상가,근린상가,광주,서구,광주 서구 매월동 948 광주산업용재유통센터 9동 1층 124호,"86,000,000","48,160,000",낙찰,"56,120,000",65.30%,2026-01-13,2026_1Q,1
광주 1계 2025-32099,아파트,아파트,아파트,광주,서구,광주 서구 화정동 858-2 럭키염주 1동 10층 1005호,"197,000,000","110,320,000",낙찰,"141,890,170",72.00%,2026-01-07,2026_1Q,1
광주 9계 2025-32109,아파트,아파트,아파트,광주,광산구,광주 광산구 신창동 1110 신창3차부영사랑으로 313동 14층 1405호,"208,000,000","145,600,000",낙찰,"207,700,000",99.90%,2026-01-14,2026_1Q,1
광주 12계 2025-32160,아파트,아파트,아파트,광주,광산구,"광주 광산구 쌍암동 660-7 ,660-8 에이엠시티4차 5층 503호","76,000,000","76,000,000",낙찰,"76,980,000",101.30%,2026-01-23,2026_1Q,1
광주 3계 2025-32177,아파트,아파트,아파트,광주,광산구,광주 광산구 쌍암동 676-3 첨단센트럴파크2차 202동 5층 505호,"186,000,000","104,160,000",낙찰,"104,160,000",56.00%,2026-01-22,2026_1Q,1
광주 8계 2025-32214,대지,나대지,나대지,광주,남구,광주 남구 임암동 786,"1,770,782,000","793,310,000",낙찰,"803,100,000",45.40%,2026-01-29,2026_1Q,0
광주 2계 2025-32272,아파트,아파트,아파트,광주,남구,광주 남구 봉선동 988 라인하이츠 108동 10층 1107호,"290,000,000","162,400,000",낙찰,"203,900,000",70.30%,2026-01-08,2026_1Q,1
광주 9계 2025-32280,아파트,아파트,아파트,광주,서구,광주 서구 풍암동 1130 금호타운 103동 5층 502호,"538,000,000","376,600,000",낙찰,"441,999,999",82.20%,2026-01-14,2026_1Q,1
광주 2계 2025-32304,오피스텔(주거),오피스텔,오피스텔(업무용),광주,동구,"광주 동구 수기동 68-1 ,61-1,61-2,68,68-4,71,73-14 금남로유탑유블레스원시티 26층 2617호","134,000,000","75,040,000",낙찰,"83,330,000",62.20%,2026-01-08,2026_1Q,1
광주 3계 2025-32306,오피스텔(주거),오피스텔,오피스텔(업무용),광주,동구,"광주 동구 수기동 68-1 ,61-1,61-2,68,68-4,71,73-14 금남로유탑유블레스원시티 18층 1812호","125,000,000","87,500,000",낙찰,"87,830,000",70.30%,2026-01-22,2026_1Q,1
광주 9계 2025-32319,오피스텔(주거),오피스텔,오피스텔(업무용),광주,서구,광주 서구 농성동 415-57 농성지오스테이션 4층 401호,"239,000,000","133,840,000",낙찰,"133,840,000",56.00%,2026-01-14,2026_1Q,1
광주 5계 2025-32370,차량,기타토지,기타토지,광주,광산구,광주 광산구 산정동 156 여대주차장(062-953-8424)내보관,"24,000,000","16,800,000",낙찰,"18,419,000",76.70%,2026-01-21,2026_1Q,1
광주 3계 2025-32377,아파트,아파트,아파트,광주,북구,"광주 북구 두암동 947-1 ,947-2 부영맨션 105동 1층 109호","110,000,000","61,600,000",낙찰,"61,827,700",56.20%,2026-01-22,2026_1Q,1
광주 4계 2025-32400,아파트,아파트,아파트,광주,서구,광주 서구 쌍촌동 96 광명하이츠타운 103동 18층 1805호,"326,000,000","182,560,000",낙찰,"208,999,900",64.10%,2026-01-13,2026_1Q,1
광주 3계 2025-32408,아파트,아파트,아파트,광주,동구,광주 동구 계림동 1845 두산위브더파크 309동 12층 1203호,"546,000,000","382,200,000",낙찰,"478,999,000",87.70%,2026-01-22,2026_1Q,1
광주 3계 2025-32427,다세대,다세대주택,다세대,광주,북구,"광주 북구 오치동 957-5 ,957-6,957-27 3층 302호","67,000,000","46,900,000",낙찰,"50,590,900",75.50%,2026-01-22,2026_1Q,1
광주 6계 2025-32437,아파트,아파트,아파트,광주,북구,광주 북구 풍향동 808 교대금호어울림 103동 11층 1101호,"406,000,000","284,200,000",낙찰,"370,600,170",91.30%,2026-01-28,2026_1Q,0
광주 1계 2025-32452,아파트,아파트,아파트,광주,광산구,광주 광산구 산월동 885-2 첨단3-1차호반리젠시빌 301동 7층 705호,"282,000,000","197,400,000",낙찰,"280,990,000",99.60%,2026-01-07,2026_1Q,1
광주 4계 2025-32455,임야,임야,임야,광주,광산구,광주 광산구 선암동 산33,"418,900,000","150,134,000",낙찰,"155,100,000",37.00%,2026-01-13,2026_1Q,1
광주 5계 2025-32467,아파트,아파트,아파트,광주,북구,광주 북구 각화동 471 금호 5동 1층 102호,"79,000,000","44,240,000",낙찰,"53,030,000",67.10%,2026-01-21,2026_1Q,1
광주 6계 2025-32470,아파트,아파트,아파트,광주,동구,광주 동구 금남로5가 154-1 금남로에이엠시티하이클래스 15층 1717호,"76,000,000","53,200,000",낙찰,"53,200,000",70.00%,2026-01-28,2026_1Q,0
광주 6계 2025-32492,아파트,아파트,아파트,광주,광산구,광주 광산구 쌍암동 676-3 첨단센트럴파크2차 201동 12층 1208호,"177,000,000","123,900,000",낙찰,"163,890,000",92.60%,2026-01-28,2026_1Q,0
광주 2계 2025-32501,아파트,아파트,아파트,광주,광산구,"광주 광산구 월계동 757-3 ,757-4 첨단동부 103동 11층 1103호","327,000,000","228,900,000",낙찰,"277,700,000",84.90%,2026-01-08,2026_1Q,1
광주 3계 2025-32533,아파트,아파트,아파트,광주,광산구,광주 광산구 선암동 586 선운지구다사로움 107동 17층 1702호,"315,000,000","220,500,000",낙찰,"266,990,000",84.80%,2026-01-22,2026_1Q,1
광주 2계 2025-32546,아파트,아파트,아파트,광주,광산구,"광주 광산구 소촌동 290-46 ,290-41 소촌2차모아드림타운 201동 12층 1207호","158,000,000","110,600,000",낙찰,"124,000,000",78.50%,2026-01-08,2026_1Q,1
광주 2계 2025-32599,아파트,아파트,아파트,광주,북구,광주 북구 신용동 737 광주첨단2지구사랑으로부영 104동 17층 1703호,"275,000,000","192,500,000",낙찰,"236,550,000",86.00%,2026-01-08,2026_1Q,1
광주 3계 2025-32655,아파트,아파트,아파트,광주,광산구,광주 광산구 쌍암동 676-3 첨단센트럴파크2차 201동 14층 1409호,"177,000,000","123,900,000",낙찰,"123,900,000",70.00%,2026-01-22,2026_1Q,1
광주 4계 2025-32656,아파트,아파트,아파트,광주,남구,광주 남구 주월동 383 스카이 1동 8층 812호,"155,000,000","69,440,000",낙찰,"75,201,510",48.50%,2026-01-13,2026_1Q,1
광주 2계 2025-32708,아파트,아파트,아파트,광주,광산구,광주 광산구 쌍암동 682-1 에이엠시티5차 11층 1112호,"87,000,000","60,900,000",낙찰,"61,560,000",70.80%,2026-01-08,2026_1Q,1
광주 12계 2025-32730,아파트,아파트,아파트,광주,광산구,광주 광산구 신가동 1048 신창6차호반베르디움 612동 4층 404호,"282,000,000","197,400,000",낙찰,"240,100,000",85.10%,2026-01-23,2026_1Q,1
광주 3계 2025-32731,아파트,아파트,아파트,광주,북구,광주 북구 각화동 471 금호 6동 7층 702호,"210,000,000","147,000,000",낙찰,"164,000,000",78.10%,2026-01-22,2026_1Q,1
광주 4계 2025-32789,대지,나대지,나대지,광주,북구,광주 북구 풍향동 19-59,"104,920,000","58,756,000",낙찰,"63,800,000",60.80%,2026-01-13,2026_1Q,1
광주 5계 2025-32864,아파트,아파트,아파트,광주,남구,광주 남구 백운동 699 힐스테이트백운 102동 12층 1203호,"420,000,000","294,000,000",낙찰,"395,700,150",94.20%,2026-01-21,2026_1Q,1
광주 3계 2025-32916,아파트,아파트,아파트,광주,서구,광주 서구 쌍촌동 1337-3 중흥에스-클래스 102동 1층 106호,"302,000,000","211,400,000",낙찰,"271,570,000",89.90%,2026-01-22,2026_1Q,1
광주 3계 2025-32937,아파트,아파트,아파트,광주,서구,광주 서구 풍암동 1132 우미광장 107동 13층 1302호,"178,000,000","178,000,000",낙찰,"178,000,000",100.00%,2026-01-22,2026_1Q,1
광주 11계 2025-33098,차량,기타토지,기타토지,광주,광산구,광주 광산구 월전동 92-1 내 보관,"8,000,000","5,600,000",낙찰,"6,660,000",83.30%,2026-01-20,2026_1Q,1
광주 12계 2025-33114,차량,기타토지,기타토지,광주,남구,광주 남구 송하동 348-1 송원주차장(010-3622-7261)내 보관,"12,000,000","6,720,000",낙찰,"7,700,000",64.20%,2026-01-23,2026_1Q,1
광주 6계 2025-33160,아파트,아파트,아파트,광주,남구,"광주 남구 주월동 456 ,456-1,456-6,463-13 현대 14동 12층 1204호","116,000,000","81,200,000",낙찰,"113,170,000",97.60%,2026-01-28,2026_1Q,0
광주 12계 2025-33196,차량,기타토지,기타토지,광주,동구,"광주 동구 소태동 493-1 ,493-10,494-1,494-2 영빈2주차장(010-5743-8200)내 보관","6,000,000","3,360,000",낙찰,"4,300,000",71.70%,2026-01-23,2026_1Q,1
광주 4계 2025-33219,아파트,아파트,아파트,광주,북구,광주 북구 오치동 406 101동 7층 704호,"168,000,000","117,600,000",낙찰,"143,000,000",85.10%,2026-01-13,2026_1Q,1
광주 4계 2025-33249,아파트,아파트,아파트,광주,서구,광주 서구 풍암동 1130 금호타운 106동 3층 303호,"504,000,000","352,800,000",낙찰,"435,000,000",86.30%,2026-01-13,2026_1Q,1
광주 4계 2025-33302,아파트,아파트,아파트,광주,서구,광주 서구 금호동 815 호반리젠시빌 202동 16층 1605호,"304,000,000","243,200,000",낙찰,"257,000,000",84.50%,2026-01-13,2026_1Q,1
광주 4계 2025-33341,아파트,아파트,아파트,광주,광산구,"광주 광산구 신가동 302-39 ,신창동 850-5 중흥 205동 1층 103호","129,000,000","90,300,000",낙찰,"98,030,000",76.00%,2026-01-13,2026_1Q,1
광주 9계 2025-33503,차량,기타토지,기타토지,광주,동구,"광주 동구 소태동 493-1 ,493-10,494-1,494-2 영빈2주차장(010-5743-8200)내 보관","13,000,000","9,100,000",낙찰,"11,234,000",86.40%,2026-01-14,2026_1Q,1
광주 3계 2025-33520,차량,기타토지,기타토지,광주,남구,광주 남구 송하동 348-1 송원주차장내 보관(연락처 010-3622-7261),"13,000,000","9,100,000",낙찰,"9,700,000",74.60%,2026-01-22,2026_1Q,1
광주 12계 2025-33567,차량,기타토지,기타토지,광주,광산구,광주 광산구 산정동 156 여대주차장(062-953-8424)내 보관,"20,000,000","14,000,000",낙찰,"16,610,000",83.00%,2026-01-23,2026_1Q,1
광주 3계 2025-33577,차량,기타토지,기타토지,광주,광산구,"광주 광산구 산정동 156 여대주차장내 보관(062-953-8424,010-5550-8424)","25,000,000","17,500,000",낙찰,"21,110,000",84.40%,2026-01-22,2026_1Q,1
광주 4계 2025-33579,차량,기타토지,기타토지,광주,남구,광주 남구 임암동 631-8 지와이피주차장(010-8308-7371)내 보관,"7,000,000","4,900,000",낙찰,"5,290,000",75.60%,2026-01-13,2026_1Q,1
광주 5계 2025-33580,차량,기타토지,기타토지,광주,광산구,광주 광산구 월전동 92-1 평동주차장내 보관,"18,000,000","12,600,000",낙찰,"14,520,000",80.70%,2026-01-21,2026_1Q,1
광주 4계 2025-33611,차량,기타토지,기타토지,광주,남구,광주 남구 송하동 348-1 송원주차장(010-3622-7261)내 보관,"16,000,000","11,200,000",낙찰,"13,690,000",85.60%,2026-01-13,2026_1Q,1
광주 2계 2025-33727(1),차량,기타토지,기타토지,광주,광산구,광주 광산구 우산동 218-5 서창다리주차장(010-8466-0864)내 보관,"10,000,000","7,000,000",낙찰,"8,670,000",86.70%,2026-01-08,2026_1Q,1
광주 2계 2025-33727(2),차량,기타토지,기타토지,광주,광산구,광주 광산구 우산동 218-5 서창다리주차장(010-8466-0864)내 보관,"15,000,000","10,500,000",낙찰,"12,380,000",82.50%,2026-01-08,2026_1Q,1
광주 3계 2025-33865,차량,기타토지,기타토지,광주,광산구,광주 광산구 월전동 92-1 평동주차장내 보관(010-4629-2670),"10,000,000","7,000,000",낙찰,"7,139,700",71.40%,2026-01-22,2026_1Q,1
광주 10계 2019-10512,의료시설,병원,병원,광주,남구,"광주 남구 주월동 산231-1 ,-3,산232,-1,산228-4,1244-3,-9,-12,-13,-14,-16,-17 서진병원 1동","2,281,593,150","817,724,000",낙찰,"820,100,000",35.90%,2025-11-21,2025_4Q,1
광주 1계 2021-62424,아파트,아파트,아파트,광주,광산구,광주 광산구 선암동 783 선운지구해광샹그릴라 101동 2층 206호,"327,000,000","183,120,000",낙찰,"237,200,000",72.50%,2025-11-26,2025_4Q,1
광주 1계 2021-62431,아파트,아파트,아파트,광주,광산구,광주 광산구 선암동 783 선운지구해광샹그릴라 101동 1층 103호,"330,000,000","184,800,000",낙찰,"263,599,000",79.90%,2025-11-26,2025_4Q,1
광주 1계 2021-62608,아파트,아파트,아파트,광주,광산구,광주 광산구 선암동 783 선운지구해광샹그릴라 105동 2층 205호,"332,000,000","185,920,000",낙찰,"203,990,000",61.40%,2025-11-26,2025_4Q,1
광주 1계 2021-64529,아파트,아파트,아파트,광주,광산구,광주 광산구 선암동 783 선운지구해광샹그릴라 101동 13층 1405호,"344,000,000","240,800,000",낙찰,"282,800,000",82.20%,2025-10-15,2025_4Q,2
광주 10계 2021-75901,아파트,아파트,아파트,광주,광산구,광주 광산구 산정동 1060 하남2지구중흥에스-클래스 110동 19층 1903호,"564,000,000","394,800,000",낙찰,"425,368,500",75.40%,2025-10-17,2025_4Q,2
광주 7계 2022-76109,단독주택,단독,단독주택,광주,동구,"광주 동구 학동 901-76 ,901-74","137,789,080","96,453,000",낙찰,"108,000,000",78.40%,2025-10-14,2025_4Q,2
광주 9계 2023-1485,근린상가,근린상가,근린상가,광주,서구,광주 서구 매월동 622-8 엠-플러스광주 매매동 2층 자253호,"819,000,000","31,517,000",낙찰,"41,889,500",5.10%,2025-10-22,2025_4Q,2
광주 10계 2023-4460(3),근린상가,근린상가,근린상가,광주,서구,"광주 서구 매월동 750-4 ,756-3 1층 101호","559,000,000","128,222,000",낙찰,"138,222,222",24.70%,2025-10-17,2025_4Q,2
광주 2계 2023-9205,근린상가,근린상가,근린상가,광주,서구,광주 서구 치평동 1326 세정아울렛 2층 209호,"524,000,000","234,752,000",낙찰,"270,000,000",51.50%,2025-11-27,2025_4Q,1
광주 7계 2023-62565,숙박시설,숙박시설,숙박시설,광주,북구,광주 북구 운암동 96-12,"258,766,400","92,742,000",낙찰,"96,122,000",37.10%,2025-10-14,2025_4Q,2
광주 5계 2023-68532(2),근린상가,근린상가,근린상가,광주,북구,"광주 북구 용봉동 17-1 ,17-16,17-21,30-55,30-58,110-14,오치동 457-5 굿모닝타운 1층 113호","344,000,000","32,320,000",낙찰,"32,350,000",9.40%,2025-10-29,2025_4Q,1
광주 5계 2023-68532(4),근린상가,근린상가,근린상가,광주,북구,"광주 북구 용봉동 17-1 ,17-16,17-21,30-55,30-58,110-14,오치동 457-5 굿모닝타운 1층 121호","325,000,000","38,168,166",낙찰,"39,000,000",12.00%,2025-12-10,2025_4Q,1
광주 5계 2023-68532(5),근린상가,근린상가,근린상가,광주,북구,"광주 북구 용봉동 17-1 ,17-16,17-21,30-55,30-58,110-14,오치동 457-5 굿모닝타운 1층 122호","325,000,000","38,168,166",낙찰,"39,000,000",12.00%,2025-12-10,2025_4Q,1
광주 2계 2023-68921,연립,연립주택,연립·빌라,광주,광산구,광주 광산구 수완동 325 수완포레 102동 1층 102호,"341,000,000","190,960,000",낙찰,"210,000,000",61.60%,2025-10-16,2025_4Q,2
광주 10계 2023-71163,오피스텔(주거),오피스텔,오피스텔(업무용),광주,북구,광주 북구 신안동 478-5 5층 501호,"60,000,000","1,847,000",낙찰,"43,000,000",71.70%,2025-11-21,2025_4Q,1
광주 9계 2023-82224,아파트,아파트,아파트,광주,북구,광주 북구 용두동 1116 첨단용두산이고운 102동 5층 501호,"438,000,000","306,600,000",낙찰,"384,389,849",87.80%,2025-10-22,2025_4Q,2
광주 9계 2024-2195,임야,임야,임야,광주,서구,광주 서구 쌍촌동 897-67,"1,436,105,800","643,376,000",낙찰,"1,140,000,000",79.40%,2025-12-03,2025_4Q,1
광주 4계 2024-2348,아파트,아파트,아파트,광주,북구,광주 북구 운암동 68 벽산블루밍메가씨티 206동 7층 701호,"622,000,000","435,400,000",낙찰,"523,400,000",84.10%,2025-12-02,2025_4Q,1
광주 10계 2024-2638,공장,공장(지식산업센터 업무시설),공장,광주,광산구,"광주 광산구 연산동 1122-5 ,1122-6","4,556,855,600","3,189,799,000",낙찰,"3,201,200,000",70.30%,2025-11-21,2025_4Q,1
광주 10계 2024-3112,아파트,아파트,아파트,광주,광산구,광주 광산구 장덕동 1115 수완루아채 101동 8층 801호,"370,000,000","259,000,000",낙찰,"315,200,000",85.20%,2025-10-17,2025_4Q,2
광주 2계 2024-3297,아파트,아파트,아파트,광주,광산구,광주 광산구 쌍암동 676-3 첨단센트럴파크2차 202동 10층 1010호,"192,000,000","134,400,000",낙찰,"137,529,999",71.60%,2025-11-27,2025_4Q,1
광주 12계 2024-4078,전,전,전,광주,광산구,광주 광산구 왕동 323,"118,008,000","27,068,000",낙찰,"37,200,000",31.50%,2025-10-31,2025_4Q,1
광주 5계 2024-4214,점포,근린상가,점포상가,광주,동구,광주 동구 계림동 521-5,"459,146,960","205,698,000",낙찰,"263,099,999",57.30%,2025-10-29,2025_4Q,1
광주 12계 2024-4290,숙박시설,숙박시설,숙박시설,광주,동구,광주 동구 대인동 316-9,"1,286,871,560","461,215,000",낙찰,"552,500,000",42.90%,2025-12-12,2025_4Q,1
광주 11계 2024-5019,대지,나대지,나대지,광주,북구,광주 북구 우산동 555-54,"2,137,089,000","1,495,963,000",낙찰,"1,722,399,900",80.60%,2025-12-09,2025_4Q,1
광주 10계 2024-5811,단독주택,단독,단독주택,광주,남구,광주 남구 주월동 426-54,"274,711,200","153,838,000",낙찰,"174,980,000",63.70%,2025-10-17,2025_4Q,2
광주 12계 2024-5842,아파트,아파트,아파트,광주,북구,"광주 북구 두암동 72-4 ,100,111,814-7,814-8 현대1차 103동 3층 303호","245,000,000","171,500,000",낙찰,"195,522,200",79.80%,2025-10-31,2025_4Q,1
광주 11계 2024-5927,아파트,아파트,아파트,광주,남구,광주 남구 압촌동 508 에너지밸리풍경채퍼스트파크 104동 14층 1401호,"401,000,000","280,700,000",낙찰,"318,800,000",79.50%,2025-12-09,2025_4Q,1
광주 1계 2024-5941,임야,임야,임야,광주,북구,광주 북구 생용동 산21,"268,128,000","49,201,971",낙찰,"50,010,000",18.70%,2025-10-15,2025_4Q,2
광주 10계 2024-6753,아파트,아파트,아파트,광주,서구,광주 서구 농성동 117 제일파크맨션 12층 1206호,"164,000,000","104,960,000",낙찰,"113,200,000",69.00%,2025-10-17,2025_4Q,2
광주 7계 2024-6937,단독주택,단독,단독주택,광주,동구,광주 동구 금동 57-27,"154,718,000","86,643,000",낙찰,"93,899,000",60.70%,2025-12-30,2025_4Q,1
광주 8계 2024-7299,아파트,아파트,아파트,광주,서구,광주 서구 유촌동 864 상무버들마을1주공 112동 8층 802호,"165,000,000","165,000,000",낙찰,"166,013,390",100.60%,2025-11-06,2025_4Q,1
광주 10계 2024-7428,아파트,아파트,아파트,광주,광산구,광주 광산구 쌍암동 694-129 한양에드가1차 6층 610호,"56,000,000","39,200,000",낙찰,"43,790,000",78.20%,2025-10-17,2025_4Q,2
광주 10계 2024-7770,아파트,아파트,아파트,광주,북구,광주 북구 양산동 1148 송지트리뷰 101동 10층 1001호,"272,000,000","190,400,000",낙찰,"230,050,000",84.60%,2025-10-17,2025_4Q,2
광주 5계 2024-8025,차량,기타토지,기타토지,광주,북구,광주 북구 삼각동 754-3 글로벌주차장내 보관,"8,000,000","5,600,000",낙찰,"6,811,000",85.10%,2025-10-29,2025_4Q,1
광주 6계 2024-8087(2),근린상가,근린상가,근린상가,광주,서구,광주 서구 화정동 12-17 금호월드 6층 46호,"63,600,000","18,236,000",낙찰,"18,300,000",28.80%,2025-12-17,2025_4Q,1
광주 10계 2024-8360,단독주택,단독,단독주택,광주,서구,광주 서구 화정동 654-29,"298,257,800","167,024,000",낙찰,"168,900,000",56.60%,2025-11-21,2025_4Q,1
광주 7계 2024-8575,아파트,아파트,아파트,광주,광산구,광주 광산구 월곡동 538-1 하남일신 104동 1층 106호,"173,000,000","121,100,000",낙찰,"138,690,000",80.20%,2025-10-14,2025_4Q,2
광주 10계 2024-8605,아파트,아파트,아파트,광주,북구,광주 북구 신용동 671 첨단2지구중흥에스-클래스 113동 14층 1402호,"517,000,000","517,000,000",낙찰,"517,888,010",100.20%,2025-10-17,2025_4Q,2
광주 6계 2024-8667,단독주택,단독,단독주택,광주,광산구,"광주 광산구 수완동 369-6 ,368-5","1,385,149,320","775,684,000",낙찰,"878,890,000",63.50%,2025-11-05,2025_4Q,1
광주 5계 2024-8742,아파트형공장,공장(지식산업센터 업무시설),공장,광주,북구,광주 북구 오룡동 1110-22 마루힐IBC 13층 1314호,"280,000,000","125,440,000",낙찰,"130,000,000",46.40%,2025-10-29,2025_4Q,1
광주 3계 2024-8926,임야,임야,임야,광주,광산구,광주 광산구 흑석동 산40,"815,772,000","456,832,320",낙찰,"514,460,000",63.10%,2025-12-11,2025_4Q,1
광주 3계 2024-9059,아파트,아파트,아파트,광주,남구,광주 남구 봉선동 21 무등파크맨션 302동 15층 1509호,"179,000,000","125,300,000",낙찰,"137,050,000",76.60%,2025-10-30,2025_4Q,1
광주 1계 2024-9172,아파트,아파트,아파트,광주,광산구,광주 광산구 운남동 777-1 운남주공3단지 307동 13층 1306호,"94,000,000","65,800,000",낙찰,"82,890,170",88.20%,2025-10-15,2025_4Q,2
광주 4계 2024-9455,연립,연립주택,연립·빌라,광주,동구,광주 동구 소태동 772-5 가도스타디움 2층 208호,"229,000,000","128,240,000",낙찰,"152,000,000",66.40%,2025-10-21,2025_4Q,2
광주 5계 2024-9462,아파트,아파트,아파트,광주,서구,광주 서구 풍암동 1099 풍암부영2차(신암마을) 206동 20층 2006호,"250,000,000","175,000,000",낙찰,"238,139,000",95.30%,2025-10-29,2025_4Q,1
광주 7계 2024-9486,아파트,아파트,아파트,광주,북구,"광주 북구 연제동 2-7 ,2-8,양산동 283-66,283-67,283-68 광명 201동 7층 706호","116,000,000","64,960,000",낙찰,"68,210,000",58.80%,2025-11-18,2025_4Q,1
광주 4계 2024-9592,공장,공장(지식산업센터 업무시설),공장,광주,광산구,광주 광산구 오선동 270-101,"1,723,050,930","964,909,000",낙찰,"1,378,999,999",80.00%,2025-10-21,2025_4Q,2
광주 3계 2024-61811(1),근린상가,근린상가,근린상가,광주,북구,"광주 북구 용봉동 17-1 ,17-16,17-21,30-55,30-58,110-14,오치동 457-5 굿모닝타운 2층 204호","417,000,000","61,216,000",낙찰,"76,580,000",18.40%,2025-10-30,2025_4Q,1
광주 3계 2024-61811(2),근린상가,근린상가,근린상가,광주,북구,"광주 북구 용봉동 17-1 ,17-16,17-21,30-55,30-58,110-14,오치동 457-5 굿모닝타운 2층 205호","355,000,000","52,115,000",낙찰,"57,000,000",16.10%,2025-10-30,2025_4Q,1
광주 10계 2024-63138,근린상가,근린상가,근린상가,광주,남구,광주 남구 임암동 885 주건축물1동 1층 101호,"6,265,000,000","2,245,376,000",낙찰,"2,316,000,000",37.00%,2025-11-21,2025_4Q,1
광주 12계 2024-66588,전,전,전,광주,동구,광주 동구 지산동 9-1,"158,355,450","11,902,000",낙찰,"13,399,000",8.50%,2025-12-12,2025_4Q,1
광주 11계 2024-67352(1),전,전,전,광주,광산구,광주 광산구 신창동 607,"1,103,464,000","494,352,000",낙찰,"555,111,000",50.30%,2025-12-09,2025_4Q,1
광주 11계 2024-67352(2),전,전,전,광주,광산구,광주 광산구 신창동 607-10,"478,800,000","214,502,000",낙찰,"245,110,000",51.20%,2025-12-09,2025_4Q,1
광주 10계 2024-68157,연립,연립주택,연립·빌라,광주,북구,광주 북구 우산동 169-24 한영빌라 1층 103호,"65,300,000","29,254,000",낙찰,"30,300,000",46.40%,2025-10-17,2025_4Q,2
광주 11계 2024-68416(1),답,답,답,광주,서구,광주 서구 풍암동 697,"16,254,000","2,983,000",낙찰,"2,983,000",18.40%,2025-12-09,2025_4Q,1
광주 11계 2024-68461,단독주택,단독,단독주택,광주,남구,광주 남구 월산동 978-4,"42,901,620","15,376,000",낙찰,"22,000,900",51.30%,2025-10-28,2025_4Q,1
광주 11계 2024-69358,오피스텔,오피스텔,오피스텔(업무용),광주,북구,광주 북구 신안동 478-5 지하층 101호,"63,000,000","18,064,000",낙찰,"18,111,000",28.70%,2025-10-28,2025_4Q,1
광주 10계 2024-70365,아파트,아파트,아파트,광주,북구,광주 북구 연제동 36-1 연제현대 102동 20층 2004호,"362,000,000","253,400,000",낙찰,"280,094,949",77.40%,2025-10-17,2025_4Q,2
광주 12계 2024-70433,대지,나대지,나대지,광주,동구,광주 동구 동명동 156,"1,057,080,000","739,956,000",낙찰,"815,000,000",77.10%,2025-12-12,2025_4Q,1
광주 11계 2024-70723,아파트,아파트,아파트,광주,북구,광주 북구 용봉동 1474 용봉엘리체 104동 16층 1602호,"433,000,000","303,100,000",낙찰,"351,600,000",81.20%,2025-12-09,2025_4Q,1
광주 11계 2024-71375,대지,나대지,나대지,광주,남구,광주 남구 서동 41-16,"539,427,000","193,331,000",낙찰,"197,810,000",36.70%,2025-10-28,2025_4Q,1
광주 11계 2024-71542,근린주택,근린주택,근린주택,광주,북구,광주 북구 용두동 127,"467,983,300","209,656,000",낙찰,"246,000,000",52.60%,2025-12-09,2025_4Q,1
광주 11계 2024-71559(1),답,답,답,광주,광산구,광주 광산구 송학동 102-6,"202,248,000","113,259,000",낙찰,"120,300,000",59.50%,2025-10-28,2025_4Q,1
광주 12계 2024-71726,아파트,아파트,아파트,광주,동구,광주 동구 금남로5가 154-1 금남로에이엠시티하이클래스 10층 1221호,"69,700,000","48,790,000",낙찰,"48,800,000",70.00%,2025-10-31,2025_4Q,1
광주 12계 2024-71801,아파트,아파트,아파트,광주,광산구,광주 광산구 산월동 885-2 첨단3-1차호반리젠시빌 304동 7층 706호,"284,000,000","198,800,000",낙찰,"281,234,567",99.00%,2025-10-31,2025_4Q,1
광주 8계 2024-72231,근린상가,근린상가,근린상가,광주,북구,"광주 북구 본촌동 670 ,670-9,670-20,670-21 1층 106호","578,000,000","165,724,000",낙찰,"200,130,000",34.60%,2025-11-06,2025_4Q,1
광주 10계 2024-72316(1),오피스텔,오피스텔,오피스텔(업무용),광주,북구,광주 북구 각화동 594 힐스테이트각화 115동 12층 1205호,"96,000,000","43,008,000",낙찰,"56,100,000",58.40%,2025-10-17,2025_4Q,2
광주 2계 2024-72453,답,답,답,광주,광산구,광주 광산구 소촌동 537-2,"692,064,000","158,743,040",낙찰,"188,800,000",27.30%,2025-10-16,2025_4Q,2
광주 11계 2024-72491,단독주택,단독,단독주택,광주,광산구,광주 광산구 삼거동 198,"417,063,030","417,063,030",낙찰,"451,777,010",108.30%,2025-10-28,2025_4Q,1
광주 11계 2024-72729,아파트,아파트,아파트,광주,광산구,광주 광산구 쌍암동 682-1 에이엠시티5차 8층 802호,"88,000,000","39,424,000",낙찰,"39,424,000",44.80%,2025-12-09,2025_4Q,1
광주 11계 2024-72958(1),아파트,아파트,아파트,광주,서구,광주 서구 양동 61-2 우진 2동 2층 208호,"319,000,000","178,640,000",낙찰,"185,000,000",58.00%,2025-10-28,2025_4Q,1
광주 11계 2024-73050,아파트,아파트,아파트,광주,북구,광주 북구 일곡동 849-1 한일 103동 18층 1806호,"165,000,000","73,920,000",낙찰,"157,000,000",95.20%,2025-12-09,2025_4Q,1
광주 8계 2024-73326,근린상가,근린상가,근린상가,광주,동구,광주 동구 동명동 183-16,"1,415,697,600","990,988,000",낙찰,"1,050,160,000",74.20%,2025-11-06,2025_4Q,1
광주 9계 2024-73333,아파트,아파트,아파트,광주,북구,광주 북구 연제동 36-1 현대 102동 20층 2003호,"362,000,000","202,720,000",낙찰,"227,990,000",63.00%,2025-10-22,2025_4Q,2
광주 11계 2024-73463,아파트,아파트,아파트,광주,북구,광주 북구 일곡동 814-4 쌍용 104동 3층 305호,"349,000,000","244,300,000",낙찰,"261,750,000",75.00%,2025-12-09,2025_4Q,1
광주 12계 2024-73524,아파트,아파트,아파트,광주,서구,광주 서구 풍암동 929-2 광명메이루즈 107동 6층 601호,"509,000,000","356,300,000",낙찰,"423,500,000",83.20%,2025-12-12,2025_4Q,1
광주 8계 2024-73722,아파트형공장,공장(지식산업센터 업무시설),공장,광주,광산구,광주 광산구 오선동 270-106 케이비아이하남 2층 에이-215호,"394,000,000","141,210,000",낙찰,"141,500,000",35.90%,2025-11-06,2025_4Q,1
광주 10계 2024-75209,아파트,아파트,아파트,광주,남구,광주 남구 월산동 1005-3 제일맨션 6층 603호,"101,000,000","45,248,000",낙찰,"56,980,000",56.40%,2025-11-21,2025_4Q,1
광주 11계 2024-75544,아파트,아파트,아파트,광주,광산구,광주 광산구 운남동 777-1 운남주공3단지 307동 4층 406호,"91,000,000","63,700,000",낙찰,"77,350,000",85.00%,2025-12-09,2025_4Q,1
광주 10계 2024-75674(2),임야,임야,임야,광주,동구,광주 동구 소태동 산18,"131,898,000","59,090,000",낙찰,"63,599,000",48.20%,2025-11-21,2025_4Q,1
광주 12계 2024-75698,아파트,아파트,아파트,광주,광산구,광주 광산구 월곡동 681-1 영천마을 주공 908동 9층 901호,"280,000,000","196,000,000",낙찰,"232,440,000",83.00%,2025-10-31,2025_4Q,1
광주 11계 2024-75803,아파트,아파트,아파트,광주,북구,광주 북구 신용동 651 한양수자인리버뷰 110동 4층 401호,"350,000,000","245,000,000",낙찰,"325,777,779",93.10%,2025-12-09,2025_4Q,1
광주 10계 2024-75988,단독주택,단독,단독주택,광주,북구,광주 북구 임동 189-34,"165,553,250","92,710,000",낙찰,"150,000,000",90.60%,2025-10-17,2025_4Q,2
광주 3계 2024-76219,숙박시설,숙박시설,숙박시설,광주,서구,광주 서구 치평동 1231-5 유탑부티크호텔앤레지던스 9층 919호,"130,000,000","37,273,600",낙찰,"45,002,000",34.60%,2025-12-11,2025_4Q,1
광주 10계 2024-76752,근린상가,근린상가,근린상가,광주,북구,광주 북구 청풍동 492-1,"1,508,724,690","675,909,000",낙찰,"845,660,000",56.10%,2025-10-17,2025_4Q,2
광주 12계 2024-77380,아파트,아파트,아파트,광주,서구,광주 서구 금호동 767 금호2지구도시공사2단지 206동 1층 104호,"143,000,000","100,100,000",낙찰,"116,010,000",81.10%,2025-10-31,2025_4Q,1
광주 10계 2024-77649,아파트,아파트,아파트,광주,광산구,광주 광산구 쌍암동 676-3 첨단센트럴파크2차 202동 17층 1712호,"196,000,000","109,760,000",낙찰,"117,246,500",59.80%,2025-10-17,2025_4Q,2
광주 3계 2024-77670,연립,연립주택,연립·빌라,광주,광산구,광주 광산구 비아동 784 첨단금호어울림더테라스 117동 4층 406호,"544,000,000","380,800,000",낙찰,"471,299,999",86.60%,2025-12-11,2025_4Q,1
광주 10계 2024-78055(13),아파트상가,아파트상가,기타토지,광주,남구,광주 남구 월산동 1065 반도유보라더퍼스트 상가C동 지하1층 15호,"479,000,000","214,592,000",낙찰,"215,000,000",44.90%,2025-11-21,2025_4Q,1
광주 12계 2024-78611,아파트,아파트,아파트,광주,서구,광주 서구 쌍촌동 137-4 신천힐탑맨션 101동 10층 1103호,"120,000,000","84,000,000",낙찰,"95,800,000",79.80%,2025-12-12,2025_4Q,1
광주 12계 2024-79034,주상복합(주거),기타토지,기타토지,광주,북구,광주 북구 운암동 69 벽산블루밍메가씨티 306동 4층 402호,"270,000,000","189,000,000",낙찰,"253,800,100",94.00%,2025-12-12,2025_4Q,1
광주 10계 2024-79195,단독주택,단독,단독주택,광주,광산구,광주 광산구 월계동 850-2,"946,104,000","529,818,000",낙찰,"624,110,000",66.00%,2025-10-17,2025_4Q,2
광주 8계 2024-79317,아파트,아파트,아파트,광주,광산구,광주 광산구 월계동 758-8 기산 105동 5층 502호,"238,000,000","166,600,000",낙찰,"191,190,000",80.30%,2025-11-06,2025_4Q,1
광주 7계 2024-79478,아파트,아파트,아파트,광주,북구,"광주 북구 신안동 351-11 ,운암동 1-18 신안중흥파크 2동 12층 1202호","85,000,000","59,500,000",낙찰,"59,500,000",70.00%,2025-12-30,2025_4Q,1
광주 9계 2024-79508,아파트,아파트,아파트,광주,광산구,"광주 광산구 쌍암동 694-70 ,694-71,694-72 첨단도휘에드가2차 4층 411호","58,000,000","25,984,000",낙찰,"25,984,000",44.80%,2025-12-03,2025_4Q,1
광주 9계 2024-79645(1),답,답,답,광주,서구,광주 서구 치평동 894-3,"3,810,000,000","2,133,600,000",낙찰,"2,376,090,000",62.40%,2025-10-22,2025_4Q,2
광주 12계 2024-79690,아파트,아파트,아파트,광주,동구,광주 동구 소태동 1103 무등산골드클래스 107동 7층 702호,"350,000,000","245,000,000",낙찰,"328,384,500",93.80%,2025-12-12,2025_4Q,1
광주 8계 2024-79898,아파트,아파트,아파트,광주,북구,광주 북구 두암동 326 동산훼밀리 1동 5층 504호,"85,000,000","59,500,000",낙찰,"73,000,000",85.90%,2025-11-06,2025_4Q,1
광주 12계 2024-80102,아파트,아파트,아파트,광주,서구,"광주 서구 풍암동 777 ,672-2 에스케이뷰 103동 5층 501호","938,000,000","656,600,000",낙찰,"690,000,000",73.60%,2025-10-31,2025_4Q,1
광주 7계 2024-80188,오피스텔(주거),오피스텔,오피스텔(업무용),광주,서구,광주 서구 치평동 1202-2 랜드피아 6층 650호,"53,000,000","18,995,000",낙찰,"52,450,000",99.00%,2025-10-14,2025_4Q,2
광주 10계 2024-81020,아파트,아파트,아파트,광주,광산구,광주 광산구 월곡동 685-1 영천마을 주공 1001동 12층 1201호,"254,000,000","177,800,000",낙찰,"232,770,000",91.60%,2025-10-17,2025_4Q,2
광주 1계 2024-81358(2),근린상가,근린상가,근린상가,광주,광산구,광주 광산구 도산동 773-4 1층 106호,"795,000,000","356,160,000",낙찰,"438,790,000",55.20%,2025-11-26,2025_4Q,1
광주 8계 2024-81563(1),근린상가,근린상가,근린상가,광주,남구,광주 남구 행암동 590 제이엔비타워 4층 401호,"279,000,000","156,240,000",낙찰,"156,241,000",56.00%,2025-12-18,2025_4Q,1
광주 10계 2024-81587,단독주택,단독,단독주택,광주,북구,광주 북구 신안동 150-6,"222,129,800","124,393,000",낙찰,"133,300,000",60.00%,2025-11-21,2025_4Q,1
광주 10계 2024-81709(1),아파트상가,아파트상가,기타토지,광주,북구,광주 북구 용두동 1123 첨단진아리채 상가동 1층 101호,"400,000,000","280,000,000",낙찰,"280,010,000",70.00%,2025-11-21,2025_4Q,1
광주 10계 2024-81709(2),아파트상가,아파트상가,기타토지,광주,북구,광주 북구 용두동 1123 첨단진아리채 상가동 1층 102호,"400,000,000","280,000,000",낙찰,"320,120,000",80.00%,2025-11-21,2025_4Q,1
광주 6계 2024-81815(3),대지,나대지,나대지,광주,북구,광주 북구 양산동 692,"1,364,316,000","764,017,000",낙찰,"822,530,000",60.30%,2025-11-05,2025_4Q,1
광주 6계 2024-81815(4),대지,나대지,나대지,광주,북구,광주 북구 양산동 763-2,"1,119,580,000","501,572,000",낙찰,"502,157,200",44.90%,2025-12-17,2025_4Q,1
광주 6계 2024-81815(5),대지,나대지,나대지,광주,북구,광주 북구 양산동 767,"1,215,076,000","544,354,000",낙찰,"690,100,000",56.80%,2025-12-17,2025_4Q,1
광주 6계 2024-81815(6),대지,나대지,나대지,광주,북구,광주 북구 양산동 1042,"4,944,446,000","2,768,890,000",낙찰,"3,388,600,000",68.50%,2025-11-05,2025_4Q,1
광주 7계 2024-82207,임야,임야,임야,광주,광산구,광주 광산구 명도동 산68,"310,607,400","71,247,000",낙찰,"97,210,000",31.30%,2025-12-30,2025_4Q,1
광주 8계 2024-82283,연립,연립주택,연립·빌라,광주,남구,광주 남구 주월동 497 에이엠시티101 2층 216호,"44,000,000","24,640,000",낙찰,"26,721,000",60.70%,2025-12-18,2025_4Q,1
광주 5계 2024-82375,근린상가,근린상가,근린상가,광주,광산구,광주 광산구 쌍암동 688-4 아울렛코리아 첨단점 1층 108호,"374,000,000","107,234,000",낙찰,"121,600,000",32.50%,2025-12-10,2025_4Q,1
광주 10계 2024-82658,아파트,아파트,아파트,광주,북구,광주 북구 연제동 31-1 새한 101동 15층 1504호,"122,000,000","68,320,000",낙찰,"87,085,990",71.40%,2025-11-21,2025_4Q,1
광주 4계 2024-82696,단독주택,단독,단독주택,광주,남구,광주 남구 월산동 246-7,"33,545,465","9,618,432",낙찰,"9,668,000",28.80%,2025-12-02,2025_4Q,1
광주 9계 2024-82993(3),근린상가,근린상가,근린상가,광주,남구,광주 남구 봉선동 1129-7 주건축물 1동 1층 103호,"533,000,000","191,028,000",낙찰,"243,770,000",45.70%,2025-10-22,2025_4Q,2
광주 6계 2024-83330(2),주상복합(주거),기타토지,기타토지,광주,북구,광주 북구 운암동 1782 센텀플로라에듀 2층 204호,"248,000,000","173,600,000",낙찰,"187,770,000",75.70%,2025-12-17,2025_4Q,1
광주 6계 2024-83330(3),주상복합(주거),기타토지,기타토지,광주,북구,광주 북구 운암동 1782 센텀플로라에듀 10층 1003호,"232,000,000","162,400,000",낙찰,"187,770,000",80.90%,2025-12-17,2025_4Q,1
광주 6계 2024-83330(4),주상복합(주거),기타토지,기타토지,광주,북구,광주 북구 운암동 1782 센텀플로라에듀 12층 1203호,"232,000,000","162,400,000",낙찰,"187,770,000",80.90%,2025-12-17,2025_4Q,1
광주 6계 2024-83330(5),주상복합(주거),기타토지,기타토지,광주,북구,광주 북구 운암동 1782 센텀플로라에듀 13층 1303호,"232,000,000","162,400,000",낙찰,"187,770,000",80.90%,2025-12-17,2025_4Q,1
광주 10계 2024-83699,아파트,아파트,아파트,광주,서구,광주 서구 치평동 1174-3 라인동산 104동 7층 705호,"227,000,000","158,900,000",낙찰,"191,878,000",84.50%,2025-10-17,2025_4Q,2
광주 2계 2024-83750,아파트,아파트,아파트,광주,남구,광주 남구 봉선동 1104-1 무진맨션 1동 2층 206호,"222,000,000","124,320,000",낙찰,"148,300,000",66.80%,2025-10-16,2025_4Q,2
광주 8계 2024-84272,아파트,아파트,아파트,광주,광산구,광주 광산구 운남동 782-1 광주운남6단지주공 604동 17층 1706호,"339,000,000","237,300,000",낙찰,"337,899,900",99.70%,2025-12-18,2025_4Q,1
광주 10계 2024-84302(1),연립,연립주택,연립·빌라,광주,서구,광주 서구 쌍촌동 531-1 가도Stadium 4층 409호,"43,000,000","30,100,000",낙찰,"30,110,000",70.00%,2025-11-21,2025_4Q,1
광주 8계 2024-84524,아파트,아파트,아파트,광주,광산구,광주 광산구 수완동 970 해솔마을 대방노블랜드2차 204동 7층 701호,"647,000,000","452,900,000",낙찰,"571,111,000",88.30%,2025-12-18,2025_4Q,1
광주 6계 2024-84616,아파트,아파트,아파트,광주,광산구,광주 광산구 쌍암동 682-1 에이엠시티5차 6층 601호,"86,000,000","60,200,000",낙찰,"67,080,000",78.00%,2025-12-17,2025_4Q,1
광주 6계 2024-84906,임야,임야,임야,광주,남구,광주 남구 원산동 산10,"44,628,300","31,240,000",낙찰,"32,150,000",72.00%,2025-12-17,2025_4Q,1
광주 2계 2024-85022,아파트,아파트,아파트,광주,광산구,"광주 광산구 수완동 908 ,909,911 수완2차우미린 202동 5층 502호","484,000,000","338,800,000",낙찰,"432,200,000",89.30%,2025-10-16,2025_4Q,2
광주 8계 2024-85282,아파트,아파트,아파트,광주,북구,광주 북구 신용동 675 광주첨단2지구호반베르디움1단지 102동 2층 203호,"459,000,000","321,300,000",낙찰,"401,943,000",87.60%,2025-12-18,2025_4Q,1
광주 3계 2024-85343,주상복합(주거),기타토지,기타토지,광주,광산구,광주 광산구 쌍암동 676-2 에이엠시티센트럴파크 6층 626호,"144,000,000","64,512,000",낙찰,"64,512,000",44.80%,2025-10-30,2025_4Q,1
광주 2계 2024-85978,차량,기타토지,기타토지,광주,광산구,"광주 광산구 산정동 156 여대주차장내 보관(T:062-953-8424,010-5550-8424)","8,500,000","4,760,000",낙찰,"5,588,000",65.70%,2025-11-27,2025_4Q,1
광주 10계 2024-87103(1),차량,기타토지,기타토지,광주,광산구,광주 광산구 산정동 156 여대주차장(062-953-8424)내 보관,"14,000,000","6,272,000",낙찰,"10,300,000",73.60%,2025-10-17,2025_4Q,2
광주 1계 2024-87653,아파트,아파트,아파트,광주,북구,광주 북구 문흥동 1010-8 중흥 302동 3층 306호,"146,000,000","102,200,000",낙찰,"105,400,000",72.20%,2025-10-15,2025_4Q,2
광주 7계 2024-88021,연립,연립주택,연립·빌라,광주,남구,광주 남구 주월동 497 에이엠시티101 2층 207호,"44,000,000","24,640,000",낙찰,"26,541,000",60.30%,2025-11-18,2025_4Q,1
광주 3계 2024-88793,전,전,전,광주,광산구,광주 광산구 내산동 352-1,"413,545,000","231,585,200",낙찰,"247,700,000",59.90%,2025-12-11,2025_4Q,1
광주 6계 2024-89017(1),아파트,아파트,아파트,광주,북구,광주 북구 문흥동 1010-2 일신 104동 20층 2001호,"124,000,000","86,800,000",낙찰,"101,999,000",82.30%,2025-12-17,2025_4Q,1
광주 6계 2024-89017(2),아파트,아파트,아파트,광주,북구,광주 북구 동림동 26-1 우미 105동 8층 803호,"103,000,000","72,100,000",낙찰,"79,000,000",76.70%,2025-12-17,2025_4Q,1
광주 7계 2024-89024,아파트,아파트,아파트,광주,서구,광주 서구 풍암동 1127 주은.모아 106동 3층 305호,"187,000,000","130,900,000",낙찰,"155,000,000",82.90%,2025-10-14,2025_4Q,2
광주 6계 2024-89390,단독주택,단독,단독주택,광주,광산구,"광주 광산구 수완동 369-4 ,368-1","1,447,031,000","810,338,000",낙찰,"915,088,000",63.20%,2025-11-05,2025_4Q,1
광주 7계 2024-89611,아파트,아파트,아파트,광주,북구,광주 북구 연제동 36-1 현대 103동 17층 1703호,"189,000,000","132,300,000",낙찰,"141,100,000",74.70%,2025-11-18,2025_4Q,1
광주 3계 2025-172,아파트,아파트,아파트,광주,서구,"광주 서구 풍암동 777 ,672-2 에스케이뷰 104동 14층 1402호","816,000,000","571,200,000",낙찰,"615,510,000",75.40%,2025-10-30,2025_4Q,1
광주 9계 2025-219,근린주택,근린주택,근린주택,광주,동구,광주 동구 대인동 327-9,"457,352,680","256,116,000",낙찰,"257,120,000",56.20%,2025-10-22,2025_4Q,2
광주 6계 2025-318,아파트,아파트,아파트,광주,북구,광주 북구 신용동 655 첨단2지구제일풍경채 102동 25층 2502호,"501,000,000","350,700,000",낙찰,"440,888,810",88.00%,2025-12-17,2025_4Q,1
광주 1계 2025-783,아파트,아파트,아파트,광주,광산구,광주 광산구 쌍암동 694-74 윤진리안채 11층 1107호,"85,000,000","85,000,000",낙찰,"85,000,000",100.00%,2025-10-15,2025_4Q,2
광주 5계 2025-820,아파트,아파트,아파트,광주,서구,광주 서구 화정동 127-1 무등파크맨션 1동 14층 1502호,"216,000,000","151,200,000",낙찰,"154,900,000",71.70%,2025-10-29,2025_4Q,1
광주 5계 2025-929,아파트,아파트,아파트,광주,남구,"광주 남구 진월동 340 ,344 협진훼미리 101동 10층 1106호","200,000,000","140,000,000",낙찰,"148,912,000",74.50%,2025-10-29,2025_4Q,1
광주 7계 2025-1182,오피스텔(주거),오피스텔,오피스텔(업무용),광주,광산구,광주 광산구 쌍암동 676-3 첨단센트럴파크2차 202동 7층 707호,"174,000,000","97,440,000",낙찰,"125,000,000",71.80%,2025-12-30,2025_4Q,1
광주 1계 2025-1236,아파트,아파트,아파트,광주,북구,광주 북구 삼각동 753-10 서라 102동 11층 1108호,"130,000,000","91,000,000",낙찰,"105,090,000",80.80%,2025-11-26,2025_4Q,1
광주 9계 2025-1304,아파트,아파트,아파트,광주,광산구,광주 광산구 운남동 781-1 운남8단지주공 816동 23층 2304호,"205,000,000","143,500,000",낙찰,"177,250,000",86.50%,2025-10-22,2025_4Q,2
광주 2계 2025-1342,아파트,아파트,아파트,광주,광산구,"광주 광산구 월계동 757-3 ,757-4 첨단동부 101동 4층 401호","472,000,000","264,320,000",낙찰,"315,990,000",66.90%,2025-11-27,2025_4Q,1
광주 6계 2025-1502,아파트,아파트,아파트,광주,북구,광주 북구 두암동 883-1 두암2차현대 203동 2층 204호,"340,000,000","190,400,000",낙찰,"241,000,000",70.90%,2025-11-05,2025_4Q,1
광주 2계 2025-1663,아파트,아파트,아파트,광주,광산구,광주 광산구 쌍암동 676-3 첨단센트럴파크2차 202동 17층 1708호,"164,000,000","114,800,000",낙찰,"177,305,000",108.10%,2025-11-27,2025_4Q,1
광주 5계 2025-1700,아파트,아파트,아파트,광주,광산구,광주 광산구 장덕동 1690 성덕마을 대방노블랜드5차 504동 9층 901호,"757,000,000","529,900,000",낙찰,"693,350,000",91.60%,2025-10-29,2025_4Q,1
광주 6계 2025-1717,아파트,아파트,아파트,광주,남구,광주 남구 지석동 444 일진스위트포레 108동 4층 403호,"303,000,000","212,100,000",낙찰,"260,134,000",85.90%,2025-12-17,2025_4Q,1
광주 7계 2025-1830,아파트,아파트,아파트,광주,서구,광주 서구 유촌동 871 상무버들마을 2주공 206동 5층 502호,"179,000,000","125,300,000",낙찰,"137,220,000",76.70%,2025-11-18,2025_4Q,1
광주 5계 2025-1946,아파트,아파트,아파트,광주,남구,광주 남구 주월동 1199-12 라인가든맨션 1동 10층 1007호,"97,000,000","67,900,000",낙찰,"80,990,000",83.50%,2025-12-10,2025_4Q,1
광주 6계 2025-1953,아파트,아파트,아파트,광주,남구,광주 남구 주월동 1021-3 극동마이다스빌 201동 3층 302호,"102,000,000","57,120,000",낙찰,"69,888,000",68.50%,2025-12-17,2025_4Q,1
광주 4계 2025-1991(1),아파트,아파트,아파트,광주,서구,"광주 서구 치평동 1330 ,802 갤러리303 106동 14층 1404호","829,000,000","580,300,000",낙찰,"629,990,000",76.00%,2025-10-21,2025_4Q,2
광주 2계 2025-2093,오피스텔(주거),오피스텔,오피스텔(업무용),광주,광산구,광주 광산구 쌍암동 676-2 에이엠시티센트럴파크 2층 207호,"134,000,000","93,800,000",낙찰,"130,000,000",97.00%,2025-11-27,2025_4Q,1
광주 3계 2025-2307,아파트,아파트,아파트,광주,동구,광주 동구 용산동 662 광주용산지구2블럭계룡리슈빌더포레스트 107동 11층 1103호,"648,000,000","453,600,000",낙찰,"522,200,000",80.60%,2025-12-11,2025_4Q,1
광주 4계 2025-2413,아파트,아파트,아파트,광주,광산구,광주 광산구 쌍암동 676-3 첨단센트럴파크2차 202동 5층 506호,"186,000,000","104,160,000",낙찰,"104,160,000",56.00%,2025-12-02,2025_4Q,1
광주 4계 2025-2529(1),근린상가,근린상가,근린상가,광주,남구,"광주 남구 봉선동 473-28 ,473-5 봉선동스카이빌딩주건축물 1동 6층 601호","831,000,000","581,700,000",낙찰,"590,000,000",71.00%,2025-10-21,2025_4Q,2
광주 4계 2025-2529(2),근린상가,근린상가,근린상가,광주,남구,"광주 남구 봉선동 473-28 ,473-5 봉선동스카이빌딩주건축물 1동 6층 602호","873,000,000","488,880,000",낙찰,"492,010,000",56.40%,2025-12-02,2025_4Q,1
광주 5계 2025-2536(1),근린상가,근린상가,근린상가,광주,남구,광주 남구 봉선동 156 가로수빌딩 1동 2층 201호,"954,000,000","667,800,000",낙찰,"671,100,000",70.30%,2025-12-10,2025_4Q,1
광주 4계 2025-2949,단독주택,단독,단독주택,광주,북구,광주 북구 용봉동 155-5,"322,667,820","225,868,000",낙찰,"230,000,000",71.30%,2025-10-21,2025_4Q,2
광주 6계 2025-3515,아파트,아파트,아파트,광주,북구,광주 북구 매곡동 492 매곡동대주피오레 104동 15층 1501호,"334,000,000","233,800,000",낙찰,"256,050,000",76.70%,2025-12-17,2025_4Q,1
광주 9계 2025-3720,차량,기타토지,기타토지,광주,광산구,광주 광산구 우산동 218-5 서창다리주차장(010-8466-0864)내 보관,"45,000,000","45,000,000",낙찰,"46,100,000",102.40%,2025-12-03,2025_4Q,1
광주 3계 2025-30197,아파트,아파트,아파트,광주,광산구,광주 광산구 쌍암동 676-2 에이엠시티센트럴파크 7층 723호,"141,000,000","98,700,000",낙찰,"133,820,000",94.90%,2025-10-30,2025_4Q,1
광주 7계 2025-30210,공장,공장(지식산업센터 업무시설),공장,광주,광산구,광주 광산구 오선동 617 가동,"3,903,662,300","2,732,564,000",낙찰,"2,915,650,000",74.70%,2025-11-18,2025_4Q,1
광주 1계 2025-30265(1),답,답,답,광주,북구,광주 북구 충효동 67-1,"7,654,000","6,123,200",낙찰,"6,509,900",85.10%,2025-10-15,2025_4Q,2
광주 1계 2025-30265(2),답,답,답,광주,북구,광주 북구 충효동 67-3,"87,233,000","61,063,100",낙찰,"63,659,900",73.00%,2025-10-15,2025_4Q,2
광주 8계 2025-30371,차량,기타토지,기타토지,광주,광산구,"광주 광산구 산정동 156 여대주차장 (062-953-8424, 010-5550-8424)내보관","21,000,000","14,700,000",낙찰,"17,111,000",81.50%,2025-11-06,2025_4Q,1
광주 2계 2025-30494,단독주택,단독,단독주택,광주,북구,광주 북구 신안동 260-4,"205,426,388","115,038,776",낙찰,"146,700,000",71.40%,2025-11-27,2025_4Q,1
광주 3계 2025-30562,차량,기타토지,기타토지,광주,광산구,"광주 광산구 산정동 156-3 산정주차장(062-953-8424, 010-5550-8424)내 보관","33,000,000","18,480,000",낙찰,"20,378,760",61.80%,2025-10-30,2025_4Q,1
광주 3계 2025-30630,아파트,아파트,아파트,광주,서구,광주 서구 치평동 1159 상무1차우미 104동 10층 1001호,"185,000,000","129,500,000",낙찰,"149,170,000",80.60%,2025-10-30,2025_4Q,1
광주 9계 2025-30692,아파트,아파트,아파트,광주,광산구,광주 광산구 월곡동 614-1 한성1차 105동 2층 213호,"112,000,000","62,720,000",낙찰,"81,210,000",72.50%,2025-10-22,2025_4Q,2
광주 10계 2025-30784,중기,기타토지,기타토지,광주,광산구,광주 광산구 월전동 92-1 평동주차장(010-4629-2670)내 보관,"12,000,000","6,720,000",낙찰,"7,188,000",59.90%,2025-10-17,2025_4Q,2
광주 4계 2025-30814,근린상가,근린상가,근린상가,광주,남구,광주 남구 방림동 73-19,"509,702,800","228,348,000",낙찰,"243,000,000",47.70%,2025-12-02,2025_4Q,1
광주 7계 2025-30821,도로,기타토지,기타토지,광주,남구,광주 남구 주월동 393-25,"54,054,900","54,054,900",낙찰,"65,000,000",120.20%,2025-10-14,2025_4Q,2
광주 1계 2025-30906,아파트,아파트,아파트,광주,서구,"광주 서구 금호동 268-1 ,361-14 금호동진흥더루벤스 201동 12층 1202호","809,000,000","566,300,000",낙찰,"820,089,000",101.40%,2025-10-15,2025_4Q,2
광주 4계 2025-30982,아파트,아파트,아파트,광주,서구,광주 서구 양동 61-2 우진 1동 4층 411호,"314,000,000","112,538,000",낙찰,"153,000,000",48.70%,2025-10-21,2025_4Q,2
광주 2계 2025-31084,아파트,아파트,아파트,광주,광산구,광주 광산구 송정동 230-8 대덕9차 901동 8층 806호,"138,000,000","96,600,000",낙찰,"127,000,170",92.00%,2025-10-16,2025_4Q,2
광주 3계 2025-31107,아파트,아파트,아파트,광주,북구,"광주 북구 매곡동 232 ,225,474-10 대성베르힐 101동 12층 1202호","417,000,000","233,520,000",낙찰,"297,800,000",71.40%,2025-12-11,2025_4Q,1
광주 1계 2025-31169,근린주택,근린주택,근린주택,광주,북구,광주 북구 일곡동 365-3 아크로빌B 주건축물 1동,"956,394,600","535,580,976",낙찰,"628,560,000",65.70%,2025-11-26,2025_4Q,1
광주 2계 2025-31183,아파트,아파트,아파트,광주,광산구,광주 광산구 소촌동 869 소촌동대성베르힐 105동 2층 202호,"268,000,000","187,600,000",낙찰,"238,000,100",88.80%,2025-10-16,2025_4Q,2
광주 4계 2025-31213,노유자시설,기타건물,노유자시설,광주,서구,광주 서구 화정동 740-12,"580,709,500","208,127,000",낙찰,"226,250,000",39.00%,2025-12-02,2025_4Q,1
광주 3계 2025-31817,아파트,아파트,아파트,광주,동구,광주 동구 학동 750-1 삼익세라믹 2동 9층 901호,"242,000,000","169,400,000",낙찰,"187,510,000",77.50%,2025-12-11,2025_4Q,1
광주 3계 2025-31909,답,답,답,광주,광산구,광주 광산구 오운동 651-1,"229,212,000","128,358,720",낙찰,"140,920,000",61.50%,2025-12-11,2025_4Q,1
광주 7계 2025-31923,아파트,아파트,아파트,광주,광산구,광주 광산구 산월동 885-3 부영그린타운 1105동 7층 702호,"317,000,000","221,900,000",낙찰,"291,291,000",91.90%,2025-11-18,2025_4Q,1
광주 5계 2025-31959,아파트,아파트,아파트,광주,서구,광주 서구 풍암동 1058 삼능남양 106동 3층 301호,"163,000,000","114,100,000",낙찰,"132,600,000",81.30%,2025-10-29,2025_4Q,1
광주 9계 2025-31991,아파트,아파트,아파트,광주,광산구,광주 광산구 운남동 776-1 운남주공2단지 201동 19층 1902호,"150,000,000","84,000,000",낙찰,"84,000,000",56.00%,2025-10-22,2025_4Q,2
광주 3계 2025-31999,차량,기타토지,기타토지,광주,남구,광주 남구 임암동 631-8 지와이피내 보관(010-8308-7371),"23,000,000","12,880,000",낙찰,"13,500,900",58.70%,2025-10-30,2025_4Q,1
광주 3계 2025-32005,아파트,아파트,아파트,광주,서구,광주 서구 금호동 808 금호베스트빌 301동 10층 1001호,"567,000,000","396,900,000",낙찰,"501,111,999",88.40%,2025-12-11,2025_4Q,1
광주 7계 2025-32011,오피스텔(주거),오피스텔,오피스텔(업무용),광주,북구,광주 북구 각화동 594 힐스테이트각화 115동 10층 1006호,"77,000,000","43,120,000",낙찰,"43,130,001",56.00%,2025-12-30,2025_4Q,1
광주 2계 2025-32020,아파트,아파트,아파트,광주,광산구,광주 광산구 장덕동 1046 골드클래스 102동 12층 1202호,"347,000,000","242,900,000",낙찰,"299,560,000",86.30%,2025-10-16,2025_4Q,2
광주 5계 2025-32026,단독주택,단독,단독주택,광주,광산구,광주 광산구 송정동 934-3,"229,671,550","160,771,000",낙찰,"185,059,999",80.60%,2025-10-29,2025_4Q,1
광주 9계 2025-32077,단독주택,단독,단독주택,광주,서구,광주 서구 쌍촌동 952-11,"249,491,920","111,772,000",낙찰,"114,200,000",45.80%,2025-12-03,2025_4Q,1
광주 4계 2025-32083(7),근린상가,근린상가,근린상가,광주,서구,광주 서구 매월동 948 광주산업용재유통센터 9동 2층 223호,"88,000,000","61,600,000",낙찰,"62,280,000",70.80%,2025-12-02,2025_4Q,1
광주 5계 2025-32093,아파트,아파트,아파트,광주,광산구,광주 광산구 우산동 1633 무진로진아리채리버뷰 105동 14층 1404호,"469,000,000","328,300,000",낙찰,"435,500,000",92.90%,2025-10-29,2025_4Q,1
광주 6계 2025-32094,아파트,아파트,아파트,광주,북구,광주 북구 동림동 645 삼익 108동 5층 502호,"312,000,000","139,776,000",낙찰,"140,000,000",44.90%,2025-12-17,2025_4Q,1
광주 7계 2025-32124,아파트,아파트,아파트,광주,북구,광주 북구 일곡동 814-4 쌍용 104동 14층 1401호,"325,000,000","227,500,000",낙찰,"266,550,000",82.00%,2025-12-30,2025_4Q,1
광주 2계 2025-32164,아파트,아파트,아파트,광주,광산구,광주 광산구 쌍암동 661-8 첨단에이엠씨티3차 5층 511호,"110,000,000","61,600,000",낙찰,"105,000,000",95.50%,2025-11-27,2025_4Q,1
광주 5계 2025-32168,아파트,아파트,아파트,광주,남구,"광주 남구 진월동 30 ,22,12-15,856-49 진아리채 301동 2층 204호","317,000,000","221,900,000",낙찰,"263,980,000",83.30%,2025-10-29,2025_4Q,1
광주 9계 2025-32172,임야,임야,임야,광주,서구,광주 서구 용두동 산11-6,"9,010,000","6,307,000",낙찰,"6,821,000",75.70%,2025-10-22,2025_4Q,2
광주 2계 2025-32176,아파트,아파트,아파트,광주,광산구,광주 광산구 쌍암동 682-1 에이엠시티5차 5층 512호,"86,000,000","60,200,000",낙찰,"88,000,000",102.30%,2025-11-27,2025_4Q,1
광주 5계 2025-32196,아파트,아파트,아파트,광주,광산구,"광주 광산구 도산동 782 ,737-3,737-4,789,1250-3 호반 203동 2층 207호","138,000,000","96,600,000",낙찰,"113,000,000",81.90%,2025-12-10,2025_4Q,1
광주 9계 2025-32198,아파트,아파트,아파트,광주,광산구,광주 광산구 쌍암동 676-3 첨단센트럴파크2차 202동 8층 803호,"190,000,000","133,000,000",낙찰,"163,480,000",86.00%,2025-10-22,2025_4Q,2
광주 10계 2025-32213,차량,기타토지,기타토지,광주,광산구,광주 광산구 산정동 156 여대주차장(062-953-8424)내 보관,"38,000,000","17,024,000",낙찰,"22,003,000",57.90%,2025-10-17,2025_4Q,2
광주 5계 2025-32226,대지,나대지,나대지,광주,남구,광주 남구 화장동 428,"98,373,000","55,090,000",낙찰,"67,899,000",69.00%,2025-12-10,2025_4Q,1
광주 7계 2025-32235,차량,기타토지,기타토지,광주,광산구,광주 광산구 우산동 218-5 서창다리주차장내 보관,"7,000,000","3,920,000",낙찰,"4,551,100",65.00%,2025-11-18,2025_4Q,1
광주 2계 2025-32240,아파트,아파트,아파트,광주,북구,광주 북구 삼각동 637 우미타운 102동 9층 901호,"186,000,000","130,200,000",낙찰,"172,999,000",93.00%,2025-11-27,2025_4Q,1
광주 3계 2025-32241,단독주택,단독,단독주택,광주,광산구,광주 광산구 월곡동 50-14 주건축물제1동,"1,115,734,600","781,015,000",낙찰,"782,055,000",70.10%,2025-12-11,2025_4Q,1
광주 3계 2025-32262,오피스텔(주거),오피스텔,오피스텔(업무용),광주,동구,"광주 동구 금남로4가 79-1 ,충장로4가 7-3,7-14 로머스파크주건축물 22층 2219호","123,000,000","86,100,000",낙찰,"86,100,000",70.00%,2025-12-11,2025_4Q,1
광주 8계 2025-32296,중기,기타토지,기타토지,광주,남구,광주 남구 송하동 348-1 송원주차장내보관,"80,000,000","44,800,000",낙찰,"47,880,000",59.90%,2025-12-18,2025_4Q,1
광주 10계 2025-32303,차량,기타토지,기타토지,광주,광산구,광주 광산구 산정동 156 여대주차장(062-953-8424)내 보관,"33,000,000","23,100,000",낙찰,"26,500,000",80.30%,2025-10-17,2025_4Q,2
광주 4계 2025-32307,오피스텔,오피스텔,오피스텔(업무용),광주,동구,"광주 동구 수기동 68-1 ,61-1,61-2,68,68-4,71,73-14 금남로유탑유블레스원시티 18층 1805호","254,000,000","142,240,000",낙찰,"165,900,000",65.30%,2025-10-21,2025_4Q,2
광주 7계 2025-32308,오피스텔(주거),오피스텔,오피스텔(업무용),광주,동구,"광주 동구 수기동 68-1 ,61-1,61-2,68,68-4,71,73-14 금남로유탑유블레스원시티 11층 1105호","250,000,000","140,000,000",낙찰,"151,000,000",60.40%,2025-12-30,2025_4Q,1
광주 7계 2025-32329,아파트,아파트,아파트,광주,광산구,광주 광산구 월계동 756-6 첨단5차라인 503동 11층 1106호,"257,000,000","179,900,000",낙찰,"218,100,000",84.90%,2025-11-18,2025_4Q,1
광주 3계 2025-32339,아파트,아파트,아파트,광주,서구,"광주 서구 쌍촌동 471-4 ,549-2,550-43,550-46,878-3,879 명지 101동 17층 1710호","262,000,000","183,400,000",낙찰,"225,250,000",86.00%,2025-12-11,2025_4Q,1
광주 5계 2025-32343,아파트,아파트,아파트,광주,광산구,광주 광산구 월계동 756-2 신동아 105동 5층 503호,"337,000,000","235,900,000",낙찰,"245,199,000",72.80%,2025-12-10,2025_4Q,1
광주 7계 2025-32345,오피스텔(주거),오피스텔,오피스텔(업무용),광주,서구,광주 서구 농성동 415-57 농성지오스테이션 5층 501호,"237,000,000","165,900,000",낙찰,"190,000,000",80.20%,2025-11-18,2025_4Q,1
광주 9계 2025-32349,차량,기타토지,기타토지,광주,광산구,광주 광산구 우산동 218-5 서창다리주차장(010-8466-0864)내 보관,"23,000,000","16,100,000",낙찰,"16,300,000",70.90%,2025-10-22,2025_4Q,2
광주 7계 2025-32372,차량,기타토지,기타토지,광주,동구,광주 동구 지산동 714-31 영빈2주차장내 보관,"15,000,000","8,400,000",낙찰,"8,400,000",56.00%,2025-11-18,2025_4Q,1
광주 3계 2025-32398,아파트,아파트,아파트,광주,서구,"광주 서구 치평동 1330 ,마륵동 802 갤러리303 106동 13층 1301호","845,000,000","845,000,000",낙찰,"860,000,010",101.80%,2025-12-11,2025_4Q,1
광주 5계 2025-32401,연립,연립주택,연립·빌라,광주,광산구,광주 광산구 비아동 784 첨단금호어울림더테라스 111동 2층 206호,"514,000,000","359,800,000",낙찰,"412,340,000",80.20%,2025-12-10,2025_4Q,1
광주 5계 2025-32433(1),차량,기타토지,기타토지,광주,광산구,광주 광산구 산정동 156-3 산정주차장내 보관,"7,000,000","4,900,000",낙찰,"5,610,000",80.10%,2025-10-29,2025_4Q,1
광주 5계 2025-32433(2),차량,기타토지,기타토지,광주,광산구,광주 광산구 산정동 156-3 산정주차장내 보관,"7,000,000","4,900,000",낙찰,"6,110,000",87.30%,2025-10-29,2025_4Q,1
광주 9계 2025-32445,차량,기타토지,기타토지,광주,동구,광주 동구 지산동 714-31 영빈2주차장(010-5743-8200)내보관,"18,000,000","12,600,000",낙찰,"16,200,000",90.00%,2025-10-22,2025_4Q,2
광주 2계 2025-32463,오피스텔(주거),오피스텔,오피스텔(업무용),광주,남구,광주 남구 구동 1-21 남구구동 8층 808호,"46,000,000","32,200,000",낙찰,"44,000,000",95.70%,2025-11-27,2025_4Q,1
광주 3계 2025-32464,아파트,아파트,아파트,광주,광산구,광주 광산구 신창동 1187 신창부영 112동 1층 106호,"215,000,000","150,500,000",낙찰,"196,599,700",91.40%,2025-12-11,2025_4Q,1
광주 4계 2025-32465,오피스텔,오피스텔,오피스텔(업무용),광주,동구,광주 동구 금남로2가 10 금남로센텀시티 7층 703호,"146,000,000","65,408,000",낙찰,"80,099,000",54.90%,2025-12-02,2025_4Q,1
광주 6계 2025-32481,아파트,아파트,아파트,광주,북구,광주 북구 일곡동 817-5 일곡3차청솔 302동 12층 1204호,"98,000,000","68,600,000",낙찰,"80,770,000",82.40%,2025-11-05,2025_4Q,1
광주 7계 2025-32508,아파트,아파트,아파트,광주,남구,"광주 남구 봉선동 502 ,1157-21,1157-13,1157-20 라인 101동 15층 1503호","251,000,000","175,700,000",낙찰,"205,300,000",81.80%,2025-12-30,2025_4Q,1
광주 7계 2025-32522,아파트,아파트,아파트,광주,북구,광주 북구 임동 104-8 한국아델리움2차 204동 205호,"426,000,000","298,200,000",낙찰,"385,418,050",90.50%,2025-12-30,2025_4Q,1
광주 1계 2025-32528,공장,공장(지식산업센터 업무시설),공장,광주,북구,광주 북구 월출동 970-44,"250,793,100","250,793,100",낙찰,"489,333,000",195.10%,2025-11-26,2025_4Q,1
광주 4계 2025-32535,근린상가,근린상가,근린상가,광주,서구,광주 서구 동천동 631 제일메디프라자 3층 302호,"316,000,000","176,960,000",낙찰,"179,753,650",56.90%,2025-12-02,2025_4Q,1
광주 6계 2025-32550,아파트,아파트,아파트,광주,북구,광주 북구 매곡동 57 201동 14층 1413호,"125,000,000","87,500,000",낙찰,"88,550,000",70.80%,2025-12-17,2025_4Q,1
광주 10계 2025-32552,차량,기타토지,기타토지,광주,광산구,광주 광산구 산정동 156 여대주차장(062-953-8424)내 보관,"16,000,000","11,200,000",낙찰,"12,688,000",79.30%,2025-10-17,2025_4Q,2
광주 10계 2025-32584,차량,기타토지,기타토지,광주,광산구,광주 광산구 산정동 156-3 여대주차장내 보관,"8,000,000","4,480,000",낙찰,"5,700,000",71.30%,2025-10-17,2025_4Q,2
광주 4계 2025-32630,아파트,아파트,아파트,광주,서구,광주 서구 내방동 848 화정센트럴파크 101동 16층 1603호,"240,000,000","168,000,000",낙찰,"228,890,000",95.40%,2025-10-21,2025_4Q,2
광주 5계 2025-32631,아파트,아파트,아파트,광주,광산구,광주 광산구 월계동 757-8 일신 101동 3층 302호,"222,000,000","155,400,000",낙찰,"208,333,000",93.80%,2025-12-10,2025_4Q,1
광주 6계 2025-32632,아파트,아파트,아파트,광주,동구,광주 동구 소태동 1103 무등산골드클래스 105동 6층 603호,"344,000,000","240,800,000",낙찰,"323,232,000",94.00%,2025-11-05,2025_4Q,1
광주 7계 2025-32633,아파트,아파트,아파트,광주,서구,광주 서구 마륵동 1 상무자이 104동 1층 103호,"1,084,000,000","758,800,000",낙찰,"788,370,000",72.70%,2025-12-30,2025_4Q,1
광주 4계 2025-32643,아파트,아파트,아파트,광주,동구,광주 동구 계림동 1827 그랜드센트럴 108동 25층 2508호,"228,000,000","159,600,000",낙찰,"178,701,000",78.40%,2025-10-21,2025_4Q,2
광주 8계 2025-32675,차량,기타토지,기타토지,광주,북구,광주 북구 삼각동 754-3 글로벌주차장(010-6245-1001)내 보관,"25,000,000","17,500,000",낙찰,"18,021,000",72.10%,2025-12-18,2025_4Q,1
광주 2계 2025-32682,차량,기타토지,기타토지,광주,광산구,"광주 광산구 산정동 156 여대주차장(062-953-8424, 010-5550-8424)내 보관","10,000,000","4,480,000",낙찰,"6,288,000",62.90%,2025-11-27,2025_4Q,1
광주 3계 2025-32683,차량,기타토지,기타토지,광주,광산구,"광주 광산구 산정동 156 여대주차장(062-953-8424,010-5550-8424)내 보관","8,000,000","5,600,000",낙찰,"6,510,000",81.40%,2025-12-11,2025_4Q,1
광주 10계 2025-32705,오피스텔(주거),오피스텔,오피스텔(업무용),광주,서구,"광주 서구 쌍촌동 968-3 ,968-5,968-6 에드가리움2차 3층 309호","64,000,000","44,800,000",낙찰,"48,650,000",76.00%,2025-11-21,2025_4Q,1
광주 10계 2025-32724,차량,기타토지,기타토지,광주,광산구,광주 광산구 산정동 156 여대주차장(062-953-8424)내 보관,"31,000,000","21,700,000",낙찰,"28,101,000",90.60%,2025-10-17,2025_4Q,2
광주 3계 2025-32742,차량,기타토지,기타토지,광주,광산구,광주 광산구 우산동 218-5 서창다리주차장(010-8466-0864)내 보관,"14,000,000","9,800,000",낙찰,"10,290,000",73.50%,2025-12-11,2025_4Q,1
광주 5계 2025-32743,차량,기타토지,기타토지,광주,남구,광주 남구 송하동 348-1 송원주차장(010-3622-7261)내보관,"20,000,000","14,000,000",낙찰,"16,180,000",80.90%,2025-12-10,2025_4Q,1
광주 7계 2025-32748,차량,기타토지,기타토지,광주,남구,광주 남구 임암동 618-3 제3자지와이피주차장내 보관,"12,000,000","5,376,000",낙찰,"6,240,000",52.00%,2025-11-18,2025_4Q,1
광주 9계 2025-32756(1),차량,기타토지,기타토지,광주,광산구,광주 광산구 월전동 92-1 평동주차장(010-4629-2670)내 보관,"30,000,000","21,000,000",낙찰,"23,511,960",78.40%,2025-12-03,2025_4Q,1
광주 9계 2025-32756(2),차량,기타토지,기타토지,광주,광산구,광주 광산구 월전동 92-1 평동주차장(010-4629-2670)내 보관,"13,000,000","9,100,000",낙찰,"10,160,000",78.20%,2025-12-03,2025_4Q,1
광주 9계 2025-32756(3),중기,기타토지,기타토지,광주,광산구,광주 광산구 월전동 92-1 평동주차장(010-4629-2670)내 보관,"10,000,000","7,000,000",낙찰,"9,300,000",93.00%,2025-12-03,2025_4Q,1
광주 2계 2025-32772,차량,기타토지,기타토지,광주,남구,광주 남구 임암동 631-8 지와이피주차장(010-8308-7371)내 보관,"55,000,000","38,500,000",낙찰,"47,380,622",86.10%,2025-10-16,2025_4Q,2
광주 4계 2025-32785,차량,기타토지,기타토지,광주,동구,광주 동구 지산동 714-31 영빙2주차장(010-5743-8200)내 보관,"20,000,000","14,000,000",낙찰,"17,110,000",85.50%,2025-10-21,2025_4Q,2
광주 10계 2025-32798,차량,기타토지,기타토지,광주,남구,광주 남구 송하동 348-1 송원주차장내 보관,"21,000,000","14,700,000",낙찰,"14,880,000",70.90%,2025-10-17,2025_4Q,2
광주 2계 2025-32802,차량,기타토지,기타토지,광주,남구,광주 남구 송하동 348-1 송원주차장(010-3622-7261)내 보관,"9,000,000","4,032,000",낙찰,"5,111,000",56.80%,2025-11-27,2025_4Q,1
광주 2계 2025-32835,차량,기타토지,기타토지,광주,남구,광주 남구 송하동 348-1 송원주차장(010-3622-7261)내 보관,"55,000,000","38,500,000",낙찰,"45,600,000",82.90%,2025-11-27,2025_4Q,1
광주 11계 2025-32873,차량,기타토지,기타토지,광주,광산구,광주 광산구 우산동 218-5 서창다리주차장(010-8466-0864)내 보관,"37,000,000","25,900,000",낙찰,"38,588,000",104.30%,2025-10-28,2025_4Q,1
광주 2계 2025-32980,차량,기타토지,기타토지,광주,광산구,광주 광산구 월전동 92-1 평동주차장(010-4629-2670)내 보관,"40,000,000","28,000,000",낙찰,"35,788,000",89.50%,2025-11-27,2025_4Q,1
광주 6계 2025-32986,차량,기타토지,기타토지,광주,광산구,광주 광산구 산정동 156 여대주차장(010-5550-8424)내 보관,"15,000,000","10,500,000",낙찰,"12,199,999",81.30%,2025-11-05,2025_4Q,1
광주 4계 2025-32995,아파트,아파트,아파트,광주,서구,광주 서구 화정동 1610 유니버시아드힐스테이트 206동 3층 301호,"471,000,000","329,700,000",낙찰,"405,777,700",86.20%,2025-12-02,2025_4Q,1
광주 10계 2025-33000,중기,기타토지,기타토지,광주,남구,광주 남구 송하동 348-1 송원주차장(010-3622-7261)내 보관,"85,000,000","85,000,000",낙찰,"86,220,000",101.40%,2025-10-17,2025_4Q,2
광주 4계 2025-33045,차량,기타토지,기타토지,광주,남구,광주 남구 송하동 348-1 송원주차장(010-3622-7261)내 보관,"19,000,000","13,300,000",낙찰,"14,141,000",74.40%,2025-12-02,2025_4Q,1
광주 11계 2025-33055,차량,기타토지,기타토지,광주,광산구,광주 광산구 산정동 156 여대주차장(0105-5508-4240)내 보관,"16,500,000","11,550,000",낙찰,"14,370,000",87.10%,2025-12-09,2025_4Q,1
광주 6계 2025-33085,차량,기타토지,기타토지,광주,북구,광주 북구 삼각동 754-3 글로벌주차장(010-6245-1001)내 보관,"22,000,000","15,400,000",낙찰,"20,799,999",94.50%,2025-11-05,2025_4Q,1
광주 2계 2025-33213,차량,기타토지,기타토지,광주,광산구,광주 광산구 우산동 218-5 서창다리주차장(010-8466-0864)내 보관,"28,000,000","19,600,000",낙찰,"20,110,000",71.80%,2025-11-27,2025_4Q,1
광주 4계 2025-33221,차량,기타토지,기타토지,광주,광산구,광주 광산구 월전동 92-1 평동주차장(010-4629-2670)내 보관,"20,000,000","14,000,000",낙찰,"14,699,999",73.50%,2025-10-21,2025_4Q,2
광주 9계 2025-33268,차량,기타토지,기타토지,광주,광산구,광주 광산구 산정동 156 여대주차장내 보관,"45,000,000","31,500,000",낙찰,"34,730,000",77.20%,2025-12-03,2025_4Q,1
광주 12계 2025-33278,차량,기타토지,기타토지,광주,남구,광주 남구 송하동 348-1 송원주차장(010-3622-7261)내 보관,"14,000,000","9,800,000",낙찰,"11,799,900",84.30%,2025-12-12,2025_4Q,1
광주 8계 2025-33328,중기,기타토지,기타토지,광주,광산구,광주 광산구 월전동 92-1 평동주차장(010-4629-2670)내 보관,"95,000,000","66,500,000",낙찰,"73,620,000",77.50%,2025-12-18,2025_4Q,1
광주 10계 2025-33379(1),차량,기타토지,기타토지,광주,남구,광주 남구 송하동 348-1 송원주차장내 보관,"12,500,000","8,750,000",낙찰,"9,899,999",79.20%,2025-11-21,2025_4Q,1
광주 10계 2025-33379(2),차량,기타토지,기타토지,광주,남구,광주 남구 송하동 348-1 송원주차장내 보관,"12,000,000","8,400,000",낙찰,"8,899,999",74.20%,2025-11-21,2025_4Q,1
광주 10계 2025-33379(3),차량,기타토지,기타토지,광주,남구,광주 남구 송하동 348-1 송원주차장내 보관,"8,000,000","5,600,000",낙찰,"6,820,000",85.30%,2025-11-21,2025_4Q,1
광주 5계 2025-33428,차량,기타토지,기타토지,광주,광산구,광주 광산구 산정동 156 여대주차장내보관,"13,000,000","9,100,000",낙찰,"10,451,100",80.40%,2025-12-10,2025_4Q,1
광주 11계 2025-33511,차량,기타토지,기타토지,광주,서구,광주 서구 벽진동 537-1 하나로에프앤씨주차장(010-5372-2362)내 보관,"20,000,000","20,000,000",낙찰,"20,499,999",102.50%,2025-12-09,2025_4Q,1
광주 7계 2025-33546,차량,기타토지,기타토지,광주,광산구,광주 광산구 산정동 156 제3자여대주차장내 보관,"14,000,000","9,800,000",낙찰,"12,010,000",85.80%,2025-12-30,2025_4Q,1
광주 6계 2025-33581,차량,기타토지,기타토지,광주,북구,광주 북구 삼각동 754-3 글로벌주차장내 보관(010-6245-1001),"11,000,000","7,700,000",낙찰,"8,309,000",75.50%,2025-12-17,2025_4Q,1
광주 7계 2025-33661,차량,기타토지,기타토지,광주,광산구,광주 광산구 산정동 156 여대주차장내 보관,"17,000,000","11,900,000",낙찰,"12,120,000",71.30%,2025-12-30,2025_4Q,1
광주 6계 2022-7639,근린상가,근린상가,근린상가,광주,동구,"광주 동구 학동 55-57 ,55-121 남광주종합상가 1층 144호","90,000,000","10,570,000",낙찰,"10,700,000",11.90%,2025-07-02,2025_3Q,2
광주 8계 2023-3573,오피스텔(상가),오피스텔,오피스텔(업무용),광주,남구,"광주 남구 방림동 119-3 ,119-18,119-50 천진시그니처 A동 지하층 비101호","14,915,709,000","2,189,636,000",낙찰,"4,170,000,000",28.00%,2025-07-03,2025_3Q,2
광주 10계 2023-4071,근린상가,근린상가,근린상가,광주,광산구,광주 광산구 하남동 787 3층 301호,"2,287,000,000","1,280,720,000",낙찰,"1,391,830,000",60.90%,2025-07-18,2025_3Q,2
광주 10계 2023-4460(4),근린상가,근린상가,근린상가,광주,서구,"광주 서구 매월동 750-4 ,756-3 2층 201호","272,000,000","97,485,000",낙찰,"98,500,000",36.20%,2025-07-18,2025_3Q,2
광주 10계 2023-4460(5),근린상가,근린상가,근린상가,광주,서구,"광주 서구 매월동 750-4 ,756-3 3층 301호","242,000,000","86,733,000",낙찰,"95,678,999",39.50%,2025-07-18,2025_3Q,2
광주 2계 2023-4477,다세대,다세대주택,다세대,광주,광산구,광주 광산구 우산동 1471 주은데코빌 가동 3층 303호,"40,000,000","1,539,000",낙찰,"1,600,000",4.00%,2025-09-04,2025_3Q,2
광주 9계 2023-7803,근린상가,근린상가,근린상가,광주,북구,광주 북구 매곡동 205-11 주건축물 2동 지1층 비101호,"331,928,000","60,908,000",낙찰,"62,100,000",18.70%,2025-09-10,2025_3Q,2
광주 7계 2023-60996,오피스텔(주거),오피스텔,오피스텔(업무용),광주,남구,"광주 남구 주월동 957-1 ,957-30,957-31 홀리어스 9층 905호","252,000,000","3,972,000",낙찰,"3,972,000",1.60%,2025-07-15,2025_3Q,2
광주 8계 2023-65052,아파트,아파트,아파트,광주,광산구,광주 광산구 산정동 1056 부영애시앙 207동 9층 903호,"290,000,000","203,000,000",낙찰,"258,000,000",89.00%,2025-07-03,2025_3Q,2
광주 5계 2023-68532(3),근린상가,근린상가,근린상가,광주,북구,"광주 북구 용봉동 17-1 ,17-16,17-21,30-55,30-58,110-14,오치동 457-5 굿모닝타운 1층 120호","341,000,000","50,058,752",낙찰,"50,500,000",14.80%,2025-08-06,2025_3Q,2
광주 4계 2023-78447(2),오피스텔(주거),오피스텔,오피스텔(업무용),광주,광산구,광주 광산구 쌍암동 672-2 6층 605호,"39,000,000","1,641,920",낙찰,"1,641,920",4.20%,2025-09-09,2025_3Q,2
광주 3계 2023-79044,아파트,아파트,아파트,광주,북구,광주 북구 문흥동 972-4 문흥라인동산 201동 2층 206호,"212,000,000","148,400,000",낙찰,"185,100,100",87.30%,2025-09-18,2025_3Q,2
광주 9계 2023-80013,아파트,아파트,아파트,광주,남구,"광주 남구 봉선동 127-15 ,132-4,132-5,132-6,132-9,132-12,132-14,132-18,148,152-2,156-15,921-37 무등파크 205동 24층 2405호","554,000,000","387,800,000",낙찰,"432,259,000",78.00%,2025-07-30,2025_3Q,2
광주 2계 2023-81085(1),점포,근린상가,점포상가,광주,광산구,광주 광산구 수완동 363-5,"514,538,060","360,177,000",낙찰,"438,999,000",85.30%,2025-07-24,2025_3Q,2
광주 2계 2023-81085(2),근린상가,근린상가,근린상가,광주,광산구,광주 광산구 수완동 676-5 1층 101호,"3,613,000,000","2,529,100,000",낙찰,"2,551,100,000",70.60%,2025-07-24,2025_3Q,2
광주 9계 2023-81139(2),임야,임야,임야,광주,서구,광주 서구 서창동 산48-6,"838,988,000","192,443,000",낙찰,"245,700,000",29.30%,2025-07-30,2025_3Q,2
광주 6계 2023-82453(4),근린상가,근린상가,근린상가,광주,광산구,"광주 광산구 월계동 889-2 엘,씨타워 4층 411호","631,000,000","282,688,000",낙찰,"340,500,000",54.00%,2025-07-02,2025_3Q,2
광주 6계 2023-82453(5),근린상가,근린상가,근린상가,광주,광산구,"광주 광산구 월계동 889-2 엘,씨타워 4층 402호","554,000,000","248,192,000",낙찰,"265,920,000",48.00%,2025-07-02,2025_3Q,2
광주 9계 2023-82460,숙박시설,숙박시설,숙박시설,광주,동구,광주 동구 대인동 61-2,"378,420,106","69,440,000",낙찰,"69,440,000",18.30%,2025-09-10,2025_3Q,2
광주 10계 2023-82552(1),전,전,전,광주,광산구,광주 광산구 오산동 639-4,"3,585,000","2,510,000",낙찰,"2,710,000",75.60%,2025-07-18,2025_3Q,2
광주 10계 2023-82552(2),답,답,답,광주,광산구,광주 광산구 오산동 696-3,"36,023,750","20,174,000",낙찰,"21,614,250",60.00%,2025-08-29,2025_3Q,2
광주 6계 2023-83432,아파트,아파트,아파트,광주,서구,광주 서구 화정동 131-4 삼익맨션 2동 4층 406호,"429,000,000","240,240,000",낙찰,"298,000,000",69.50%,2025-08-13,2025_3Q,2
광주 10계 2024-205(1),주상복합(주거),기타토지,기타토지,광주,북구,광주 북구 운암동 1782 센텀플로라에듀 10층 1004호,"293,000,000","164,080,000",낙찰,"197,770,000",67.50%,2025-07-18,2025_3Q,2
광주 10계 2024-205(2),주상복합(주거),기타토지,기타토지,광주,북구,광주 북구 운암동 1782 센텀플로라에듀 11층 1104호,"293,000,000","164,080,000",낙찰,"200,000,000",68.30%,2025-07-18,2025_3Q,2
광주 10계 2024-205(3),주상복합(주거),기타토지,기타토지,광주,북구,광주 북구 운암동 1782 센텀플로라에듀 12층 1204호,"293,000,000","164,080,000",낙찰,"197,770,000",67.50%,2025-07-18,2025_3Q,2
광주 10계 2024-205(4),주상복합(주거),기타토지,기타토지,광주,북구,광주 북구 운암동 1782 센텀플로라에듀 13층 1304호,"293,000,000","164,080,000",낙찰,"197,770,000",67.50%,2025-07-18,2025_3Q,2
광주 10계 2024-205(5),주상복합(주거),기타토지,기타토지,광주,북구,광주 북구 운암동 1782 센텀플로라에듀 14층 1404호,"293,000,000","164,080,000",낙찰,"197,770,000",67.50%,2025-07-18,2025_3Q,2
광주 12계 2024-1697,아파트,아파트,아파트,광주,동구,광주 동구 학동 248-7 미라보 3층 301호,"254,000,000","142,240,000",낙찰,"154,400,000",60.80%,2025-08-08,2025_3Q,2
광주 5계 2024-1857,근린상가,근린상가,근린상가,광주,광산구,광주 광산구 하남동 1305 더나은빌딩 1층 101호,"7,124,000,000","3,191,552,000",낙찰,"3,352,000,000",47.10%,2025-08-06,2025_3Q,2
광주 8계 2024-3501,아파트,아파트,아파트,광주,북구,광주 북구 일곡동 814-3 일곡롯데 107동 13층 1302호,"569,000,000","398,300,000",낙찰,"412,789,000",72.50%,2025-08-14,2025_3Q,2
광주 11계 2024-3679(1),임야,임야,임야,광주,북구,광주 북구 청풍동 산31,"237,044,200","67,966,000",낙찰,"71,100,000",30.00%,2025-09-16,2025_3Q,2
광주 4계 2024-3785,아파트상가,아파트상가,기타토지,광주,서구,광주 서구 치평동 1174-3 라인동산 상가1동 지하층 102호,"542,000,000","124,322,000",낙찰,"153,000,000",28.20%,2025-07-29,2025_3Q,2
광주 10계 2024-4009(1),오피스텔(주거),오피스텔,오피스텔(업무용),광주,북구,광주 북구 각화동 594 힐스테이트각화 115동 11층 1109호,"98,000,000","54,880,000",낙찰,"57,120,000",58.30%,2025-08-29,2025_3Q,2
광주 10계 2024-4009(2),오피스텔(주거),오피스텔,오피스텔(업무용),광주,북구,광주 북구 각화동 594 힐스테이트각화 115동 12층 1201호,"97,000,000","54,320,000",낙찰,"58,110,000",59.90%,2025-08-29,2025_3Q,2
광주 6계 2024-4139,아파트,아파트,아파트,광주,광산구,광주 광산구 쌍암동 661-8 첨단에이엠씨티3차 7층 710호,"110,000,000","61,600,000",낙찰,"68,150,000",62.00%,2025-07-02,2025_3Q,2
광주 10계 2024-4276,아파트,아파트,아파트,광주,북구,광주 북구 각화동 721 각화센트럴파크3차 302동 22층 2204호,"299,000,000","209,300,000",낙찰,"272,200,000",91.00%,2025-08-29,2025_3Q,2
광주 11계 2024-4351,아파트,아파트,아파트,광주,남구,광주 남구 주월동 1199-7 라인가든맨션 2동 14층 1402호,"128,000,000","89,600,000",낙찰,"91,340,000",71.40%,2025-09-16,2025_3Q,2
광주 11계 2024-4405,다세대,다세대주택,다세대,광주,남구,광주 남구 주월동 468-4 로드빌 2층 202호,"133,000,000","74,480,000",낙찰,"75,231,000",56.60%,2025-09-16,2025_3Q,2
광주 12계 2024-4436,아파트,아파트,아파트,광주,광산구,광주 광산구 선암동 560 광주선운지구이지더원2단지 201동 6층 601호,"325,000,000","227,500,000",낙찰,"298,800,000",91.90%,2025-08-08,2025_3Q,2
광주 11계 2024-4696,오피스텔(주거),오피스텔,오피스텔(업무용),광주,광산구,"광주 광산구 쌍암동 694-106 ,694-105,694-107,694-119 쌍암동미르채리버파크 17층 1711호","222,000,000","155,400,000",낙찰,"161,500,000",72.70%,2025-09-16,2025_3Q,2
광주 12계 2024-4764,아파트,아파트,아파트,광주,서구,광주 서구 풍암동 664-6 동부센트레빌 103동 2층 201호,"683,000,000","382,480,000",낙찰,"566,910,170",83.00%,2025-09-19,2025_3Q,2
광주 10계 2024-4900,아파트,아파트,아파트,광주,북구,"광주 북구 운암동 1058-3 ,1058-4 우미 103동 3층 301호","110,000,000","77,000,000",낙찰,"97,400,000",88.50%,2025-08-29,2025_3Q,2
광주 12계 2024-4917(1),오피스텔(주거),오피스텔,오피스텔(업무용),광주,북구,광주 북구 각화동 594 힐스테이트각화 115동 9층 901호,"97,000,000","54,320,000",낙찰,"59,310,000",61.10%,2025-09-19,2025_3Q,2
광주 12계 2024-4917(2),오피스텔,오피스텔,오피스텔(업무용),광주,북구,광주 북구 각화동 594 힐스테이트각화 115동 16층 1611호,"99,000,000","55,440,000",낙찰,"60,101,000",60.70%,2025-09-19,2025_3Q,2
광주 3계 2024-5378,아파트상가,아파트상가,기타토지,광주,남구,광주 남구 주월동 1320 양우내안애프레스티지 110동 2층 201호,"1,408,000,000","403,701,760",낙찰,"512,010,000",36.40%,2025-09-18,2025_3Q,2
광주 10계 2024-5910,아파트,아파트,아파트,광주,남구,광주 남구 서동 291 남구서동영무예다음 102동 9층 903호,"383,000,000","268,100,000",낙찰,"298,543,900",77.90%,2025-07-18,2025_3Q,2
광주 2계 2024-5958,오피스텔(주거),오피스텔,오피스텔(업무용),광주,광산구,광주 광산구 쌍암동 676-2 에이엠시티센트럴파크 2층 202호,"129,000,000","90,300,000",낙찰,"109,740,000",85.10%,2025-07-24,2025_3Q,2
광주 10계 2024-6272,공장,공장(지식산업센터 업무시설),공장,광주,북구,광주 북구 월출동 970-92 1동,"365,818,750","365,818,750",낙찰,"487,100,000",133.20%,2025-08-29,2025_3Q,2
광주 9계 2024-6395,아파트,아파트,아파트,광주,광산구,광주 광산구 쌍암동 682-1 에이엠시티5차 8층 814호,"88,800,000","39,782,000",낙찰,"84,000,000",94.60%,2025-09-10,2025_3Q,2
광주 10계 2024-6418,아파트,아파트,아파트,광주,광산구,광주 광산구 우산동 1588-1 우산동동부센트레빌 101동 14층 1405호,"346,000,000","242,200,000",낙찰,"311,000,000",89.90%,2025-08-29,2025_3Q,2
광주 10계 2024-6630,아파트,아파트,아파트,광주,북구,광주 북구 용봉동 999 쌍용예가 105동 19층 1904호,"530,000,000","371,000,000",낙찰,"441,250,000",83.30%,2025-08-29,2025_3Q,2
광주 9계 2024-6746(4),아파트,아파트,아파트,광주,남구,광주 남구 월산동 323-44 덕림맨션 A동 1층 106호,"93,000,000","52,080,000",낙찰,"65,000,000",69.90%,2025-09-10,2025_3Q,2
광주 8계 2024-6845,아파트,아파트,아파트,광주,광산구,광주 광산구 선암동 560 광주선운지구이지더원2단지 203동 1층 101호,"318,000,000","222,600,000",낙찰,"270,770,000",85.10%,2025-08-14,2025_3Q,2
광주 4계 2024-7015,아파트,아파트,아파트,광주,광산구,광주 광산구 쌍암동 676-3 첨단센트럴파크2차 202동 6층 608호,"191,000,000","68,454,400",낙찰,"169,930,000",89.00%,2025-09-09,2025_3Q,2
광주 5계 2024-7176,아파트형공장,공장(지식산업센터 업무시설),공장,광주,광산구,광주 광산구 오선동 548-6 광주하남 2층 202호,"460,000,000","257,600,000",낙찰,"285,555,000",62.10%,2025-08-06,2025_3Q,2
광주 6계 2024-7749,아파트,아파트,아파트,광주,광산구,광주 광산구 쌍암동 676-3 첨단센트럴파크2차 202동 10층 1011호,"191,000,000","133,700,000",낙찰,"165,000,000",86.40%,2025-08-13,2025_3Q,2
광주 3계 2024-7817,오피스텔(주거),오피스텔,오피스텔(업무용),광주,동구,"광주 동구 수기동 68-1 ,61-1,61-2,68,68-4,71,73-14 금남로유탑유블레스원시티 18층 1806호","254,000,000","142,240,000",낙찰,"164,900,000",64.90%,2025-09-18,2025_3Q,2
광주 5계 2024-7831(1),오피스텔,오피스텔,오피스텔(업무용),광주,광산구,광주 광산구 쌍암동 672-2 첨단타운 3층 306호,"34,000,000","23,800,000",낙찰,"26,000,000",76.50%,2025-09-17,2025_3Q,2
광주 9계 2024-7879,답,답,답,광주,북구,광주 북구 태령동 210-11,"65,320,000","29,263,000",낙찰,"30,100,000",46.10%,2025-07-30,2025_3Q,2
광주 2계 2024-7909,아파트,아파트,아파트,광주,서구,광주 서구 농성동 422-3 삼익 2동 11층 1101호,"265,000,000","185,500,000",낙찰,"210,900,000",79.60%,2025-07-24,2025_3Q,2
광주 6계 2024-7947,다세대,다세대주택,다세대,광주,남구,광주 남구 백운동 647-3 일진빌라 4층 5호,"30,000,000","13,440,000",낙찰,"13,440,000",44.80%,2025-08-13,2025_3Q,2
광주 9계 2024-7961,연립,연립주택,연립·빌라,광주,서구,광주 서구 쌍촌동 531-1 쌍촌동도시형생활주택 3층 314호,"46,000,000","25,760,000",낙찰,"30,000,000",65.20%,2025-07-30,2025_3Q,2
광주 6계 2024-8087(1),근린상가,근린상가,근린상가,광주,서구,광주 서구 화정동 12-17 금호월드 6층 47호,"63,600,000","44,520,000",낙찰,"47,000,000",73.90%,2025-07-02,2025_3Q,2
광주 2계 2024-8148,아파트,아파트,아파트,광주,광산구,광주 광산구 산월동 886-1 부영사랑으로 1208동 12층 1204호,"295,000,000","206,500,000",낙찰,"284,200,000",96.30%,2025-07-24,2025_3Q,2
광주 6계 2024-8209,아파트,아파트,아파트,광주,서구,"광주 서구 금호동 1077 ,1076,1080 이지스위트밸리 101동 8층 802호","306,000,000","214,200,000",낙찰,"258,500,000",84.50%,2025-08-13,2025_3Q,2
광주 3계 2024-8285,아파트,아파트,아파트,광주,서구,광주 서구 광천동 895 광천이편한세상 120동 6층 604호,"514,000,000","359,800,000",낙찰,"468,888,810",91.20%,2025-09-18,2025_3Q,2
광주 9계 2024-8452,아파트,아파트,아파트,광주,동구,광주 동구 계림동 52 두산위브 111동 12층 1203호,"534,000,000","373,800,000",낙찰,"397,899,900",74.50%,2025-09-10,2025_3Q,2
광주 5계 2024-8704(6),아파트,아파트,아파트,광주,북구,"광주 북구 용봉동 1237-1 ,1242-1 호반 102동 1층 105호","102,000,000","71,400,000",낙찰,"81,080,000",79.50%,2025-08-06,2025_3Q,2
광주 3계 2024-8735,아파트,아파트,아파트,광주,북구,광주 북구 오치동 5-7 한국아델리움 101동 8층 805호,"478,000,000","334,600,000",낙찰,"382,500,000",80.00%,2025-09-18,2025_3Q,2
광주 3계 2024-8841,다세대,다세대주택,다세대,광주,북구,광주 북구 운암동 140-23 모주빌 102동 2층 202호,"98,000,000","68,600,000",낙찰,"81,000,000",82.70%,2025-09-18,2025_3Q,2
광주 7계 2024-8964,오피스텔(주거),오피스텔,오피스텔(업무용),광주,광산구,광주 광산구 송정동 929-9 중앙센트럴시티 4층 405호,"161,000,000","112,700,000",낙찰,"130,000,000",80.70%,2025-08-26,2025_3Q,2
광주 5계 2024-9585,아파트,아파트,아파트,광주,남구,광주 남구 임암동 855 효천1중흥에스-클래스에코파크 208동 5층 505호,"457,000,000","319,900,000",낙찰,"364,579,999",79.80%,2025-09-17,2025_3Q,2
광주 6계 2024-9622(1),아파트상가,아파트상가,기타토지,광주,서구,"광주 서구 치평동 1330 ,마륵동 802 갤러리303 근린생활시설동 2층 211호","180,000,000","100,800,000",낙찰,"101,130,000",56.20%,2025-08-13,2025_3Q,2
광주 6계 2024-9622(2),아파트상가,아파트상가,기타토지,광주,서구,"광주 서구 치평동 1330 ,마륵동 802 갤러리303 근린생활시설동 2층 212호","108,000,000","48,384,000",낙찰,"55,950,000",51.80%,2025-09-24,2025_3Q,2
광주 6계 2024-9622(3),아파트상가,아파트상가,기타토지,광주,서구,"광주 서구 치평동 1330 ,마륵동 802 갤러리303 근린생활시설동 2층 213호","191,000,000","85,568,000",낙찰,"93,400,000",48.90%,2025-09-24,2025_3Q,2
광주 6계 2024-9622(4),아파트상가,아파트상가,기타토지,광주,서구,"광주 서구 치평동 1330 ,마륵동 802 갤러리303 근린생활시설동 2층 214호","152,000,000","68,096,000",낙찰,"74,300,000",48.90%,2025-09-24,2025_3Q,2
광주 6계 2024-9622(5),아파트상가,아파트상가,기타토지,광주,서구,"광주 서구 치평동 1330 ,마륵동 802 갤러리303 근린생활시설동 2층 215호","330,000,000","184,800,000",낙찰,"205,500,000",62.30%,2025-08-13,2025_3Q,2
광주 10계 2024-60764(1),주상복합(주거),기타토지,기타토지,광주,북구,광주 북구 운암동 1782 센텀플로라에듀 3층 304호,"278,000,000","155,680,000",낙찰,"181,900,000",65.40%,2025-07-18,2025_3Q,2
광주 10계 2024-60764(2),주상복합(주거),기타토지,기타토지,광주,북구,광주 북구 운암동 1782 센텀플로라에듀 5층 504호,"290,000,000","162,400,000",낙찰,"187,770,000",64.70%,2025-07-18,2025_3Q,2
광주 10계 2024-60764(3),주상복합(주거),기타토지,기타토지,광주,북구,광주 북구 운암동 1782 센텀플로라에듀 6층 604호,"290,000,000","162,400,000",낙찰,"187,770,000",64.70%,2025-07-18,2025_3Q,2
광주 10계 2024-60764(4),주상복합(상가),기타토지,기타토지,광주,북구,광주 북구 운암동 1782 센텀플로라에듀 1층 103호,"189,000,000","105,840,000",낙찰,"107,770,000",57.00%,2025-07-18,2025_3Q,2
광주 10계 2024-60764(5),주상복합(주거),기타토지,기타토지,광주,북구,광주 북구 운암동 1782 센텀플로라에듀 4층 404호,"284,000,000","159,040,000",낙찰,"177,770,000",62.60%,2025-07-18,2025_3Q,2
광주 3계 2024-61811(3),레져스포츠시설,기타토지,기타토지,광주,북구,"광주 북구 용봉동 17-1 ,17-16,17-21,30-55,30-58,110-14,오치동 457-5 굿모닝타운 2층 206호","3,540,000,000","649,592,832",낙찰,"661,000,000",18.70%,2025-09-18,2025_3Q,2
광주 5계 2024-63428,아파트,아파트,아파트,광주,서구,광주 서구 화정동 1610 유니버시아드힐스테이트 203동 12층 1205호,"541,000,000","378,700,000",낙찰,"487,698,900",90.10%,2025-09-17,2025_3Q,2
광주 10계 2024-63893,주상복합(주거),기타토지,기타토지,광주,동구,광주 동구 운림동 689 운림글로벌 101동 10층 1002호,"325,000,000","227,500,000",낙찰,"245,555,000",75.60%,2025-07-18,2025_3Q,2
광주 6계 2024-63909(12),근린상가,근린상가,근린상가,광주,서구,광주 서구 화정동 12-17 금호월드 지하1층 05호,"34,000,000","23,800,000",낙찰,"23,810,000",70.00%,2025-07-02,2025_3Q,2
광주 12계 2024-64759,아파트,아파트,아파트,광주,북구,광주 북구 일곡동 850-5 일곡 호반일신 101동 14층 1408호,"169,000,000","118,300,000",낙찰,"138,777,000",82.10%,2025-08-08,2025_3Q,2
광주 10계 2024-64940,아파트,아파트,아파트,광주,남구,광주 남구 방림동 556-1 라인효친2차 206동 13층 1402호,"186,000,000","130,200,000",낙찰,"156,790,000",84.30%,2025-07-18,2025_3Q,2
광주 2계 2024-64957,다세대,다세대주택,다세대,광주,북구,광주 북구 운암동 425-3 ((주)좋은건설김경미)주건축물 1동 2층 201호,"200,000,000","89,600,000",낙찰,"103,290,000",51.60%,2025-09-04,2025_3Q,2
광주 12계 2024-65127(3),근린상가,근린상가,근린상가,광주,서구,광주 서구 동천동 627 일군타워 8층 801호,"405,000,000","145,152,000",낙찰,"180,123,456",44.50%,2025-09-19,2025_3Q,2
광주 12계 2024-65127(5),근린상가,근린상가,근린상가,광주,서구,광주 서구 동천동 627 일군타워 10층 1001호,"315,000,000","112,896,000",낙찰,"143,000,000",45.40%,2025-08-08,2025_3Q,2
광주 10계 2024-66250,오피스텔,오피스텔,오피스텔(업무용),광주,서구,광주 서구 치평동 1208 골든빌 5층 508호,"63,000,000","35,280,000",낙찰,"45,390,000",72.00%,2025-08-29,2025_3Q,2
광주 10계 2024-67222,아파트,아파트,아파트,광주,광산구,"광주 광산구 비아동 152-5 ,113 하남지구호반 102동 2층 206호","138,000,000","96,600,000",낙찰,"120,219,000",87.10%,2025-07-18,2025_3Q,2
광주 10계 2024-67307,아파트,아파트,아파트,광주,동구,광주 동구 소태동 501 모아미래도 102동 3층 302호,"209,000,000","146,300,000",낙찰,"157,900,000",75.60%,2025-07-18,2025_3Q,2
광주 10계 2024-67536,근린상가,근린상가,근린상가,광주,동구,광주 동구 계림동 483-8 주마빌딩 주건축물 1동 1층 101호,"5,775,000,000","3,234,000,000",낙찰,"3,505,000,000",60.70%,2025-07-18,2025_3Q,2
광주 10계 2024-67987,오피스텔(주거),오피스텔,오피스텔(업무용),광주,동구,"광주 동구 금남로4가 79-1 ,7-3,7-14 로머스파크주건축물 4층 409호","128,000,000","71,680,000",낙찰,"77,777,000",60.80%,2025-08-29,2025_3Q,2
광주 12계 2024-70006,숙박시설,숙박시설,숙박시설,광주,북구,"광주 북구 중흥동 719-17 ,719-32","680,618,500","243,934,000",낙찰,"250,340,000",36.80%,2025-08-08,2025_3Q,2
광주 2계 2024-70105,오피스텔,오피스텔,오피스텔(업무용),광주,남구,광주 남구 백운동 634-1 백운광장역천년가 18층 1801호,"413,000,000","185,024,000",낙찰,"220,200,000",53.30%,2025-09-04,2025_3Q,2
광주 11계 2024-70204,숙박시설,숙박시설,숙박시설,광주,서구,광주 서구 치평동 1243-5,"5,200,530,000","2,912,297,000",낙찰,"3,188,600,000",61.30%,2025-08-05,2025_3Q,2
광주 12계 2024-70259,근린상가,근린상가,근린상가,광주,남구,광주 남구 백운동 653-34,"1,029,070,500","720,349,350",낙찰,"750,920,000",73.00%,2025-08-08,2025_3Q,2
광주 11계 2024-70815,아파트,아파트,아파트,광주,북구,광주 북구 오치동 972-1 양지 나동 5층 503호,"133,000,000","59,584,000",낙찰,"69,149,469",52.00%,2025-08-05,2025_3Q,2
광주 12계 2024-70839,아파트,아파트,아파트,광주,북구,광주 북구 양산동 1148 송지트리뷰 103동 2층 201호,"249,000,000","174,300,000",낙찰,"213,777,000",85.90%,2025-08-08,2025_3Q,2
광주 11계 2024-71092,아파트,아파트,아파트,광주,광산구,광주 광산구 월계동 893-1 무들에코클래스 9층 904호,"104,000,000","72,800,000",낙찰,"100,880,000",97.00%,2025-08-05,2025_3Q,2
광주 11계 2024-71252,단독주택,단독,단독주택,광주,북구,광주 북구 중흥동 203-6,"200,847,000","112,474,000",낙찰,"120,100,000",59.80%,2025-08-05,2025_3Q,2
광주 11계 2024-71276,아파트,아파트,아파트,광주,광산구,"광주 광산구 우산동 1050-2 ,1050-5 장미빌라트 101동 3층 303호","79,000,000","35,392,000",낙찰,"45,111,000",57.10%,2025-09-16,2025_3Q,2
광주 11계 2024-71740,아파트,아파트,아파트,광주,북구,"광주 북구 각화동 471 ,208-5,209-9,463-4,464-4,474-3,475-3 금호 5동 4층 401호","183,000,000","128,100,000",낙찰,"152,879,320",83.50%,2025-08-05,2025_3Q,2
광주 10계 2024-71870,아파트,아파트,아파트,광주,남구,"광주 남구 진월동 388 ,388-9 호반 102동 1층 105호","52,200,000","29,232,000",낙찰,"32,500,000",62.30%,2025-08-29,2025_3Q,2
광주 12계 2024-72101(1),대지,나대지,나대지,광주,서구,광주 서구 화정동 1205,"134,321,600","75,220,000",낙찰,"81,000,000",60.30%,2025-09-19,2025_3Q,2
광주 11계 2024-72200,아파트,아파트,아파트,광주,광산구,광주 광산구 월계동 755-5 건영 102동 1층 104호,"289,000,000","202,300,000",낙찰,"204,900,000",70.90%,2025-09-16,2025_3Q,2
광주 10계 2024-72316(2),오피스텔,오피스텔,오피스텔(업무용),광주,북구,광주 북구 각화동 594 힐스테이트각화 115동 14층 1410호,"97,000,000","54,320,000",낙찰,"58,920,000",60.70%,2025-08-29,2025_3Q,2
광주 5계 2024-72323,아파트,아파트,아파트,광주,서구,광주 서구 치평동 1171-6 라인대주 201동 20층 2012호,"275,000,000","192,500,000",낙찰,"250,010,000",90.90%,2025-09-17,2025_3Q,2
광주 11계 2024-72408,아파트,아파트,아파트,광주,북구,광주 북구 일곡동 816-3 동아 103동 17층 1704호,"330,000,000","231,000,000",낙찰,"265,000,000",80.30%,2025-09-16,2025_3Q,2
광주 10계 2024-73104,아파트,아파트,아파트,광주,북구,광주 북구 문흥동 920 대주맨션 202동 5층 517호,"30,000,000","16,800,000",낙찰,"18,590,000",62.00%,2025-08-29,2025_3Q,2
광주 11계 2024-73142,아파트,아파트,아파트,광주,남구,광주 남구 진월동 277 진월2차한신 203동 8층 809호,"278,000,000","194,600,000",낙찰,"243,782,700",87.70%,2025-09-16,2025_3Q,2
광주 10계 2024-73227,주상복합(주거),기타토지,기타토지,광주,동구,광주 동구 충장로4가 34 충장고운라피네 19층 1902호,"190,000,000","133,000,000",낙찰,"145,500,000",76.60%,2025-08-29,2025_3Q,2
광주 11계 2024-73272,아파트,아파트,아파트,광주,북구,광주 북구 문흥동 787-1 우산 104동 1층 109호,"129,000,000","90,300,000",낙찰,"95,999,990",74.40%,2025-09-16,2025_3Q,2
광주 10계 2024-73876,오피스텔(주거),오피스텔,오피스텔(업무용),광주,광산구,"광주 광산구 쌍암동 694-105 ,694-106,694-107,694-119 쌍암동미르채리버파크 5층 503호","123,000,000","86,100,000",낙찰,"120,000,000",97.60%,2025-08-29,2025_3Q,2
광주 8계 2024-73982,아파트,아파트,아파트,광주,광산구,광주 광산구 쌍암동 682-1 에이엠시티5차 10층 1011호,"91,700,000","32,866,000",낙찰,"85,915,000",93.70%,2025-09-25,2025_3Q,2
광주 8계 2024-74091,아파트,아파트,아파트,광주,광산구,광주 광산구 쌍암동 676-3 첨단센트럴파크2차 201동 14층 1403호,"174,000,000","174,000,000",낙찰,"192,000,000",110.30%,2025-07-03,2025_3Q,2
광주 4계 2024-74138,근린상가,근린상가,근린상가,광주,북구,"광주 북구 매곡동 373-15 ,373-16,374-8,385-5,385-10,용봉동 992-2 아쿠아씨티타워 1층 113호","1,346,000,000","385,925,120",낙찰,"414,000,000",30.80%,2025-09-09,2025_3Q,2
광주 8계 2024-74206,점포,근린상가,점포상가,광주,동구,광주 동구 서석동 468-9,"266,254,400","186,378,000",낙찰,"186,400,000",70.00%,2025-09-25,2025_3Q,2
광주 9계 2024-74411(2),아파트,아파트,아파트,광주,광산구,광주 광산구 월계동 883-1 베네시티주건축물 1동 3층 306호,"54,000,000","24,192,000",낙찰,"26,500,000",49.10%,2025-07-30,2025_3Q,2
광주 8계 2024-74633,아파트,아파트,아파트,광주,북구,광주 북구 신용동 643-1 용두주공 107동 14층 1403호,"169,000,000","118,300,000",낙찰,"140,988,880",83.40%,2025-07-03,2025_3Q,2
광주 2계 2024-75247,대지,나대지,나대지,광주,광산구,광주 광산구 지죽동 129,"35,298,560","15,814,000",낙찰,"15,814,000",44.80%,2025-07-24,2025_3Q,2
광주 8계 2024-75308,아파트,아파트,아파트,광주,서구,"광주 서구 금호동 240-2 ,240-12,240,242-1,240-13,240-22,240-24 종원팰리스빌 102동 17층 1709호","283,000,000","198,100,000",낙찰,"271,810,000",96.00%,2025-07-03,2025_3Q,2
광주 3계 2024-75407(1),답,답,답,광주,북구,광주 북구 충효동 120-6,"227,259,000","101,812,032",낙찰,"116,100,000",51.10%,2025-09-18,2025_3Q,2
광주 3계 2024-75407(2),대지,나대지,나대지,광주,북구,광주 북구 충효동 57,"115,075,000","51,553,600",낙찰,"55,000,000",47.80%,2025-09-18,2025_3Q,2
광주 3계 2024-75407(3),전,전,전,광주,북구,광주 북구 충효동 58,"35,242,000","15,788,416",낙찰,"15,790,000",44.80%,2025-09-18,2025_3Q,2
광주 3계 2024-75407(4),답,답,답,광주,북구,광주 북구 충효동 61,"344,100,000","154,156,800",낙찰,"178,500,000",51.90%,2025-09-18,2025_3Q,2
광주 6계 2024-75421,답,답,답,광주,북구,광주 북구 금곡동 9,"72,812,000","40,774,000",낙찰,"45,660,000",62.70%,2025-07-02,2025_3Q,2
광주 7계 2024-75759(1),공장용지,공장(지식산업센터 업무시설),공장,광주,광산구,광주 광산구 연산동 1245,"3,663,296,000","2,051,446,000",낙찰,"2,312,800,000",63.10%,2025-07-15,2025_3Q,2
광주 7계 2024-75759(2),공장용지,공장(지식산업센터 업무시설),공장,광주,광산구,광주 광산구 연산동 1246,"3,663,000,000","2,051,280,000",낙찰,"2,266,800,000",61.90%,2025-07-15,2025_3Q,2
광주 8계 2024-75766,아파트,아파트,아파트,광주,서구,"광주 서구 화정동 1062 ,1034,1052,1053 신동아 103동 13층 1303호","205,000,000","143,500,000",낙찰,"167,600,000",81.80%,2025-07-03,2025_3Q,2
광주 7계 2024-76080(1),답,답,답,광주,광산구,광주 광산구 연산동 57-2,"280,586,000","157,128,000",낙찰,"175,711,000",62.60%,2025-08-26,2025_3Q,2
광주 7계 2024-76080(2),답,답,답,광주,광산구,광주 광산구 연산동 57-4,"119,261,000","66,787,000",낙찰,"75,111,000",63.00%,2025-08-26,2025_3Q,2
광주 8계 2024-76134,연립,연립주택,연립·빌라,광주,서구,광주 서구 양동 321-49 제이에스파크빌 101동 2층 201호,"185,000,000","103,600,000",낙찰,"121,666,000",65.80%,2025-09-25,2025_3Q,2
광주 4계 2024-76264,숙박시설,숙박시설,숙박시설,광주,광산구,광주 광산구 월계동 880-1,"4,926,926,080","3,448,848,000",낙찰,"3,563,000,000",72.30%,2025-09-09,2025_3Q,2
광주 8계 2024-76462,아파트,아파트,아파트,광주,광산구,광주 광산구 월곡동 538-1 103동 1층 102호,"148,000,000","103,600,000",낙찰,"114,122,000",77.10%,2025-08-14,2025_3Q,2
광주 6계 2024-76721,아파트,아파트,아파트,광주,서구,광주 서구 치평동 1171-4 금호쌍용 202동 9층 901호,"931,000,000","521,360,000",낙찰,"657,580,000",70.60%,2025-08-13,2025_3Q,2
광주 8계 2024-76899(1),오피스텔(주거),오피스텔,오피스텔(업무용),광주,서구,광주 서구 치평동 1203-1 중흥에스-클래스스카이31 21층 2232호,"81,300,000","56,910,000",낙찰,"68,220,000",83.90%,2025-09-25,2025_3Q,2
광주 8계 2024-77267,오피스텔,오피스텔,오피스텔(업무용),광주,동구,광주 동구 수기동 92 아트시티리버파크모아미래도 19층 1921호,"211,000,000","118,160,000",낙찰,"120,000,000",56.90%,2025-09-25,2025_3Q,2
광주 8계 2024-77496,공장,공장(지식산업센터 업무시설),공장,광주,광산구,광주 광산구 고룡동 877-1,"1,126,357,230","1,126,357,230",낙찰,"1,126,357,230",100.00%,2025-08-14,2025_3Q,2
광주 2계 2024-78017,대지,나대지,나대지,광주,서구,광주 서구 금호동 766-10,"755,037,000","422,820,720",낙찰,"529,600,000",70.10%,2025-07-24,2025_3Q,2
광주 10계 2024-78482,아파트,아파트,아파트,광주,북구,광주 북구 문흥동 920 202동 5층 517호,"17,000,000","11,900,000",낙찰,"12,190,000",71.70%,2025-07-18,2025_3Q,2
광주 1계 2024-78741(2),답,답,답,광주,광산구,광주 광산구 우산동 209-30,"556,852,800","311,837,568",낙찰,"359,999,900",64.60%,2025-07-23,2025_3Q,2
광주 6계 2024-79454,임야,임야,임야,광주,남구,광주 남구 임암동 산58-1,"62,625,200","35,070,000",낙찰,"35,179,000",56.20%,2025-07-02,2025_3Q,2
광주 9계 2024-79645(2),근린상가,근린상가,근린상가,광주,서구,광주 서구 치평동 893-10,"4,059,107,880","2,841,375,000",낙찰,"3,174,380,000",78.20%,2025-09-10,2025_3Q,2
광주 11계 2024-80010,차량,기타토지,기타토지,광주,남구,광주 남구 송하동 348-1 송원주차장(010-3622-7261)내 보관,"42,000,000","23,520,000",낙찰,"33,760,000",80.40%,2025-08-05,2025_3Q,2
광주 8계 2024-80232,아파트,아파트,아파트,광주,서구,광주 서구 쌍촌동 1282 모아제일 103동 1층 109호,"258,000,000","180,600,000",낙찰,"202,610,000",78.50%,2025-09-25,2025_3Q,2
광주 6계 2024-80652,아파트,아파트,아파트,광주,남구,광주 남구 월산동 411-3 제일파크맨션 14층 1407호,"100,000,000","56,000,000",낙찰,"78,000,000",78.00%,2025-08-13,2025_3Q,2
광주 3계 2024-80812,아파트,아파트,아파트,광주,북구,"광주 북구 동림동 153-6 ,153-11,153-14,153-15,44-11 삼호가든유일 106동 9층 902호","105,000,000","58,800,000",낙찰,"74,530,000",71.00%,2025-09-18,2025_3Q,2
광주 5계 2024-80966,아파트,아파트,아파트,광주,광산구,광주 광산구 소촌동 97-1 소촌2차라인 201동 6층 602호,"120,000,000","67,200,000",낙찰,"84,500,000",70.40%,2025-08-06,2025_3Q,2
광주 3계 2024-81204(2),아파트,아파트,아파트,광주,북구,광주 북구 매곡동 31-1 Am-City 5층 501호,"73,000,000","51,100,000",낙찰,"68,000,010",93.20%,2025-08-07,2025_3Q,2
광주 9계 2024-81297,연립,연립주택,연립·빌라,광주,서구,광주 서구 쌍촌동 564-55 이화연립 가동 2층 209호,"82,000,000","29,389,000",낙찰,"40,000,000",48.80%,2025-09-10,2025_3Q,2
광주 9계 2024-81440,단독주택,단독,단독주택,광주,북구,광주 북구 신안동 474-20,"152,804,030","68,456,000",낙찰,"72,600,100",47.50%,2025-07-30,2025_3Q,2
광주 2계 2024-81624,근린상가,근린상가,근린상가,광주,남구,광주 남구 봉선동 473-6 스피드피씨빌딩 1층 101호,"6,517,000,000","4,561,900,000",낙찰,"5,170,110,000",79.30%,2025-09-04,2025_3Q,2
광주 2계 2024-81754,오피스텔(주거),오피스텔,오피스텔(업무용),광주,남구,광주 남구 주월동 1328 남구주월골드클래스어반시티 106동 16층 1601호,"230,000,000","161,000,000",낙찰,"161,000,000",70.00%,2025-07-24,2025_3Q,2
광주 6계 2024-81815(1),도로,기타토지,기타토지,광주,북구,광주 북구 양산동 93-5,"4,550,000","3,185,000",낙찰,"4,110,000",90.30%,2025-09-24,2025_3Q,2
광주 6계 2024-81815(2),도로,기타토지,기타토지,광주,북구,광주 북구 양산동 93-6,"135,590,000","94,913,000",낙찰,"106,656,000",78.70%,2025-09-24,2025_3Q,2
광주 2계 2024-81839,아파트,아파트,아파트,광주,서구,광주 서구 금호동 787 중흥 101동 16층 1608호,"60,000,000","42,000,000",낙찰,"60,001,000",100.00%,2025-07-24,2025_3Q,2
광주 1계 2024-81884,오피스텔(주거),오피스텔,오피스텔(업무용),광주,북구,"광주 북구 중흥동 683-6 ,683-7 중흥동도나우타운 101동 12층 1211호","114,000,000","63,840,000",낙찰,"66,740,000",58.50%,2025-07-23,2025_3Q,2
광주 1계 2024-82221(1),연립,연립주택,연립·빌라,광주,남구,광주 남구 주월동 497 에이엠시티101 2층 209호,"45,000,000","25,200,000",낙찰,"25,250,000",56.10%,2025-07-23,2025_3Q,2
광주 1계 2024-82221(2),연립,연립주택,연립·빌라,광주,남구,광주 남구 주월동 497 에이엠시티101 5층 515호,"45,000,000","25,200,000",낙찰,"25,250,000",56.10%,2025-07-23,2025_3Q,2
광주 2계 2024-82238(1),연립,연립주택,연립·빌라,광주,남구,광주 남구 주월동 497 에이엠시티101 4층 417호,"45,000,000","25,200,000",낙찰,"27,000,000",60.00%,2025-09-04,2025_3Q,2
광주 2계 2024-82238(2),연립,연립주택,연립·빌라,광주,남구,광주 남구 주월동 497 에이엠시티101 2층 206호,"44,000,000","24,640,000",낙찰,"26,110,000",59.30%,2025-09-04,2025_3Q,2
광주 3계 2024-82252,연립,연립주택,연립·빌라,광주,남구,광주 남구 주월동 497 AM-CITY 101 2층 202호,"44,000,000","24,640,000",낙찰,"26,500,000",60.20%,2025-09-18,2025_3Q,2
광주 2계 2024-82337,아파트,아파트,아파트,광주,광산구,광주 광산구 쌍암동 676-2 에이엠시티센트럴파크 9층 911호,"147,000,000","102,900,000",낙찰,"144,475,000",98.30%,2025-09-04,2025_3Q,2
광주 3계 2024-82559,아파트,아파트,아파트,광주,남구,광주 남구 방림동 558 광명그린 6층 714호,"132,000,000","92,400,000",낙찰,"95,510,000",72.40%,2025-08-07,2025_3Q,2
광주 6계 2024-82610,아파트,아파트,아파트,광주,동구,광주 동구 소태동 691 온세계아이조움 101동 3층 302호,"265,000,000","185,500,000",낙찰,"225,555,000",85.10%,2025-08-13,2025_3Q,2
광주 9계 2024-82641,근린상가,근린상가,근린상가,광주,북구,광주 북구 신용동 730 와이-타워 3층 303호,"344,000,000","154,112,000",낙찰,"191,111,000",55.60%,2025-07-30,2025_3Q,2
광주 3계 2024-82689,아파트,아파트,아파트,광주,광산구,광주 광산구 월계동 893-1 무들에코클래스 6층 623호,"50,000,000","35,000,000",낙찰,"48,485,000",97.00%,2025-08-07,2025_3Q,2
광주 1계 2024-82894,아파트,아파트,아파트,광주,광산구,광주 광산구 운남동 794-3 광주운남7단지주공 704동 5층 501호,"160,000,000","112,000,000",낙찰,"130,050,000",81.30%,2025-07-23,2025_3Q,2
광주 9계 2024-82993(1),근린상가,근린상가,근린상가,광주,남구,광주 남구 봉선동 1129-7 주건축물 1동 지하층 비101호,"128,000,000","71,680,000",낙찰,"71,773,000",56.10%,2025-07-30,2025_3Q,2
광주 9계 2024-82993(2),근린상가,근린상가,근린상가,광주,남구,광주 남구 봉선동 1129-7 주건축물 1동 1층 101호,"2,399,000,000","1,074,752,000",낙찰,"1,088,880,000",45.40%,2025-09-10,2025_3Q,2
광주 9계 2024-82993(4),근린상가,근린상가,근린상가,광주,남구,광주 남구 봉선동 1129-7 주건축물 1동 2층 201호,"607,000,000","339,920,000",낙찰,"357,887,000",59.00%,2025-07-30,2025_3Q,2
광주 9계 2024-82993(5),근린상가,근린상가,근린상가,광주,남구,광주 남구 봉선동 1129-7 주건축물 1동 2층 202호,"590,000,000","264,320,000",낙찰,"323,270,100",54.80%,2025-09-10,2025_3Q,2
광주 9계 2024-82993(6),근린상가,근린상가,근린상가,광주,남구,광주 남구 봉선동 1129-7 주건축물 1동 3층 301호,"580,000,000","324,800,000",낙찰,"337,780,800",58.20%,2025-07-30,2025_3Q,2
광주 9계 2024-82993(7),근린상가,근린상가,근린상가,광주,남구,광주 남구 봉선동 1129-7 주건축물 1동 4층 401호,"599,000,000","335,440,000",낙찰,"338,440,000",56.50%,2025-07-30,2025_3Q,2
광주 9계 2024-82993(8),근린상가,근린상가,근린상가,광주,남구,광주 남구 봉선동 1129-7 주건축물 1동 5층 501호,"565,000,000","253,120,000",낙찰,"315,490,800",55.80%,2025-09-10,2025_3Q,2
광주 2계 2024-83088,점포,근린상가,점포상가,광주,북구,광주 북구 충효동 193,"483,362,000","270,682,720",낙찰,"306,099,900",63.30%,2025-09-04,2025_3Q,2
광주 6계 2024-83125,아파트,아파트,아파트,광주,동구,"광주 동구 학동 265-2 ,262-13 금호빌라트 2동 2층 201호","303,000,000","169,680,000",낙찰,"214,000,000",70.60%,2025-07-02,2025_3Q,2
광주 2계 2024-83262,단독주택,단독,단독주택,광주,동구,광주 동구 계림동 300-16,"446,619,000","312,633,300",낙찰,"312,640,000",70.00%,2025-07-24,2025_3Q,2
광주 2계 2024-83620,아파트,아파트,아파트,광주,서구,광주 서구 금호동 787 중흥 101동 6층 613호,"203,000,000","142,100,000",낙찰,"179,245,000",88.30%,2025-09-04,2025_3Q,2
광주 3계 2024-83637,아파트,아파트,아파트,광주,광산구,광주 광산구 월계동 893-1 무들에코클래스 14층 1415호,"56,000,000","39,200,000",낙찰,"50,000,000",89.30%,2025-08-07,2025_3Q,2
광주 5계 2024-83651,아파트,아파트,아파트,광주,서구,광주 서구 치평동 1174-3 라인동산 104동 16층 1605호,"309,000,000","173,040,000",낙찰,"216,400,000",70.00%,2025-08-06,2025_3Q,2
광주 6계 2024-83668,아파트,아파트,아파트,광주,광산구,"광주 광산구 월계동 756-5 ,756-9 첨단금호타운 105동 4층 402호","268,000,000","187,600,000",낙찰,"202,189,000",75.40%,2025-09-24,2025_3Q,2
광주 4계 2024-83927,답,답,답,광주,광산구,광주 광산구 송정동 918-19,"111,540,000","49,970,000",낙찰,"51,220,000",45.90%,2025-07-29,2025_3Q,2
광주 9계 2024-84135,아파트,아파트,아파트,광주,서구,"광주 서구 마륵동 803 ,804 상무한신휴플러스 101동 10층 1001호","538,000,000","376,600,000",낙찰,"472,000,000",87.70%,2025-09-10,2025_3Q,2
광주 6계 2024-84265,아파트,아파트,아파트,광주,광산구,광주 광산구 신가동 1019-2 호반리젠시빌 103동 1층 106호,"240,000,000","168,000,000",낙찰,"216,964,000",90.40%,2025-08-13,2025_3Q,2
광주 11계 2024-84401,중기,기타토지,기타토지,광주,광산구,광주 광산구 우산동 218-5 서창다리주차장내 보관,"65,000,000","45,500,000",낙찰,"56,280,000",86.60%,2025-09-16,2025_3Q,2
광주 3계 2024-84432,아파트,아파트,아파트,광주,북구,"광주 북구 연제동 2-7 ,2-8,양산동 283-66,283-67,283-68 광명 201동 3층 303호","112,000,000","62,720,000",낙찰,"80,122,000",71.50%,2025-09-18,2025_3Q,2
광주 6계 2024-84500,아파트,아파트,아파트,광주,서구,광주 서구 풍암동 1058 삼능남양 103동 11층 1107호,"176,000,000","123,200,000",낙찰,"123,790,000",70.30%,2025-07-02,2025_3Q,2
광주 1계 2024-84678(1),연립,연립주택,연립·빌라,광주,광산구,"광주 광산구 소촌동 290 ,791-15,783-148 라인주택 117동 1층 107호","156,000,000","109,200,000",낙찰,"114,500,000",73.40%,2025-07-23,2025_3Q,2
광주 1계 2024-84678(2),연립,연립주택,연립·빌라,광주,광산구,"광주 광산구 소촌동 290 ,791-15,783-148 라인주택 124동 1층 108호","163,000,000","114,100,000",낙찰,"121,111,000",74.30%,2025-07-23,2025_3Q,2
광주 6계 2024-84685,차량,기타토지,기타토지,광주,서구,광주 서구 벽진동 537-1 하나로에프앤씨주차장(010-5372-2362)내보관,"7,000,000","3,920,000",낙찰,"4,660,000",66.60%,2025-07-02,2025_3Q,2
광주 5계 2024-84753,아파트,아파트,아파트,광주,동구,광주 동구 소태동 501 모아미래도 102동 5층 506호,"218,000,000","152,600,000",낙찰,"211,660,000",97.10%,2025-08-06,2025_3Q,2
광주 9계 2024-84791,답,답,답,광주,서구,광주 서구 용두동 651,"1,295,008,000","580,163,000",낙찰,"601,000,000",46.40%,2025-09-10,2025_3Q,2
광주 4계 2024-84883,단독주택,단독,단독주택,광주,동구,광주 동구 지산동 704-68,"217,773,550","78,050,000",낙찰,"85,000,000",39.00%,2025-09-09,2025_3Q,2
광주 5계 2024-85237,아파트,아파트,아파트,광주,북구,"광주 북구 운암동 1038-1 ,1038-25,1038-26 일신 105동 10층 1010호","110,000,000","77,000,000",낙찰,"82,770,000",75.20%,2025-09-17,2025_3Q,2
광주 9계 2024-85299,아파트,아파트,아파트,광주,북구,"광주 북구 양산동 209-8 ,209-150 양산동우미 101동 2층 202호","201,000,000","140,700,000",낙찰,"160,900,000",80.00%,2025-09-10,2025_3Q,2
광주 3계 2024-85473,아파트,아파트,아파트,광주,광산구,광주 광산구 운남동 777-1 운남주공3단지 311동 13층 1302호,"131,000,000","91,700,000",낙찰,"103,285,000",78.80%,2025-09-18,2025_3Q,2
광주 3계 2024-85596,단독주택,단독,단독주택,광주,북구,광주 북구 중흥동 361-26,"281,220,370","196,854,259",낙찰,"197,160,000",70.10%,2025-08-07,2025_3Q,2
광주 6계 2024-85923,아파트,아파트,아파트,광주,서구,광주 서구 풍암동 1127 주은.모아 101동 18층 1809호,"182,000,000","127,400,000",낙찰,"127,400,000",70.00%,2025-07-02,2025_3Q,2
광주 9계 2024-85947,아파트,아파트,아파트,광주,광산구,광주 광산구 쌍암동 661-8 첨단에이엠씨티3차 3층 310호,"103,000,000","57,680,000",낙찰,"66,500,000",64.60%,2025-07-30,2025_3Q,2
광주 7계 2024-86070,아파트,아파트,아파트,광주,북구,광주 북구 일곡동 816-4 삼호 102동 10층 1004호,"398,000,000","278,600,000",낙찰,"315,813,000",79.30%,2025-08-26,2025_3Q,2
광주 6계 2024-86148,차량,기타토지,기타토지,광주,광산구,광주 광산구 우산동 218-5 제3자서창다리주차장(010-8466-0864)내 보관,"25,000,000","14,000,000",낙찰,"17,000,000",68.00%,2025-07-02,2025_3Q,2
광주 9계 2024-86209,연립,연립주택,연립·빌라,광주,광산구,광주 광산구 수완동 325 수완포레 103동 4층 401호,"386,651,000","216,524,000",낙찰,"253,330,000",65.50%,2025-07-30,2025_3Q,2
광주 3계 2024-86452,차량,기타토지,기타토지,광주,광산구,"광주 광산구 산정동 156-3 산정주차장(062-953-8424,010-5550-8424)내 보관","11,000,000","4,928,000",낙찰,"5,550,000",50.50%,2025-08-07,2025_3Q,2
광주 1계 2024-86728,아파트,아파트,아파트,광주,북구,"광주 북구 신용동 549 ,용두동 311-39 첨단자이1단지 102동 3층 302호","642,000,000","449,400,000",낙찰,"486,600,000",75.80%,2025-07-23,2025_3Q,2
광주 4계 2024-86759,다가구,다가구,다가구,광주,북구,광주 북구 오치동 931-9,"175,298,400","62,828,000",낙찰,"62,828,000",35.80%,2025-09-09,2025_3Q,2
광주 6계 2024-86964,아파트,아파트,아파트,광주,동구,광주 동구 학동 768 평화맨션 3동 9층 901호,"224,000,000","125,440,000",낙찰,"151,920,000",67.80%,2025-08-13,2025_3Q,2
광주 10계 2024-87103(2),차량,기타토지,기타토지,광주,광산구,광주 광산구 산정동 156 여대주차장(062-953-8424)내 보관,"16,000,000","7,168,000",낙찰,"7,899,000",49.40%,2025-07-18,2025_3Q,2
광주 6계 2024-87684,아파트,아파트,아파트,광주,서구,"광주 서구 치평동 1330 ,마륵동 802 갤러리303 101동 14층 1402호","806,000,000","564,200,000",낙찰,"621,111,000",77.10%,2025-07-02,2025_3Q,2
광주 2계 2024-87790,아파트,아파트,아파트,광주,서구,광주 서구 쌍촌동 364 상무힐스테이트 107동 4층 401호,"974,000,000","681,800,000",낙찰,"727,869,900",74.70%,2025-09-04,2025_3Q,2
광주 9계 2024-88052,단독주택,단독,단독주택,광주,서구,광주 서구 농성동 643-14,"232,680,540","130,300,000",낙찰,"153,000,000",65.80%,2025-09-10,2025_3Q,2
광주 5계 2024-88113,아파트,아파트,아파트,광주,북구,광주 북구 두암동 59-20 미라보 103동 4층 403호,"90,000,000","63,000,000",낙찰,"77,000,000",85.60%,2025-09-17,2025_3Q,2
광주 12계 2024-88281,차량,기타토지,기타토지,광주,광산구,광주 광산구 우산동 218-5 서창다리주차장내 보관,"59,000,000","41,300,000",낙찰,"46,533,000",78.90%,2025-09-19,2025_3Q,2
광주 4계 2024-88335,아파트,아파트,아파트,광주,동구,광주 동구 용산동 147-1 호반 3층 305호,"101,000,000","70,700,000",낙찰,"77,780,000",77.00%,2025-07-29,2025_3Q,2
광주 8계 2024-88427,차량,기타토지,기타토지,광주,북구,광주 북구 삼각동 754-3 글로벌주차장내(연락처:010-6245-1001) 보관,"5,500,000","2,464,000",낙찰,"3,560,000",64.70%,2025-09-25,2025_3Q,2
광주 1계 2024-88618,숙박시설,숙박시설,숙박시설,광주,북구,"광주 북구 유동 105-1 ,105-3,105-4,105-9","3,140,000,840","2,198,000,588",낙찰,"2,793,500,000",89.00%,2025-09-03,2025_3Q,2
광주 5계 2024-88724,차량,기타토지,기타토지,광주,남구,광주 남구 송하동 348-1 송원주차장(010-3622-7261)내보관,"35,000,000","24,500,000",낙찰,"28,010,000",80.00%,2025-09-17,2025_3Q,2
광주 10계 2024-89307,중기,기타토지,기타토지,광주,광산구,광주 광산구 월전동 92-1 평동주차장(010-4629-2670)내 보관,"40,000,000","17,920,000",낙찰,"20,166,000",50.40%,2025-07-18,2025_3Q,2
광주 2계 2024-89468,중기,기타토지,기타토지,광주,광산구,광주 광산구 월전동 92-1 제3자 평동주차장(010-4629-2670)내 보관,"40,000,000","17,920,000",낙찰,"22,010,000",55.00%,2025-07-24,2025_3Q,2
광주 1계 2025-42,차량,기타토지,기타토지,광주,남구,광주 남구 임암동 631-8 지와이피(010-8308-7371)내 보관,"24,000,000","16,800,000",낙찰,"19,119,000",79.70%,2025-07-23,2025_3Q,2
광주 2계 2025-66,단독주택,단독,단독주택,광주,광산구,광주 광산구 오산동 412-1,"169,855,300","118,898,710",낙찰,"151,090,900",89.00%,2025-09-04,2025_3Q,2
광주 2계 2025-1021,단독주택,단독,단독주택,광주,북구,광주 북구 두암동 581-3,"200,550,350","200,550,350",낙찰,"207,200,170",103.30%,2025-09-04,2025_3Q,2
광주 4계 2025-1267,아파트,아파트,아파트,광주,서구,광주 서구 유촌동 820-2 유촌동다이아빌 9층 1001호,"174,000,000","121,800,000",낙찰,"155,000,000",89.10%,2025-09-09,2025_3Q,2
광주 4계 2025-1472,아파트,아파트,아파트,광주,광산구,"광주 광산구 월계동 756-3 ,756-4 첨단선경 105동 1층 104호","233,000,000","186,400,000",낙찰,"187,111,000",80.30%,2025-09-09,2025_3Q,2
광주 6계 2025-1618,아파트,아파트,아파트,광주,남구,광주 남구 노대동 871 골드레이크 104동 13층 1301호,"358,000,000","250,600,000",낙찰,"268,010,000",74.90%,2025-09-24,2025_3Q,2
광주 5계 2025-30289,아파트,아파트,아파트,광주,서구,광주 서구 풍암동 664-6 동부센트레빌 102동 16층 1601호,"570,000,000","399,000,000",낙찰,"432,500,000",75.90%,2025-09-17,2025_3Q,2
광주 9계 2025-30418,아파트,아파트,아파트,광주,광산구,광주 광산구 쌍암동 676-2 에이엠시티센트럴파크 13층 1319호,"134,000,000","134,000,000",낙찰,"134,000,000",100.00%,2025-07-30,2025_3Q,2
광주 7계 2025-30739,차량,기타토지,기타토지,광주,북구,광주 북구 삼각동 754-3 제3자글로벌주차장(010-6245-1001)내 보관,"20,000,000","14,000,000",낙찰,"17,788,000",88.90%,2025-08-26,2025_3Q,2
광주 8계 2025-30746,차량,기타토지,기타토지,광주,광산구,광주 광산구 산정동 156-3 산정주차장내 보관(062-953-8424),"29,000,000","20,300,000",낙찰,"25,820,000",89.00%,2025-08-14,2025_3Q,2
광주 12계 2025-30791,중기,기타토지,기타토지,광주,광산구,광주 광산구 월전동 92-1 평동주차장(010-4629-2670)내 보관,"39,000,000","27,300,000",낙찰,"32,997,891",84.60%,2025-08-08,2025_3Q,2
광주 2계 2025-30968,차량,기타토지,기타토지,광주,동구,광주 동구 지산동 714-31 영빈2주차장(010-5743-8200)내보관,"3,000,000","1,680,000",낙찰,"2,110,000",70.30%,2025-07-24,2025_3Q,2
광주 4계 2025-31114,아파트,아파트,아파트,광주,광산구,광주 광산구 신창동 1128-2 4층 404호,"135,000,000","75,600,000",낙찰,"95,269,800",70.60%,2025-09-09,2025_3Q,2
광주 6계 2025-31237,아파트,아파트,아파트,광주,북구,광주 북구 일곡동 817-2 벽산 102동 2층 202호,"235,000,000","164,500,000",낙찰,"195,580,000",83.20%,2025-08-13,2025_3Q,2
광주 6계 2025-31497,차량,기타토지,기타토지,광주,광산구,광주 광산구 월전동 92-1 평동주차장(010-4629-2670)내 보관,"6,500,000","4,550,000",낙찰,"4,612,000",71.00%,2025-07-02,2025_3Q,2
광주 4계 2025-31732,차량,기타토지,기타토지,광주,광산구,광주 광산구 월전동 92-1 평동주차장(010-4629-2670)내보관,"50,000,000","28,000,000",낙찰,"35,200,000",70.40%,2025-07-29,2025_3Q,2
광주 10계 2025-31972,차량,기타토지,기타토지,광주,광산구,광주 광산구 산정동 156 여대주차장(062-953-8424)내 보관,"12,000,000","8,400,000",낙찰,"8,500,000",70.80%,2025-08-29,2025_3Q,2
광주 6계 2025-31988,아파트,아파트,아파트,광주,동구,광주 동구 계림동 1827 그랜드센트럴 111동 4층 403호,"452,000,000","316,400,000",낙찰,"408,350,000",90.30%,2025-08-13,2025_3Q,2
광주 6계 2025-32023,차량,기타토지,기타토지,광주,서구,광주 서구 벽진동 537-1 하나로에프앤씨(010-5372-2362)내 보관,"16,500,000","11,550,000",낙찰,"13,570,000",82.20%,2025-07-02,2025_3Q,2
광주 6계 2025-32039,아파트,아파트,아파트,광주,광산구,"광주 광산구 도천동 628-1 ,628-2 중흥 110동 8층 811호","88,000,000","61,600,000",낙찰,"75,250,000",85.50%,2025-08-13,2025_3Q,2
광주 4계 2025-32119,아파트,아파트,아파트,광주,북구,"광주 북구 양산동 288-15 ,288-22,연제동 7-1,7-9 호반 101동 13층 1312호","166,000,000","116,200,000",낙찰,"145,845,000",87.90%,2025-09-09,2025_3Q,2
광주 12계 2025-32171,차량,기타토지,기타토지,광주,서구,광주 서구 벽진동 537-1 하나로에프엔씨(010-5372-2362)내 보관,"26,000,000","18,200,000",낙찰,"20,800,000",80.00%,2025-09-19,2025_3Q,2
광주 3계 2025-32186,차량,기타토지,기타토지,광주,광산구,광주 광산구 월전동 92-1 평동주차장(010-4629-2670)내 보관,"16,000,000","11,200,000",낙찰,"13,610,000",85.10%,2025-09-18,2025_3Q,2
광주 4계 2025-32205,아파트,아파트,아파트,광주,서구,광주 서구 치평동 1166-2 대우금호 102동 9층 902호,"224,000,000","156,800,000",낙찰,"205,000,000",91.50%,2025-09-09,2025_3Q,2
광주 9계 2025-32208,차량,기타토지,기타토지,광주,광산구,광주 광산구 우산동 218-5 서창다리주차장(010-8466-0864)내 보관,"13,000,000","9,100,000",낙찰,"11,059,000",85.10%,2025-09-10,2025_3Q,2
광주 4계 2025-32225,아파트,아파트,아파트,광주,광산구,광주 광산구 산월동 883-2 부영 306동 11층 1102호,"269,000,000","188,300,000",낙찰,"253,100,000",94.10%,2025-09-09,2025_3Q,2
광주 4계 2025-32227,차량,기타토지,기타토지,광주,광산구,광주 광산구 월전동 92-1 평동주차장(010-4629-2670)내보관,"25,000,000","14,000,000",낙찰,"14,680,000",58.70%,2025-07-29,2025_3Q,2
광주 7계 2025-32295,차량,기타토지,기타토지,광주,광산구,광주 광산구 산정동 156-3 여대주차장내 보관,"24,000,000","13,440,000",낙찰,"15,577,700",64.90%,2025-07-15,2025_3Q,2
광주 4계 2025-32340,아파트,아파트,아파트,광주,북구,광주 북구 문흥동 920 대주맨션 202동 8층 813호,"107,000,000","74,900,000",낙찰,"84,000,000",78.50%,2025-09-09,2025_3Q,2
광주 6계 2025-32342,차량,기타토지,기타토지,광주,서구,광주 서구 벽진동 537-1 하나로에프앤씨(010-5372-2362)내 보관,"22,000,000","15,400,000",낙찰,"18,122,000",82.40%,2025-07-02,2025_3Q,2
광주 4계 2025-32366,차량,기타토지,기타토지,광주,광산구,광주 광산구 산정동 156 여대주차장(010-5550-8424)내 보관,"26,000,000","18,200,000",낙찰,"23,820,000",91.60%,2025-07-29,2025_3Q,2
광주 2계 2025-32395,차량,기타토지,기타토지,광주,남구,광주 남구 송하동 348-1 송원주차장(010-3622-7261)내 보관,"37,000,000","25,900,000",낙찰,"28,770,000",77.80%,2025-09-04,2025_3Q,2
광주 4계 2025-32399,차량,기타토지,기타토지,광주,광산구,광주 광산구 월전동 92-1 평동주차장(010-4629-2670)내 보관,"17,000,000","11,900,000",낙찰,"14,120,000",83.10%,2025-09-09,2025_3Q,2
광주 11계 2025-32453,중기,기타토지,기타토지,광주,남구,광주 남구 송하동 348-1 송원주차장(010-3622-7261)내 보관,"12,000,000","12,000,000",낙찰,"12,200,000",101.70%,2025-08-05,2025_3Q,2
광주 3계 2025-32487,차량,기타토지,기타토지,광주,광산구,광주 광산구 우산동 218-5 서창다리주차장(010-8466-0864)내 보관,"125,000,000","87,500,000",낙찰,"112,900,000",90.30%,2025-09-18,2025_3Q,2
광주 4계 2025-32502,아파트,아파트,아파트,광주,남구,"광주 남구 진월동 215-1 ,215-4,214-36,214-40 진월동2차진아하이빌 203동 7층 702호","321,000,000","224,700,000",낙찰,"252,000,000",78.50%,2025-09-09,2025_3Q,2
광주 9계 2025-32505,차량,기타토지,기타토지,광주,북구,광주 북구 삼각동 754-3 글로벌주차장(010-6245-1001)내 보관,"26,000,000","18,200,000",낙찰,"24,419,999",93.90%,2025-07-30,2025_3Q,2
광주 4계 2025-32518,아파트,아파트,아파트,광주,북구,"광주 북구 두암동 117 ,116-3,116-4,116-5,116-8,136,812-24,812-34,812-44,812-47 두암3차무등파크맨션 302동 4층 408호","51,600,000","36,120,000",낙찰,"40,333,000",78.20%,2025-09-09,2025_3Q,2
광주 4계 2025-32529,차량,기타토지,기타토지,광주,광산구,광주 광산구 산정동 156 여대주차장(010-5550-8424)내 보관,"39,000,000","27,300,000",낙찰,"39,366,000",100.90%,2025-07-29,2025_3Q,2
광주 8계 2025-32545,차량,기타토지,기타토지,광주,북구,광주 북구 삼각동 754-3 글로벌주차장(010-6245-1001)내 보관,"37,000,000","37,000,000",낙찰,"37,330,000",100.90%,2025-08-14,2025_3Q,2
광주 9계 2025-32583,차량,기타토지,기타토지,광주,광산구,"광주 광산구 산정동 156 여대주차장(062-953-8424,010-5550-8424)내 보관","14,000,000","7,840,000",낙찰,"7,999,999",57.10%,2025-09-10,2025_3Q,2
광주 6계 2025-32622,중기,기타토지,기타토지,광주,광산구,광주 광산구 우산동 218-5 서창다리주차장내 보관(010-8466-0864),"65,000,000","45,500,000",낙찰,"48,700,000",74.90%,2025-09-24,2025_3Q,2
광주 4계 2025-32741,차량,기타토지,기타토지,광주,광산구,광주 광산구 우산동 218-5 서창다리주차장(010-8466-0864)내 보관,"30,000,000","30,000,000",낙찰,"30,387,600",101.30%,2025-07-29,2025_3Q,2
광주 12계 2025-32827,차량,기타토지,기타토지,광주,광산구,광주 광산구 산정동 156-3 산정주차장(062-953-8424)내 보관,"22,000,000","15,400,000",낙찰,"16,133,000",73.30%,2025-09-19,2025_3Q,2
광주 8계 2025-32912,차량,기타토지,기타토지,광주,북구,광주 북구 삼각동 754-3 글로벌주차장(010-6245-1001)내 보관,"35,000,000","24,500,000",낙찰,"31,650,000",90.40%,2025-09-25,2025_3Q,2
순천 1계 2025-51373,차량,기타토지,기타토지,광주,동구,광주 동구 지산동 714-31 제3자 영빈2주차장내 보관,"26,000,000","18,200,000",낙찰,"18,888,000",72.60%,2025-09-29,2025_3Q,2
광주 9계 2022-7394,오피스텔,오피스텔,오피스텔(업무용),광주,광산구,광주 광산구 송정동 763-12 펠릭스골드 3층 306호,"82,000,000","2,019,000",낙찰,"2,120,000",2.60%,2025-06-18,2025_2Q,2
광주 2계 2023-4798,아파트,아파트,아파트,광주,북구,광주 북구 양산동 776 지에스그린자이1차 103동 2층 201호,"592,000,000","303,104,000",낙찰,"325,410,000",55.00%,2025-06-12,2025_2Q,2
광주 1계 2023-9649,근린상가,근린상가,근린상가,광주,남구,광주 남구 임암동 869 H타워 2층 202호,"654,000,000","187,515,000",낙찰,"220,200,000",33.70%,2025-04-30,2025_2Q,2
광주 7계 2023-9687(1),오피스텔(주거),오피스텔,오피스텔(업무용),광주,북구,광주 북구 신안동 478-5 굿마인드 5층 515호,"31,000,000","7,110,000",낙찰,"7,700,000",24.80%,2025-04-22,2025_2Q,3
광주 7계 2023-9977,아파트,아파트,아파트,광주,광산구,광주 광산구 쌍암동 676-2 에이엠시티센트럴파크 9층 927호,"137,000,000","95,900,000",낙찰,"95,900,000",70.00%,2025-06-02,2025_2Q,2
광주 10계 2023-60019,공장,공장(지식산업센터 업무시설),공장,광주,광산구,광주 광산구 진곡동 631 가동,"1,910,239,100","1,910,239,100",낙찰,"2,223,000,000",116.40%,2025-04-25,2025_2Q,2
광주 10계 2023-68495(3),자동차시설,기타건물,기타건물,광주,남구,광주 남구 임암동 868 3층 301호,"77,750,000","14,267,000",낙찰,"15,500,000",19.90%,2025-04-25,2025_2Q,2
광주 5계 2023-68532(1),근린상가,근린상가,근린상가,광주,북구,"광주 북구 용봉동 17-1 ,17-16,17-21,30-55,30-58,110-14,오치동 457-5 굿모닝타운 1층 101호","1,891,000,000","346,999,680",낙찰,"370,300,000",19.60%,2025-06-25,2025_2Q,2
광주 5계 2023-69269(1),임야,임야,임야,광주,동구,광주 동구 지산동 산43-1,"2,144,973,300","960,948,000",낙찰,"963,000,000",44.90%,2025-04-02,2025_2Q,3
광주 8계 2023-76199,단독주택,단독,단독주택,광주,광산구,광주 광산구 용곡동 190,"44,850,600","31,395,000",낙찰,"32,598,500",72.70%,2025-05-22,2025_2Q,2
광주 8계 2023-79020,아파트,아파트,아파트,광주,북구,광주 북구 용봉동 1074-6 한신 101동 3층 301호,"156,000,000","109,200,000",낙찰,"124,880,000",80.10%,2025-05-22,2025_2Q,2
광주 4계 2023-80358,아파트,아파트,아파트,광주,광산구,광주 광산구 산정동 1027 하남2지구다사로움2단지 201동 15층 1504호,"202,000,000","141,400,000",낙찰,"176,898,000",87.60%,2025-06-17,2025_2Q,2
광주 2계 2023-81610,아파트,아파트,아파트,광주,서구,광주 서구 양동 460 양동센트럴 뷰 105동 1층 102호,"294,000,000","205,800,000",낙찰,"258,888,000",88.10%,2025-05-01,2025_2Q,2
광주 8계 2023-81719,아파트,아파트,아파트,광주,남구,"광주 남구 진월동 388 ,388-9 호반 102동 3층 309호","54,000,000","15,483,000",낙찰,"17,300,000",32.00%,2025-04-10,2025_2Q,3
광주 7계 2023-82330(1),주상복합(주거),기타토지,기타토지,광주,북구,광주 북구 운암동 1782 센텀플로라에듀 3층 301호,"244,000,000","156,160,000",낙찰,"176,999,900",72.50%,2025-06-02,2025_2Q,2
광주 7계 2023-82330(2),주상복합(주거),기타토지,기타토지,광주,북구,광주 북구 운암동 1782 센텀플로라에듀 2층 205호,"239,000,000","152,960,000",낙찰,"187,070,000",78.30%,2025-06-02,2025_2Q,2
광주 7계 2023-82330(3),주상복합(주거),기타토지,기타토지,광주,북구,광주 북구 운암동 1782 센텀플로라에듀 2층 202호,"239,000,000","152,960,000",낙찰,"176,999,900",74.10%,2025-06-02,2025_2Q,2
광주 5계 2023-82408,아파트,아파트,아파트,광주,광산구,광주 광산구 쌍암동 676-3 첨단센트럴파크2차 202동 6층 605호,"190,000,000","106,400,000",낙찰,"174,525,000",91.90%,2025-05-14,2025_2Q,2
광주 6계 2023-82453(1),근린상가,근린상가,근린상가,광주,광산구,"광주 광산구 월계동 889-2 엘,씨타워 4층 405호","134,000,000","75,040,000",낙찰,"80,010,000",59.70%,2025-05-21,2025_2Q,2
광주 6계 2023-82453(2),근린상가,근린상가,근린상가,광주,광산구,"광주 광산구 월계동 889-2 엘,씨타워 4층 408호","484,000,000","271,040,000",낙찰,"287,000,000",59.30%,2025-05-21,2025_2Q,2
광주 6계 2023-82453(3),근린상가,근린상가,근린상가,광주,광산구,"광주 광산구 월계동 889-2 엘,씨타워 4층 406호","907,000,000","507,920,000",낙찰,"541,500,000",59.70%,2025-05-21,2025_2Q,2
광주 3계 2023-83456(1),단독주택,단독,단독주택,광주,북구,광주 북구 용강동 412-4,"261,075,450","116,962,000",낙찰,"147,200,000",56.40%,2025-04-03,2025_2Q,3
광주 8계 2023-85032(1),전,전,전,광주,남구,광주 남구 송하동 3-5,"99,129,700","28,422,000",낙찰,"37,779,000",38.10%,2025-05-22,2025_2Q,2
광주 9계 2023-85155,전,전,전,광주,북구,광주 북구 생용동 37,"40,920,000","11,732,000",낙찰,"15,500,000",37.90%,2025-05-08,2025_2Q,2
광주 6계 2024-298,점포,근린상가,점포상가,광주,동구,광주 동구 동명동 118-30,"259,728,800","116,358,000",낙찰,"136,357,000",52.50%,2025-04-09,2025_2Q,3
광주 9계 2024-793,아파트,아파트,아파트,광주,광산구,광주 광산구 월곡동 614-2 한성 206동 8층 903호,"166,000,000","116,200,000",낙찰,"138,950,000",83.70%,2025-06-18,2025_2Q,2
광주 11계 2024-1413,근린상가,근린상가,근린상가,광주,동구,광주 동구 충장로4가 25,"3,274,769,400","1,173,678,000",낙찰,"1,411,000,000",43.10%,2025-06-24,2025_2Q,2
광주 10계 2024-1475,전,전,전,광주,광산구,광주 광산구 선암동 417-4,"642,678,000","287,920,000",낙찰,"341,900,000",53.20%,2025-04-25,2025_2Q,2
광주 12계 2024-1680,숙박시설,숙박시설,숙박시설,광주,남구,광주 남구 백운동 636-7,"1,151,287,900","330,098,000",낙찰,"415,793,000",36.10%,2025-04-04,2025_2Q,3
광주 10계 2024-1925,아파트,아파트,아파트,광주,광산구,"광주 광산구 비아동 152-5 ,113 하남지구호반 103동 18층 1802호","154,000,000","107,800,000",낙찰,"131,111,000",85.10%,2025-06-05,2025_2Q,2
광주 12계 2024-2508,단독주택,단독,단독주택,광주,남구,광주 남구 월산동 160-12,"137,600,540","96,320,000",낙찰,"98,577,000",71.60%,2025-05-16,2025_2Q,2
광주 11계 2024-2768(2),아파트,아파트,아파트,광주,동구,광주 동구 대인동 153 루체클래식 1동 4층 404호,"161,000,000","72,128,000",낙찰,"150,000,000",93.20%,2025-05-13,2025_2Q,2
광주 2계 2024-2836,답,답,답,광주,북구,광주 북구 장등동 520-3,"465,348,000","133,425,000",낙찰,"145,625,000",31.30%,2025-05-01,2025_2Q,2
광주 11계 2024-3105,점포,근린상가,점포상가,광주,동구,광주 동구 궁동 55-4,"286,197,607","200,338,000",낙찰,"223,500,000",78.10%,2025-04-01,2025_2Q,3
광주 7계 2024-3310(2),전,전,전,광주,북구,광주 북구 용두동 253-5,"286,380,000","128,298,000",낙찰,"155,000,010",54.10%,2025-04-22,2025_2Q,3
광주 7계 2024-3310(3),임야,임야,임야,광주,북구,광주 북구 용두동 253-7,"201,960,000","90,478,000",낙찰,"115,001,000",56.90%,2025-04-22,2025_2Q,3
광주 11계 2024-3495,아파트,아파트,아파트,광주,광산구,광주 광산구 우산동 1621 세계수영선수촌중흥S-클래스센트럴 123동 5층 501호,"362,000,000","253,400,000",낙찰,"307,999,000",85.10%,2025-04-01,2025_2Q,3
광주 11계 2024-3617,아파트,아파트,아파트,광주,광산구,광주 광산구 쌍암동 661-8 첨단에이엠씨티3차 7층 709호,"116,000,000","81,200,000",낙찰,"83,660,000",72.10%,2025-04-01,2025_2Q,3
광주 3계 2024-3747,아파트,아파트,아파트,광주,광산구,광주 광산구 쌍암동 676-3 첨단센트럴파크2차 201동 15층 1506호,"178,000,000","124,600,000",낙찰,"177,430,000",99.70%,2025-04-03,2025_2Q,3
광주 12계 2024-4023(1),점포,근린상가,점포상가,광주,광산구,"광주 광산구 신촌동 1020-3 ,1020-6","521,666,400","365,166,000",낙찰,"502,111,111",96.30%,2025-04-04,2025_2Q,3
광주 12계 2024-4023(2),단독주택,단독,단독주택,광주,서구,광주 서구 화정동 764-52,"202,714,320","113,520,000",낙찰,"135,150,000",66.70%,2025-05-16,2025_2Q,2
광주 12계 2024-4047,오피스텔(주거),오피스텔,오피스텔(업무용),광주,서구,광주 서구 치평동 1258-5 상무리채2 4층 418호,"63,000,000","44,100,000",낙찰,"53,220,000",84.50%,2025-06-27,2025_2Q,2
광주 12계 2024-4085,점포,근린상가,점포상가,광주,서구,광주 서구 광천동 578-47,"401,544,900","281,081,000",낙찰,"312,059,900",77.70%,2025-05-16,2025_2Q,2
광주 9계 2024-4092(1),오피스텔,오피스텔,오피스텔(업무용),광주,북구,광주 북구 각화동 594 힐스테이트각화 115동 8층 802호,"108,000,000","48,384,000",낙찰,"58,600,000",54.30%,2025-05-08,2025_2Q,2
광주 10계 2024-4108,아파트,아파트,아파트,광주,광산구,광주 광산구 쌍암동 661-8 첨단에이엠씨티3차 4층 405호,"63,000,000","44,100,000",낙찰,"46,210,000",73.30%,2025-04-25,2025_2Q,2
광주 3계 2024-4115,아파트,아파트,아파트,광주,광산구,광주 광산구 월계동 878-4 첨단에이엠-시티스카이하이2차 8층 803호,"70,000,000","39,200,000",낙찰,"46,120,000",65.90%,2025-04-03,2025_2Q,3
광주 12계 2024-4153,아파트,아파트,아파트,광주,광산구,광주 광산구 월계동 892-17 첨단에이엠시티스카이하이 8층 810호,"73,000,000","40,880,000",낙찰,"53,100,000",72.70%,2025-06-27,2025_2Q,2
광주 12계 2024-4160,아파트,아파트,아파트,광주,광산구,광주 광산구 월계동 893-1 무들에코클래스 8층 825호,"53,000,000","37,100,000",낙찰,"43,311,000",81.70%,2025-05-16,2025_2Q,2
광주 10계 2024-4177,아파트,아파트,아파트,광주,광산구,광주 광산구 쌍암동 682-1 에이엠시티5차 3층 302호,"86,000,000","60,200,000",낙찰,"62,110,000",72.20%,2025-04-25,2025_2Q,2
광주 11계 2024-4320,아파트,아파트,아파트,광주,동구,"광주 동구 학동 270 ,270-7,270-23 현대 101동 13층 1304호","423,000,000","296,100,000",낙찰,"345,887,100",81.80%,2025-06-24,2025_2Q,2
광주 12계 2024-4597,아파트,아파트,아파트,광주,광산구,광주 광산구 소촌동 880 힐스테이트광산 103동 5층 502호,"450,000,000","315,000,000",낙찰,"387,580,000",86.10%,2025-06-27,2025_2Q,2
광주 8계 2024-4719,아파트,아파트,아파트,광주,광산구,광주 광산구 운수동 65-50 가천 102동 11층 1102호,"103,000,000","72,100,000",낙찰,"82,799,000",80.40%,2025-05-22,2025_2Q,2
광주 2계 2024-5279,아파트,아파트,아파트,광주,서구,광주 서구 화정동 896-1 모아맨션 102동 3층 310호,"197,000,000","137,900,000",낙찰,"157,223,800",79.80%,2025-06-12,2025_2Q,2
광주 6계 2024-5316,숙박시설,숙박시설,숙박시설,광주,서구,광주 서구 농성동 645-3,"1,199,135,440","839,395,000",낙찰,"839,415,000",70.00%,2025-04-09,2025_2Q,3
광주 2계 2024-5453,아파트,아파트,아파트,광주,북구,광주 북구 동림동 26-1 우미 103동 3층 304호,"104,000,000","72,800,000",낙찰,"97,120,000",93.40%,2025-05-01,2025_2Q,2
광주 3계 2024-5859,단독주택,단독,단독주택,광주,동구,광주 동구 산수동 509-25,"82,197,060","46,030,000",낙찰,"53,700,000",65.30%,2025-05-15,2025_2Q,2
광주 7계 2024-5897,임야,임야,임야,광주,북구,광주 북구 일곡동 50-16,"422,955,000","236,855,000",낙찰,"240,099,999",56.80%,2025-04-22,2025_2Q,3
광주 2계 2024-6074,아파트,아파트,아파트,광주,서구,광주 서구 농성동 20 중흥 1동 1층 105호,"172,000,000","120,400,000",낙찰,"147,368,500",85.70%,2025-05-01,2025_2Q,2
광주 9계 2024-6265,오피스텔,오피스텔,오피스텔(업무용),광주,남구,"광주 남구 주월동 957-1 ,957-30,957-31 홀리어스 8층 802호","252,000,000","112,896,000",낙찰,"139,453,000",55.30%,2025-06-18,2025_2Q,2
광주 2계 2024-6333,아파트,아파트,아파트,광주,서구,광주 서구 쌍촌동 1228-1 빛고을파크 203동 2층 203호,"132,000,000","73,920,000",낙찰,"95,782,000",72.60%,2025-06-12,2025_2Q,2
광주 3계 2024-6456,근린상가,근린상가,근린상가,광주,광산구,광주 광산구 선암동 418-1,"1,460,799,500","818,047,720",낙찰,"841,000,000",57.60%,2025-06-26,2025_2Q,2
광주 9계 2024-6623,아파트,아파트,아파트,광주,광산구,광주 광산구 소촌동 286-1 모아드림타운 103동 10층 1007호,"160,000,000","112,000,000",낙찰,"135,000,500",84.40%,2025-05-08,2025_2Q,2
광주 5계 2024-6913,아파트,아파트,아파트,광주,남구,광주 남구 봉선동 21 무등파크맨션 301동 2층 205호,"203,000,000","142,100,000",낙찰,"177,000,000",87.20%,2025-06-25,2025_2Q,2
광주 9계 2024-6951,아파트,아파트,아파트,광주,북구,"광주 북구 두암동 947-1 ,947-2 부영맨션 106동 10층 1002호","113,000,000","79,100,000",낙찰,"85,550,000",75.70%,2025-05-08,2025_2Q,2
광주 3계 2024-7008,아파트,아파트,아파트,광주,서구,광주 서구 내방동 848 화정센트럴파크 111동 3층 304호,"135,000,000","94,500,000",낙찰,"121,588,000",90.10%,2025-06-26,2025_2Q,2
광주 5계 2024-7022,단독주택,단독,단독주택,광주,북구,광주 북구 임동 133-32,"131,793,500","92,255,450",낙찰,"108,020,000",82.00%,2025-06-25,2025_2Q,2
광주 7계 2024-7404,아파트,아파트,아파트,광주,서구,광주 서구 동천동 648 우미린 512동 11층 1102호,"531,000,000","371,700,000",낙찰,"471,789,999",88.80%,2025-04-22,2025_2Q,3
광주 3계 2024-7657,차량,기타토지,기타토지,광주,광산구,"광주 광산구 산정동 156 여대주차장내 보관(연락처 062-953-8424, 010-5550-8424)","40,000,000","22,400,000",낙찰,"31,750,000",79.40%,2025-04-03,2025_2Q,3
광주 6계 2024-8032,차량,기타토지,기타토지,광주,북구,광주 북구 삼각동 754-3 글로벌주차장(010-6245-1001)내보관,"5,200,000","3,640,000",낙찰,"4,735,900",91.10%,2025-05-21,2025_2Q,2
광주 7계 2024-8216,아파트,아파트,아파트,광주,남구,광주 남구 방림동 571 봉선중길한국아델리움5차 102동 15층 1505호,"290,000,000","203,000,000",낙찰,"302,500,000",104.30%,2025-06-02,2025_2Q,2
광주 9계 2024-8247,아파트,아파트,아파트,광주,남구,"광주 남구 진월동 388 ,388-9 호반 102동 12층 1204호","51,500,000","36,050,000",낙찰,"46,100,000",89.50%,2025-05-08,2025_2Q,2
광주 4계 2024-8292,오피스텔(주거),오피스텔,오피스텔(업무용),광주,북구,"광주 북구 오치동 857-10 ,857-18,857-27 오치동갤럭스하임 2층 201호","45,000,000","25,200,000",낙찰,"26,300,000",58.40%,2025-05-07,2025_2Q,2
광주 4계 2024-8391,연구소,기타건물,기타건물,광주,북구,광주 북구 오룡동 1110-33 애플지식센타 엘로우동 A동 8호,"182,000,000","101,920,000",낙찰,"101,950,000",56.00%,2025-06-17,2025_2Q,2
광주 4계 2024-9066,아파트,아파트,아파트,광주,남구,광주 남구 송하동 126-2 송하동 진아리채 2단지 503동 1층 101호,"283,000,000","198,100,000",낙찰,"218,110,000",77.10%,2025-05-07,2025_2Q,2
광주 4계 2024-9332,아파트,아파트,아파트,광주,서구,광주 서구 광천동 895 광천이편한세상 121동 5층 502호,"975,000,000","682,500,000",낙찰,"726,850,000",74.50%,2025-05-07,2025_2Q,2
광주 3계 2024-62814,아파트,아파트,아파트,광주,광산구,광주 광산구 도산동 1136-1 호반 101동 6층 615호,"120,000,000","84,000,000",낙찰,"105,010,000",87.50%,2025-05-15,2025_2Q,2
광주 7계 2024-63749,공장,공장(지식산업센터 업무시설),공장,광주,광산구,광주 광산구 용곡동 601,"377,541,400","302,033,000",낙찰,"329,000,000",87.10%,2025-04-22,2025_2Q,3
광주 11계 2024-64582,근린주택,근린주택,근린주택,광주,서구,광주 서구 쌍촌동 1245-16,"548,844,260","307,353,000",낙찰,"361,809,990",65.90%,2025-05-13,2025_2Q,2
광주 12계 2024-65127(1),근린상가,근린상가,근린상가,광주,서구,광주 서구 동천동 627 일군타워 3층 301호,"325,000,000","145,600,000",낙찰,"163,200,000",50.20%,2025-06-27,2025_2Q,2
광주 12계 2024-65127(2),근린상가,근린상가,근린상가,광주,서구,광주 서구 동천동 627 일군타워 4층 401호,"323,000,000","144,704,000",낙찰,"161,000,000",49.80%,2025-06-27,2025_2Q,2
광주 12계 2024-65127(4),근린상가,근린상가,근린상가,광주,서구,광주 서구 동천동 627 일군타워 9층 901호,"342,000,000","153,216,000",낙찰,"155,100,000",45.40%,2025-06-27,2025_2Q,2
광주 6계 2024-65202,오피스텔(상가),오피스텔,오피스텔(업무용),광주,북구,광주 북구 신안동 134-7 제일오피스텔 2층 204호,"149,000,000","66,752,000",낙찰,"81,250,000",54.50%,2025-04-09,2025_2Q,3
광주 12계 2024-65783,아파트,아파트,아파트,광주,북구,광주 북구 연제동 1116 골드클래스 102동 13층 1303호,"355,000,000","248,500,000",낙찰,"293,560,000",82.70%,2025-04-04,2025_2Q,3
광주 10계 2024-65844,아파트,아파트,아파트,광주,동구,광주 동구 학동 1022 무등산아이파크 106동 6층 603호,"642,000,000","449,400,000",낙찰,"600,123,000",93.50%,2025-06-05,2025_2Q,2
광주 11계 2024-65851,대지,나대지,나대지,광주,광산구,광주 광산구 도산동 1127-1,"1,746,990,000","978,314,000",낙찰,"978,524,000",56.00%,2025-06-24,2025_2Q,2
광주 11계 2024-66267(1),공장,공장(지식산업센터 업무시설),공장,광주,광산구,광주 광산구 장덕동 981-1,"89,867,166,950","62,907,017,000",낙찰,"65,210,000,000",72.60%,2025-06-24,2025_2Q,2
광주 11계 2024-66267(2),공장,공장(지식산업센터 업무시설),공장,광주,광산구,광주 광산구 장덕동 987-3,"16,022,416,480","11,215,692,000",낙찰,"11,808,800,000",73.70%,2025-06-24,2025_2Q,2
광주 8계 2024-66397,오피스텔,오피스텔,오피스텔(업무용),광주,광산구,광주 광산구 쌍암동 689-5 3층 310호,"104,000,000","46,592,000",낙찰,"60,569,000",58.20%,2025-04-10,2025_2Q,3
광주 11계 2024-67086,숙박시설,숙박시설,숙박시설,광주,남구,광주 남구 월산동 986-6,"1,180,979,380","529,079,000",낙찰,"536,100,000",45.40%,2025-04-01,2025_2Q,3
광주 11계 2024-67147,아파트상가,아파트상가,기타토지,광주,광산구,광주 광산구 월곡동 538-1 상가동 2층 203호,"356,000,000","159,488,000",낙찰,"175,210,000",49.20%,2025-05-13,2025_2Q,2
광주 6계 2024-67277,아파트,아파트,아파트,광주,북구,광주 북구 문흥동 787-6 문흥우성 103동 13층 1302호,"203,000,000","142,100,000",낙찰,"156,898,000",77.30%,2025-04-09,2025_2Q,3
광주 9계 2024-67529,아파트,아파트,아파트,광주,북구,광주 북구 문흥동 919 대주1차 102동 1층 108호,"78,000,000","43,680,000",낙찰,"56,980,000",73.10%,2025-06-18,2025_2Q,2
광주 12계 2024-67895,오피스텔(주거),오피스텔,오피스텔(업무용),광주,광산구,"광주 광산구 쌍암동 694-106 ,694-105,694-107,694-119 쌍암동미르채리버파크 7층 716호","101,000,000","23,166,000",낙찰,"28,700,000",28.40%,2025-06-27,2025_2Q,2
광주 11계 2024-68294,아파트,아파트,아파트,광주,북구,광주 북구 문흥동 971-1 현대 101동 6층 605호,"365,000,000","204,400,000",낙찰,"262,000,900",71.80%,2025-05-13,2025_2Q,2
광주 11계 2024-68416(2),답,답,답,광주,서구,광주 서구 풍암동 697-2,"212,434,000","148,704,000",낙찰,"190,889,000",89.90%,2025-04-01,2025_2Q,3
광주 9계 2024-68829,아파트,아파트,아파트,광주,동구,광주 동구 학동 750-1 삼익세라믹 1동 13층 1306호,"518,000,000","290,080,000",낙찰,"333,000,000",64.30%,2025-05-08,2025_2Q,2
광주 11계 2024-68867,아파트,아파트,아파트,광주,서구,광주 서구 금호동 809 금호5차호반리젠시빌 504동 6층 602호,"372,000,000","260,400,000",낙찰,"322,150,000",86.60%,2025-04-01,2025_2Q,3
광주 11계 2024-68898,대지,나대지,나대지,광주,북구,광주 북구 우산동 555-4,"1,743,536,000","1,220,475,000",낙찰,"1,224,900,000",70.30%,2025-04-01,2025_2Q,3
광주 12계 2024-68980,아파트,아파트,아파트,광주,광산구,광주 광산구 하남동 971 하남3지구모아엘가 104동 11층 1103호,"440,000,000","308,000,000",낙찰,"371,111,000",84.30%,2025-04-04,2025_2Q,3
광주 8계 2024-69006,아파트,아파트,아파트,광주,북구,"광주 북구 용두동 330 ,308-5,309-3 양산타운 102동 3층 305호","190,000,000","106,400,000",낙찰,"114,240,000",60.10%,2025-04-10,2025_2Q,3
광주 12계 2024-69099,전,전,전,광주,북구,광주 북구 본촌동 253-1,"313,033,000","140,238,000",낙찰,"161,000,000",51.40%,2025-04-04,2025_2Q,3
광주 11계 2024-69136,아파트상가,아파트상가,기타토지,광주,광산구,광주 광산구 산정동 1023 하남2지구다사로움1단지 117상가동 1층 107호,"863,000,000","483,280,000",낙찰,"550,000,600",63.70%,2025-05-13,2025_2Q,2
광주 12계 2024-69402,아파트,아파트,아파트,광주,광산구,광주 광산구 쌍암동 676-3 첨단센트럴파크2차 202동 10층 1009호,"185,000,000","103,600,000",낙찰,"164,000,000",88.60%,2025-05-16,2025_2Q,2
광주 11계 2024-69532,단독주택,단독,단독주택,광주,북구,광주 북구 풍향동 20-2,"67,255,900","30,130,000",낙찰,"35,010,000",52.10%,2025-06-24,2025_2Q,2
광주 11계 2024-69679,아파트,아파트,아파트,광주,광산구,"광주 광산구 소촌동 610 ,612-1,613,614-1,628-8 서라 102동 5층 502호","119,000,000","83,300,000",낙찰,"85,777,000",72.10%,2025-04-01,2025_2Q,3
광주 12계 2024-69877,대지,나대지,나대지,광주,동구,광주 동구 호남동 5-4,"570,235,000","255,466,000",낙찰,"285,501,400",50.10%,2025-05-16,2025_2Q,2
광주 12계 2024-70020,근린상가,근린상가,근린상가,광주,서구,광주 서구 쌍촌동 898-9 A동 3층 301호,"588,000,000","329,280,000",낙찰,"335,210,000",57.00%,2025-05-16,2025_2Q,2
광주 6계 2024-70167,아파트,아파트,아파트,광주,북구,"광주 북구 문흥동 787-8 ,용봉동 1271 우산주공1단지 212동 3층 307호","184,000,000","82,432,000",낙찰,"103,770,000",56.40%,2025-05-21,2025_2Q,2
광주 12계 2024-70198,아파트,아파트,아파트,광주,북구,광주 북구 삼각동 753-3 드림네스트2차 9층 901호,"188,000,000","131,600,000",낙찰,"131,600,000",70.00%,2025-04-04,2025_2Q,3
광주 12계 2024-70341,아파트,아파트,아파트,광주,남구,광주 남구 송하동 594 효천코오롱하늘채 101동 7층 704호,"400,000,000","280,000,000",낙찰,"329,990,000",82.50%,2025-04-04,2025_2Q,3
광주 11계 2024-70396,단독주택,단독,단독주택,광주,광산구,광주 광산구 장덕동 1296-11,"1,645,905,280","1,152,134,000",낙찰,"1,200,222,000",72.90%,2025-06-24,2025_2Q,2
광주 12계 2024-70440,아파트,아파트,아파트,광주,북구,광주 북구 신용동 737 광주첨단2지구사랑으로부영 108동 18층 1801호,"270,000,000","189,000,000",낙찰,"216,500,000",80.20%,2025-04-04,2025_2Q,3
광주 7계 2024-70518,근린상가,근린상가,근린상가,광주,광산구,광주 광산구 수완동 727 나동 1층 101호,"50,108,800","22,449,000",낙찰,"25,510,000",50.90%,2025-04-22,2025_2Q,3
광주 11계 2024-70532(1),임야,임야,임야,광주,북구,광주 북구 생용동 산58-12,"9,538,000","9,538,000",낙찰,"10,110,000",106.00%,2025-05-13,2025_2Q,2
광주 11계 2024-70532(2),임야,임야,임야,광주,북구,광주 북구 생용동 172-13,"54,518,640","38,163,000",낙찰,"38,200,000",70.10%,2025-06-24,2025_2Q,2
광주 12계 2024-70594,단독주택,단독,단독주택,광주,동구,광주 동구 계림동 217-13,"411,148,500","184,194,000",낙찰,"200,110,000",48.70%,2025-06-27,2025_2Q,2
광주 11계 2024-70648,아파트,아파트,아파트,광주,서구,광주 서구 쌍촌동 1337-2 쌍촌동호반리젠시빌 302동 2층 203호,"343,000,000","240,100,000",낙찰,"278,000,000",81.00%,2025-05-13,2025_2Q,2
광주 12계 2024-70686(1),오피스텔(주거),오피스텔,오피스텔(업무용),광주,북구,광주 북구 각화동 594 힐스테이트각화 115동 13층 1310호,"99,000,000","55,440,000",낙찰,"61,090,000",61.70%,2025-05-16,2025_2Q,2
광주 12계 2024-70686(2),오피스텔(주거),오피스텔,오피스텔(업무용),광주,북구,광주 북구 각화동 594 힐스테이트각화 115동 14층 1402호,"99,000,000","55,440,000",낙찰,"57,640,000",58.20%,2025-05-16,2025_2Q,2
광주 10계 2024-70716,아파트,아파트,아파트,광주,서구,광주 서구 유촌동 871 상무버들마을2 주공 211동 9층 901호,"181,000,000","126,700,000",낙찰,"154,000,000",85.10%,2025-04-25,2025_2Q,2
광주 11계 2024-70785,아파트,아파트,아파트,광주,광산구,광주 광산구 쌍암동 676-2 에이엠시티센트럴파크 11층 1117호,"133,000,000","133,000,000",낙찰,"140,855,000",105.90%,2025-05-13,2025_2Q,2
광주 12계 2024-70877,아파트,아파트,아파트,광주,남구,광주 남구 주월동 383 스카이 1동 8층 811호,"155,000,000","86,800,000",낙찰,"93,000,000",60.00%,2025-06-27,2025_2Q,2
광주 11계 2024-70884,아파트,아파트,아파트,광주,광산구,광주 광산구 수완동 970 해솔마을 대방노블랜드2차 205동 4층 402호,"645,000,000","451,500,000",낙찰,"510,000,000",79.10%,2025-05-13,2025_2Q,2
광주 3계 2024-70952,아파트,아파트,아파트,광주,동구,광주 동구 운림동 570 광명샤인빌 101동 2층 201호,"403,000,000","225,680,000",낙찰,"262,120,000",65.00%,2025-04-03,2025_2Q,3
광주 12계 2024-71023,대지,나대지,나대지,광주,광산구,광주 광산구 지죽동 125-5,"85,398,000","38,258,000",낙찰,"38,600,000",45.20%,2025-06-27,2025_2Q,2
광주 12계 2024-71207,대지,나대지,나대지,광주,북구,광주 북구 양산동 660-38,"378,010,000","211,686,000",낙찰,"222,000,000",58.70%,2025-06-27,2025_2Q,2
광주 11계 2024-71528,아파트,아파트,아파트,광주,서구,광주 서구 화정동 1612 유니버시아드힐스테이트 306동 13층 1301호,"584,000,000","408,800,000",낙찰,"507,700,000",86.90%,2025-06-24,2025_2Q,2
광주 8계 2024-71733,아파트,아파트,아파트,광주,광산구,광주 광산구 월계동 878-4 첨단에이엠-시티스카이하이2차 7층 703호,"70,000,000","49,000,000",낙찰,"71,325,000",101.90%,2025-05-22,2025_2Q,2
광주 2계 2024-72132,임야,임야,임야,광주,광산구,광주 광산구 대산동 산186-1,"411,479,220","147,473,600",낙찰,"147,700,000",35.90%,2025-06-12,2025_2Q,2
광주 3계 2024-72293,아파트형공장,공장(지식산업센터 업무시설),공장,광주,광산구,광주 광산구 오선동 270-106 지식산업센터케이비아이하남 7층 에이-710호,"250,000,000","89,600,000",낙찰,"95,500,000",38.20%,2025-06-26,2025_2Q,2
광주 1계 2024-72514(3),근린상가,근린상가,근린상가,광주,서구,광주 서구 쌍촌동 898-9 에이동 3층 303호,"245,000,000","109,760,000",낙찰,"128,999,000",52.70%,2025-04-30,2025_2Q,2
광주 8계 2024-72644,아파트,아파트,아파트,광주,남구,광주 남구 송하동 594 효천코오롱하늘채 104동 3층 301호,"399,000,000","279,300,000",낙찰,"337,999,999",84.70%,2025-04-10,2025_2Q,3
광주 6계 2024-72804,대지,나대지,나대지,광주,서구,광주 서구 매월동 323-4,"487,200,000","272,832,000",낙찰,"306,000,000",62.80%,2025-05-21,2025_2Q,2
광주 6계 2024-72910,아파트,아파트,아파트,광주,광산구,광주 광산구 신가동 1336 모아엘가더수완 108동 2층 202호,"709,000,000","496,300,000",낙찰,"651,111,000",91.80%,2025-04-09,2025_2Q,3
광주 8계 2024-73173,근린상가,근린상가,근린상가,광주,북구,광주 북구 본촌동 2910-1,"1,139,724,400","638,246,000",낙찰,"663,700,000",58.20%,2025-05-22,2025_2Q,2
광주 3계 2024-73920,아파트,아파트,아파트,광주,광산구,광주 광산구 하남동 547 부영사랑으로 311동 1층 101호,"284,000,000","198,800,000",낙찰,"232,990,000",82.00%,2025-06-26,2025_2Q,2
광주 3계 2024-74251,단독주택,단독,단독주택,광주,북구,광주 북구 오치동 915-17,"51,293,100","35,905,000",낙찰,"37,000,000",72.10%,2025-04-03,2025_2Q,3
광주 6계 2024-74374,아파트,아파트,아파트,광주,서구,광주 서구 금호동 818 마재마을 풍암부영1차 103동 14층 1403호,"242,000,000","169,400,000",낙찰,"211,270,000",87.30%,2025-04-09,2025_2Q,3
광주 3계 2024-74558,답,답,답,광주,광산구,광주 광산구 진곡동 370-1,"256,800,000","179,760,000",낙찰,"191,301,000",74.50%,2025-05-15,2025_2Q,2
광주 9계 2024-74657,아파트,아파트,아파트,광주,북구,광주 북구 운암동 789-10 운암동롯데캐슬 207동 3층 301호,"451,000,000","315,700,000",낙찰,"408,888,010",90.70%,2025-05-08,2025_2Q,2
광주 3계 2024-74695,아파트,아파트,아파트,광주,서구,광주 서구 금호동 770 금호2지구도개공1단지 101동 1층 101호,"130,000,000","91,000,000",낙찰,"103,680,000",79.80%,2025-04-03,2025_2Q,3
광주 2계 2024-74817,아파트,아파트,아파트,광주,광산구,광주 광산구 쌍암동 676-2 에이엠시티센트럴파크 4층 416호,"150,000,000","105,000,000",낙찰,"105,000,000",70.00%,2025-06-12,2025_2Q,2
광주 2계 2024-74909,아파트,아파트,아파트,광주,북구,광주 북구 일곡동 819-3 일곡4차청솔 404동 11층 1110호,"126,000,000","88,200,000",낙찰,"90,720,000",72.00%,2025-05-01,2025_2Q,2
광주 8계 2024-74916,차량,기타토지,기타토지,광주,남구,광주 남구 임암동 631-8 지와이피주차장내보관,"22,000,000","15,400,000",낙찰,"16,900,000",76.80%,2025-05-22,2025_2Q,2
광주 6계 2024-74978,아파트,아파트,아파트,광주,서구,광주 서구 금호동 738-2 금호동호반 102동 4층 403호,"250,000,000","175,000,000",낙찰,"237,560,000",95.00%,2025-04-09,2025_2Q,3
광주 6계 2024-75278,아파트,아파트,아파트,광주,북구,광주 북구 문흥동 996-2 공간 101동 10층 1012호,"146,000,000","102,200,000",낙찰,"115,585,000",79.20%,2025-04-09,2025_2Q,3
광주 2계 2024-75377,아파트,아파트,아파트,광주,서구,광주 서구 화정동 400-16 꽃담마을 이-편한세상 101동 12층 1201호,"786,000,000","550,200,000",낙찰,"707,880,000",90.10%,2025-06-12,2025_2Q,2
광주 7계 2024-75438,답,답,답,광주,북구,광주 북구 충효동 170-1,"837,100,000","468,776,000",낙찰,"480,109,900",57.40%,2025-04-22,2025_2Q,3
광주 8계 2024-75483,아파트,아파트,아파트,광주,광산구,광주 광산구 선암동 560 광주선운지구이지더원2단지 203동 15층 1501호,"364,000,000","254,800,000",낙찰,"292,789,876",80.40%,2025-05-22,2025_2Q,2
광주 3계 2024-75711,답,답,답,광주,북구,광주 북구 충효동 117,"133,920,000","93,744,000",낙찰,"107,136,000",80.00%,2025-06-26,2025_2Q,2
광주 8계 2024-75940,아파트,아파트,아파트,광주,남구,광주 남구 행암동 598 효천남해오네뜨2단지 204동 2층 202호,"308,000,000","215,600,000",낙찰,"270,999,990",88.00%,2025-05-22,2025_2Q,2
광주 2계 2024-76028,아파트,아파트,아파트,광주,북구,광주 북구 신용동 675 광주첨단2지구호반베르디움1단지 109동 2층 203호,"461,000,000","322,700,000",낙찰,"405,777,000",88.00%,2025-05-01,2025_2Q,2
광주 3계 2024-76035,아파트,아파트,아파트,광주,광산구,"광주 광산구 쌍암동 694-70 ,694-71,694-72 첨단도휘에드가2차 3층 301호","56,000,000","39,200,000",낙찰,"51,775,000",92.50%,2025-05-15,2025_2Q,2
광주 2계 2024-76202,다세대,다세대주택,다세대,광주,북구,광주 북구 양산동 1064 이안하우스 4층 401호,"179,000,000","100,240,000",낙찰,"103,990,000",58.10%,2025-06-12,2025_2Q,2
광주 3계 2024-76547,아파트,아파트,아파트,광주,북구,광주 북구 우산동 631-1 현대 107동 2층 203호,"294,000,000","205,800,000",낙찰,"255,000,000",86.70%,2025-04-03,2025_2Q,3
광주 2계 2024-76820,다세대,다세대주택,다세대,광주,광산구,"광주 광산구 수완동 1901 윤슬의아침수완4차리더스카운티 118동 1층,2층,3층105호","680,000,000","476,000,000",낙찰,"578,010,000",85.00%,2025-05-01,2025_2Q,2
광주 10계 2024-77090,중기,기타토지,기타토지,광주,광산구,광주 광산구 월전동 92-1 평동주차장내 보관,"60,000,000","26,880,000",낙찰,"31,880,000",53.10%,2025-04-25,2025_2Q,2
광주 7계 2024-77250,주유소,기타토지,주유소,광주,광산구,"광주 광산구 도천동 349-40 ,장덕동 78-1","7,911,870,740","4,430,648,000",낙찰,"4,760,000,000",60.20%,2025-06-02,2025_2Q,2
광주 1계 2024-77458,주상복합(주거),기타토지,기타토지,광주,서구,광주 서구 쌍촌동 278-1 쌍촌아너팰리스 14층 1401호,"256,000,000","143,360,000",낙찰,"181,777,000",71.00%,2025-06-11,2025_2Q,2
광주 3계 2024-77748,아파트,아파트,아파트,광주,광산구,광주 광산구 운남동 387-24 남양 103동 2층 206호,"167,000,000","116,900,000",낙찰,"148,200,000",88.70%,2025-05-15,2025_2Q,2
광주 5계 2024-78246,아파트,아파트,아파트,광주,광산구,광주 광산구 신창동 1128-4 정원시티캐슬 8층 806호,"130,000,000","72,800,000",낙찰,"92,000,000",70.80%,2025-04-02,2025_2Q,3
광주 3계 2024-78291,차량,기타토지,기타토지,광주,북구,광주 북구 삼각동 754-3 글로벌주차장(010-6245-1001)내 보관,"6,000,000","2,688,000",낙찰,"4,216,000",70.30%,2025-04-03,2025_2Q,3
광주 3계 2024-78406,아파트,아파트,아파트,광주,서구,광주 서구 치평동 1159 상무1차우미 104동 2층 201호,"174,000,000","121,800,000",낙찰,"145,800,000",83.80%,2025-05-15,2025_2Q,2
광주 5계 2024-78420,아파트,아파트,아파트,광주,광산구,광주 광산구 쌍암동 676-3 첨단센트럴파크2차 202동 11층 1104호,"191,000,000","133,700,000",낙찰,"178,000,000",93.20%,2025-06-25,2025_2Q,2
광주 6계 2024-78437,오피스텔,오피스텔,오피스텔(업무용),광주,광산구,광주 광산구 쌍암동 694-74 윤진리안채 4층 404호,"79,400,000","79,400,000",낙찰,"79,400,000",100.00%,2025-04-09,2025_2Q,3
광주 4계 2024-78529,연립,연립주택,연립·빌라,광주,서구,광주 서구 매월동 520-2 매월동노블힐스2014 103동 2층 201호,"421,000,000","188,608,000",낙찰,"221,999,900",52.70%,2025-05-07,2025_2Q,2
광주 3계 2024-78666,아파트,아파트,아파트,광주,서구,광주 서구 쌍촌동 96 광명하이츠타운 101동 22층 2202호,"196,000,000","137,200,000",낙찰,"155,599,990",79.40%,2025-05-15,2025_2Q,2
광주 1계 2024-78741(1),답,답,답,광주,광산구,광주 광산구 우산동 209-31,"134,397,000","75,262,000",낙찰,"79,999,990",59.50%,2025-06-11,2025_2Q,2
광주 2계 2024-78819,차량,기타토지,기타토지,광주,광산구,광주 광산구 월전동 92-1 평동주차장(010-4629-2670)내 보관,"31,000,000","21,700,000",낙찰,"25,770,000",83.10%,2025-05-01,2025_2Q,2
광주 3계 2024-78826,차량,기타토지,기타토지,광주,광산구,광주 광산구 월전동 92-1 평동주차장(연락처010-4629-2670)내 보관,"22,000,000","15,400,000",낙찰,"17,551,000",79.80%,2025-04-03,2025_2Q,3
광주 3계 2024-78833,아파트,아파트,아파트,광주,북구,광주 북구 각화동 587 각화골드클래스 104동 6층 604호,"287,000,000","200,900,000",낙찰,"248,200,000",86.50%,2025-05-15,2025_2Q,2
광주 6계 2024-78864,아파트,아파트,아파트,광주,광산구,"광주 광산구 신가동 302-25 ,302-45 중흥 201동 5층 508호","198,000,000","138,600,000",낙찰,"161,111,000",81.40%,2025-04-09,2025_2Q,3
광주 7계 2024-78970,아파트,아파트,아파트,광주,동구,광주 동구 용산동 662 광주용산지구2블럭계룡리슈빌더포레스트 104동 10층 1002호,"494,000,000","345,800,000",낙찰,"416,100,000",84.20%,2025-06-02,2025_2Q,2
광주 7계 2024-79133,대지,나대지,나대지,광주,북구,광주 북구 망월동 980,"47,429,000","26,560,000",낙찰,"26,816,000",56.50%,2025-04-22,2025_2Q,3
광주 6계 2024-79157,차량,기타토지,기타토지,광주,남구,광주 남구 송하동 348-1 제3자송암주차장(010-3622-7261)내 보관,"7,800,000","4,368,000",낙찰,"4,400,100",56.40%,2025-05-21,2025_2Q,2
광주 6계 2024-79164,오피스텔,오피스텔,오피스텔(업무용),광주,서구,광주 서구 치평동 1206-3 치평동로잔티움파크 11층 1103호,"506,000,000","283,360,000",낙찰,"345,822,000",68.30%,2025-05-21,2025_2Q,2
광주 6계 2024-79171,아파트,아파트,아파트,광주,동구,광주 동구 산수동 689 두암그린파크 105동 5층 503호,"201,000,000","140,700,000",낙찰,"153,000,000",76.10%,2025-04-09,2025_2Q,3
광주 1계 2024-79553,아파트,아파트,아파트,광주,북구,광주 북구 동림동 645 삼익 108동 8층 801호,"322,000,000","180,320,000",낙찰,"242,000,000",75.20%,2025-06-11,2025_2Q,2
광주 3계 2024-79713,아파트,아파트,아파트,광주,북구,광주 북구 신용동 671 첨단2지구중흥에스-클래스 113동 1층 102호,"479,000,000","335,300,000",낙찰,"417,390,000",87.10%,2025-06-26,2025_2Q,2
광주 3계 2024-79829,연립,연립주택,연립·빌라,광주,북구,광주 북구 두암동 939 대주빌라 9동 1층 105호,"328,000,000","229,600,000",낙찰,"249,350,000",76.00%,2025-06-26,2025_2Q,2
광주 6계 2024-79867,아파트,아파트,아파트,광주,서구,광주 서구 쌍촌동 1228-1 빛고을파크 202동 3층 311호,"124,000,000","86,800,000",낙찰,"95,220,000",76.80%,2025-05-21,2025_2Q,2
광주 5계 2024-79973,주상복합(주거),기타토지,기타토지,광주,광산구,광주 광산구 쌍암동 676-2 에이엠시티센트럴파크 4층 418호,"144,000,000","144,000,000",낙찰,"144,000,000",100.00%,2025-04-02,2025_2Q,3
광주 6계 2024-80171,아파트,아파트,아파트,광주,서구,광주 서구 풍암동 1059 한국 103동 10층 1002호,"166,000,000","116,200,000",낙찰,"146,180,000",88.10%,2025-05-21,2025_2Q,2
광주 3계 2024-80355,아파트,아파트,아파트,광주,북구,광주 북구 양산동 18-3 호반리젠시빌 203동 10층 1007호,"268,000,000","187,600,000",낙찰,"205,262,200",76.60%,2025-06-26,2025_2Q,2
광주 4계 2024-80379,근린상가,근린상가,근린상가,광주,광산구,광주 광산구 우산동 1587-1 콜롬버스월드 1층 127호,"123,000,000","68,880,000",낙찰,"71,768,880",58.30%,2025-05-07,2025_2Q,2
광주 5계 2024-80461,차량,기타토지,기타토지,광주,남구,광주 남구 송하동 348-1 송원주차장(010-3622-7261)내보관,"11,000,000","6,160,000",낙찰,"7,777,777",70.70%,2025-04-02,2025_2Q,3
광주 6계 2024-80607,아파트,아파트,아파트,광주,북구,광주 북구 연제동 1007 연제1차대주피오레 104동 4층 406호,"286,000,000","200,200,000",낙찰,"237,900,000",83.20%,2025-04-09,2025_2Q,3
광주 5계 2024-80638,아파트,아파트,아파트,광주,광산구,광주 광산구 신가동 1030 신창7차부영사랑으로 1304동 1층 106호,"263,000,000","184,100,000",낙찰,"248,950,000",94.70%,2025-04-02,2025_2Q,3
광주 1계 2024-80744,아파트,아파트,아파트,광주,남구,광주 남구 송하동 126-2 송하동 진아리채 2단지 505동 17층 1702호,"291,000,000","203,700,000",낙찰,"242,500,000",83.30%,2025-06-11,2025_2Q,2
광주 9계 2024-80904,아파트,아파트,아파트,광주,서구,"광주 서구 금호동 1077 ,1076,1080 이지스위트밸리 103동 4층 402호","309,000,000","216,300,000",낙찰,"281,246,500",91.00%,2025-05-08,2025_2Q,2
광주 7계 2024-81556,아파트,아파트,아파트,광주,동구,광주 동구 계림동 1869 계림아이파크에스케이뷰 112동 21층 2101호,"511,000,000","357,700,000",낙찰,"426,000,000",83.40%,2025-04-22,2025_2Q,3
광주 3계 2024-81631,아파트,아파트,아파트,광주,동구,광주 동구 학동 750-1 삼익세라믹 5동 2층 203호,"118,000,000","82,600,000",낙찰,"85,100,000",72.10%,2025-06-26,2025_2Q,2
광주 11계 2024-81679,차량,기타토지,기타토지,광주,광산구,광주 광산구 신창동 1232-10 서칭다리주차장내보관,"12,000,000","8,400,000",낙찰,"8,401,000",70.00%,2025-05-13,2025_2Q,2
광주 3계 2024-81860,차량,기타토지,기타토지,광주,광산구,광주 광산구 월전동 92-1 평동주차장(010-4629-2670)내 보관,"9,000,000","6,300,000",낙찰,"8,300,000",92.20%,2025-05-15,2025_2Q,2
광주 1계 2024-82221(3),연립,연립주택,연립·빌라,광주,남구,광주 남구 주월동 497 에이엠시티101 3층 317호,"45,000,000","31,500,000",낙찰,"31,999,000",71.10%,2025-06-11,2025_2Q,2
광주 1계 2024-82221(4),연립,연립주택,연립·빌라,광주,남구,광주 남구 주월동 497 에이엠시티101 2층 211호,"45,000,000","31,500,000",낙찰,"31,999,000",71.10%,2025-06-11,2025_2Q,2
광주 6계 2024-82726,아파트,아파트,아파트,광주,동구,광주 동구 산수동 730 명지로드힐포레 103동 3층 304호,"302,000,000","211,400,000",낙찰,"270,000,001",89.40%,2025-05-21,2025_2Q,2
광주 4계 2024-83439,단독주택,단독,단독주택,광주,광산구,광주 광산구 송정동 551-4,"97,306,000","68,114,000",낙찰,"75,777,000",77.90%,2025-05-07,2025_2Q,2
광주 5계 2024-83453,아파트,아파트,아파트,광주,서구,광주 서구 쌍촌동 155 현대 102동 3층 302호,"397,000,000","277,900,000",낙찰,"311,779,000",78.50%,2025-06-25,2025_2Q,2
광주 4계 2024-83644,아파트,아파트,아파트,광주,서구,광주 서구 치평동 1174-3 라인동산 103동 2층 209호,"257,000,000","179,900,000",낙찰,"201,333,300",78.30%,2025-05-07,2025_2Q,2
광주 9계 2024-83682,아파트,아파트,아파트,광주,서구,광주 서구 치평동 1174-3 라인동산 104동 19층 1905호,"235,000,000","164,500,000",낙찰,"184,670,000",78.60%,2025-05-08,2025_2Q,2
광주 5계 2024-83798,아파트,아파트,아파트,광주,서구,광주 서구 풍암동 1127 주은.모아 106동 9층 911호,"183,000,000","128,100,000",낙찰,"164,707,000",90.00%,2025-06-25,2025_2Q,2
광주 2계 2024-83811,차량,기타토지,기타토지,광주,광산구,광주 광산구 산정동 156-3 제3자산정주차장내보관,"14,500,000","10,150,000",낙찰,"11,760,000",81.10%,2025-06-12,2025_2Q,2
광주 8계 2024-84012,차량,기타토지,기타토지,광주,광산구,광주 광산구 월전동 92-1 평동주차장내 보관,"20,000,000","14,000,000",낙찰,"17,850,000",89.30%,2025-05-22,2025_2Q,2
광주 7계 2024-84111,아파트,아파트,아파트,광주,서구,광주 서구 화정동 400-16 꽃담마을 이-편한세상 103동 2층 201호,"844,000,000","472,640,000",낙찰,"566,990,000",67.20%,2025-06-02,2025_2Q,2
광주 9계 2024-84289,아파트,아파트,아파트,광주,북구,광주 북구 양산동 366-1 한양 4층 413호,"145,000,000","101,500,000",낙찰,"116,770,000",80.50%,2025-05-08,2025_2Q,2
광주 12계 2024-84425,차량,기타토지,기타토지,광주,광산구,광주 광산구 산정동 156 여대주차장내 보관(062-953-8424),"8,300,000","5,810,000",낙찰,"7,365,000",88.70%,2025-04-04,2025_2Q,3
광주 4계 2024-84456,아파트,아파트,아파트,광주,광산구,광주 광산구 월계동 893-1 무들에코클래스 8층 832호,"125,000,000","87,500,000",낙찰,"111,795,000",89.40%,2025-05-07,2025_2Q,2
광주 6계 2024-84760,연립,연립주택,연립·빌라,광주,북구,"광주 북구 두암동 399 ,363-10 스카이빌 3층 301호","134,000,000","93,800,000",낙찰,"110,099,990",82.20%,2025-05-21,2025_2Q,2
광주 7계 2024-84937,아파트,아파트,아파트,광주,광산구,광주 광산구 흑석동 524 광주수완지구이지더원 107동 1층 101호,"409,000,000","286,300,000",낙찰,"355,980,000",87.00%,2025-06-02,2025_2Q,2
광주 1계 2024-84982(2),오피스텔,오피스텔,오피스텔(업무용),광주,북구,광주 북구 임동 632 임동2차국제미소래 6층 608호,"171,000,000","119,700,000",낙찰,"150,377,999",87.90%,2025-06-11,2025_2Q,2
광주 9계 2024-85190,아파트,아파트,아파트,광주,서구,광주 서구 쌍촌동 1380 상무엘리체 107동 10층 1003호,"447,000,000","312,900,000",낙찰,"407,000,000",91.10%,2025-06-18,2025_2Q,2
광주 4계 2024-85367,아파트,아파트,아파트,광주,서구,광주 서구 금호동 815 호반리젠시빌 202동 8층 806호,"300,000,000","210,000,000",낙찰,"252,888,888",84.30%,2025-05-07,2025_2Q,2
광주 5계 2024-86124,차량,기타토지,기타토지,광주,동구,광주 동구 지산동 714-31 영빈2주차장내 보관(010-5743-8200),"21,000,000","14,700,000",낙찰,"17,370,000",82.70%,2025-05-14,2025_2Q,2
광주 7계 2024-86162,차량,기타토지,기타토지,광주,광산구,광주 광산구 우산동 218-5 서창다리주차장(010-8466-0864)내 보관,"3,500,000","2,450,000",낙찰,"3,010,100",86.00%,2025-06-02,2025_2Q,2
광주 1계 2024-86599(1),아파트,아파트,아파트,광주,광산구,광주 광산구 신창동 1111 신창5차호반베르디움 511동 6층 601호,"308,000,000","308,000,000",낙찰,"325,000,000",105.50%,2025-06-11,2025_2Q,2
광주 1계 2024-86599(2),아파트,아파트,아파트,광주,광산구,광주 광산구 흑석동 503 수완3단지중흥에스-클래스 305동 5층 502호,"448,000,000","448,000,000",낙찰,"448,000,000",100.00%,2025-06-11,2025_2Q,2
광주 7계 2024-86636,차량,기타토지,기타토지,광주,북구,광주 북구 삼각동 754-3 글로벌주차장내 보관,"7,500,000","5,250,000",낙찰,"6,880,000",91.70%,2025-04-22,2025_2Q,3
광주 4계 2024-87097,아파트,아파트,아파트,광주,남구,광주 남구 행암동 597 효천엘에이치천년나무2단지 203동 11층 1102호,"249,000,000","174,300,000",낙찰,"196,220,000",78.80%,2025-05-07,2025_2Q,2
광주 4계 2024-87288,차량,기타토지,기타토지,광주,광산구,광주 광산구 산정동 156 여대주차장(010-5550-8424)내보관,"6,000,000","4,200,000",낙찰,"5,100,000",85.00%,2025-06-17,2025_2Q,2
광주 8계 2024-87844,차량,기타토지,기타토지,광주,광산구,광주 광산구 산정동 156 여대주차장(062-953-8424)내 보관,"12,000,000","8,400,000",낙찰,"11,260,000",93.80%,2025-05-22,2025_2Q,2
광주 11계 2024-87899,차량,기타토지,기타토지,광주,남구,광주 남구 송하동 348-1 송원주차장(연락처010-3622-7261)내보관,"30,000,000","21,000,000",낙찰,"22,610,000",75.40%,2025-06-24,2025_2Q,2
광주 4계 2024-88557,답,답,답,광주,광산구,광주 광산구 우산동 221-72,"1,806,990,000","1,806,990,000",낙찰,"1,855,000,000",102.70%,2025-05-07,2025_2Q,2
광주 4계 2024-88656,아파트,아파트,아파트,광주,광산구,광주 광산구 산월동 885-1 부영 202동 10층 1001호,"289,000,000","202,300,000",낙찰,"260,123,000",90.00%,2025-06-17,2025_2Q,2
광주 3계 2024-88663,차량,기타토지,기타토지,광주,광산구,광주 광산구 월전동 92-1 평동주차장(010-4629-2670)내 보관,"13,000,000","13,000,000",낙찰,"13,300,000",102.30%,2025-04-03,2025_2Q,3
광주 3계 2024-89109,차량,기타토지,기타토지,광주,광산구,광주 광산구 우산동 218-5 서창다리주차장(010-8466-0864)내 보관,"27,000,000","27,000,000",낙찰,"28,850,000",106.90%,2025-04-03,2025_2Q,3
광주 4계 2024-89116,아파트,아파트,아파트,광주,광산구,광주 광산구 쌍암동 676-2 에이엠시티센트럴파크 4층 417호,"133,000,000","93,100,000",낙찰,"133,705,000",100.50%,2025-06-17,2025_2Q,2
광주 6계 2024-89154,차량,기타토지,기타토지,광주,광산구,광주 광산구 우산동 218-5 서창다리주차장내보관,"33,000,000","33,000,000",낙찰,"33,260,000",100.80%,2025-04-09,2025_2Q,3
광주 1계 2024-89451,차량,기타토지,기타토지,광주,광산구,광주 광산구 우산동 218-5 서창다리주차장(010-8466-0864)내 보관,"35,000,000","24,500,000",낙찰,"25,000,000",71.40%,2025-04-30,2025_2Q,2
광주 1계 2025-30838,차량,기타토지,기타토지,광주,광산구,광주 광산구 우산동 218-5 서창다리주차장내 보관(010-8466-0864),"32,000,000","22,400,000",낙찰,"29,770,000",93.00%,2025-06-11,2025_2Q,2
광주 11계 2025-31350,차량,기타토지,기타토지,광주,북구,광주 북구 삼각동 754-3 글로벌주차장(연락처:010-6245-1001)내보관,"10,000,000","7,000,000",낙찰,"9,600,000",96.00%,2025-06-24,2025_2Q,2
광주 9계 2025-32029,중기,기타토지,기타토지,광주,광산구,광주 광산구 산정동 156-3 산정주차장내 보관(062-953-8424),"26,000,000","18,200,000",낙찰,"21,630,000",83.20%,2025-06-18,2025_2Q,2
광주 12계 2025-32049,차량,기타토지,기타토지,광주,남구,광주 남구 송하동 348-1 송원주차장(010-3622-7261)내 보관,"14,000,000","14,000,000",낙찰,"14,110,000",100.80%,2025-05-16,2025_2Q,2
광주 9계 2022-6803,아파트,아파트,아파트,광주,서구,광주 서구 치평동 1218 상무리채1 11층 1130호,"83,000,000","2,555,000",낙찰,"2,556,000",3.10%,2025-03-26,2025_1Q,3
광주 7계 2023-1584(2),위락시설,기타건물,기타건물,광주,서구,광주 서구 치평동 1218-4 골든유토피아 지하층 B02호,"3,030,000,000","444,806,000",낙찰,"547,000,000",18.10%,2025-02-04,2025_1Q,3
광주 6계 2023-2990(2),근린상가,근린상가,근린상가,광주,북구,"광주 북구 연제동 217 ,217-1,217-9,217-10 유엔어스타워 1층 102호","476,000,000","87,346,000",낙찰,"97,777,000",20.50%,2025-01-15,2025_1Q,3
광주 6계 2023-6282,공장,공장(지식산업센터 업무시설),공장,광주,광산구,광주 광산구 장록동 749-2,"15,030,153,680","10,521,108,000",낙찰,"14,070,009,000",93.60%,2025-02-26,2025_1Q,3
광주 1계 2023-7636,아파트,아파트,아파트,광주,남구,광주 남구 양림동 505 양림1단지휴먼시아 107동 10층 1003호,"410,000,000","229,600,000",낙찰,"263,009,999",64.10%,2025-03-19,2025_1Q,3
광주 9계 2023-8547,오피스텔(주거),오피스텔,오피스텔(업무용),광주,광산구,광주 광산구 쌍암동 676-3 첨단센트럴파크2차 202동 3층 309호,"188,000,000","53,903,000",낙찰,"175,360,000",93.30%,2025-02-12,2025_1Q,3
광주 9계 2023-8752(4),대지,나대지,나대지,광주,서구,광주 서구 농성동 380-4,"510,534,000","228,719,000",낙찰,"267,770,000",52.40%,2025-02-12,2025_1Q,3
광주 9계 2023-8752(5),단독주택,단독,단독주택,광주,서구,광주 서구 농성동 380-81,"428,442,600","153,553,000",낙찰,"220,010,000",51.40%,2025-03-26,2025_1Q,3
광주 9계 2023-8752(6),아파트,아파트,아파트,광주,서구,"광주 서구 농성동 471 ,391,391-2,408-3,470-1 무등 가동 5층 503호","192,000,000","86,016,000",낙찰,"118,999,000",62.00%,2025-02-12,2025_1Q,3
광주 8계 2023-8981,공장,공장(지식산업센터 업무시설),공장,광주,광산구,광주 광산구 도천동 619-2,"2,236,954,300","1,565,868,000",낙찰,"2,018,800,000",90.20%,2025-01-16,2025_1Q,3
광주 6계 2023-8998,답,답,답,광주,광산구,광주 광산구 신촌동 682-26,"88,523,100","39,658,000",낙찰,"45,500,000",51.40%,2025-01-15,2025_1Q,3
광주 9계 2023-9014,아파트,아파트,아파트,광주,광산구,광주 광산구 우산동 1609-16 우산동한국아델리움더스위트 6층 602호,"430,000,000","154,112,000",낙찰,"242,000,000",56.30%,2025-02-12,2025_1Q,3
광주 8계 2023-9274(1),주상복합(주거),기타토지,기타토지,광주,북구,광주 북구 운암동 1782 센텀플로라에듀 7층 704호,"290,000,000","162,400,000",낙찰,"184,500,000",63.60%,2025-02-27,2025_1Q,3
광주 8계 2023-9274(2),주상복합(주거),기타토지,기타토지,광주,북구,광주 북구 운암동 1782 센텀플로라에듀 8층 804호,"290,000,000","162,400,000",낙찰,"186,611,000",64.30%,2025-02-27,2025_1Q,3
광주 8계 2023-9274(3),주상복합(주거),기타토지,기타토지,광주,북구,광주 북구 운암동 1782 센텀플로라에듀 9층 904호,"290,000,000","203,000,000",낙찰,"232,050,000",80.00%,2025-01-16,2025_1Q,3
광주 4계 2023-9595(1),주상복합(상가),기타토지,기타토지,광주,서구,광주 서구 치평동 1258-5 상무리채2 2층 201호,"279,000,000","99,994,000",낙찰,"124,992,000",44.80%,2025-01-07,2025_1Q,3
광주 4계 2023-9595(4),주상복합(상가),기타토지,기타토지,광주,서구,광주 서구 치평동 1258-5 상무리채2 2층 206호,"464,000,000","166,298,000",낙찰,"207,872,000",44.80%,2025-01-07,2025_1Q,3
광주 4계 2023-9595(6),주상복합(상가),기타토지,기타토지,광주,서구,광주 서구 치평동 1258-5 상무리채2 2층 208호,"265,000,000","94,976,000",낙찰,"118,720,000",44.80%,2025-01-07,2025_1Q,3
광주 4계 2023-9595(7),주상복합(상가),기타토지,기타토지,광주,서구,광주 서구 치평동 1258-5 상무리채2 2층 209호,"261,000,000","93,542,000",낙찰,"116,928,000",44.80%,2025-01-07,2025_1Q,3
광주 7계 2023-9687(3),오피스텔(주거),오피스텔,오피스텔(업무용),광주,북구,광주 북구 신안동 478-5 굿마인드 6층 615호,"31,000,000","11,110,000",낙찰,"13,200,000",42.60%,2025-02-04,2025_1Q,3
광주 6계 2023-10144,단독주택,단독,단독주택,광주,북구,광주 북구 용봉동 1241-21,"255,083,300","114,277,000",낙찰,"125,110,000",49.00%,2025-02-26,2025_1Q,3
광주 10계 2023-68495(2),자동차시설,기타건물,기타건물,광주,남구,광주 남구 임암동 868 2층 201호,"30,870,000","4,532,000",낙찰,"5,665,000",18.40%,2025-03-14,2025_1Q,3
광주 10계 2023-68495(4),자동차시설,기타건물,기타건물,광주,남구,광주 남구 임암동 868 4층 401호,"34,750,000","5,101,000",낙찰,"6,376,000",18.30%,2025-03-14,2025_1Q,3
광주 3계 2023-69788,아파트,아파트,아파트,광주,북구,"광주 북구 오치동 925-1 ,942-1 금호타운 102동 5층 509호","195,000,000","136,500,000",낙찰,"141,230,000",72.40%,2025-01-09,2025_1Q,3
광주 4계 2023-70719,아파트,아파트,아파트,광주,서구,광주 서구 금호동 813 대주파크빌 106동 1층 107호,"171,000,000","12,853,000",낙찰,"15,879,000",9.30%,2025-02-11,2025_1Q,3
광주 10계 2023-72333(4),전,전,전,광주,북구,광주 북구 금곡동 10,"88,340,000","25,329,000",낙찰,"26,660,000",30.20%,2025-03-14,2025_1Q,3
광주 3계 2023-73923,오피스텔(주거),오피스텔,오피스텔(업무용),광주,광산구,광주 광산구 쌍암동 676-3 첨단센트럴파크2차 201동 15층 1505호,"140,000,000","13,154,000",낙찰,"180,000,000",128.60%,2025-02-20,2025_1Q,3
광주 7계 2023-76601,근린상가,근린상가,근린상가,광주,광산구,"광주 광산구 수완동 669-1 ,669-2 수완동올핀스빌딩 A동 1층 104호","2,403,000,000","1,076,544,000",낙찰,"1,201,111,000",50.00%,2025-03-11,2025_1Q,3
광주 8계 2023-76618(3),근린상가,근린상가,근린상가,광주,광산구,광주 광산구 수완동 727 가동 1층 101호,"340,000,000","152,320,000",낙찰,"153,000,000",45.00%,2025-02-27,2025_1Q,3
광주 10계 2023-76779(1),단독주택,단독,단독주택,광주,광산구,광주 광산구 동산동 403-1,"92,694,440","64,886,000",낙찰,"70,000,000",75.50%,2025-02-07,2025_1Q,3
광주 10계 2023-76779(2),답,답,답,광주,광산구,광주 광산구 동산동 128-1,"81,175,000","56,823,000",낙찰,"62,000,000",76.40%,2025-03-14,2025_1Q,3
광주 9계 2023-78669,답,답,답,광주,서구,광주 서구 쌍촌동 488,"425,600,000","152,535,000",낙찰,"156,200,000",36.70%,2025-01-02,2025_1Q,3
광주 4계 2023-78867,아파트,아파트,아파트,광주,서구,광주 서구 금호동 809 금호5차호반리젠시빌 505동 8층 801호,"367,000,000","256,900,000",낙찰,"317,650,000",86.60%,2025-01-07,2025_1Q,3
광주 4계 2023-80822,아파트,아파트,아파트,광주,서구,광주 서구 양동 60-2 금호 2동 15층 1502호,"233,000,000","163,100,000",낙찰,"187,250,000",80.40%,2025-02-11,2025_1Q,3
광주 9계 2023-81139(1),전,전,전,광주,서구,광주 서구 서창동 522-7,"1,030,655,000","295,510,000",낙찰,"304,400,000",29.50%,2025-02-12,2025_1Q,3
광주 5계 2023-81528,아파트,아파트,아파트,광주,광산구,광주 광산구 수완동 325 수완포레 103동 2층 201호,"345,000,000","154,560,000",낙찰,"193,000,000",55.90%,2025-01-08,2025_1Q,3
광주 6계 2023-82774,아파트,아파트,아파트,광주,북구,광주 북구 문흥동 1010-7 문흥제일파크 101동 15층 1508호,"104,000,000","58,240,000",낙찰,"84,790,000",81.50%,2025-01-15,2025_1Q,3
광주 10계 2023-83661,오피스텔(주거),오피스텔,오피스텔(업무용),광주,동구,광주 동구 동명동 245-16 동명동센트럴파크 6층 608호,"169,000,000","60,570,000",낙찰,"154,950,000",91.70%,2025-02-07,2025_1Q,3
광주 8계 2023-83968,아파트,아파트,아파트,광주,북구,광주 북구 동림동 645 삼익 110동 8층 801호,"134,000,000","93,800,000",낙찰,"98,650,000",73.60%,2025-02-27,2025_1Q,3
광주 8계 2023-84947,아파트,아파트,아파트,광주,북구,광주 북구 문흥동 996-2 공간 101동 4층 412호,"146,000,000","102,200,000",낙찰,"131,530,000",90.10%,2025-01-16,2025_1Q,3
광주 8계 2023-85032(2),임야,임야,임야,광주,남구,광주 남구 송하동 산47,"46,722,680","20,932,000",낙찰,"24,680,000",52.80%,2025-02-27,2025_1Q,3
광주 8계 2023-85421,단독주택,단독,단독주택,광주,서구,광주 서구 화정동 771-30,"179,677,580","64,396,000",낙찰,"82,560,000",45.90%,2025-02-27,2025_1Q,3
광주 10계 2023-85469,아파트,아파트,아파트,광주,남구,"광주 남구 진월동 215-1 ,215-4,214-36,214-40 진월동2차진아하이빌 201동 9층 908호","331,000,000","231,700,000",낙찰,"241,000,000",72.80%,2025-02-07,2025_1Q,3
광주 9계 2024-38(1),근린상가,근린상가,근린상가,광주,동구,광주 동구 충장로4가 53 현대코아상가 4층 404호,"7,020,000","3,931,000",낙찰,"4,031,000",57.40%,2025-02-12,2025_1Q,3
광주 9계 2024-38(2),근린상가,근린상가,근린상가,광주,동구,광주 동구 충장로4가 53 현대코아상가 4층 405호,"7,020,000","3,931,000",낙찰,"4,031,000",57.40%,2025-02-12,2025_1Q,3
광주 9계 2024-38(3),근린상가,근린상가,근린상가,광주,동구,광주 동구 충장로4가 53 현대코아상가 4층 410호,"5,940,000","3,326,000",낙찰,"3,426,000",57.70%,2025-02-12,2025_1Q,3
광주 9계 2024-38(4),근린상가,근린상가,근린상가,광주,동구,광주 동구 충장로4가 53 현대코아상가 4층 411호,"5,770,000","3,231,000",낙찰,"3,331,000",57.70%,2025-02-12,2025_1Q,3
광주 9계 2024-38(5),근린상가,근린상가,근린상가,광주,동구,광주 동구 충장로4가 53 현대코아상가 4층 423호,"6,150,000","3,444,000",낙찰,"3,544,000",57.60%,2025-02-12,2025_1Q,3
광주 9계 2024-38(6),근린상가,근린상가,근린상가,광주,동구,광주 동구 충장로4가 53 현대코아상가 4층 424호,"6,150,000","3,444,000",낙찰,"3,544,000",57.60%,2025-02-12,2025_1Q,3
광주 9계 2024-38(7),근린상가,근린상가,근린상가,광주,동구,광주 동구 충장로4가 53 현대코아상가 4층 426호,"17,200,000","9,632,000",낙찰,"9,732,000",56.60%,2025-02-12,2025_1Q,3
광주 9계 2024-38(8),근린상가,근린상가,근린상가,광주,동구,광주 동구 충장로4가 53 현대코아상가 4층 427호,"93,300,000","52,248,000",낙찰,"52,348,000",56.10%,2025-02-12,2025_1Q,3
광주 9계 2024-38(9),근린상가,근린상가,근린상가,광주,동구,광주 동구 충장로4가 53 현대코아상가 4층 428호,"39,900,000","22,344,000",낙찰,"22,444,000",56.30%,2025-02-12,2025_1Q,3
광주 7계 2024-76,아파트상가,아파트상가,기타토지,광주,서구,광주 서구 양동 321-49 제이에스파크빌 상가동 1층 101호,"145,000,000","64,960,000",낙찰,"71,111,113",49.00%,2025-02-04,2025_1Q,3
광주 6계 2024-151,전,전,전,광주,남구,광주 남구 행암동 139,"465,014,000","260,408,000",낙찰,"301,289,599",64.80%,2025-02-26,2025_1Q,3
광주 1계 2024-502,연립,연립주택,연립·빌라,광주,동구,광주 동구 소태동 772-5 가도스타디움 3층 308호,"197,000,000","110,320,000",낙찰,"111,050,000",56.40%,2025-02-05,2025_1Q,3
광주 3계 2024-601,근린상가,근린상가,근린상가,광주,동구,광주 동구 황금동 27,"1,247,759,600","558,997,000",낙찰,"626,000,000",50.20%,2025-01-09,2025_1Q,3
광주 7계 2024-694,아파트상가,아파트상가,기타토지,광주,광산구,광주 광산구 흑석동 524 광주수완지구이지더원 상가2동 지2층 비201호,"651,000,000","291,648,000",낙찰,"301,999,990",46.40%,2025-02-04,2025_1Q,3
광주 10계 2024-731,아파트,아파트,아파트,광주,서구,광주 서구 치평동 1159 상무1차우미 101동 15층 1507호,"186,000,000","104,160,000",낙찰,"145,500,000",78.20%,2025-03-14,2025_1Q,3
광주 6계 2024-779,아파트,아파트,아파트,광주,북구,"광주 북구 용봉동 1060-2 ,1060-3,1061-3,1062-1,1076,1076-1,1077-1 우영(우영타워) 1층 106호","190,000,000","133,000,000",낙찰,"141,090,000",74.30%,2025-01-15,2025_1Q,3
광주 8계 2024-786,아파트,아파트,아파트,광주,광산구,광주 광산구 쌍암동 661-8 첨단에이엠씨티3차 6층 608호,"75,000,000","33,600,000",낙찰,"39,200,000",52.30%,2025-02-27,2025_1Q,3
광주 10계 2024-809,아파트,아파트,아파트,광주,남구,광주 남구 백운동 691 루엔시티 105동 13층 1301호,"345,000,000","241,500,000",낙찰,"289,200,000",83.80%,2025-02-07,2025_1Q,3
광주 10계 2024-984,오피스텔(주거),오피스텔,오피스텔(업무용),광주,광산구,광주 광산구 쌍암동 676-3 첨단센트럴파크2차 202동 3층 306호,"201,000,000","112,560,000",낙찰,"112,560,000",56.00%,2025-03-14,2025_1Q,3
광주 10계 2024-1086,아파트,아파트,아파트,광주,북구,광주 북구 일곡동 814-4 쌍용 103동 16층 1601호,"359,000,000","251,300,000",낙찰,"271,100,000",75.50%,2025-02-07,2025_1Q,3
광주 12계 2024-1215,주상복합(상가),기타토지,기타토지,광주,광산구,광주 광산구 월계동 884-2 첨단에이엠시티 2층 201호,"569,000,000","203,930,000",낙찰,"238,650,000",41.90%,2025-02-21,2025_1Q,3
광주 5계 2024-1284,아파트,아파트,아파트,광주,광산구,광주 광산구 하남동 547 부영사랑으로 301동 2층 204호,"268,000,000","187,600,000",낙찰,"210,000,915",78.40%,2025-01-08,2025_1Q,3
광주 4계 2024-1543,오피스텔(주거),오피스텔,오피스텔(업무용),광주,광산구,광주 광산구 송정동 845-10 송정역한국아델리움더씨티 9층 907호,"235,000,000","105,280,000",낙찰,"129,500,000",55.10%,2025-01-07,2025_1Q,3
광주 11계 2024-1789,공장,공장(지식산업센터 업무시설),공장,광주,광산구,광주 광산구 옥동 1233-7 가동,"1,589,782,120","1,112,847,000",낙찰,"1,303,800,000",82.00%,2025-02-18,2025_1Q,3
광주 11계 2024-2003(3),전,전,전,광주,광산구,광주 광산구 산정동 742,"318,440,000","222,908,000",낙찰,"246,000,000",77.30%,2025-02-18,2025_1Q,3
광주 6계 2024-2263,아파트,아파트,아파트,광주,북구,광주 북구 일곡동 849-2 일곡1차청솔 104동 2층 201호,"112,000,000","62,720,000",낙찰,"79,000,000",70.50%,2025-01-15,2025_1Q,3
광주 2계 2024-2270,중기,기타토지,기타토지,광주,서구,광주 서구 세하동 산1-8 내 보관(채권자 신종팔),"12,000,000","12,000,000",낙찰,"20,000,000",166.70%,2025-03-20,2025_1Q,3
광주 2계 2024-2324(1),오피스텔(주거),오피스텔,오피스텔(업무용),광주,북구,"광주 북구 오치동 857-10 ,857-18,857-27 오치동갤럭스하임 2층 213호","52,000,000","23,296,000",낙찰,"27,720,000",53.30%,2025-03-20,2025_1Q,3
광주 2계 2024-2324(2),오피스텔(주거),오피스텔,오피스텔(업무용),광주,북구,"광주 북구 오치동 857-10 ,857-18,857-27 오치동갤럭스하임 2층 216호","52,000,000","23,296,000",낙찰,"25,012,000",48.10%,2025-03-20,2025_1Q,3
광주 2계 2024-2324(3),오피스텔(주거),오피스텔,오피스텔(업무용),광주,북구,"광주 북구 오치동 857-10 ,857-18,857-27 오치동갤럭스하임 2층 217호","52,000,000","23,296,000",낙찰,"26,910,000",51.70%,2025-03-20,2025_1Q,3
광주 2계 2024-2324(4),오피스텔(주거),오피스텔,오피스텔(업무용),광주,북구,"광주 북구 오치동 857-10 ,857-18,857-27 오치동갤럭스하임 2층 218호","52,000,000","23,296,000",낙찰,"28,750,000",55.30%,2025-03-20,2025_1Q,3
광주 2계 2024-2324(6),아파트,아파트,아파트,광주,북구,"광주 북구 오치동 857-10 ,857-18,857-27 오치동갤럭스하임 3층 313호","41,000,000","22,960,000",낙찰,"23,010,000",56.10%,2025-02-06,2025_1Q,3
광주 2계 2024-2324(8),아파트,아파트,아파트,광주,북구,"광주 북구 오치동 857-10 ,857-18,857-27 오치동갤럭스하임 4층 413호","42,000,000","23,520,000",낙찰,"27,400,000",65.20%,2025-02-06,2025_1Q,3
광주 4계 2024-2607,차량,기타토지,기타토지,광주,광산구,광주 광산구 산정동 156-3 산정주차장내 보관(010-5550-8424),"10,000,000","3,584,000",낙찰,"4,500,000",45.00%,2025-02-11,2025_1Q,3
광주 8계 2024-2799,아파트,아파트,아파트,광주,서구,광주 서구 치평동 1168-1 중흥 110동 10층 1001호,"387,000,000","270,900,000",낙찰,"353,283,000",91.30%,2025-01-16,2025_1Q,3
광주 2계 2024-3075,아파트,아파트,아파트,광주,광산구,광주 광산구 하남동 971 하남3지구모아엘가 102동 15층 1504호,"414,000,000","289,800,000",낙찰,"358,999,000",86.70%,2025-02-06,2025_1Q,3
광주 9계 2024-3266,아파트,아파트,아파트,광주,광산구,광주 광산구 월계동 763-6 호반 210동 4층 405호,"216,000,000","120,960,000",낙찰,"137,160,000",63.50%,2025-03-26,2025_1Q,3
광주 7계 2024-3310(1),아파트,아파트,아파트,광주,광산구,광주 광산구 신가동 1306 수완1단지중흥에스-클래스 102동 17층 1701호,"485,000,000","339,500,000",낙찰,"458,111,100",94.50%,2025-02-04,2025_1Q,3
광주 9계 2024-3433,아파트,아파트,아파트,광주,광산구,"광주 광산구 송정동 918-3 ,950-27 송정2차라인 102동 6층 601호","210,000,000","147,000,000",낙찰,"172,220,000",82.00%,2025-02-12,2025_1Q,3
광주 9계 2024-3518,아파트,아파트,아파트,광주,북구,광주 북구 본촌동 3102 힐스테이트본촌 103동 21층 2102호,"490,000,000","343,000,000",낙찰,"468,700,000",95.70%,2025-03-26,2025_1Q,3
광주 11계 2024-3662,아파트,아파트,아파트,광주,광산구,광주 광산구 신창동 1111 신창5차호반베르디움 506동 21층 2104호,"375,000,000","262,500,000",낙찰,"325,102,500",86.70%,2025-02-18,2025_1Q,3
광주 7계 2024-3693(1),아파트,아파트,아파트,광주,북구,광주 북구 우산동 631-1 헌대 105동 13층 1303호,"438,000,000","196,224,000",낙찰,"261,110,000",59.60%,2025-03-11,2025_1Q,3
광주 6계 2024-3761,근린상가,근린상가,근린상가,광주,북구,광주 북구 용봉동 160-18,"1,620,812,160","1,620,812,160",낙찰,"1,625,100,000",100.30%,2025-01-15,2025_1Q,3
광주 7계 2024-3952,아파트,아파트,아파트,광주,광산구,광주 광산구 하남동 544 하남2지구다사로움3단지 301동 5층 506호,"167,000,000","116,900,000",낙찰,"157,800,100",94.50%,2025-02-04,2025_1Q,3
광주 9계 2024-4092(2),오피스텔(주거),오피스텔,오피스텔(업무용),광주,북구,광주 북구 각화동 594 힐스테이트각화 115동 16층 1605호,"106,000,000","59,360,000",낙찰,"61,000,000",57.50%,2025-03-26,2025_1Q,3
광주 7계 2024-4146,아파트,아파트,아파트,광주,광산구,광주 광산구 월계동 893-1 무들에코클래스 15층 1506호,"104,000,000","72,800,000",낙찰,"81,255,500",78.10%,2025-02-04,2025_1Q,3
광주 3계 2024-4283,근린주택,근린주택,근린주택,광주,남구,광주 남구 월산동 224-2,"164,924,670","115,447,000",낙찰,"203,880,000",123.60%,2025-01-09,2025_1Q,3
광주 3계 2024-4368,중기,기타토지,기타토지,광주,북구,광주 북구 삼각동 754-3 글로벌주차장내 보관(010-6245-1001),"25,000,000","17,500,000",낙찰,"17,790,000",71.20%,2025-02-20,2025_1Q,3
광주 11계 2024-4467,단독주택,단독,단독주택,광주,남구,광주 남구 봉선동 8-35,"1,486,854,800","832,638,000",낙찰,"893,991,000",60.10%,2025-02-18,2025_1Q,3
광주 3계 2024-4542,아파트,아파트,아파트,광주,광산구,광주 광산구 수완동 926 광주수완6차대방노블랜드 601동 22층 2201호,"859,000,000","601,300,000",낙찰,"728,000,000",84.70%,2025-02-20,2025_1Q,3
광주 3계 2024-4757,아파트,아파트,아파트,광주,서구,광주 서구 농성동 702 농성에스케이뷰센트럴 108동 17층 1701호,"632,000,000","442,400,000",낙찰,"532,000,000",84.20%,2025-02-20,2025_1Q,3
광주 5계 2024-5132,아파트,아파트,아파트,광주,서구,"광주 서구 치평동 1330 ,마륵동 802 갤러리303 104동 15층 1502호","764,000,000","534,800,000",낙찰,"636,000,000",83.20%,2025-01-08,2025_1Q,3
광주 4계 2024-5385,아파트,아파트,아파트,광주,남구,광주 남구 지석동 444 일진스위트포레 103동 5층 504호,"272,000,000","190,400,000",낙찰,"227,778,000",83.70%,2025-01-07,2025_1Q,3
광주 9계 2024-5446,아파트,아파트,아파트,광주,북구,"광주 북구 운암동 232 ,248,1181-52,1181-53 103동 2층 203호","201,000,000","112,560,000",낙찰,"130,000,000",64.70%,2025-03-26,2025_1Q,3
광주 2계 2024-5507,공장,공장(지식산업센터 업무시설),공장,광주,광산구,광주 광산구 산수동 210-1,"576,991,640","576,991,640",낙찰,"601,000,000",104.20%,2025-03-20,2025_1Q,3
광주 9계 2024-5545,오피스텔(주거),오피스텔,오피스텔(업무용),광주,동구,광주 동구 동명동 245-16 동명동센트럴파크 17층 1710호,"184,000,000","184,000,000",낙찰,"184,000,000",100.00%,2025-02-12,2025_1Q,3
광주 4계 2024-5750,아파트,아파트,아파트,광주,광산구,광주 광산구 쌍암동 682-1 에이엠시티5차 11층 1102호,"92,000,000","64,400,000",낙찰,"65,459,000",71.20%,2025-01-07,2025_1Q,3
광주 7계 2024-5828,차량,기타토지,기타토지,광주,광산구,광주 광산구 우산동 218-5 서창다리주차장내 보관,"9,500,000","4,864,000",낙찰,"6,581,000",69.30%,2025-02-04,2025_1Q,3
광주 5계 2024-5873,아파트,아파트,아파트,광주,서구,광주 서구 치평동 1166-7 호반 102동 1층 107호,"180,000,000","126,000,000",낙찰,"147,178,000",81.80%,2025-01-08,2025_1Q,3
광주 4계 2024-6098,아파트,아파트,아파트,광주,북구,광주 북구 본촌동 3078 양산지구현진에버빌 106동 3층 302호,"646,000,000","452,200,000",낙찰,"505,000,000",78.20%,2025-01-07,2025_1Q,3
광주 5계 2024-6104,아파트,아파트,아파트,광주,북구,광주 북구 동림동 1334 대광로제비앙 107동 7층 701호,"430,000,000","301,000,000",낙찰,"401,100,000",93.30%,2025-02-19,2025_1Q,3
광주 4계 2024-6203,오피스텔(주거),오피스텔,오피스텔(업무용),광주,광산구,광주 광산구 월계동 883-1 베네시티주건축물 1동 4층 402호,"55,000,000","30,800,000",낙찰,"36,600,000",66.50%,2025-03-25,2025_1Q,3
광주 10계 2024-6326,차량,기타토지,기타토지,광주,남구,광주 남구 송하동 348-1 송원주차장내 보관(010-3622-7261),"4,000,000","2,240,000",낙찰,"2,311,100",57.80%,2025-02-07,2025_1Q,3
광주 5계 2024-6357,아파트,아파트,아파트,광주,남구,광주 남구 진월동 331-93 중흥파크 102동 18층 1802호,"176,000,000","123,200,000",낙찰,"135,980,000",77.30%,2025-02-19,2025_1Q,3
광주 7계 2024-6371,아파트,아파트,아파트,광주,북구,광주 북구 매곡동 42-2 매곡동 삼익 101동 14층 1409호,"272,000,000","190,400,000",낙찰,"192,500,000",70.80%,2025-03-11,2025_1Q,3
광주 4계 2024-6401,아파트,아파트,아파트,광주,북구,광주 북구 우산동 631-1 현대 103동 1층 102호,"254,000,000","142,240,000",낙찰,"165,000,316",65.00%,2025-03-25,2025_1Q,3
광주 9계 2024-6517,아파트,아파트,아파트,광주,서구,광주 서구 화정동 927-2 모아타워 102동 2층 207호,"338,000,000","236,600,000",낙찰,"290,000,000",85.80%,2025-03-26,2025_1Q,3
광주 4계 2024-7169,아파트,아파트,아파트,광주,서구,광주 서구 화정동 928-1 금호타운 201동 8층 802호,"245,000,000","171,500,000",낙찰,"203,500,000",83.10%,2025-03-25,2025_1Q,3
광주 12계 2024-7190,차량,기타토지,기타토지,광주,남구,광주 남구 임암동 631-8 지와이피주차장(010-8308-7371)내 보관,"14,000,000","9,800,000",낙찰,"10,220,000",73.00%,2025-02-21,2025_1Q,3
광주 4계 2024-7824,아파트,아파트,아파트,광주,북구,"광주 북구 두암동 947-1 ,947-2 부영맨션 106동 11층 1109호","117,000,000","81,900,000",낙찰,"93,724,650",80.10%,2025-03-25,2025_1Q,3
광주 7계 2024-8193,차량,기타토지,기타토지,광주,동구,광주 동구 지산동 714-31 영빈2주차장내 보관(010-5743-8200),"43,000,000","43,000,000",낙찰,"44,000,000",102.30%,2025-02-04,2025_1Q,3
광주 2계 2024-60108(1),근린상가,근린상가,근린상가,광주,남구,광주 남구 임암동 869 H타워 4층 401호,"450,000,000","161,280,000",낙찰,"165,000,000",36.70%,2025-02-06,2025_1Q,3
광주 2계 2024-60108(2),근린상가,근린상가,근린상가,광주,남구,광주 남구 임암동 869 H타워 4층 402호,"450,000,000","161,280,000",낙찰,"175,600,000",39.00%,2025-02-06,2025_1Q,3
광주 2계 2024-60108(3),근린상가,근린상가,근린상가,광주,남구,광주 남구 임암동 869 H타워 5층 501호,"446,000,000","159,846,000",낙찰,"165,100,000",37.00%,2025-02-06,2025_1Q,3
광주 2계 2024-60108(4),근린상가,근린상가,근린상가,광주,남구,광주 남구 임암동 869 H타워 5층 502호,"446,000,000","127,877,000",낙찰,"163,720,000",36.70%,2025-03-20,2025_1Q,3
광주 6계 2024-60153,아파트,아파트,아파트,광주,광산구,광주 광산구 월계동 878-4 첨단에이엠-시티스카이하이2차 2층 201호,"648,000,000","232,243,000",낙찰,"281,770,000",43.50%,2025-01-15,2025_1Q,3
광주 2계 2024-60238,아파트,아파트,아파트,광주,남구,"광주 남구 방림동 486-12 ,486-26 금원 3동 5층 503호","113,000,000","50,624,000",낙찰,"57,480,000",50.90%,2025-02-06,2025_1Q,3
광주 3계 2024-60344,아파트형공장,공장(지식산업센터 업무시설),공장,광주,북구,광주 북구 오룡동 1110-33 애플지식센터 제엘로우동 B동 6호,"187,000,000","130,900,000",낙찰,"136,580,000",73.00%,2025-01-09,2025_1Q,3
광주 10계 2024-60672,아파트,아파트,아파트,광주,서구,"광주 서구 치평동 1330 ,마륵동 802 갤러리303 103동 10층 1003호","831,000,000","581,700,000",낙찰,"601,000,000",72.30%,2025-02-07,2025_1Q,3
광주 7계 2024-60733,도로,기타토지,기타토지,광주,광산구,광주 광산구 도산동 891-18,"129,828,000","46,530,000",낙찰,"50,220,000",38.70%,2025-02-04,2025_1Q,3
광주 2계 2024-60931,차량,기타토지,기타토지,광주,동구,광주 동구 지산동 714-31 영빈2주차장내 보관,"10,000,000","4,480,000",낙찰,"4,888,880",48.90%,2025-03-20,2025_1Q,3
광주 10계 2024-60955,아파트,아파트,아파트,광주,북구,광주 북구 임동 104-8 한국아델리움2차 207동 1303호,"408,000,000","285,600,000",낙찰,"351,000,000",86.00%,2025-02-07,2025_1Q,3
광주 10계 2024-61132,아파트,아파트,아파트,광주,광산구,광주 광산구 신가동 1058 수완지구호반베르디움1차 102동 20층 2002호,"614,000,000","429,800,000",낙찰,"538,980,000",87.80%,2025-02-07,2025_1Q,3
광주 10계 2024-61361,아파트,아파트,아파트,광주,북구,광주 북구 용봉동 1074-6 한신 101동 20층 2106호,"107,000,000","74,900,000",낙찰,"90,500,000",84.60%,2025-03-14,2025_1Q,3
광주 6계 2024-61439,다세대,다세대주택,다세대,광주,북구,광주 북구 삼각동 585-15 엘르빌 3층 301호,"177,000,000","79,296,000",낙찰,"79,369,000",44.80%,2025-02-26,2025_1Q,3
광주 8계 2024-61699,아파트,아파트,아파트,광주,광산구,광주 광산구 신가동 1304 아름마을대방노블랜드 105동 2층 203호,"464,000,000","324,800,000",낙찰,"418,381,000",90.20%,2025-02-27,2025_1Q,3
광주 9계 2024-61842,답,답,답,광주,광산구,광주 광산구 송산동 235-4,"400,000,000","224,000,000",낙찰,"234,500,000",58.60%,2025-02-12,2025_1Q,3
광주 5계 2024-62388,근린상가,근린상가,근린상가,광주,동구,"광주 동구 금동 211-10 ,211-11 코밀 7층 714호","11,400,000","5,107,000",낙찰,"10,150,000",89.00%,2025-01-08,2025_1Q,3
광주 11계 2024-62937,연립,연립주택,연립·빌라,광주,광산구,광주 광산구 송정동 521 광일맨션 1동 2층 209호,"75,000,000","42,000,000",낙찰,"45,150,000",60.20%,2025-02-18,2025_1Q,3
광주 1계 2024-62999,단독주택,단독,단독주택,광주,동구,광주 동구 학동 29-11,"202,570,670","113,439,000",낙찰,"113,439,000",56.00%,2025-03-19,2025_1Q,3
광주 9계 2024-63107,아파트,아파트,아파트,광주,동구,광주 동구 산수동 463-19 3층 309호,"210,000,000","147,000,000",낙찰,"171,111,500",81.50%,2025-01-02,2025_1Q,3
광주 9계 2024-63237,아파트,아파트,아파트,광주,북구,광주 북구 운암동 229 미라보3차 302동 16층 1601호,"216,000,000","151,200,000",낙찰,"185,850,000",86.00%,2025-01-02,2025_1Q,3
광주 11계 2024-63374,대지,나대지,나대지,광주,서구,광주 서구 유촌동 531,"99,660,000","35,718,000",낙찰,"37,200,000",37.30%,2025-02-18,2025_1Q,3
광주 6계 2024-63459,아파트,아파트,아파트,광주,광산구,광주 광산구 운남동 771-1 운남주공4단지 405동 8층 801호,"164,000,000","91,840,000",낙찰,"115,000,000",70.10%,2025-01-15,2025_1Q,3
광주 6계 2024-63909(6),아파트,아파트,아파트,광주,북구,광주 북구 삼각동 755-22 호반 101동 8층 907호,"118,000,000","82,600,000",낙찰,"83,640,000",70.90%,2025-02-26,2025_1Q,3
광주 6계 2024-63909(7),아파트,아파트,아파트,광주,북구,광주 북구 양산동 249-33 동남 101동 13층 1307호,"107,000,000","74,900,000",낙찰,"82,660,000",77.30%,2025-02-26,2025_1Q,3
광주 10계 2024-64025,아파트,아파트,아파트,광주,광산구,"광주 광산구 장덕동 1593 ,1594 광주수완현진에버빌2단지 208동 5층 502호","529,000,000","370,300,000",낙찰,"455,300,000",86.10%,2025-03-14,2025_1Q,3
광주 9계 2024-64117,아파트,아파트,아파트,광주,서구,광주 서구 동천동 615 호반베르디움 501동 2층 201호,"706,000,000","494,200,000",낙찰,"560,600,000",79.40%,2025-01-02,2025_1Q,3
광주 5계 2024-64193,대지,나대지,나대지,광주,남구,광주 남구 주월동 1244-14,"645,480,000","451,836,000",낙찰,"477,000,000",73.90%,2025-01-08,2025_1Q,3
광주 8계 2024-64230,아파트,아파트,아파트,광주,북구,광주 북구 각화동 471 금호 8동 9층 905호,"219,000,000","153,300,000",낙찰,"182,500,000",83.30%,2025-01-16,2025_1Q,3
광주 12계 2024-64773,주상복합(상가),기타토지,기타토지,광주,광산구,"광주 광산구 소촌동 533-2 ,535-3 한광 지하층 101호","103,000,000","36,915,000",낙찰,"38,505,000",37.40%,2025-02-21,2025_1Q,3
광주 9계 2024-64933,아파트,아파트,아파트,광주,광산구,광주 광산구 산월동 884-1 첨단3-2차호반리젠시빌 305동 8층 801호,"323,000,000","226,100,000",낙찰,"282,600,000",87.50%,2025-02-12,2025_1Q,3
광주 12계 2024-65028,오피스텔(주거),오피스텔,오피스텔(업무용),광주,북구,광주 북구 신안동 478-5 굿마인드오피스텔 7층 704호,"51,000,000","22,848,000",낙찰,"50,000,000",98.00%,2025-02-21,2025_1Q,3
광주 5계 2024-65042,차량,기타토지,기타토지,광주,광산구,광주 광산구 산정동 156-3 산정주차장(062-953-8424)내보관,"8,000,000","2,294,000",낙찰,"2,588,000",32.40%,2025-02-19,2025_1Q,3
광주 2계 2024-65189,오피스텔(상가),오피스텔,오피스텔(업무용),광주,북구,광주 북구 신안동 134-7 제일 2층 201-1호,"130,000,000","58,240,000",낙찰,"63,280,000",48.70%,2025-02-06,2025_1Q,3
광주 9계 2024-65257,아파트,아파트,아파트,광주,광산구,광주 광산구 장덕동 1109 수완양우내안애 102동 1층 104호,"360,000,000","252,000,000",낙찰,"302,500,000",84.00%,2025-02-12,2025_1Q,3
광주 8계 2024-65561,아파트,아파트,아파트,광주,북구,광주 북구 신용동 671 첨단2지구중흥에스-클래스 108동 20층 2002호,"767,000,000","536,900,000",낙찰,"720,770,000",94.00%,2025-01-16,2025_1Q,3
광주 8계 2024-65714,차량,기타토지,기타토지,광주,광산구,광주 광산구 산정동 156-3 산정주차장(062-953-8424)내 보관,"27,000,000","18,900,000",낙찰,"22,099,990",81.90%,2025-01-16,2025_1Q,3
광주 11계 2024-66045,아파트,아파트,아파트,광주,광산구,광주 광산구 신가동 961-1 신가2차리젠시빌 201동 3층 303호,"258,000,000","180,600,000",낙찰,"202,789,000",78.60%,2025-02-18,2025_1Q,3
광주 8계 2024-66694,아파트,아파트,아파트,광주,광산구,광주 광산구 장덕동 1309 장덕마을 부영애시앙 106동 15층 1504호,"350,000,000","245,000,000",낙찰,"288,980,000",82.60%,2025-01-16,2025_1Q,3
광주 12계 2024-66717,공장,공장(지식산업센터 업무시설),공장,광주,광산구,광주 광산구 연산동 1164 가동,"3,916,870,050","2,193,447,000",낙찰,"2,560,100,000",65.40%,2025-02-21,2025_1Q,3
광주 3계 2024-66779,아파트,아파트,아파트,광주,서구,광주 서구 유촌동 871 상무버들마을2주공 205동 15층 1505호,"189,000,000","132,300,000",낙찰,"157,280,000",83.20%,2025-02-20,2025_1Q,3
광주 2계 2024-67123,아파트,아파트,아파트,광주,서구,광주 서구 화정동 930-1 라인동산 101동 1층 101호,"223,000,000","124,880,000",낙찰,"163,999,990",73.50%,2025-02-06,2025_1Q,3
광주 11계 2024-67819,아파트,아파트,아파트,광주,서구,광주 서구 치평동 1259-4 상무이다움골드 5층 517호,"83,000,000","46,480,000",낙찰,"55,700,000",67.10%,2025-02-18,2025_1Q,3
광주 12계 2024-67826,다세대,다세대주택,다세대,광주,서구,"광주 서구 매월동 520 ,520-3,520-4 그랑빌520 6동 1층 1호","1,376,000,000","616,448,000",낙찰,"661,111,000",48.00%,2025-02-21,2025_1Q,3
광주 11계 2024-67994,아파트,아파트,아파트,광주,남구,광주 남구 진월동 363-4 옥천 B동 5층 503호,"25,300,000","14,168,000",낙찰,"16,670,000",65.90%,2025-02-18,2025_1Q,3
광주 12계 2024-68119,아파트,아파트,아파트,광주,서구,광주 서구 화정동 1612 유니버시아드힐스테이트 303동 1층 101호,"568,000,000","397,600,000",낙찰,"413,008,000",72.70%,2025-02-21,2025_1Q,3
광주 6계 2024-68201,아파트,아파트,아파트,광주,북구,광주 북구 두암동 54 두암2차무등파크맨션 202동 18층 1809호,"113,000,000","79,100,000",낙찰,"85,110,000",75.30%,2025-01-15,2025_1Q,3
광주 9계 2024-68249,연립,연립주택,연립·빌라,광주,남구,광주 남구 월산동 1060 월산동이스토리 101동 6층 603호,"216,000,000","151,200,000",낙찰,"155,620,000",72.00%,2025-01-02,2025_1Q,3
광주 2계 2024-68263,아파트,아파트,아파트,광주,광산구,광주 광산구 운남동 387-22 삼성 118동 1층 101호,"219,000,000","122,640,000",낙찰,"145,316,000",66.40%,2025-02-06,2025_1Q,3
광주 4계 2024-68270,아파트,아파트,아파트,광주,동구,광주 동구 산수동 568-1 두암타운 112동 7층 701호,"254,000,000","177,800,000",낙찰,"188,888,880",74.40%,2025-01-07,2025_1Q,3
광주 9계 2024-68447,아파트,아파트,아파트,광주,광산구,"광주 광산구 쌍암동 694-70 ,694-71,694-72 첨단도휘에드가2차 10층 1007호","59,000,000","41,300,000",낙찰,"50,010,000",84.80%,2025-02-12,2025_1Q,3
광주 4계 2024-68584,아파트,아파트,아파트,광주,북구,광주 북구 운암동 67 벽산블루밍메가씨티 104동 8층 801호,"489,000,000","391,200,000",낙찰,"407,979,753",83.40%,2025-02-11,2025_1Q,3
광주 2계 2024-68713,아파트,아파트,아파트,광주,북구,광주 북구 일곡동 819-3 일곡4차청솔 401동 13층 1304호,"100,000,000","70,000,000",낙찰,"91,110,000",91.10%,2025-02-06,2025_1Q,3
광주 8계 2024-68799,아파트,아파트,아파트,광주,서구,광주 서구 풍암동 1102 대주파크빌 201동 4층 401호,"410,000,000","287,000,000",낙찰,"341,111,000",83.20%,2025-01-16,2025_1Q,3
광주 9계 2024-68911,아파트,아파트,아파트,광주,남구,광주 남구 방림동 569 방림명지로드힐 102동 9층 902호,"351,000,000","245,700,000",낙찰,"288,888,888",82.30%,2025-01-02,2025_1Q,3
광주 11계 2024-69105,오피스텔,오피스텔,오피스텔(업무용),광주,광산구,광주 광산구 월계동 893-1 무들에코클래스 5층 529호,"61,000,000","34,160,000",낙찰,"39,500,000",64.80%,2025-02-18,2025_1Q,3
광주 8계 2024-69143,아파트,아파트,아파트,광주,광산구,광주 광산구 월계동 893-1 무들에코클래스 14층 1416호,"53,000,000","37,100,000",낙찰,"43,000,000",81.10%,2025-02-27,2025_1Q,3
광주 8계 2024-69259,아파트,아파트,아파트,광주,남구,광주 남구 노대동 827 송화마을휴먼시아 502동 8층 802호,"291,000,000","203,700,000",낙찰,"235,300,000",80.90%,2025-02-27,2025_1Q,3
광주 12계 2024-69464,아파트,아파트,아파트,광주,북구,광주 북구 연제동 36-1 현대 102동 17층 1703호,"349,000,000","195,440,000",낙찰,"241,100,000",69.10%,2025-02-21,2025_1Q,3
광주 4계 2024-69525,아파트,아파트,아파트,광주,남구,광주 남구 주월동 1134 경남 103동 5층 504호,"229,000,000","128,240,000",낙찰,"183,543,900",80.20%,2025-01-07,2025_1Q,3
광주 9계 2024-69648,아파트,아파트,아파트,광주,서구,광주 서구 치평동 1258-5 상무리채2 6층 619호,"76,000,000","42,560,000",낙찰,"51,490,000",67.80%,2025-03-26,2025_1Q,3
광주 12계 2024-69662,아파트,아파트,아파트,광주,북구,"광주 북구 운암동 1051-1 ,1051-24 미라보 102동 2층 202호","160,000,000","112,000,000",낙찰,"123,270,000",77.00%,2025-02-21,2025_1Q,3
광주 12계 2024-69686,아파트,아파트,아파트,광주,북구,광주 북구 신용동 737 광주첨단2지구사랑으로부영 109동 19층 1901호,"260,000,000","182,000,000",낙찰,"219,462,400",84.40%,2025-02-21,2025_1Q,3
광주 6계 2024-69716,아파트,아파트,아파트,광주,광산구,광주 광산구 월계동 893-1 무들에코클래스 8층 804호,"55,000,000","38,500,000",낙찰,"46,180,000",84.00%,2025-01-15,2025_1Q,3
광주 12계 2024-69723,아파트,아파트,아파트,광주,광산구,광주 광산구 쌍암동 694-129 한양에드가1차 3층 306호,"57,000,000","39,900,000",낙찰,"43,117,000",75.60%,2025-02-21,2025_1Q,3
광주 11계 2024-69747,아파트,아파트,아파트,광주,광산구,광주 광산구 월계동 893-1 무들에코클래스 7층 726호,"51,500,000","36,050,000",낙찰,"42,700,000",82.90%,2025-02-18,2025_1Q,3
광주 2계 2024-69778,아파트,아파트,아파트,광주,광산구,광주 광산구 쌍암동 661-8 첨단에이엠씨티3차 9층 912호,"110,000,000","61,600,000",낙찰,"66,880,000",60.80%,2025-03-20,2025_1Q,3
광주 4계 2024-69822,근린상가,근린상가,근린상가,광주,서구,광주 서구 쌍촌동 1243-9,"1,041,263,440","466,486,000",낙찰,"482,000,000",46.30%,2025-01-07,2025_1Q,3
광주 3계 2024-70013,오피스텔,오피스텔,오피스텔(업무용),광주,광산구,광주 광산구 하남동 506-11 예미지파크힐스 105동 12층 1202호,"250,000,000","140,000,000",낙찰,"155,070,000",62.00%,2025-02-20,2025_1Q,3
광주 6계 2024-70051,아파트,아파트,아파트,광주,남구,광주 남구 백운동 699 힐스테이트백운 106동 13층 1301호,"476,000,000","333,200,000",낙찰,"406,800,000",85.50%,2025-01-15,2025_1Q,3
광주 8계 2024-70068,아파트,아파트,아파트,광주,북구,광주 북구 본촌동 3078 양산지구현진에버빌 106동 5층 501호,"649,000,000","454,300,000",낙찰,"538,980,000",83.00%,2025-02-27,2025_1Q,3
광주 2계 2024-70211,아파트,아파트,아파트,광주,남구,광주 남구 백운동 699 힐스테이트백운 106동 15층 1502호,"478,000,000","334,600,000",낙찰,"378,980,000",79.30%,2025-02-06,2025_1Q,3
광주 11계 2024-70419,아파트,아파트,아파트,광주,남구,"광주 남구 진월동 312-7 ,859-141,862-1 광명 102동 5층 506호","30,600,000","21,420,000",낙찰,"25,670,000",83.90%,2025-02-18,2025_1Q,3
광주 7계 2024-70792,아파트,아파트,아파트,광주,광산구,광주 광산구 월계동 755-5 건영 104동 3층 304호,"274,000,000","153,440,000",낙찰,"183,330,000",66.90%,2025-03-11,2025_1Q,3
광주 9계 2024-71030,아파트,아파트,아파트,광주,광산구,광주 광산구 쌍암동 661-8 첨단에이엠씨티3차 4층 409호,"110,000,000","77,000,000",낙찰,"107,770,000",98.00%,2025-03-26,2025_1Q,3
광주 6계 2024-71221,아파트,아파트,아파트,광주,광산구,"광주 광산구 쌍암동 660-7 ,660-8 에이엠시티4차 8층 809호","47,900,000","33,530,000",낙찰,"33,530,000",70.00%,2025-02-26,2025_1Q,3
광주 8계 2024-71498,아파트,아파트,아파트,광주,북구,광주 북구 운암동 68 벽산블루밍메가씨티 204동 5층 502호,"604,000,000","422,800,000",낙찰,"502,100,000",83.10%,2025-02-27,2025_1Q,3
광주 6계 2024-71566,아파트,아파트,아파트,광주,광산구,광주 광산구 운수동 65-50 가천 101동 3층 303호,"98,000,000","68,600,000",낙찰,"83,119,990",84.80%,2025-02-26,2025_1Q,3
광주 4계 2024-72057,아파트,아파트,아파트,광주,광산구,"광주 광산구 월계동 756-5 ,756-9 첨단금호타운 106동 14층 1404호","304,000,000","170,240,000",낙찰,"227,777,777",74.90%,2025-01-07,2025_1Q,3
광주 9계 2024-72224,차량,기타토지,기타토지,광주,광산구,광주 광산구 산정동 156-3 산정주차장 (010-5550-8424)내 보관,"12,000,000","6,720,000",낙찰,"9,610,000",80.10%,2025-01-02,2025_1Q,3
광주 7계 2024-72347,아파트,아파트,아파트,광주,남구,광주 남구 주월동 535 호반베르디움2차 201동 5층 503호,"409,000,000","286,300,000",낙찰,"339,999,999",83.10%,2025-02-04,2025_1Q,3
광주 3계 2024-72422,차량,기타토지,기타토지,광주,서구,"광주 서구 벽진동 537-1 하나로에프엔씨(010-5372-2362,010-3931-9875)내 보관","6,000,000","3,360,000",낙찰,"3,810,000",63.50%,2025-02-20,2025_1Q,3
광주 1계 2024-72514(1),아파트상가,아파트상가,기타토지,광주,서구,광주 서구 금호동 738-2 금호우미호반 2층 201호,"385,000,000","269,500,000",낙찰,"285,500,000",74.20%,2025-02-05,2025_1Q,3
광주 1계 2024-72514(2),아파트,아파트,아파트,광주,서구,광주 서구 금호동 447-9 금호동 코아루 102동 4층 403호,"617,000,000","431,900,000",낙찰,"452,000,000",73.30%,2025-02-05,2025_1Q,3
광주 1계 2024-72514(4),오피스텔(주거),오피스텔,오피스텔(업무용),광주,서구,광주 서구 치평동 1238-1 광주대우디오빌 13층 1311호,"79,000,000","55,300,000",낙찰,"58,380,000",73.90%,2025-02-05,2025_1Q,3
광주 1계 2024-72514(5),오피스텔(주거),오피스텔,오피스텔(업무용),광주,서구,광주 서구 치평동 1238-1 광주대우디오빌 16층 1613호,"79,000,000","55,300,000",낙찰,"58,380,000",73.90%,2025-02-05,2025_1Q,3
광주 4계 2024-72569,차량,기타토지,기타토지,광주,서구,광주 서구 벽진동 537-1 하나로에프앤씨내 보관(010-3931-9875),"16,000,000","11,200,000",낙찰,"13,700,000",85.60%,2025-01-07,2025_1Q,3
광주 9계 2024-72651,아파트,아파트,아파트,광주,광산구,"광주 광산구 소촌동 290-32 ,290-33 온세계아트빌 102동 7층 701호","222,000,000","155,400,000",낙찰,"173,200,000",78.00%,2025-02-12,2025_1Q,3
광주 9계 2024-72743,아파트,아파트,아파트,광주,광산구,광주 광산구 신창동 1292 신창유탑유블레스리버뷰 106동 1층 101호,"534,000,000","299,040,000",낙찰,"405,840,000",76.00%,2025-03-26,2025_1Q,3
광주 3계 2024-72774,아파트,아파트,아파트,광주,광산구,광주 광산구 우산동 1572-1 하남제일파크맨션 102동 5층 509호,"166,000,000","116,200,000",낙찰,"130,220,000",78.40%,2025-02-20,2025_1Q,3
광주 5계 2024-73401,아파트,아파트,아파트,광주,동구,광주 동구 지산동 315-1 삼성 1동 12층 1205호,"391,000,000","218,960,000",낙찰,"222,780,000",57.00%,2025-02-19,2025_1Q,3
광주 9계 2024-73500,아파트,아파트,아파트,광주,북구,광주 북구 삼각동 753-10 서라 102동 18층 1810호,"163,000,000","91,280,000",낙찰,"101,060,000",62.00%,2025-03-26,2025_1Q,3
광주 9계 2024-73555,공장,공장(지식산업센터 업무시설),공장,광주,광산구,광주 광산구 옥동 1233-5,"3,304,802,840","2,313,362,000",낙찰,"2,401,550,000",72.70%,2025-02-12,2025_1Q,3
광주 10계 2024-73609,차량,기타토지,기타토지,광주,광산구,광주 광산구 월전동 92-1 평동주차장내 보관(010-4628-2670),"6,000,000","2,688,000",낙찰,"3,511,000",58.50%,2025-02-07,2025_1Q,3
광주 2계 2024-73760,아파트,아파트,아파트,광주,서구,광주 서구 치평동 1171-6 라인대주 202동 17층 1709호,"278,000,000","194,600,000",낙찰,"243,210,000",87.50%,2025-03-20,2025_1Q,3
광주 5계 2024-73807,아파트,아파트,아파트,광주,광산구,광주 광산구 쌍암동 676-3 첨단센트럴파크2차 202동 5층 510호,"189,000,000","105,840,000",낙찰,"105,840,000",56.00%,2025-02-19,2025_1Q,3
광주 9계 2024-73869,주상복합(주거),기타토지,기타토지,광주,북구,광주 북구 운암동 1781 운암2차남양휴튼 203동 5층 501호,"331,000,000","231,700,000",낙찰,"280,000,000",84.60%,2025-02-12,2025_1Q,3
광주 1계 2024-74237,아파트,아파트,아파트,광주,북구,"광주 북구 오치동 925-1 ,942-1 오치동금호타운 102동 2층 203호","105,000,000","73,500,000",낙찰,"89,500,000",85.20%,2025-03-19,2025_1Q,3
광주 7계 2024-74299,오피스텔,오피스텔,오피스텔(업무용),광주,서구,광주 서구 치평동 1254-4 상무구영드림빌 4층 410호,"171,000,000","95,760,000",낙찰,"96,880,000",56.70%,2025-03-11,2025_1Q,3
광주 9계 2024-74527,단독주택,단독,단독주택,광주,북구,광주 북구 일곡동 853-14,"1,126,946,500","788,863,000",낙찰,"902,220,000",80.10%,2025-02-12,2025_1Q,3
광주 5계 2024-74541,차량,기타토지,기타토지,광주,남구,광주 남구 송하동 348-1 송원주차장(010-3622-7261)내보관,"26,000,000","14,560,000",낙찰,"18,111,000",69.70%,2025-01-08,2025_1Q,3
광주 5계 2024-74572,아파트,아파트,아파트,광주,북구,광주 북구 임동 104-8 한국아델리움2차 201동 12층 1201호,"522,000,000","365,400,000",낙찰,"446,330,000",85.50%,2025-01-08,2025_1Q,3
광주 7계 2024-74619,아파트,아파트,아파트,광주,서구,"광주 서구 금호동 240-2 ,240-12,240,242-1,240-13,240-22,240-24 종원팰리스빌 101동 2층 201호","285,000,000","199,500,000",낙찰,"232,090,000",81.40%,2025-02-04,2025_1Q,3
광주 4계 2024-74701,단독주택,단독,단독주택,광주,남구,광주 남구 월산동 337-21,"17,875,700","8,008,000",낙찰,"11,160,000",62.40%,2025-03-25,2025_1Q,3
광주 5계 2024-74718,아파트,아파트,아파트,광주,광산구,광주 광산구 쌍암동 661-8 첨단에이엠씨티3차 10층 1014호,"110,000,000","61,600,000",낙찰,"66,600,000",60.50%,2025-02-19,2025_1Q,3
광주 7계 2024-74749,오피스텔(주거),오피스텔,오피스텔(업무용),광주,북구,광주 북구 신안동 353-16 해송빌라트 2층 203호,"116,000,000","64,960,000",낙찰,"66,500,000",57.30%,2025-03-11,2025_1Q,3
광주 9계 2024-74879,아파트,아파트,아파트,광주,북구,광주 북구 용봉동 1463 용봉동금호어울림 101동 17층 1701호,"362,000,000","253,400,000",낙찰,"300,920,000",83.10%,2025-02-12,2025_1Q,3
광주 4계 2024-75087,오피스텔(주거),오피스텔,오피스텔(업무용),광주,서구,광주 서구 농성동 415-57 농성지오스테이션 12층 1205호,"175,000,000","122,500,000",낙찰,"122,500,000",70.00%,2025-01-07,2025_1Q,3
광주 7계 2024-75124,아파트,아파트,아파트,광주,남구,광주 남구 백운동 691 루엔시티 105동 2층 204호,"317,000,000","221,900,000",낙찰,"265,200,000",83.70%,2025-02-04,2025_1Q,3
광주 5계 2024-75261,아파트,아파트,아파트,광주,북구,광주 북구 삼각동 754-2 드림네스트삼각1차 8층 802호,"222,000,000","155,400,000",낙찰,"162,000,000",73.00%,2025-01-08,2025_1Q,3
광주 7계 2024-75285,아파트,아파트,아파트,광주,북구,광주 북구 삼각동 754-2 드림네스트삼각1차 5층 501호,"213,000,000","149,100,000",낙찰,"165,000,316",77.50%,2025-02-04,2025_1Q,3
광주 5계 2024-75452,차량,기타토지,기타토지,광주,광산구,광주 광산구 산정동 156 여대주차장(062-953-8424)내보관,"6,000,000","4,200,000",낙찰,"8,610,000",143.50%,2025-01-08,2025_1Q,3
광주 9계 2024-75513,아파트,아파트,아파트,광주,북구,광주 북구 용봉동 1465 용봉아이파크 102동 3층 304호,"680,000,000","476,000,000",낙찰,"530,000,000",77.90%,2025-03-26,2025_1Q,3
광주 11계 2024-75551,중기,기타토지,기타토지,광주,광산구,광주 광산구 월전동 92-1 평동주자창(010-4628-2670)내 보관,"220,000,000","154,000,000",낙찰,"182,000,000",82.70%,2025-02-18,2025_1Q,3
광주 1계 2024-75575,아파트,아파트,아파트,광주,북구,"광주 북구 삼각동 533 ,672-4,750-13 삼각동그린타운 101동 8층 802호","147,000,000","102,900,000",낙찰,"106,538,000",72.50%,2025-02-05,2025_1Q,3
광주 5계 2024-75735,단독주택,단독,단독주택,광주,북구,광주 북구 용봉동 146-27,"566,478,640","317,228,000",낙찰,"389,999,770",68.80%,2025-02-19,2025_1Q,3
광주 9계 2024-75773,아파트,아파트,아파트,광주,동구,광주 동구 산수동 723 무등산그린웰로제비앙 110동 2층 205호,"430,000,000","301,000,000",낙찰,"385,000,000",89.50%,2025-02-12,2025_1Q,3
광주 5계 2024-75896,아파트,아파트,아파트,광주,광산구,광주 광산구 신창동 1270 신창2차부영 210동 20층 2005호,"299,000,000","209,300,000",낙찰,"219,500,000",73.40%,2025-01-08,2025_1Q,3
광주 9계 2024-76141,아파트,아파트,아파트,광주,남구,광주 남구 압촌동 508 에너지밸리풍경채퍼스트파크 103동 8층 802호,"366,000,000","256,200,000",낙찰,"320,000,000",87.40%,2025-03-26,2025_1Q,3
광주 8계 2024-76233,차량,기타토지,기타토지,광주,광산구,광주 광산구 산정동 156 여대주차장내 보관,"44,000,000","30,800,000",낙찰,"37,050,000",84.20%,2025-01-16,2025_1Q,3
광주 7계 2024-76325,아파트,아파트,아파트,광주,동구,광주 동구 용산동 147-1 호반 1층 110호,"88,500,000","61,950,000",낙찰,"71,000,000",80.20%,2025-03-11,2025_1Q,3
광주 9계 2024-76486,아파트,아파트,아파트,광주,북구,"광주 북구 두암동 72-4 ,100,111,814-7,814-8 현대 107동 12층 1202호","234,000,000","163,800,000",낙찰,"188,900,000",80.70%,2025-03-26,2025_1Q,3
광주 7계 2024-76615,아파트,아파트,아파트,광주,남구,광주 남구 주월동 458-1 주월동호반베르디움1차 101동 1층 101호,"524,000,000","366,800,000",낙찰,"414,755,328",79.20%,2025-03-11,2025_1Q,3
광주 7계 2024-76882,아파트,아파트,아파트,광주,서구,광주 서구 쌍촌동 1385 상무한국아델리움 103동 4층 401호,"423,000,000","296,100,000",낙찰,"354,000,000",83.70%,2025-03-11,2025_1Q,3
광주 5계 2024-77014,아파트,아파트,아파트,광주,광산구,광주 광산구 쌍암동 676-3 첨단센트럴파크2차 202동 13층 1308호,"192,000,000","134,400,000",낙찰,"134,400,000",70.00%,2025-01-08,2025_1Q,3
광주 9계 2024-77052,아파트,아파트,아파트,광주,남구,광주 남구 주월동 450-91 현대 102동 1층 101호,"148,000,000","103,600,000",낙찰,"113,000,000",76.40%,2025-03-26,2025_1Q,3
광주 9계 2024-77069,차량,기타토지,기타토지,광주,남구,광주 남구 송하동 348-1 송원주차장 (010-3622-7261)내 보관,"6,800,000","3,808,000",낙찰,"4,770,000",70.10%,2025-01-02,2025_1Q,3
광주 1계 2024-77199,아파트,아파트,아파트,광주,광산구,광주 광산구 쌍암동 676-3 첨단센트럴파크2차 202동 16층 1608호,"182,000,000","127,400,000",낙찰,"180,000,000",98.90%,2025-02-05,2025_1Q,3
광주 4계 2024-77236,아파트,아파트,아파트,광주,서구,광주 서구 금호동 742-1 해광대덕무지개 101동 7층 805호,"249,000,000","139,440,000",낙찰,"161,300,000",64.80%,2025-03-25,2025_1Q,3
광주 8계 2024-77243,중기,기타토지,기타토지,광주,광산구,광주 광산구 산정동 156-3 여대주차장내보관,"3,500,000","2,450,000",낙찰,"2,950,000",84.30%,2025-02-27,2025_1Q,3
광주 5계 2024-77359,아파트,아파트,아파트,광주,광산구,광주 광산구 월곡동 685-1 영천마을 주공 1015동 1층 103호,"85,500,000","59,850,000",낙찰,"72,055,000",84.30%,2025-01-08,2025_1Q,3
광주 7계 2024-77410(2),다가구,다가구,다가구,광주,남구,광주 남구 주월동 377-12,"1,271,863,300","1,271,863,300",낙찰,"1,710,000,000",134.40%,2025-03-11,2025_1Q,3
광주 4계 2024-77588,점포,근린상가,점포상가,광주,광산구,광주 광산구 요기동 298-56,"939,783,200","526,278,000",낙찰,"550,000,000",58.50%,2025-03-25,2025_1Q,3
광주 1계 2024-77724,근린상가,근린상가,근린상가,광주,서구,광주 서구 쌍촌동 870-11 4층 401호,"351,000,000","196,560,000",낙찰,"241,000,000",68.70%,2025-03-19,2025_1Q,3
광주 4계 2024-77755,아파트,아파트,아파트,광주,북구,"광주 북구 용봉동 630 ,1257-6 유창허니문맨션 1동 5층 605호","143,000,000","100,100,000",낙찰,"112,200,000",78.50%,2025-02-11,2025_1Q,3
광주 7계 2024-77786,아파트,아파트,아파트,광주,서구,광주 서구 쌍촌동 1337 우미아트빌 202동 2층 202호,"372,000,000","260,400,000",낙찰,"295,500,000",79.40%,2025-03-11,2025_1Q,3
광주 4계 2024-78116,아파트,아파트,아파트,광주,남구,광주 남구 주월동 1240-1 신천그린 101동 5층 606호,"155,000,000","108,500,000",낙찰,"128,000,000",82.60%,2025-02-11,2025_1Q,3
광주 2계 2024-78284,차량,기타토지,기타토지,광주,광산구,"광주 광산구 산정동 156 제3자 여대주차장(953-8424,010-5550-8424)내 보관","8,000,000","4,480,000",낙찰,"4,900,000",61.30%,2025-03-20,2025_1Q,3
광주 4계 2024-78413,아파트,아파트,아파트,광주,광산구,광주 광산구 신가동 1304 아름마을대방노블랜드 112동 5층 502호,"494,000,000","345,800,000",낙찰,"443,111,000",89.70%,2025-02-11,2025_1Q,3
광주 9계 2024-78581,아파트,아파트,아파트,광주,북구,광주 북구 오치동 940-1 오치상설시장아파트 1동 2층 212호,"91,000,000","63,700,000",낙찰,"65,790,000",72.30%,2025-03-26,2025_1Q,3
광주 10계 2024-78598,차량,기타토지,기타토지,광주,광산구,광주 광산구 산정동 156 여대주차장(062-953-8424)내 보관,"7,000,000","3,920,000",낙찰,"3,940,000",56.30%,2025-03-14,2025_1Q,3
광주 9계 2024-79003,아파트,아파트,아파트,광주,서구,광주 서구 금호동 815 호반리젠시빌 201동 1층 106호,"276,000,000","193,200,000",낙찰,"210,316,000",76.20%,2025-03-26,2025_1Q,3
광주 12계 2024-79232,차량,기타토지,기타토지,광주,광산구,광주 광산구 월전동 92-1 평동주차장내 보관,"8,000,000","4,480,000",낙찰,"4,900,000",61.30%,2025-02-21,2025_1Q,3
광주 5계 2024-79355(2),전,전,전,광주,광산구,광주 광산구 도덕동 318-6,"377,996,000","264,597,000",낙찰,"269,550,000",71.30%,2025-02-19,2025_1Q,3
광주 9계 2024-79423,차량,기타토지,기타토지,광주,광산구,"광주 광산구 산정동 156-3 산정주차장 (062-953-8424, 010-5550-8424)내 보관","6,500,000","4,550,000",낙찰,"5,120,000",78.80%,2025-01-02,2025_1Q,3
광주 1계 2024-79546,차량,기타토지,기타토지,광주,서구,광주 서구 벽진동 537-1 하나로에프엔씨주차장내 보관,"15,000,000","10,500,000",낙찰,"11,927,000",79.50%,2025-02-05,2025_1Q,3
광주 5계 2024-79720,아파트,아파트,아파트,광주,북구,광주 북구 문흥동 920 대주맨션 202동 5층 517호,"14,833,000","10,383,000",낙찰,"10,419,000",70.20%,2025-02-19,2025_1Q,3
광주 5계 2024-79850,아파트,아파트,아파트,광주,북구,광주 북구 풍향동 808 교대금호어울림 109동 18층 1802호,"543,000,000","380,100,000",낙찰,"473,450,000",87.20%,2025-02-19,2025_1Q,3
광주 2계 2024-80034,차량,기타토지,기타토지,광주,남구,광주 남구 송하동 348-1 제3자 송원주차장(010-3622-7261)내 보관,"13,000,000","7,280,000",낙찰,"8,938,000",68.80%,2025-03-20,2025_1Q,3
광주 4계 2024-80058,차량,기타토지,기타토지,광주,서구,광주 서구 벽진동 537-1 하나로에프앤씨(010-3931-9875)내 보관,"14,000,000","7,840,000",낙찰,"11,100,000",79.30%,2025-03-25,2025_1Q,3
광주 10계 2024-80317,차량,기타토지,기타토지,광주,남구,광주 남구 송하동 348-1 송원주차장(010-3622-7261)내보관,"7,500,000","5,250,000",낙찰,"5,860,000",78.10%,2025-03-14,2025_1Q,3
광주 4계 2024-80409,차량,기타토지,기타토지,광주,광산구,광주 광산구 산정동 156 여대주차장(010-5550-8424)내 보관,"30,000,000","21,000,000",낙찰,"24,099,900",80.30%,2025-02-11,2025_1Q,3
광주 4계 2024-80621,오피스텔,오피스텔,오피스텔(업무용),광주,남구,광주 남구 봉선동 1095 에이치알아팰리스 102동 6층 604호,"293,000,000","164,080,000",낙찰,"167,976,900",57.30%,2025-03-25,2025_1Q,3
광주 7계 2024-80645,차량,기타토지,기타토지,광주,동구,광주 동구 지산동 714-31 영빈2주차장(010-5743-8200)내 보관,"9,000,000","5,040,000",낙찰,"5,154,500",57.30%,2025-03-11,2025_1Q,3
광주 4계 2024-81105,아파트,아파트,아파트,광주,광산구,광주 광산구 신가동 1019-1 수등리안 107동 8층 803호,"225,000,000","157,500,000",낙찰,"181,350,000",80.60%,2025-03-25,2025_1Q,3
광주 7계 2024-81457,차량,기타토지,기타토지,광주,북구,광주 북구 삼각동 754-3 글로벌주차장(010-6245-1001)내 보관,"19,500,000","10,920,000",낙찰,"14,129,200",72.50%,2025-03-11,2025_1Q,3
광주 9계 2024-81501,차량,기타토지,기타토지,광주,광산구,광주 광산구 산정동 156-3 산정주차장(010-5550-8424)내 보관,"5,200,000","2,912,000",낙찰,"4,211,000",81.00%,2025-03-26,2025_1Q,3
광주 6계 2024-81655,오피스텔,오피스텔,오피스텔(업무용),광주,서구,광주 서구 치평동 1202-2 랜드피아 16층 1641호,"55,000,000","55,000,000",낙찰,"55,000,000",100.00%,2025-02-26,2025_1Q,3
광주 4계 2024-82368,아파트,아파트,아파트,광주,서구,광주 서구 치평동 1174-3 라인동산 105동 16층 1602호,"309,000,000","216,300,000",낙찰,"274,917,300",89.00%,2025-03-25,2025_1Q,3
광주 4계 2024-82573,차량,기타토지,기타토지,광주,광산구,광주 광산구 산정동 156 여대주차장(010-5550-8424)내 보관,"6,000,000","6,000,000",낙찰,"6,000,000",100.00%,2025-01-07,2025_1Q,3
광주 4계 2024-82887,차량,기타토지,기타토지,광주,서구,광주 서구 벽진동 537-1 하나로에프앤씨(010-3931-9875)내 보관,"2,500,000","2,500,000",낙찰,"3,770,000",150.80%,2025-01-07,2025_1Q,3
광주 6계 2024-83316,차량,기타토지,기타토지,광주,남구,광주 남구 송하동 348-1 내 보관(제3자 송원주차장 보관010-3622-7261),"10,000,000","10,000,000",낙찰,"10,100,000",101.00%,2025-01-15,2025_1Q,3
광주 9계 2024-83477,중기,기타토지,기타토지,광주,광산구,광주 광산구 월전동 92-1 평동주차장(010-4629-2670)내 보관,"130,000,000","91,000,000",낙찰,"105,257,000",81.00%,2025-02-12,2025_1Q,3
광주 9계 2024-87073,차량,기타토지,기타토지,광주,서구,광주 서구 벽진동 537-1 하나로에프엔씨주차장(010-5372-2362)내보관,"80,000,000","56,000,000",낙찰,"75,440,000",94.30%,2025-03-26,2025_1Q,3
광주 2계 2025-31381,차량,기타토지,기타토지,광주,광산구,"광주 광산구 산정동 156-3 여대주차장(062-953-8424, 010-5550-8424)내 보관","8,000,000","8,000,000",낙찰,"8,000,000",100.00%,2025-03-20,2025_1Q,3
순천 9계 2024-56535,차량,기타토지,기타토지,광주,남구,광주 남구 송하동 348-1 송원주차장내 보관,"19,000,000","10,640,000",낙찰,"13,100,000",68.90%,2025-01-06,2025_1Q,3
광주 5계 2022-4722,아파트,아파트,아파트,광주,북구,광주 북구 신안동 482-29 신안동오투존 8층 803호,"54,000,000","2,078,000",낙찰,"2,353,000",4.40%,2024-11-27,2024_4Q,3
광주 3계 2022-8243,아파트,아파트,아파트,광주,남구,"광주 남구 진월동 30 ,22,12-15,856-49 진아리채 303동 8층 804호","402,000,000","281,400,000",낙찰,"300,000,000",74.60%,2024-10-17,2024_4Q,3
광주 10계 2022-69101,아파트,아파트,아파트,광주,광산구,"광주 광산구 월계동 756-5 ,756-9 첨단금호타운 103동 15층 1503호","397,000,000","177,856,000",낙찰,"193,111,000",48.60%,2024-12-20,2024_4Q,3
광주 6계 2022-69880,아파트,아파트,아파트,광주,동구,광주 동구 소태동 761-3 무등산아델리움 101동 4층 402호,"565,000,000","395,500,000",낙찰,"477,420,000",84.50%,2024-10-23,2024_4Q,3
광주 7계 2022-75649(2),임야,임야,임야,광주,남구,광주 남구 주월동 산228-6,"319,620,000","37,537,000",낙찰,"40,160,000",12.60%,2024-12-17,2024_4Q,3
광주 2계 2022-78402,아파트,아파트,아파트,광주,서구,광주 서구 풍암동 1130 금호타운 105동 2층 203호,"603,000,000","422,100,000",낙찰,"605,000,000",100.30%,2024-12-19,2024_4Q,3
광주 7계 2023-1584(1),위락시설,기타건물,기타건물,광주,서구,광주 서구 치평동 1218-4 골든유토피아 지하층 B01호,"2,500,000,000","458,752,000",낙찰,"537,000,000",21.50%,2024-12-17,2024_4Q,3
광주 6계 2023-2990(1),근린상가,근린상가,근린상가,광주,북구,"광주 북구 연제동 217 ,217-1,217-9,217-10 유엔어스타워 1층 101호","476,000,000","109,182,000",낙찰,"115,000,000",24.20%,2024-12-04,2024_4Q,3
광주 6계 2023-2990(3),근린상가,근린상가,근린상가,광주,북구,"광주 북구 연제동 217 ,217-1,217-9,217-10 유엔어스타워 3층 301호","283,000,000","81,142,000",낙찰,"81,188,888",28.70%,2024-10-23,2024_4Q,3
광주 6계 2023-2990(4),근린상가,근린상가,근린상가,광주,북구,"광주 북구 연제동 217 ,217-1,217-9,217-10 유엔어스타워 3층 302호","360,000,000","103,219,000",낙찰,"103,888,888",28.90%,2024-10-23,2024_4Q,3
광주 6계 2023-2990(5),근린상가,근린상가,근린상가,광주,북구,"광주 북구 연제동 217 ,217-1,217-9,217-10 유엔어스타워 3층 303호","255,000,000","73,114,000",낙찰,"73,288,888",28.70%,2024-10-23,2024_4Q,3
광주 6계 2023-2990(6),근린상가,근린상가,근린상가,광주,북구,"광주 북구 연제동 217 ,217-1,217-9,217-10 유엔어스타워 3층 304호","343,000,000","98,345,000",낙찰,"98,388,888",28.70%,2024-10-23,2024_4Q,3
광주 6계 2023-2990(7),근린상가,근린상가,근린상가,광주,북구,"광주 북구 연제동 217 ,217-1,217-9,217-10 유엔어스타워 3층 305호","255,000,000","73,114,000",낙찰,"81,100,000",31.80%,2024-10-23,2024_4Q,3
광주 10계 2023-3504,공장,공장(지식산업센터 업무시설),공장,광주,광산구,광주 광산구 오선동 547-27 엠지테크-광주공장 다동,"13,086,290,060","9,160,403,000",낙찰,"11,300,000,000",86.30%,2024-11-08,2024_4Q,3
광주 5계 2023-6848,의료시설,병원,병원,광주,남구,광주 남구 백운동 76,"12,084,892,220","4,331,226,000",낙찰,"4,684,000,000",38.80%,2024-10-16,2024_4Q,3
광주 4계 2023-7452,아파트상가,아파트상가,기타토지,광주,서구,광주 서구 풍암동 1059 한국 상가동 지하층 비01호,"124,000,000","28,443,000",낙찰,"28,950,000",23.30%,2024-11-19,2024_4Q,3
광주 10계 2023-8004,아파트,아파트,아파트,광주,광산구,"광주 광산구 월계동 765-2 ,765-3,765-9 첨단기지라인 102동 5층 506호","226,000,000","158,200,000",낙찰,"182,000,000",80.50%,2024-12-20,2024_4Q,3
광주 6계 2023-8318,아파트형공장,공장(지식산업센터 업무시설),공장,광주,북구,광주 북구 오룡동 1110-43 와이어스파크 8층 FA-807호,"367,000,000","164,416,000",낙찰,"192,000,000",52.30%,2024-10-23,2024_4Q,3
광주 3계 2023-8608,오피스텔,오피스텔,오피스텔(업무용),광주,동구,광주 동구 대인동 41-4 고운하이츠 6층 605호,"65,000,000","29,120,000",낙찰,"30,799,000",47.40%,2024-11-28,2024_4Q,3
광주 7계 2023-8622,다가구,다가구,다가구,광주,광산구,광주 광산구 월곡동 559-11,"419,323,460","187,857,000",낙찰,"195,173,000",46.50%,2024-11-05,2024_4Q,3
광주 8계 2023-8721,근린상가,근린상가,근린상가,광주,서구,"광주 서구 쌍촌동 908-30 ,908-37 케이폴타워 1층 103호","292,000,000","163,520,000",낙찰,"174,199,000",59.70%,2024-10-24,2024_4Q,3
광주 9계 2023-8752(1),대지,나대지,나대지,광주,서구,광주 서구 농성동 245-3,"15,210,000","10,647,000",낙찰,"14,100,000",92.70%,2024-11-20,2024_4Q,3
광주 9계 2023-8752(2),대지,나대지,나대지,광주,서구,광주 서구 농성동 392-16,"301,032,000","210,722,000",낙찰,"251,000,000",83.40%,2024-11-20,2024_4Q,3
광주 9계 2023-8752(3),대지,나대지,나대지,광주,서구,광주 서구 농성동 392-30,"642,140,000","449,498,000",낙찰,"501,000,000",78.00%,2024-11-20,2024_4Q,3
광주 9계 2023-8752(7),다세대,다세대주택,다세대,광주,서구,광주 서구 농성동 475-1 현대연립 2층 202호,"83,000,000","58,100,000",낙찰,"65,500,000",78.90%,2024-11-20,2024_4Q,3
광주 5계 2023-8813(2),아파트상가,아파트상가,기타토지,광주,서구,"광주 서구 치평동 1330 ,마륵동 802 갤러리303 근린시설동 2층 210호","556,000,000","249,088,000",낙찰,"263,200,000",47.30%,2024-10-16,2024_4Q,3
광주 2계 2023-8851(3),오피스텔(주거),오피스텔,오피스텔(업무용),광주,북구,"광주 북구 오치동 857-10 ,857-18,857-27 오치동갤럭스하임 2층 211호","51,000,000","20,890,000",낙찰,"23,111,000",45.30%,2024-12-19,2024_4Q,3
광주 2계 2023-8851(4),오피스텔(주거),오피스텔,오피스텔(업무용),광주,북구,"광주 북구 오치동 857-10 ,857-18,857-27 오치동갤럭스하임 2층 212호","51,000,000","20,890,000",낙찰,"23,560,000",46.20%,2024-12-19,2024_4Q,3
광주 10계 2023-9113,답,답,답,광주,광산구,광주 광산구 신촌동 681-19,"80,028,000","80,028,000",낙찰,"83,500,000",104.30%,2024-12-20,2024_4Q,3
광주 7계 2023-9687(2),오피스텔(주거),오피스텔,오피스텔(업무용),광주,북구,광주 북구 신안동 478-5 굿마인드 5층 529호,"68,000,000","38,080,000",낙찰,"40,500,000",59.60%,2024-11-05,2024_4Q,3
광주 6계 2023-9960,아파트,아파트,아파트,광주,북구,광주 북구 문흥동 996-1 우미1차 101동 10층 1001호,"116,000,000","81,200,000",낙찰,"88,270,000",76.10%,2024-10-23,2024_4Q,3
광주 7계 2023-10151,아파트,아파트,아파트,광주,북구,광주 북구 문흥동 1010-8 중흥 303동 4층 402호,"155,000,000","124,000,000",낙찰,"129,999,999",83.90%,2024-11-05,2024_4Q,3
광주 1계 2023-10199,다가구,다가구,다가구,광주,남구,광주 남구 백운동 59-5,"404,108,240","226,301,000",낙찰,"230,010,000",56.90%,2024-12-18,2024_4Q,3
광주 8계 2023-10250,아파트,아파트,아파트,광주,북구,광주 북구 문흥동 995-2 우미호반 101동 17층 1707호,"195,000,000","136,500,000",낙찰,"168,000,009",86.20%,2024-10-24,2024_4Q,3
광주 10계 2023-10267,차량,기타토지,기타토지,광주,광산구,광주 광산구 산정동 156-3 산정주차장(062-953-8424)내 보관,"5,500,000","1,971,000",낙찰,"2,520,000",45.80%,2024-12-20,2024_4Q,3
광주 1계 2023-67096(5),답,답,답,광주,광산구,광주 광산구 도천동 381-57,"47,439,610","26,566,000",낙찰,"26,566,000",56.00%,2024-11-06,2024_4Q,3
광주 6계 2023-67799,임야,임야,임야,광주,동구,광주 동구 용산동 산252,"322,043,850","47,277,000",낙찰,"53,999,900",16.80%,2024-10-23,2024_4Q,3
광주 9계 2023-68907,아파트,아파트,아파트,광주,서구,광주 서구 금호동 815 호반리젠시빌 203동 19층 1901호,"315,000,000","220,500,000",낙찰,"253,999,999",80.60%,2024-11-20,2024_4Q,3
광주 10계 2023-70924,점포,근린상가,점포상가,광주,북구,광주 북구 두암동 846-18,"58,904,200","24,126,000",낙찰,"27,357,000",46.40%,2024-12-20,2024_4Q,3
광주 7계 2023-71880(2),임야,임야,임야,광주,광산구,광주 광산구 양동 산113,"21,350,000","3,918,000",낙찰,"4,000,000",18.70%,2024-11-05,2024_4Q,3
광주 7계 2023-72289,근린주택,근린주택,근린주택,광주,서구,광주 서구 양동 321-24,"433,929,900","155,521,000",낙찰,"181,100,000",41.70%,2024-11-05,2024_4Q,3
광주 10계 2023-72333(3),답,답,답,광주,북구,광주 북구 금곡동 4-3,"192,546,000","69,009,000",낙찰,"76,721,000",39.80%,2024-12-20,2024_4Q,3
광주 10계 2023-72333(12),답,답,답,광주,북구,광주 북구 충효동 297,"116,643,000","81,650,000",낙찰,"81,700,000",70.00%,2024-12-20,2024_4Q,3
광주 10계 2023-72333(2),답,답,답,광주,북구,광주 북구 금곡동 3,"97,584,000","43,718,000",낙찰,"45,112,000",46.20%,2024-12-20,2024_4Q,3
광주 10계 2023-72937,아파트,아파트,아파트,광주,서구,광주 서구 광천동 670 남화 1층 107호,"472,000,000","264,320,000",낙찰,"345,976,000",73.30%,2024-12-20,2024_4Q,3
광주 10계 2023-73503,숙박시설,숙박시설,숙박시설,광주,북구,"광주 북구 신안동 121-1 ,121-4,121-5,121-6","8,113,383,000","2,907,836,000",낙찰,"3,619,999,000",44.60%,2024-12-20,2024_4Q,3
광주 8계 2023-75936(1),아파트,아파트,아파트,광주,북구,"광주 북구 신용동 549 ,용두동 311-39 첨단자이1단지 107동 9층 903호","420,000,000","294,000,000",낙찰,"400,500,000",95.40%,2024-10-24,2024_4Q,3
광주 8계 2023-75936(2),아파트,아파트,아파트,광주,북구,"광주 북구 신용동 549 ,용두동 311-39 첨단자이1단지 108동 3층 303호","412,000,000","288,400,000",낙찰,"351,000,000",85.20%,2024-10-24,2024_4Q,3
광주 10계 2023-76779(3),답,답,답,광주,광산구,광주 광산구 동산동 319,"469,850,000","263,116,000",낙찰,"264,000,000",56.20%,2024-12-20,2024_4Q,3
광주 9계 2023-77307(1),다세대,다세대주택,다세대,광주,남구,광주 남구 주월동 970-5 주월동블루빌라 1층 101호,"187,000,000","67,021,000",낙찰,"72,200,000",38.60%,2024-11-20,2024_4Q,3
광주 9계 2023-77307(2),다세대,다세대주택,다세대,광주,남구,광주 남구 주월동 970-5 주월동블루빌라 2층 202호,"143,000,000","64,064,000",낙찰,"75,111,000",52.50%,2024-10-10,2024_4Q,3
광주 9계 2023-77307(3),다세대,다세대주택,다세대,광주,남구,광주 남구 주월동 970-5 주월동블루빌라 4층 402호,"88,000,000","31,539,000",낙찰,"40,000,420",45.50%,2024-11-20,2024_4Q,3
광주 10계 2023-77932(1),주상복합(상가),기타토지,기타토지,광주,광산구,광주 광산구 우산동 1609-16 우산동한국아델리움더스위트 1층 101호,"398,000,000","178,304,000",낙찰,"190,000,000",47.70%,2024-11-08,2024_4Q,3
광주 10계 2023-77932(2),주상복합(상가),기타토지,기타토지,광주,광산구,광주 광산구 우산동 1609-16 우산동한국아델리움더스위트 2층 202호,"438,000,000","196,224,000",낙찰,"205,000,000",46.80%,2024-11-08,2024_4Q,3
광주 10계 2023-77932(3),주상복합(상가),기타토지,기타토지,광주,광산구,광주 광산구 우산동 1609-16 우산동한국아델리움더스위트 1층 102호,"494,000,000","221,312,000",낙찰,"230,000,000",46.60%,2024-11-08,2024_4Q,3
광주 10계 2023-77932(4),주상복합(상가),기타토지,기타토지,광주,광산구,광주 광산구 우산동 1609-16 우산동한국아델리움더스위트 2층 203호,"267,000,000","119,616,000",낙찰,"125,000,000",46.80%,2024-11-08,2024_4Q,3
광주 9계 2023-78256,전,전,전,광주,남구,광주 남구 송하동 433-9,"7,623,030,000","3,415,118,000",낙찰,"3,465,000,000",45.50%,2024-11-20,2024_4Q,3
광주 8계 2023-78492,단독주택,단독,단독주택,광주,북구,광주 북구 신안동 233-29,"204,710,960","91,710,000",낙찰,"95,110,000",46.50%,2024-10-24,2024_4Q,3
광주 8계 2023-78652,점포,근린상가,점포상가,광주,서구,광주 서구 화정동 23-54,"308,449,200","157,926,000",낙찰,"172,999,000",56.10%,2024-10-24,2024_4Q,3
광주 10계 2023-78928,다세대,다세대주택,다세대,광주,남구,광주 남구 방림동 106-2 3층 301호,"194,000,000","69,530,000",낙찰,"72,699,900",37.50%,2024-11-08,2024_4Q,3
광주 10계 2023-79013,아파트,아파트,아파트,광주,서구,광주 서구 풍암동 1058 삼능 104동 3층 301호,"170,000,000","119,000,000",낙찰,"137,000,000",80.60%,2024-12-20,2024_4Q,3
광주 8계 2023-79389,차량,기타토지,기타토지,광주,광산구,광주 광산구 산정동 156-3 산정주차장(062-953-8424)내 보관,"28,000,000","12,544,000",낙찰,"16,260,000",58.10%,2024-10-24,2024_4Q,3
광주 10계 2023-80679,아파트,아파트,아파트,광주,북구,광주 북구 문흥동 1010-2 일신 102동 18층 1801호,"126,000,000","88,200,000",낙찰,"115,110,000",91.40%,2024-11-08,2024_4Q,3
광주 9계 2023-81238,답,답,답,광주,광산구,광주 광산구 산막동 303-2,"224,130,000","125,513,000",낙찰,"152,100,000",67.90%,2024-10-10,2024_4Q,3
광주 4계 2023-82279(2),다세대,다세대주택,다세대,광주,북구,광주 북구 두암동 21 두암우수빌 A동 4층 401호,"44,000,000","19,712,000",낙찰,"24,100,000",54.80%,2024-10-08,2024_4Q,3
광주 7계 2023-82514,아파트,아파트,아파트,광주,동구,"광주 동구 학동 270 ,270-7,270-23 현대 102동 12층 1205호","223,000,000","156,100,000",낙찰,"191,800,000",86.00%,2024-11-05,2024_4Q,3
광주 5계 2023-82880(1),전,전,전,광주,광산구,광주 광산구 용동 506,"21,252,000","6,094,000",낙찰,"7,000,000",32.90%,2024-11-27,2024_4Q,3
광주 5계 2023-82880(2),전,전,전,광주,광산구,광주 광산구 용동 507,"27,510,000","7,888,000",낙찰,"8,510,000",30.90%,2024-11-27,2024_4Q,3
광주 3계 2023-83456(3),아파트,아파트,아파트,광주,북구,광주 북구 용봉동 1355-1 현대 302동 13층 1305호,"235,000,000","164,500,000",낙찰,"213,003,271",90.60%,2024-10-17,2024_4Q,3
광주 9계 2023-83821,아파트,아파트,아파트,광주,광산구,광주 광산구 월곡동 614-1 한성1차 106동 4층 412호,"141,000,000","78,960,000",낙찰,"82,345,000",58.40%,2024-11-20,2024_4Q,3
광주 8계 2023-84206,다세대,다세대주택,다세대,광주,동구,광주 동구 학동 788 학동미래빌 101동 3층 301호,"129,000,000","72,240,000",낙찰,"80,000,000",62.00%,2024-12-05,2024_4Q,3
광주 5계 2023-84268(1),오피스텔(주거),오피스텔,오피스텔(업무용),광주,동구,"광주 동구 수기동 89 ,90-1 충장홀리어스 1동 6층 601호","156,000,000","55,910,000",낙찰,"56,000,000",35.90%,2024-11-27,2024_4Q,3
광주 5계 2023-84268(2),오피스텔(주거),오피스텔,오피스텔(업무용),광주,동구,"광주 동구 수기동 89 ,90-1 충장홀리어스 1동 6층 603호","156,000,000","55,910,000",낙찰,"56,000,000",35.90%,2024-11-27,2024_4Q,3
광주 2계 2023-84398,오피스텔(주거),오피스텔,오피스텔(업무용),광주,광산구,광주 광산구 월계동 893-1 무들에코클래스 9층 920호,"51,000,000","22,848,000",낙찰,"70,350,000",137.90%,2024-11-07,2024_4Q,3
광주 3계 2023-84404,아파트,아파트,아파트,광주,서구,광주 서구 내방동 848 화정센트럴파크 105동 1층 104호,"262,000,000","183,400,000",낙찰,"200,784,000",76.60%,2024-10-17,2024_4Q,3
광주 9계 2023-84770,아파트,아파트,아파트,광주,서구,광주 서구 풍암동 1058 삼능남양 102동 17층 1701호,"179,000,000","125,300,000",낙찰,"135,000,000",75.40%,2024-10-10,2024_4Q,3
광주 8계 2024-182,아파트,아파트,아파트,광주,북구,"광주 북구 삼각동 533 ,672-4,750-13 그린타운 110동 1층 107호","126,000,000","88,200,000",낙찰,"97,829,710",77.60%,2024-10-24,2024_4Q,3
광주 11계 2024-229,오피스텔(주거),오피스텔,오피스텔(업무용),광주,서구,광주 서구 치평동 1206-3 치평동 로잔티움파크 15층 1508호,"652,000,000","365,120,000",낙찰,"464,600,000",71.30%,2024-11-12,2024_4Q,3
광주 9계 2024-267,아파트,아파트,아파트,광주,남구,광주 남구 주월동 543-9 주월동마이다스빌 101동 8층 801호,"122,000,000","68,320,000",낙찰,"68,410,000",56.10%,2024-11-20,2024_4Q,3
광주 3계 2024-366,아파트,아파트,아파트,광주,서구,광주 서구 화정동 1612 유니버시아드힐스테이트 301동 30층 3002호,"593,000,000","415,100,000",낙찰,"513,898,000",86.70%,2024-10-17,2024_4Q,3
광주 10계 2024-472,아파트,아파트,아파트,광주,서구,광주 서구 동천동 515 동천리버팰리스 301동 7층 706호,"360,000,000","252,000,000",낙찰,"321,111,000",89.20%,2024-12-20,2024_4Q,3
광주 3계 2024-526,아파트,아파트,아파트,광주,북구,광주 북구 신용동 737 광주첨단2지구사랑으로부영 116동 4층 404호,"357,000,000","249,900,000",낙찰,"300,110,000",84.10%,2024-10-17,2024_4Q,3
광주 6계 2024-687,대지,나대지,나대지,광주,남구,광주 남구 행암동 625,"389,989,100","272,992,000",낙찰,"313,000,000",80.30%,2024-10-23,2024_4Q,3
광주 3계 2024-830,오피스텔(주거),오피스텔,오피스텔(업무용),광주,광산구,광주 광산구 월계동 888-6 첨단트레비엔에이치-시티 11층 1104호,"122,000,000","68,320,000",낙찰,"76,140,000",62.40%,2024-11-28,2024_4Q,3
광주 4계 2024-915,단독주택,단독,단독주택,광주,남구,"광주 남구 봉선동 1041-2 ,1041-16 주건축물 1동","3,068,132,400","1,718,154,000",낙찰,"1,718,160,000",56.00%,2024-10-08,2024_4Q,3
광주 9계 2024-977,아파트,아파트,아파트,광주,서구,광주 서구 금호동 741-1 금호시영1단지 106동 7층 701호,"138,000,000","96,600,000",낙찰,"118,000,000",85.50%,2024-11-20,2024_4Q,3
광주 1계 2024-1482,근린주택,근린주택,근린주택,광주,북구,광주 북구 동림동 44-11 1동,"1,591,295,700","712,901,000",낙찰,"830,010,000",52.20%,2024-11-06,2024_4Q,3
광주 5계 2024-1611(2),오피스텔,오피스텔,오피스텔(업무용),광주,서구,광주 서구 농성동 415-57 농성지오스테이션 4층 406호,"223,000,000","124,880,000",낙찰,"157,000,000",70.40%,2024-10-16,2024_4Q,3
광주 12계 2024-1956,연립,연립주택,연립·빌라,광주,광산구,"광주 광산구 소촌동 290 ,791-15,783-148 라인주택 108동 3층 306호","169,000,000","94,640,000",낙찰,"113,222,200",67.00%,2024-11-15,2024_4Q,3
광주 11계 2024-2003(4),임야,임야,임야,광주,광산구,광주 광산구 산정동 산74,"1,942,330,000","1,359,631,000",낙찰,"1,476,170,000",76.00%,2024-11-12,2024_4Q,3
광주 4계 2024-2010,아파트,아파트,아파트,광주,북구,광주 북구 양산동 930 지에스그린자이2차 201동 22층 2202호,"655,000,000","366,800,000",낙찰,"426,789,000",65.20%,2024-10-08,2024_4Q,3
광주 12계 2024-2119,아파트,아파트,아파트,광주,서구,광주 서구 풍암동 1096 현대.삼환 101동 12층 1203호,"378,000,000","264,600,000",낙찰,"311,111,000",82.30%,2024-10-04,2024_4Q,3
광주 2계 2024-2324(5),아파트,아파트,아파트,광주,북구,"광주 북구 오치동 857-10 ,857-18,857-27 오치동갤럭스하임 3층 311호","41,000,000","28,700,000",낙찰,"28,700,100",70.00%,2024-12-19,2024_4Q,3
광주 2계 2024-2324(7),아파트,아파트,아파트,광주,북구,"광주 북구 오치동 857-10 ,857-18,857-27 오치동갤럭스하임 3층 317호","41,000,000","28,700,000",낙찰,"28,700,100",70.00%,2024-12-19,2024_4Q,3
광주 2계 2024-2324(9),아파트,아파트,아파트,광주,북구,"광주 북구 오치동 857-10 ,857-18,857-27 오치동갤럭스하임 4층 414호","42,000,000","29,400,000",낙찰,"29,400,100",70.00%,2024-12-19,2024_4Q,3
광주 11계 2024-2409,단독주택,단독,단독주택,광주,남구,"광주 남구 봉선동 1041-18 ,1041-22","1,483,838,300","1,038,687,000",낙찰,"1,056,780,000",71.20%,2024-11-12,2024_4Q,3
광주 11계 2024-2416,아파트,아파트,아파트,광주,북구,광주 북구 동림동 1348 동림동우방아이유쉘1차 101동 12층 1205호,"262,000,000","183,400,000",낙찰,"227,940,000",87.00%,2024-11-12,2024_4Q,3
광주 7계 2024-2478,아파트,아파트,아파트,광주,남구,광주 남구 봉선동 1076 포스코더샵 103동 21층 2107호,"437,000,000","305,900,000",낙찰,"372,000,000",85.10%,2024-11-05,2024_4Q,3
광주 11계 2024-2546,아파트,아파트,아파트,광주,서구,광주 서구 풍암동 705-1 풍암4차대주파크빌 101동 3층 303호,"290,000,000","203,000,000",낙찰,"251,900,000",86.90%,2024-11-12,2024_4Q,3
광주 4계 2024-2669,아파트,아파트,아파트,광주,서구,광주 서구 농성동 702 농성에스케이뷰센트럴 108동 15층 1501호,"610,000,000","427,000,000",낙찰,"560,210,000",91.80%,2024-10-08,2024_4Q,3
광주 5계 2024-2676,아파트,아파트,아파트,광주,북구,광주 북구 오치동 862-9 삼익2차 202동 17층 1706호,"155,000,000","108,500,000",낙찰,"142,222,200",91.80%,2024-10-16,2024_4Q,3
광주 12계 2024-2706,다세대,다세대주택,다세대,광주,북구,광주 북구 두암동 20-1 두암우수빌 3층 303호,"42,000,000","23,520,000",낙찰,"25,210,000",60.00%,2024-11-15,2024_4Q,3
광주 4계 2024-2744,아파트,아파트,아파트,광주,광산구,광주 광산구 운남동 769-1 운남주공5단지 501동 14층 1401호,"260,000,000","182,000,000",낙찰,"214,150,000",82.40%,2024-11-19,2024_4Q,3
광주 7계 2024-3181,아파트,아파트,아파트,광주,북구,광주 북구 운암동 1766 운암신성포레힐 102동 8층 803호,"314,000,000","219,800,000",낙찰,"240,000,100",76.40%,2024-12-17,2024_4Q,3
광주 12계 2024-3242,오피스텔(주거),오피스텔,오피스텔(업무용),광주,광산구,광주 광산구 월계동 872-4 더허브 20층 2104호,"229,000,000","128,240,000",낙찰,"136,300,000",59.50%,2024-12-27,2024_4Q,3
광주 12계 2024-3396,아파트,아파트,아파트,광주,북구,"광주 북구 양산동 288-15 ,288-22,연제동 7-1,7-9 호반 101동 12층 1222호","79,400,000","55,580,000",낙찰,"69,000,000",86.90%,2024-11-15,2024_4Q,3
광주 12계 2024-3402(1),단독주택,단독,단독주택,광주,동구,광주 동구 지산동 719-39,"1,520,163,339","1,064,114,000",낙찰,"1,077,000,000",70.80%,2024-11-15,2024_4Q,3
광주 12계 2024-3402(2),대지,나대지,나대지,광주,동구,광주 동구 지산동 719-40,"1,785,300,695","1,249,710,000",낙찰,"1,388,100,000",77.80%,2024-11-15,2024_4Q,3
광주 12계 2024-3792(1),아파트,아파트,아파트,광주,북구,광주 북구 삼각동 754-2 드림네스트삼각1차 4층 403호,"210,000,000","147,000,000",낙찰,"161,859,000",77.10%,2024-12-27,2024_4Q,3
광주 12계 2024-3792(2),아파트,아파트,아파트,광주,북구,광주 북구 삼각동 754-2 드림네스트삼각1차 5층 504호,"212,000,000","148,400,000",낙찰,"166,099,000",78.30%,2024-12-27,2024_4Q,3
광주 12계 2024-3938,아파트,아파트,아파트,광주,서구,광주 서구 농성동 702 농성에스케이뷰센트럴 109동 28층 2803호,"598,000,000","418,600,000",낙찰,"551,240,000",92.20%,2024-12-27,2024_4Q,3
광주 12계 2024-4016,아파트,아파트,아파트,광주,광산구,광주 광산구 산월동 882-1 부영 113동 14층 1401호,"280,000,000","196,000,000",낙찰,"227,610,700",81.30%,2024-12-27,2024_4Q,3
광주 5계 2024-4122,아파트,아파트,아파트,광주,광산구,광주 광산구 월계동 893-1 무들에코클래스 8층 821호,"53,000,000","37,100,000",낙찰,"45,600,000",86.00%,2024-10-16,2024_4Q,3
광주 1계 2024-4610(1),오피스텔,오피스텔,오피스텔(업무용),광주,북구,광주 북구 각화동 594 힐스테이트각화 115동 3층 303호,"96,000,000","53,760,000",낙찰,"56,000,000",58.30%,2024-12-18,2024_4Q,3
광주 1계 2024-4610(2),오피스텔,오피스텔,오피스텔(업무용),광주,북구,광주 북구 각화동 594 힐스테이트각화 115동 3층 304호,"96,000,000","53,760,000",낙찰,"56,000,000",58.30%,2024-12-18,2024_4Q,3
광주 1계 2024-4610(3),오피스텔(주거),오피스텔,오피스텔(업무용),광주,북구,광주 북구 각화동 594 힐스테이트각화 115동 3층 305호,"96,000,000","53,760,000",낙찰,"56,000,000",58.30%,2024-12-18,2024_4Q,3
광주 1계 2024-4610(4),오피스텔,오피스텔,오피스텔(업무용),광주,북구,광주 북구 각화동 594 힐스테이트각화 115동 3층 307호,"97,000,000","54,320,000",낙찰,"56,500,000",58.20%,2024-12-18,2024_4Q,3
광주 1계 2024-4610(5),오피스텔,오피스텔,오피스텔(업무용),광주,북구,광주 북구 각화동 594 힐스테이트각화 115동 4층 403호,"97,000,000","54,320,000",낙찰,"57,000,000",58.80%,2024-12-18,2024_4Q,3
광주 1계 2024-4610(6),오피스텔,오피스텔,오피스텔(업무용),광주,북구,광주 북구 각화동 594 힐스테이트각화 115동 7층 706호,"99,000,000","55,440,000",낙찰,"58,500,000",59.10%,2024-12-18,2024_4Q,3
광주 1계 2024-4610(7),오피스텔(주거),오피스텔,오피스텔(업무용),광주,북구,광주 북구 각화동 594 힐스테이트각화 115동 8층 808호,"98,000,000","54,880,000",낙찰,"56,853,000",58.00%,2024-12-18,2024_4Q,3
광주 1계 2024-4610(8),오피스텔,오피스텔,오피스텔(업무용),광주,북구,광주 북구 각화동 594 힐스테이트각화 115동 9층 908호,"98,000,000","54,880,000",낙찰,"58,000,000",59.20%,2024-12-18,2024_4Q,3
광주 1계 2024-4610(9),오피스텔(주거),오피스텔,오피스텔(업무용),광주,북구,광주 북구 각화동 594 힐스테이트각화 115동 10층 1008호,"98,000,000","54,880,000",낙찰,"61,059,000",62.30%,2024-12-18,2024_4Q,3
광주 1계 2024-4610(10),오피스텔(주거),오피스텔,오피스텔(업무용),광주,북구,광주 북구 각화동 594 힐스테이트각화 115동 11층 1108호,"98,000,000","54,880,000",낙찰,"58,500,000",59.70%,2024-12-18,2024_4Q,3
광주 1계 2024-4610(11),오피스텔(주거),오피스텔,오피스텔(업무용),광주,북구,광주 북구 각화동 594 힐스테이트각화 115동 11층 1110호,"98,000,000","54,880,000",낙찰,"61,799,000",63.10%,2024-12-18,2024_4Q,3
광주 1계 2024-4610(12),오피스텔,오피스텔,오피스텔(업무용),광주,북구,광주 북구 각화동 594 힐스테이트각화 115동 12층 1208호,"98,000,000","54,880,000",낙찰,"65,099,990",66.40%,2024-12-18,2024_4Q,3
광주 1계 2024-4610(13),오피스텔,오피스텔,오피스텔(업무용),광주,북구,광주 북구 각화동 594 힐스테이트각화 115동 13층 1307호,"98,000,000","54,880,000",낙찰,"58,000,000",59.20%,2024-12-18,2024_4Q,3
광주 1계 2024-4610(14),오피스텔(주거),오피스텔,오피스텔(업무용),광주,북구,광주 북구 각화동 594 힐스테이트각화 115동 15층 1501호,"97,000,000","54,320,000",낙찰,"58,000,000",59.80%,2024-12-18,2024_4Q,3
광주 1계 2024-5187,아파트,아파트,아파트,광주,서구,"광주 서구 금호동 240-10 ,591-3,702-90 로렌시아 102동 6층 601호","466,000,000","326,200,000",낙찰,"336,000,000",72.10%,2024-12-18,2024_4Q,3
광주 5계 2024-5309,아파트,아파트,아파트,광주,남구,"광주 남구 봉선동 127-15 ,132-4,132-5,132-6,132-9,132-12,132-14,132-18,148,152-2,156-15,921-37 205동 23층 2304호","551,000,000","385,700,000",낙찰,"414,220,000",75.20%,2024-11-27,2024_4Q,3
광주 1계 2024-5552,아파트,아파트,아파트,광주,광산구,광주 광산구 수완동 913 광주수완코오롱하늘채 101동 5층 502호,"692,000,000","484,400,000",낙찰,"578,500,000",83.60%,2024-12-18,2024_4Q,3
광주 4계 2024-60016,아파트,아파트,아파트,광주,광산구,광주 광산구 운남동 769-1 운남주공5단지 509동 7층 701호,"247,000,000","172,900,000",낙찰,"220,000,000",89.10%,2024-11-19,2024_4Q,3
광주 9계 2024-60078,아파트,아파트,아파트,광주,서구,광주 서구 쌍촌동 96 광명하이츠타운 101동 22층 2204호,"202,000,000","141,400,000",낙찰,"146,828,200",72.70%,2024-10-10,2024_4Q,3
광주 10계 2024-60221,아파트,아파트,아파트,광주,북구,광주 북구 용봉동 369-1 고운맨션 4층 405호,"70,000,000","49,000,000",낙찰,"51,880,000",74.10%,2024-12-20,2024_4Q,3
광주 3계 2024-60245,아파트,아파트,아파트,광주,남구,광주 남구 방림동 556 모아 105동 1층 107호,"126,000,000","88,200,000",낙찰,"98,567,000",78.20%,2024-10-17,2024_4Q,3
광주 6계 2024-60726,아파트,아파트,아파트,광주,광산구,광주 광산구 월계동 763-5 첨단모아미래도 106동 5층 505호,"226,000,000","126,560,000",낙찰,"142,000,000",62.80%,2024-12-04,2024_4Q,3
광주 8계 2024-60740,아파트,아파트,아파트,광주,광산구,광주 광산구 산정동 1027 하남2지구다사로움2단지 206동 5층 506호,"217,000,000","151,900,000",낙찰,"175,349,900",80.80%,2024-12-05,2024_4Q,3
광주 5계 2024-60825,점포,근린상가,점포상가,광주,동구,"광주 동구 궁동 23-2 ,23-3,24,24-2,24-3,대의동 9-1,9-2","2,423,808,600","1,085,866,000",낙찰,"1,275,000,000",52.60%,2024-10-16,2024_4Q,3
광주 7계 2024-61088,아파트,아파트,아파트,광주,북구,광주 북구 양산동 943 올리브 6층 602호,"195,000,000","156,000,000",낙찰,"160,000,000",82.10%,2024-11-05,2024_4Q,3
광주 7계 2024-61538,아파트,아파트,아파트,광주,광산구,광주 광산구 월계동 893-1 무들에코클래스 10층 1011호,"56,000,000","39,200,000",낙찰,"45,970,000",82.10%,2024-11-05,2024_4Q,3
광주 7계 2024-61675,아파트,아파트,아파트,광주,서구,광주 서구 유촌동 871 상무버들마을2주공 210동 1층 101호,"161,000,000","112,700,000",낙찰,"136,000,000",84.50%,2024-11-05,2024_4Q,3
광주 9계 2024-61729,아파트,아파트,아파트,광주,서구,광주 서구 광천동 895 광천이편한세상 121동 8층 802호,"931,000,000","651,700,000",낙찰,"767,789,900",82.50%,2024-11-20,2024_4Q,3
광주 8계 2024-61903,아파트,아파트,아파트,광주,북구,광주 북구 오치동 1005 오치주공 204동 8층 802호,"17,333,330","12,133,000",낙찰,"13,729,000",79.20%,2024-12-05,2024_4Q,3
광주 5계 2024-62135,근린주택,근린주택,근린주택,광주,서구,광주 서구 치평동 1322-3,"1,414,556,840","792,152,000",낙찰,"800,000,000",56.60%,2024-11-27,2024_4Q,3
광주 7계 2024-62166,연립,연립주택,연립·빌라,광주,북구,광주 북구 두암동 888-18 명신빌라 3층 305호,"137,000,000","76,720,000",낙찰,"81,500,000",59.50%,2024-12-17,2024_4Q,3
광주 8계 2024-62173,아파트,아파트,아파트,광주,북구,광주 북구 신용동 675 광주첨단2지구호반베르디움1단지 109동 19층 1902호,"470,000,000","329,000,000",낙찰,"438,000,000",93.20%,2024-12-05,2024_4Q,3
광주 3계 2024-62234,아파트,아파트,아파트,광주,동구,광주 동구 계림동 52 두산위브 101동 8층 802호,"665,000,000","465,500,000",낙찰,"521,000,000",78.30%,2024-10-17,2024_4Q,3
광주 5계 2024-62487,차량,기타토지,기타토지,광주,광산구,광주 광산구 우산동 218-5 서창다리주차장내 보관(010-8466-0864),"6,000,000","2,150,000",낙찰,"2,723,000",45.40%,2024-10-16,2024_4Q,3
광주 12계 2024-62623,아파트,아파트,아파트,광주,서구,광주 서구 화정동 1712 더샵염주센트럴파크 116동 19층 1904호,"629,000,000","440,300,000",낙찰,"549,780,000",87.40%,2024-10-04,2024_4Q,3
광주 12계 2024-62661,단독주택,단독,단독주택,광주,광산구,광주 광산구 신촌동 817-26,"168,446,450","75,464,000",낙찰,"80,170,000",47.60%,2024-12-27,2024_4Q,3
광주 11계 2024-62791,오피스텔(주거),오피스텔,오피스텔(업무용),광주,서구,광주 서구 농성동 415-57 농성지오스테이션 13층 1301호,"251,000,000","140,560,000",낙찰,"178,888,800",71.30%,2024-11-12,2024_4Q,3
광주 5계 2024-62845,아파트,아파트,아파트,광주,서구,광주 서구 치평동 1168 해광한신 105동 1층 102호,"166,000,000","92,960,000",낙찰,"143,090,000",86.20%,2024-11-27,2024_4Q,3
광주 12계 2024-63060,공장,공장(지식산업센터 업무시설),공장,광주,광산구,광주 광산구 옥동 1235-12,"3,324,540,800","2,327,179,000",낙찰,"2,600,000,000",78.20%,2024-10-04,2024_4Q,3
광주 12계 2024-63145,아파트,아파트,아파트,광주,광산구,광주 광산구 쌍암동 676-3 첨단센트럴파크2차 202동 10층 1003호,"191,000,000","85,568,000",낙찰,"165,000,000",86.40%,2024-12-27,2024_4Q,3
광주 11계 2024-63206,아파트,아파트,아파트,광주,남구,광주 남구 방림동 558 광명그린 1층 114호,"108,000,000","60,480,000",낙찰,"75,509,990",69.90%,2024-11-12,2024_4Q,3
광주 7계 2024-63336,단독주택,단독,단독주택,광주,북구,광주 북구 운암동 439-4,"342,486,720","191,793,000",낙찰,"199,999,000",58.40%,2024-12-17,2024_4Q,3
광주 12계 2024-63480,아파트,아파트,아파트,광주,서구,광주 서구 금호동 809 금호5차호반리젠시빌 506동 1층 104호,"345,000,000","241,500,000",낙찰,"296,990,000",86.10%,2024-10-04,2024_4Q,3
광주 12계 2024-63497,오피스텔(주거),오피스텔,오피스텔(업무용),광주,서구,광주 서구 농성동 415-57 농성지오스테이션 3층 305호,"159,000,000","111,300,000",낙찰,"159,000,000",100.00%,2024-10-04,2024_4Q,3
광주 2계 2024-63503,도로,기타토지,기타토지,광주,남구,광주 남구 봉선동 1041-25,"13,727,000","7,687,000",낙찰,"8,257,900",60.20%,2024-12-19,2024_4Q,3
광주 4계 2024-63626,오피스텔,오피스텔,오피스텔(업무용),광주,동구,광주 동구 금동 19-3 문화전당역오펠리움 10층 1016호,"120,000,000","67,200,000",낙찰,"75,050,000",62.50%,2024-11-19,2024_4Q,3
광주 12계 2024-63640,연립,연립주택,연립·빌라,광주,동구,광주 동구 용산동 218-2 용산동도나우이스트 2층 201호,"661,000,000","370,160,000",낙찰,"375,120,000",56.80%,2024-11-15,2024_4Q,3
광주 12계 2024-63671,아파트,아파트,아파트,광주,광산구,"광주 광산구 소촌동 47-1 ,46-2 금호훼밀리파크 103동 4층 402호","150,000,000","105,000,000",낙찰,"112,000,000",74.70%,2024-10-04,2024_4Q,3
광주 11계 2024-63688,다세대,다세대주택,다세대,광주,동구,광주 동구 용산동 218-2 용산동도나우이스트 1층 102호,"582,000,000","325,920,000",낙찰,"351,000,000",60.30%,2024-11-12,2024_4Q,3
광주 12계 2024-63763,아파트,아파트,아파트,광주,북구,광주 북구 운암동 363 4동 2층 204호,"180,000,000","126,000,000",낙찰,"145,928,000",81.10%,2024-10-04,2024_4Q,3
광주 2계 2024-64049,연립,연립주택,연립·빌라,광주,북구,광주 북구 두암동 852-8 송산 나동 2층 203호,"88,400,000","49,504,000",낙찰,"53,300,000",60.30%,2024-12-19,2024_4Q,3
광주 11계 2024-64056,아파트,아파트,아파트,광주,남구,광주 남구 방림동 569 방림명지로드힐 102동 11층 1102호,"357,000,000","249,900,000",낙찰,"282,920,000",79.20%,2024-11-12,2024_4Q,3
광주 7계 2024-64094,아파트,아파트,아파트,광주,북구,"광주 북구 양산동 205-6 ,본촌동 69-22,69-23,69-37 일신 201동 8층 801호","164,000,000","114,800,000",낙찰,"135,950,000",82.90%,2024-11-05,2024_4Q,3
광주 12계 2024-64247,아파트,아파트,아파트,광주,북구,광주 북구 각화동 608 각화센트럴파크서희스타힐스 104동 22층 2203호,"452,000,000","253,120,000",낙찰,"321,750,000",71.20%,2024-12-27,2024_4Q,3
광주 2계 2024-64278,아파트,아파트,아파트,광주,남구,광주 남구 행암동 546 브라운스톤 효천 106동 16층 1604호,"333,000,000","233,100,000",낙찰,"306,500,000",92.00%,2024-11-07,2024_4Q,3
광주 8계 2024-64414,아파트,아파트,아파트,광주,북구,광주 북구 매곡동 290 서광인텔파크 107동 6층 603호,"265,000,000","185,500,000",낙찰,"216,600,000",81.70%,2024-12-05,2024_4Q,3
광주 12계 2024-64483,연립,연립주택,연립·빌라,광주,서구,광주 서구 내방동 481-3 광명 2층 206호,"168,000,000","75,264,000",낙찰,"80,120,000",47.70%,2024-12-27,2024_4Q,3
광주 4계 2024-64568,단독주택,단독,단독주택,광주,북구,광주 북구 중흥동 370-29,"230,469,380","129,063,000",낙찰,"151,880,000",65.90%,2024-10-08,2024_4Q,3
광주 12계 2024-64599,아파트,아파트,아파트,광주,북구,"광주 북구 운암동 1761 ,1762 남양휴튼 106동 14-15층 1403호","800,000,000","448,000,000",낙찰,"562,200,000",70.30%,2024-11-15,2024_4Q,3
광주 11계 2024-64667,아파트,아파트,아파트,광주,동구,광주 동구 학동 719-34 무등파크맨션 2동 7층 703호,"148,000,000","66,304,000",낙찰,"80,990,000",54.70%,2024-12-24,2024_4Q,3
광주 5계 2024-64735,아파트상가,아파트상가,기타토지,광주,북구,광주 북구 동림동 1339 동림3지구한국아델리움더숲1단지 근린시설동 1층 102호,"182,000,000","81,536,000",낙찰,"93,999,900",51.60%,2024-11-27,2024_4Q,3
광주 4계 2024-64889,차량,기타토지,기타토지,광주,북구,광주 북구 삼각동 754-3 글로벌주차장내 보관(010-6425-1001),"13,000,000","5,824,000",낙찰,"6,920,000",53.20%,2024-11-19,2024_4Q,3
광주 12계 2024-64896,아파트상가,아파트상가,기타토지,광주,서구,광주 서구 쌍촌동 96 광명하이츠타운 상가동 3층 303호,"98,300,000","68,810,000",낙찰,"70,110,000",71.30%,2024-10-04,2024_4Q,3
광주 11계 2024-65004,아파트,아파트,아파트,광주,북구,광주 북구 중흥동 819 중흥동영무예다음 102동 10층 1004호,"407,000,000","284,900,000",낙찰,"351,210,000",86.30%,2024-11-12,2024_4Q,3
광주 5계 2024-65110(1),아파트,아파트,아파트,광주,북구,광주 북구 삼각동 754-2 드림네스트삼각1차 2층 202호,"214,000,000","119,840,000",낙찰,"150,005,000",70.10%,2024-10-16,2024_4Q,3
광주 5계 2024-65110(3),아파트,아파트,아파트,광주,북구,광주 북구 삼각동 754-2 드림네스트삼각1차 4층 401호,"220,000,000","123,200,000",낙찰,"154,333,333",70.20%,2024-10-16,2024_4Q,3
광주 7계 2024-65134,아파트,아파트,아파트,광주,광산구,광주 광산구 신가동 1048 신창6차호반베르디움 610동 8층 801호,"394,000,000","275,800,000",낙찰,"326,170,000",82.80%,2024-11-05,2024_4Q,3
광주 12계 2024-65318,아파트,아파트,아파트,광주,남구,광주 남구 봉선동 1043 모아2단지1차 103동 1층 101호,"111,000,000","77,700,000",낙찰,"88,888,880",80.10%,2024-10-04,2024_4Q,3
광주 10계 2024-65325,차량,기타토지,기타토지,광주,광산구,광주 광산구 산정동 156-3 여대주차장(062-953-8484)내 보관,"35,000,000","15,680,000",낙찰,"19,100,000",54.60%,2024-12-20,2024_4Q,3
광주 1계 2024-65349(22),아파트,아파트,아파트,광주,북구,광주 북구 중흥동 376-7 1동 7층 801호,"153,000,000","107,100,000",낙찰,"111,100,000",72.60%,2024-12-18,2024_4Q,3
광주 5계 2024-65523(1),다세대,다세대주택,다세대,광주,서구,광주 서구 쌍촌동 525-1 푸른빌라 3층 304호,"24,000,000","10,752,000",낙찰,"12,880,000",53.70%,2024-11-27,2024_4Q,3
광주 5계 2024-65523(2),다세대,다세대주택,다세대,광주,서구,광주 서구 쌍촌동 564-131 이화빌라 1층 101호,"29,000,000","16,240,000",낙찰,"17,700,000",61.00%,2024-10-16,2024_4Q,3
광주 11계 2024-65660,아파트,아파트,아파트,광주,북구,광주 북구 동림동 1330 운암산코오롱하늘채 103동 6층 604호,"453,000,000","317,100,000",낙찰,"385,920,000",85.20%,2024-11-12,2024_4Q,3
광주 12계 2024-65691,아파트,아파트,아파트,광주,북구,광주 북구 일곡동 817-4 일곡대림2차 201동 4층 404호,"195,000,000","136,500,000",낙찰,"141,340,400",72.50%,2024-12-27,2024_4Q,3
광주 5계 2024-65745,아파트,아파트,아파트,광주,남구,광주 남구 진월동 250-8 삼익세라믹 104동 6층 603호,"318,000,000","178,080,000",낙찰,"256,899,990",80.80%,2024-11-27,2024_4Q,3
광주 4계 2024-65776,단독주택,단독,단독주택,광주,광산구,광주 광산구 송정동 496,"336,048,310","188,187,000",낙찰,"204,400,000",60.80%,2024-11-19,2024_4Q,3
광주 11계 2024-65790,아파트,아파트,아파트,광주,광산구,"광주 광산구 월계동 756-3 ,756-4 첨단선경 108동 1층 102호","263,000,000","184,100,000",낙찰,"186,993,000",71.10%,2024-11-12,2024_4Q,3
광주 12계 2024-65813,아파트,아파트,아파트,광주,남구,광주 남구 월산동 302-2 월산우방아이유쉘 109동 2층 202호,"404,000,000","282,800,000",낙찰,"331,519,000",82.10%,2024-10-04,2024_4Q,3
광주 11계 2024-65912,아파트,아파트,아파트,광주,서구,광주 서구 화정동 903-2 호반 101동 5층 502호,"145,000,000","101,500,000",낙찰,"131,610,000",90.80%,2024-11-12,2024_4Q,3
광주 11계 2024-65943,오피스텔(주거),오피스텔,오피스텔(업무용),광주,서구,광주 서구 치평동 1206-3 치평동 로잔티움파크 13층 1303호,"523,000,000","292,880,000",낙찰,"350,000,000",66.90%,2024-12-24,2024_4Q,3
광주 11계 2024-65950,근린상가,근린상가,근린상가,광주,서구,광주 서구 매월동 622-8 엠-플러스광주매매비동 2층 216호,"1,028,000,000","719,600,000",낙찰,"821,200,000",79.90%,2024-11-12,2024_4Q,3
광주 2계 2024-66007,도로,기타토지,기타토지,광주,남구,광주 남구 주월동 407-4,"281,400,000","196,980,000",낙찰,"278,880,000",99.10%,2024-11-07,2024_4Q,3
광주 12계 2024-66052,아파트,아파트,아파트,광주,광산구,광주 광산구 하남동 971 하남3지구모아엘가 108동 13층 1303호,"440,000,000","308,000,000",낙찰,"383,000,000",87.00%,2024-10-04,2024_4Q,3
광주 9계 2024-66212,차량,기타토지,기타토지,광주,남구,광주 남구 송하동 348-1 송원주차장내 보관(010-3622-7261),"9,500,000","5,320,000",낙찰,"6,120,000",64.40%,2024-11-20,2024_4Q,3
광주 2계 2024-66335,아파트,아파트,아파트,광주,광산구,광주 광산구 월곡동 685-1 영천마을주공 1010동 5층 502호,"110,000,000","77,000,000",낙찰,"87,289,000",79.40%,2024-12-19,2024_4Q,3
광주 3계 2024-66427,아파트,아파트,아파트,광주,광산구,광주 광산구 신가동 1030 신창7차부영사랑으로 1304동 8층 805호,"152,500,000","106,750,000",낙찰,"120,122,500",78.80%,2024-11-28,2024_4Q,3
광주 6계 2024-66458,아파트,아파트,아파트,광주,광산구,광주 광산구 우산동 1621 세계수영선수촌중흥에스-클래스센트럴 119동 12층 1201호,"370,000,000","259,000,000",낙찰,"292,900,000",79.20%,2024-12-04,2024_4Q,3
광주 5계 2024-66571,아파트,아파트,아파트,광주,광산구,광주 광산구 운남동 387-22 삼성 117동 3층 305호,"178,000,000","124,600,000",낙찰,"155,000,000",87.10%,2024-10-16,2024_4Q,3
광주 12계 2024-66625,아파트,아파트,아파트,광주,북구,광주 북구 각화동 118-2 글로벌 102동 6층 602호,"243,000,000","170,100,000",낙찰,"216,000,000",88.90%,2024-10-04,2024_4Q,3
광주 2계 2024-66656,아파트,아파트,아파트,광주,남구,"광주 남구 백운동 632-1 ,632-4,632-6,632-15 대주 101동 12층 1202호","214,000,000","149,800,000",낙찰,"153,799,000",71.90%,2024-11-07,2024_4Q,3
광주 7계 2024-66687,아파트,아파트,아파트,광주,광산구,"광주 광산구 비아동 152-5 ,113 하남지구호반 105동 7층 719호","146,000,000","102,200,000",낙찰,"130,456,789",89.40%,2024-12-17,2024_4Q,3
광주 11계 2024-67079,아파트,아파트,아파트,광주,광산구,광주 광산구 쌍암동 682-1 에이엠시티5차 6층 606호,"54,000,000","54,000,000",낙찰,"54,000,000",100.00%,2024-11-12,2024_4Q,3
광주 12계 2024-67192,대지,나대지,나대지,광주,광산구,광주 광산구 도덕동 322-4,"252,540,000","176,778,000",낙찰,"176,780,000",70.00%,2024-11-15,2024_4Q,3
광주 12계 2024-67291,아파트,아파트,아파트,광주,서구,광주 서구 금호동 818 마재마을 풍암부영1차 101동 11층 1104호,"229,000,000","160,300,000",낙찰,"184,500,000",80.60%,2024-10-04,2024_4Q,3
광주 12계 2024-67338,연립,연립주택,연립·빌라,광주,서구,광주 서구 농성동 665-15 장원빌라 1층 101호,"244,000,000","136,640,000",낙찰,"136,850,000",56.10%,2024-11-15,2024_4Q,3
광주 12계 2024-67413,아파트,아파트,아파트,광주,서구,"광주 서구 금호동 240-2 ,240-12,240,242-1,240-13,240-22,240-24 종원팰리스빌 113동 19층 1901호","340,000,000","238,000,000",낙찰,"264,700,000",77.90%,2024-10-04,2024_4Q,3
광주 11계 2024-67475,아파트,아파트,아파트,광주,광산구,광주 광산구 신창동 1270 신창2차부영 205동 9층 906호,"286,000,000","200,200,000",낙찰,"223,223,000",78.00%,2024-12-24,2024_4Q,3
광주 2계 2024-67598,차량,기타토지,기타토지,광주,남구,광주 남구 임암동 631-8 지와이피주차장내 보관(010-8308-7371),"6,500,000","4,550,000",낙찰,"5,055,000",77.80%,2024-12-19,2024_4Q,3
광주 12계 2024-67666,아파트,아파트,아파트,광주,광산구,광주 광산구 산정동 1060 하남2지구중흥에스-클래스 107동 20층 2001호,"502,000,000","351,400,000",낙찰,"470,530,000",93.70%,2024-11-15,2024_4Q,3
광주 12계 2024-67727,아파트,아파트,아파트,광주,북구,"광주 북구 운암동 1038-1 ,1038-25,1038-26 일신 101동 8층 805호","46,000,000","32,200,000",낙찰,"37,110,000",80.70%,2024-11-15,2024_4Q,3
광주 11계 2024-67789,오피스텔(주거),오피스텔,오피스텔(업무용),광주,서구,광주 서구 치평동 1210-3 센트럴시티 10층 1017호,"70,000,000","70,000,000",낙찰,"70,000,000",100.00%,2024-11-12,2024_4Q,3
광주 8계 2024-67796,차량,기타토지,기타토지,광주,광산구,광주 광산구 산정동 156-3 제3자 산정주차장내 보관,"35,000,000","24,500,000",낙찰,"29,110,000",83.20%,2024-10-24,2024_4Q,3
광주 11계 2024-67956,아파트,아파트,아파트,광주,광산구,광주 광산구 산월동 884-1 첨단3-2차호반리젠시빌 308동 13층 1303호,"347,000,000","242,900,000",낙찰,"260,001,000",74.90%,2024-12-24,2024_4Q,3
광주 2계 2024-68034,아파트,아파트,아파트,광주,북구,광주 북구 연제동 1109 연제대광로제비앙 107동 1층 102호,"377,000,000","263,900,000",낙찰,"327,100,000",86.80%,2024-12-19,2024_4Q,3
광주 11계 2024-68195,아파트,아파트,아파트,광주,서구,광주 서구 농성동 422-3 삼익 1동 8층 803호,"267,000,000","186,900,000",낙찰,"225,000,000",84.30%,2024-12-24,2024_4Q,3
광주 7계 2024-68218,아파트,아파트,아파트,광주,서구,광주 서구 풍암동 664-6 동부센트레빌 101동 2층 203호,"355,000,000","248,500,000",낙찰,"275,885,000",77.70%,2024-12-17,2024_4Q,3
광주 12계 2024-68287,다가구,다가구,다가구,광주,북구,광주 북구 용봉동 1230-10,"403,821,600","226,140,000",낙찰,"231,300,000",57.30%,2024-12-27,2024_4Q,3
광주 2계 2024-68362,아파트,아파트,아파트,광주,북구,"광주 북구 양산동 205-1 ,용두동 269-19 일신 101동 6층 608호","153,000,000","107,100,000",낙찰,"111,500,000",72.90%,2024-12-19,2024_4Q,3
광주 7계 2024-68430,아파트,아파트,아파트,광주,광산구,광주 광산구 쌍암동 682-1 에이엠시티5차 5층 508호,"54,000,000","43,200,000",낙찰,"43,200,100",80.00%,2024-12-17,2024_4Q,3
광주 11계 2024-68492,아파트,아파트,아파트,광주,광산구,광주 광산구 쌍암동 682-1 에이엠시티5차 6층 608호,"54,000,000","37,800,000",낙찰,"45,015,000",83.40%,2024-12-24,2024_4Q,3
광주 12계 2024-68508,아파트,아파트,아파트,광주,광산구,"광주 광산구 쌍암동 694-70 ,694-71,694-72 첨단도휘에드가2차 13층 1320호","60,000,000","33,600,000",낙찰,"40,200,000",67.00%,2024-12-27,2024_4Q,3
광주 12계 2024-68515,아파트,아파트,아파트,광주,광산구,광주 광산구 월계동 893-1 무들에코클래스 15층 1504호,"105,000,000","73,500,000",낙찰,"76,500,000",72.90%,2024-11-15,2024_4Q,3
광주 11계 2024-68539,아파트,아파트,아파트,광주,광산구,광주 광산구 월계동 893-1 무들에코클래스 8층 820호,"53,000,000","37,100,000",낙찰,"42,730,000",80.60%,2024-12-24,2024_4Q,3
광주 2계 2024-68560,대지,나대지,나대지,광주,광산구,광주 광산구 월곡동 580-2,"380,950,000","380,950,000",낙찰,"408,000,000",107.10%,2024-11-07,2024_4Q,3
광주 11계 2024-68591,오피스텔,오피스텔,오피스텔(업무용),광주,광산구,광주 광산구 쌍암동 694-74 윤진리안채 4층 408호,"80,000,000","56,000,000",낙찰,"63,570,000",79.50%,2024-12-24,2024_4Q,3
광주 11계 2024-68706,아파트,아파트,아파트,광주,광산구,광주 광산구 수완동 913 광주수완코오롱하늘채 107동 10층 1003호,"940,000,000","658,000,000",낙찰,"738,999,999",78.60%,2024-12-24,2024_4Q,3
광주 12계 2024-68775,아파트,아파트,아파트,광주,남구,광주 남구 방림동 556 모아 111동 3층 305호,"161,000,000","112,700,000",낙찰,"113,092,800",70.20%,2024-10-04,2024_4Q,3
광주 12계 2024-68997,아파트,아파트,아파트,광주,남구,광주 남구 봉선동 490-1 금호타운 206동 3층 306호,"453,000,000","317,100,000",낙찰,"402,999,000",89.00%,2024-12-27,2024_4Q,3
광주 11계 2024-69037,아파트,아파트,아파트,광주,동구,광주 동구 용산동 747 무등산골드클래스2차 204동 11층 1103호,"608,000,000","425,600,000",낙찰,"504,649,000",83.00%,2024-12-24,2024_4Q,3
광주 7계 2024-69242,아파트,아파트,아파트,광주,북구,광주 북구 두암동 969-1 두암3단지주공 301동 13층 1305호,"80,000,000","80,000,000",낙찰,"80,800,100",101.00%,2024-11-05,2024_4Q,3
광주 12계 2024-69396,아파트,아파트,아파트,광주,광산구,"광주 광산구 소촌동 232-6 ,232-12 이지스위트밸리3차 304동 16층 1607호","172,000,000","120,400,000",낙찰,"138,980,000",80.80%,2024-12-27,2024_4Q,3
광주 3계 2024-69518,아파트,아파트,아파트,광주,서구,광주 서구 금호동 1110 매월동아델리움.로제비앙 101동 10층 1003호,"452,000,000","316,400,000",낙찰,"407,870,000",90.20%,2024-11-28,2024_4Q,3
광주 3계 2024-69587,아파트,아파트,아파트,광주,광산구,광주 광산구 쌍암동 682-1 에이엠시티5차 6층 613호,"88,000,000","88,000,000",낙찰,"88,000,000",100.00%,2024-11-28,2024_4Q,3
광주 12계 2024-69617,아파트,아파트,아파트,광주,서구,광주 서구 치평동 1166-2 금호대우 111동 18층 1801호,"228,000,000","159,600,000",낙찰,"183,100,000",80.30%,2024-12-27,2024_4Q,3
광주 5계 2024-69624,차량,기타토지,기타토지,광주,남구,광주 남구 송하동 348-1 송원주차장(010-3622-7261)내 보관,"6,000,000","3,360,000",낙찰,"4,201,000",70.00%,2024-10-16,2024_4Q,3
광주 1계 2024-69761,아파트,아파트,아파트,광주,광산구,광주 광산구 월계동 892-17 첨단에이엠시티스카이하이 4층 413호,"71,000,000","49,700,000",낙찰,"50,550,000",71.20%,2024-11-06,2024_4Q,3
광주 4계 2024-69914,차량,기타토지,기타토지,광주,광산구,광주 광산구 산정동 156 여대주차장(010-5550-8424)내 보관,"20,000,000","14,000,000",낙찰,"16,860,000",84.30%,2024-10-08,2024_4Q,3
광주 7계 2024-69983,차량,기타토지,기타토지,광주,광산구,광주 광산구 산정동 156 여대주차장(제3자김성욱)내 보관,"8,000,000","3,584,000",낙찰,"4,110,000",51.40%,2024-12-17,2024_4Q,3
광주 4계 2024-70150,차량,기타토지,기타토지,광주,남구,광주 남구 송하동 348-1 송원주차장(010-3622-7261)내 보관,"12,000,000","8,400,000",낙찰,"8,401,000",70.00%,2024-10-08,2024_4Q,3
광주 8계 2024-70525,차량,기타토지,기타토지,광주,동구,광주 동구 지산동 714-31 제3자 영빈2주차장내 보관,"20,000,000","11,200,000",낙찰,"14,390,000",72.00%,2024-10-24,2024_4Q,3
광주 9계 2024-70549,차량,기타토지,기타토지,광주,남구,광주 남구 송하동 348-1 송원주차장내 보관(010-3622-7261),"26,000,000","18,200,000",낙찰,"25,200,000",96.90%,2024-10-10,2024_4Q,3
광주 9계 2024-70754,차량,기타토지,기타토지,광주,북구,광주 북구 삼각동 754-3 글로벌주차장내 보관(010-6245-1001),"38,000,000","26,600,000",낙찰,"33,450,000",88.00%,2024-10-10,2024_4Q,3
광주 3계 2024-70853,오피스텔(주거),오피스텔,오피스텔(업무용),광주,서구,광주 서구 치평동 1202-2 랜드피아 5층 512호,"56,000,000","56,000,000",낙찰,"56,000,000",100.00%,2024-11-28,2024_4Q,3
광주 8계 2024-71160,차량,기타토지,기타토지,광주,광산구,광주 광산구 산정동 156-3 산정주차장내 보관,"14,000,000","9,800,000",낙찰,"11,649,000",83.20%,2024-12-05,2024_4Q,3
광주 4계 2024-71191,차량,기타토지,기타토지,광주,남구,광주 남구 임암동 631-8 지와이피(010-8308-7371)내보관,"12,000,000","12,000,000",낙찰,"12,419,000",103.50%,2024-10-08,2024_4Q,3
광주 1계 2024-71306,차량,기타토지,기타토지,광주,서구,"광주 서구 벽진동 537-1 하나로에프엔씨(010-5372-2362, 010-3931-9875)내 보관","6,000,000","4,200,000",낙찰,"5,366,000",89.40%,2024-12-18,2024_4Q,3
광주 5계 2024-71405,차량,기타토지,기타토지,광주,광산구,광주 광산구 산정동 156-3 산정주차장(062-953-8424)내 보관,"25,000,000","17,500,000",낙찰,"21,000,000",84.00%,2024-10-16,2024_4Q,3
광주 6계 2024-71429,차량,기타토지,기타토지,광주,남구,광주 남구 송하동 348-1 제3자송원주차장(010-3622-7261)내 보관,"22,000,000","15,400,000",낙찰,"15,800,000",71.80%,2024-12-04,2024_4Q,3
광주 5계 2024-71436,아파트,아파트,아파트,광주,서구,광주 서구 치평동 1168-9 중흥 106동 17층 1705호,"790,000,000","553,000,000",낙찰,"655,740,000",83.00%,2024-11-27,2024_4Q,3
광주 4계 2024-71627,차량,기타토지,기타토지,광주,광산구,광주 광산구 산정동 156 여대주차장(010-5550-8424)내보관,"20,000,000","14,000,000",낙찰,"18,780,000",93.90%,2024-11-19,2024_4Q,3
광주 5계 2024-71672,주유소,기타토지,주유소,광주,북구,광주 북구 신용동 476-21,"2,794,292,940","2,794,292,940",낙찰,"4,000,000,000",143.10%,2024-10-16,2024_4Q,3
광주 2계 2024-71962,차량,기타토지,기타토지,광주,광산구,광주 광산구 소촌동 755-8 제3자 공단대형주차장내 보관,"34,000,000","23,800,000",낙찰,"24,190,000",71.10%,2024-11-07,2024_4Q,3
광주 1계 2024-72002,아파트,아파트,아파트,광주,동구,광주 동구 계림동 1827 그랜드센트럴 117동 6층 602호,"384,000,000","268,800,000",낙찰,"327,275,000",85.20%,2024-12-18,2024_4Q,3
광주 5계 2024-72170,아파트,아파트,아파트,광주,광산구,광주 광산구 장덕동 1693 성덕마을 대방노블랜드3차 301동 10층 1004호,"1,040,000,000","728,000,000",낙찰,"888,920,000",85.50%,2024-11-27,2024_4Q,3
광주 4계 2024-72309,아파트,아파트,아파트,광주,서구,"광주 서구 치평동 1331 ,마륵동 808 상무에스케이뷰 103동 9층 903호","681,000,000","476,700,000",낙찰,"583,920,000",85.70%,2024-11-19,2024_4Q,3
광주 3계 2024-73029,차량,기타토지,기타토지,광주,동구,광주 동구 지산동 714-31 영빈2주차장내 보관(연락처 010-5743-8200),"6,000,000","4,200,000",낙찰,"4,699,000",78.30%,2024-10-17,2024_4Q,3
광주 5계 2024-73586,아파트,아파트,아파트,광주,북구,광주 북구 본촌동 3078 양산지구현진에버빌 109동 20층 2005호,"504,000,000","352,800,000",낙찰,"375,980,000",74.60%,2024-11-27,2024_4Q,3
광주 5계 2024-74053,아파트,아파트,아파트,광주,광산구,광주 광산구 신창동 1108-1 풍영리버빌 105동 2층 206호,"258,000,000","180,600,000",낙찰,"206,300,000",80.00%,2024-11-27,2024_4Q,3
광주 4계 2024-74145,차량,기타토지,기타토지,광주,광산구,광주 광산구 우산동 218-5 서창다리주차장(010-8466-0864)내보관,"39,000,000","27,300,000",낙찰,"36,060,090",92.50%,2024-11-19,2024_4Q,3
광주 2계 2024-74435,차량,기타토지,기타토지,광주,광산구,"광주 광산구 산정동 156 여대주차장(953-8424,010-5550-8424)내 보관","29,000,000","20,300,000",낙찰,"23,786,000",82.00%,2024-11-07,2024_4Q,3
광주 3계 2024-74442,차량,기타토지,기타토지,광주,광산구,광주 광산구 산정동 156 여대주차장내 보관(연락처 062-953-8424),"11,000,000","7,700,000",낙찰,"9,133,000",83.00%,2024-10-17,2024_4Q,3
광주 8계 2024-74626,차량,기타토지,기타토지,광주,광산구,광주 광산구 우산동 218-5 서창다리주차장내 보관,"21,000,000","14,700,000",낙찰,"16,800,000",80.00%,2024-10-24,2024_4Q,3
광주 1계 2024-74992,차량,기타토지,기타토지,광주,광산구,광주 광산구 월전동 92-1 평동주차장(연락처:010-4628-2670)내보관,"13,000,000","9,100,000",낙찰,"10,777,700",82.90%,2024-11-06,2024_4Q,3
광주 4계 2024-75070,차량,기타토지,기타토지,광주,광산구,광주 광산구 우산동 218-5 서창다리주차장(010-8466-0864)내보관,"31,000,000","31,000,000",낙찰,"31,120,000",100.40%,2024-10-08,2024_4Q,3
광주 10계 2024-76295,차량,기타토지,기타토지,광주,광산구,광주 광산구 소촌동 755-8 내 보관(010-3607-1873),"15,000,000","10,500,000",낙찰,"10,650,000",71.00%,2024-11-08,2024_4Q,3
광주 10계 2024-76516,단독주택,단독,단독주택,광주,북구,광주 북구 두암동 577-5,"165,358,640","115,751,000",낙찰,"141,111,000",85.30%,2024-11-27,2024_4Q,3
광주 1계 2024-77922,차량,기타토지,기타토지,광주,광산구,광주 광산구 산정동 156-3 산정주차장내 보관,"48,000,000","48,000,000",낙찰,"50,678,999",105.60%,2024-12-18,2024_4Q,3
광주 5계 2024-78024,차량,기타토지,기타토지,광주,광산구,광주 광산구 산정동 156 제3자여대주차장(062-953-8424)에게보관,"11,000,000","7,700,000",낙찰,"8,388,800",76.30%,2024-11-27,2024_4Q,3
광주 12계 2024-80027,중기,기타토지,기타토지,광주,광산구,광주 광산구 월전동 92-1 동양중기매매상사내 보관,"25,000,000","25,000,000",낙찰,"25,120,000",100.50%,2024-12-27,2024_4Q,3
광주 9계 2020-7932,공장,공장(지식산업센터 업무시설),공장,광주,북구,광주 북구 월출동 970-45,"782,207,200","547,545,000",낙찰,"641,000,000",81.90%,2024-07-17,2024_3Q,3
광주 4계 2021-67481(4),다세대,다세대주택,다세대,광주,북구,광주 북구 운암동 425-3 1동 4층 402호,"250,000,000","7,697,000",낙찰,"8,111,100",3.20%,2024-08-27,2024_3Q,3
광주 6계 2021-73097,오피스텔(주거),오피스텔,오피스텔(업무용),광주,광산구,광주 광산구 월계동 879-4 더리안 4층 403호,"67,000,000","1,320,000",낙찰,"1,330,000",2.00%,2024-09-11,2024_3Q,3
광주 8계 2022-7585,아파트,아파트,아파트,광주,북구,광주 북구 동림동 1330 운암산코오롱하늘채 104동 12층 1203호,"513,000,000","359,100,000",낙찰,"413,999,990",80.70%,2024-08-08,2024_3Q,3
광주 3계 2022-8359(30),아파트,아파트,아파트,광주,서구,광주 서구 치평동 1166-7 호반 102동 2층 206호,"184,000,000","33,765,000",낙찰,"41,000,000",22.30%,2024-07-25,2024_3Q,3
광주 7계 2022-66003,오피스텔(주거),오피스텔,오피스텔(업무용),광주,북구,광주 북구 임동 14-2 국제미소래 10층 1002호,"147,000,000","26,974,000",낙찰,"27,000,000",18.40%,2024-07-02,2024_3Q,3
광주 7계 2023-2075,아파트,아파트,아파트,광주,광산구,광주 광산구 하남동 971 하남3지구모아엘가 102동 14층 1403호,"394,000,000","275,800,000",낙찰,"390,000,000",99.00%,2024-09-24,2024_3Q,3
광주 10계 2023-3917,차량,기타토지,기타토지,광주,남구,광주 남구 송하동 348-1 송원주차장(010-3622-7261)내 보관,"12,000,000","5,376,000",낙찰,"6,388,000",53.20%,2024-08-09,2024_3Q,3
광주 7계 2023-4170,아파트,아파트,아파트,광주,광산구,광주 광산구 소촌동 455 송광파크맨션 201동 5층 603호,"92,000,000","64,400,000",낙찰,"71,660,000",77.90%,2024-08-13,2024_3Q,3
광주 7계 2023-5685(1),오피스텔(상가),오피스텔,오피스텔(업무용),광주,북구,광주 북구 신안동 134-7 제일 2층 207-2호,"107,000,000","59,920,000",낙찰,"69,280,000",64.70%,2024-08-13,2024_3Q,3
광주 6계 2023-5838,대지,나대지,나대지,광주,북구,광주 북구 신안동 252-3,"449,616,000","251,785,000",낙찰,"261,000,000",58.00%,2024-09-11,2024_3Q,3
광주 7계 2023-6442,아파트상가,아파트상가,기타토지,광주,남구,광주 남구 행암동 530 효천2지구중흥에스-클래스근린생활시설 2층 상가202호,"372,000,000","208,320,000",낙찰,"225,160,000",60.50%,2024-07-02,2024_3Q,3
광주 10계 2023-6664,아파트,아파트,아파트,광주,광산구,광주 광산구 도산동 1317 송정우방아이유쉘 203동 3층 301호,"342,000,000","239,400,000",낙찰,"316,900,000",92.70%,2024-08-09,2024_3Q,3
광주 10계 2023-6824,아파트,아파트,아파트,광주,동구,광주 동구 계림동 1827 그랜드센트럴 104동 2층 202호,"563,500,000","394,450,000",낙찰,"486,560,000",86.30%,2024-08-09,2024_3Q,3
광주 7계 2023-6879,아파트,아파트,아파트,광주,북구,광주 북구 용봉동 1468 용봉동한화꿈에그린 106동 11층 1104호,"313,000,000","219,100,000",낙찰,"275,240,010",87.90%,2024-07-02,2024_3Q,3
광주 2계 2023-7124,아파트,아파트,아파트,광주,북구,광주 북구 일곡동 850-4 일곡2차청솔 202동 5층 512호,"114,000,000","79,800,000",낙찰,"83,211,100",73.00%,2024-07-04,2024_3Q,3
광주 10계 2023-7339,오피스텔(주거),오피스텔,오피스텔(업무용),광주,광산구,광주 광산구 송정동 731-1 송정크레지움센트럴 2층 203호,"245,000,000","137,200,000",낙찰,"139,590,000",57.00%,2024-09-27,2024_3Q,3
광주 6계 2023-7674,단독주택,단독,단독주택,광주,서구,광주 서구 화정동 786-1,"227,520,000","159,264,000",낙찰,"176,000,000",77.40%,2024-09-11,2024_3Q,3
광주 2계 2023-7728,아파트,아파트,아파트,광주,광산구,광주 광산구 쌍암동 682-1 에이엠시티5차 2층 201호,"1,076,000,000","308,510,000",낙찰,"372,000,000",34.60%,2024-08-14,2024_3Q,3
광주 7계 2023-7971(1),단독주택,단독,단독주택,광주,북구,광주 북구 임동 94-139,"297,295,390","208,107,000",낙찰,"237,696,000",80.00%,2024-07-02,2024_3Q,3
광주 2계 2023-8097(1),근린상가,근린상가,근린상가,광주,남구,광주 남구 행암동 590 제이엔비타워 3층 301호,"582,000,000","260,736,000",낙찰,"312,000,000",53.60%,2024-08-14,2024_3Q,3
광주 2계 2023-8097(2),근린상가,근린상가,근린상가,광주,남구,광주 남구 행암동 590 제이엔비타워 3층 303호,"335,000,000","150,080,000",낙찰,"160,780,000",48.00%,2024-08-14,2024_3Q,3
광주 9계 2023-8257,아파트,아파트,아파트,광주,남구,"광주 남구 백운동 458 ,419-4 대흥백운스카이2차 101동 13층 1308호","134,000,000","93,800,000",낙찰,"108,780,000",81.20%,2024-07-17,2024_3Q,3
광주 7계 2023-8325,아파트,아파트,아파트,광주,서구,광주 서구 쌍촌동 1385 상무한국아델리움 103동 10층 1002호,"450,000,000","315,000,000",낙찰,"396,600,000",88.10%,2024-07-02,2024_3Q,3
광주 7계 2023-8523,아파트,아파트,아파트,광주,남구,광주 남구 지석동 443 한일베라체 109동 3층 302호,"393,000,000","275,100,000",낙찰,"279,030,000",71.00%,2024-07-02,2024_3Q,3
광주 8계 2023-8530,아파트,아파트,아파트,광주,광산구,광주 광산구 월계동 893-2 아크로시티 1동 9층 906호,"138,000,000","77,280,000",낙찰,"87,550,000",63.40%,2024-09-12,2024_3Q,3
광주 6계 2023-8707,아파트,아파트,아파트,광주,광산구,광주 광산구 월계동 893-1 무들에코클래스 7층 723호,"53,000,000","37,100,000",낙찰,"47,100,000",88.90%,2024-07-31,2024_3Q,3
광주 7계 2023-8714(1),근린상가,근린상가,근린상가,광주,서구,광주 서구 쌍촌동 898-9 A동 1층 106호,"216,000,000","151,200,000",낙찰,"180,010,000",83.30%,2024-08-13,2024_3Q,3
광주 7계 2023-8714(2),근린상가,근린상가,근린상가,광주,서구,광주 서구 쌍촌동 898-9 A동 1층 107호,"136,000,000","95,200,000",낙찰,"102,210,000",75.20%,2024-08-13,2024_3Q,3
광주 3계 2023-8790(2),도로,기타토지,기타토지,광주,동구,광주 동구 계림동 535-11,"18,606,900","8,336,000",낙찰,"9,900,000",53.20%,2024-07-25,2024_3Q,3
광주 6계 2023-8820,아파트,아파트,아파트,광주,북구,광주 북구 용봉동 1035 중흥 103동 15층 1503호,"152,000,000","106,400,000",낙찰,"131,660,000",86.60%,2024-07-31,2024_3Q,3
광주 8계 2023-8837,아파트,아파트,아파트,광주,북구,"광주 북구 오치동 855-9 ,855-10,855-11 로얄타운 101동 4층 405호","110,000,000","110,000,000",낙찰,"115,099,500",104.60%,2024-08-08,2024_3Q,3
광주 2계 2023-8851(1),오피스텔(주거),오피스텔,오피스텔(업무용),광주,북구,"광주 북구 오치동 857-10 ,857-18,857-27 오치동갤럭스하임 2층 209호","51,000,000","22,848,000",낙찰,"23,200,000",45.50%,2024-09-26,2024_3Q,3
광주 2계 2023-8851(2),오피스텔(주거),오피스텔,오피스텔(업무용),광주,북구,"광주 북구 오치동 857-10 ,857-18,857-27 오치동갤럭스하임 2층 210호","51,000,000","26,112,000",낙찰,"31,000,000",60.80%,2024-09-26,2024_3Q,3
광주 2계 2023-8851(5),오피스텔(주거),오피스텔,오피스텔(업무용),광주,북구,"광주 북구 오치동 857-10 ,857-18,857-27 오치동갤럭스하임 2층 214호","51,000,000","26,112,000",낙찰,"26,911,110",52.80%,2024-09-26,2024_3Q,3
광주 2계 2023-8851(6),오피스텔(주거),오피스텔,오피스텔(업무용),광주,북구,"광주 북구 오치동 857-10 ,857-18,857-27 오치동갤럭스하임 2층 215호","51,000,000","26,112,000",낙찰,"27,511,000",53.90%,2024-09-26,2024_3Q,3
광주 4계 2023-8875,다세대,다세대주택,다세대,광주,북구,광주 북구 오치동 926-6 좋은사람들 102동 4층 401호,"205,000,000","114,800,000",낙찰,"136,726,700",66.70%,2024-07-16,2024_3Q,3
광주 2계 2023-9021,아파트,아파트,아파트,광주,북구,"광주 북구 용봉동 973-1 ,매곡동 30-1,30-13 삼성 7동 16층 1601호","145,000,000","101,500,000",낙찰,"121,300,000",83.70%,2024-07-04,2024_3Q,3
광주 7계 2023-9090,아파트,아파트,아파트,광주,북구,광주 북구 운암동 1011 운암산아이파크 105동 12층 1202호,"589,000,000","412,300,000",낙찰,"488,500,000",82.90%,2024-08-13,2024_3Q,3
광주 5계 2023-9144,오피스텔(주거),오피스텔,오피스텔(업무용),광주,광산구,광주 광산구 쌍암동 676-2 에이엠시티센트럴파크 3층 305호,"133,000,000","47,667,000",낙찰,"47,667,000",35.80%,2024-09-04,2024_3Q,3
광주 8계 2023-9373,아파트,아파트,아파트,광주,광산구,광주 광산구 운남동 387-22 삼성 108동 20층 2005호,"190,000,000","133,000,000",낙찰,"167,880,000",88.40%,2024-09-12,2024_3Q,3
광주 2계 2023-9441,점포,근린상가,점포상가,광주,남구,광주 남구 방림동 98-22,"204,244,000","142,971,000",낙찰,"145,120,000",71.10%,2024-08-14,2024_3Q,3
광주 4계 2023-9595(2),주상복합(상가),기타토지,기타토지,광주,서구,광주 서구 치평동 1258-5 상무리채2 2층 202호,"372,000,000","208,320,000",낙찰,"225,500,000",60.60%,2024-08-27,2024_3Q,3
광주 4계 2023-9595(3),주상복합(상가),기타토지,기타토지,광주,서구,광주 서구 치평동 1258-5 상무리채2 2층 203호,"402,000,000","225,120,000",낙찰,"241,500,000",60.10%,2024-08-27,2024_3Q,3
광주 4계 2023-9595(5),주상복합(상가),기타토지,기타토지,광주,서구,광주 서구 치평동 1258-5 상무리채2 2층 207호,"342,000,000","239,400,000",낙찰,"241,800,000",70.70%,2024-07-16,2024_3Q,3
광주 7계 2023-9625,아파트,아파트,아파트,광주,광산구,광주 광산구 운남동 771-1 운남주공4단지 409동 14층 1404호,"160,000,000","112,000,000",낙찰,"131,660,000",82.30%,2024-08-13,2024_3Q,3
광주 8계 2023-9632,아파트,아파트,아파트,광주,광산구,광주 광산구 흑석동 811 수완센트럴시티서희스타힐스 103동 6층 603호,"440,000,000","308,000,000",낙찰,"440,000,000",100.00%,2024-09-12,2024_3Q,3
광주 3계 2023-9717,근린주택,근린주택,근린주택,광주,북구,광주 북구 운암동 491-1 1동,"366,366,750","256,457,000",낙찰,"272,200,000",74.30%,2024-09-05,2024_3Q,3
광주 2계 2023-10007,아파트,아파트,아파트,광주,동구,"광주 동구 학동 262-1 ,운림동 615 금호베스트빌 101동 4층 403호","595,000,000","333,200,000",낙찰,"407,000,000",68.40%,2024-09-26,2024_3Q,3
광주 6계 2023-10045,아파트,아파트,아파트,광주,북구,"광주 북구 양산동 205-1 ,용두동 296-19 일신 102동 3층 307호","158,000,000","110,600,000",낙찰,"128,490,000",81.30%,2024-09-11,2024_3Q,3
광주 2계 2023-62220,아파트,아파트,아파트,광주,광산구,광주 광산구 월계동 879-4 더리안 3층 302호,"70,000,000","8,221,000",낙찰,"8,221,000",11.70%,2024-07-04,2024_3Q,3
광주 7계 2023-64868,공장,공장(지식산업센터 업무시설),공장,광주,광산구,광주 광산구 오선동 547-4 가동,"7,645,724,600","5,352,007,000",낙찰,"6,510,000,000",85.10%,2024-07-02,2024_3Q,3
광주 1계 2023-67096(1),전,전,전,광주,광산구,광주 광산구 도천동 277-23,"343,520,000","240,464,000",낙찰,"400,100,000",116.50%,2024-09-25,2024_3Q,3
광주 1계 2023-67096(2),답,답,답,광주,광산구,광주 광산구 도천동 381,"5,376,243,540","3,763,370,000",낙찰,"4,100,100,000",76.30%,2024-09-25,2024_3Q,3
광주 1계 2023-67096(3),답,답,답,광주,광산구,광주 광산구 도천동 381-56,"1,326,130,000","928,291,000",낙찰,"1,300,100,000",98.00%,2024-09-25,2024_3Q,3
광주 1계 2023-67096(4),단독주택,단독,단독주택,광주,광산구,"광주 광산구 수완동 369-7 ,368-6","1,148,758,200","804,131,000",낙찰,"853,000,000",74.30%,2024-09-25,2024_3Q,3
광주 7계 2023-67409,전,전,전,광주,서구,광주 서구 벽진동 285-30,"577,825,000","258,866,000",낙찰,"260,000,000",45.00%,2024-07-02,2024_3Q,3
광주 9계 2023-68891,전,전,전,광주,남구,광주 남구 이장동 455,"133,870,000","30,706,000",낙찰,"31,160,000",23.30%,2024-08-28,2024_3Q,3
광주 10계 2023-69559,아파트,아파트,아파트,광주,북구,광주 북구 문흥동 787-1 107동 5층 508호,"155,000,000","108,500,000",낙찰,"125,898,000",81.20%,2024-09-27,2024_3Q,3
광주 2계 2023-71507,도로,기타토지,기타토지,광주,광산구,광주 광산구 도산동 859-7,"59,965,000","21,492,000",낙찰,"23,230,000",38.70%,2024-07-04,2024_3Q,3
광주 4계 2023-72234,다가구,다가구,다가구,광주,남구,광주 남구 주월동 974-323,"648,817,500","363,338,000",낙찰,"384,100,000",59.20%,2024-07-16,2024_3Q,3
광주 10계 2023-72333(11),답,답,답,광주,북구,광주 북구 충효동 296,"38,808,000","38,808,000",낙찰,"48,100,000",123.90%,2024-08-09,2024_3Q,3
광주 10계 2023-72333(14),답,답,답,광주,북구,광주 북구 충효동 728-2,"435,536,000","195,120,000",낙찰,"222,200,000",51.00%,2024-09-27,2024_3Q,3
광주 10계 2023-72333(15),답,답,답,광주,북구,광주 북구 충효동 728-3,"79,570,000","44,559,000",낙찰,"46,160,000",58.00%,2024-08-09,2024_3Q,3
광주 10계 2023-72333(5),답,답,답,광주,북구,광주 북구 금곡동 11,"87,007,000","60,905,000",낙찰,"62,300,000",71.60%,2024-09-27,2024_3Q,3
광주 10계 2023-72333(10),전,전,전,광주,북구,광주 북구 충효동 80,"77,350,000","54,145,000",낙찰,"58,320,000",75.40%,2024-09-27,2024_3Q,3
광주 2계 2023-72661,근린상가,근린상가,근린상가,광주,광산구,광주 광산구 송정동 837-28,"974,632,450","545,794,000",낙찰,"610,000,000",62.60%,2024-08-14,2024_3Q,3
광주 9계 2023-73404,아파트,아파트,아파트,광주,동구,광주 동구 계림동 1815 푸른길두산위브 209동 20층 2002호,"191,000,000","106,960,000",낙찰,"127,849,300",66.90%,2024-07-17,2024_3Q,3
광주 10계 2023-73718,근린상가,근린상가,근린상가,광주,광산구,광주 광산구 신창동 1219 프뤼몰타운 5층 502호,"285,000,000","159,600,000",낙찰,"179,010,000",62.80%,2024-09-27,2024_3Q,3
광주 9계 2023-73824(1),아파트,아파트,아파트,광주,서구,"광주 서구 쌍촌동 452-22 ,452-26 일신 105동 4층 407호","395,000,000","276,500,000",낙찰,"341,000,000",86.30%,2024-07-17,2024_3Q,3
광주 9계 2023-73824(2),아파트,아파트,아파트,광주,서구,"광주 서구 쌍촌동 452-22 ,452-26 일신 103동 16층 1604호","275,000,000","192,500,000",낙찰,"236,500,000",86.00%,2024-07-17,2024_3Q,3
광주 9계 2023-74353,아파트,아파트,아파트,광주,남구,광주 남구 백운동 514-44 스카이맨션 5층 501호,"66,000,000","46,200,000",낙찰,"50,000,000",75.80%,2024-07-17,2024_3Q,3
광주 3계 2023-74728,숙박시설,숙박시설,숙박시설,광주,북구,"광주 북구 신안동 9-16 ,9-11","1,613,430,600","578,254,000",낙찰,"670,110,000",41.50%,2024-09-05,2024_3Q,3
광주 10계 2023-75240,연립,연립주택,연립·빌라,광주,광산구,광주 광산구 수완동 325 수완포레 102동 2층 202호,"350,000,000","196,000,000",낙찰,"225,900,000",64.50%,2024-08-09,2024_3Q,3
광주 2계 2023-75257,연립,연립주택,연립·빌라,광주,광산구,광주 광산구 수완동 325 수완포레 102동 3층 302호,"364,000,000","203,840,000",낙찰,"209,888,000",57.70%,2024-07-04,2024_3Q,3
광주 10계 2023-75561,근린상가,근린상가,근린상가,광주,광산구,광주 광산구 쌍암동 694-69 미르채프라자 1층 106호,"833,000,000","466,480,000",낙찰,"606,800,000",72.80%,2024-09-27,2024_3Q,3
광주 4계 2023-76243(1),근린상가,근린상가,근린상가,광주,북구,"광주 북구 용봉동 17-1 ,17-16,17-21,30-55,30-58,110-14,오치동 457-5 굿모닝타운 8층 801호","384,000,000","215,040,000",낙찰,"285,128,000",74.30%,2024-07-16,2024_3Q,3
광주 4계 2023-76243(2),근린상가,근린상가,근린상가,광주,북구,"광주 북구 용봉동 17-1 ,17-16,17-21,30-55,30-58,110-14,오치동 457-5 굿모닝타운 8층 802호","403,000,000","225,680,000",낙찰,"275,100,000",68.30%,2024-07-16,2024_3Q,3
광주 8계 2023-76618(1),근린상가,근린상가,근린상가,광주,광산구,"광주 광산구 수완동 669-1 ,669-2 수완동올핀스빌딩 B동 2층 201호","1,650,000,000","739,200,000",낙찰,"769,251,000",46.60%,2024-09-12,2024_3Q,3
광주 8계 2023-76618(2),근린상가,근린상가,근린상가,광주,광산구,"광주 광산구 수완동 669-1 ,669-2 수완동올핀스빌딩 B동 3층 301호","1,500,000,000","672,000,000",낙찰,"705,001,000",47.00%,2024-09-12,2024_3Q,3
광주 9계 2023-77321,아파트,아파트,아파트,광주,광산구,광주 광산구 도산동 1316 송정역숲안애 101동 1층 104호,"264,000,000","184,800,000",낙찰,"231,000,000",87.50%,2024-07-17,2024_3Q,3
광주 2계 2023-77413,차량,기타토지,기타토지,광주,광산구,광주 광산구 산정동 156-3 산정주차장내 보관,"17,000,000","9,520,000",낙찰,"10,561,000",62.10%,2024-07-04,2024_3Q,3
광주 5계 2023-77994,임야,임야,임야,광주,광산구,광주 광산구 용봉동 산30-1,"48,752,600","21,842,000",낙찰,"21,843,000",44.80%,2024-09-04,2024_3Q,3
광주 8계 2023-78010,아파트,아파트,아파트,광주,남구,광주 남구 주월동 1134 경남 101동 14층 1401호,"155,000,000","108,500,000",낙찰,"155,000,000",100.00%,2024-09-12,2024_3Q,3
광주 9계 2023-78034,아파트,아파트,아파트,광주,광산구,광주 광산구 신가동 1034 신창6차부영사랑으로 1201동 9층 904호,"330,000,000","231,000,000",낙찰,"259,799,000",78.70%,2024-08-28,2024_3Q,3
광주 3계 2023-78072,단독주택,단독,단독주택,광주,광산구,광주 광산구 옥동 560-10,"767,277,320","343,740,000",낙찰,"385,000,000",50.20%,2024-09-05,2024_3Q,3
광주 7계 2023-78119,답,답,답,광주,남구,광주 남구 석정동 588-2,"203,643,000","91,232,000",낙찰,"97,899,900",48.10%,2024-09-24,2024_3Q,3
광주 9계 2023-78157,주상복합(주거),기타토지,기타토지,광주,남구,광주 남구 봉선동 494 솔뫼렉스케이원 13층 1302호,"841,000,000","588,700,000",낙찰,"712,000,000",84.70%,2024-08-28,2024_3Q,3
광주 3계 2023-78195,연립,연립주택,연립·빌라,광주,북구,광주 북구 두암동 1001 무등산이스토리 106동 1층 101호,"758,000,000","424,480,000",낙찰,"471,710,000",62.20%,2024-09-05,2024_3Q,3
광주 6계 2023-78461,단독주택,단독,단독주택,광주,북구,광주 북구 우산동 171-30,"317,478,750","142,230,000",낙찰,"177,000,000",55.80%,2024-09-11,2024_3Q,3
광주 7계 2023-78737,아파트,아파트,아파트,광주,서구,광주 서구 화정동 830 염주맨션 1동 5층 503호,"173,000,000","96,880,000",낙찰,"110,420,000",63.80%,2024-08-13,2024_3Q,3
광주 8계 2023-78898,근린상가,근린상가,근린상가,광주,광산구,"광주 광산구 월계동 892-8 ,892-10,892-14,892-19 아크레타첨단주건축물제 1동 1층 122호","525,000,000","294,000,000",낙찰,"305,200,000",58.10%,2024-08-08,2024_3Q,3
광주 2계 2023-78935,다세대,다세대주택,다세대,광주,남구,광주 남구 방림동 106-2 하임퍼스트 4층 401호,"130,400,000","46,735,000",낙찰,"46,781,200",35.90%,2024-09-26,2024_3Q,3
광주 7계 2023-78980,아파트,아파트,아파트,광주,북구,광주 북구 일곡동 849-8 진로 101동 3층 307호,"172,000,000","120,400,000",낙찰,"136,890,000",79.60%,2024-07-02,2024_3Q,3
광주 8계 2023-78997,아파트,아파트,아파트,광주,남구,광주 남구 진월동 267 진월1차한신 102동 19층 1904호,"160,000,000","112,000,000",낙찰,"140,890,000",88.10%,2024-09-12,2024_3Q,3
광주 9계 2023-79006,아파트,아파트,아파트,광주,북구,광주 북구 일곡동 819-2 현대 101동 9층 902호,"162,000,000","113,400,000",낙찰,"143,000,000",88.30%,2024-07-17,2024_3Q,3
광주 7계 2023-79082,아파트,아파트,아파트,광주,북구,광주 북구 문흥동 1010-1 광명 101동 13층 1304호,"142,000,000","142,000,000",낙찰,"142,000,000",100.00%,2024-07-02,2024_3Q,3
광주 2계 2023-79150(2),아파트상가,아파트상가,기타토지,광주,북구,광주 북구 삼각동 839 삼각골드클래스 상가2동 3층 303호,"220,000,000","123,200,000",낙찰,"132,211,110",60.10%,2024-07-04,2024_3Q,3
광주 8계 2023-79174,차량,기타토지,기타토지,광주,남구,"광주 남구 임암동 678-200 ,665-2,631-8 제3자 지와이피주차장(010-8308-7371)내 보관","12,500,000","5,600,000",낙찰,"6,619,000",53.00%,2024-08-08,2024_3Q,3
광주 10계 2023-79204,차량,기타토지,기타토지,광주,남구,광주 남구 송하동 348-1 송원주차장(010-3622-7261)내 보관,"9,500,000","4,256,000",낙찰,"5,377,700",56.60%,2024-09-27,2024_3Q,3
광주 10계 2023-79273,단독주택,단독,단독주택,광주,동구,광주 동구 계림동 537-1,"35,930,058","25,151,000",낙찰,"27,121,000",75.50%,2024-08-09,2024_3Q,3
광주 8계 2023-79440,연립,연립주택,연립·빌라,광주,광산구,광주 광산구 산정동 1141 어등산한국아델리움2단지 201동 3층 302호,"360,000,000","252,000,000",낙찰,"281,100,000",78.10%,2024-08-08,2024_3Q,3
광주 9계 2023-79594,아파트,아파트,아파트,광주,남구,광주 남구 방림동 556-1 라인호천 209동 4층 508호,"194,000,000","135,800,000",낙찰,"168,889,000",87.10%,2024-07-17,2024_3Q,3
광주 3계 2023-80051,아파트,아파트,아파트,광주,남구,"광주 남구 봉선동 5 ,2-2,3,3-8,4,4-3,6,7,7-2,7-8,산1,산1-1,산1-2,산7-1 명지 A동 2층 201호","162,000,000","90,720,000",낙찰,"102,789,000",63.40%,2024-09-05,2024_3Q,3
광주 7계 2023-80549,아파트,아파트,아파트,광주,북구,"광주 북구 운암동 1038-1 ,1038-25,1038-26 일신 103동 11층 1111호","117,000,000","81,900,000",낙찰,"101,323,000",86.60%,2024-08-13,2024_3Q,3
광주 7계 2023-80563(1),아파트,아파트,아파트,광주,북구,광주 북구 삼각동 755-16 모아호반 102동 14층 1409호,"150,000,000","84,000,000",낙찰,"84,000,000",56.00%,2024-09-24,2024_3Q,3
광주 8계 2023-80655,아파트,아파트,아파트,광주,북구,광주 북구 삼각동 753-10 서라 102동 1층 104호,"120,000,000","84,000,000",낙찰,"118,500,000",98.80%,2024-09-12,2024_3Q,3
광주 9계 2023-80662,아파트,아파트,아파트,광주,북구,"광주 북구 운암동 1038-1 ,1038-25,1038-26 102동 3층 311호","102,000,000","71,400,000",낙찰,"111,000,010",108.80%,2024-08-28,2024_3Q,3
광주 8계 2023-80761,아파트상가,아파트상가,기타토지,광주,남구,광주 남구 진월동 250-8 삼익세라믹 상가동 106동 4층 1호,"208,000,000","208,000,000",낙찰,"235,100,000",113.00%,2024-08-08,2024_3Q,3
광주 6계 2023-80846,주상복합(주거),기타토지,기타토지,광주,동구,"광주 동구 금남로2가 35 ,33-13 무등맨션 10층 1002호","213,000,000","149,100,000",낙찰,"152,230,000",71.50%,2024-07-31,2024_3Q,3
광주 10계 2023-81054,아파트,아파트,아파트,광주,동구,광주 동구 학동 623 학1마을 102동 1층 103호,"226,000,000","158,200,000",낙찰,"201,990,000",89.40%,2024-08-09,2024_3Q,3
광주 7계 2023-81115,아파트,아파트,아파트,광주,광산구,광주 광산구 장덕동 1690 성덕마을 대방노블랜드5차 505동 2층 202호,"836,000,000","585,200,000",낙찰,"719,000,000",86.00%,2024-08-13,2024_3Q,3
광주 10계 2023-81245,근린상가,근린상가,근린상가,광주,광산구,"광주 광산구 수완동 669-1 ,669-2 수완동올핀스빌딩 B동 1층 106호","362,000,000","202,720,000",낙찰,"216,899,999",59.90%,2024-09-27,2024_3Q,3
광주 6계 2023-81290,아파트,아파트,아파트,광주,남구,광주 남구 주월동 700 명지 103동 6층 605호,"121,000,000","84,700,000",낙찰,"104,555,555",86.40%,2024-07-31,2024_3Q,3
광주 9계 2023-81313,아파트,아파트,아파트,광주,서구,광주 서구 금호동 931 만호마을 쌍용예가 102동 14층 1402호,"1,038,480,000","726,936,000",낙찰,"823,000,000",79.30%,2024-08-28,2024_3Q,3
광주 4계 2023-81511(1),연립,연립주택,연립·빌라,광주,광산구,광주 광산구 수완동 325 수완포레 102동 2층 204호,"345,000,000","193,200,000",낙찰,"215,000,000",62.30%,2024-07-16,2024_3Q,3
광주 4계 2023-81511(2),연립,연립주택,연립·빌라,광주,광산구,광주 광산구 수완동 325 수완포레 102동 4층 402호,"383,000,000","214,480,000",낙찰,"240,500,000",62.80%,2024-07-16,2024_3Q,3
광주 7계 2023-81542,아파트,아파트,아파트,광주,서구,광주 서구 화정동 366-19 금호타운 302동 14층 1407호,"232,000,000","162,400,000",낙찰,"193,680,000",83.50%,2024-08-13,2024_3Q,3
광주 10계 2023-81603,아파트,아파트,아파트,광주,광산구,"광주 광산구 월계동 757-3 ,757-4 첨단동부 101동 10층 1003호","500,000,000","350,000,000",낙찰,"386,100,000",77.20%,2024-08-09,2024_3Q,3
광주 10계 2023-81658,차량,기타토지,기타토지,광주,북구,광주 북구 삼각동 754-3 글러벌주차장(010-6245-1001)내 보관,"3,500,000","1,960,000",낙찰,"2,100,000",60.00%,2024-09-27,2024_3Q,3
광주 7계 2023-81702,아파트,아파트,아파트,광주,서구,광주 서구 치평동 1168-11 대주 103동 17층 1710호,"191,000,000","133,700,000",낙찰,"136,860,000",71.70%,2024-08-13,2024_3Q,3
광주 2계 2023-81900,아파트,아파트,아파트,광주,광산구,광주 광산구 운남동 794-3 광주운남7단지주공 703동 20층 2003호,"164,000,000","114,800,000",낙찰,"142,000,000",86.60%,2024-07-04,2024_3Q,3
광주 9계 2023-82019,아파트,아파트,아파트,광주,광산구,광주 광산구 월계동 763-6 호반 201동 5층 501호,"201,000,000","140,700,000",낙찰,"143,300,000",71.30%,2024-08-28,2024_3Q,3
광주 9계 2023-82118,아파트,아파트,아파트,광주,광산구,"광주 광산구 쌍암동 694-70 ,694-71,694-72 첨단도휘에드가2차 7층 713호","63,000,000","44,100,000",낙찰,"48,710,000",77.30%,2024-08-28,2024_3Q,3
광주 2계 2023-82194,다세대,다세대주택,다세대,광주,북구,광주 북구 삼각동 585-15 2층 201호,"162,000,000","90,720,000",낙찰,"91,111,000",56.20%,2024-08-14,2024_3Q,3
광주 2계 2023-82262,다세대,다세대주택,다세대,광주,북구,광주 북구 삼각동 585-15 2층 203호,"169,000,000","94,640,000",낙찰,"94,647,000",56.00%,2024-08-14,2024_3Q,3
광주 2계 2023-82286,다세대,다세대주택,다세대,광주,북구,광주 북구 삼각동 585-15 4층 401호,"191,000,000","106,960,000",낙찰,"115,111,000",60.30%,2024-08-14,2024_3Q,3
광주 2계 2023-82309,다세대,다세대주택,다세대,광주,북구,광주 북구 삼각동 585-15 엘르빌 4층 402호,"180,000,000","100,800,000",낙찰,"115,111,000",64.00%,2024-08-14,2024_3Q,3
광주 9계 2023-82354,연립,연립주택,연립·빌라,광주,북구,"광주 북구 삼각동 753-33 ,753-54 파레스빌라 4층 403호","95,000,000","66,500,000",낙찰,"71,777,000",75.60%,2024-08-28,2024_3Q,3
광주 6계 2023-82361,다가구,다가구,다가구,광주,북구,광주 북구 일곡동 915-6,"791,670,600","554,169,000",낙찰,"586,810,000",74.10%,2024-07-31,2024_3Q,3
광주 3계 2023-82392,아파트,아파트,아파트,광주,북구,광주 북구 오치동 862-9 삼익2차 202동 5층 505호,"170,000,000","119,000,000",낙찰,"135,320,000",79.60%,2024-07-25,2024_3Q,3
광주 7계 2023-82903,아파트,아파트,아파트,광주,북구,광주 북구 삼각동 755-16 모아호반 102동 7층 710호,"140,000,000","78,400,000",낙찰,"87,000,000",62.10%,2024-09-24,2024_3Q,3
광주 6계 2023-83104,아파트,아파트,아파트,광주,북구,광주 북구 일곡동 849-1 한일 104동 21층 2103호,"166,000,000","116,200,000",낙찰,"141,205,800",85.10%,2024-07-31,2024_3Q,3
광주 2계 2023-83449,아파트,아파트,아파트,광주,서구,광주 서구 쌍촌동 96 광명하이츠타운 101동 16층 1608호,"185,000,000","129,500,000",낙찰,"153,920,000",83.20%,2024-07-04,2024_3Q,3
광주 3계 2023-83692,다세대,다세대주택,다세대,광주,서구,광주 서구 치평동 1259-4 상무이다움골드 8층 816호,"83,500,000","46,760,000",낙찰,"54,850,000",65.70%,2024-09-05,2024_3Q,3
광주 2계 2023-83753,오피스텔(주거),오피스텔,오피스텔(업무용),광주,서구,광주 서구 치평동 1258-5 상무리채2 7층 718호,"73,000,000","51,100,000",낙찰,"63,350,000",86.80%,2024-08-14,2024_3Q,3
광주 6계 2023-83814,대지,나대지,나대지,광주,광산구,광주 광산구 송정동 576-26,"17,420,000","9,755,000",낙찰,"12,001,000",68.90%,2024-09-11,2024_3Q,3
광주 10계 2023-84008,차량,기타토지,기타토지,광주,서구,광주 서구 벽진동 537-1 하나로에프앤씨주차장(010-5372-2362)내 보관,"9,000,000","5,040,000",낙찰,"5,890,000",65.40%,2024-08-09,2024_3Q,3
광주 4계 2023-84060,중기,기타토지,기타토지,광주,광산구,광주 광산구 우산동 218-5 서창다리주차장(010-8466-0864)내 보관,"45,000,000","31,500,000",낙찰,"35,620,000",79.20%,2024-07-16,2024_3Q,3
광주 10계 2023-84435,차량,기타토지,기타토지,광주,광산구,광주 광산구 우산동 218-5 서창다리주차장(010-8466-0864)내 보관,"5,000,000","2,800,000",낙찰,"3,200,000",64.00%,2024-08-09,2024_3Q,3
광주 3계 2023-84534,아파트,아파트,아파트,광주,서구,광주 서구 동천동 506 동천 센트럴파크 201동 15층 1503호,"405,000,000","283,500,000",낙찰,"325,699,000",80.40%,2024-09-05,2024_3Q,3
광주 7계 2023-84756,아파트,아파트,아파트,광주,동구,광주 동구 학동 719-1 5층 501호,"225,000,000","157,500,000",낙찰,"191,316,000",85.00%,2024-09-24,2024_3Q,3
광주 6계 2023-84800,아파트,아파트,아파트,광주,북구,광주 북구 각화동 587 각화골드클래스 104동 10층 1001호,"295,000,000","206,500,000",낙찰,"242,238,000",82.10%,2024-09-11,2024_3Q,3
광주 5계 2023-84923,단독주택,단독,단독주택,광주,북구,광주 북구 두암동 311-1,"1,015,049,920","710,535,000",낙찰,"720,100,000",70.90%,2024-07-24,2024_3Q,3
광주 7계 2023-84930,아파트,아파트,아파트,광주,북구,광주 북구 문흥동 1010-2 104동 20층 2005호,"126,000,000","88,200,000",낙찰,"118,000,000",93.70%,2024-09-24,2024_3Q,3
광주 3계 2023-84985,아파트,아파트,아파트,광주,광산구,광주 광산구 월곡동 681-1 영천마을 주공 909동 4층 402호,"253,000,000","177,100,000",낙찰,"227,900,000",90.10%,2024-09-05,2024_3Q,3
광주 6계 2023-85124,아파트,아파트,아파트,광주,서구,광주 서구 광천동 895 광천이편한세상 119동 6층 601호,"718,000,000","502,600,000",낙찰,"653,110,000",91.00%,2024-09-11,2024_3Q,3
광주 10계 2023-85285,아파트,아파트,아파트,광주,광산구,광주 광산구 쌍암동 682-1 에이엠시티5차 3층 303호,"88,000,000","88,000,000",낙찰,"88,000,000",100.00%,2024-09-27,2024_3Q,3
광주 7계 2023-85452,차량,기타토지,기타토지,광주,북구,광주 북구 삼각동 754-3 제3자심하은(010-6245-1001)에게 보관,"21,000,000","14,700,000",낙찰,"18,519,000",88.20%,2024-07-02,2024_3Q,3
광주 3계 2024-45,오피스텔,오피스텔,오피스텔(업무용),광주,북구,광주 북구 신안동 134-7 3층 332호,"22,000,000","15,400,000",낙찰,"16,877,000",76.70%,2024-09-05,2024_3Q,3
광주 4계 2024-144,단독주택,단독,단독주택,광주,북구,광주 북구 두암동 906-4,"171,235,800","119,865,000",낙찰,"126,110,000",73.60%,2024-08-27,2024_3Q,3
광주 2계 2024-212,아파트,아파트,아파트,광주,광산구,광주 광산구 소촌동 869 소촌동대성베르힐 103동 7층 702호,"287,000,000","200,900,000",낙찰,"238,299,000",83.00%,2024-08-14,2024_3Q,3
광주 4계 2024-434,아파트,아파트,아파트,광주,서구,광주 서구 금호동 739-1 금호동라인 104동 5층 506호,"200,000,000","200,000,000",낙찰,"201,740,000",100.90%,2024-07-16,2024_3Q,3
광주 5계 2024-533,아파트,아파트,아파트,광주,광산구,광주 광산구 신가동 1058 수완지구호반베르디움1차 111동 17층 1701호,"602,000,000","421,400,000",낙찰,"584,000,000",97.00%,2024-07-24,2024_3Q,3
광주 4계 2024-670,아파트,아파트,아파트,광주,서구,광주 서구 금호동 813 대주파크빌 105동 11층 1106호,"210,000,000","147,000,000",낙찰,"172,750,000",82.30%,2024-08-27,2024_3Q,3
광주 4계 2024-755,아파트,아파트,아파트,광주,북구,광주 북구 문흥동 996-2 공간 101동 8층 812호,"150,000,000","105,000,000",낙찰,"142,000,000",94.70%,2024-08-27,2024_3Q,3
광주 1계 2024-816,아파트,아파트,아파트,광주,북구,광주 북구 문흥동 996-3 라인1단지 101동 2층 202호,"130,000,000","91,000,000",낙찰,"111,237,010",85.60%,2024-09-25,2024_3Q,3
광주 1계 2024-1161,아파트,아파트,아파트,광주,광산구,광주 광산구 장덕동 1043 수완지구호반베르디움2차 205동 11층 1104호,"489,000,000","342,300,000",낙찰,"420,990,000",86.10%,2024-08-07,2024_3Q,3
광주 11계 2024-1307,아파트,아파트,아파트,광주,광산구,광주 광산구 월계동 763-6 호반 205동 1층 106호,"203,000,000","142,100,000",낙찰,"151,260,000",74.50%,2024-09-30,2024_3Q,3
광주 5계 2024-1437,아파트,아파트,아파트,광주,북구,광주 북구 두암동 63-1 무등파크맨션 102동 10층 1007호,"167,000,000","116,900,000",낙찰,"125,100,000",74.90%,2024-07-24,2024_3Q,3
광주 11계 2024-1468,아파트,아파트,아파트,광주,북구,광주 북구 양산동 366-1 한양 3층 307호,"179,000,000","125,300,000",낙찰,"131,530,000",73.50%,2024-09-30,2024_3Q,3
광주 11계 2024-1604,아파트,아파트,아파트,광주,남구,광주 남구 진월동 879 진월동 양지바른 101동 5층 503호,"280,000,000","196,000,000",낙찰,"245,100,000",87.50%,2024-09-30,2024_3Q,3
광주 5계 2024-1611(1),오피스텔(주거),오피스텔,오피스텔(업무용),광주,서구,광주 서구 농성동 415-57 농성지오스테이션 18층 1806호,"247,000,000","172,900,000",낙찰,"186,890,000",75.70%,2024-09-04,2024_3Q,3
광주 9계 2024-1819,차량,기타토지,기타토지,광주,서구,광주 서구 벽진동 537-1 하나로에프엔씨주차장(010-5372-2362)내 보관,"28,000,000","19,600,000",낙찰,"21,280,000",76.00%,2024-07-17,2024_3Q,3
광주 5계 2024-1833(1),근린상가,근린상가,근린상가,광주,서구,광주 서구 화정동 12-17 금호월드 6층 63호,"41,500,000","29,050,000",낙찰,"31,508,000",75.90%,2024-09-04,2024_3Q,3
광주 5계 2024-1833(2),근린상가,근린상가,근린상가,광주,서구,광주 서구 화정동 12-17 금호월드 6층 64호,"41,500,000","29,050,000",낙찰,"34,508,000",83.20%,2024-09-04,2024_3Q,3
광주 5계 2024-1833(3),근린상가,근린상가,근린상가,광주,서구,광주 서구 화정동 12-17 금호월드 6층 65호,"55,000,000","38,500,000",낙찰,"44,108,000",80.20%,2024-09-04,2024_3Q,3
광주 11계 2024-2003(2),전,전,전,광주,광산구,광주 광산구 산정동 255-15,"99,903,000","99,903,000",낙찰,"105,001,000",105.10%,2024-09-30,2024_3Q,3
광주 4계 2024-2447,아파트,아파트,아파트,광주,북구,광주 북구 신용동 737 광주첨단2지구사랑으로부영 112동 21층 2102호,"275,000,000","192,500,000",낙찰,"235,000,000",85.50%,2024-08-27,2024_3Q,3
광주 5계 2024-2614,차량,기타토지,기타토지,광주,서구,광주 서구 벽진동 537-1 하나로에프앤씨주기장(010-3931-9875)내 보관,"2,500,000","2,500,000",낙찰,"2,610,000",104.40%,2024-07-24,2024_3Q,3
광주 7계 2024-2867,중기,기타토지,기타토지,광주,광산구,광주 광산구 월전동 92-1 평동주차장내 보관(제3자양애리에게보관),"190,000,000","133,000,000",낙찰,"172,222,000",90.60%,2024-09-24,2024_3Q,3
광주 7계 2024-60047,아파트,아파트,아파트,광주,동구,광주 동구 용산동 147-1 호반 2층 207호,"91,000,000","63,700,000",낙찰,"65,828,200",72.30%,2024-09-24,2024_3Q,3
광주 4계 2024-60252,주상복합(주거),기타토지,기타토지,광주,서구,광주 서구 화정동 23-15 금호하이빌 5층 508호,"93,000,000","65,100,000",낙찰,"82,200,000",88.40%,2024-08-27,2024_3Q,3
광주 4계 2024-60351,공장,공장(지식산업센터 업무시설),공장,광주,광산구,광주 광산구 용동 673-5,"1,387,351,540","1,387,351,540",낙찰,"1,450,037,000",104.50%,2024-07-16,2024_3Q,3
광주 2계 2024-60443,아파트,아파트,아파트,광주,광산구,"광주 광산구 쌍암동 660-7 ,660-8 에이엠시티4차 3층 305호","74,000,000","51,800,000",낙찰,"66,752,700",90.20%,2024-08-14,2024_3Q,3
광주 10계 2024-60597,차량,기타토지,기타토지,광주,광산구,광주 광산구 산정동 156-2 산정주차장(062-953-8424)내 보관,"15,000,000","10,500,000",낙찰,"11,763,000",78.40%,2024-08-09,2024_3Q,3
광주 2계 2024-60689,아파트,아파트,아파트,광주,북구,광주 북구 신용동 643-1 용두주공 108동 20층 2001호,"191,000,000","133,700,000",낙찰,"142,000,000",74.30%,2024-08-14,2024_3Q,3
광주 2계 2024-60788,대지,나대지,나대지,광주,남구,광주 남구 월산동 117-2,"256,880,000","179,816,000",낙찰,"205,111,111",79.80%,2024-08-14,2024_3Q,3
광주 5계 2024-60818,아파트,아파트,아파트,광주,북구,광주 북구 운암동 1101-1 나산 102동 3층 304호,"166,000,000","116,200,000",낙찰,"148,000,000",89.20%,2024-07-24,2024_3Q,3
광주 7계 2024-60900,아파트,아파트,아파트,광주,남구,광주 남구 방림동 566 방림광신프로그레스 101동 3층 303호,"383,000,000","268,100,000",낙찰,"296,999,990",77.50%,2024-09-24,2024_3Q,3
광주 7계 2024-61163,차량,기타토지,기타토지,광주,북구,광주 북구 삼각동 754-3 제3자글로벌주차장(010-6245-1001)내보관,"8,300,000","4,648,000",낙찰,"6,850,000",82.50%,2024-09-24,2024_3Q,3
광주 4계 2024-61514(1),아파트,아파트,아파트,광주,광산구,광주 광산구 쌍암동 694-129 한양에드가 1차 3층 310호,"54,000,000","37,800,000",낙찰,"40,300,000",74.60%,2024-08-27,2024_3Q,3
광주 4계 2024-61514(2),아파트,아파트,아파트,광주,광산구,광주 광산구 월계동 884-2 첨단에이엠시티 3층 306호,"50,000,000","35,000,000",낙찰,"42,500,000",85.00%,2024-08-27,2024_3Q,3
광주 2계 2024-61989,아파트,아파트,아파트,광주,광산구,광주 광산구 산월동 884-1 첨단3-2차호반리젠시빌 308동 9층 902호,"348,000,000","243,600,000",낙찰,"250,009,000",71.80%,2024-09-26,2024_3Q,3
광주 8계 2024-62029,차량,기타토지,기타토지,광주,광산구,광주 광산구 우산동 218-5 제3자서창다리주차장내 보관,"8,000,000","3,584,000",낙찰,"3,667,000",45.80%,2024-09-12,2024_3Q,3
광주 5계 2024-62036,아파트,아파트,아파트,광주,북구,광주 북구 신용동 643-1 용두주공 116동 4층 402호,"176,000,000","123,200,000",낙찰,"135,520,000",77.00%,2024-09-04,2024_3Q,3
광주 11계 2024-62104,점포,근린상가,점포상가,광주,동구,광주 동구 금동 211-20,"535,968,430","535,968,430",낙찰,"542,670,000",101.30%,2024-08-20,2024_3Q,3
광주 1계 2024-62517,아파트,아파트,아파트,광주,북구,광주 북구 신용동 671 첨단2지구중흥에스-클래스 109동 2층 201호,"692,000,000","484,400,000",낙찰,"630,000,000",91.00%,2024-08-07,2024_3Q,3
광주 2계 2024-62593,차량,기타토지,기타토지,광주,광산구,광주 광산구 우산동 218-5 서창다리주차장내 보관,"4,500,000","2,016,000",낙찰,"2,450,000",54.40%,2024-09-26,2024_3Q,3
광주 11계 2024-62609,아파트,아파트,아파트,광주,북구,"광주 북구 양산동 205-1 ,용두동 296-19 일신 102동 7층 712호","142,000,000","99,400,000",낙찰,"113,120,000",79.70%,2024-09-30,2024_3Q,3
광주 5계 2024-63053,아파트,아파트,아파트,광주,남구,광주 남구 봉선동 70 한국아델리움 106동 15층 1503호,"1,810,000,000","1,810,000,000",낙찰,"2,188,000,000",120.90%,2024-07-24,2024_3Q,3
광주 5계 2024-63541,대지,나대지,나대지,광주,남구,광주 남구 월산동 323-106,"12,650,000","8,855,000",낙찰,"9,360,000",74.00%,2024-09-04,2024_3Q,3
광주 4계 2024-63947,아파트,아파트,아파트,광주,북구,광주 북구 신용동 651 한양수자인리버뷰 103동 1층 101호,"458,000,000","320,600,000",낙찰,"403,100,000",88.00%,2024-08-27,2024_3Q,3
광주 2계 2024-64032,중기,기타토지,기타토지,광주,광산구,광주 광산구 산정동 156-3 산정주차장내 보관,"40,000,000","28,000,000",낙찰,"28,000,000",70.00%,2024-07-04,2024_3Q,3
광주 1계 2024-64124,아파트,아파트,아파트,광주,북구,광주 북구 운암동 965 현대 101동 20층 2001호,"245,000,000","171,500,000",낙찰,"173,110,000",70.70%,2024-08-07,2024_3Q,3
광주 11계 2024-64438,아파트,아파트,아파트,광주,서구,광주 서구 치평동 1249 상무광명메이루즈 102동 29층 2903호,"725,000,000","507,500,000",낙찰,"622,185,000",85.80%,2024-09-30,2024_3Q,3
광주 11계 2024-64476,아파트,아파트,아파트,광주,남구,광주 남구 백운동 696 백운우방아이유쉘 101동 13층 1303호,"405,000,000","283,500,000",낙찰,"320,180,000",79.10%,2024-09-30,2024_3Q,3
광주 4계 2024-64490(1),전,전,전,광주,광산구,광주 광산구 도천동 112-14,"423,040,000","423,040,000",낙찰,"436,310,000",103.10%,2024-07-16,2024_3Q,3
광주 4계 2024-64490(2),전,전,전,광주,광산구,광주 광산구 도천동 112-25,"224,400,000","224,400,000",낙찰,"311,310,000",138.70%,2024-07-16,2024_3Q,3
광주 4계 2024-64490(3),임야,임야,임야,광주,광산구,광주 광산구 도천동 산44-19,"291,710,000","291,710,000",낙찰,"311,310,000",106.70%,2024-07-16,2024_3Q,3
광주 4계 2024-64490(4),전,전,전,광주,광산구,광주 광산구 도천동 112-5,"1,266,480,000","1,266,480,000",낙찰,"1,279,310,000",101.00%,2024-07-16,2024_3Q,3
광주 8계 2024-64766,차량,기타토지,기타토지,광주,광산구,광주 광산구 우산동 218-5 서창다리주차장내 보관,"7,000,000","4,900,000",낙찰,"6,130,000",87.60%,2024-09-12,2024_3Q,3
광주 5계 2024-65110(2),아파트,아파트,아파트,광주,북구,광주 북구 삼각동 754-2 드림네스트삼각1차 3층 304호,"216,000,000","151,200,000",낙찰,"152,120,000",70.40%,2024-09-04,2024_3Q,3
광주 5계 2024-65110(4),아파트,아파트,아파트,광주,북구,광주 북구 삼각동 754-2 드림네스트삼각1차 6층 602호,"221,000,000","154,700,000",낙찰,"160,000,000",72.40%,2024-09-04,2024_3Q,3
광주 5계 2024-65110(5),아파트,아파트,아파트,광주,북구,광주 북구 삼각동 754-2 드림네스트삼각1차 6층 604호,"221,000,000","154,700,000",낙찰,"182,000,900",82.40%,2024-09-04,2024_3Q,3
광주 5계 2024-65110(6),아파트,아파트,아파트,광주,북구,광주 북구 삼각동 754-2 드림네스트삼각1차 7층 701호,"224,000,000","156,800,000",낙찰,"157,770,000",70.40%,2024-09-04,2024_3Q,3
광주 11계 2024-65233,아파트,아파트,아파트,광주,동구,"광주 동구 계림동 100-1 ,508-9,508-13,508-14,1062,1055 금호타운 105동 11층 1102호","296,000,000","207,200,000",낙찰,"246,100,000",83.10%,2024-09-30,2024_3Q,3
광주 5계 2024-65370,아파트,아파트,아파트,광주,동구,광주 동구 운림동 570 광명샤인빌 101동 7층 701호,"412,000,000","288,400,000",낙찰,"290,100,000",70.40%,2024-09-04,2024_3Q,3
광주 6계 2024-65677,차량,기타토지,기타토지,광주,광산구,광주 광산구 월전동 92-1 평동주차장내 보관(제3자 평동주차장 양애리 보관(010-4628-2670)),"8,000,000","5,600,000",낙찰,"6,700,900",83.80%,2024-09-11,2024_3Q,3
광주 8계 2024-65769,차량,기타토지,기타토지,광주,광산구,광주 광산구 우산동 218-5 서창다리주차장내 보관,"75,000,000","52,500,000",낙찰,"71,020,000",94.70%,2024-08-08,2024_3Q,3
광주 9계 2024-65974,차량,기타토지,기타토지,광주,광산구,광주 광산구 우산동 218-5 사창다리주차장(010-8466-0864)내 보관,"19,000,000","13,300,000",낙찰,"15,500,000",81.60%,2024-07-17,2024_3Q,3
광주 10계 2024-65981,차량,기타토지,기타토지,광주,광산구,광주 광산구 우산동 218-5 서창다리주차장(010-8466-0864)내 보관,"8,000,000","4,480,000",낙찰,"4,481,000",56.00%,2024-09-27,2024_3Q,3
광주 11계 2024-66199,아파트,아파트,아파트,광주,광산구,광주 광산구 산정동 1056 부영애시앙 212동 1층 106호,"263,000,000","184,100,000",낙찰,"225,000,000",85.60%,2024-09-30,2024_3Q,3
광주 4계 2024-67611,차량,기타토지,기타토지,광주,광산구,광주 광산구 우산동 218-5 서창다리주차장내 보관(010-8466-0864),"25,000,000","17,500,000",낙찰,"22,080,000",88.30%,2024-08-27,2024_3Q,3
광주 5계 2024-68614,차량,기타토지,기타토지,광주,광산구,광주 광산구 산정동 156 여대주차장(062-953-8424)내 보관,"15,000,000","10,500,000",낙찰,"11,001,111",73.30%,2024-09-04,2024_3Q,3
광주 4계 2024-68874,차량,기타토지,기타토지,광주,북구,광주 북구 삼각동 754-3 글로벌주차장(010-6425-1001)내 보관,"17,000,000","17,000,000",낙찰,"17,399,999",102.40%,2024-08-27,2024_3Q,3
광주 3계 2024-69907,차량,기타토지,기타토지,광주,서구,"광주 서구 벽진동 537-1 하나로에프엔씨내 보관(연락처 010-5372-2362, 010-3931-9875)","28,000,000","19,600,000",낙찰,"24,617,000",87.90%,2024-09-05,2024_3Q,3
광주 1계 2024-72934,차량,기타토지,기타토지,광주,남구,광주 남구 송하동 348-1 송원주차장(010-3622-7261)내보관,"13,000,000","13,000,000",낙찰,"13,133,000",101.00%,2024-09-25,2024_3Q,3
광주 6계 2021-61117,아파트,아파트,아파트,광주,북구,광주 북구 동림동 26-1 우미 101동 12층 1201호,"100,000,000","70,000,000",낙찰,"88,911,000",88.90%,2024-06-19,2024_2Q,3
광주 3계 2021-75789,오피스텔,오피스텔,오피스텔(업무용),광주,광산구,광주 광산구 송정동 763-12 펠릭스골드 3층 305호,"79,000,000","2,432,000",낙찰,"2,473,000",3.10%,2024-05-02,2024_2Q,3
광주 5계 2022-7622,다가구,다가구,다가구,광주,서구,광주 서구 쌍촌동 1200-8,"234,694,500","84,114,000",낙찰,"84,224,000",35.90%,2024-05-01,2024_2Q,3
광주 3계 2022-8359(31),아파트,아파트,아파트,광주,서구,광주 서구 치평동 1166-7 호반 102동 14층 1403호,"193,000,000","44,270,000",낙찰,"50,000,000",25.90%,2024-06-13,2024_2Q,3
광주 9계 2022-63769,오피스텔(주거),오피스텔,오피스텔(업무용),광주,북구,광주 북구 신안동 478-5 굿마인드 3층 302호,"62,000,000","1,527,000",낙찰,"1,527,000",2.50%,2024-06-05,2024_2Q,3
광주 10계 2022-64328,아파트,아파트,아파트,광주,광산구,광주 광산구 신가동 1304 아름마을대방노블랜드 103동 14층 1402호,"580,000,000","406,000,000",낙찰,"431,000,000",74.30%,2024-06-28,2024_2Q,3
광주 10계 2022-75519(1),다세대,다세대주택,다세대,광주,서구,광주 서구 쌍촌동 537-2 마당채 1층 101호,"44,800,000","5,262,000",낙찰,"8,200,000",18.30%,2024-05-17,2024_2Q,3
광주 10계 2022-75519(2),다세대,다세대주택,다세대,광주,서구,광주 서구 쌍촌동 537-2 마당채 1층 102호,"39,800,000","3,739,000",낙찰,"6,000,000",15.10%,2024-06-28,2024_2Q,3
광주 10계 2022-75519(15),다세대,다세대주택,다세대,광주,서구,광주 서구 쌍촌동 537-2 마당채 4층 401호,"46,200,000","4,960,000",낙찰,"5,119,900",11.10%,2024-06-28,2024_2Q,3
광주 10계 2022-75519(17),다세대,다세대주택,다세대,광주,서구,광주 서구 쌍촌동 537-2 마당채 4층 403호,"41,000,000","3,851,000",낙찰,"4,219,900",10.30%,2024-06-28,2024_2Q,3
광주 10계 2022-75519(19),다세대,다세대주택,다세대,광주,서구,광주 서구 쌍촌동 537-2 마당채 4층 406호,"53,700,000","5,045,000",낙찰,"5,219,900",9.70%,2024-06-28,2024_2Q,3
광주 7계 2022-75649(1),임야,임야,임야,광주,남구,광주 남구 주월동 산228-8,"968,058,000","277,562,000",낙찰,"277,570,000",28.70%,2024-05-21,2024_2Q,3
광주 3계 2023-1911,아파트,아파트,아파트,광주,남구,광주 남구 방림동 556-1 라인효친 207동 4층 509호,"228,000,000","159,600,000",낙찰,"174,500,000",76.50%,2024-05-02,2024_2Q,3
광주 1계 2023-2129,아파트,아파트,아파트,광주,북구,광주 북구 문흥동 919 대주맨션 101동 9층 912호,"95,000,000","66,500,000",낙찰,"78,595,000",82.70%,2024-04-03,2024_2Q,3
광주 3계 2023-2136,오피스텔(주거),오피스텔,오피스텔(업무용),광주,남구,"광주 남구 봉선동 480 ,479,481,482,483-11,483-21,483-31,483-41,483-42 더플레이스봉선 8층 809호","206,000,000","37,801,000",낙찰,"38,000,000",18.40%,2024-05-02,2024_2Q,3
광주 10계 2023-2549,근린상가,근린상가,근린상가,광주,동구,"광주 동구 호남동 72-1 ,39-8,39-21,39-31,황금동 113-1 충장로이스토리 4층 401호","770,000,000","344,960,000",낙찰,"426,000,000",55.30%,2024-04-05,2024_2Q,3
광주 4계 2023-2983(2),근린상가,근린상가,근린상가,광주,북구,"광주 북구 연제동 217 ,217-1,217-9,217-10 유엔어스타워 2층 203호","1,480,000,000","424,346,000",낙찰,"453,900,000",30.70%,2024-04-23,2024_2Q,3
광주 6계 2023-3429,전,전,전,광주,서구,광주 서구 농성동 108-5,"92,140,000","33,022,000",낙찰,"41,300,000",44.80%,2024-06-19,2024_2Q,3
광주 7계 2023-3825,근린상가,근린상가,근린상가,광주,남구,광주 남구 임암동 869 3층 302호,"524,000,000","234,752,000",낙찰,"243,000,000",46.40%,2024-04-09,2024_2Q,3
광주 2계 2023-3979,아파트,아파트,아파트,광주,광산구,광주 광산구 수완동 933 해솔마을 현진에버빌1단지 106동 7층 701호,"1,050,000,000","735,000,000",낙찰,"819,600,000",78.10%,2024-05-23,2024_2Q,3
광주 1계 2023-4200,전,전,전,광주,동구,광주 동구 운림동 518,"127,908,000","45,842,000",낙찰,"57,709,990",45.10%,2024-04-03,2024_2Q,3
광주 1계 2023-4217,중기,기타토지,기타토지,광주,북구,광주 북구 삼각동 754-3 글로벌주차장내 보관,"35,000,000","15,680,000",낙찰,"17,088,000",48.80%,2024-06-26,2024_2Q,3
광주 6계 2023-4514,단독주택,단독,단독주택,광주,서구,광주 서구 농성동 380-86,"462,661,100","323,863,000",낙찰,"338,000,000",73.10%,2024-06-19,2024_2Q,3
광주 10계 2023-5395,아파트,아파트,아파트,광주,광산구,광주 광산구 월계동 757-5 모아 102동 8층 807호,"400,000,000","280,000,000",낙찰,"312,990,000",78.20%,2024-04-05,2024_2Q,3
광주 4계 2023-5517,아파트,아파트,아파트,광주,북구,"광주 북구 연제동 33-7 ,양산동 660 한국아델리움 203동 19층 1903호","257,000,000","179,900,000",낙찰,"180,720,000",70.30%,2024-04-23,2024_2Q,3
광주 7계 2023-5685(2),아파트상가,아파트상가,기타토지,광주,광산구,"광주 광산구 송정동 918-3 ,950-27 송정2차라인 상가동 3층 304호","27,100,000","18,970,000",낙찰,"20,200,000",74.50%,2024-04-09,2024_2Q,3
광주 7계 2023-5753,아파트,아파트,아파트,광주,광산구,광주 광산구 쌍암동 682-1 에이엠시티5차 3층 313호,"87,000,000","48,720,000",낙찰,"80,000,000",92.00%,2024-05-21,2024_2Q,3
광주 9계 2023-5791(1),다세대,다세대주택,다세대,광주,북구,광주 북구 운암동 140-23 모주빌 102동 101호,"97,000,000","67,900,000",낙찰,"70,910,000",73.10%,2024-06-05,2024_2Q,3
광주 9계 2023-5791(2),다세대,다세대주택,다세대,광주,북구,광주 북구 운암동 140-23 모주빌 102동 301호,"100,000,000","70,000,000",낙찰,"75,000,000",75.00%,2024-06-05,2024_2Q,3
광주 9계 2023-5791(3),다세대,다세대주택,다세대,광주,북구,광주 북구 운암동 140-23 모주빌 102동 302호,"100,000,000","70,000,000",낙찰,"72,000,000",72.00%,2024-06-05,2024_2Q,3
광주 10계 2023-5876,아파트,아파트,아파트,광주,남구,광주 남구 백운동 696 백운우방아이유쉘 104동 4층 401호,"431,000,000","301,700,000",낙찰,"342,421,000",79.40%,2024-06-28,2024_2Q,3
광주 1계 2023-5920,아파트,아파트,아파트,광주,북구,광주 북구 두암동 968-1 율곡타운 105동 5층 501호,"118,000,000","82,600,000",낙찰,"95,699,999",81.10%,2024-04-03,2024_2Q,3
광주 3계 2023-6213,단독주택,단독,단독주택,광주,남구,광주 남구 주월동 431-21,"337,285,610","236,100,000",낙찰,"291,750,000",86.50%,2024-05-02,2024_2Q,3
광주 5계 2023-6275,단독주택,단독,단독주택,광주,남구,광주 남구 방림동 471-16,"515,559,760","360,892,000",낙찰,"380,000,000",73.70%,2024-06-12,2024_2Q,3
광주 10계 2023-6381,아파트,아파트,아파트,광주,광산구,광주 광산구 신가동 1304 아름마을대방노블랜드 101동 10층 1001호,"482,000,000","337,400,000",낙찰,"437,640,000",90.80%,2024-05-17,2024_2Q,3
광주 9계 2023-6466,아파트,아파트,아파트,광주,서구,광주 서구 금호동 786 마재마을 주은 103동 9층 902호,"286,000,000","200,200,000",낙찰,"257,777,777",90.10%,2024-04-24,2024_2Q,3
광주 9계 2023-6633,아파트,아파트,아파트,광주,서구,광주 서구 풍암동 1058 삼능 105동 9층 903호,"170,000,000","119,000,000",낙찰,"142,500,000",83.80%,2024-04-24,2024_2Q,3
광주 9계 2023-6817,단독주택,단독,단독주택,광주,서구,광주 서구 쌍촌동 997-46,"347,131,790","194,394,000",낙찰,"253,000,000",72.90%,2024-06-05,2024_2Q,3
광주 4계 2023-6855,차량,기타토지,기타토지,광주,광산구,광주 광산구 월전동 92-1 평동주차장(010-4628-2670)내 보관,"27,000,000","18,900,000",낙찰,"18,900,000",70.00%,2024-04-23,2024_2Q,3
광주 9계 2023-6893,아파트,아파트,아파트,광주,남구,광주 남구 주월동 1240-1 신천그린 101동 4층 506호,"162,000,000","113,400,000",낙찰,"135,519,999",83.70%,2024-04-24,2024_2Q,3
광주 2계 2023-6923,차량,기타토지,기타토지,광주,광산구,"광주 광산구 산정동 156 현대주차장내 보관(062-953-8424, 010-5550-8424)","10,000,000","5,600,000",낙찰,"6,210,000",62.10%,2024-04-11,2024_2Q,3
광주 9계 2023-6992,아파트,아파트,아파트,광주,북구,광주 북구 각화동 594 힐스테이트각화 103동 29층 2904호,"438,000,000","306,600,000",낙찰,"380,990,000",87.00%,2024-06-05,2024_2Q,3
광주 6계 2023-7070,연립,연립주택,연립·빌라,광주,남구,"광주 남구 월산동 110-18 ,110-6 광전파크 2층 203호","98,000,000","68,600,000",낙찰,"82,229,000",83.90%,2024-05-08,2024_2Q,3
광주 10계 2023-7117,오피스텔(주거),오피스텔,오피스텔(업무용),광주,서구,"광주 서구 쌍촌동 968-3 ,968-5,968-6 에드가리움2차 3층 301호","79,000,000","55,300,000",낙찰,"58,150,000",73.60%,2024-06-28,2024_2Q,3
광주 6계 2023-7278,차량,기타토지,기타토지,광주,광산구,광주 광산구 월전동 92-1 평동주차장내 보관(제3자양애리에게보관(010-4628-2670),"8,500,000","4,760,000",낙찰,"6,111,000",71.90%,2024-05-08,2024_2Q,3
광주 7계 2023-7384,단독주택,단독,단독주택,광주,서구,광주 서구 농성동 392-19,"340,810,820","238,568,000",낙찰,"243,200,000",71.40%,2024-05-21,2024_2Q,3
광주 8계 2023-7391,다가구,다가구,다가구,광주,서구,광주 서구 농성동 391-36,"853,850,880","478,157,000",낙찰,"478,157,000",56.00%,2024-04-04,2024_2Q,3
광주 1계 2023-7438,답,답,답,광주,광산구,광주 광산구 유계동 603-11,"18,173,610","8,142,000",낙찰,"8,350,000",45.90%,2024-05-14,2024_2Q,3
광주 4계 2023-7544,아파트,아파트,아파트,광주,서구,광주 서구 금호동 613-6 진흥더블파크 102동 8층 801호,"585,000,000","409,500,000",낙찰,"465,000,000",79.50%,2024-04-23,2024_2Q,3
광주 4계 2023-7766,아파트,아파트,아파트,광주,광산구,광주 광산구 신가동 1304 아름마을 대방노블랜드 110동 24층 2403호,"495,000,000","346,500,000",낙찰,"442,300,000",89.40%,2024-04-23,2024_2Q,3
광주 1계 2023-7834,아파트,아파트,아파트,광주,북구,광주 북구 문흥동 972-4 문흥라인동산 201동 13층 1303호,"331,000,000","231,700,000",낙찰,"241,500,000",73.00%,2024-04-03,2024_2Q,3
광주 2계 2023-7841(1),아파트,아파트,아파트,광주,광산구,광주 광산구 장덕동 1306 진흥수완더루벤스 105동 24층 2403호,"439,000,000","307,300,000",낙찰,"347,170,000",79.10%,2024-04-11,2024_2Q,3
광주 2계 2023-7841(2),근린상가,근린상가,근린상가,광주,광산구,광주 광산구 장덕동 1633 1층 107호,"411,000,000","230,160,000",낙찰,"241,950,000",58.90%,2024-05-23,2024_2Q,3
광주 4계 2023-7858,공장,공장(지식산업센터 업무시설),공장,광주,북구,광주 북구 월출동 973-8,"1,320,504,500","924,353,000",낙찰,"1,055,587,800",79.90%,2024-06-04,2024_2Q,3
광주 9계 2023-7988,아파트,아파트,아파트,광주,북구,광주 북구 임동 104-7 한국아델리움 102동 1층 102호,"269,000,000","269,000,000",낙찰,"275,290,090",102.30%,2024-06-05,2024_2Q,3
광주 1계 2023-8011,아파트,아파트,아파트,광주,북구,"광주 북구 용봉동 1060-2 ,1060-3,1061-3,1062-1,1076,1076-1,1077-1 우영 2층 215호","85,000,000","59,500,000",낙찰,"70,199,999",82.60%,2024-04-03,2024_2Q,3
광주 7계 2023-8066,아파트,아파트,아파트,광주,동구,광주 동구 용산동 747 무등산골드클래스2차 206동 9층 902호,"389,000,000","272,300,000",낙찰,"382,137,500",98.20%,2024-05-21,2024_2Q,3
광주 6계 2023-8134,아파트,아파트,아파트,광주,광산구,광주 광산구 신창동 1111 신창5차호반베르디움 505동 22층 2201호,"398,000,000","278,600,000",낙찰,"335,111,000",84.20%,2024-06-19,2024_2Q,3
광주 7계 2023-8158,아파트,아파트,아파트,광주,서구,광주 서구 마륵동 100 희망가 101동 7층 701호,"323,000,000","226,100,000",낙찰,"258,555,000",80.00%,2024-05-21,2024_2Q,3
광주 4계 2023-8295,아파트,아파트,아파트,광주,서구,광주 서구 농성동 422-3 삼익 2동 4층 411호,"251,000,000","175,700,000",낙찰,"231,110,000",92.10%,2024-04-23,2024_2Q,3
광주 4계 2023-8417,임야,임야,임야,광주,남구,광주 남구 봉선동 산128-12,"190,464,000","133,325,000",낙찰,"133,331,000",70.00%,2024-04-23,2024_2Q,3
광주 3계 2023-8790(1),도로,기타토지,기타토지,광주,동구,광주 동구 계림동 535-7,"7,807,800","5,465,000",낙찰,"5,610,000",71.90%,2024-05-02,2024_2Q,3
광주 5계 2023-9052,아파트,아파트,아파트,광주,북구,광주 북구 문흥동 1010-8 302동 6층 612호,"148,000,000","103,600,000",낙찰,"113,899,990",77.00%,2024-05-01,2024_2Q,3
광주 4계 2023-9137,아파트,아파트,아파트,광주,북구,광주 북구 문흥동 1010-2 일신 101동 1층 102호,"123,000,000","86,100,000",낙찰,"90,000,000",73.20%,2024-06-04,2024_2Q,3
광주 5계 2023-9618,아파트,아파트,아파트,광주,북구,"광주 북구 오치동 888-1 ,862-1 우성 102동 8층 808호","168,000,000","117,600,000",낙찰,"136,800,000",81.40%,2024-05-01,2024_2Q,3
광주 4계 2023-9663,아파트,아파트,아파트,광주,북구,광주 북구 두암동 54 두암2차무등파크맨션 202동 7층 708호,"160,000,000","112,000,000",낙찰,"128,000,000",80.00%,2024-06-04,2024_2Q,3
광주 4계 2023-9830,오피스텔(주거),오피스텔,오피스텔(업무용),광주,광산구,광주 광산구 우산동 1589-3 우산동한국아델리움앤중해마루힐 107동 7층 708호,"157,000,000","109,900,000",낙찰,"120,000,000",76.40%,2024-06-04,2024_2Q,3
광주 4계 2023-9908,중기,기타토지,기타토지,광주,북구,광주 북구 삼각동 754-3 글로벌주차장(010-6245-1001)내 보관,"45,000,000","31,500,000",낙찰,"37,190,000",82.60%,2024-06-04,2024_2Q,3
광주 9계 2023-60729,아파트상가,아파트상가,기타토지,광주,동구,광주 동구 용산동 672 지타워 1층 103호,"450,000,000","129,024,000",낙찰,"135,001,000",30.00%,2024-06-05,2024_2Q,3
광주 8계 2023-61913,임야,임야,임야,광주,동구,광주 동구 소태동 산279,"155,572,000","22,838,000",낙찰,"24,400,000",15.70%,2024-06-27,2024_2Q,3
광주 9계 2023-62329,아파트,아파트,아파트,광주,북구,광주 북구 용봉동 1468 용봉동한화꿈에그린 104동 6층 604호,"336,000,000","235,200,000",낙찰,"275,001,000",81.80%,2024-04-24,2024_2Q,3
광주 7계 2023-64103,아파트,아파트,아파트,광주,광산구,광주 광산구 흑석동 503 수완3단지중흥에스-클래스 302동 5층 503호,"494,000,000","345,800,000",낙찰,"402,238,000",81.40%,2024-05-21,2024_2Q,3
광주 4계 2023-64813,아파트,아파트,아파트,광주,광산구,광주 광산구 장덕동 1690 성덕마을 대방노블랜드5차 504동 1층 103호,"754,000,000","527,800,000",낙찰,"657,777,000",87.20%,2024-06-04,2024_2Q,3
광주 10계 2023-65892,단독주택,단독,단독주택,광주,서구,광주 서구 화정동 740-44,"154,400,000","69,171,000",낙찰,"80,110,000",51.90%,2024-05-17,2024_2Q,3
광주 5계 2023-66956,다가구,다가구,다가구,광주,서구,광주 서구 풍암동 999-6,"622,279,200","348,476,000",낙찰,"403,138,000",64.80%,2024-05-01,2024_2Q,3
광주 9계 2023-67348,공장,공장(지식산업센터 업무시설),공장,광주,북구,"광주 북구 월출동 970-84 ,970-95 1호","1,849,777,600","1,035,875,000",낙찰,"1,200,000,000",64.90%,2024-04-24,2024_2Q,3
광주 2계 2023-67355,단독주택,단독,단독주택,광주,서구,광주 서구 화정동 102-28,"33,765,264","12,102,000",낙찰,"12,370,000",36.60%,2024-04-11,2024_2Q,3
광주 10계 2023-68570,답,답,답,광주,광산구,광주 광산구 남산동 696-6,"60,200,000","42,140,000",낙찰,"54,400,000",90.40%,2024-04-05,2024_2Q,3
광주 7계 2023-68990,근린상가,근린상가,근린상가,광주,서구,광주 서구 치평동 1326 세정아울렛 2층 237호,"780,000,000","279,552,000",낙찰,"285,000,000",36.50%,2024-05-21,2024_2Q,3
광주 4계 2023-69474(1),답,답,답,광주,동구,광주 동구 내남동 192,"151,011,000","67,653,000",낙찰,"68,777,000",45.50%,2024-06-04,2024_2Q,3
광주 4계 2023-69474(2),답,답,답,광주,동구,광주 동구 내남동 196,"147,609,000","52,903,000",낙찰,"56,010,000",37.90%,2024-04-23,2024_2Q,3
광주 5계 2023-69641,전,전,전,광주,북구,광주 북구 두암동 100-4,"8,906,400","3,192,000",낙찰,"3,300,000",37.10%,2024-06-12,2024_2Q,3
광주 9계 2023-70481,오피스텔(주거),오피스텔,오피스텔(업무용),광주,서구,광주 서구 치평동 1220-3 상무지구영무예다음 7층 746호,"106,000,000","37,990,000",낙찰,"40,000,000",37.70%,2024-06-05,2024_2Q,3
광주 7계 2023-70726,오피스텔(주거),오피스텔,오피스텔(업무용),광주,동구,광주 동구 충장로4가 55-1 금양프러스센타 7층 704호,"44,800,000","20,070,000",낙찰,"23,200,000",51.80%,2024-04-09,2024_2Q,3
광주 7계 2023-71255,근린상가,근린상가,근린상가,광주,서구,광주 서구 치평동 1218-1 프리미엄아울렛 1층 3호,"415,000,000","185,920,000",낙찰,"190,277,000",45.80%,2024-05-21,2024_2Q,3
광주 8계 2023-71279,차량,기타토지,기타토지,광주,서구,"광주 서구 벽진동 537-1 내 보관(하나로에프엔씨,010-5372-2362,010-3931-9875)","40,000,000","17,920,000",낙찰,"20,200,000",50.50%,2024-04-04,2024_2Q,3
광주 9계 2023-71309,아파트,아파트,아파트,광주,북구,광주 북구 신용동 863 첨단자이2차 202동 4층 401호,"422,000,000","295,400,000",낙찰,"325,100,000",77.00%,2024-04-24,2024_2Q,3
광주 10계 2023-71460,근린주택,근린주택,근린주택,광주,북구,광주 북구 일곡동 898-13,"802,606,600","561,825,000",낙찰,"632,500,000",78.80%,2024-04-05,2024_2Q,3
광주 5계 2023-71583,아파트,아파트,아파트,광주,광산구,광주 광산구 월계동 879-4 더리안 3층 307호,"67,000,000","24,013,000",낙찰,"27,514,500",41.10%,2024-06-12,2024_2Q,3
광주 9계 2023-71620,단독주택,단독,단독주택,광주,남구,광주 남구 백운동 591-22,"151,944,560","68,071,000",낙찰,"78,700,000",51.80%,2024-04-24,2024_2Q,3
광주 2계 2023-71729,차량,기타토지,기타토지,광주,북구,광주 북구 삼각동 754-3 글로벌주차장내 보관,"13,000,000","7,280,000",낙찰,"8,561,000",65.90%,2024-04-11,2024_2Q,3
광주 10계 2023-72029,아파트,아파트,아파트,광주,광산구,광주 광산구 산정동 1119 산정 셀트리움 108동 2층 202호,"276,000,000","193,200,000",낙찰,"261,444,400",94.70%,2024-04-05,2024_2Q,3
광주 5계 2023-72043,아파트,아파트,아파트,광주,남구,광주 남구 월산동 1006-3 제일 5층 507호,"58,000,000","25,984,000",낙찰,"28,889,000",49.80%,2024-06-12,2024_2Q,3
광주 10계 2023-72210,아파트,아파트,아파트,광주,동구,광주 동구 산수동 716 무등산광신프로그레스 103동 7층 701호,"342,000,000","239,400,000",낙찰,"326,888,700",95.60%,2024-06-28,2024_2Q,3
광주 10계 2023-72319,아파트,아파트,아파트,광주,북구,광주 북구 각화동 591 휴먼파크서희스타힐스 102동 6층 604호,"400,000,000","280,000,000",낙찰,"349,890,000",87.50%,2024-05-17,2024_2Q,3
광주 10계 2023-72333(1),답,답,답,광주,북구,광주 북구 금곡동 1,"93,328,000","65,330,000",낙찰,"78,380,000",84.00%,2024-06-28,2024_2Q,3
광주 10계 2023-72333(6),전,전,전,광주,북구,광주 북구 충효동 6,"54,120,000","37,884,000",낙찰,"45,120,000",83.40%,2024-06-28,2024_2Q,3
광주 10계 2023-72333(7),답,답,답,광주,북구,광주 북구 충효동 16,"55,486,000","38,840,000",낙찰,"48,070,000",86.60%,2024-06-28,2024_2Q,3
광주 10계 2023-72333(8),답,답,답,광주,북구,광주 북구 충효동 66,"168,432,000","117,902,000",낙찰,"136,600,000",81.10%,2024-06-28,2024_2Q,3
광주 10계 2023-72333(9),전,전,전,광주,북구,광주 북구 충효동 79,"89,735,000","89,735,000",낙찰,"92,300,000",102.90%,2024-05-17,2024_2Q,3
광주 10계 2023-72333(13),답,답,답,광주,북구,광주 북구 충효동 299,"128,092,000","89,664,000",낙찰,"101,500,000",79.20%,2024-06-28,2024_2Q,3
광주 10계 2023-72456,아파트,아파트,아파트,광주,광산구,광주 광산구 신가동 1306 수완1단지중흥에스-클래스 103동 14층 1403호,"550,000,000","385,000,000",낙찰,"485,250,000",88.20%,2024-05-17,2024_2Q,3
광주 6계 2023-72777,아파트,아파트,아파트,광주,북구,광주 북구 연제동 1109 연제대광로제비앙 106동 3층 304호,"366,000,000","256,200,000",낙찰,"293,166,000",80.10%,2024-05-08,2024_2Q,3
광주 10계 2023-72791,근린상가,근린상가,근린상가,광주,광산구,광주 광산구 월곡동 683-6 다우빌딩 5층 501호,"437,000,000","244,720,000",낙찰,"287,258,000",65.70%,2024-06-28,2024_2Q,3
광주 6계 2023-72968,아파트,아파트,아파트,광주,남구,광주 남구 백운동 461-1 목우 15층 1510호,"160,200,000","112,140,000",낙찰,"133,777,700",83.50%,2024-06-19,2024_2Q,3
광주 10계 2023-73039,주상복합(주거),기타토지,기타토지,광주,북구,광주 북구 용봉동 1205-1 용봉4차유창파크맨션 1동 2층 201호,"128,000,000","89,600,000",낙찰,"106,895,000",83.50%,2024-04-05,2024_2Q,3
광주 10계 2023-73428,아파트,아파트,아파트,광주,서구,광주 서구 금호동 815 호반리젠시빌 201동 1층 101호,"283,000,000","198,100,000",낙찰,"237,365,240",83.90%,2024-04-05,2024_2Q,3
광주 10계 2023-73831,아파트,아파트,아파트,광주,서구,"광주 서구 풍암동 1048 풍암지구호반,중흥 105동 6층 602호","185,000,000","129,500,000",낙찰,"163,200,000",88.20%,2024-05-17,2024_2Q,3
광주 7계 2023-73954,차량,기타토지,기타토지,광주,광산구,"광주 광산구 산정동 156 현대주차장(제3자김이호,062-953-8424,010-5550-8424)내 보관","30,000,000","21,000,000",낙찰,"25,200,000",84.00%,2024-04-09,2024_2Q,3
광주 3계 2023-74049,연립,연립주택,연립·빌라,광주,남구,"광주 남구 방림동 2-111 ,6-63 프레시드빌 102동 2층 202호","212,000,000","94,976,000",낙찰,"114,000,000",53.80%,2024-05-02,2024_2Q,3
광주 7계 2023-74308,아파트,아파트,아파트,광주,서구,광주 서구 화정동 830 염주맨션 8동 1층 103호,"160,000,000","89,600,000",낙찰,"101,320,000",63.30%,2024-05-21,2024_2Q,3
광주 2계 2023-74377,연립,연립주택,연립·빌라,광주,광산구,"광주 광산구 소촌동 290 ,791-15,783-148 라인주택 122동 2층 210호","200,000,000","112,000,000",낙찰,"145,657,399",72.80%,2024-04-11,2024_2Q,3
광주 7계 2023-74476,단독주택,단독,단독주택,광주,동구,광주 동구 계림동 519-30,"240,428,680","168,300,000",낙찰,"171,110,000",71.20%,2024-04-09,2024_2Q,3
광주 3계 2023-74490,단독주택,단독,단독주택,광주,서구,광주 서구 광천동 632-42,"456,664,120","319,665,000",낙찰,"410,230,920",89.80%,2024-05-02,2024_2Q,3
광주 10계 2023-74704,아파트,아파트,아파트,광주,서구,광주 서구 유촌동 871 상무버들마을 Ⅱ주공 210동 6층 602호,"190,000,000","133,000,000",낙찰,"165,004,000",86.80%,2024-05-17,2024_2Q,3
광주 7계 2023-74926(1),아파트,아파트,아파트,광주,남구,광주 남구 양림동 505 양림1단지휴먼시아 108동 12층 1203호,"403,000,000","282,100,000",낙찰,"330,500,000",82.00%,2024-04-09,2024_2Q,3
광주 6계 2023-75042,아파트,아파트,아파트,광주,북구,광주 북구 운암동 68 벽산블루밍메가씨티 204동 9층 902호,"580,000,000","406,000,000",낙찰,"570,000,000",98.30%,2024-05-08,2024_2Q,3
광주 7계 2023-75141,아파트,아파트,아파트,광주,북구,광주 북구 운암동 68 벽산블루밍메가씨티 203동 20층 2003호,"527,000,000","368,900,000",낙찰,"428,571,000",81.30%,2024-04-09,2024_2Q,3
광주 9계 2023-75172,아파트,아파트,아파트,광주,북구,"광주 북구 신용동 549 ,용두동 311-39 첨단자이1단지 105동 7층 701호","458,000,000","320,600,000",낙찰,"361,000,000",78.80%,2024-04-24,2024_2Q,3
광주 7계 2023-75202,아파트,아파트,아파트,광주,북구,광주 북구 동림동 1330 운암산코오롱하늘채 106동 22층 2202호,"486,000,000","340,200,000",낙찰,"399,999,999",82.30%,2024-04-09,2024_2Q,3
광주 9계 2023-75233,다세대,다세대주택,다세대,광주,광산구,광주 광산구 수완동 325 수완포레 102동 2층 201호,"366,000,000","204,960,000",낙찰,"240,090,000",65.60%,2024-06-05,2024_2Q,3
광주 9계 2023-75318,아파트,아파트,아파트,광주,서구,"광주 서구 금호동 240-2 ,240-12,240,242-1,240-13,240-22,240-24 종원팰리스빌 112동 1층 109호","320,000,000","224,000,000",낙찰,"260,550,000",81.40%,2024-04-24,2024_2Q,3
광주 10계 2023-75332,아파트,아파트,아파트,광주,서구,광주 서구 쌍촌동 155 현대 104동 15층 1505호,"196,000,000","137,200,000",낙찰,"162,689,000",83.00%,2024-06-28,2024_2Q,3
광주 10계 2023-75431,아파트,아파트,아파트,광주,광산구,광주 광산구 소촌동 414-2 소촌3차서라 301동 7층 703호,"105,000,000","73,500,000",낙찰,"82,700,000",78.80%,2024-06-28,2024_2Q,3
광주 7계 2023-75516,아파트,아파트,아파트,광주,북구,광주 북구 문흥동 971-1 현대 103동 2층 201호,"283,000,000","198,100,000",낙찰,"206,671,000",73.00%,2024-05-21,2024_2Q,3
광주 9계 2023-75554,아파트,아파트,아파트,광주,서구,광주 서구 화정동 930-1 라인동산 106동 3층 307호,"140,000,000","98,000,000",낙찰,"128,650,000",91.90%,2024-04-24,2024_2Q,3
광주 2계 2023-75653,아파트,아파트,아파트,광주,북구,광주 북구 신용동 651 한양수자인리버뷰 116동 12층 1201호,"370,000,000","259,000,000",낙찰,"337,210,000",91.10%,2024-04-11,2024_2Q,3
광주 9계 2023-75745,아파트,아파트,아파트,광주,북구,"광주 북구 양산동 205-6 ,본촌동 69-22,69-23,69-37 일신2차 203동 7층 713호","175,000,000","122,500,000",낙찰,"135,000,000",77.10%,2024-04-24,2024_2Q,3
광주 7계 2023-75837,아파트,아파트,아파트,광주,광산구,광주 광산구 도산동 1136-1 호반 101동 10층 1009호,"121,000,000","84,700,000",낙찰,"109,888,000",90.80%,2024-05-21,2024_2Q,3
광주 9계 2023-75851,아파트,아파트,아파트,광주,북구,광주 북구 운암동 1033 금호 2동 12층 1201호,"310,000,000","217,000,000",낙찰,"280,000,000",90.30%,2024-04-24,2024_2Q,3
광주 10계 2023-75868,아파트,아파트,아파트,광주,북구,광주 북구 용봉동 405 유창하이리빙맨션 101동 21층 2207호,"142,000,000","99,400,000",낙찰,"115,870,000",81.60%,2024-06-28,2024_2Q,3
광주 10계 2023-76083,아파트,아파트,아파트,광주,북구,광주 북구 문흥동 1011-1 중흥 202동 9층 910호,"153,000,000","107,100,000",낙찰,"115,888,990",75.70%,2024-06-28,2024_2Q,3
광주 1계 2023-76359,차량,기타토지,기타토지,광주,광산구,광주 광산구 산정동 156-3 산정주차장내 보관(062-953-8424),"18,000,000","12,600,000",낙찰,"15,950,000",88.60%,2024-04-03,2024_2Q,3
광주 10계 2023-76434,아파트,아파트,아파트,광주,북구,광주 북구 운암동 1101-1 나산 105동 15층 1502호,"341,000,000","238,700,000",낙찰,"239,000,000",70.10%,2024-06-28,2024_2Q,3
광주 6계 2023-76526,아파트,아파트,아파트,광주,북구,광주 북구 매곡동 214-16 공간 1동 7층 802호,"110,000,000","77,000,000",낙찰,"88,300,000",80.30%,2024-05-08,2024_2Q,3
광주 4계 2023-76557,단독주택,단독,단독주택,광주,광산구,광주 광산구 신창동 552-1,"866,145,620","606,302,000",낙찰,"710,200,000",82.00%,2024-06-04,2024_2Q,3
광주 10계 2023-76687,단독주택,단독,단독주택,광주,광산구,광주 광산구 월계동 849-4,"1,060,182,400","742,128,000",낙찰,"858,898,000",81.00%,2024-06-28,2024_2Q,3
광주 8계 2023-76755,아파트,아파트,아파트,광주,서구,광주 서구 풍암동 1057 남양.현대 105동 5층 501호,"168,000,000","117,600,000",낙찰,"127,550,000",75.90%,2024-05-16,2024_2Q,3
광주 4계 2023-76946,대지,나대지,나대지,광주,광산구,광주 광산구 도산동 1221-20,"330,660,000","185,170,000",낙찰,"242,600,000",73.40%,2024-06-04,2024_2Q,3
광주 3계 2023-77109,오피스텔(상가),오피스텔,오피스텔(업무용),광주,남구,"광주 남구 주월동 957-1 ,957-30,957-31 주월동홀리어스 1층 102호","806,000,000","361,088,000",낙찰,"383,170,000",47.50%,2024-06-13,2024_2Q,3
광주 8계 2023-77178,대지,나대지,나대지,광주,서구,광주 서구 양동 314-25,"39,528,900","39,528,900",낙찰,"39,528,900",100.00%,2024-05-16,2024_2Q,3
광주 9계 2023-77185,아파트,아파트,아파트,광주,북구,광주 북구 일곡동 814-4 104동 10층 1001호,"68,000,000","47,600,000",낙찰,"53,055,000",78.00%,2024-06-05,2024_2Q,3
광주 8계 2023-77390,아파트,아파트,아파트,광주,서구,광주 서구 쌍촌동 137-4 신천힐탑맨션 103동 12층 1305호,"178,000,000","124,600,000",낙찰,"155,000,000",87.10%,2024-05-16,2024_2Q,3
광주 4계 2023-77482,아파트,아파트,아파트,광주,광산구,광주 광산구 장덕동 1306 진흥수완더루벤스 105동 17층 1701호,"439,000,000","307,300,000",낙찰,"350,888,010",79.90%,2024-04-23,2024_2Q,3
광주 10계 2023-77567,아파트,아파트,아파트,광주,서구,광주 서구 화정동 178-8 삼익 5동 7층 702호,"225,000,000","157,500,000",낙찰,"205,800,000",91.50%,2024-06-28,2024_2Q,3
광주 7계 2023-77673(1),답,답,답,광주,서구,광주 서구 풍암동 806-4,"21,998,000","21,998,000",낙찰,"40,000,000",181.80%,2024-04-09,2024_2Q,3
광주 7계 2023-77673(2),전,전,전,광주,서구,광주 서구 풍암동 825,"5,880,000","5,880,000",낙찰,"15,000,000",255.10%,2024-04-09,2024_2Q,3
광주 10계 2023-77680,차량,기타토지,기타토지,광주,광산구,광주 광산구 월전동 92-1 평동주차장(010-4628-2670)내 보관,"22,000,000","15,400,000",낙찰,"17,550,000",79.80%,2024-05-17,2024_2Q,3
광주 6계 2023-77802,임야,임야,임야,광주,북구,광주 북구 문흥동 산40-22,"17,216,100","9,641,000",낙찰,"10,500,000",61.00%,2024-06-19,2024_2Q,3
광주 6계 2023-77895,아파트,아파트,아파트,광주,광산구,광주 광산구 월곡동 614-2 한성2차 206동 1층 206호,"158,000,000","110,600,000",낙찰,"125,827,000",79.60%,2024-06-19,2024_2Q,3
광주 2계 2023-78065,아파트,아파트,아파트,광주,북구,광주 북구 일곡동 819-3 일곡4차청솔 404동 4층 408호,"109,000,000","76,300,000",낙찰,"88,000,000",80.70%,2024-05-23,2024_2Q,3
광주 8계 2023-78409,차량,기타토지,기타토지,광주,광산구,광주 광산구 월전동 92-1 평동주차장내 보관(010-4628-2670),"2,000,000","896,000",낙찰,"901,000",45.10%,2024-05-16,2024_2Q,3
광주 2계 2023-78416,아파트,아파트,아파트,광주,광산구,광주 광산구 송정동 585 송정이다움 101동 2층 201호,"199,000,000","139,300,000",낙찰,"165,777,000",83.30%,2024-04-11,2024_2Q,3
광주 2계 2023-78546,아파트,아파트,아파트,광주,북구,광주 북구 동림동 1330 운암산코오롱하늘채 101동 7층 703호,"490,000,000","343,000,000",낙찰,"385,211,000",78.60%,2024-05-23,2024_2Q,3
광주 7계 2023-78881,아파트,아파트,아파트,광주,남구,광주 남구 방림동 556 모아 110동 6층 702호,"150,000,000","105,000,000",낙찰,"108,769,768",72.50%,2024-05-21,2024_2Q,3
광주 6계 2023-78973,아파트,아파트,아파트,광주,북구,광주 북구 문흥동 1010-2 일신 104동 20층 2003호,"124,000,000","86,800,000",낙찰,"118,000,000",95.20%,2024-06-19,2024_2Q,3
광주 2계 2023-79037,아파트,아파트,아파트,광주,서구,광주 서구 풍암동 1059 한국 107동 1층 102호,"163,000,000","114,100,000",낙찰,"117,100,000",71.80%,2024-05-23,2024_2Q,3
광주 4계 2023-79051,아파트,아파트,아파트,광주,북구,광주 북구 일곡동 819-2 현대 104동 14층 1406호,"154,000,000","107,800,000",낙찰,"145,118,861",94.20%,2024-04-23,2024_2Q,3
광주 6계 2023-79075,아파트,아파트,아파트,광주,북구,광주 북구 양산동 209-17 동남맨션 101동 4층 411호,"88,000,000","61,600,000",낙찰,"77,777,010",88.40%,2024-06-19,2024_2Q,3
광주 8계 2023-79099,아파트,아파트,아파트,광주,북구,광주 북구 문흥동 1010-2 일신 105동 6층 602호,"156,000,000","109,200,000",낙찰,"119,500,000",76.60%,2024-06-27,2024_2Q,3
광주 10계 2023-79129,오피스텔,오피스텔,오피스텔(업무용),광주,광산구,광주 광산구 쌍암동 694-74 윤진리안채 3층 302호,"83,000,000","83,000,000",낙찰,"83,000,000",100.00%,2024-05-17,2024_2Q,3
광주 2계 2023-79150(1),아파트상가,아파트상가,기타토지,광주,북구,광주 북구 삼각동 839 삼각골드클래스 상가2동 3층 302호,"154,000,000","107,800,000",낙찰,"109,340,000",71.00%,2024-05-23,2024_2Q,3
광주 3계 2023-79167,연립,연립주택,연립·빌라,광주,남구,광주 남구 월산동 590-1 제일 2층 22호,"44,000,000","24,640,000",낙찰,"26,300,000",59.80%,2024-05-02,2024_2Q,3
광주 10계 2023-79228,차량,기타토지,기타토지,광주,광산구,광주 광산구 소촌동 755-8 공단대형주차장내(010-3607-1873) 보관,"10,000,000","5,600,000",낙찰,"6,123,000",61.20%,2024-05-17,2024_2Q,3
광주 8계 2023-79259,아파트,아파트,아파트,광주,서구,광주 서구 치평동 1159 상무1차우미 101동 8층 806호,"185,000,000","129,500,000",낙찰,"162,500,000",87.80%,2024-06-27,2024_2Q,3
광주 7계 2023-79341,차량,기타토지,기타토지,광주,북구,광주 북구 삼각동 754-3 제3자글로벌주차장(010-6245-1001)보관,"9,000,000","5,040,000",낙찰,"5,250,000",58.30%,2024-04-09,2024_2Q,3
광주 4계 2023-79525,아파트,아파트,아파트,광주,남구,광주 남구 지석동 443 한일베라체 103동 11층 1102호,"396,000,000","221,760,000",낙찰,"255,290,000",64.50%,2024-06-04,2024_2Q,3
광주 8계 2023-79587,아파트,아파트,아파트,광주,북구,광주 북구 연제동 31-1 새한 101동 9층 903호,"95,000,000","95,000,000",낙찰,"95,000,000",100.00%,2024-06-27,2024_2Q,3
광주 10계 2023-79600,아파트,아파트,아파트,광주,서구,광주 서구 풍암동 1057 남양.현대 105동 2층 206호,"141,000,000","141,000,000",낙찰,"141,000,000",100.00%,2024-06-28,2024_2Q,3
광주 2계 2023-79617,아파트,아파트,아파트,광주,서구,광주 서구 풍암동 1057 남양.현대 106동 2층 201호,"140,500,000","98,350,000",낙찰,"98,350,000",70.00%,2024-05-23,2024_2Q,3
광주 2계 2023-79624,아파트,아파트,아파트,광주,북구,"광주 북구 오치동 888-1 ,862-1 우성 105동 13층 1302호","165,000,000","115,500,000",낙찰,"143,570,000",87.00%,2024-05-23,2024_2Q,3
광주 4계 2023-79648,아파트,아파트,아파트,광주,남구,광주 남구 지석동 444 일진스위트포레 102동 6층 601호,"330,000,000","231,000,000",낙찰,"252,520,000",76.50%,2024-04-23,2024_2Q,3
광주 8계 2023-79686,아파트,아파트,아파트,광주,서구,광주 서구 쌍촌동 1282 모아제일 102동 2층 209호,"47,400,000","33,180,000",낙찰,"39,935,000",84.30%,2024-06-27,2024_2Q,3
광주 3계 2023-79778,차량,기타토지,기타토지,광주,광산구,광주 광산구 우산동 218-5 서창다리주차장(연락처:010-8466-0864)내보관,"7,000,000","3,136,000",낙찰,"3,889,000",55.60%,2024-06-13,2024_2Q,3
광주 10계 2023-79891,아파트,아파트,아파트,광주,광산구,광주 광산구 우산동 1571-1 하남주공 204동 13층 1313호,"90,000,000","63,000,000",낙찰,"80,222,000",89.10%,2024-06-28,2024_2Q,3
광주 5계 2023-79952,아파트,아파트,아파트,광주,광산구,광주 광산구 월곡동 614-2 한성 205동 6층 606호,"163,000,000","114,100,000",낙찰,"132,600,000",81.30%,2024-05-01,2024_2Q,3
광주 7계 2023-80211,차량,기타토지,기타토지,광주,광산구,"광주 광산구 산정동 156 현대주차장(제3자김인호,062-953-8424,010-5550-8424)내 보관","13,000,000","13,000,000",낙찰,"14,743,000",113.40%,2024-04-09,2024_2Q,3
광주 1계 2023-80426,차량,기타토지,기타토지,광주,남구,광주 남구 송하동 348-1 송원주차장내 보관(010-3622-7261),"16,000,000","11,200,000",낙찰,"14,561,000",91.00%,2024-06-26,2024_2Q,3
광주 2계 2023-80457,다세대,다세대주택,다세대,광주,북구,광주 북구 양산동 1046 3층 302호,"66,000,000","52,800,000",낙찰,"55,510,000",84.10%,2024-05-23,2024_2Q,3
광주 5계 2023-80501,차량,기타토지,기타토지,광주,광산구,광주 광산구 우산동 218-5 서창다리주차장내 보관(010-8466-0864),"5,500,000","3,850,000",낙찰,"4,800,000",87.30%,2024-05-01,2024_2Q,3
광주 5계 2023-80532,근린상가,근린상가,근린상가,광주,북구,"광주 북구 매곡동 106-11 ,106-7 매화빌딩 3층 303호","230,000,000","161,000,000",낙찰,"186,159,800",80.90%,2024-05-01,2024_2Q,3
광주 10계 2023-80587,아파트,아파트,아파트,광주,북구,광주 북구 연제동 31-1 새한 102동 3층 316호,"106,000,000","106,000,000",낙찰,"106,000,000",100.00%,2024-06-28,2024_2Q,3
광주 2계 2023-80594,아파트,아파트,아파트,광주,광산구,광주 광산구 우산동 1572-6 어등하이빌 101동 9층 913호,"137,000,000","95,900,000",낙찰,"104,999,999",76.60%,2024-05-23,2024_2Q,3
광주 4계 2023-80617,아파트,아파트,아파트,광주,남구,"광주 남구 진월동 312-7 ,859-141,862-1 광명 101동 2층 202호","182,000,000","127,400,000",낙찰,"150,000,000",82.40%,2024-06-04,2024_2Q,3
광주 7계 2023-80631,차량,기타토지,기타토지,광주,광산구,"광주 광산구 월전동 92-1 평동주차장(제3자양애리,010-4628-2670)내 보관","10,000,000","10,000,000",낙찰,"10,007,000",100.10%,2024-04-09,2024_2Q,3
광주 5계 2023-80839,아파트,아파트,아파트,광주,광산구,광주 광산구 산정동 1027 하남2지구다사로움2단지 207동 2층 202호,"218,000,000","174,400,000",낙찰,"174,771,800",80.20%,2024-05-01,2024_2Q,3
광주 6계 2023-80921,차량,기타토지,기타토지,광주,광산구,광주 광산구 월전동 92-1 평동주차장내 보관(제3자양애리에게보관(010-4628-2670),"22,000,000","15,400,000",낙찰,"20,299,000",92.30%,2024-05-08,2024_2Q,3
광주 5계 2023-80983,단독주택,단독,단독주택,광주,광산구,광주 광산구 수완동 940-30,"1,761,617,580","1,233,132,000",낙찰,"1,370,000,000",77.80%,2024-06-12,2024_2Q,3
광주 4계 2023-80990,아파트,아파트,아파트,광주,광산구,광주 광산구 쌍암동 682-1 에이엠시티5차 12층 1209호,"56,000,000","56,000,000",낙찰,"60,000,000",107.10%,2024-04-23,2024_2Q,3
광주 3계 2023-81078,단독주택,단독,단독주택,광주,광산구,광주 광산구 안청동 508,"405,330,200","283,731,000",낙찰,"291,900,000",72.00%,2024-05-02,2024_2Q,3
광주 5계 2023-81405,아파트,아파트,아파트,광주,광산구,"광주 광산구 도천동 627-1 ,627-2 중흥 105동 11층 1101호","115,000,000","80,500,000",낙찰,"102,222,200",88.90%,2024-05-01,2024_2Q,3
광주 3계 2023-81634,아파트,아파트,아파트,광주,서구,광주 서구 치평동 1168-1 중흥 115동 16층 1607호,"108,000,000","75,600,000",낙찰,"93,911,000",87.00%,2024-05-02,2024_2Q,3
광주 4계 2023-81641,아파트,아파트,아파트,광주,서구,광주 서구 치평동 1259-4 상무이다움골드 6층 618호,"73,000,000","51,100,000",낙찰,"61,115,000",83.70%,2024-06-04,2024_2Q,3
광주 2계 2023-81665,차량,기타토지,기타토지,광주,광산구,광주 광산구 우산동 218-5 서창다리주차장내 보관,"5,000,000","2,800,000",낙찰,"3,311,000",66.20%,2024-04-11,2024_2Q,3
광주 2계 2023-81993,차량,기타토지,기타토지,광주,남구,광주 남구 송하동 348-1 송원주차장내 보관,"6,500,000","3,640,000",낙찰,"4,322,510",66.50%,2024-04-11,2024_2Q,3
광주 4계 2023-82026(2),차량,기타토지,기타토지,광주,광산구,광주 광산구 산정동 156-3 산정주차장(062-953-8424)내 보관,"46,000,000","32,200,000",낙찰,"38,820,000",84.40%,2024-04-23,2024_2Q,3
광주 4계 2023-82026(3),차량,기타토지,기타토지,광주,광산구,광주 광산구 산정동 156-3 산정주차장(062-953-8424)내 보관,"38,000,000","26,600,000",낙찰,"29,330,000",77.20%,2024-04-23,2024_2Q,3
광주 4계 2023-82026(4),차량,기타토지,기타토지,광주,광산구,광주 광산구 산정동 156-3 산정주차장(062-953-8424)내 보관,"8,500,000","5,950,000",낙찰,"8,721,110",102.60%,2024-04-23,2024_2Q,3
광주 4계 2023-82026(5),차량,기타토지,기타토지,광주,광산구,광주 광산구 산정동 156-3 산정주차장(062-953-8424)내 보관,"6,500,000","4,550,000",낙찰,"6,612,300",101.70%,2024-04-23,2024_2Q,3
광주 5계 2023-82071(1),전,전,전,광주,서구,광주 서구 매월동 600,"1,299,500,000","727,720,000",낙찰,"727,720,000",56.00%,2024-06-12,2024_2Q,3
광주 5계 2023-82071(2),아파트,아파트,아파트,광주,남구,광주 남구 봉선동 1078 봉선더쉴2단지 201동 1층 104호,"1,218,000,000","852,600,000",낙찰,"1,025,500,000",84.20%,2024-05-01,2024_2Q,3
광주 4계 2023-82170,아파트,아파트,아파트,광주,남구,광주 남구 서동 285 서동아남프라자 101동 12층 1202호,"158,000,000","110,600,000",낙찰,"131,222,000",83.10%,2024-06-04,2024_2Q,3
광주 6계 2023-82415,아파트,아파트,아파트,광주,광산구,광주 광산구 장덕동 1111 광주수완세영리첼 105동 25층 2503호,"490,000,000","490,000,000",낙찰,"490,100,000",100.00%,2024-06-19,2024_2Q,3
광주 4계 2023-82620,차량,기타토지,기타토지,광주,광산구,광주 광산구 월전동 92-1 평동주차장(010-4628-2670)내 보관,"18,000,000","12,600,000",낙찰,"15,177,700",84.30%,2024-06-04,2024_2Q,3
광주 6계 2023-82644,차량,기타토지,기타토지,광주,광산구,광주 광산구 우산동 218-5 서창다리주차장내 보관(제3자 보관),"15,000,000","10,500,000",낙찰,"12,150,000",81.00%,2024-05-08,2024_2Q,3
광주 4계 2023-82996,전,전,전,광주,서구,광주 서구 매월동 145,"56,242,000","56,242,000",낙찰,"61,370,000",109.10%,2024-04-23,2024_2Q,3
광주 5계 2023-83005,아파트,아파트,아파트,광주,광산구,광주 광산구 소촌동 603-3 송광3차 301동 11층 1203호,"40,000,000","28,000,000",낙찰,"28,880,000",72.20%,2024-06-12,2024_2Q,3
광주 3계 2023-83081,아파트,아파트,아파트,광주,서구,광주 서구 풍암동 1057 남양.현대 104동 5층 502호,"177,000,000","123,900,000",낙찰,"123,900,000",70.00%,2024-06-13,2024_2Q,3
광주 10계 2023-83197,차량,기타토지,기타토지,광주,광산구,광주 광산구 월전동 92-1 평동주차장(010-4628-2670)내 보관,"40,000,000","28,000,000",낙찰,"30,500,000",76.30%,2024-05-17,2024_2Q,3
광주 5계 2023-83258,아파트,아파트,아파트,광주,동구,광주 동구 학동 898-4 백화 101동 9층 907호,"88,000,000","61,600,000",낙찰,"72,100,000",81.90%,2024-06-12,2024_2Q,3
광주 7계 2023-83586,차량,기타토지,기타토지,광주,남구,"광주 남구 송하동 348-1 송원주차장(이상민,010-3622-7261)내 보관","4,500,000","3,150,000",낙찰,"3,530,000",78.40%,2024-05-21,2024_2Q,3
광주 4계 2023-83708,아파트,아파트,아파트,광주,서구,광주 서구 치평동 1258-5 상무리채2 6층 622호,"76,000,000","53,200,000",낙찰,"61,500,100",80.90%,2024-06-04,2024_2Q,3
광주 5계 2023-83807,아파트,아파트,아파트,광주,광산구,광주 광산구 쌍암동 682-1 에이엠시티5차 8층 811호,"54,000,000","37,800,000",낙찰,"44,078,000",81.60%,2024-06-12,2024_2Q,3
광주 4계 2023-84053,오피스텔(주거),오피스텔,오피스텔(업무용),광주,서구,광주 서구 치평동 1209 유탑유블레스트윈시티 102동 28층 2805호,"288,000,000","201,600,000",낙찰,"233,421,000",81.00%,2024-06-04,2024_2Q,3
광주 5계 2023-84091,아파트,아파트,아파트,광주,광산구,광주 광산구 산월동 886-2 부영사랑으로 1303동 5층 501호,"320,000,000","224,000,000",낙찰,"293,296,000",91.70%,2024-06-12,2024_2Q,3
광주 8계 2023-84589,중기,기타토지,기타토지,광주,남구,광주 남구 송하동 348-1 송원주차장(010-3622-7261)내 보관,"78,000,000","54,600,000",낙찰,"68,629,000",88.00%,2024-05-16,2024_2Q,3
광주 3계 2023-84909,차량,기타토지,기타토지,광주,남구,광주 남구 송하동 348-1 송원주차장(010-3622-7261)내 보관,"18,000,000","12,600,000",낙찰,"16,180,000",89.90%,2024-05-02,2024_2Q,3
광주 8계 2023-85162,차량,기타토지,기타토지,광주,광산구,광주 광산구 우산동 218-5 서창다리 주차장내 보관(010-8466-0864),"8,000,000","5,600,000",낙찰,"6,160,000",77.00%,2024-05-16,2024_2Q,3
광주 9계 2023-85179,차량,기타토지,기타토지,광주,광산구,광주 광산구 우산동 218-5 서창다리주차장내 보관(010-8466-0864),"19,000,000","13,300,000",낙찰,"14,320,000",75.40%,2024-06-05,2024_2Q,3
광주 6계 2024-939,차량,기타토지,기타토지,광주,광산구,"광주 광산구 산정동 156-3 산정주차장(제3차최정미,062-953-8424)내 보관","45,000,000","31,500,000",낙찰,"41,760,000",92.80%,2024-06-19,2024_2Q,3
광주 10계 2024-60054,차량,기타토지,기타토지,광주,광산구,광주 광산구 산정동 156-3 여대주차장(062-953-8424)내 보관,"10,000,000","7,000,000",낙찰,"8,230,000",82.30%,2024-05-17,2024_2Q,3
광주 5계 2024-60481,아파트,아파트,아파트,광주,북구,광주 북구 운암동 1011 운암산아이파크 101동 5층 503호,"708,000,000","495,600,000",낙찰,"567,891,000",80.20%,2024-06-12,2024_2Q,3
광주 9계 2024-61705,차량,기타토지,기타토지,광주,광산구,광주 광산구 우산동 218-5 서창다리 주차장(010-8466-0864)내 보관,"40,000,000","28,000,000",낙찰,"35,660,000",89.10%,2024-04-24,2024_2Q,3
광주 5계 2024-61934,차량,기타토지,기타토지,광주,광산구,광주 광산구 산정동 156 여대주차장내 보관(062-953-8424),"17,000,000","17,000,000",낙찰,"17,020,000",100.10%,2024-05-01,2024_2Q,3
광주 1계 2024-64377,차량,기타토지,기타토지,광주,광산구,광주 광산구 산정동 156-3 산정주차장내 보관,"37,000,000","37,000,000",낙찰,"38,588,000",104.30%,2024-06-26,2024_2Q,3
광주 9계 2024-64780,차량,기타토지,기타토지,광주,남구,광주 남구 송하동 348-1 송원주차장(010-3622-7261)내 보관,"4,500,000","4,500,000",낙찰,"4,555,000",101.20%,2024-06-05,2024_2Q,3
광주 7계 2020-5424,아파트,아파트,아파트,광주,북구,"광주 북구 신용동 549 ,용두동 311-39 첨단자이1단지 104동 3층 301호","495,000,000","495,000,000",낙찰,"540,700,000",109.20%,2024-02-27,2024_1Q,3
광주 7계 2021-8598,아파트,아파트,아파트,광주,광산구,광주 광산구 운남동 776-1 운남주공2단지 205동 12층 1203호,"172,000,000","120,400,000",낙찰,"127,555,000",74.20%,2024-01-16,2024_1Q,3
광주 2계 2021-60527,연립,연립주택,연립·빌라,광주,서구,광주 서구 쌍촌동 531-1 가도스타디움 3층 327호,"54,000,000","851,000",낙찰,"900,000",1.70%,2024-02-29,2024_1Q,3
광주 7계 2021-74205,아파트,아파트,아파트,광주,서구,광주 서구 양동 460 양동휴먼시아 103동 10층 1004호,"323,000,000","226,100,000",낙찰,"272,920,000",84.50%,2024-01-16,2024_1Q,3
광주 8계 2021-76683,아파트,아파트,아파트,광주,광산구,광주 광산구 신창동 1111 신창5차호반베르디움 512동 11층 1102호,"360,000,000","252,000,000",낙찰,"307,500,000",85.40%,2024-02-22,2024_1Q,3
광주 6계 2022-5053,연립,연립주택,연립·빌라,광주,서구,광주 서구 쌍촌동 531-1 쌍촌동도시형생활주택 2층 233호,"74,000,000","6,952,000",낙찰,"6,952,000",9.40%,2024-02-14,2024_1Q,3
광주 1계 2022-7950,전,전,전,광주,남구,광주 남구 주월동 445-39,"655,193,000","293,526,000",낙찰,"351,220,000",53.60%,2024-02-21,2024_1Q,3
광주 3계 2022-8359(26),아파트,아파트,아파트,광주,광산구,광주 광산구 신가동 1055 수완한양수자인 105동 2층 203호,"434,000,000","194,432,000",낙찰,"241,001,000",55.50%,2024-03-21,2024_1Q,3
광주 7계 2022-67457,아파트,아파트,아파트,광주,광산구,광주 광산구 장덕동 1306 진흥수완더루벤스 101동 8층 803호,"464,000,000","259,840,000",낙찰,"306,090,000",66.00%,2024-02-27,2024_1Q,3
광주 6계 2022-68436,아파트,아파트,아파트,광주,서구,광주 서구 광천동 895 광천이편한세상 104동 6층 601호,"951,000,000","665,700,000",낙찰,"811,000,000",85.30%,2024-02-14,2024_1Q,3
광주 6계 2022-73308,아파트,아파트,아파트,광주,남구,광주 남구 임암동 881 효천1중흥에스-클래스에코시티 105동 17층 1702호,"545,000,000","381,500,000",낙찰,"451,888,010",82.90%,2024-03-27,2024_1Q,3
광주 3계 2022-73803(4),전,전,전,광주,북구,광주 북구 동림동 231,"530,220,000","237,538,000",낙찰,"240,000,000",45.30%,2024-02-08,2024_1Q,3
광주 8계 2022-75236,아파트,아파트,아파트,광주,서구,"광주 서구 금호동 240-10 ,591-3,702-90 로렌시아 103동 6층 601호","459,000,000","257,040,000",낙찰,"279,000,000",60.80%,2024-01-11,2024_1Q,3
광주 3계 2022-75397(13),오피스텔(주거),오피스텔,오피스텔(업무용),광주,동구,"광주 동구 금남로4가 79-1 ,충장로4가 7-3,7-14 로머스파크주건축물 24층 2402호","353,000,000","247,100,000",낙찰,"270,000,000",76.50%,2024-02-08,2024_1Q,3
광주 3계 2022-75397(14),오피스텔(주거),오피스텔,오피스텔(업무용),광주,동구,"광주 동구 금남로4가 79-1 ,충장로4가 7-3,7-14 로머스파크주건축물 25층 2515호","352,000,000","246,400,000",낙찰,"248,400,000",70.60%,2024-02-08,2024_1Q,3
광주 5계 2022-75540,공장,공장(지식산업센터 업무시설),공장,광주,광산구,광주 광산구 월전동 1012 가동호,"3,292,341,240","2,304,639,000",낙찰,"2,483,000,000",75.40%,2024-02-07,2024_1Q,3
광주 9계 2022-75663,아파트,아파트,아파트,광주,서구,광주 서구 치평동 1166-2 금호대우 111동 9층 901호,"270,000,000","151,200,000",낙찰,"175,090,000",64.80%,2024-03-13,2024_1Q,3
광주 5계 2022-75922(1),도로,기타토지,기타토지,광주,남구,광주 남구 백운동 623-31,"19,160,000","8,584,000",낙찰,"9,099,999",47.50%,2024-02-07,2024_1Q,3
광주 10계 2022-76154(2),아파트,아파트,아파트,광주,동구,광주 동구 계림동 1815 푸른길두산위브 209동 4층 403호,"189,000,000","132,300,000",낙찰,"136,500,000",72.20%,2024-01-12,2024_1Q,3
광주 6계 2022-77348(1),단독주택,단독,단독주택,광주,광산구,광주 광산구 동산동 836-1,"34,233,080","23,963,000",낙찰,"24,720,000",72.20%,2024-03-27,2024_1Q,3
광주 6계 2022-77348(2),답,답,답,광주,광산구,광주 광산구 동산동 591-9,"26,455,200","14,815,000",낙찰,"17,115,900",64.70%,2024-02-14,2024_1Q,3
광주 6계 2022-77348(3),답,답,답,광주,광산구,광주 광산구 동산동 592-10,"21,855,000","12,239,000",낙찰,"13,010,700",59.50%,2024-02-14,2024_1Q,3
광주 6계 2022-77348(4),전,전,전,광주,광산구,광주 광산구 동산동 1074-8,"19,596,000","10,974,000",낙찰,"11,000,000",56.10%,2024-02-14,2024_1Q,3
광주 3계 2022-77478(2),연구소,기타건물,기타건물,광주,북구,광주 북구 임동 85-2 7층 701호,"616,000,000","275,968,000",낙찰,"291,500,000",47.30%,2024-02-08,2024_1Q,3
광주 3계 2022-77478(3),연구소,기타건물,기타건물,광주,북구,광주 북구 임동 85-2 8층 801호,"616,000,000","275,968,000",낙찰,"291,500,000",47.30%,2024-02-08,2024_1Q,3
광주 3계 2022-77478(4),연구소,기타건물,기타건물,광주,북구,광주 북구 임동 85-2 9층 901호,"616,000,000","275,968,000",낙찰,"291,500,000",47.30%,2024-02-08,2024_1Q,3
광주 3계 2022-77478(5),오피스텔,오피스텔,오피스텔(업무용),광주,북구,광주 북구 임동 85-2 10층 1001호,"616,000,000","275,968,000",낙찰,"291,500,000",47.30%,2024-02-08,2024_1Q,3
광주 6계 2022-78433,전,전,전,광주,남구,광주 남구 화장동 463-4,"208,530,000","145,971,000",낙찰,"188,888,000",90.60%,2024-03-27,2024_1Q,3
광주 9계 2023-758(1),임야,임야,임야,광주,동구,광주 동구 용산동 산259,"37,340,600","16,728,000",낙찰,"17,020,000",45.60%,2024-01-31,2024_1Q,3
광주 7계 2023-1492,오피스텔,오피스텔,오피스텔(업무용),광주,서구,"광주 서구 쌍촌동 1006-18 ,981-1,981-2,981-3,981-89 에드가리움1차 3층 315호","73,300,000","51,310,000",낙찰,"60,660,000",82.80%,2024-02-27,2024_1Q,3
광주 9계 2023-1546,연립,연립주택,연립·빌라,광주,동구,광주 동구 소태동 1108 무등산수안채 101동 3층 303호,"260,000,000","145,600,000",낙찰,"192,870,000",74.20%,2024-01-31,2024_1Q,3
광주 7계 2023-2174,대지,나대지,나대지,광주,광산구,광주 광산구 송대동 488,"107,100,000","74,970,000",낙찰,"75,000,000",70.00%,2024-01-16,2024_1Q,3
광주 2계 2023-2617,중기,기타토지,기타토지,광주,광산구,"광주 광산구 산정동 156 현대주차장(062-953-8424,010-5550-8424)내 보관","40,000,000","14,336,000",낙찰,"15,350,000",38.40%,2024-01-18,2024_1Q,3
광주 10계 2023-2730,아파트,아파트,아파트,광주,서구,광주 서구 치평동 1249 상무광명메이루즈 102동 2304호,"553,000,000","387,100,000",낙찰,"435,160,000",78.70%,2024-01-12,2024_1Q,3
광주 8계 2023-2938,아파트,아파트,아파트,광주,북구,광주 북구 두암동 598-3 신흥 1동 5층 501호,"85,000,000","59,500,000",낙찰,"61,200,000",72.00%,2024-01-11,2024_1Q,3
광주 2계 2023-3207,단독주택,단독,단독주택,광주,남구,광주 남구 주월동 491-20,"266,055,540","186,239,000",낙찰,"191,310,000",71.90%,2024-01-18,2024_1Q,3
광주 4계 2023-3214(2),근린상가,근린상가,근린상가,광주,남구,광주 남구 임암동 859 SK타워 3층 302호,"426,000,000","190,848,000",낙찰,"217,900,000",51.20%,2024-03-12,2024_1Q,3
광주 1계 2023-3276(1),아파트,아파트,아파트,광주,북구,광주 북구 용봉동 1465 용봉아이파크 104동 4층 402호,"608,000,000","425,600,000",낙찰,"474,179,999",78.00%,2024-02-21,2024_1Q,3
광주 1계 2023-3276(2),아파트,아파트,아파트,광주,북구,광주 북구 용봉동 1463 용봉동금호어울림 102동 11층 1103호,"489,000,000","342,300,000",낙찰,"365,000,000",74.60%,2024-02-21,2024_1Q,3
광주 10계 2023-3399,아파트,아파트,아파트,광주,광산구,광주 광산구 운남동 771-1 운남주공4단지 406동 10층 1002호,"142,000,000","99,400,000",낙찰,"116,199,999",81.80%,2024-01-12,2024_1Q,3
광주 7계 2023-3436,아파트,아파트,아파트,광주,남구,광주 남구 봉선동 1076 포스코더샵 107동 2층 204호,"396,000,000","277,200,000",낙찰,"354,550,000",89.50%,2024-01-16,2024_1Q,3
광주 9계 2023-3450,다세대,다세대주택,다세대,광주,서구,광주 서구 쌍촌동 525 위드힐타운 102동 2층 203호,"116,000,000","64,960,000",낙찰,"76,129,000",65.60%,2024-01-31,2024_1Q,3
광주 9계 2023-3597,아파트,아파트,아파트,광주,남구,광주 남구 서동 19 제일파크맨션 7층 705호,"124,000,000","86,800,000",낙찰,"105,899,000",85.40%,2024-01-31,2024_1Q,3
광주 9계 2023-3764,전,전,전,광주,광산구,광주 광산구 선암동 416,"89,602,350","40,142,000",낙찰,"65,000,000",72.50%,2024-03-13,2024_1Q,3
광주 4계 2023-3795,전,전,전,광주,광산구,광주 광산구 소촌동 522-115,"605,933,000","271,458,000",낙찰,"280,100,000",46.20%,2024-01-30,2024_1Q,3
광주 7계 2023-3993,단독주택,단독,단독주택,광주,남구,광주 남구 백운동 653-141,"168,755,520","168,755,520",낙찰,"168,755,520",100.00%,2024-02-27,2024_1Q,3
광주 9계 2023-4194,대지,나대지,나대지,광주,북구,광주 북구 용두동 149,"18,062,500","12,644,000",낙찰,"13,010,000",72.00%,2024-01-31,2024_1Q,3
광주 6계 2023-4255,공장,공장(지식산업센터 업무시설),공장,광주,북구,광주 북구 대촌동 959-63,"1,741,685,200","1,219,180,000",낙찰,"1,690,018,000",97.00%,2024-01-03,2024_1Q,3
광주 2계 2023-4293,차량,기타토지,기타토지,광주,광산구,광주 광산구 우산동 218-5 서창다리주차장(010-8466-0864)내 보관,"69,000,000","48,300,000",낙찰,"55,660,000",80.70%,2024-01-18,2024_1Q,3
광주 9계 2023-4545(1),답,답,답,광주,광산구,광주 광산구 송산동 248-8,"39,015,000","39,015,000",낙찰,"41,000,000",105.10%,2024-03-13,2024_1Q,3
광주 9계 2023-4545(2),답,답,답,광주,광산구,광주 광산구 송산동 248-9,"53,720,000","53,720,000",낙찰,"58,000,000",108.00%,2024-03-13,2024_1Q,3
광주 5계 2023-4637,단독주택,단독,단독주택,광주,광산구,광주 광산구 신창동 1197-1,"861,010,400","385,733,000",낙찰,"416,770,000",48.40%,2024-03-20,2024_1Q,3
광주 9계 2023-4651,아파트,아파트,아파트,광주,광산구,광주 광산구 수완동 926 광주수완6차대방노블랜드 608동 24층 2401호,"1,124,000,000","786,800,000",낙찰,"900,099,000",80.10%,2024-01-31,2024_1Q,3
광주 6계 2023-4729,아파트,아파트,아파트,광주,서구,광주 서구 풍암동 664-6 동부센트레빌 108동 6층 601호,"381,000,000","266,700,000",낙찰,"306,700,000",80.50%,2024-02-14,2024_1Q,3
광주 4계 2023-4736,차량,기타토지,기타토지,광주,광산구,광주 광산구 산정동 156 현대주차장내 보관(062-953-8484),"30,000,000","16,800,000",낙찰,"19,310,000",64.40%,2024-01-30,2024_1Q,3
광주 8계 2023-4743,근린주택,근린주택,근린주택,광주,북구,광주 북구 일곡동 904-4,"733,071,800","513,150,000",낙찰,"548,899,900",74.90%,2024-01-11,2024_1Q,3
광주 8계 2023-4842,아파트,아파트,아파트,광주,북구,"광주 북구 연제동 33-7 ,양산동 660 한국아델리움 205동 1층 102호","240,000,000","168,000,000",낙찰,"170,700,000",71.10%,2024-01-11,2024_1Q,3
광주 10계 2023-4866,아파트,아파트,아파트,광주,북구,광주 북구 운암동 781-1 운암동블루시안2차 201동 10층 1002호,"263,000,000","184,100,000",낙찰,"232,100,000",88.30%,2024-02-23,2024_1Q,3
광주 6계 2023-4897,임야,임야,임야,광주,북구,광주 북구 화암동 산251,"33,323,500","18,661,000",낙찰,"21,510,000",64.50%,2024-02-14,2024_1Q,3
광주 9계 2023-5142,대지,나대지,나대지,광주,서구,광주 서구 농성동 645-12,"970,592,000","679,414,000",낙찰,"691,414,000",71.20%,2024-01-31,2024_1Q,3
광주 4계 2023-5173,점포,근린상가,점포상가,광주,북구,광주 북구 용봉동 1426-2,"601,567,000","336,878,000",낙찰,"401,100,100",66.70%,2024-01-30,2024_1Q,3
광주 2계 2023-5241,점포,근린상가,점포상가,광주,동구,광주 동구 황금동 43 1층호,"3,752,431,680","2,101,362,000",낙찰,"2,137,550,000",57.00%,2024-02-29,2024_1Q,3
광주 4계 2023-5357(1),아파트,아파트,아파트,광주,북구,광주 북구 삼각동 753-3 드림네스트2차 3층 302호,"263,000,000","147,280,000",낙찰,"170,890,000",65.00%,2024-01-30,2024_1Q,3
광주 1계 2023-5494,오피스텔(주거),오피스텔,오피스텔(업무용),광주,광산구,광주 광산구 우산동 1589-3 우산동한국아델리움앤중해마루힐 107동 10층 1001호,"137,200,000","96,040,000",낙찰,"122,220,000",89.10%,2024-01-10,2024_1Q,3
광주 6계 2023-5548,아파트,아파트,아파트,광주,광산구,광주 광산구 월계동 763-6 호반 203동 1층 102호,"203,000,000","142,100,000",낙찰,"161,899,900",79.80%,2024-02-14,2024_1Q,3
광주 7계 2023-5555,아파트,아파트,아파트,광주,서구,광주 서구 치평동 1171-4 금호쌍용 202동 20층 2004호,"963,000,000","674,100,000",낙찰,"783,800,000",81.40%,2024-02-27,2024_1Q,3
광주 9계 2023-5579,아파트,아파트,아파트,광주,남구,광주 남구 진월동 872 브라운스톤진월 101동 22층 2202호,"411,000,000","287,700,000",낙찰,"348,150,000",84.70%,2024-03-13,2024_1Q,3
광주 10계 2023-5586,아파트,아파트,아파트,광주,북구,광주 북구 용봉동 1074-6 한신 101동 5층 606호,"111,000,000","111,000,000",낙찰,"115,000,000",103.60%,2024-02-23,2024_1Q,3
광주 3계 2023-5784,차량,기타토지,기타토지,광주,서구,광주 서구 벽진동 537-1 하나로에프엔씨주차장(010-5372-2362)내 보관,"16,500,000","9,240,000",낙찰,"12,800,000",77.60%,2024-02-08,2024_1Q,3
광주 9계 2023-5869,아파트,아파트,아파트,광주,광산구,광주 광산구 신창동 1187 신창부영 102동 4층 403호,"248,000,000","173,600,000",낙찰,"220,300,000",88.80%,2024-01-31,2024_1Q,3
광주 4계 2023-5883,차량,기타토지,기타토지,광주,광산구,광주 광산구 산정동 156-3 산정주차장내 보관(062-953-8424),"28,500,000","15,960,000",낙찰,"18,620,000",65.30%,2024-03-12,2024_1Q,3
광주 4계 2023-5951,아파트,아파트,아파트,광주,북구,광주 북구 용봉동 1463 용봉동금호어울림 102동 3층 303호,"453,000,000","317,100,000",낙찰,"341,620,000",75.40%,2024-03-12,2024_1Q,3
광주 8계 2023-6169,연립,연립주택,연립·빌라,광주,광산구,광주 광산구 산정동 1146 어등산한양수자인테라스플러스 131동 4층 404호,"543,000,000","380,100,000",낙찰,"406,000,000",74.80%,2024-02-22,2024_1Q,3
광주 5계 2023-6237,아파트,아파트,아파트,광주,북구,광주 북구 용봉동 999 쌍용예가 101동 5층 502호,"608,000,000","425,600,000",낙찰,"485,792,000",79.90%,2024-02-07,2024_1Q,3
광주 4계 2023-6244,아파트,아파트,아파트,광주,서구,"광주 서구 금호동 240-10 ,591-3,702-90 로렌시아 103동 11층 1102호","430,000,000","301,000,000",낙찰,"312,920,000",72.80%,2024-01-30,2024_1Q,3
광주 1계 2023-6473,오피스텔,오피스텔,오피스텔(업무용),광주,서구,광주 서구 농성동 415-57 농성지오스테이션 11층 1101호,"253,000,000","177,100,000",낙찰,"180,111,000",71.20%,2024-02-21,2024_1Q,3
광주 8계 2023-6541,아파트,아파트,아파트,광주,북구,광주 북구 오치동 866-2 공간 11층 1110호,"103,000,000","72,100,000",낙찰,"95,000,000",92.20%,2024-02-22,2024_1Q,3
광주 3계 2023-6589,아파트,아파트,아파트,광주,광산구,광주 광산구 장덕동 1306 진흥수완더루벤스 102동 8층 801호,"403,000,000","282,100,000",낙찰,"351,898,000",87.30%,2024-02-08,2024_1Q,3
광주 4계 2023-6596,아파트,아파트,아파트,광주,북구,"광주 북구 오치동 857-10 ,857-18,857-27 오치동갤럭스하임 9층 901호","60,000,000","42,000,000",낙찰,"47,345,500",78.90%,2024-01-30,2024_1Q,3
광주 9계 2023-6640,아파트,아파트,아파트,광주,북구,광주 북구 연제동 31-1 새한 102동 16층 1605호,"121,000,000","84,700,000",낙찰,"94,698,000",78.30%,2024-03-13,2024_1Q,3
광주 4계 2023-6695,아파트,아파트,아파트,광주,북구,광주 북구 중흥동 323-1 모아타운 103동 15층 1603호,"302,000,000","211,400,000",낙찰,"241,260,000",79.90%,2024-03-12,2024_1Q,3
광주 6계 2023-6961,아파트,아파트,아파트,광주,북구,광주 북구 일곡동 819-2 현대 107동 1층 104호,"153,000,000","107,100,000",낙찰,"123,400,000",80.70%,2024-03-27,2024_1Q,3
광주 4계 2023-7056,대지,나대지,나대지,광주,북구,광주 북구 용봉동 1237-13,"587,172,000","411,020,000",낙찰,"425,000,000",72.40%,2024-03-12,2024_1Q,3
광주 3계 2023-7247,아파트,아파트,아파트,광주,광산구,광주 광산구 하남동 971 하남3지구모아엘가 106동 13층 1304호,"395,000,000","395,000,000",낙찰,"403,010,000",102.00%,2024-02-08,2024_1Q,3
광주 8계 2023-7575,차량,기타토지,기타토지,광주,남구,광주 남구 송하동 348-1 송원주차장내 보관(제3자 이상민 (010-3622-7261),"33,000,000","23,100,000",낙찰,"28,710,000",87.00%,2024-02-22,2024_1Q,3
광주 4계 2023-7667,아파트,아파트,아파트,광주,서구,"광주 서구 금호동 240-2 ,240-12,240,242-1,240-13,240-22,240-24 종원팰리스빌 106동 8층 806호","330,000,000","330,000,000",낙찰,"335,100,000",101.50%,2024-03-12,2024_1Q,3
광주 3계 2023-8400,아파트,아파트,아파트,광주,북구,광주 북구 신용동 684 광주첨단2지구호반베르디움2단지 211동 7층 701호,"550,000,000","385,000,000",낙찰,"475,111,000",86.40%,2024-03-21,2024_1Q,3
광주 3계 2023-9038,아파트,아파트,아파트,광주,북구,광주 북구 일곡동 848-1 현대 201동 20층 2001호,"171,000,000","171,000,000",낙찰,"171,000,000",100.00%,2024-03-21,2024_1Q,3
광주 9계 2023-61067,단독주택,단독,단독주택,광주,서구,광주 서구 쌍촌동 950-25,"69,680,060","31,217,000",낙찰,"31,220,000",44.80%,2024-03-13,2024_1Q,3
광주 1계 2023-61517,다가구,다가구,다가구,광주,서구,광주 서구 쌍촌동 1279,"830,777,040","465,235,000",낙찰,"531,000,000",63.90%,2024-02-21,2024_1Q,3
광주 3계 2023-61685,아파트,아파트,아파트,광주,서구,광주 서구 광천동 895 광천이편한세상 123동 15층 1502호,"750,000,000","525,000,000",낙찰,"607,600,000",81.00%,2024-03-21,2024_1Q,3
광주 7계 2023-62312,중기,기타토지,기타토지,광주,남구,광주 남구 임암동 631-8 지와이피주차장내 보관(제3자방설화에게보관010-8308-7371),"65,000,000","45,500,000",낙찰,"47,000,000",72.30%,2024-01-16,2024_1Q,3
광주 1계 2023-62855,연립,연립주택,연립·빌라,광주,동구,광주 동구 소태동 1108 무등산수안채 103동 3층 304호,"285,000,000","159,600,000",낙찰,"201,888,000",70.80%,2024-01-10,2024_1Q,3
광주 5계 2023-63209(3),임야,임야,임야,광주,북구,광주 북구 청풍동 산286,"5,299,953","2,374,000",낙찰,"2,500,000",47.20%,2024-02-07,2024_1Q,3
광주 9계 2023-63520,아파트,아파트,아파트,광주,북구,광주 북구 신용동 643-1 용두주공 106동 8층 801호,"178,000,000","99,680,000",낙찰,"130,500,000",73.30%,2024-01-31,2024_1Q,3
광주 7계 2023-64028,아파트,아파트,아파트,광주,북구,광주 북구 양산동 776 지에스그린자이1차 101동 4층 404호,"492,000,000","344,400,000",낙찰,"401,888,010",81.70%,2024-02-27,2024_1Q,3
광주 7계 2023-64509,아파트,아파트,아파트,광주,서구,"광주 서구 풍암동 1048 풍암지구호반,중흥 202동 1층 106호","186,000,000","104,160,000",낙찰,"130,000,019",69.90%,2024-01-16,2024_1Q,3
광주 1계 2023-64585,답,답,답,광주,남구,광주 남구 구소동 700-8,"441,300,000","197,702,000",낙찰,"250,500,000",56.80%,2024-01-10,2024_1Q,3
광주 7계 2023-64721(1),전,전,전,광주,광산구,광주 광산구 지정동 1084,"4,033,920","2,259,000",낙찰,"2,912,000",72.20%,2024-02-27,2024_1Q,3
광주 7계 2023-64721(2),단독주택,단독,단독주택,광주,광산구,"광주 광산구 지정동 1087 ,1094","22,101,420","15,471,000",낙찰,"16,200,000",73.30%,2024-01-16,2024_1Q,3
광주 8계 2023-64820,중기,기타토지,기타토지,광주,남구,광주 남구 송하동 348-1 송원주차장(이상민010-3622-7261)내 보관,"48,000,000","21,504,000",낙찰,"26,811,000",55.90%,2024-02-22,2024_1Q,3
광주 9계 2023-64905,단독주택,단독,단독주택,광주,광산구,광주 광산구 도산동 1099-11,"204,406,800","143,085,000",낙찰,"194,900,100",95.30%,2024-01-31,2024_1Q,3
광주 10계 2023-64912,아파트,아파트,아파트,광주,동구,광주 동구 학동 898-4 백화 101동 12층 1204호,"103,000,000","72,100,000",낙찰,"87,000,000",84.50%,2024-01-12,2024_1Q,3
광주 5계 2023-65120,아파트,아파트,아파트,광주,북구,"광주 북구 두암동 72-4 ,100,111,814-7,814-8 현대 105동 11층 1104호","157,000,000","109,900,000",낙찰,"127,100,000",81.00%,2024-02-07,2024_1Q,3
광주 7계 2023-65724,단독주택,단독,단독주택,광주,광산구,광주 광산구 수완동 947-12,"1,106,542,830","774,580,000",낙찰,"857,999,900",77.50%,2024-01-16,2024_1Q,3
광주 5계 2023-65946,답,답,답,광주,광산구,광주 광산구 지죽동 331-2,"48,891,000","21,903,000",낙찰,"28,287,900",57.90%,2024-02-07,2024_1Q,3
광주 5계 2023-66338,아파트,아파트,아파트,광주,남구,광주 남구 주월동 543-9 주월동마이다스빌 101동 8층 803호,"116,000,000","64,960,000",낙찰,"91,220,000",78.60%,2024-02-07,2024_1Q,3
광주 7계 2023-66352,아파트,아파트,아파트,광주,서구,광주 서구 풍암동 1127 주은.모아 102동 2층 203호,"169,000,000","118,300,000",낙찰,"166,100,000",98.30%,2024-02-27,2024_1Q,3
광주 6계 2023-66451(2),대지,나대지,나대지,광주,광산구,광주 광산구 용곡동 259,"109,620,000","49,110,000",낙찰,"54,530,000",49.70%,2024-02-14,2024_1Q,3
광주 6계 2023-66659,전,전,전,광주,남구,광주 남구 덕남동 210,"68,246,000","30,574,000",낙찰,"35,110,000",51.40%,2024-02-14,2024_1Q,3
광주 9계 2023-66963,차량,기타토지,기타토지,광주,광산구,광주 광산구 소촌동 755-8 공단대형주차장(010-3607-1873)내 보관,"6,000,000","4,200,000",낙찰,"4,370,000",72.80%,2024-03-13,2024_1Q,3
광주 7계 2023-67089(2),차량,기타토지,기타토지,광주,광산구,"광주 광산구 월전동 92-1 평동주차장(제3자양애리,010-4628-2670)내 보관","2,000,000","1,600,000",낙찰,"1,670,000",83.50%,2024-01-16,2024_1Q,3
광주 7계 2023-67089(3),중기,기타토지,기타토지,광주,광산구,"광주 광산구 월전동 92-1 평동주차장(제3자양애리,010-4628-2670)내 보관","20,000,000","8,960,000",낙찰,"9,520,000",47.60%,2024-01-16,2024_1Q,3
광주 2계 2023-67270,아파트,아파트,아파트,광주,서구,"광주 서구 금호동 240-10 ,591-3,702-90 로렌시아 106동 5층 501호","455,000,000","254,800,000",낙찰,"293,999,900",64.60%,2024-01-18,2024_1Q,3
광주 1계 2023-67720,아파트,아파트,아파트,광주,남구,광주 남구 방림동 562 무등산센트럴파크 110동 7층 704호,"327,000,000","228,900,000",낙찰,"268,800,000",82.20%,2024-02-21,2024_1Q,3
광주 9계 2023-67935,단독주택,단독,단독주택,광주,동구,광주 동구 월남동 272,"535,034,670","374,524,000",낙찰,"439,999,999",82.20%,2024-01-31,2024_1Q,3
광주 6계 2023-68006,차량,기타토지,기타토지,광주,광산구,광주 광산구 산정동 156-3 산정주차장내 보관,"15,000,000","8,400,000",낙찰,"9,900,000",66.00%,2024-01-03,2024_1Q,3
광주 9계 2023-68044,다세대,다세대주택,다세대,광주,동구,광주 동구 산수동 480-4 산수빌리지 A동 4층 403호,"58,000,000","32,480,000",낙찰,"33,200,000",57.20%,2024-03-13,2024_1Q,3
광주 1계 2023-68075(1),대지,나대지,나대지,광주,광산구,광주 광산구 임곡동 787,"32,537,600","22,776,000",낙찰,"23,110,000",71.00%,2024-01-10,2024_1Q,3
광주 5계 2023-68143,아파트,아파트,아파트,광주,서구,광주 서구 양동 61-2 우진 3동 4층 408호,"263,000,000","147,280,000",낙찰,"182,420,000",69.40%,2024-03-20,2024_1Q,3
광주 7계 2023-68280,차량,기타토지,기타토지,광주,남구,광주 남구 송하동 348-1 송원주차장내 보관(제3자 이상민(010-3622-7261)에게 보관),"10,000,000","5,600,000",낙찰,"6,561,000",65.60%,2024-01-16,2024_1Q,3
광주 6계 2023-68327,아파트,아파트,아파트,광주,광산구,광주 광산구 장덕동 1111 광주수완세영리첼 109동 15층 1502호,"506,000,000","354,200,000",낙찰,"436,210,000",86.20%,2024-02-14,2024_1Q,3
광주 4계 2023-68440,차량,기타토지,기타토지,광주,광산구,광주 광산구 산정동 156 현대주차장내 보관(062-953-8424),"6,500,000","3,640,000",낙찰,"3,760,000",57.80%,2024-03-12,2024_1Q,3
광주 9계 2023-68488(1),근린상가,근린상가,근린상가,광주,광산구,"광주 광산구 수완동 669-1 ,669-2 수완동올핀스빌딩 B동 1층 105호","580,000,000","259,840,000",낙찰,"295,809,000",51.00%,2024-01-31,2024_1Q,3
광주 9계 2023-68488(2),근린상가,근린상가,근린상가,광주,광산구,"광주 광산구 수완동 669-1 ,669-2 수완동올핀스빌딩 B동 1층 103호","398,000,000","178,304,000",낙찰,"191,040,000",48.00%,2024-01-31,2024_1Q,3
광주 6계 2023-68754,아파트,아파트,아파트,광주,북구,광주 북구 운암동 110-11 운암대주 101동 16층 1602호,"325,000,000","227,500,000",낙찰,"274,959,910",84.60%,2024-01-03,2024_1Q,3
광주 9계 2023-68792,대지,나대지,나대지,광주,광산구,광주 광산구 서봉동 333,"76,973,000","43,105,000",낙찰,"47,150,000",61.30%,2024-03-13,2024_1Q,3
광주 9계 2023-69191,아파트,아파트,아파트,광주,남구,광주 남구 백운동 696 백운우방아이유쉘 106동 15층 1503호,"452,000,000","316,400,000",낙찰,"433,340,000",95.90%,2024-01-31,2024_1Q,3
광주 2계 2023-69221,연립,연립주택,연립·빌라,광주,북구,광주 북구 신안동 480-8 삼호맨션 1층 103호,"66,000,000","46,200,000",낙찰,"49,195,000",74.50%,2024-01-18,2024_1Q,3
광주 9계 2023-69443,아파트,아파트,아파트,광주,북구,"광주 북구 연제동 2-7 ,2-8,양산동 283-66,283-67,283-68 광명 201동 8층 815호","114,000,000","79,800,000",낙찰,"92,660,000",81.30%,2024-01-31,2024_1Q,3
광주 2계 2023-69603,차량,기타토지,기타토지,광주,남구,광주 남구 송하동 348-1 송원주차장(010-3622-7261)내 보관,"16,000,000","8,960,000",낙찰,"9,050,000",56.60%,2024-02-29,2024_1Q,3
광주 3계 2023-69665(1),차량,기타토지,기타토지,광주,광산구,광주 광산구 산정동 156 현대주차장내 보관(연락처:010-5550-8424),"9,500,000","5,320,000",낙찰,"7,100,009",74.70%,2024-03-21,2024_1Q,3
광주 7계 2023-69696,아파트,아파트,아파트,광주,북구,광주 북구 두암동 825-1 4층 401호,"15,000,000","10,500,000",낙찰,"11,300,000",75.30%,2024-01-16,2024_1Q,3
광주 9계 2023-69733,아파트,아파트,아파트,광주,서구,광주 서구 쌍촌동 155 현대 102동 1층 102호,"370,000,000","259,000,000",낙찰,"317,777,000",85.90%,2024-01-31,2024_1Q,3
광주 9계 2023-69863,아파트,아파트,아파트,광주,서구,광주 서구 풍암동 1099 신암마을 풍암부영2차 208동 8층 804호,"263,000,000","184,100,000",낙찰,"223,399,999",84.90%,2024-01-31,2024_1Q,3
광주 7계 2023-69979,오피스텔(주거),오피스텔,오피스텔(업무용),광주,광산구,광주 광산구 쌍암동 676-3 첨단센트럴파크2차 202동 3층 301호,"184,000,000","128,800,000",낙찰,"134,710,000",73.20%,2024-02-27,2024_1Q,3
광주 2계 2023-70177,차량,기타토지,기타토지,광주,북구,광주 북구 삼각동 754-3 글로벌주차장(010-6245-1001)내 보관,"11,000,000","6,160,000",낙찰,"7,710,000",70.10%,2024-02-29,2024_1Q,3
광주 10계 2023-70245,아파트,아파트,아파트,광주,광산구,"광주 광산구 신가동 302-25 ,302-45 중흥 201동 11층 1102호","224,000,000","156,800,000",낙찰,"186,000,000",83.00%,2024-02-23,2024_1Q,3
광주 4계 2023-70412,다가구,다가구,다가구,광주,남구,광주 남구 진월동 273-2,"833,353,310","466,678,000",낙찰,"549,670,000",66.00%,2024-01-30,2024_1Q,3
광주 6계 2023-70443,아파트,아파트,아파트,광주,북구,광주 북구 매곡동 214-1 대화 1동 10층 1001호,"104,000,000","72,800,000",낙찰,"77,815,000",74.80%,2024-01-03,2024_1Q,3
광주 2계 2023-70528,차량,기타토지,기타토지,광주,광산구,"광주 광산구 산정동 156 현대주차장내 보관(062-953-8424, 010-5550-8424)","9,000,000","5,040,000",낙찰,"5,750,000",63.90%,2024-01-18,2024_1Q,3
광주 9계 2023-70535(1),연구소,기타건물,기타건물,광주,광산구,광주 광산구 신창동 1174 3층 301호,"256,000,000","143,360,000",낙찰,"192,100,000",75.00%,2024-03-13,2024_1Q,3
광주 9계 2023-70535(2),연구소,기타건물,기타건물,광주,광산구,광주 광산구 신창동 1174 3층 302호,"189,000,000","132,300,000",낙찰,"132,300,000",70.00%,2024-01-31,2024_1Q,3
광주 9계 2023-70535(3),연구소,기타건물,기타건물,광주,광산구,광주 광산구 신창동 1174 3층 304호,"323,000,000","226,100,000",낙찰,"231,100,000",71.50%,2024-01-31,2024_1Q,3
광주 8계 2023-70733,전,전,전,광주,동구,광주 동구 내남동 12,"127,715,000","89,401,000",낙찰,"96,010,000",75.20%,2024-01-11,2024_1Q,3
광주 6계 2023-70795,중기,기타토지,기타토지,광주,광산구,"광주 광산구 산정동 156-3 산정주차장내 보관(제3자 최정미에게 보관,062-953-8424,010-5550-8424)","120,000,000","67,200,000",낙찰,"73,600,000",61.30%,2024-02-14,2024_1Q,3
광주 10계 2023-70825,아파트,아파트,아파트,광주,북구,"광주 북구 양산동 205-1 ,용두동 269-19 일신 101동 11층 1112호","156,000,000","109,200,000",낙찰,"132,040,000",84.60%,2024-02-23,2024_1Q,3
광주 6계 2023-70863,의료시설,병원,병원,광주,북구,광주 북구 임동 108,"1,655,986,800","927,353,000",낙찰,"1,054,860,000",63.70%,2024-02-14,2024_1Q,3
광주 7계 2023-70870,아파트,아파트,아파트,광주,북구,광주 북구 매곡동 290 서광인텔파크 104동 6층 602호,"267,000,000","186,900,000",낙찰,"228,000,000",85.40%,2024-01-16,2024_1Q,3
광주 2계 2023-70931,단독주택,단독,단독주택,광주,북구,광주 북구 운암동 425-14,"164,365,350","115,056,000",낙찰,"145,087,500",88.30%,2024-02-29,2024_1Q,3
광주 6계 2023-71019,아파트,아파트,아파트,광주,서구,광주 서구 치평동 1159 상무1차우미 102동 15층 1511호,"172,000,000","120,400,000",낙찰,"161,999,990",94.20%,2024-02-14,2024_1Q,3
광주 8계 2023-71033,아파트,아파트,아파트,광주,남구,광주 남구 양림동 505 양림1단지휴먼시아 103동 20층 2003호,"412,000,000","288,400,000",낙찰,"346,898,000",84.20%,2024-01-11,2024_1Q,3
광주 6계 2023-71378,아파트,아파트,아파트,광주,북구,"광주 북구 양산동 205-6 ,본촌동 69-22,69-23,69-37 일신2차 202동 6층 601호","174,000,000","121,800,000",낙찰,"131,099,000",75.30%,2024-01-03,2024_1Q,3
광주 7계 2023-72067,아파트,아파트,아파트,광주,남구,"광주 남구 월산동 232-1 ,232-3,232-17,232-22,232-23 이안가 가동 11층 1101호","285,000,000","199,500,000",낙찰,"217,000,100",76.10%,2024-02-27,2024_1Q,3
광주 7계 2023-72180,차량,기타토지,기타토지,광주,광산구,광주 광산구 우산동 218-5 서창다리주차장내 보관(제3자전경선에게보관010-8466-0864),"43,000,000","30,100,000",낙찰,"35,100,000",81.60%,2024-01-16,2024_1Q,3
광주 8계 2023-72296,아파트,아파트,아파트,광주,북구,광주 북구 두암동 969-1 두암3단지주공 302동 8층 802호,"77,000,000","53,900,000",낙찰,"60,271,000",78.30%,2024-01-11,2024_1Q,3
광주 5계 2023-72470(1),아파트,아파트,아파트,광주,광산구,광주 광산구 월계동 757-7 첨단과학산업단지금광 101동 4층 405호,"330,000,000","231,000,000",낙찰,"270,000,000",81.80%,2024-02-07,2024_1Q,3
광주 6계 2023-72487,주상복합(주거),기타토지,기타토지,광주,남구,광주 남구 봉선동 1147 봉선이지더원2단지 201동 8층 804호,"270,000,000","189,000,000",낙찰,"244,880,010",90.70%,2024-01-03,2024_1Q,3
광주 8계 2023-72548,아파트,아파트,아파트,광주,북구,광주 북구 신용동 863 첨단자이2차 202동 8층 802호,"449,000,000","314,300,000",낙찰,"390,000,000",86.90%,2024-01-11,2024_1Q,3
광주 9계 2023-72555,아파트,아파트,아파트,광주,북구,광주 북구 운암동 364-1 운암동롯데캐슬 112동 11층 1101호,"500,000,000","350,000,000",낙찰,"392,600,000",78.50%,2024-01-31,2024_1Q,3
광주 6계 2023-72845,단독주택,단독,단독주택,광주,광산구,광주 광산구 지죽동 109,"65,901,870","46,131,000",낙찰,"49,314,000",74.80%,2024-02-14,2024_1Q,3
광주 3계 2023-72883(1),아파트,아파트,아파트,광주,남구,광주 남구 진월동 214-2 고운하이플러스 101동 2층 205호,"294,000,000","164,640,000",낙찰,"181,700,000",61.80%,2024-03-21,2024_1Q,3
광주 3계 2023-72883(2),근린주택,근린주택,근린주택,광주,북구,광주 북구 중흥동 686-22,"282,120,440","197,484,000",낙찰,"235,920,000",83.60%,2024-02-08,2024_1Q,3
광주 8계 2023-72999,연립,연립주택,연립·빌라,광주,동구,광주 동구 소태동 1108 무등산수안채 102동 4층 401호,"269,000,000","188,300,000",낙찰,"202,990,000",75.50%,2024-01-11,2024_1Q,3
광주 5계 2023-73145,차량,기타토지,기타토지,광주,남구,광주 남구 송하동 348-1 송원주차장(010-3622-7261)내 보관,"37,000,000","25,900,000",낙찰,"31,000,000",83.80%,2024-03-20,2024_1Q,3
광주 8계 2023-73398,아파트,아파트,아파트,광주,서구,광주 서구 광천동 895 광천이편한세상 104동 8층 802호,"966,000,000","676,200,000",낙찰,"777,920,000",80.50%,2024-01-11,2024_1Q,3
광주 5계 2023-73565,아파트,아파트,아파트,광주,서구,광주 서구 치평동 1161-5 금호타운 402동 8층 801호,"385,000,000","269,500,000",낙찰,"302,500,000",78.60%,2024-02-07,2024_1Q,3
광주 2계 2023-73626,답,답,답,광주,광산구,광주 광산구 고룡동 195-2,"128,117,000","89,682,000",낙찰,"91,100,000",71.10%,2024-01-18,2024_1Q,3
광주 5계 2023-73763,오피스텔(주거),오피스텔,오피스텔(업무용),광주,서구,광주 서구 치평동 1209 유탑유블레스트윈시티 101동 13층 1305호,"290,000,000","203,000,000",낙찰,"225,000,000",77.60%,2024-02-07,2024_1Q,3
광주 6계 2023-73770,근린상가,근린상가,근린상가,광주,북구,광주 북구 삼각동 835 일곡엘리체프라임 115동 1층 104호,"363,000,000","203,280,000",낙찰,"228,690,000",63.00%,2024-03-27,2024_1Q,3
광주 1계 2023-73794,차량,기타토지,기타토지,광주,남구,광주 남구 임암동 678-200 지와이피주차장(010-8308-7371)내 보관,"42,000,000","29,400,000",낙찰,"33,500,000",79.80%,2024-02-21,2024_1Q,3
광주 2계 2023-73862,연립,연립주택,연립·빌라,광주,광산구,광주 광산구 수완동 325 수완포레 101동 2층 201호,"355,000,000","198,800,000",낙찰,"227,599,000",64.10%,2024-02-29,2024_1Q,3
광주 2계 2023-73879,연립,연립주택,연립·빌라,광주,광산구,광주 광산구 수완동 325 수완포레 103동 3층 302호,"357,000,000","199,920,000",낙찰,"235,300,000",65.90%,2024-02-29,2024_1Q,3
광주 5계 2023-73916,전,전,전,광주,광산구,광주 광산구 수완동 374-9,"106,896,000","59,862,000",낙찰,"65,000,000",60.80%,2024-03-20,2024_1Q,3
광주 6계 2023-73930,차량,기타토지,기타토지,광주,광산구,"광주 광산구 산정동 156 현대주차장내 보관(제3자 김인호에게 보관,062-953-8424,010-5550-8424)","24,000,000","16,800,000",낙찰,"18,010,000",75.00%,2024-01-03,2024_1Q,3
광주 8계 2023-73978,차량,기타토지,기타토지,광주,광산구,"광주 광산구 산정동 156-3 산정주차장(062-953-8424,010-5550-8424)내 보관","37,000,000","25,900,000",낙찰,"32,500,000",87.80%,2024-01-11,2024_1Q,3
광주 9계 2023-74018,아파트,아파트,아파트,광주,광산구,광주 광산구 월곡동 681-1 영천마을 주공 903동 4층 403호,"270,000,000","189,000,000",낙찰,"262,500,000",97.20%,2024-03-13,2024_1Q,3
광주 4계 2023-74056,아파트,아파트,아파트,광주,광산구,광주 광산구 월곡동 685-1 영천마을 주공 1010동 7층 702호,"202,000,000","141,400,000",낙찰,"168,980,000",83.70%,2024-01-30,2024_1Q,3
광주 4계 2023-74162,근린주택,근린주택,근린주택,광주,서구,광주 서구 쌍촌동 1209-9,"873,182,240","488,982,000",낙찰,"571,900,000",65.50%,2024-03-12,2024_1Q,3
광주 5계 2023-74186,아파트,아파트,아파트,광주,남구,광주 남구 주월동 1320 양우내안애프레스티지 105동 22층 2201호,"570,000,000","399,000,000",낙찰,"500,552,000",87.80%,2024-02-07,2024_1Q,3
광주 3계 2023-74209,중기,기타토지,기타토지,광주,남구,광주 남구 송하동 348-1 송원주차장(010-3622-7261)내 보관,"100,000,000","56,000,000",낙찰,"58,880,000",58.90%,2024-03-21,2024_1Q,3
광주 2계 2023-74230,연립,연립주택,연립·빌라,광주,남구,광주 남구 주월동 707-21 대원 1동 3층 302호,"59,000,000","33,040,000",낙찰,"38,030,000",64.50%,2024-02-29,2024_1Q,3
광주 8계 2023-74315,대지,나대지,나대지,광주,광산구,광주 광산구 본덕동 200,"108,100,000","108,100,000",낙찰,"118,250,000",109.40%,2024-01-11,2024_1Q,3
광주 6계 2023-74360,차량,기타토지,기타토지,광주,남구,광주 남구 송하동 348-1 송원주차장내 보관(제3자 이상민에게 보관(010-3622-7261)),"13,000,000","13,000,000",낙찰,"14,000,000",107.70%,2024-01-03,2024_1Q,3
광주 7계 2023-74384,차량,기타토지,기타토지,광주,남구,광주 남구 송하동 348-1 송원주차장(이상민(010-3622-7261)내보관,"11,000,000","7,700,000",낙찰,"8,580,000",78.00%,2024-02-27,2024_1Q,3
광주 3계 2023-74407,단독주택,단독,단독주택,광주,광산구,광주 광산구 송정동 452-12,"72,380,900","40,534,000",낙찰,"40,534,000",56.00%,2024-03-21,2024_1Q,3
광주 1계 2023-74506,차량,기타토지,기타토지,광주,남구,광주 남구 송하동 348-1 송원주차장내(010-3622-7261) 보관,"32,000,000","22,400,000",낙찰,"27,289,000",85.30%,2024-01-10,2024_1Q,3
광주 4계 2023-74513,아파트,아파트,아파트,광주,북구,광주 북구 양산동 18-3 호반리젠시빌 203동 11층 1107호,"277,000,000","193,900,000",낙찰,"219,790,000",79.30%,2024-01-30,2024_1Q,3
광주 2계 2023-74520,차량,기타토지,기타토지,광주,광산구,광주 광산구 산정동 156-3 산정주차장내 보관,"12,000,000","6,720,000",낙찰,"6,810,000",56.80%,2024-01-18,2024_1Q,3
광주 5계 2023-74636,차량,기타토지,기타토지,광주,광산구,광주 광산구 월전동 92-1 평동주차장(010-4628-2670)내 보관,"99,000,000","69,300,000",낙찰,"91,510,000",92.40%,2024-03-20,2024_1Q,3
광주 6계 2023-74643,차량,기타토지,기타토지,광주,광산구,"광주 광산구 우산동 218-5 서창다리주차장내 보관(제3자 전경신에게 보관,010-8466-0864)","6,000,000","2,688,000",낙찰,"3,020,000",50.30%,2024-03-27,2024_1Q,3
광주 9계 2023-74797,차량,기타토지,기타토지,광주,광산구,광주 광산구 산정동 156-3 산정주차장(010-5550-8424)내 보관,"23,000,000","16,100,000",낙찰,"17,090,000",74.30%,2024-01-31,2024_1Q,3
광주 3계 2023-74872,아파트,아파트,아파트,광주,광산구,광주 광산구 신창동 1187 신창부영 111동 2층 201호,"249,000,000","174,300,000",낙찰,"215,999,000",86.70%,2024-02-08,2024_1Q,3
광주 4계 2023-74896,아파트,아파트,아파트,광주,광산구,"광주 광산구 장덕동 1593 ,1594 광주수완현진에버빌2단지 208동 5층 503호","520,000,000","364,000,000",낙찰,"447,260,000",86.00%,2024-01-30,2024_1Q,3
광주 1계 2023-74964,아파트,아파트,아파트,광주,북구,광주 북구 운암동 1011 운암산아이파크 108동 1층 101호,"769,000,000","538,300,000",낙찰,"546,999,000",71.10%,2024-02-21,2024_1Q,3
광주 9계 2023-75448,차량,기타토지,기타토지,광주,광산구,광주 광산구 우산동 218-5 서창다리주차장(010-8466-0864)내 보관,"14,000,000","9,800,000",낙찰,"12,310,000",87.90%,2024-01-31,2024_1Q,3
광주 3계 2023-75462,아파트,아파트,아파트,광주,광산구,광주 광산구 신가동 1306 수완1단지중흥에스-클래스 103동 3층 302호,"497,000,000","347,900,000",낙찰,"432,208,000",87.00%,2024-02-08,2024_1Q,3
광주 4계 2023-75486,아파트,아파트,아파트,광주,북구,광주 북구 신용동 651 한양수자인리버뷰 102동 3층 302호,"522,000,000","365,400,000",낙찰,"413,201,000",79.20%,2024-03-12,2024_1Q,3
광주 6계 2023-75509,아파트,아파트,아파트,광주,광산구,광주 광산구 월계동 765-6 첨단남양파크 101동 4층 402호,"223,000,000","156,100,000",낙찰,"181,239,999",81.30%,2024-02-14,2024_1Q,3
광주 6계 2023-75691,아파트,아파트,아파트,광주,북구,"광주 북구 양산동 209-8 ,209-150 양산동우미 102동 8층 804호","107,000,000","74,900,000",낙찰,"87,215,000",81.50%,2024-02-14,2024_1Q,3
광주 4계 2023-75974,차량,기타토지,기타토지,광주,북구,광주 북구 삼각동 754-3 글로벌주차장내 보관(010-6245-1001),"30,000,000","21,000,000",낙찰,"23,700,000",79.00%,2024-01-30,2024_1Q,3
광주 4계 2023-76120,아파트,아파트,아파트,광주,남구,광주 남구 주월동 1301 주월동이지더원아파트1단지 102동 11층 1103호,"416,000,000","291,200,000",낙찰,"325,632,000",78.30%,2024-03-12,2024_1Q,3
광주 6계 2023-76175,아파트,아파트,아파트,광주,광산구,광주 광산구 산정동 1027 하남2지구다사로움2단지 203동 12층 1203호,"230,000,000","161,000,000",낙찰,"175,677,700",76.40%,2024-02-14,2024_1Q,3
광주 3계 2023-76311,차량,기타토지,기타토지,광주,광산구,광주 광산구 산정동 156 현대주차장(010-5550-8424)내 보관,"14,000,000","7,840,000",낙찰,"10,670,000",76.20%,2024-03-21,2024_1Q,3
광주 4계 2023-76373,아파트,아파트,아파트,광주,광산구,광주 광산구 산월동 885-1 부영 205동 11층 1103호,"272,000,000","190,400,000",낙찰,"247,737,600",91.10%,2024-03-12,2024_1Q,3
광주 5계 2023-76380,아파트,아파트,아파트,광주,광산구,"광주 광산구 도천동 628-1 ,628-2 중흥 112동 1층 101호","88,000,000","61,600,000",낙찰,"73,555,555",83.60%,2024-02-07,2024_1Q,3
광주 5계 2023-76564,아파트,아파트,아파트,광주,동구,광주 동구 산수동 716 무등산광신프로그레스 103동 9층 901호,"352,000,000","246,400,000",낙찰,"304,440,000",86.50%,2024-03-20,2024_1Q,3
광주 8계 2023-76632,차량,기타토지,기타토지,광주,서구,"광주 서구 벽진동 537-1 내 보관(제3자 하나로에프엔씨(010-5372-2362,010-3931-9875))","18,000,000","12,600,000",낙찰,"15,650,000",86.90%,2024-01-11,2024_1Q,3
광주 10계 2023-77048,중기,기타토지,기타토지,광주,광산구,광주 광산구 월전동 92-1 평동건설기계주차장(010-4628-2670)내 보관,"110,000,000","77,000,000",낙찰,"96,211,000",87.50%,2024-01-12,2024_1Q,3
광주 5계 2023-77123,아파트,아파트,아파트,광주,동구,광주 동구 산수동 568-1 두암타운 107동 6층 603호,"240,000,000","168,000,000",낙찰,"230,500,000",96.00%,2024-03-20,2024_1Q,3
광주 10계 2023-77260,차량,기타토지,기타토지,광주,광산구,광주 광산구 우산동 218-5 서창다리주차장내 보관(010-8466-0864),"22,000,000","15,400,000",낙찰,"18,410,000",83.70%,2024-02-23,2024_1Q,3
광주 5계 2023-77369,아파트,아파트,아파트,광주,북구,광주 북구 신용동 651 한양수자인리버뷰 116동 3층 302호,"359,000,000","251,300,000",낙찰,"305,999,999",85.20%,2024-03-20,2024_1Q,3
광주 3계 2023-77475,아파트,아파트,아파트,광주,광산구,"광주 광산구 수완동 908 ,909,911 수완2차우미린 210동 13층 1302호","514,000,000","359,800,000",낙찰,"461,569,000",89.80%,2024-03-21,2024_1Q,3
광주 2계 2023-77710,차량,기타토지,기타토지,광주,북구,광주 북구 삼각동 754-3 글로벌주차장내보관,"34,000,000","23,800,000",낙찰,"29,111,000",85.60%,2024-02-29,2024_1Q,3
광주 5계 2023-77956,중기,기타토지,기타토지,광주,광산구,광주 광산구 산정동 156 현대주차장내 보관,"39,000,000","27,300,000",낙찰,"30,020,000",77.00%,2024-03-20,2024_1Q,3
광주 2계 2023-78140,차량,기타토지,기타토지,광주,남구,광주 남구 임암동 678-200 지와이피내주차장(효천공용주차장)내보관,"5,100,000","3,570,000",낙찰,"4,230,000",82.90%,2024-02-29,2024_1Q,3
광주 3계 2023-78560,공장,공장(지식산업센터 업무시설),공장,광주,북구,광주 북구 연제동 1022-1,"2,349,287,800","1,644,501,000",낙찰,"1,926,500,000",82.00%,2024-03-21,2024_1Q,3
광주 3계 2023-78942,아파트,아파트,아파트,광주,남구,광주 남구 주월동 1134 경남 101동 15층 1503호,"218,000,000","152,600,000",낙찰,"178,760,000",82.00%,2024-03-21,2024_1Q,3
광주 4계 2023-78959,아파트,아파트,아파트,광주,북구,광주 북구 문흥동 1010-2 일신 103동 18층 1807호,"139,000,000","139,000,000",낙찰,"140,000,000",100.70%,2024-03-12,2024_1Q,3
광주 5계 2023-78966,아파트,아파트,아파트,광주,북구,"광주 북구 오치동 855-9 ,855-10,855-11 로얄타운 101동 3층 304호","110,000,000","77,000,000",낙찰,"103,750,000",94.30%,2024-03-20,2024_1Q,3
광주 5계 2023-79068,아파트,아파트,아파트,광주,서구,"광주 서구 내방동 475-1 ,465-41,479-1,828-12 솔뫼타운 101동 2층 208호","104,000,000","104,000,000",낙찰,"104,000,000",100.00%,2024-02-07,2024_1Q,3
광주 5계 2023-79112,차량,기타토지,기타토지,광주,광산구,광주 광산구 우산동 218-5 서창다리주차장(010-8466-0864)내 보관,"12,000,000","8,400,000",낙찰,"9,750,000",81.30%,2024-02-07,2024_1Q,3
광주 5계 2023-79211,아파트,아파트,아파트,광주,서구,"광주 서구 치평동 1330 ,마륵동 802 갤러리303 105동 10층 1004호","862,000,000","603,400,000",낙찰,"726,889,990",84.30%,2024-03-20,2024_1Q,3
광주 3계 2023-79631,아파트,아파트,아파트,광주,서구,광주 서구 풍암동 1059 한국 105동 3층 303호,"171,000,000","171,000,000",낙찰,"171,000,000",100.00%,2024-02-08,2024_1Q,3
광주 5계 2023-79839,아파트,아파트,아파트,광주,남구,광주 남구 방림동 562 무등산센트럴파크 105동 13층 1302호,"353,000,000","247,100,000",낙찰,"314,399,999",89.10%,2024-03-20,2024_1Q,3
광주 3계 2023-80488,차량,기타토지,기타토지,광주,광산구,광주 광산구 우산동 218-5 서창다리주차장(연락처:010-8466-0864)내보관,"36,000,000","25,200,000",낙찰,"32,159,000",89.30%,2024-03-21,2024_1Q,3
광주 3계 2023-80600,아파트,아파트,아파트,광주,광산구,광주 광산구 소촌동 97-1 소촌2차라인 205동 9층 908호,"133,000,000","133,000,000",낙찰,"133,000,000",100.00%,2024-03-21,2024_1Q,3
광주 5계 2023-80624,아파트,아파트,아파트,광주,북구,광주 북구 삼각동 753-10 서라 102동 1층 103호,"121,000,000","121,000,000",낙찰,"121,000,000",100.00%,2024-03-20,2024_1Q,3
광주 4계 2023-80723,아파트,아파트,아파트,광주,북구,"광주 북구 용봉동 1237-1 ,1242-1 호반 102동 9층 905호","109,000,000","109,000,000",낙찰,"109,000,000",100.00%,2024-03-12,2024_1Q,3
광주 6계 2023-81825,차량,기타토지,기타토지,광주,남구,광주 남구 임암동 678-200 내 보관(제3자지와이피(방설화)에게보관(010-8308-7371),"16,000,000","16,000,000",낙찰,"16,101,000",100.60%,2024-02-14,2024_1Q,3
광주 4계 2023-82026(1),차량,기타토지,기타토지,광주,광산구,광주 광산구 산정동 156-3 산정주차장(062-953-8424)내 보관,"40,000,000","40,000,000",낙찰,"41,240,000",103.10%,2024-03-12,2024_1Q,3
광주 9계 2023-82491,차량,기타토지,기타토지,광주,광산구,광주 광산구 소촌동 755-8 공단대형주차장 (010-3607-1873)내 보관,"2,200,000","2,200,000",낙찰,"2,200,000",100.00%,2024-01-31,2024_1Q,3
광주 5계 2023-82767,오피스텔(주거),오피스텔,오피스텔(업무용),광주,서구,광주 서구 치평동 1202-2 랜드피아오피스텔 4층 429호,"58,000,000","58,000,000",낙찰,"58,000,000",100.00%,2024-03-20,2024_1Q,3
광주 5계 2023-83098,아파트,아파트,아파트,광주,서구,광주 서구 풍암동 1057 남양.현대 102동 4층 402호,"168,000,000","168,000,000",낙찰,"168,000,000",100.00%,2024-03-20,2024_1Q,3
광주 5계 2023-83388,차량,기타토지,기타토지,광주,광산구,광주 광산구 우산동 218-5 서창다리주차장(010-8466-0864)내 보관,"12,000,000","8,400,000",낙찰,"10,310,000",85.90%,2024-03-20,2024_1Q,3
광주 1계 2024-21,차량,기타토지,기타토지,광주,남구,광주 남구 송하동 348-1 송원주차장내 보관,"6,000,000","6,000,000",낙찰,"6,100,000",101.70%,2024-02-21,2024_1Q,3
광주 7계 2020-67101,중기,기타토지,기타토지,광주,남구,"광주 남구 송하동 348-1 송원주차장(제3자이상민,010-6540-7261)내 보관","48,000,000","26,880,000",낙찰,"37,110,000",77.30%,2023-11-28,2023_4Q,3
광주 8계 2021-4978,아파트,아파트,아파트,광주,광산구,광주 광산구 도산동 1298-3 삼라극동 101동 11층 1102호,"80,000,000","11,744,000",낙찰,"13,000,000",16.30%,2023-10-19,2023_4Q,3
광주 3계 2021-5506,아파트,아파트,아파트,광주,동구,광주 동구 지산동 315-1 삼성 2동 7층 705호,"205,000,000","143,500,000",낙찰,"181,550,000",88.60%,2023-10-05,2023_4Q,3
광주 1계 2021-62790,아파트,아파트,아파트,광주,광산구,광주 광산구 선암동 783 선운지구해광샹그릴라 105동 7층 805호,"352,000,000","246,400,000",낙찰,"277,777,000",78.90%,2023-10-18,2023_4Q,3
광주 1계 2021-63588,아파트,아파트,아파트,광주,광산구,광주 광산구 선암동 783 선운지구해광샹그릴라 103동 11층 1202호,"351,000,000","245,700,000",낙찰,"286,877,777",81.70%,2023-10-18,2023_4Q,3
광주 1계 2021-64697,아파트,아파트,아파트,광주,광산구,광주 광산구 선암동 783 선운지구해광샹그릴라 103동 1층 103호,"324,000,000","226,800,000",낙찰,"238,890,000",73.70%,2023-10-18,2023_4Q,3
광주 3계 2022-2634,근린상가,근린상가,근린상가,광주,동구,광주 동구 용산동 664 조은프라자1 2층 201호,"272,000,000","190,400,000",낙찰,"212,170,000",78.00%,2023-12-28,2023_4Q,3
광주 2계 2022-5541(1),근린상가,근린상가,근린상가,광주,동구,"광주 동구 금남로5가 1-5 ,13-4,277 금남전자상가 4층 401호","767,000,000","219,914,000",낙찰,"223,668,000",29.20%,2023-12-07,2023_4Q,3
광주 5계 2022-6001,차량,기타토지,기타토지,광주,광산구,광주 광산구 월전동 92-1 평동주차장(010-4628-2670)내 보관,"15,000,000","10,500,000",낙찰,"12,110,000",80.70%,2023-11-15,2023_4Q,3
광주 5계 2022-6223,단독주택,단독,단독주택,광주,북구,광주 북구 두암동 588-16,"22,316,300","15,621,000",낙찰,"18,810,270",84.30%,2023-10-04,2023_4Q,3
광주 6계 2022-6230(2),목장용지,기타토지,목장용지,광주,광산구,광주 광산구 대산동 산138-3,"397,624,000","278,337,000",낙찰,"279,100,000",70.20%,2023-10-11,2023_4Q,3
광주 1계 2022-6315,아파트,아파트,아파트,광주,북구,광주 북구 운암동 1033 금호 2동 4층 404호,"292,000,000","204,400,000",낙찰,"241,110,000",82.60%,2023-11-29,2023_4Q,3
광주 9계 2022-7196,전,전,전,광주,북구,광주 북구 삼각동 219-1,"24,840,440","17,044,000",낙찰,"17,555,000",70.70%,2023-11-08,2023_4Q,3
광주 2계 2022-7530,임야,임야,임야,광주,남구,광주 남구 임암동 산7,"545,450,000","125,114,000",낙찰,"145,200,000",26.60%,2023-12-07,2023_4Q,3
광주 5계 2022-7721,단독주택,단독,단독주택,광주,남구,광주 남구 화장동 733-4 1호,"34,868,400","24,408,000",낙찰,"25,600,000",73.40%,2023-10-04,2023_4Q,3
광주 7계 2022-7844,공장,공장(지식산업센터 업무시설),공장,광주,광산구,광주 광산구 월전동 912-11 A동,"7,451,244,070","7,451,244,070",낙찰,"8,500,000,000",114.10%,2023-11-28,2023_4Q,3
광주 5계 2022-7936,아파트,아파트,아파트,광주,서구,광주 서구 쌍촌동 1282 모아제일 103동 3층 305호,"285,000,000","199,500,000",낙찰,"230,111,020",80.70%,2023-10-04,2023_4Q,3
광주 3계 2022-8359(24),아파트,아파트,아파트,광주,광산구,광주 광산구 월계동 763-6 호반 211동 5층 505호,"193,000,000","135,100,000",낙찰,"163,200,000",84.60%,2023-11-16,2023_4Q,3
광주 3계 2022-8359(25),아파트,아파트,아파트,광주,광산구,광주 광산구 신가동 961-1 신가2차리젠시빌 201동 3층 301호,"255,000,000","178,500,000",낙찰,"221,888,010",87.00%,2023-11-16,2023_4Q,3
광주 3계 2022-8359(28),아파트,아파트,아파트,광주,광산구,광주 광산구 신가동 1019-2 호반리젠시빌 101동 2층 201호,"245,000,000","171,500,000",낙찰,"187,570,000",76.60%,2023-11-16,2023_4Q,3
광주 3계 2022-8359(29),아파트,아파트,아파트,광주,서구,광주 서구 치평동 1166-7 호반 102동 1층 102호,"178,000,000","124,600,000",낙찰,"143,000,100",80.30%,2023-11-16,2023_4Q,3
광주 10계 2022-8533,아파트,아파트,아파트,광주,북구,"광주 북구 삼각동 533 ,672-4,750-13 그린타운 105동 1층 106호","216,000,000","151,200,000",낙찰,"170,100,000",78.80%,2023-12-01,2023_4Q,3
광주 7계 2022-60821,차량,기타토지,기타토지,광주,남구,광주 남구 송하동 348-1 송원주차장(제3자이상민010-3622-7261)내 보관,"23,000,000","10,304,000",낙찰,"11,500,000",50.00%,2023-11-28,2023_4Q,3
광주 7계 2022-61015(1),대지,나대지,나대지,광주,동구,광주 동구 대인동 21-43,"35,640,000","24,948,000",낙찰,"30,498,000",85.60%,2023-11-28,2023_4Q,3
광주 7계 2022-61015(2),대지,나대지,나대지,광주,동구,광주 동구 대인동 21-30,"4,950,600","4,950,600",낙찰,"5,590,090",112.90%,2023-10-17,2023_4Q,3
광주 6계 2022-63356,공장,공장(지식산업센터 업무시설),공장,광주,광산구,"광주 광산구 우산동 1060-10 ,1060-11","617,125,180","345,590,000",낙찰,"469,999,990",76.20%,2023-11-22,2023_4Q,3
광주 5계 2022-68238,다가구,다가구,다가구,광주,광산구,광주 광산구 신창동 1210-4,"643,946,150","360,610,000",낙찰,"380,100,000",59.00%,2023-11-15,2023_4Q,3
광주 5계 2022-71043,아파트,아파트,아파트,광주,광산구,광주 광산구 신창동 1285 광주신창동대광로제비앙 102동 20층 2002호,"369,000,000","258,300,000",낙찰,"311,100,000",84.30%,2023-10-04,2023_4Q,3
광주 6계 2022-71630,도로,기타토지,기타토지,광주,광산구,광주 광산구 송정동 441-40,"28,846,100","16,154,000",낙찰,"17,307,600",60.00%,2023-10-11,2023_4Q,3
광주 7계 2022-72039,오피스텔(주거),오피스텔,오피스텔(업무용),광주,서구,광주 서구 치평동 1202-2 랜드피아 16층 1628호,"65,000,000","45,500,000",낙찰,"46,100,000",70.90%,2023-11-28,2023_4Q,3
광주 3계 2022-72220,아파트,아파트,아파트,광주,광산구,광주 광산구 우산동 1311-1 대광로제비앙 102동 8층 806호,"363,000,000","254,100,000",낙찰,"291,000,000",80.20%,2023-10-05,2023_4Q,3
광주 5계 2022-72374,대지,나대지,나대지,광주,서구,광주 서구 양동 438-166,"53,015,462","37,111,000",낙찰,"42,370,000",79.90%,2023-10-04,2023_4Q,3
광주 5계 2022-72558,아파트,아파트,아파트,광주,북구,광주 북구 동림동 26-1 우미 105동 8층 801호,"122,520,000","85,764,000",낙찰,"104,322,000",85.10%,2023-10-04,2023_4Q,3
광주 3계 2022-73162,아파트,아파트,아파트,광주,광산구,광주 광산구 수완동 913 광주수완코오롱하늘채 109동 15층 1501호,"776,000,000","543,200,000",낙찰,"595,530,000",76.70%,2023-10-05,2023_4Q,3
광주 3계 2022-73803(1),전,전,전,광주,북구,광주 북구 동림동 220-1,"1,913,160,000","1,071,370,000",낙찰,"1,190,500,000",62.20%,2023-10-05,2023_4Q,3
광주 3계 2022-73803(2),전,전,전,광주,북구,광주 북구 동림동 227,"1,383,932,000","775,002,000",낙찰,"841,500,000",60.80%,2023-10-05,2023_4Q,3
광주 3계 2022-73803(5),전,전,전,광주,북구,광주 북구 동림동 230,"196,350,000","196,350,000",낙찰,"300,150,000",152.90%,2023-10-05,2023_4Q,3
광주 5계 2022-73889,아파트,아파트,아파트,광주,광산구,광주 광산구 우산동 1621 세계수영선수촌중흥에스-클래스센트럴 106동 11층 1101호,"530,000,000","371,000,000",낙찰,"371,710,000",70.10%,2023-11-15,2023_4Q,3
광주 9계 2022-74066(1),아파트,아파트,아파트,광주,광산구,광주 광산구 신창동 876 엘림타운 8층 803호,"296,000,000","165,760,000",낙찰,"191,000,000",64.50%,2023-11-08,2023_4Q,3
광주 9계 2022-74066(2),아파트,아파트,아파트,광주,광산구,광주 광산구 신창동 876 엘림타운 5층 503호,"302,000,000","169,120,000",낙찰,"189,000,000",62.60%,2023-11-08,2023_4Q,3
광주 10계 2022-75366,다가구,다가구,다가구,광주,북구,광주 북구 일곡동 872-1,"838,181,730","586,727,000",낙찰,"651,199,990",77.70%,2023-10-20,2023_4Q,3
광주 10계 2022-75519(8),다세대,다세대주택,다세대,광주,서구,광주 서구 쌍촌동 537-2 마당채 2층 205호,"41,000,000","22,960,000",낙찰,"27,710,000",67.60%,2023-10-20,2023_4Q,3
광주 10계 2022-75519(10),다세대,다세대주택,다세대,광주,서구,광주 서구 쌍촌동 537-2 마당채 3층 301호,"46,200,000","25,872,000",낙찰,"30,110,000",65.20%,2023-10-20,2023_4Q,3
광주 10계 2022-75519(11),다세대,다세대주택,다세대,광주,서구,광주 서구 쌍촌동 537-2 마당채 3층 302호,"41,000,000","22,960,000",낙찰,"26,721,000",65.20%,2023-10-20,2023_4Q,3
광주 5계 2022-75922(2),도로,기타토지,기타토지,광주,남구,광주 남구 백운동 623-50,"32,860,800","32,860,800",낙찰,"32,860,800",100.00%,2023-10-04,2023_4Q,3
광주 8계 2022-76055,차량,기타토지,기타토지,광주,광산구,광주 광산구 산정동 156 현대주차장내 보관(062-953-8424/010-5550-8424),"7,500,000","3,360,000",낙찰,"3,660,000",48.80%,2023-10-19,2023_4Q,3
광주 10계 2022-76154(1),아파트,아파트,아파트,광주,동구,광주 동구 계림동 1815 푸른길두산위브 209동 3층 303호,"189,000,000","132,300,000",낙찰,"148,778,000",78.70%,2023-12-01,2023_4Q,3
광주 10계 2022-76154(3),아파트,아파트,아파트,광주,동구,광주 동구 계림동 1815 푸른길두산위브 209동 5층 503호,"189,000,000","132,300,000",낙찰,"163,010,000",86.20%,2023-10-20,2023_4Q,3
광주 7계 2022-76437,단독주택,단독,단독주택,광주,북구,광주 북구 양산동 361-20 주건축물 1동,"1,209,198,400","846,439,000",낙찰,"1,029,028,990",85.10%,2023-10-17,2023_4Q,3
광주 7계 2022-76611,다가구,다가구,다가구,광주,남구,광주 남구 서동 29-3,"523,135,840","234,365,000",낙찰,"268,800,000",51.40%,2023-10-17,2023_4Q,3
광주 3계 2022-77102,임야,임야,임야,광주,동구,광주 동구 산수동 산47-1,"479,349,800","214,749,000",낙찰,"220,100,000",45.90%,2023-10-05,2023_4Q,3
광주 5계 2022-77232,아파트,아파트,아파트,광주,서구,광주 서구 쌍촌동 1337 우미아트빌 206동 12층 1201호,"309,000,000","216,300,000",낙찰,"217,336,000",70.30%,2023-11-15,2023_4Q,3
광주 5계 2022-77744,아파트,아파트,아파트,광주,북구,광주 북구 연제동 1119 힐스테이트연제 114동 15층 1501호,"532,000,000","372,400,000",낙찰,"449,999,990",84.60%,2023-11-15,2023_4Q,3
광주 5계 2022-77867,대지,나대지,나대지,광주,북구,광주 북구 양산동 57-28,"398,520,000","278,964,000",낙찰,"336,271,000",84.40%,2023-10-04,2023_4Q,3
광주 5계 2022-78020,아파트,아파트,아파트,광주,북구,광주 북구 두암동 969-1 두암3단지주공 304동 6층 604호,"80,000,000","56,000,000",낙찰,"64,022,000",80.00%,2023-11-15,2023_4Q,3
광주 5계 2022-78280,임야,임야,임야,광주,동구,광주 동구 용산동 산191,"8,052,800","8,052,800",낙찰,"8,111,000",100.70%,2023-10-04,2023_4Q,3
광주 5계 2023-185,아파트,아파트,아파트,광주,서구,"광주 서구 화정동 1020 ,1021 광명 101동 2층 208호","136,000,000","95,200,000",낙찰,"104,729,000",77.00%,2023-11-15,2023_4Q,3
광주 8계 2023-833,대지,나대지,나대지,광주,동구,광주 동구 소태동 726-4,"213,720,000","95,746,000",낙찰,"105,100,000",49.20%,2023-10-19,2023_4Q,3
광주 10계 2023-956,근린주택,근린주택,근린주택,광주,동구,광주 동구 동명동 263-10,"261,302,600","146,330,000",낙찰,"156,370,000",59.80%,2023-10-20,2023_4Q,3
광주 10계 2023-963,차량,기타토지,기타토지,광주,광산구,광주 광산구 비아동 602 (주)한백자동차정비내 보관,"12,000,000","6,720,000",낙찰,"9,179,000",76.50%,2023-12-01,2023_4Q,3
광주 10계 2023-1058,연립,연립주택,연립·빌라,광주,서구,"광주 서구 매월동 450 ,453,454,441-5 알드만단지형펜트하우스 102동 3,4층 301호","1,470,000,000","658,560,000",낙찰,"778,000,000",52.90%,2023-10-20,2023_4Q,3
광주 3계 2023-1089,아파트,아파트,아파트,광주,동구,광주 동구 학동 1022 무등산아이파크 103동 14층 1404호,"620,000,000","434,000,000",낙찰,"580,100,000",93.60%,2023-10-05,2023_4Q,3
광주 8계 2023-1232,전,전,전,광주,광산구,광주 광산구 비아동 118-8,"1,669,760,000","935,066,000",낙찰,"940,222,000",56.30%,2023-11-30,2023_4Q,3
광주 5계 2023-1270,단독주택,단독,단독주택,광주,서구,광주 서구 쌍촌동 1200-8,"40,823,220","22,861,000",낙찰,"22,871,000",56.00%,2023-12-27,2023_4Q,3
광주 2계 2023-1348,아파트,아파트,아파트,광주,서구,광주 서구 금호동 818 풍암부영1차(마재마을) 102동 11층 1101호,"248,000,000","173,600,000",낙찰,"200,888,888",81.00%,2023-12-07,2023_4Q,3
광주 7계 2023-1423,연립,연립주택,연립·빌라,광주,동구,광주 동구 소태동 1108 무등산수안채 103동 3층 302호,"279,000,000","195,300,000",낙찰,"195,301,000",70.00%,2023-10-17,2023_4Q,3
광주 5계 2023-1638,아파트,아파트,아파트,광주,서구,광주 서구 화정동 1612 유니버시아드힐스테이트 308동 24층 2401호,"577,000,000","403,900,000",낙찰,"483,790,000",83.80%,2023-11-15,2023_4Q,3
광주 6계 2023-1706,차량,기타토지,기타토지,광주,광산구,광주 광산구 월전동 92-1 평동주차장내 보관(제3자양애리에게보관010-4628-2670),"26,000,000","14,560,000",낙찰,"17,560,000",67.50%,2023-10-11,2023_4Q,3
광주 1계 2023-1881,단독주택,단독,단독주택,광주,북구,광주 북구 신안동 239-29,"236,760,670","165,732,000",낙찰,"208,250,000",88.00%,2023-10-18,2023_4Q,3
광주 6계 2023-1935,대지,나대지,나대지,광주,남구,광주 남구 주월동 685-13,"92,950,000","92,950,000",낙찰,"95,100,000",102.30%,2023-11-22,2023_4Q,3
광주 10계 2023-2112,주상복합(상가),기타토지,기타토지,광주,광산구,광주 광산구 쌍암동 694-74 윤진리안채 1층 108호,"803,000,000","449,680,000",낙찰,"470,100,000",58.50%,2023-10-20,2023_4Q,3
광주 5계 2023-2150,아파트,아파트,아파트,광주,북구,광주 북구 일곡동 850-5 일곡호반일신 103동 1층 107호,"159,000,000","111,300,000",낙찰,"131,979,000",83.00%,2023-11-15,2023_4Q,3
광주 9계 2023-2198,대지,나대지,나대지,광주,광산구,광주 광산구 도산동 912-2,"345,400,000","241,780,000",낙찰,"304,000,000",88.00%,2023-11-08,2023_4Q,3
광주 5계 2023-2266,연립,연립주택,연립·빌라,광주,동구,광주 동구 소태동 1108 무등산수안채 103동 3층 301호,"285,000,000","159,600,000",낙찰,"189,511,000",66.50%,2023-12-27,2023_4Q,3
광주 3계 2023-2686,차량,기타토지,기타토지,광주,광산구,광주 광산구 소촌동 755-8 공단대형주차장내 보관,"10,000,000","7,000,000",낙찰,"7,780,000",77.80%,2023-10-05,2023_4Q,3
광주 2계 2023-2754,아파트,아파트,아파트,광주,광산구,광주 광산구 월계동 763-5 첨단모아미래도 108동 5층 506호,"225,000,000","157,500,000",낙찰,"165,258,800",73.40%,2023-10-26,2023_4Q,3
광주 3계 2023-2853,아파트,아파트,아파트,광주,서구,광주 서구 풍암동 1054 풍암지구신암마을새한센시빌 101동 3층 302호,"314,000,000","219,800,000",낙찰,"307,999,770",98.10%,2023-10-05,2023_4Q,3
광주 10계 2023-2969,아파트,아파트,아파트,광주,북구,광주 북구 오치동 856-25 오치동도나우 10층 1002호,"93,000,000","65,100,000",낙찰,"74,700,000",80.30%,2023-10-20,2023_4Q,3
광주 4계 2023-2983(1),근린상가,근린상가,근린상가,광주,북구,"광주 북구 연제동 217 ,217-1,217-9,217-10 유엔어스타워 2층 202호","416,000,000","232,960,000",낙찰,"245,200,000",58.90%,2023-12-19,2023_4Q,3
광주 1계 2023-3122,아파트,아파트,아파트,광주,광산구,광주 광산구 쌍암동 676-3 첨단센트럴파크2차 201동 13층 1304호,"169,000,000","118,300,000",낙찰,"143,115,000",84.70%,2023-11-29,2023_4Q,3
광주 3계 2023-3146,아파트,아파트,아파트,광주,광산구,광주 광산구 장덕동 1306 진흥수완더루벤스 102동 16층 1603호,"404,000,000","282,800,000",낙찰,"379,420,000",93.90%,2023-10-05,2023_4Q,3
광주 10계 2023-3184,아파트,아파트,아파트,광주,북구,광주 북구 문흥동 996-2 공간 102동 8층 810호,"141,000,000","98,700,000",낙찰,"124,940,000",88.60%,2023-10-20,2023_4Q,3
광주 4계 2023-3191(1),아파트,아파트,아파트,광주,서구,광주 서구 쌍촌동 1232-1 중흥광명 101동 17층 1702호,"243,000,000","170,100,000",낙찰,"183,920,000",75.70%,2023-11-07,2023_4Q,3
광주 4계 2023-3214(1),근린상가,근린상가,근린상가,광주,남구,광주 남구 임암동 859 SK타워 1층 108호,"512,000,000","358,400,000",낙찰,"387,890,000",75.80%,2023-11-07,2023_4Q,3
광주 5계 2023-3221,답,답,답,광주,광산구,광주 광산구 임곡동 485-7,"2,400,890,000","1,680,623,000",낙찰,"1,711,000,000",71.30%,2023-12-27,2023_4Q,3
광주 5계 2023-3283(1),차량,기타토지,기타토지,광주,서구,"광주 서구 벽진동 537-1 제3자 하나로에프엔씨에게 보관(010-5372-2362, 010-3931-9875)","7,500,000","4,200,000",낙찰,"5,150,000",68.70%,2023-11-15,2023_4Q,3
광주 5계 2023-3283(2),차량,기타토지,기타토지,광주,서구,"광주 서구 벽진동 537-1 제3자 하나로에프엔씨에게 보관(010-5372-2362, 010-3931-9875)","3,500,000","1,568,000",낙찰,"1,611,000",46.00%,2023-12-27,2023_4Q,3
광주 4계 2023-3481,근린상가,근린상가,근린상가,광주,광산구,광주 광산구 쌍암동 694-101,"3,307,220,600","3,307,220,600",낙찰,"3,603,282,500",109.00%,2023-11-07,2023_4Q,3
광주 3계 2023-3610,아파트,아파트,아파트,광주,북구,광주 북구 일곡동 849-8 진로 101동 19층 1903호,"195,000,000","136,500,000",낙찰,"158,799,100",81.40%,2023-10-05,2023_4Q,3
광주 4계 2023-3627,오피스텔,오피스텔,오피스텔(업무용),광주,북구,광주 북구 용봉동 1366-4 썬오피스텔 10층 1003호,"56,000,000","39,200,000",낙찰,"50,060,000",89.40%,2023-11-07,2023_4Q,3
광주 3계 2023-3726,대지,나대지,나대지,광주,서구,광주 서구 농성동 108,"836,800,000","585,760,000",낙찰,"595,000,000",71.10%,2023-10-05,2023_4Q,3
광주 10계 2023-3771,아파트,아파트,아파트,광주,광산구,광주 광산구 선암동 555 선운모아엘가 101동 2층 203호,"463,000,000","324,100,000",낙찰,"380,000,000",82.10%,2023-12-01,2023_4Q,3
광주 3계 2023-3788,아파트,아파트,아파트,광주,남구,광주 남구 진월동 294-18 호반리젠시빌스위트 102동 9층 903호,"361,000,000","252,700,000",낙찰,"321,500,000",89.10%,2023-10-05,2023_4Q,3
광주 9계 2023-3856(1),아파트,아파트,아파트,광주,북구,"광주 북구 삼각동 533 ,672-4,750-13 그린타운 108동 3층 301호","146,000,000","102,200,000",낙찰,"125,100,000",85.70%,2023-12-20,2023_4Q,3
광주 3계 2023-3894,근린상가,근린상가,근린상가,광주,동구,광주 동구 지산동 218-31,"388,532,940","271,973,000",낙찰,"351,000,000",90.30%,2023-10-05,2023_4Q,3
광주 10계 2023-4019,연립,연립주택,연립·빌라,광주,광산구,광주 광산구 송정동 585 송정이다움 102동 3층 301호,"143,000,000","100,100,000",낙찰,"116,100,000",81.20%,2023-12-01,2023_4Q,3
광주 9계 2023-4095,도로,기타토지,기타토지,광주,북구,광주 북구 풍향동 600-30,"33,720,000","33,720,000",낙찰,"111,518,000",330.70%,2023-11-08,2023_4Q,3
광주 2계 2023-4118,답,답,답,광주,광산구,광주 광산구 임곡동 383,"164,214,000","164,214,000",낙찰,"200,000,000",121.80%,2023-12-07,2023_4Q,3
광주 8계 2023-4576,아파트,아파트,아파트,광주,북구,광주 북구 일곡동 849-1 한일 103동 13층 1306호,"165,000,000","115,500,000",낙찰,"146,099,999",88.50%,2023-11-30,2023_4Q,3
광주 4계 2023-4873,아파트,아파트,아파트,광주,광산구,광주 광산구 월계동 763-2 첨단8차라인 801동 5층 501호,"230,000,000","161,000,000",낙찰,"161,550,000",70.20%,2023-12-19,2023_4Q,3
광주 4계 2023-4972,대지,나대지,나대지,광주,서구,광주 서구 양동 264-12,"17,400,000","12,180,000",낙찰,"14,111,000",81.10%,2023-12-19,2023_4Q,3
광주 7계 2023-5111,차량,기타토지,기타토지,광주,광산구,광주 광산구 월전동 92-1 제3자 평동주차장내 보관,"15,000,000","10,500,000",낙찰,"13,579,990",90.50%,2023-11-28,2023_4Q,3
광주 5계 2023-5371,아파트,아파트,아파트,광주,남구,광주 남구 방림동 569 방림명지로드힐 102동 9층 904호,"364,000,000","254,800,000",낙찰,"311,777,000",85.70%,2023-12-27,2023_4Q,3
광주 10계 2023-5647,차량,기타토지,기타토지,광주,광산구,광주 광산구 소촌동 755-8 공단대형주차장(010-3607-1873)내 보관,"43,000,000","30,100,000",낙찰,"37,600,000",87.40%,2023-12-01,2023_4Q,3
광주 2계 2023-5661,차량,기타토지,기타토지,광주,남구,광주 남구 송하동 348-1 송원주차장내 보관,"10,500,000","7,350,000",낙찰,"9,399,999",89.50%,2023-12-07,2023_4Q,3
광주 4계 2023-6428,아파트,아파트,아파트,광주,서구,광주 서구 유촌동 864 상무버들마을 1주공 103동 11층 1103호,"230,000,000","230,000,000",낙찰,"232,080,000",100.90%,2023-12-19,2023_4Q,3
광주 5계 2023-6602,전,전,전,광주,광산구,광주 광산구 고룡동 199,"46,296,000","46,296,000",낙찰,"46,515,000",100.50%,2023-12-27,2023_4Q,3
광주 6계 2023-60279,아파트,아파트,아파트,광주,광산구,광주 광산구 장덕동 1110 수완신안실크밸리 101동 17층 1705호,"431,000,000","301,700,000",낙찰,"395,590,000",91.80%,2023-10-11,2023_4Q,3
광주 7계 2023-60507,아파트,아파트,아파트,광주,남구,광주 남구 방림동 556-1 라인호친 202동 6층 706호,"157,000,000","109,900,000",낙찰,"120,400,000",76.70%,2023-10-17,2023_4Q,3
광주 2계 2023-60545,근린상가,근린상가,근린상가,광주,동구,광주 동구 용산동 672 지타워 1층 109호,"1,007,000,000","451,136,000",낙찰,"540,000,000",53.60%,2023-10-26,2023_4Q,3
광주 5계 2023-60934,오피스텔(주거),오피스텔,오피스텔(업무용),광주,남구,"광주 남구 봉선동 480 ,479,481,482,483-11,483-21,483-31,483-41,483-42 더플레이스봉선 9층 908호","205,000,000","114,800,000",낙찰,"133,000,000",64.90%,2023-12-27,2023_4Q,3
광주 1계 2023-61029,차량,기타토지,기타토지,광주,광산구,광주 광산구 월전동 92-1 평동주차장내 보관,"8,000,000","4,480,000",낙찰,"4,570,000",57.10%,2023-10-18,2023_4Q,3
광주 6계 2023-61081,차량,기타토지,기타토지,광주,광산구,"광주 광산구 산정동 156 현대주차장내 보관(제3자김인호에게보관062-953-8424,010-5550-8424)","47,000,000","32,900,000",낙찰,"38,000,000",80.90%,2023-11-22,2023_4Q,3
광주 3계 2023-61142,아파트,아파트,아파트,광주,광산구,광주 광산구 장덕동 1116 수완자이 101동 6층 601호,"798,000,000","558,600,000",낙찰,"630,070,000",79.00%,2023-10-05,2023_4Q,3
광주 5계 2023-61234,차량,기타토지,기타토지,광주,서구,광주 서구 벽진동 537-1 하나로에프엔씨(010-5372-2362)내 보관,"5,000,000","2,800,000",낙찰,"2,860,000",57.20%,2023-12-27,2023_4Q,3
광주 9계 2023-61418(1),임야,임야,임야,광주,광산구,광주 광산구 용곡동 산43-8,"26,448,000","26,448,000",낙찰,"30,030,000",113.50%,2023-11-08,2023_4Q,3
광주 8계 2023-61494,근린상가,근린상가,근린상가,광주,광산구,광주 광산구 우산동 1580-14,"941,805,800","659,264,000",낙찰,"673,950,000",71.60%,2023-10-19,2023_4Q,3
광주 5계 2023-61616,아파트,아파트,아파트,광주,북구,광주 북구 일곡동 814-3 일곡롯데 102동 3층 303호,"594,000,000","415,800,000",낙찰,"480,100,000",80.80%,2023-11-15,2023_4Q,3
광주 2계 2023-61661,아파트,아파트,아파트,광주,광산구,광주 광산구 산정동 1119 산정 셀트리움 101동 15층 1504호,"299,000,000","209,300,000",낙찰,"281,090,000",94.00%,2023-12-07,2023_4Q,3
광주 10계 2023-62060,단독주택,단독,단독주택,광주,남구,광주 남구 주월동 390-1,"14,924,550","10,447,000",낙찰,"14,299,000",95.80%,2023-10-20,2023_4Q,3
광주 1계 2023-62206,단독주택,단독,단독주택,광주,북구,광주 북구 일곡동 896-27,"800,615,200","560,431,000",낙찰,"600,460,000",75.00%,2023-10-18,2023_4Q,3
광주 6계 2023-62282,중기,기타토지,기타토지,광주,광산구,"광주 광산구 산정동 156 현대주차장내 보관(제3자 김인호에게 보관(062-953-8424, 010-5550-8424))","45,000,000","20,160,000",낙찰,"23,700,000",52.70%,2023-10-11,2023_4Q,3
광주 2계 2023-62343(1),아파트,아파트,아파트,광주,남구,광주 남구 방림동 556 모아 110동 13층 1408호,"176,000,000","98,560,000",낙찰,"119,999,999",68.20%,2023-10-26,2023_4Q,3
광주 10계 2023-62589,근린상가,근린상가,근린상가,광주,광산구,광주 광산구 도산동 773-4 리안채빌딩 1층 105호,"726,000,000","325,248,000",낙찰,"355,790,000",49.00%,2023-10-20,2023_4Q,3
광주 7계 2023-62800,아파트,아파트,아파트,광주,남구,광주 남구 송하동 126-2 송하동진아리채2단지 505동 19층 1902호,"283,000,000","198,100,000",낙찰,"262,880,000",92.90%,2023-10-17,2023_4Q,3
광주 5계 2023-62916,아파트,아파트,아파트,광주,광산구,광주 광산구 신창동 1270 신창2차부영 204동 8층 801호,"286,000,000","200,200,000",낙찰,"242,000,000",84.60%,2023-11-15,2023_4Q,3
광주 1계 2023-63025,아파트,아파트,아파트,광주,동구,광주 동구 소태동 501 미래도 102동 2층 206호,"230,000,000","161,000,000",낙찰,"181,100,000",78.70%,2023-10-18,2023_4Q,3
광주 7계 2023-63148,아파트,아파트,아파트,광주,북구,광주 북구 삼각동 755-17 삼익 102동 10층 1002호,"187,000,000","130,900,000",낙찰,"137,111,400",73.30%,2023-11-28,2023_4Q,3
광주 5계 2023-63209(2),임야,임야,임야,광주,북구,광주 북구 청풍동 산202-1,"5,105,540","5,105,540",낙찰,"6,130,000",120.10%,2023-10-04,2023_4Q,3
광주 3계 2023-63438,아파트,아파트,아파트,광주,남구,광주 남구 주월동 1199-7 라인가든맨션 2동 15층 1501호,"126,000,000","88,200,000",낙찰,"93,990,000",74.60%,2023-11-16,2023_4Q,3
광주 10계 2023-63704(2),오피스텔,오피스텔,오피스텔(업무용),광주,북구,광주 북구 신안동 478-5 굿마인드 5층 503호,"46,000,000","25,760,000",낙찰,"26,119,900",56.80%,2023-10-20,2023_4Q,3
광주 10계 2023-63704(4),오피스텔,오피스텔,오피스텔(업무용),광주,북구,광주 북구 신안동 478-5 굿마인드 5층 505호,"43,000,000","24,080,000",낙찰,"25,119,900",58.40%,2023-10-20,2023_4Q,3
광주 10계 2023-63704(5),오피스텔,오피스텔,오피스텔(업무용),광주,북구,광주 북구 신안동 478-5 굿마인드 5층 506호,"42,000,000","23,520,000",낙찰,"23,600,000",56.20%,2023-10-20,2023_4Q,3
광주 10계 2023-63704(6),오피스텔,오피스텔,오피스텔(업무용),광주,북구,광주 북구 신안동 478-5 굿마인드 5층 507호,"42,000,000","23,520,000",낙찰,"23,600,000",56.20%,2023-10-20,2023_4Q,3
광주 4계 2023-63742,중기,기타토지,기타토지,광주,광산구,광주 광산구 월전동 92-1 평동주차장내 보관,"42,000,000","15,053,000",낙찰,"17,010,000",40.50%,2023-12-19,2023_4Q,3
광주 10계 2023-63827,주상복합(주거),기타토지,기타토지,광주,남구,광주 남구 봉선동 1104-1 무진 1동 5층 511호,"290,000,000","203,000,000",낙찰,"244,999,990",84.50%,2023-10-20,2023_4Q,3
광주 5계 2023-63902,아파트,아파트,아파트,광주,광산구,광주 광산구 월계동 764-5 첨단2차라인 209동 1층 105호,"240,000,000","168,000,000",낙찰,"171,590,000",71.50%,2023-11-15,2023_4Q,3
광주 5계 2023-64165,차량,기타토지,기타토지,광주,남구,광주 남구 송하동 348-1 송원주차장(010-3622-7261)내 보관,"13,500,000","7,560,000",낙찰,"8,999,900",66.70%,2023-11-15,2023_4Q,3
광주 3계 2023-64202,단독주택,단독,단독주택,광주,남구,광주 남구 칠석동 263,"95,678,600","42,864,000",낙찰,"43,309,990",45.30%,2023-11-16,2023_4Q,3
광주 5계 2023-64233,아파트,아파트,아파트,광주,서구,"광주 서구 쌍촌동 543-1 ,1003-17 용산그린 16층 1608호","176,000,000","98,560,000",낙찰,"121,860,000",69.20%,2023-12-27,2023_4Q,3
광주 5계 2023-64493,오피스텔(주거),오피스텔,오피스텔(업무용),광주,남구,"광주 남구 주월동 957-1 ,957-30,957-31 주월동홀리어스 5층 508호","132,000,000","92,400,000",낙찰,"125,000,000",94.70%,2023-11-15,2023_4Q,3
광주 6계 2023-64677,다가구,다가구,다가구,광주,광산구,광주 광산구 월곡동 603-2,"33,854,410","33,854,410",낙찰,"35,000,000",103.40%,2023-11-22,2023_4Q,3
광주 3계 2023-64691,차량,기타토지,기타토지,광주,광산구,광주 광산구 월전동 92-1 평동주차장내 보관(010-4628-2670),"16,000,000","11,200,000",낙찰,"11,510,000",71.90%,2023-10-05,2023_4Q,3
광주 5계 2023-64851,단독주택,단독,단독주택,광주,서구,광주 서구 세하동 69,"29,443,360","16,488,000",낙찰,"21,000,000",71.30%,2023-12-27,2023_4Q,3
광주 8계 2023-64882,아파트,아파트,아파트,광주,서구,광주 서구 화정동 859-1 현대 103동 4층 412호,"187,000,000","104,720,000",낙찰,"138,600,000",74.10%,2023-11-30,2023_4Q,3
광주 6계 2023-65014,아파트,아파트,아파트,광주,북구,광주 북구 문흥동 996-3 라인1차 106동 9층 903호,"140,000,000","98,000,000",낙찰,"127,898,000",91.40%,2023-11-22,2023_4Q,3
광주 2계 2023-65199,아파트,아파트,아파트,광주,북구,광주 북구 운암동 69 벽산블루밍메가씨티 303동 25층 2502호,"180,000,000","126,000,000",낙찰,"145,500,000",80.80%,2023-12-07,2023_4Q,3
광주 3계 2023-65205,아파트,아파트,아파트,광주,북구,광주 북구 매곡동 280-1 매곡동부림 101동 9층 904호,"108,000,000","75,600,000",낙찰,"90,880,000",84.10%,2023-10-05,2023_4Q,3
광주 3계 2023-65229,차량,기타토지,기타토지,광주,광산구,광주 광산구 산정동 156-3 산정주차장내 보관(010-5550-8424),"27,000,000","18,900,000",낙찰,"21,560,000",79.90%,2023-10-05,2023_4Q,3
광주 5계 2023-65397,아파트,아파트,아파트,광주,서구,광주 서구 금호동 786 마재마을 주은 103동 4층 401호,"300,000,000","168,000,000",낙찰,"288,333,333",96.10%,2023-12-27,2023_4Q,3
광주 3계 2023-65403,차량,기타토지,기타토지,광주,남구,광주 남구 송하동 348-1 송원주차장내 보관(010-3622-7261),"16,000,000","11,200,000",낙찰,"11,860,000",74.10%,2023-10-05,2023_4Q,3
광주 5계 2023-65427,차량,기타토지,기타토지,광주,남구,광주 남구 임암동 678-200 지와이피주차장내 보관(제3자 지와이피 주차장에게 보관(010-8308-7371)),"19,000,000","13,300,000",낙찰,"18,030,000",94.90%,2023-10-04,2023_4Q,3
광주 7계 2023-65496,중기,기타토지,기타토지,광주,남구,"광주 남구 송하동 348-1 송원주차장(제3자이상민,010-3622-7261)내 보관","60,000,000","26,880,000",낙찰,"28,050,000",46.80%,2023-10-17,2023_4Q,3
광주 10계 2023-65519,아파트형공장,공장(지식산업센터 업무시설),공장,광주,북구,광주 북구 오룡동 1110-22 마루힐아이비씨지식산업센터 8층 824호,"241,000,000","134,960,000",낙찰,"162,990,000",67.60%,2023-10-20,2023_4Q,3
광주 1계 2023-65526,아파트,아파트,아파트,광주,북구,광주 북구 동림동 1330 운암산코오롱하늘채 107동 17층 1701호,"506,000,000","354,200,000",낙찰,"422,111,100",83.40%,2023-11-29,2023_4Q,3
광주 4계 2023-65717,다세대,다세대주택,다세대,광주,남구,광주 남구 방림동 2-90 3층 301호,"213,000,000","119,280,000",낙찰,"128,009,000",60.10%,2023-11-07,2023_4Q,3
광주 5계 2023-65731,아파트,아파트,아파트,광주,광산구,"광주 광산구 월계동 755-2 ,755-3 첨단대우 102동 12층 1201호","341,000,000","238,700,000",낙찰,"278,650,000",81.70%,2023-11-15,2023_4Q,3
광주 10계 2023-65779,아파트,아파트,아파트,광주,광산구,광주 광산구 도산동 1077-1 우미 102동 1층 114호,"116,000,000","81,200,000",낙찰,"92,120,000",79.40%,2023-12-01,2023_4Q,3
광주 6계 2023-65854,차량,기타토지,기타토지,광주,서구,"광주 서구 벽진동 537-1 하나로애프엔씨(제3자 장청,010-5372-2362)내 보관","34,000,000","23,800,000",낙찰,"25,550,000",75.10%,2023-11-22,2023_4Q,3
광주 9계 2023-65878,아파트,아파트,아파트,광주,광산구,광주 광산구 신창동 1108-1 신가부영 106동 16층 1601호,"246,000,000","172,200,000",낙찰,"240,100,000",97.60%,2023-11-08,2023_4Q,3
광주 6계 2023-65960,아파트,아파트,아파트,광주,북구,"광주 북구 용봉동 850 ,857,1122-12 신동아 102동 14층 1406호","156,000,000","109,200,000",낙찰,"145,111,000",93.00%,2023-10-11,2023_4Q,3
광주 8계 2023-66123,아파트,아파트,아파트,광주,서구,광주 서구 화정동 930-1 라인동산 105동 12층 1201호,"244,000,000","170,800,000",낙찰,"217,160,000",89.00%,2023-10-19,2023_4Q,3
광주 10계 2023-66567,차량,기타토지,기타토지,광주,북구,광주 북구 삼각동 754-3 글로벌주차장(010-6245-1001)내 보관,"12,500,000","7,000,000",낙찰,"7,130,000",57.00%,2023-12-01,2023_4Q,3
광주 3계 2023-66574,아파트,아파트,아파트,광주,서구,"광주 서구 매월동 450 ,453,454,441-5 알드만단지형펜트하우스 103동 2층 201호","938,000,000","525,280,000",낙찰,"570,000,000",60.80%,2023-11-16,2023_4Q,3
광주 5계 2023-66642,아파트,아파트,아파트,광주,광산구,광주 광산구 수완동 913 광주수완코오롱하늘채 109동 14층 1401호,"664,000,000","464,800,000",낙찰,"586,490,000",88.30%,2023-12-27,2023_4Q,3
광주 5계 2023-66987(1),아파트,아파트,아파트,광주,남구,"광주 남구 백운동 705 ,월산동 1061 코아루아팰리스힐 102동 3층 305호","338,000,000","236,600,000",낙찰,"317,888,010",94.00%,2023-12-27,2023_4Q,3
광주 5계 2023-66987(2),아파트,아파트,아파트,광주,남구,"광주 남구 주월동 482 ,483-3,484-1,484-15,484-16,484-19,485-2,486-2,941-184 서강 101동 10층 1003호","116,000,000","81,200,000",낙찰,"91,647,000",79.00%,2023-12-27,2023_4Q,3
광주 7계 2023-67089(1),차량,기타토지,기타토지,광주,광산구,"광주 광산구 월전동 92-1 평동주차장(제3자양애리,010-4628-2670)내 보관","1,100,000","770,000",낙찰,"771,110",70.10%,2023-10-17,2023_4Q,3
광주 7계 2023-67225,차량,기타토지,기타토지,광주,광산구,"광주 광산구 소촌동 755-8 공단대형주차장보관(제3자강삼성,010-3607-1873)내 보관","15,000,000","10,500,000",낙찰,"12,890,000",85.90%,2023-10-17,2023_4Q,3
광주 3계 2023-67331,차량,기타토지,기타토지,광주,광산구,광주 광산구 월전동 92-1 평동주차장내 보관(010-4628-2670),"11,000,000","7,700,000",낙찰,"8,200,000",74.50%,2023-10-05,2023_4Q,3
광주 8계 2023-67416,아파트,아파트,아파트,광주,광산구,광주 광산구 산정동 1119 산정셀트리움 103동 19층 1902호,"311,000,000","217,700,000",낙찰,"286,890,290",92.20%,2023-11-30,2023_4Q,3
광주 2계 2023-67461,아파트,아파트,아파트,광주,광산구,광주 광산구 신가동 1306 수완1단지중흥에스-클래스 108동 12층 1203호,"555,000,000","388,500,000",낙찰,"489,999,990",88.30%,2023-10-26,2023_4Q,3
광주 7계 2023-67522,아파트,아파트,아파트,광주,남구,광주 남구 노대동 835 송화마을 휴먼시아 602동 1층 101호,"611,000,000","427,700,000",낙찰,"507,000,000",83.00%,2023-11-28,2023_4Q,3
광주 9계 2023-67577,아파트,아파트,아파트,광주,서구,광주 서구 쌍촌동 96 광명하이츠타운 102동 6층 603호,"97,500,000","68,250,000",낙찰,"76,610,270",78.60%,2023-12-20,2023_4Q,3
광주 10계 2023-68068,아파트,아파트,아파트,광주,광산구,광주 광산구 우산동 1625 쌍용더플래티넘광산 102동 6층 603호,"420,000,000","420,000,000",낙찰,"435,700,000",103.70%,2023-10-20,2023_4Q,3
광주 5계 2023-68235,차량,기타토지,기타토지,광주,서구,"광주 서구 벽진동 537-1 제3자 하나로에프엔씨에게 보관(010-5372-2362, 010-3931-9875)","37,000,000","25,900,000",낙찰,"31,505,000",85.10%,2023-10-04,2023_4Q,3
광주 9계 2023-68372,아파트,아파트,아파트,광주,북구,광주 북구 동림동 645 삼익 101동 10층 1005호,"195,000,000","136,500,000",낙찰,"150,150,000",77.00%,2023-12-20,2023_4Q,3
광주 9계 2023-68389,차량,기타토지,기타토지,광주,광산구,"광주 광산구 산정동 156 현대주차장(062-953-8424,010-5550-8424)내 보관","17,000,000","11,900,000",낙찰,"16,160,000",95.10%,2023-11-08,2023_4Q,3
광주 8계 2023-68778,중기,기타토지,기타토지,광주,북구,광주 북구 동림동 921-1 빛고을시티(주)(062-955-7471)내 보관,"120,000,000","53,760,000",낙찰,"56,260,000",46.90%,2023-11-30,2023_4Q,3
광주 4계 2023-69115,아파트,아파트,아파트,광주,북구,광주 북구 문흥동 971-1 현대 101동 12층 1206호,"400,000,000","280,000,000",낙찰,"310,010,000",77.50%,2023-11-07,2023_4Q,3
광주 6계 2023-69139,아파트,아파트,아파트,광주,북구,광주 북구 삼각동 753-3 드림네스트2차 8층 801호,"238,000,000","166,600,000",낙찰,"177,390,000",74.50%,2023-11-22,2023_4Q,3
광주 7계 2023-69153,차량,기타토지,기타토지,광주,광산구,"광주 광산구 산정동 156 산정주차장내 보관(제3자 최정미에게 보관(062-953-8424, 010-5550-8424))","8,500,000","5,950,000",낙찰,"6,290,000",74.00%,2023-11-28,2023_4Q,3
광주 10계 2023-69238,차량,기타토지,기타토지,광주,남구,광주 남구 송하동 348-1 송원주차장(010-3622-7261)내 보관,"32,000,000","22,400,000",낙찰,"23,010,000",71.90%,2023-12-01,2023_4Q,3
광주 3계 2023-69320,차량,기타토지,기타토지,광주,광산구,광주 광산구 우산동 218-5 서창다리주차장내 보관,"17,000,000","11,900,000",낙찰,"14,968,880",88.10%,2023-10-05,2023_4Q,3
광주 3계 2023-69467,아파트,아파트,아파트,광주,남구,광주 남구 진월동 484 진월3차삼익세라믹 303동 10층 1007호,"141,000,000","98,700,000",낙찰,"128,986,000",91.50%,2023-11-16,2023_4Q,3
광주 4계 2023-69474(3),답,답,답,광주,동구,광주 동구 내남동 599,"94,247,100","65,973,000",낙찰,"75,010,000",79.60%,2023-12-19,2023_4Q,3
광주 2계 2023-69610,대지,나대지,나대지,광주,광산구,광주 광산구 양동 289,"51,660,000","36,162,000",낙찰,"37,000,000",71.60%,2023-12-07,2023_4Q,3
광주 3계 2023-69665(2),차량,기타토지,기타토지,광주,광산구,광주 광산구 산정동 156 현대주차장내 보관(연락처:010-5550-8424),"25,000,000","17,500,000",낙찰,"23,619,000",94.50%,2023-11-16,2023_4Q,3
광주 7계 2023-69726,차량,기타토지,기타토지,광주,광산구,광주 광산구 우산동 218-5 서창다리주차장내 보관(제3자 전경선에게 보관(010-8466-0864)),"12,000,000","12,000,000",낙찰,"12,030,001",100.30%,2023-10-17,2023_4Q,3
광주 3계 2023-69924,아파트,아파트,아파트,광주,서구,광주 서구 양동 60-2 금호 1동 8층 807호,"259,000,000","145,040,000",낙찰,"175,090,000",67.60%,2023-12-28,2023_4Q,3
광주 5계 2023-69948,아파트,아파트,아파트,광주,서구,광주 서구 풍암동 664-6 동부센트레빌 108동 4층 402호,"376,000,000","263,200,000",낙찰,"297,411,000",79.10%,2023-12-27,2023_4Q,3
광주 5계 2023-70030,아파트,아파트,아파트,광주,남구,광주 남구 방림동 569 방림명지로드힐 101동 15층 1504호,"389,000,000","272,300,000",낙찰,"297,000,100",76.30%,2023-12-27,2023_4Q,3
광주 7계 2023-70047,차량,기타토지,기타토지,광주,광산구,"광주 광산구 산정동 156 현대주차장(제3자김인호,062-953-8424,010-5550-8424)내 보관","4,000,000","2,800,000",낙찰,"3,119,000",78.00%,2023-10-17,2023_4Q,3
광주 5계 2023-70191,오피스텔,오피스텔,오피스텔(업무용),광주,서구,광주 서구 치평동 1208 골든빌 12층 1217호,"56,000,000","39,200,000",낙찰,"46,500,000",83.00%,2023-12-27,2023_4Q,3
광주 2계 2023-70252,아파트,아파트,아파트,광주,광산구,광주 광산구 월계동 892-17 첨단에이엠시티스카이하이 3층 306호,"65,000,000","65,000,000",낙찰,"65,000,000",100.00%,2023-12-07,2023_4Q,3
광주 5계 2023-70436,아파트,아파트,아파트,광주,광산구,광주 광산구 월계동 764-3 첨단산업기지호반 102동 3층 301호,"219,000,000","153,300,000",낙찰,"179,142,000",81.80%,2023-12-27,2023_4Q,3
광주 7계 2023-70887(2),차량,기타토지,기타토지,광주,서구,"광주 서구 벽진동 537-1 하나로에프앤씨 주차장(010-5372-2362, 010-3931-9875)내 보관","14,000,000","9,800,000",낙찰,"13,890,000",99.20%,2023-11-28,2023_4Q,3
광주 2계 2023-71071(1),대지,나대지,나대지,광주,북구,광주 북구 북동 2-2,"64,058,400","64,058,400",낙찰,"65,256,000",101.90%,2023-10-26,2023_4Q,3
광주 2계 2023-71071(2),대지,나대지,나대지,광주,북구,광주 북구 북동 119-1,"22,044,560","22,044,560",낙찰,"22,205,400",100.70%,2023-10-26,2023_4Q,3
광주 3계 2023-71101,아파트,아파트,아파트,광주,북구,"광주 북구 용봉동 1150-1 ,1150-52 용봉동대화 101동 9층 908호","27,500,000","27,500,000",낙찰,"27,500,000",100.00%,2023-11-16,2023_4Q,3
광주 5계 2023-71156,중기,기타토지,기타토지,광주,광산구,광주 광산구 월전동 92-1 평동주차장내 보관,"28,000,000","28,000,000",낙찰,"30,160,000",107.70%,2023-10-04,2023_4Q,3
광주 9계 2023-71293,차량,기타토지,기타토지,광주,광산구,광주 광산구 우산동 218-5 서창다리주차장(010-8466-0864)내 보관,"12,000,000","8,400,000",낙찰,"10,819,000",90.20%,2023-11-08,2023_4Q,3
광주 2계 2023-71323,아파트,아파트,아파트,광주,북구,광주 북구 용봉동 1035 중흥 102동 11층 1110호,"216,000,000","151,200,000",낙찰,"166,898,000",77.30%,2023-12-07,2023_4Q,3
광주 2계 2023-71347,차량,기타토지,기타토지,광주,광산구,광주 광산구 산정동 156 현대주차장내 보관(062-953-8424),"33,000,000","23,100,000",낙찰,"29,000,000",87.90%,2023-12-07,2023_4Q,3
광주 3계 2023-71392,차량,기타토지,기타토지,광주,서구,광주 서구 벽진동 537-1 내 보관 하나로에프앤씨(연락처 :010-5372-2362),"43,000,000","30,100,000",낙찰,"34,200,000",79.50%,2023-11-16,2023_4Q,3
광주 7계 2023-71446,차량,기타토지,기타토지,광주,남구,광주 남구 임암동 678-200 지와이피주차장내 보관(제3자 방설화에게 보관(010-8308-7371)),"9,500,000","6,650,000",낙찰,"8,115,000",85.40%,2023-11-28,2023_4Q,3
광주 4계 2023-71545,차량,기타토지,기타토지,광주,남구,광주 남구 임암동 678-200 지와이피주차장내 보관,"30,000,000","21,000,000",낙찰,"27,010,000",90.00%,2023-11-07,2023_4Q,3
광주 3계 2023-71552,단독주택,단독,단독주택,광주,남구,광주 남구 주월동 393-8,"201,219,400","201,219,400",낙찰,"225,900,000",112.30%,2023-11-16,2023_4Q,3
광주 9계 2023-71668,차량,기타토지,기타토지,광주,광산구,광주 광산구 산정동 156 현대주차장(010-5550-8424)내 보관,"7,500,000","7,500,000",낙찰,"7,650,000",102.00%,2023-11-08,2023_4Q,3
광주 4계 2023-71835,아파트,아파트,아파트,광주,북구,광주 북구 삼각동 171 삼각동혁신타운 101동 4층 402호,"10,000,000","10,000,000",낙찰,"10,611,000",106.10%,2023-11-07,2023_4Q,3
광주 5계 2023-71897,차량,기타토지,기타토지,광주,광산구,광주 광산구 산정동 156-3 산정주차장(062-953-8424)내 보관,"13,000,000","13,000,000",낙찰,"13,000,000",100.00%,2023-10-04,2023_4Q,3
광주 3계 2023-71972,공장,공장(지식산업센터 업무시설),공장,광주,광산구,광주 광산구 안청동 737-6,"4,223,079,800","2,956,156,000",낙찰,"3,770,000,000",89.30%,2023-12-28,2023_4Q,3
광주 5계 2023-72241,아파트,아파트,아파트,광주,북구,광주 북구 신용동 651 한양수자인리버뷰 115동 20층 2001호,"364,000,000","254,800,000",낙찰,"335,000,000",92.00%,2023-12-27,2023_4Q,3
광주 3계 2023-72449,아파트,아파트,아파트,광주,광산구,"광주 광산구 월계동 765-2 ,765-3,765-9 첨단기지라인 103동 1층 103호","299,000,000","209,300,000",낙찰,"247,777,000",82.90%,2023-12-28,2023_4Q,3
광주 4계 2023-72807,차량,기타토지,기타토지,광주,광산구,광주 광산구 산정동 156 현대주차장내 보관,"11,000,000","6,160,000",낙찰,"7,510,000",68.30%,2023-12-19,2023_4Q,3
광주 4계 2023-73121,차량,기타토지,기타토지,광주,광산구,광주 광산구 월전동 92-1 평동주차장내 보관,"10,000,000","7,000,000",낙찰,"9,170,000",91.70%,2023-12-19,2023_4Q,3
광주 3계 2023-73657,아파트,아파트,아파트,광주,광산구,광주 광산구 장덕동 1110 수완신안실크밸리 103동 12층 1202호,"400,000,000","280,000,000",낙찰,"335,000,000",83.80%,2023-12-28,2023_4Q,3
광주 4계 2023-74605,차량,기타토지,기타토지,광주,광산구,광주 광산구 산정동 156-3 산정주차장내 보관(062-953-8424),"15,000,000","10,500,000",낙찰,"12,600,000",84.00%,2023-12-19,2023_4Q,3
광주 1계 2023-75714,차량,기타토지,기타토지,광주,광산구,광주 광산구 우산동 218-5 서창다리주차장내(010-8466-0864) 보관,"11,000,000","11,000,000",낙찰,"13,080,000",118.90%,2023-11-29,2023_4Q,3
광주 3계 2021-6776(4),아파트,아파트,아파트,광주,북구,광주 북구 운암동 68 벽산블루밍메가씨티 203동 4층 401호,"577,000,000","165,438,000",낙찰,"205,001,000",35.50%,2023-07-06,2023_3Q,3
광주 10계 2022-492(1),아파트,아파트,아파트,광주,광산구,광주 광산구 소촌동 869 소촌동대성베르힐 104동 7층 701호,"315,000,000","220,500,000",낙찰,"250,000,000",79.40%,2023-07-21,2023_3Q,3
광주 10계 2022-492(2),오피스텔(주거),오피스텔,오피스텔(업무용),광주,광산구,광주 광산구 월전동 1217 누리봄 2층 210호,"75,000,000","42,000,000",낙찰,"55,010,000",73.30%,2023-09-01,2023_3Q,3
광주 5계 2022-1204,아파트,아파트,아파트,광주,북구,"광주 북구 문흥동 995-1 해광,한신무지개 101동 2층 208호","214,000,000","149,800,000",낙찰,"164,100,000",76.70%,2023-07-05,2023_3Q,3
광주 2계 2022-4449(4),다세대,다세대주택,다세대,광주,남구,광주 남구 방림동 2-90 2층 202호,"138,000,000","61,824,000",낙찰,"71,500,002",51.80%,2023-07-27,2023_3Q,3
광주 6계 2022-4616,근린상가,근린상가,근린상가,광주,광산구,광주 광산구 연산동 1220 주1동,"2,890,755,920","1,618,823,000",낙찰,"1,836,360,000",63.50%,2023-07-12,2023_3Q,3
광주 5계 2022-5077(1),아파트,아파트,아파트,광주,남구,"광주 남구 진월동 388 ,388-9 호반 102동 2층 211호","53,500,000","37,450,000",낙찰,"47,900,000",89.50%,2023-07-05,2023_3Q,3
광주 5계 2022-5077(2),아파트,아파트,아파트,광주,남구,"광주 남구 진월동 388 ,388-9 호반 102동 1층 115호","51,800,000","36,260,000",낙찰,"46,100,000",89.00%,2023-07-05,2023_3Q,3
광주 5계 2022-5572,오피스텔(주거),오피스텔,오피스텔(업무용),광주,서구,광주 서구 치평동 1258-5 상무리채2 5층 521호,"68,000,000","38,080,000",낙찰,"43,332,000",63.70%,2023-07-05,2023_3Q,3
광주 6계 2022-6230(1),목장용지,기타토지,목장용지,광주,광산구,광주 광산구 대산동 산138-2,"304,152,000","304,152,000",낙찰,"305,200,000",100.30%,2023-08-23,2023_3Q,3
광주 2계 2022-6544(2),전,전,전,광주,동구,광주 동구 지산동 57-1,"106,596,000","74,617,000",낙찰,"75,777,000",71.10%,2023-07-27,2023_3Q,3
광주 4계 2022-6940,대지,나대지,나대지,광주,북구,광주 북구 임동 89-6,"143,850,000","100,695,000",낙찰,"122,150,000",84.90%,2023-09-19,2023_3Q,3
광주 10계 2022-7097,전,전,전,광주,서구,광주 서구 농성동 77-2,"252,250,000","176,575,000",낙찰,"201,220,000",79.80%,2023-07-21,2023_3Q,3
광주 6계 2022-7363,아파트,아파트,아파트,광주,서구,광주 서구 쌍촌동 1-2 진성 A동 4층 408호,"499,000,000","223,552,000",낙찰,"225,000,000",45.10%,2023-08-23,2023_3Q,3
광주 4계 2022-7615,연립,연립주택,연립·빌라,광주,북구,"광주 북구 운암동 876-7 ,819-1,835-3,869-1 운암아이미소 102동 4층 404호","134,000,000","48,026,000",낙찰,"48,500,000",36.20%,2023-09-19,2023_3Q,3
광주 1계 2022-7684(2),전,전,전,광주,북구,광주 북구 충효동 688,"33,440,000","23,408,000",낙찰,"24,500,000",73.30%,2023-07-19,2023_3Q,3
광주 5계 2022-7820,아파트,아파트,아파트,광주,광산구,광주 광산구 산정동 1060 하남2지구중흥에스-클래스 110동 18층 1805호,"476,000,000","333,200,000",낙찰,"385,702,800",81.00%,2023-07-05,2023_3Q,3
광주 10계 2022-8137,근린주택,근린주택,근린주택,광주,동구,광주 동구 지산동 705-20,"555,988,440","555,988,440",낙찰,"560,000,000",100.70%,2023-07-21,2023_3Q,3
광주 3계 2022-8144,아파트,아파트,아파트,광주,북구,광주 북구 동림동 645 삼익 102동 4층 401호,"171,000,000","119,700,000",낙찰,"153,407,150",89.70%,2023-07-06,2023_3Q,3
광주 2계 2022-8311,임야,임야,임야,광주,광산구,광주 광산구 임곡동 산37,"228,091,000","102,185,000",낙찰,"105,555,000",46.30%,2023-09-07,2023_3Q,3
광주 3계 2022-8441,아파트,아파트,아파트,광주,북구,광주 북구 양산동 18-3 호반리젠시빌 203동 2층 204호,"261,000,000","182,700,000",낙찰,"224,898,000",86.20%,2023-07-06,2023_3Q,3
광주 6계 2022-8519,오피스텔(주거),오피스텔,오피스텔(업무용),광주,서구,광주 서구 치평동 1238-1 광주대우디오빌 11층 1110호,"83,000,000","58,100,000",낙찰,"65,000,000",78.30%,2023-07-12,2023_3Q,3
광주 9계 2022-8670,차량,기타토지,기타토지,광주,광산구,광주 광산구 소촌동 755-8 제3자공단대형주차장내 보관(010-3607-1873),"8,000,000","4,480,000",낙찰,"5,621,000",70.30%,2023-08-09,2023_3Q,3
광주 7계 2022-60814,단독주택,단독,단독주택,광주,북구,광주 북구 문흥동 743-18,"197,345,500","110,514,000",낙찰,"113,000,000",57.30%,2023-07-18,2023_3Q,3
광주 7계 2022-61411,아파트,아파트,아파트,광주,북구,광주 북구 삼각동 637 삼각동우미타운 101동 20층 2011호,"141,000,000","141,000,000",낙찰,"141,100,000",100.10%,2023-08-29,2023_3Q,3
광주 6계 2022-62599,단독주택,단독,단독주택,광주,서구,광주 서구 화정동 654-29,"93,634,200","52,435,000",낙찰,"54,999,000",58.70%,2023-08-23,2023_3Q,3
광주 8계 2022-64281,아파트,아파트,아파트,광주,남구,광주 남구 방림동 556-1 라인효친 209동 10층 1101호,"281,000,000","157,360,000",낙찰,"159,100,000",56.60%,2023-08-31,2023_3Q,3
광주 9계 2022-64304,차량,기타토지,기타토지,광주,광산구,광주 광산구 월전동 92-1 평동주차장(010-4628-2670)내보관,"5,500,000","3,080,000",낙찰,"3,729,000",67.80%,2023-09-20,2023_3Q,3
광주 1계 2022-64892,답,답,답,광주,광산구,광주 광산구 신창동 1064-15,"872,520,000","610,764,000",낙찰,"664,900,000",76.20%,2023-07-19,2023_3Q,3
광주 10계 2022-65482(1),오피스텔(주거),오피스텔,오피스텔(업무용),광주,동구,광주 동구 수기동 22 고운하이츠 2층 201호,"90,000,000","40,320,000",낙찰,"52,600,000",58.40%,2023-09-01,2023_3Q,3
광주 10계 2022-65482(2),오피스텔(주거),오피스텔,오피스텔(업무용),광주,동구,광주 동구 수기동 22 고운하이츠 2층 202호,"90,000,000","50,400,000",낙찰,"50,800,000",56.40%,2023-07-21,2023_3Q,3
광주 10계 2022-65482(3),오피스텔,오피스텔,오피스텔(업무용),광주,동구,광주 동구 수기동 22 고운하이츠 2층 204호,"90,000,000","40,320,000",낙찰,"52,300,000",58.10%,2023-09-01,2023_3Q,3
광주 10계 2022-65482(4),오피스텔(주거),오피스텔,오피스텔(업무용),광주,동구,광주 동구 수기동 22 고운하이츠 2층 205호,"97,000,000","43,456,000",낙찰,"55,700,000",57.40%,2023-09-01,2023_3Q,3
광주 10계 2022-65482(5),오피스텔,오피스텔,오피스텔(업무용),광주,동구,광주 동구 수기동 22 고운하이츠 2층 207호,"112,000,000","50,176,000",낙찰,"61,199,990",54.60%,2023-09-01,2023_3Q,3
광주 10계 2022-65482(8),오피스텔(주거),오피스텔,오피스텔(업무용),광주,동구,광주 동구 수기동 22 고운하이츠 2층 210호,"93,000,000","41,664,000",낙찰,"50,500,000",54.30%,2023-09-01,2023_3Q,3
광주 10계 2022-65482(9),오피스텔,오피스텔,오피스텔(업무용),광주,동구,광주 동구 수기동 22 고운하이츠 2층 211호,"93,000,000","41,664,000",낙찰,"53,650,000",57.70%,2023-09-01,2023_3Q,3
광주 10계 2022-65482(10),오피스텔(주거),오피스텔,오피스텔(업무용),광주,동구,광주 동구 수기동 22 고운하이츠 2층 213호,"93,000,000","41,664,000",낙찰,"51,000,000",54.80%,2023-09-01,2023_3Q,3
광주 3계 2022-66751(1),아파트,아파트,아파트,광주,북구,광주 북구 양산동 943 올리브 5층 501호,"214,000,000","119,840,000",낙찰,"163,280,000",76.30%,2023-08-17,2023_3Q,3
광주 3계 2022-66751(2),아파트,아파트,아파트,광주,북구,광주 북구 양산동 943 올리브 9층 901호,"212,000,000","118,720,000",낙찰,"146,999,990",69.30%,2023-08-17,2023_3Q,3
광주 3계 2022-66751(3),아파트,아파트,아파트,광주,북구,광주 북구 양산동 943 올리브 2층 202호,"208,000,000","116,480,000",낙찰,"140,770,000",67.70%,2023-08-17,2023_3Q,3
광주 3계 2022-66751(4),아파트,아파트,아파트,광주,북구,광주 북구 양산동 943 올리브 3층 302호,"211,000,000","118,160,000",낙찰,"140,770,000",66.70%,2023-08-17,2023_3Q,3
광주 5계 2022-68429,단독주택,단독,단독주택,광주,남구,광주 남구 주월동 428-71,"14,617,250","10,232,000",낙찰,"10,620,000",72.70%,2023-08-16,2023_3Q,3
광주 5계 2022-69347,아파트,아파트,아파트,광주,광산구,광주 광산구 신창동 1108-1 신가부영 102동 6층 601호,"281,000,000","196,700,000",낙찰,"227,000,000",80.80%,2023-07-05,2023_3Q,3
광주 5계 2022-70194,차량,기타토지,기타토지,광주,광산구,광주 광산구 월전동 92-1 평동주차장(010-4628-2670)내 보관,"5,000,000","1,792,000",낙찰,"2,640,000",52.80%,2023-08-16,2023_3Q,3
광주 6계 2022-70606,아파트,아파트,아파트,광주,광산구,"광주 광산구 비아동 152-5 ,113 하남지구호반 105동 2층 202호","73,000,000","51,100,000",낙찰,"58,440,000",80.10%,2023-08-23,2023_3Q,3
광주 6계 2022-71067,아파트,아파트,아파트,광주,광산구,광주 광산구 장덕동 1110 수완신안실크밸리 106동 10층 1003호,"483,000,000","338,100,000",낙찰,"383,838,900",79.50%,2023-08-23,2023_3Q,3
광주 5계 2022-72251,아파트,아파트,아파트,광주,남구,광주 남구 방림동 556 모아 106동 1층 112호,"222,000,000","124,320,000",낙찰,"140,100,000",63.10%,2023-08-16,2023_3Q,3
광주 7계 2022-73278,근린상가,근린상가,근린상가,광주,동구,광주 동구 불로동 107-4,"534,314,800","299,216,000",낙찰,"310,000,000",58.00%,2023-08-29,2023_3Q,3
광주 9계 2022-73346,차량,기타토지,기타토지,광주,광산구,광주 광산구 소촌동 755-8 공단대형주차장(010-3607-1873)내보관 등록번호,"26,000,000","18,200,000",낙찰,"21,320,000",82.00%,2023-08-09,2023_3Q,3
광주 2계 2022-73391,차량,기타토지,기타토지,광주,서구,광주 서구 벽진동 537-1 하나로에프앤씨(010-5372-2362)내 보관,"12,000,000","5,376,000",낙찰,"5,821,000",48.50%,2023-09-07,2023_3Q,3
광주 6계 2022-73636,아파트,아파트,아파트,광주,북구,"광주 북구 두암동 72-4 ,100,111,814-7,814-8 현대 104동 14층 1402호","161,000,000","112,700,000",낙찰,"122,660,000",76.20%,2023-07-12,2023_3Q,3
광주 8계 2022-73858,도로,기타토지,기타토지,광주,광산구,광주 광산구 오산동 733-2,"21,696,000","12,150,000",낙찰,"15,111,000",69.60%,2023-08-31,2023_3Q,3
광주 6계 2022-74035,아파트,아파트,아파트,광주,남구,광주 남구 진월동 348 아남 104동 1층 105호,"155,000,000","108,500,000",낙찰,"133,190,000",85.90%,2023-08-23,2023_3Q,3
광주 9계 2022-74622,근린주택,근린주택,근린주택,광주,동구,광주 동구 불로동 2-1,"3,159,401,360","1,415,412,000",낙찰,"1,426,999,010",45.20%,2023-09-20,2023_3Q,3
광주 1계 2022-74776,대지,나대지,나대지,광주,남구,광주 남구 월산동 963-7,"1,196,714,000","670,160,000",낙찰,"813,999,999",68.00%,2023-08-30,2023_3Q,3
광주 6계 2022-75069,아파트,아파트,아파트,광주,서구,광주 서구 화정동 903-2 호반 102동 10층 1004호,"23,600,000","13,216,000",낙찰,"15,866,000",67.20%,2023-08-23,2023_3Q,3
광주 10계 2022-75519(5),다세대,다세대주택,다세대,광주,서구,광주 서구 쌍촌동 537-2 마당채 2층 201호,"46,200,000","25,872,000",낙찰,"31,670,000",68.50%,2023-07-21,2023_3Q,3
광주 10계 2022-75519(16),다세대,다세대주택,다세대,광주,서구,광주 서구 쌍촌동 537-2 마당채 4층 402호,"41,000,000","22,960,000",낙찰,"23,620,000",57.60%,2023-07-21,2023_3Q,3
광주 1계 2022-75731,차량,기타토지,기타토지,광주,광산구,광주 광산구 월전동 92-1 평동주차장(010-4628-2670)내 보관,"8,800,000","4,928,000",낙찰,"6,230,000",70.80%,2023-07-19,2023_3Q,3
광주 9계 2022-75991,다세대,다세대주택,다세대,광주,서구,"광주 서구 쌍촌동 474-24 ,474-27 솔빛예가 102동 4층 401호","200,000,000","112,000,000",낙찰,"117,600,000",58.80%,2023-09-20,2023_3Q,3
광주 2계 2022-76185,단독주택,단독,단독주택,광주,북구,광주 북구 매곡동 61,"128,757,900","72,105,000",낙찰,"76,999,000",59.80%,2023-07-27,2023_3Q,3
광주 4계 2022-76222(1),차량,기타토지,기타토지,광주,광산구,광주 광산구 산정동 156-3 산정주차장(062-953-8424)내 보관,"12,440,000","4,458,000",낙찰,"5,778,000",46.40%,2023-08-04,2023_3Q,3
광주 6계 2022-76574,아파트,아파트,아파트,광주,동구,광주 동구 산수동 79-3 무등파크맨션 4층 502호,"153,000,000","107,100,000",낙찰,"111,199,000",72.70%,2023-07-12,2023_3Q,3
광주 3계 2022-76710,아파트,아파트,아파트,광주,광산구,광주 광산구 신창동 876 동도엘림타운 5층 501호,"290,000,000","162,400,000",낙찰,"166,710,000",57.50%,2023-08-17,2023_3Q,3
광주 10계 2022-77164,연립,연립주택,연립·빌라,광주,동구,광주 동구 소태동 1108 무등산수안채 101동 5층 501호,"274,000,000","153,440,000",낙찰,"185,920,000",67.90%,2023-07-21,2023_3Q,3
광주 7계 2022-77355(1),근린상가,근린상가,근린상가,광주,광산구,광주 광산구 하남동 1253 유진빌딩 1층 101호,"792,000,000","554,400,000",낙찰,"573,900,000",72.50%,2023-07-18,2023_3Q,3
광주 7계 2022-77355(2),근린상가,근린상가,근린상가,광주,광산구,광주 광산구 하남동 1253 유진빌딩 1층 103호,"396,000,000","277,200,000",낙찰,"299,960,000",75.70%,2023-07-18,2023_3Q,3
광주 7계 2022-77355(3),근린상가,근린상가,근린상가,광주,광산구,광주 광산구 하남동 1253 유진빌딩 1층 104호,"396,000,000","277,200,000",낙찰,"305,150,000",77.10%,2023-07-18,2023_3Q,3
광주 7계 2022-77355(4),근린상가,근린상가,근린상가,광주,광산구,광주 광산구 하남동 1253 유진빌딩 2층 201호,"579,000,000","405,300,000",낙찰,"479,910,000",82.90%,2023-07-18,2023_3Q,3
광주 7계 2022-77355(5),근린상가,근린상가,근린상가,광주,광산구,광주 광산구 하남동 1253 유진빌딩 3층 301호,"579,000,000","405,300,000",낙찰,"469,950,000",81.20%,2023-07-18,2023_3Q,3
광주 1계 2022-77454,아파트,아파트,아파트,광주,광산구,광주 광산구 산월동 884-1 첨단3-2차호반리젠시빌 309동 1층 104호,"322,000,000","180,320,000",낙찰,"242,456,789",75.30%,2023-08-30,2023_3Q,3
광주 2계 2022-77461,근린상가,근린상가,근린상가,광주,서구,광주 서구 치평동 1177 가동호,"25,042,667,200","17,529,867,000",낙찰,"22,805,000,000",91.10%,2023-07-27,2023_3Q,3
광주 3계 2022-77478(1),연구소,기타건물,기타건물,광주,북구,광주 북구 임동 85-2 2층 201호,"678,000,000","474,600,000",낙찰,"484,190,000",71.40%,2023-08-17,2023_3Q,3
광주 2계 2022-77591,아파트,아파트,아파트,광주,북구,광주 북구 두암동 572-3 광신 10동 5층 505호,"103,000,000","72,100,000",낙찰,"75,299,000",73.10%,2023-09-07,2023_3Q,3
광주 7계 2022-77652,유지,기타토지,기타토지,광주,북구,광주 북구 장등동 821-1,"81,468,000","45,622,000",낙찰,"46,111,000",56.60%,2023-08-29,2023_3Q,3
광주 7계 2022-77911,아파트,아파트,아파트,광주,서구,광주 서구 금호동 818 마재마을 풍암부영1차 102동 9층 901호,"247,000,000","172,900,000",낙찰,"221,110,000",89.50%,2023-07-18,2023_3Q,3
광주 3계 2022-78006,임야,임야,임야,광주,광산구,광주 광산구 운수동 산201-2,"56,592,000","56,592,000",낙찰,"91,999,910",162.60%,2023-07-06,2023_3Q,3
광주 2계 2022-78037,차량,기타토지,기타토지,광주,광산구,"광주 광산구 산정동 156 제3자현대주차장(연락처062-953-8424,010-5550-8424)내 보관","10,500,000","4,704,000",낙찰,"6,220,000",59.20%,2023-07-27,2023_3Q,3
광주 9계 2022-78259,차량,기타토지,기타토지,광주,광산구,광주 광산구 월전동 92-1 평동주차장제3자양애리에게보관(010-4628-2670)보관,"10,000,000","7,000,000",낙찰,"8,510,000",85.10%,2023-08-09,2023_3Q,3
광주 3계 2022-78266,아파트,아파트,아파트,광주,동구,광주 동구 학동 676-1 아남 101동 2층 202호,"164,000,000","114,800,000",낙찰,"124,770,000",76.10%,2023-07-06,2023_3Q,3
광주 4계 2022-78273,아파트,아파트,아파트,광주,북구,광주 북구 문흥동 920 대주맨션 201동 5층 502호,"46,000,000","32,200,000",낙찰,"32,500,000",70.70%,2023-09-19,2023_3Q,3
광주 8계 2022-78310,답,답,답,광주,남구,광주 남구 화장동 1046-2,"346,950,000","242,865,000",낙찰,"253,200,000",73.00%,2023-07-20,2023_3Q,3
광주 2계 2022-78358,아파트,아파트,아파트,광주,북구,광주 북구 문흥동 919 대주1차 102동 8층 801호,"82,000,000","57,400,000",낙찰,"70,700,900",86.20%,2023-07-27,2023_3Q,3
광주 7계 2022-78389,단독주택,단독,단독주택,광주,북구,광주 북구 망월동 370,"38,169,367","26,719,000",낙찰,"27,000,000",70.70%,2023-07-18,2023_3Q,3
광주 3계 2023-31,근린상가,근린상가,근린상가,광주,동구,광주 동구 대인동 154-1,"2,143,927,800","2,143,927,800",낙찰,"2,235,999,999",104.30%,2023-07-06,2023_3Q,3
광주 2계 2023-79,단독주택,단독,단독주택,광주,광산구,"광주 광산구 하산동 631 ,631-1","87,721,410","61,405,000",낙찰,"68,210,000",77.80%,2023-07-27,2023_3Q,3
광주 2계 2023-246,아파트,아파트,아파트,광주,광산구,광주 광산구 산정동 1027 하남2지구다사로움2단지 206동 13층 1302호,"205,000,000","143,500,000",낙찰,"198,999,999",97.10%,2023-07-27,2023_3Q,3
광주 8계 2023-314,주상복합(주거),기타토지,기타토지,광주,동구,광주 동구 산수동 21-5 남양빌라 5층 502호,"324,000,000","181,440,000",낙찰,"215,100,000",66.40%,2023-08-31,2023_3Q,3
광주 8계 2023-413,아파트,아파트,아파트,광주,광산구,광주 광산구 선암동 582 광주선운지구이지더원1단지 102동 1층 104호,"423,000,000","296,100,000",낙찰,"363,011,000",85.80%,2023-07-20,2023_3Q,3
광주 2계 2023-444,아파트,아파트,아파트,광주,남구,광주 남구 진월동 249 대주 107동 4층 403호,"82,000,000","57,400,000",낙찰,"71,110,000",86.70%,2023-07-27,2023_3Q,3
광주 9계 2023-758(2),임야,임야,임야,광주,동구,광주 동구 용산동 산124,"44,995,330","44,995,330",낙찰,"45,100,000",100.20%,2023-09-20,2023_3Q,3
광주 2계 2023-789,연립,연립주택,연립·빌라,광주,광산구,"광주 광산구 도산동 814-15 ,813-5 숲안애빌리지 4층 406호","235,000,000","164,500,000",낙찰,"184,570,000",78.50%,2023-07-27,2023_3Q,3
광주 4계 2023-1096,근린상가,근린상가,근린상가,광주,북구,"광주 북구 운암동 1326 ,1327","929,524,000","650,667,000",낙찰,"839,900,999",90.40%,2023-08-04,2023_3Q,3
광주 6계 2023-1294,아파트,아파트,아파트,광주,남구,광주 남구 진월동 872 브라운스톤진월 103동 14층 1402호,"402,000,000","281,400,000",낙찰,"358,112,000",89.10%,2023-08-23,2023_3Q,3
광주 10계 2023-1331(1),아파트,아파트,아파트,광주,서구,"광주 서구 치평동 1330 ,마륵동 802 갤러리303 103동 4층 402호","832,000,000","582,400,000",낙찰,"632,400,000",76.00%,2023-07-21,2023_3Q,3
광주 10계 2023-1553,연립,연립주택,연립·빌라,광주,동구,광주 동구 소태동 1108 무등산수안채 101동 4층 406호,"263,000,000","184,100,000",낙찰,"191,550,000",72.80%,2023-09-01,2023_3Q,3
광주 9계 2023-1607,아파트,아파트,아파트,광주,서구,"광주 서구 금호동 1110 매월동아델리움,로제비앙 108동 16층 1604호","466,000,000","326,200,000",낙찰,"422,898,000",90.80%,2023-09-20,2023_3Q,3
광주 8계 2023-1669,아파트,아파트,아파트,광주,광산구,"광주 광산구 도천동 628-1 ,628-2 중흥 110동 15층 1501호","93,000,000","65,100,000",낙찰,"83,750,000",90.10%,2023-08-31,2023_3Q,3
광주 9계 2023-1980,아파트,아파트,아파트,광주,북구,광주 북구 매곡동 215-2 서강 101동 9층 908호,"99,000,000","69,300,000",낙찰,"88,000,000",88.90%,2023-09-20,2023_3Q,3
광주 2계 2023-1997,점포,근린상가,점포상가,광주,서구,광주 서구 농성동 390-66,"1,025,474,780","717,832,000",낙찰,"858,990,000",83.80%,2023-09-07,2023_3Q,3
광주 8계 2023-2099,아파트,아파트,아파트,광주,광산구,광주 광산구 월곡동 614-2 한성 205동 13층 1304호,"161,000,000","112,700,000",낙찰,"142,999,000",88.80%,2023-08-31,2023_3Q,3
광주 4계 2023-2143,아파트,아파트,아파트,광주,남구,광주 남구 노대동 827 송화마을 휴먼시아 510동 4층 403호,"312,000,000","249,600,000",낙찰,"254,101,000",81.40%,2023-09-19,2023_3Q,3
광주 10계 2023-2204,아파트,아파트,아파트,광주,북구,"광주 북구 용두동 330 ,308-5,309-3 양산타운 102동 8층 810호","186,000,000","130,200,000",낙찰,"156,000,000",83.90%,2023-09-01,2023_3Q,3
광주 3계 2023-2228,아파트,아파트,아파트,광주,남구,광주 남구 봉선동 470 삼익 108동 12층 1201호,"717,000,000","501,900,000",낙찰,"665,150,000",92.80%,2023-08-17,2023_3Q,3
광주 8계 2023-2310,근린상가,근린상가,근린상가,광주,동구,"광주 동구 금동 211-10 ,211-11 코밀 6층 612호","6,300,000","6,300,000",낙찰,"7,166,000",113.70%,2023-08-31,2023_3Q,3
광주 4계 2023-2570,아파트,아파트,아파트,광주,동구,광주 동구 용산동 662 광주용산지구2블럭계룡리슈빌더포레스트 103동 5층 502호,"559,000,000","391,300,000",낙찰,"450,500,000",80.60%,2023-09-19,2023_3Q,3
광주 9계 2023-3580,차량,기타토지,기타토지,광주,남구,광주 남구 송하동 348 송원주차장(010-3622-7261)내 보관,"17,000,000","11,900,000",낙찰,"16,280,000",95.80%,2023-09-20,2023_3Q,3
광주 3계 2023-60002,아파트,아파트,아파트,광주,동구,"광주 동구 운림동 654 ,653-2,655-1,656,678,685,685-6,858-9,859-1 라인2차 203동 18층 1810호","228,000,000","159,600,000",낙찰,"181,630,000",79.70%,2023-08-17,2023_3Q,3
광주 3계 2023-60033,차량,기타토지,기타토지,광주,광산구,광주 광산구 소촌동 755-8 공원광장주차장내(010-3607-1873) 보관,"20,000,000","14,000,000",낙찰,"16,600,000",83.00%,2023-07-06,2023_3Q,3
광주 4계 2023-60057,답,답,답,광주,광산구,광주 광산구 신촌동 682-26,"58,962,806","33,019,000",낙찰,"35,600,000",60.40%,2023-09-19,2023_3Q,3
광주 3계 2023-60118(1),답,답,답,광주,북구,광주 북구 월출동 8-2,"588,000,000","411,600,000",낙찰,"435,850,000",74.10%,2023-08-17,2023_3Q,3
광주 3계 2023-60118(2),답,답,답,광주,북구,광주 북구 월출동 12-2,"514,304,000","360,013,000",낙찰,"414,676,600",80.60%,2023-08-17,2023_3Q,3
광주 3계 2023-60118(3),답,답,답,광주,북구,광주 북구 월출동 40-11,"797,720,000","558,404,000",낙찰,"650,000,100",81.50%,2023-08-17,2023_3Q,3
광주 3계 2023-60118(4),답,답,답,광주,북구,광주 북구 월출동 41-4,"588,000,000","411,600,000",낙찰,"500,032,500",85.00%,2023-08-17,2023_3Q,3
광주 3계 2023-60118(5),답,답,답,광주,북구,광주 북구 월출동 41-8,"588,000,000","411,600,000",낙찰,"480,975,000",81.80%,2023-08-17,2023_3Q,3
광주 10계 2023-60194,차량,기타토지,기타토지,광주,광산구,광주 광산구 산정동 156 현대주차창(010-5550-8424)내 보관,"35,000,000","19,600,000",낙찰,"21,677,000",61.90%,2023-09-01,2023_3Q,3
광주 5계 2023-60309,차량,기타토지,기타토지,광주,광산구,"광주 광산구 산정동 156 현대주차장(062-953-8424,010-5550-8424)내 보관","5,100,000","3,570,000",낙찰,"4,600,000",90.20%,2023-08-16,2023_3Q,3
광주 8계 2023-60354,차량,기타토지,기타토지,광주,남구,광주 남구 임암동 631-8 지와이피주차장내 보관(010-8308-7371),"14,000,000","7,840,000",낙찰,"10,099,990",72.10%,2023-07-20,2023_3Q,3
광주 3계 2023-60552,연립,연립주택,연립·빌라,광주,동구,광주 동구 소태동 1108 무등산수안채 102동 4층 402호,"270,000,000","189,000,000",낙찰,"205,700,000",76.20%,2023-08-17,2023_3Q,3
광주 7계 2023-61104,차량,기타토지,기타토지,광주,서구,"광주 서구 벽진동 537-1 제3자장청(하나로에프엔씨,010-5372-2362)에게보관","14,000,000","9,800,000",낙찰,"10,000,000",71.40%,2023-07-18,2023_3Q,3
광주 7계 2023-61203,단독주택,단독,단독주택,광주,서구,광주 서구 쌍촌동 950-25,"69,736,920","48,816,000",낙찰,"49,050,000",70.30%,2023-07-18,2023_3Q,3
광주 7계 2023-61487,답,답,답,광주,남구,광주 남구 대지동 753-5,"584,000,000","408,800,000",낙찰,"431,220,000",73.80%,2023-07-18,2023_3Q,3
광주 2계 2023-61524,아파트,아파트,아파트,광주,서구,광주 서구 쌍촌동 155 현대 109동 4층 401호,"398,000,000","278,600,000",낙찰,"291,959,000",73.40%,2023-07-27,2023_3Q,3
광주 2계 2023-61678,중기,기타토지,기타토지,광주,남구,광주 남구 송하동 348-1 제3자 송원주차장에게 보관(010-6540-7261),"150,000,000","84,000,000",낙찰,"96,700,001",64.50%,2023-07-27,2023_3Q,3
광주 4계 2023-61692,아파트,아파트,아파트,광주,남구,광주 남구 방림동 556 모아 105동 6층 704호,"169,000,000","118,300,000",낙찰,"120,100,000",71.10%,2023-08-04,2023_3Q,3
광주 7계 2023-61722,아파트,아파트,아파트,광주,남구,광주 남구 진월동 249 대주 106동 6층 606호,"253,000,000","177,100,000",낙찰,"212,550,000",84.00%,2023-07-18,2023_3Q,3
광주 8계 2023-61845,아파트,아파트,아파트,광주,남구,광주 남구 주월동 383 스카이 1동 1층 113호,"158,000,000","110,600,000",낙찰,"132,799,000",84.00%,2023-07-20,2023_3Q,3
광주 4계 2023-61876,아파트,아파트,아파트,광주,광산구,"광주 광산구 도산동 782 ,737-3,737-4,789,1250-3 호반 203동 8층 804호","147,000,000","102,900,000",낙찰,"103,000,000",70.10%,2023-08-04,2023_3Q,3
광주 7계 2023-62022,아파트,아파트,아파트,광주,북구,광주 북구 오치동 5-7 한국아델리움 104동 5층 501호,"468,000,000","327,600,000",낙찰,"352,100,000",75.20%,2023-07-18,2023_3Q,3
광주 9계 2023-62053,오피스텔,오피스텔,오피스텔(업무용),광주,서구,"광주 서구 농성동 417-18 ,417-27,460-27,460-28,460-21 골든힐스타워 11층 1111호","58,000,000","40,600,000",낙찰,"55,000,000",94.80%,2023-08-09,2023_3Q,3
광주 2계 2023-62077,아파트,아파트,아파트,광주,서구,광주 서구 동천동 515 동천마을3단지 휴먼시아 301동 12층 1205호,"420,000,000","294,000,000",낙찰,"338,898,000",80.70%,2023-07-27,2023_3Q,3
광주 6계 2023-62138,아파트,아파트,아파트,광주,광산구,광주 광산구 도산동 1317 송정우방아이유쉘 204동 7층 702호,"392,000,000","274,400,000",낙찰,"328,870,000",83.90%,2023-08-23,2023_3Q,3
광주 10계 2023-62190,단독주택,단독,단독주택,광주,남구,광주 남구 구소동 28,"119,132,950","83,393,000",낙찰,"86,660,000",72.70%,2023-07-21,2023_3Q,3
광주 4계 2023-62244,다세대,다세대주택,다세대,광주,남구,"광주 남구 서동 29-2 ,29-48 다온빌주건축물 1동 4층 401호","129,000,000","90,300,000",낙찰,"90,400,000",70.10%,2023-08-04,2023_3Q,3
광주 10계 2023-62336,아파트,아파트,아파트,광주,서구,광주 서구 유촌동 871 상무버들마을2 주공 201동 3층 303호,"187,000,000","104,720,000",낙찰,"148,000,000",79.10%,2023-09-01,2023_3Q,3
광주 7계 2023-62671,아파트,아파트,아파트,광주,남구,광주 남구 노대동 871 송화마을 휴먼시아 707동 15층 1504호,"362,000,000","253,400,000",낙찰,"286,600,000",79.20%,2023-07-18,2023_3Q,3
광주 8계 2023-62688,아파트,아파트,아파트,광주,북구,광주 북구 매곡동 492 매곡동대주피오레 103동 9층 902호,"327,000,000","228,900,000",낙찰,"285,519,000",87.30%,2023-07-20,2023_3Q,3
광주 10계 2023-62718,아파트,아파트,아파트,광주,광산구,광주 광산구 소촌동 97-1 소촌2차라인 205동 4층 404호,"121,000,000","84,700,000",낙찰,"111,220,000",91.90%,2023-07-21,2023_3Q,3
광주 8계 2023-62978,아파트,아파트,아파트,광주,광산구,"광주 광산구 도천동 628-1 ,628-2 중흥 110동 14층 1403호","98,000,000","68,600,000",낙찰,"84,280,000",86.00%,2023-08-31,2023_3Q,3
광주 4계 2023-63117,차량,기타토지,기타토지,광주,광산구,광주 광산구 우산동 218-5 서청다리주차장내 보관,"6,800,000","4,760,000",낙찰,"4,819,000",70.90%,2023-08-04,2023_3Q,3
광주 8계 2023-63155,아파트,아파트,아파트,광주,서구,광주 서구 금호동 787 중흥 104동 1층 110호,"200,000,000","140,000,000",낙찰,"166,966,090",83.50%,2023-08-31,2023_3Q,3
광주 2계 2023-63216,아파트,아파트,아파트,광주,광산구,광주 광산구 하남동 544 하남2지구다사로움3단지도시형생활주택 301동 2층 205호,"156,000,000","109,200,000",낙찰,"141,900,500",91.00%,2023-09-07,2023_3Q,3
광주 2계 2023-63667,아파트,아파트,아파트,광주,북구,광주 북구 두암동 73 라인동산 105동 2층 207호,"131,000,000","91,700,000",낙찰,"105,510,000",80.50%,2023-09-07,2023_3Q,3
광주 4계 2023-64042,아파트,아파트,아파트,광주,동구,광주 동구 학동 1012 학2마을 201동 1층 103호,"327,000,000","228,900,000",낙찰,"311,631,000",95.30%,2023-09-19,2023_3Q,3
광주 4계 2023-64219,아파트,아파트,아파트,광주,광산구,광주 광산구 소촌동 603-3 송광3차 301동 13층 1506호,"126,000,000","88,200,000",낙찰,"105,000,000",83.30%,2023-09-19,2023_3Q,3
광주 2계 2023-64615,아파트,아파트,아파트,광주,광산구,광주 광산구 신가동 1200 수완진아리채1차 101동 13층 1302호,"465,000,000","325,500,000",낙찰,"413,990,000",89.00%,2023-09-07,2023_3Q,3
광주 5계 2023-64714,차량,기타토지,기타토지,광주,광산구,광주 광산구 소촌동 755-8 제3자공단대형주차장(010-3607-1873)내 보관,"27,000,000","18,900,000",낙찰,"19,501,000",72.20%,2023-08-16,2023_3Q,3
광주 10계 2023-64875,차량,기타토지,기타토지,광주,서구,광주 서구 벽진동 537-1 하나로에프앤씨 주차장(010-5372-2362)내 보관,"12,500,000","8,750,000",낙찰,"10,390,000",83.10%,2023-09-01,2023_3Q,3
광주 6계 2023-64929,아파트,아파트,아파트,광주,북구,광주 북구 동림동 298 삼라마이다스 103동 12층 1203호,"234,000,000","163,800,000",낙찰,"210,999,999",90.20%,2023-08-23,2023_3Q,3
광주 5계 2023-65007,차량,기타토지,기타토지,광주,광산구,"광주 광산구 산정동 156 제3자현대주차장(062-953-8424,010-5550-8424)내 보관","20,000,000","14,000,000",낙찰,"18,699,990",93.50%,2023-08-16,2023_3Q,3
광주 4계 2023-65106,아파트,아파트,아파트,광주,광산구,광주 광산구 월계동 757-7 첨단과학산업단지금광 104동 15층 1504호,"369,000,000","369,000,000",낙찰,"380,000,000",103.00%,2023-08-04,2023_3Q,3
광주 10계 2023-65113,차량,기타토지,기타토지,광주,광산구,광주 광산구 산정동 156-3 산정주차장(010-5550-8424)내 보관,"48,000,000","48,000,000",낙찰,"48,010,000",100.00%,2023-09-01,2023_3Q,3
광주 6계 2023-65137,연립,연립주택,연립·빌라,광주,광산구,"광주 광산구 수완동 269-53 윤슬의아침3차 102동 1,2,3층 103호","594,000,000","415,800,000",낙찰,"434,300,000",73.10%,2023-08-23,2023_3Q,3
광주 9계 2023-65601,차량,기타토지,기타토지,광주,광산구,"광주 광산구 산정동 156 현대주차장(062-953-8424,010-5550-8424)내보관","16,000,000","11,200,000",낙찰,"12,699,999",79.40%,2023-08-09,2023_3Q,3
광주 10계 2023-65625,차량,기타토지,기타토지,광주,광산구,광주 광산구 우산동 218-9 제3자서창다리주차장내 보관,"26,500,000","18,550,000",낙찰,"23,777,000",89.70%,2023-07-21,2023_3Q,3
광주 7계 2023-65861,차량,기타토지,기타토지,광주,광산구,"광주 광산구 소촌동 755-8 공단대형주차장(제3자강삼성,010-3607-1873)내보관","16,000,000","11,200,000",낙찰,"14,500,000",90.60%,2023-07-18,2023_3Q,3
광주 4계 2023-66321,아파트,아파트,아파트,광주,남구,광주 남구 주월동 543-9 주월동마이다스빌 101동 4층 406호,"110,000,000","77,000,000",낙찰,"96,270,000",87.50%,2023-09-19,2023_3Q,3
광주 4계 2023-66710,차량,기타토지,기타토지,광주,광산구,광주 광산구 산정동 156-3 산정주차장(062-953-8424)내 보관,"75,000,000","52,500,000",낙찰,"62,620,000",83.50%,2023-08-04,2023_3Q,3
광주 6계 2023-66864(2),단독주택,단독,단독주택,광주,광산구,광주 광산구 지정동 759,"6,826,150","6,826,150",낙찰,"6,830,000",100.10%,2023-08-23,2023_3Q,3
광주 2계 2023-67027,차량,기타토지,기타토지,광주,광산구,광주 광산구 소촌동 755-8 공단대형주차장(010-3607-1873)내 보관,"16,000,000","11,200,000",낙찰,"11,410,000",71.30%,2023-09-07,2023_3Q,3
광주 6계 2023-67072(1),중기,기타토지,기타토지,광주,광산구,광주 광산구 월전동 92-1 평동주차장내 보관(제3자양애리에게보관(010-4628-2670),"8,000,000","8,000,000",낙찰,"14,650,000",183.10%,2023-07-12,2023_3Q,3
광주 6계 2023-67072(2),중기,기타토지,기타토지,광주,광산구,광주 광산구 월전동 92-1 내 보관,"6,000,000","6,000,000",낙찰,"11,560,000",192.70%,2023-07-12,2023_3Q,3
광주 6계 2023-67515,아파트,아파트,아파트,광주,서구,광주 서구 농성동 702 농성에스케이뷰센트럴 104동 1층 102호,"499,000,000","499,000,000",낙찰,"499,002,000",100.00%,2023-08-23,2023_3Q,3
광주 8계 2023-68303,차량,기타토지,기타토지,광주,광산구,"광주 광산구 산정동 156 현대주차장(062-953-8424,010-5550-8424)내 보관","3,500,000","3,500,000",낙찰,"3,551,000",101.50%,2023-08-31,2023_3Q,3
광주 4계 2023-68853,단독주택,단독,단독주택,광주,서구,광주 서구 농성동 647-26,"282,408,800","282,408,800",낙찰,"360,000,000",127.50%,2023-09-19,2023_3Q,3
광주 10계 2023-69245,차량,기타토지,기타토지,광주,광산구,광주 광산구 월전동 92-1 평동주차장(010-4628-2670)내 보관,"11,000,000","7,700,000",낙찰,"8,800,000",80.00%,2023-09-01,2023_3Q,3
광주 5계 2014-7634(1),목장용지,기타토지,목장용지,광주,서구,광주 서구 풍암동 산49-5,"2,503,728,000","574,295,000",낙찰,"610,000,000",24.40%,2023-04-12,2023_2Q,3
광주 7계 2021-75,공장,공장(지식산업센터 업무시설),공장,광주,광산구,광주 광산구 월전동 964 가동,"3,389,597,220","2,372,718,000",낙찰,"2,489,999,900",73.50%,2023-04-25,2023_2Q,3
광주 10계 2021-3869(2),임야,임야,임야,광주,광산구,광주 광산구 덕림동 산121,"2,265,482,000","1,268,670,000",낙찰,"1,420,090,900",62.70%,2023-04-28,2023_2Q,3
광주 4계 2021-4022,아파트,아파트,아파트,광주,광산구,"광주 광산구 쌍암동 660-7 ,-8 에이엠시티4차 4층 408호","103,000,000","7,742,000",낙찰,"7,750,000",7.50%,2023-06-27,2023_2Q,3
광주 9계 2021-8901(2),답,답,답,광주,남구,광주 남구 지석동 166-14,"270,220,000","151,323,000",낙찰,"151,330,700",56.00%,2023-04-05,2023_2Q,3
광주 9계 2021-8901(3),답,답,답,광주,남구,광주 남구 지석동 407-8,"210,630,000","117,953,000",낙찰,"117,960,700",56.00%,2023-04-05,2023_2Q,3
광주 4계 2021-9041,아파트,아파트,아파트,광주,북구,광주 북구 신용동 675 광주첨단2지구호반베르디움1단지 108동 13층 1302호,"555,000,000","388,500,000",낙찰,"423,888,888",76.40%,2023-05-16,2023_2Q,3
광주 4계 2021-69487,아파트,아파트,아파트,광주,북구,광주 북구 두암동 329 반석힐라 101동 1층 115호,"54,000,000","5,074,000",낙찰,"10,100,000",18.70%,2023-05-16,2023_2Q,3
광주 10계 2021-70968,아파트,아파트,아파트,광주,북구,광주 북구 두암동 329 반석힐라 101동 6층 611호,"55,000,000","6,459,000",낙찰,"8,510,000",15.50%,2023-04-28,2023_2Q,3
광주 7계 2021-75482(2),전,전,전,광주,광산구,광주 광산구 수완동 200-1,"1,112,939,000","779,057,000",낙찰,"1,233,000,000",110.80%,2023-04-25,2023_2Q,3
광주 9계 2021-76157,아파트,아파트,아파트,광주,남구,"광주 남구 주월동 456 ,-1,-6,463-13 현대2차 11동 4층 401호","124,000,000","86,800,000",낙찰,"100,500,000",81.00%,2023-05-17,2023_2Q,3
광주 4계 2022-638,단독주택,단독,단독주택,광주,동구,광주 동구 금남로5가 74-13,"249,749,230","111,887,000",낙찰,"185,000,000",74.10%,2023-05-16,2023_2Q,3
광주 5계 2022-2672,아파트,아파트,아파트,광주,광산구,광주 광산구 우산동 1571-1 하남주공 204동 5층 517호,"79,000,000","55,300,000",낙찰,"66,790,000",84.50%,2023-05-24,2023_2Q,3
광주 7계 2022-3323,근린상가,근린상가,근린상가,광주,서구,광주 서구 화정동 12-17 금호월드 5층 64호,"115,400,000","51,699,000",낙찰,"67,770,000",58.70%,2023-04-25,2023_2Q,3
광주 5계 2022-4258,아파트,아파트,아파트,광주,남구,"광주 남구 진월동 388 ,388-9 호반 101동 2층 202호","57,000,000","39,900,000",낙찰,"42,000,000",73.70%,2023-04-12,2023_2Q,3
광주 2계 2022-4449(2),연립,연립주택,연립·빌라,광주,남구,"광주 남구 방림동 2-111 ,6-63 4층 401호","167,000,000","93,520,000",낙찰,"96,120,000",57.60%,2023-06-15,2023_2Q,3
광주 2계 2022-4449(3),연립,연립주택,연립·빌라,광주,남구,"광주 남구 방림동 2-111 ,6-63 4층 402호","217,000,000","121,520,000",낙찰,"123,210,000",56.80%,2023-06-15,2023_2Q,3
광주 2계 2022-4449(5),다세대,다세대주택,다세대,광주,남구,광주 남구 방림동 2-90 3층 302호,"141,000,000","78,960,000",낙찰,"80,110,000",56.80%,2023-06-15,2023_2Q,3
광주 2계 2022-5299,차량,기타토지,기타토지,광주,광산구,"광주 광산구 수완동 269-19 수완컨테이너하우스내(070-4102-5929,010-2612-5929) 보관","9,000,000","3,226,000",낙찰,"3,530,000",39.20%,2023-05-04,2023_2Q,3
광주 7계 2022-5305,오피스텔,오피스텔,오피스텔(업무용),광주,북구,"광주 북구 양산동 796 ,251,267-1,267-12 유탑유블레스스카이뷰 11층 1102호","239,000,000","133,840,000",낙찰,"184,660,000",77.30%,2023-04-25,2023_2Q,3
광주 5계 2022-6049,단독주택,단독,단독주택,광주,남구,광주 남구 행암동 511-3,"81,815,820","81,815,820",낙찰,"88,800,000",108.50%,2023-05-24,2023_2Q,3
광주 7계 2022-6155(1),아파트,아파트,아파트,광주,서구,광주 서구 금호동 818 마재마을 풍암부영1차 105동 9층 902호,"269,000,000","188,300,000",낙찰,"200,100,000",74.40%,2023-04-25,2023_2Q,3
광주 3계 2022-6346,아파트,아파트,아파트,광주,북구,광주 북구 문흥동 787-1 우산주공2단지 108동 10층 1010호,"131,000,000","73,360,000",낙찰,"90,200,000",68.90%,2023-05-25,2023_2Q,3
광주 10계 2022-6421,근린상가,근린상가,근린상가,광주,남구,광주 남구 임암동 875 5층 502호,"310,000,000","173,600,000",낙찰,"222,200,090",71.70%,2023-04-28,2023_2Q,3
광주 4계 2022-6469,아파트,아파트,아파트,광주,광산구,광주 광산구 도산동 1317 송정우방아이유쉘 206동 14층 1403호,"427,000,000","298,900,000",낙찰,"307,001,000",71.90%,2023-05-16,2023_2Q,3
광주 7계 2022-6506,아파트,아파트,아파트,광주,동구,광주 동구 산수동 723 무등산그린웰로제비앙 109동 3층 303호,"422,000,000","295,400,000",낙찰,"303,840,100",72.00%,2023-04-25,2023_2Q,3
광주 9계 2022-6520,오피스텔,오피스텔,오피스텔(업무용),광주,북구,광주 북구 신안동 478-5 굿마인드 7층 706호,"47,000,000","21,056,000",낙찰,"22,050,000",46.90%,2023-05-17,2023_2Q,3
광주 2계 2022-6544(1),점포,근린상가,점포상가,광주,동구,광주 동구 지산동 58,"2,257,902,600","2,257,902,600",낙찰,"2,273,111,000",100.70%,2023-06-15,2023_2Q,3
광주 6계 2022-6568,아파트,아파트,아파트,광주,남구,광주 남구 백운동 691 루엔시티 102동 18층 1803호,"366,000,000","256,200,000",낙찰,"263,510,000",72.00%,2023-04-19,2023_2Q,3
광주 2계 2022-6636,아파트,아파트,아파트,광주,광산구,"광주 광산구 월계동 756-5 ,756-9 첨단금호타운 101동 1층 103호","353,000,000","197,680,000",낙찰,"255,000,000",72.20%,2023-06-15,2023_2Q,3
광주 2계 2022-6728,근린주택,근린주택,근린주택,광주,북구,광주 북구 일곡동 869-5,"1,067,528,280","747,270,000",낙찰,"781,000,000",73.20%,2023-06-15,2023_2Q,3
광주 3계 2022-6735,아파트,아파트,아파트,광주,서구,광주 서구 화정동 1611 유니버시아드힐스테이트 105동 23층 2304호,"667,000,000","466,900,000",낙찰,"506,989,000",76.00%,2023-05-25,2023_2Q,3
광주 3계 2022-6858,차량,기타토지,기타토지,광주,광산구,광주 광산구 산정동 211 산정주차장내 보관(062-953-8424),"16,000,000","8,960,000",낙찰,"12,010,000",75.10%,2023-05-25,2023_2Q,3
광주 8계 2022-6988,근린상가,근린상가,근린상가,광주,광산구,광주 광산구 신가동 993-5,"1,386,967,280","970,877,000",낙찰,"1,122,000,000",80.90%,2023-04-27,2023_2Q,3
광주 6계 2022-7134,차량,기타토지,기타토지,광주,북구,광주 북구 삼각동 754-3 제3자 글로벌주차장내 보관,"13,000,000","7,280,000",낙찰,"8,100,000",62.30%,2023-05-31,2023_2Q,3
광주 10계 2022-7325,아파트,아파트,아파트,광주,북구,광주 북구 신용동 863 첨단자이2차 205동 2층 201호,"556,000,000","389,200,000",낙찰,"389,880,000",70.10%,2023-04-28,2023_2Q,3
광주 5계 2022-7455,아파트,아파트,아파트,광주,남구,"광주 남구 주월동 456-6 ,456,456-1,463-13 주월동현대 12동 15층 1508호","188,000,000","131,600,000",낙찰,"156,020,000",83.00%,2023-05-24,2023_2Q,3
광주 6계 2022-7554,아파트,아파트,아파트,광주,북구,"광주 북구 두암동 947-1 ,947-2 부영맨션 102동 4층 407호","120,000,000","84,000,000",낙찰,"91,210,000",76.00%,2023-04-19,2023_2Q,3
광주 1계 2022-7684(1),답,답,답,광주,북구,광주 북구 충효동 611,"138,852,000","138,852,000",낙찰,"141,222,200",101.70%,2023-06-07,2023_2Q,3
광주 2계 2022-7691,아파트,아파트,아파트,광주,광산구,광주 광산구 도산동 1138-2 대덕 5층 612호,"65,000,000","45,500,000",낙찰,"54,601,000",84.00%,2023-05-04,2023_2Q,3
광주 8계 2022-7745,아파트,아파트,아파트,광주,남구,"광주 남구 주월동 541-4 ,543-3 무등파크맨션 102동 10층 1004호","171,000,000","119,700,000",낙찰,"143,920,000",84.20%,2023-06-08,2023_2Q,3
광주 2계 2022-7783,아파트,아파트,아파트,광주,북구,광주 북구 신용동 671 첨단2지구중흥에스-클래스 107동 23층 2302호,"664,000,000","464,800,000",낙찰,"482,500,000",72.70%,2023-05-04,2023_2Q,3
광주 4계 2022-7929,아파트,아파트,아파트,광주,광산구,광주 광산구 신창동 1108-1 신가부영 113동 5층 502호,"275,000,000","275,000,000",낙찰,"276,000,000",100.40%,2023-05-16,2023_2Q,3
광주 3계 2022-7998,아파트,아파트,아파트,광주,서구,광주 서구 쌍촌동 970-6 포레스힐 10층 1011호,"61,000,000","42,700,000",낙찰,"51,030,000",83.70%,2023-05-25,2023_2Q,3
광주 4계 2022-8014,아파트,아파트,아파트,광주,북구,광주 북구 운암동 1766 운암신성포레힐 101동 4층 405호,"353,000,000","247,100,000",낙찰,"305,550,000",86.60%,2023-06-27,2023_2Q,3
광주 8계 2022-8106,단독주택,단독,단독주택,광주,북구,광주 북구 장등동 39,"235,162,310","164,614,000",낙찰,"213,000,000",90.60%,2023-06-08,2023_2Q,3
광주 8계 2022-8199,아파트,아파트,아파트,광주,북구,광주 북구 신용동 651 한양수자인리버뷰 102동 2층 201호,"566,000,000","396,200,000",낙찰,"421,200,000",74.40%,2023-06-08,2023_2Q,3
광주 4계 2022-8250,연립,연립주택,연립·빌라,광주,서구,광주 서구 쌍촌동 531-1 쌍촌동도시형생활주택 1층 133호,"51,000,000","35,700,000",낙찰,"38,210,000",74.90%,2023-06-27,2023_2Q,3
광주 10계 2022-8380,아파트,아파트,아파트,광주,광산구,"광주 광산구 신가동 302-25 ,302-45 중흥 202동 4층 401호","147,000,000","102,900,000",낙찰,"133,779,990",91.00%,2023-06-09,2023_2Q,3
광주 5계 2022-8427,차량,기타토지,기타토지,광주,광산구,광주 광산구 우산동 218-5 서창다리주차장(010-8466-0864)내보관,"4,000,000","2,800,000",낙찰,"3,019,000",75.50%,2023-04-12,2023_2Q,3
광주 7계 2022-8502,차량,기타토지,기타토지,광주,광산구,"광주 광산구 산정동 156-2 산정주차장내 보관(제3자최정미에게보관062-953-8424,010-5550-8424)","15,000,000","10,500,000",낙찰,"13,500,000",90.00%,2023-06-13,2023_2Q,3
광주 8계 2022-8595,아파트,아파트,아파트,광주,남구,광주 남구 진월동 499-68 진월동풍림 106동 1층 103호,"240,000,000","168,000,000",낙찰,"203,170,000",84.70%,2023-06-08,2023_2Q,3
광주 9계 2022-8601,전,전,전,광주,북구,광주 북구 장등동 624,"139,194,000","97,436,000",낙찰,"112,500,000",80.80%,2023-06-28,2023_2Q,3
광주 10계 2022-8618,연립,연립주택,연립·빌라,광주,광산구,광주 광산구 송정동 585 송정이다움 102동 5층 502호,"144,000,000","100,800,000",낙찰,"115,500,000",80.20%,2023-06-09,2023_2Q,3
광주 6계 2022-8663,아파트,아파트,아파트,광주,광산구,광주 광산구 운남동 800 우방아이유쉘 108동 7층 703호,"304,000,000","212,800,000",낙찰,"276,590,000",91.00%,2023-05-31,2023_2Q,3
광주 2계 2022-8731,오피스텔(주거),오피스텔,오피스텔(업무용),광주,광산구,광주 광산구 쌍암동 687-5 첨단대라수3차주상복합 303동 12층 1204호,"288,000,000","201,600,000",낙찰,"216,000,000",75.00%,2023-06-15,2023_2Q,3
광주 8계 2022-8786,아파트,아파트,아파트,광주,남구,광주 남구 방림동 569 방림명지로드힐 102동 6층 601호,"392,000,000","274,400,000",낙찰,"298,989,000",76.30%,2023-06-08,2023_2Q,3
광주 9계 2022-60715,아파트,아파트,아파트,광주,동구,광주 동구 계림동 1827 그랜드센트럴 114동 23층 2302호,"624,000,000","349,440,000",낙찰,"438,989,000",70.40%,2023-05-17,2023_2Q,3
광주 2계 2022-61701(2),연립,연립주택,연립·빌라,광주,동구,광주 동구 용산동 218-2 용산동도나우이스트 4층 401호,"661,000,000","370,160,000",낙찰,"410,900,000",62.20%,2023-05-04,2023_2Q,3
광주 7계 2022-62025,다가구,다가구,다가구,광주,북구,광주 북구 삼각동 764-3,"777,874,080","544,512,000",낙찰,"615,550,000",79.10%,2023-06-13,2023_2Q,3
광주 2계 2022-63103(1),아파트,아파트,아파트,광주,동구,광주 동구 계림동 1815 푸른길두산위브 209동 17층 1703호,"201,000,000","112,560,000",낙찰,"143,230,000",71.30%,2023-05-04,2023_2Q,3
광주 2계 2022-63103(3),아파트,아파트,아파트,광주,동구,광주 동구 계림동 1815 푸른길두산위브 209동 7층 703호,"199,000,000","111,440,000",낙찰,"144,250,000",72.50%,2023-05-04,2023_2Q,3
광주 2계 2022-63103(4),아파트,아파트,아파트,광주,동구,광주 동구 계림동 1815 푸른길두산위브 209동 16층 1602호,"203,000,000","113,680,000",낙찰,"121,111,000",59.70%,2023-05-04,2023_2Q,3
광주 2계 2022-63103(6),아파트,아파트,아파트,광주,동구,광주 동구 계림동 1815 푸른길두산위브 209동 13층 1302호,"203,000,000","113,680,000",낙찰,"152,999,900",75.40%,2023-05-04,2023_2Q,3
광주 2계 2022-63103(9),아파트,아파트,아파트,광주,동구,광주 동구 계림동 1815 푸른길두산위브 209동 9층 903호,"199,000,000","111,440,000",낙찰,"137,380,000",69.00%,2023-05-04,2023_2Q,3
광주 2계 2022-63103(10),아파트,아파트,아파트,광주,동구,광주 동구 계림동 1815 푸른길두산위브 209동 10층 1001호,"201,000,000","112,560,000",낙찰,"139,139,000",69.20%,2023-05-04,2023_2Q,3
광주 2계 2022-63103(12),아파트,아파트,아파트,광주,동구,광주 동구 계림동 1815 푸른길두산위브 209동 12층 1201호,"201,000,000","112,560,000",낙찰,"143,234,000",71.30%,2023-05-04,2023_2Q,3
광주 2계 2022-63103(15),아파트,아파트,아파트,광주,동구,광주 동구 계림동 1815 푸른길두산위브 209동 13층 1301호,"201,000,000","112,560,000",낙찰,"142,336,000",70.80%,2023-05-04,2023_2Q,3
광주 2계 2022-63103(24),아파트,아파트,아파트,광주,동구,광주 동구 계림동 1815 푸른길두산위브 209동 14층 1401호,"201,000,000","112,560,000",낙찰,"147,170,000",73.20%,2023-05-04,2023_2Q,3
광주 2계 2022-64175,단독주택,단독,단독주택,광주,광산구,광주 광산구 송대동 220 1호,"8,174,450","4,578,000",낙찰,"6,666,789",81.60%,2023-05-04,2023_2Q,3
광주 10계 2022-65482(6),오피스텔,오피스텔,오피스텔(업무용),광주,동구,광주 동구 수기동 22 고운하이츠 2층 208호,"97,000,000","67,900,000",낙찰,"70,100,000",72.30%,2023-06-09,2023_2Q,3
광주 10계 2022-65482(7),오피스텔,오피스텔,오피스텔(업무용),광주,동구,광주 동구 수기동 22 고운하이츠 2층 209호,"93,000,000","65,100,000",낙찰,"68,100,000",73.20%,2023-06-09,2023_2Q,3
광주 5계 2022-66065,중기,기타토지,기타토지,광주,남구,광주 남구 송하동 348-1 송원주차장(010-3622-7261)내 보관,"120,000,000","43,008,000",낙찰,"54,200,000",45.20%,2023-05-24,2023_2Q,3
광주 6계 2022-66072,아파트,아파트,아파트,광주,서구,광주 서구 농성동 20 농성동중흥파크 2동 8층 803호,"184,000,000","128,800,000",낙찰,"136,588,880",74.20%,2023-04-19,2023_2Q,3
광주 9계 2022-67105,전,전,전,광주,북구,광주 북구 망월동 470,"10,755,176","3,083,000",낙찰,"4,111,000",38.20%,2023-05-17,2023_2Q,3
광주 5계 2022-67334,아파트,아파트,아파트,광주,광산구,광주 광산구 운남동 794-3 광주운남7단지주공 706동 21층 2105호,"180,000,000","126,000,000",낙찰,"159,000,000",88.30%,2023-04-12,2023_2Q,3
광주 5계 2022-67433,아파트,아파트,아파트,광주,북구,광주 북구 일곡동 850-5 호반일신 102동 13층 1304호,"179,000,000","125,300,000",낙찰,"152,300,000",85.10%,2023-04-12,2023_2Q,3
광주 6계 2022-67747,오피스텔(주거),오피스텔,오피스텔(업무용),광주,광산구,"광주 광산구 쌍암동 694-99 ,694-98 상상포레스트 3층 313호","146,000,000","52,326,000",낙찰,"100,000,000",68.50%,2023-04-19,2023_2Q,3
광주 6계 2022-68146,아파트,아파트,아파트,광주,남구,광주 남구 백운동 419 대흥백운스카이1차 102동 1층 105호,"179,000,000","100,240,000",낙찰,"125,828,200",70.30%,2023-04-19,2023_2Q,3
광주 3계 2022-69163,답,답,답,광주,광산구,광주 광산구 동산동 935-1,"32,812,000","11,759,000",낙찰,"12,000,000",36.60%,2023-05-25,2023_2Q,3
광주 7계 2022-69170,아파트,아파트,아파트,광주,광산구,광주 광산구 월계동 893-2 아크로시티 1동 6층 603호,"139,000,000","77,840,000",낙찰,"89,000,000",64.00%,2023-04-25,2023_2Q,3
광주 5계 2022-70026,아파트,아파트,아파트,광주,광산구,광주 광산구 하남동 547 부영사랑으로 304동 18층 1801호,"341,000,000","238,700,000",낙찰,"247,500,000",72.60%,2023-04-12,2023_2Q,3
광주 9계 2022-70088,아파트,아파트,아파트,광주,동구,광주 동구 학동 1012 학2마을 201동 13층 1301호,"420,000,000","294,000,000",낙찰,"315,777,000",75.20%,2023-05-17,2023_2Q,3
광주 9계 2022-70279,아파트,아파트,아파트,광주,광산구,광주 광산구 월계동 764-3 첨단산업기지호반 108동 3층 305호,"270,000,000","151,200,000",낙찰,"192,790,000",71.40%,2023-04-05,2023_2Q,3
광주 3계 2022-70569,아파트,아파트,아파트,광주,광산구,광주 광산구 월계동 761-5 첨단7차라인 708동 1층 103호,"285,000,000","159,600,000",낙찰,"219,455,000",77.00%,2023-04-13,2023_2Q,3
광주 4계 2022-70583,아파트,아파트,아파트,광주,광산구,광주 광산구 수완동 970 해솔마을 대방노블랜드2차 201동 5층 504호,"760,000,000","425,600,000",낙찰,"533,900,000",70.30%,2023-04-04,2023_2Q,3
광주 9계 2022-70637,다세대,다세대주택,다세대,광주,북구,광주 북구 오치동 630-3 2층 202호,"127,000,000","71,120,000",낙찰,"85,333,000",67.20%,2023-04-05,2023_2Q,3
광주 1계 2022-70996,근린상가,근린상가,근린상가,광주,북구,광주 북구 신안동 501-11,"5,022,938,700","2,812,846,000",낙찰,"3,370,124,800",67.10%,2023-06-07,2023_2Q,3
광주 6계 2022-71166,임야,임야,임야,광주,남구,광주 남구 주월동 산169,"23,258,500","13,025,000",낙찰,"13,100,000",56.30%,2023-04-19,2023_2Q,3
광주 7계 2022-71173,오피스텔,오피스텔,오피스텔(업무용),광주,서구,"광주 서구 쌍촌동 1006-18 ,981-1,981-2,981-3,981-89 에드가리움1차 3층 316호","73,400,000","51,380,000",낙찰,"63,500,000",86.50%,2023-04-25,2023_2Q,3
광주 10계 2022-71395,아파트,아파트,아파트,광주,광산구,광주 광산구 신창동 1110 신창3차부영사랑으로 312동 14층 1403호,"239,000,000","167,300,000",낙찰,"215,999,770",90.40%,2023-06-09,2023_2Q,3
광주 10계 2022-71579,아파트,아파트,아파트,광주,서구,광주 서구 풍암동 1054 풍암지구신암마을 새한센시빌 103동 5층 504호,"350,000,000","245,000,000",낙찰,"288,700,000",82.50%,2023-06-09,2023_2Q,3
광주 7계 2022-71760,임야,임야,임야,광주,광산구,광주 광산구 고룡동 산31-2,"20,230,000","14,161,000",낙찰,"20,877,000",103.20%,2023-06-13,2023_2Q,3
광주 8계 2022-71944,근린상가,근린상가,근린상가,광주,광산구,광주 광산구 장록동 751-6,"1,065,308,000","1,065,308,000",낙찰,"1,070,000,000",100.40%,2023-06-08,2023_2Q,3
광주 8계 2022-72459,아파트,아파트,아파트,광주,북구,"광주 북구 두암동 947-1 ,947-2 부영맨션 108동 10층 1004호","121,000,000","67,760,000",낙찰,"87,211,000",72.10%,2023-04-27,2023_2Q,3
광주 3계 2022-72510,아파트,아파트,아파트,광주,남구,광주 남구 방림동 558 광명그린 7층 809호,"153,000,000","85,680,000",낙찰,"108,900,000",71.20%,2023-04-13,2023_2Q,3
광주 4계 2022-72541,대지,나대지,나대지,광주,남구,광주 남구 월산동 87-28,"21,207,400","9,501,000",낙찰,"9,501,000",44.80%,2023-05-16,2023_2Q,3
광주 7계 2022-72701(1),답,답,답,광주,광산구,광주 광산구 도산동 797-3,"35,898,000","35,898,000",낙찰,"53,847,000",150.00%,2023-04-25,2023_2Q,3
광주 7계 2022-72701(2),전,전,전,광주,광산구,광주 광산구 도산동 813-9,"121,810,000","85,267,000",낙찰,"113,333,000",93.00%,2023-06-13,2023_2Q,3
광주 8계 2022-72824,아파트,아파트,아파트,광주,동구,광주 동구 소태동 1103 무등산골드클래스 109동 4층 401호,"503,000,000","281,680,000",낙찰,"371,222,000",73.80%,2023-06-08,2023_2Q,3
광주 1계 2022-72855,답,답,답,광주,광산구,광주 광산구 진곡동 148-3,"21,894,000","12,261,000",낙찰,"13,001,000",59.40%,2023-04-26,2023_2Q,3
광주 7계 2022-72985,차량,기타토지,기타토지,광주,서구,"광주 서구 벽진동 537-1 하나로에프엔씨주차장내(제3자 장청(하나로에프엔씨),010-5372-2362) 보관","19,500,000","13,650,000",낙찰,"16,200,000",83.10%,2023-04-25,2023_2Q,3
광주 2계 2022-73247,답,답,답,광주,광산구,광주 광산구 우산동 210-24,"230,640,000","161,448,000",낙찰,"164,990,000",71.50%,2023-05-04,2023_2Q,3
광주 8계 2022-73377,잡종지,잡종지,잡종지,광주,서구,광주 서구 농성동 349-4,"150,328,000","105,230,000",낙찰,"141,060,000",93.80%,2023-04-27,2023_2Q,3
광주 4계 2022-73469,아파트,아파트,아파트,광주,북구,광주 북구 연제동 1109 연제대광로제비앙 102동 6층 604호,"399,000,000","279,300,000",낙찰,"292,900,000",73.40%,2023-04-04,2023_2Q,3
광주 5계 2022-73490,차량,기타토지,기타토지,광주,서구,광주 서구 벽진동 537-1 내 보관(제3자 하나로에프엔씨에게 보관(010-5372-2362)),"10,000,000","5,600,000",낙찰,"6,411,100",64.10%,2023-04-12,2023_2Q,3
광주 3계 2022-73551,아파트,아파트,아파트,광주,광산구,광주 광산구 월계동 758-2 첨단지구쌍용 108동 5층 504호,"357,000,000","249,900,000",낙찰,"262,733,300",73.60%,2023-04-13,2023_2Q,3
광주 3계 2022-73629,아파트,아파트,아파트,광주,광산구,광주 광산구 신가동 961-1 신가2차리젠시빌 201동 6층 603호,"285,000,000","199,500,000",낙찰,"211,211,000",74.10%,2023-04-13,2023_2Q,3
광주 1계 2022-73766,아파트,아파트,아파트,광주,북구,광주 북구 운암동 395-3 세명 1동 5층 503호,"85,000,000","59,500,000",낙찰,"65,600,000",77.20%,2023-04-26,2023_2Q,3
광주 7계 2022-74042,아파트,아파트,아파트,광주,광산구,광주 광산구 하남동 544 하남2지구다사로움3단지도시형생활주택 303동 1층 102호,"149,000,000","104,300,000",낙찰,"136,850,000",91.80%,2023-06-13,2023_2Q,3
광주 1계 2022-74257,근린상가,근린상가,근린상가,광주,광산구,광주 광산구 신가동 994-1,"1,775,519,040","1,775,519,040",낙찰,"1,875,152,500",105.60%,2023-04-26,2023_2Q,3
광주 7계 2022-74349,아파트,아파트,아파트,광주,광산구,광주 광산구 산월동 885-2 첨단3-1차호반리젠시빌 304동 4층 404호,"354,000,000","247,800,000",낙찰,"266,562,000",75.30%,2023-06-13,2023_2Q,3
광주 6계 2022-74486,아파트,아파트,아파트,광주,동구,"광주 동구 용산동 270-4 ,273-6 다보애주상복합 1동 3층 301호","204,000,000","142,800,000",낙찰,"150,920,000",74.00%,2023-05-31,2023_2Q,3
광주 8계 2022-74615,아파트,아파트,아파트,광주,북구,"광주 북구 양산동 288-16 ,연제동 7-3 호반 102동 13층 1309호","82,000,000","57,400,000",낙찰,"72,560,000",88.50%,2023-04-27,2023_2Q,3
광주 2계 2022-74646,아파트,아파트,아파트,광주,남구,광주 남구 봉선동 5 외13필지 명지 B동 1층 111호,"171,000,000","119,700,000",낙찰,"131,010,000",76.60%,2023-05-04,2023_2Q,3
광주 3계 2022-74653,아파트,아파트,아파트,광주,서구,광주 서구 풍암동 1057 남양.현대 106동 11층 1104호,"185,000,000","129,500,000",낙찰,"161,590,000",87.30%,2023-05-25,2023_2Q,3
광주 6계 2022-74684,아파트,아파트,아파트,광주,북구,광주 북구 용두동 1120 우방아이유쉘 102동 2층 202호,"301,000,000","210,700,000",낙찰,"217,898,000",72.40%,2023-05-31,2023_2Q,3
광주 7계 2022-74691,아파트,아파트,아파트,광주,북구,광주 북구 문흥동 787-1 102동 4층 409호,"125,000,000","87,500,000",낙찰,"91,200,000",73.00%,2023-06-13,2023_2Q,3
광주 10계 2022-74738,아파트,아파트,아파트,광주,광산구,광주 광산구 수완동 970 해솔마을 대방노블랜드2차 206동 15층 1504호,"745,000,000","521,500,000",낙찰,"583,150,000",78.30%,2023-04-28,2023_2Q,3
광주 9계 2022-74790,아파트,아파트,아파트,광주,남구,광주 남구 진월동 499-68 진월동풍림 105동 3층 306호,"164,000,000","114,800,000",낙찰,"141,110,000",86.00%,2023-05-17,2023_2Q,3
광주 4계 2022-74912,아파트,아파트,아파트,광주,광산구,광주 광산구 운남동 771-1 운남주공4단지 413동 5층 504호,"105,000,000","105,000,000",낙찰,"105,000,000",100.00%,2023-04-04,2023_2Q,3
광주 3계 2022-75038,아파트,아파트,아파트,광주,북구,광주 북구 문흥동 1011-5 문흥상록 101동 9층 908호,"154,000,000","107,800,000",낙찰,"122,960,000",79.80%,2023-05-25,2023_2Q,3
광주 4계 2022-75045,답,답,답,광주,광산구,광주 광산구 유계동 607-1,"117,260,000","117,260,000",낙찰,"121,879,000",103.90%,2023-05-16,2023_2Q,3
광주 6계 2022-75281,아파트상가,아파트상가,기타토지,광주,북구,광주 북구 삼각동 171 삼각동혁신타운 상가동 1층 103호,"70,000,000","49,000,000",낙찰,"61,770,000",88.20%,2023-05-31,2023_2Q,3
광주 7계 2022-75434,차량,기타토지,기타토지,광주,광산구,"광주 광산구 월전동 92-1 평동주차장내(제3자 양애리,010-4628-2670) 보관","16,000,000","11,200,000",낙찰,"14,010,000",87.60%,2023-04-25,2023_2Q,3
광주 10계 2022-75519(4),다세대,다세대주택,다세대,광주,서구,광주 서구 쌍촌동 537-2 마당채 1층 105호,"91,800,000","64,260,000",낙찰,"64,500,000",70.30%,2023-06-09,2023_2Q,3
광주 3계 2022-75687,아파트,아파트,아파트,광주,광산구,"광주 광산구 송정동 230-11 ,238,252-1,253-6,255,264-1,265-2,265-3,265-4,1161-31,1162-82 금강 102동 12층 1206호","138,000,000","96,600,000",낙찰,"121,899,900",88.30%,2023-05-25,2023_2Q,3
광주 7계 2022-75748,아파트,아파트,아파트,광주,서구,"광주 서구 화정동 440 ,717-3 우미 103동 14층 1405호","182,000,000","127,400,000",낙찰,"168,180,000",92.40%,2023-06-13,2023_2Q,3
광주 3계 2022-75779,차량,기타토지,기타토지,광주,서구,광주 서구 벽진동 537-1 하나로에프엔씨내 보관(011-372-2362),"36,000,000","25,200,000",낙찰,"32,430,000",90.10%,2023-04-13,2023_2Q,3
광주 7계 2022-75809,차량,기타토지,기타토지,광주,광산구,"광주 광산구 수완동 143-38 수완컨테이너하우스내(070-4102-5929,010-2612-5929) 보관","45,000,000","31,500,000",낙찰,"39,110,000",86.90%,2023-04-25,2023_2Q,3
광주 8계 2022-75946,아파트,아파트,아파트,광주,서구,광주 서구 금호동 787 중흥 106동 14층 1402호,"217,000,000","151,900,000",낙찰,"176,612,000",81.40%,2023-04-27,2023_2Q,3
광주 6계 2022-76031,임야,임야,임야,광주,광산구,광주 광산구 산막동 52-1,"158,912,000","111,238,000",낙찰,"136,001,000",85.60%,2023-05-31,2023_2Q,3
광주 3계 2022-76208,연립,연립주택,연립·빌라,광주,동구,"광주 동구 동명동 207-107 ,207-108 동명빌라 3층 302호","130,000,000","91,000,000",낙찰,"109,090,000",83.90%,2023-05-25,2023_2Q,3
광주 4계 2022-76222(2),차량,기타토지,기타토지,광주,광산구,광주 광산구 산정동 156-3 산정주차장(062-953-8424)내 보관,"10,500,000","7,350,000",낙찰,"8,118,118",77.30%,2023-04-04,2023_2Q,3
광주 4계 2022-76222(3),차량,기타토지,기타토지,광주,광산구,광주 광산구 산정동 156-3 산정주차장(062-953-8424)내 보관,"9,430,000","5,281,000",낙찰,"6,800,000",72.10%,2023-05-16,2023_2Q,3
광주 4계 2022-76222(4),차량,기타토지,기타토지,광주,광산구,광주 광산구 산정동 156-3 산정주차장(062-953-8424)내 보관,"15,460,000","8,658,000",낙찰,"11,100,000",71.80%,2023-05-16,2023_2Q,3
광주 4계 2022-76222(6),차량,기타토지,기타토지,광주,광산구,광주 광산구 산정동 156-3 산정주차장(062-953-8424)내 보관,"7,700,000","5,390,000",낙찰,"5,411,000",70.30%,2023-04-04,2023_2Q,3
광주 4계 2022-76222(7),차량,기타토지,기타토지,광주,광산구,광주 광산구 산정동 156-3 산정주차장(062-953-8424)내 보관,"8,700,000","6,090,000",낙찰,"6,111,000",70.20%,2023-04-04,2023_2Q,3
광주 4계 2022-76222(8),차량,기타토지,기타토지,광주,광산구,광주 광산구 산정동 156-3 산정주차장(062-953-8424)내 보관,"7,940,000","3,557,000",낙찰,"4,610,000",58.10%,2023-06-27,2023_2Q,3
광주 10계 2022-76352(1),답,답,답,광주,북구,광주 북구 문흥동 99-3,"297,055,000","207,939,000",낙찰,"267,350,000",90.00%,2023-04-28,2023_2Q,3
광주 2계 2022-76376,아파트,아파트,아파트,광주,북구,광주 북구 운암동 110-11 대주 103동 17층 1705호,"197,000,000","137,900,000",낙찰,"183,770,010",93.30%,2023-05-04,2023_2Q,3
광주 4계 2022-76383,아파트,아파트,아파트,광주,북구,광주 북구 용봉동 1463 용봉동금호어울림 102동 1층 102호,"482,000,000","337,400,000",낙찰,"377,920,000",78.40%,2023-06-27,2023_2Q,3
광주 3계 2022-76451,차량,기타토지,기타토지,광주,남구,광주 남구 송하동 348-1 송원주차장내 보관(010-3622-7261),"14,000,000","7,840,000",낙찰,"10,100,000",72.10%,2023-05-25,2023_2Q,3
광주 2계 2022-76642,차량,기타토지,기타토지,광주,북구,광주 북구 삼각동 754-3 글로벌주차장(010-6245-1001)내 보관,"35,000,000","19,600,000",낙찰,"24,011,999",68.60%,2023-05-04,2023_2Q,3
광주 9계 2022-76659,오피스텔(주거),오피스텔,오피스텔(업무용),광주,서구,광주 서구 치평동 1208 골든빌 7층 722호,"61,000,000","42,700,000",낙찰,"52,300,000",85.70%,2023-06-28,2023_2Q,3
광주 10계 2022-76680,주상복합(상가),기타토지,기타토지,광주,서구,광주 서구 치평동 1218 상무리채1 1층 106호,"462,000,000","323,400,000",낙찰,"392,200,000",84.90%,2023-06-09,2023_2Q,3
광주 7계 2022-76932,아파트,아파트,아파트,광주,북구,"광주 북구 용봉동 976 ,매곡동 32-13 중흥S-클래스 101동 17층 1705호","349,000,000","244,300,000",낙찰,"275,800,000",79.00%,2023-06-13,2023_2Q,3
광주 2계 2022-77065,차량,기타토지,기타토지,광주,광산구,광주 광산구 월전동 92-1 평동주차장(010-4628-2670)내 보관,"29,000,000","20,300,000",낙찰,"21,300,000",73.40%,2023-05-04,2023_2Q,3
광주 6계 2022-77195,차량,기타토지,기타토지,광주,남구,광주 남구 송하동 348-1 송원주차장내 보관(제3자 이상민(010-3622-7261)에게 보관),"16,000,000","11,200,000",낙찰,"12,060,000",75.40%,2023-04-19,2023_2Q,3
광주 10계 2022-77362,차량,기타토지,기타토지,광주,광산구,광주 광산구 산정동 156 현대주차장(010-5550-8424)내 보관,"12,000,000","8,400,000",낙찰,"11,810,000",98.40%,2023-04-28,2023_2Q,3
광주 4계 2022-77485,아파트,아파트,아파트,광주,북구,광주 북구 두암동 54 두암2차무등파크맨션 201동 13층 1304호,"51,500,000","36,050,000",낙찰,"45,210,000",87.80%,2023-06-27,2023_2Q,3
광주 5계 2022-77508,차량,기타토지,기타토지,광주,광산구,광주 광산구 산정동 156 현대자동차(제3자현대주차장에게(010-5550-8424))보관,"7,000,000","3,920,000",낙찰,"4,660,000",66.60%,2023-05-24,2023_2Q,3
광주 7계 2022-78150,차량,기타토지,기타토지,광주,북구,광주 북구 삼각동 754-3 글로벌주차장내 보관(010-6245-1001),"21,000,000","14,700,000",낙찰,"17,760,000",84.60%,2023-06-13,2023_2Q,3
광주 2계 2022-78242,아파트,아파트,아파트,광주,남구,"광주 남구 봉선동 938-4 ,305-20 대신 A동 4층 401호","95,000,000","95,000,000",낙찰,"145,800,090",153.50%,2023-05-04,2023_2Q,3
광주 6계 2022-78372,아파트,아파트,아파트,광주,광산구,광주 광산구 장덕동 1309 장덕마을 부영애시앙 106동 2층 201호,"332,000,000","232,400,000",낙찰,"271,000,000",81.60%,2023-05-31,2023_2Q,3
광주 9계 2023-222,아파트,아파트,아파트,광주,광산구,"광주 광산구 송정동 918-3 ,950-27 송정2차라인 105동 1층 106호","147,000,000","102,900,000",낙찰,"121,570,000",82.70%,2023-06-28,2023_2Q,3
광주 4계 2023-260,아파트,아파트,아파트,광주,서구,광주 서구 풍암동 1132 우미광장 102동 16층 1602호,"207,000,000","144,900,000",낙찰,"179,020,000",86.50%,2023-06-27,2023_2Q,3
광주 4계 2023-710,아파트,아파트,아파트,광주,북구,광주 북구 두암동 456-1 예향 1층 101호,"17,600,000","12,320,000",낙찰,"15,150,000",86.10%,2023-06-27,2023_2Q,3
광주 9계 2023-949,아파트,아파트,아파트,광주,북구,광주 북구 일곡동 819-2 현대 104동 3층 304호,"164,000,000","114,800,000",낙찰,"141,040,000",86.00%,2023-06-28,2023_2Q,3
광주 10계 2023-2600,중기,기타토지,기타토지,광주,광산구,광주 광산구 소촌동 755-8 공단대형주차장내 보관,"21,000,000","14,700,000",낙찰,"16,870,000",80.30%,2023-06-09,2023_2Q,3
광주 2계 2023-60026,차량,기타토지,기타토지,광주,광산구,광주 광산구 우산동 218-5 서창다리주차장(연락처:010-8466-0864)내 보관,"28,000,000","19,600,000",낙찰,"21,200,000",75.70%,2023-05-04,2023_2Q,3
광주 9계 2023-60071,아파트,아파트,아파트,광주,광산구,광주 광산구 선암동 560 광주선운지구이지더원2단지 204동 11층 1104호,"443,000,000","310,100,000",낙찰,"393,330,000",88.80%,2023-06-28,2023_2Q,3
광주 4계 2023-60613,오피스텔,오피스텔,오피스텔(업무용),광주,동구,광주 동구 수기동 22 고운하이츠 2층 203호,"87,000,000","60,900,000",낙찰,"60,990,000",70.10%,2023-06-27,2023_2Q,3
광주 4계 2023-61227,차량,기타토지,기타토지,광주,광산구,광주 광산구 우산동 218-5 서창다리주차장내 보관,"13,000,000","13,000,000",낙찰,"13,860,000",106.60%,2023-05-16,2023_2Q,3
광주 10계 2023-62169,차량,기타토지,기타토지,광주,광산구,광주 광산구 산정동 156 내 보관,"32,000,000","22,400,000",낙찰,"29,011,000",90.70%,2023-06-09,2023_2Q,3
광주 9계 2023-62183,아파트,아파트,아파트,광주,광산구,광주 광산구 신가동 1058 수완지구호반베르디움1차 106동 20층 2003호,"686,000,000","480,200,000",낙찰,"536,010,000",78.10%,2023-06-28,2023_2Q,3
광주 8계 2023-62701,차량,기타토지,기타토지,광주,북구,광주 북구 삼각동 754-3 내 보관(글로벌:대표 심하은 010-6245-1001),"19,000,000","13,300,000",낙찰,"14,820,000",78.00%,2023-06-08,2023_2Q,3
광주 8계 2023-63834,차량,기타토지,기타토지,광주,광산구,광주 광산구 우산동 218-5 서창다리주차장내 보관(전경선 010-8466-0864),"17,000,000","17,000,000",낙찰,"17,210,000",101.20%,2023-06-08,2023_2Q,3
광주 2계 2020-75935,아파트,아파트,아파트,광주,서구,광주 서구 농성동 702 농성SK뷰센트럴 108동 4층 401호,"640,000,000","448,000,000",낙찰,"511,230,000",79.90%,2023-03-23,2023_1Q,3
광주 2계 2021-4435,아파트,아파트,아파트,광주,북구,광주 북구 일곡동 849-1 한일 103동 15층 1504호,"155,000,000","155,000,000",낙찰,"156,000,000",100.60%,2023-03-23,2023_1Q,3
광주 10계 2021-4817,연립,연립주택,연립·빌라,광주,서구,"광주 서구 매월동 520 ,520-3,520-4 그랑빌520 7동 3층 304호","429,000,000","240,240,000",낙찰,"261,900,000",61.00%,2023-03-17,2023_1Q,3
광주 8계 2021-7984(4),전,전,전,광주,광산구,광주 광산구 왕동 320,"11,898,000","1,746,000",낙찰,"2,003,000",16.80%,2023-03-16,2023_1Q,3
광주 5계 2021-8963,임야,임야,임야,광주,서구,광주 서구 매월동 산54-3,"627,483,000","179,912,000",낙찰,"210,000,000",33.50%,2023-02-28,2023_1Q,3
광주 7계 2021-65980,전,전,전,광주,광산구,광주 광산구 연산동 688-2,"69,550,000","69,550,000",낙찰,"69,770,000",100.30%,2023-01-31,2023_1Q,3
광주 5계 2021-68330,아파트,아파트,아파트,광주,광산구,광주 광산구 우산동 1589-3 우산동한국아델리움앤중해마루힐 105동 4층 401호,"344,000,000","240,800,000",낙찰,"287,000,000",83.40%,2023-01-18,2023_1Q,3
광주 9계 2021-69227,임야,임야,임야,광주,광산구,광주 광산구 삼거동 19,"392,931,000","46,146,000",낙찰,"57,899,000",14.70%,2023-02-22,2023_1Q,3
광주 4계 2021-75109,아파트상가,아파트상가,기타토지,광주,서구,광주 서구 풍암동 1059 한국 상가동 지하층 B02호,"116,000,000","33,259,000",낙찰,"39,799,000",34.30%,2023-02-21,2023_1Q,3
광주 6계 2022-287,아파트,아파트,아파트,광주,남구,광주 남구 월산동 976-1 보라 101동 5층 603호,"81,000,000","56,700,000",낙찰,"65,205,000",80.50%,2023-01-26,2023_1Q,3
광주 1계 2022-607,근린상가,근린상가,근린상가,광주,광산구,"광주 광산구 쌍암동 694-70 ,-71,-72 첨단도휘에드가2차 2층 206호","497,000,000","178,125,000",낙찰,"201,800,000",40.60%,2023-03-15,2023_1Q,3
광주 2계 2022-614,근린상가,근린상가,근린상가,광주,광산구,"광주 광산구 쌍암동 694-70 ,694-71,694-72 첨단도휘에드가2차 2층 207호","518,000,000","185,651,000",낙찰,"224,894,625",43.40%,2023-02-09,2023_1Q,3
광주 5계 2022-1600,아파트,아파트,아파트,광주,북구,광주 북구 오치동 862-14 삼익 106동 5층 505호,"178,000,000","124,600,000",낙찰,"150,316,000",84.40%,2023-01-18,2023_1Q,3
광주 3계 2022-1662,아파트,아파트,아파트,광주,서구,광주 서구 쌍촌동 364 상무힐스테이트 101동 4층 404호,"1,040,000,000","728,000,000",낙찰,"753,999,999",72.50%,2023-03-02,2023_1Q,3
광주 5계 2022-1693,아파트,아파트,아파트,광주,광산구,광주 광산구 장덕동 1115 고실마을 부영애시앙 204동 12층 1203호,"436,000,000","305,200,000",낙찰,"321,000,000",73.60%,2023-01-18,2023_1Q,3
광주 5계 2022-2900,아파트,아파트,아파트,광주,북구,광주 북구 신용동 671 첨단2지구중흥에스-클래스 103동 3층 303호,"641,000,000","448,700,000",낙찰,"461,000,000",71.90%,2023-02-28,2023_1Q,3
광주 7계 2022-3118,아파트,아파트,아파트,광주,북구,광주 북구 신용동 671 첨단2지구중흥에스-클래스 108동 8층 801호,"815,000,000","570,500,000",낙찰,"632,100,000",77.60%,2023-01-31,2023_1Q,3
광주 5계 2022-3224,아파트,아파트,아파트,광주,서구,광주 서구 금호동 815 호반리젠시빌 206동 8층 804호,"127,000,000","88,900,000",낙찰,"115,300,000",90.80%,2023-02-28,2023_1Q,3
광주 6계 2022-3286,오피스텔(주거),오피스텔,오피스텔(업무용),광주,남구,"광주 남구 주월동 957-1 ,957-30,957-31 주월동홀리어스 15층 1505호","296,000,000","165,760,000",낙찰,"240,000,000",81.10%,2023-01-26,2023_1Q,3
광주 7계 2022-3446,아파트,아파트,아파트,광주,남구,광주 남구 백운동 419 대흥백운스카이1차 102동 5층 506호,"181,000,000","126,700,000",낙찰,"126,819,999",70.10%,2023-01-31,2023_1Q,3
광주 8계 2022-4067(1),주상복합(상가),기타토지,기타토지,광주,동구,"광주 동구 계림동 100-11 ,508-15,1044 금호계림 상가동 1층 138호","1,880,000,000","673,792,000",낙찰,"840,000,000",44.70%,2023-03-16,2023_1Q,3
광주 9계 2022-4203,아파트,아파트,아파트,광주,광산구,광주 광산구 우산동 1572-6 어등하이빌 101동 19층 1905호,"160,000,000","112,000,000",낙찰,"118,559,230",74.10%,2023-01-11,2023_1Q,3
광주 7계 2022-4340,연립,연립주택,연립·빌라,광주,서구,광주 서구 양동 321-3 JS파크빌 102동 3층 302호,"270,000,000","151,200,000",낙찰,"170,100,000",63.00%,2023-03-14,2023_1Q,3
광주 8계 2022-4548,아파트,아파트,아파트,광주,광산구,광주 광산구 수완동 1490 수완지구영무예다음2차 203동 4층 403호,"593,000,000","332,080,000",낙찰,"410,170,000",69.20%,2023-02-02,2023_1Q,3
광주 2계 2022-4579,연립,연립주택,연립·빌라,광주,동구,"광주 동구 산수동 463-8 ,468-2 내제A동 1,2.지하층 105호","27,000,000","27,000,000",낙찰,"61,000,000",225.90%,2023-02-09,2023_1Q,3
광주 7계 2022-4647,주상복합(주거),기타토지,기타토지,광주,북구,광주 북구 운암동 68 벽산블루밍메가씨티 201동 15층 1502호,"660,000,000","462,000,000",낙찰,"463,210,000",70.20%,2023-03-14,2023_1Q,3
광주 1계 2022-4685,임야,임야,임야,광주,북구,광주 북구 운정동 산48,"39,137,820","17,534,000",낙찰,"20,100,000",51.40%,2023-03-15,2023_1Q,3
광주 6계 2022-4739,오피스텔(주거),오피스텔,오피스텔(업무용),광주,북구,광주 북구 신안동 478-5 5층 514호,"42,000,000","23,520,000",낙찰,"28,610,000",68.10%,2023-01-26,2023_1Q,3
광주 3계 2022-4746,차량,기타토지,기타토지,광주,광산구,광주 광산구 산정동 156 현대주차장(062-953-8424)내 보관,"14,500,000","6,496,000",낙찰,"8,155,000",56.20%,2023-03-02,2023_1Q,3
광주 2계 2022-4883,아파트,아파트,아파트,광주,북구,광주 북구 본촌동 2866 베스트클래스 4층 404호,"250,000,000","140,000,000",낙찰,"176,160,008",70.50%,2023-02-09,2023_1Q,3
광주 8계 2022-4975,다가구,다가구,다가구,광주,서구,광주 서구 금호동 874-2,"323,602,350","226,522,000",낙찰,"275,000,000",85.00%,2023-02-02,2023_1Q,3
광주 3계 2022-5350,답,답,답,광주,광산구,광주 광산구 동호동 474,"179,259,000","100,385,000",낙찰,"130,038,500",72.50%,2023-03-02,2023_1Q,3
광주 7계 2022-5398,차량,기타토지,기타토지,광주,광산구,"광주 광산구 소촌동 755-8 공단대협주차장(제3자강삼성,010-3607-1873)내 보관","24,000,000","16,800,000",낙찰,"21,020,000",87.60%,2023-01-31,2023_1Q,3
광주 10계 2022-5428,주상복합(주거),기타토지,기타토지,광주,북구,"광주 북구 용봉동 1225-1 ,1225-2 삼원맨션 5층 509호","95,000,000","66,500,000",낙찰,"69,011,000",72.60%,2023-02-03,2023_1Q,3
광주 1계 2022-5442,단독주택,단독,단독주택,광주,남구,광주 남구 월산동 925-19,"173,970,000","77,938,000",낙찰,"90,000,000",51.70%,2023-03-15,2023_1Q,3
광주 3계 2022-5558,아파트,아파트,아파트,광주,북구,광주 북구 두암동 969-1 두암3단지주공 303동 3층 302호,"80,000,000","56,000,000",낙찰,"60,100,000",75.10%,2023-03-02,2023_1Q,3
광주 6계 2022-5718,대지,나대지,나대지,광주,광산구,광주 광산구 소촌동 528-8,"654,860,000","366,722,000",낙찰,"381,110,000",58.20%,2023-03-08,2023_1Q,3
광주 7계 2022-5725,아파트,아파트,아파트,광주,광산구,"광주 광산구 장덕동 1593 ,1594 광주수완현진에버빌2단지 201동 4층 401호","592,000,000","414,400,000",낙찰,"415,336,000",70.20%,2023-03-14,2023_1Q,3
광주 9계 2022-5749,창고,기타건물,창고,광주,광산구,광주 광산구 장록동 124-1,"646,742,000","452,719,000",낙찰,"573,889,000",88.70%,2023-02-22,2023_1Q,3
광주 6계 2022-5800,단독주택,단독,단독주택,광주,북구,광주 북구 오치동 914-24,"212,282,520","148,598,000",낙찰,"177,500,000",83.60%,2023-03-08,2023_1Q,3
광주 10계 2022-5862,아파트,아파트,아파트,광주,서구,광주 서구 쌍촌동 1228-1 빛고을파크 202동 8층 811호,"142,000,000","99,400,000",낙찰,"100,100,000",70.50%,2023-03-17,2023_1Q,3
광주 2계 2022-5893,아파트,아파트,아파트,광주,서구,광주 서구 풍암동 1099 신암마을 풍암부영2차 204동 5층 507호,"290,000,000","203,000,000",낙찰,"245,880,010",84.80%,2023-02-09,2023_1Q,3
광주 9계 2022-6162,아파트,아파트,아파트,광주,북구,광주 북구 두암동 968-1 율곡타운 109동 5층 502호,"93,000,000","65,100,000",낙찰,"77,770,000",83.60%,2023-02-22,2023_1Q,3
광주 4계 2022-6360,단독주택,단독,단독주택,광주,광산구,광주 광산구 도산동 1218-169,"116,359,720","81,452,000",낙찰,"87,770,000",75.40%,2023-02-21,2023_1Q,3
광주 10계 2022-6414,차량,기타토지,기타토지,광주,광산구,광주 광산구 도천동 143-19 광주지방법원차량보관소내 보관,"9,000,000","6,300,000",낙찰,"7,010,000",77.90%,2023-02-03,2023_1Q,3
광주 3계 2022-6452,아파트,아파트,아파트,광주,광산구,광주 광산구 운남동 387-22 삼성 111동 3층 304호,"206,000,000","144,200,000",낙찰,"162,900,000",79.10%,2023-03-02,2023_1Q,3
광주 10계 2022-6605,오피스텔(주거),오피스텔,오피스텔(업무용),광주,서구,광주 서구 금호동 250-25 금호동서진엘리체 101동 14층 1402호,"177,000,000","123,900,000",낙찰,"135,899,000",76.80%,2023-03-17,2023_1Q,3
광주 2계 2022-7417,단독주택,단독,단독주택,광주,남구,광주 남구 행암동 216,"3,046,680","3,046,680",낙찰,"3,100,000",101.80%,2023-03-23,2023_1Q,3
광주 10계 2022-7677,점포,근린상가,점포상가,광주,서구,광주 서구 농성동 108,"46,966,020","46,966,020",낙찰,"46,966,020",100.00%,2023-03-17,2023_1Q,3
광주 2계 2022-8120,차량,기타토지,기타토지,광주,남구,광주 남구 송하동 348-1 송원주차장(010-3622-7261)내 보관,"5,500,000","3,850,000",낙찰,"4,000,000",72.70%,2023-03-23,2023_1Q,3
광주 7계 2022-60456,임야,임야,임야,광주,동구,광주 동구 월남동 280-4,"56,048,160","39,234,000",낙찰,"42,823,400",76.40%,2023-03-14,2023_1Q,3
광주 5계 2022-61084,아파트,아파트,아파트,광주,광산구,광주 광산구 월곡동 685-1 영천마을 주공 1007동 2층 201호,"311,000,000","217,700,000",낙찰,"253,899,000",81.60%,2023-01-18,2023_1Q,3
광주 7계 2022-61541(1),다세대,다세대주택,다세대,광주,서구,"광주 서구 쌍촌동 990-10 ,990-23 거평하이빌 101동 4층 503호","33,700,000","18,872,000",낙찰,"23,400,000",69.40%,2023-01-31,2023_1Q,3
광주 7계 2022-61541(2),다세대,다세대주택,다세대,광주,서구,"광주 서구 쌍촌동 990-10 ,990-23 거평하이빌 101동 4층 504호","33,700,000","18,872,000",낙찰,"20,799,000",61.70%,2023-01-31,2023_1Q,3
광주 2계 2022-61701(1),연립,연립주택,연립·빌라,광주,동구,광주 동구 용산동 218-2 용산동도나우이스트 3층 301호,"661,000,000","296,128,000",낙찰,"366,210,000",55.40%,2023-03-23,2023_1Q,3
광주 5계 2022-61923,차량,기타토지,기타토지,광주,남구,광주 남구 송하동 348-1 송원주차장내(010-3622-7261) 보관,"3,000,000","1,344,000",낙찰,"1,510,000",50.30%,2023-01-18,2023_1Q,3
광주 5계 2022-62445,아파트,아파트,아파트,광주,남구,광주 남구 진월동 249 대주 105동 12층 1206호,"243,000,000","170,100,000",낙찰,"196,989,990",81.10%,2023-01-18,2023_1Q,3
광주 2계 2022-62841,임야,임야,임야,광주,광산구,광주 광산구 고룡동 산70-1,"288,555,500","129,273,000",낙찰,"165,899,000",57.50%,2023-03-23,2023_1Q,3
광주 7계 2022-63066,아파트,아파트,아파트,광주,서구,광주 서구 금호동 813 대주파크빌 107동 19층 1902호,"196,000,000","137,200,000",낙찰,"163,000,000",83.20%,2023-01-31,2023_1Q,3
광주 2계 2022-63103(2),아파트,아파트,아파트,광주,동구,광주 동구 계림동 1815 푸른길두산위브 209동 16층 1601호,"201,000,000","140,700,000",낙찰,"143,120,000",71.20%,2023-03-23,2023_1Q,3
광주 2계 2022-63103(5),아파트,아파트,아파트,광주,동구,광주 동구 계림동 1815 푸른길두산위브 209동 20층 2001호,"199,000,000","139,300,000",낙찰,"143,120,000",71.90%,2023-03-23,2023_1Q,3
광주 2계 2022-63103(8),아파트,아파트,아파트,광주,동구,광주 동구 계림동 1815 푸른길두산위브 209동 9층 902호,"201,000,000","140,700,000",낙찰,"143,120,000",71.20%,2023-03-23,2023_1Q,3
광주 2계 2022-63103(11),아파트,아파트,아파트,광주,동구,광주 동구 계림동 1815 푸른길두산위브 209동 10층 1002호,"203,000,000","142,100,000",낙찰,"142,336,000",70.10%,2023-03-23,2023_1Q,3
광주 2계 2022-63103(16),아파트,아파트,아파트,광주,동구,광주 동구 계림동 1815 푸른길두산위브 209동 15층 1501호,"201,000,000","140,700,000",낙찰,"143,330,000",71.30%,2023-03-23,2023_1Q,3
광주 2계 2022-63103(17),아파트,아파트,아파트,광주,동구,광주 동구 계림동 1815 푸른길두산위브 209동 16층 1603호,"201,000,000","140,700,000",낙찰,"160,500,000",79.90%,2023-03-23,2023_1Q,3
광주 2계 2022-63103(18),아파트,아파트,아파트,광주,동구,광주 동구 계림동 1815 푸른길두산위브 209동 19층 1901호,"201,000,000","140,700,000",낙찰,"154,090,000",76.70%,2023-03-23,2023_1Q,3
광주 2계 2022-63103(19),아파트,아파트,아파트,광주,동구,광주 동구 계림동 1815 푸른길두산위브 209동 19층 1902호,"203,000,000","142,100,000",낙찰,"143,120,000",70.50%,2023-03-23,2023_1Q,3
광주 2계 2022-63103(20),아파트,아파트,아파트,광주,동구,광주 동구 계림동 1815 푸른길두산위브 209동 19층 1903호,"201,000,000","140,700,000",낙찰,"175,899,900",87.50%,2023-03-23,2023_1Q,3
광주 2계 2022-63103(21),아파트,아파트,아파트,광주,동구,광주 동구 계림동 1815 푸른길두산위브 209동 18층 1801호,"201,000,000","140,700,000",낙찰,"146,999,900",73.10%,2023-03-23,2023_1Q,3
광주 2계 2022-63103(22),아파트,아파트,아파트,광주,동구,광주 동구 계림동 1815 푸른길두산위브 209동 7층 701호,"199,000,000","139,300,000",낙찰,"153,090,000",76.90%,2023-03-23,2023_1Q,3
광주 2계 2022-63103(23),아파트,아파트,아파트,광주,동구,광주 동구 계림동 1815 푸른길두산위브 209동 8층 803호,"199,000,000","139,300,000",낙찰,"155,899,000",78.30%,2023-03-23,2023_1Q,3
광주 2계 2022-63103(25),아파트,아파트,아파트,광주,동구,광주 동구 계림동 1815 푸른길두산위브 209동 20층 2003호,"199,000,000","139,300,000",낙찰,"142,120,000",71.40%,2023-03-23,2023_1Q,3
광주 5계 2022-63127,아파트,아파트,아파트,광주,서구,광주 서구 화정동 1701 화정동고운하이플러스 105동 10층 1003호,"450,000,000","252,000,000",낙찰,"321,888,900",71.50%,2023-01-18,2023_1Q,3
광주 5계 2022-63868,아파트,아파트,아파트,광주,북구,광주 북구 문흥동 1010-7 문흥제일파크 102동 2층 205호,"100,000,000","70,000,000",낙찰,"86,699,900",86.70%,2023-02-28,2023_1Q,3
광주 7계 2022-64250,아파트,아파트,아파트,광주,광산구,광주 광산구 운남동 777-1 운남주공 303동 17층 1704호,"147,000,000","102,900,000",낙찰,"138,210,000",94.00%,2023-01-31,2023_1Q,3
광주 5계 2022-64809,아파트,아파트,아파트,광주,동구,광주 동구 학동 898-4 백화 101동 9층 907호,"26,857,000","18,800,000",낙찰,"23,800,000",88.60%,2023-02-28,2023_1Q,3
광주 6계 2022-64960,아파트,아파트,아파트,광주,서구,광주 서구 풍암동 1059 한국 107동 7층 704호,"170,000,000","119,000,000",낙찰,"137,700,000",81.00%,2023-01-26,2023_1Q,3
광주 4계 2022-65062,아파트,아파트,아파트,광주,서구,"광주 서구 양동 439-116 ,439-150,439-151,439-152 초원파크맨션 4층 501호","12,400,000","8,680,000",낙찰,"8,890,000",71.70%,2023-01-10,2023_1Q,3
광주 2계 2022-65161(2),임야,임야,임야,광주,광산구,광주 광산구 용동 582-8,"24,752,000","11,089,000",낙찰,"13,090,000",52.90%,2023-03-23,2023_1Q,3
광주 3계 2022-65406,아파트,아파트,아파트,광주,광산구,광주 광산구 신가동 1058 수완지구호반베르디움1차 110동 13층 1304호,"717,000,000","401,520,000",낙찰,"552,800,010",77.10%,2023-03-02,2023_1Q,3
광주 9계 2022-65581,전,전,전,광주,북구,광주 북구 대촌동 513,"62,291,000","43,604,000",낙찰,"57,037,990",91.60%,2023-01-11,2023_1Q,3
광주 7계 2022-65864,아파트,아파트,아파트,광주,광산구,광주 광산구 산월동 885-2 첨단3-1차호반리젠시빌 304동 4층 405호,"371,000,000","207,760,000",낙찰,"245,000,000",66.00%,2023-03-14,2023_1Q,3
광주 7계 2022-66546,단독주택,단독,단독주택,광주,광산구,광주 광산구 박호동 460-3,"442,578,860","309,805,000",낙찰,"468,999,990",106.00%,2023-01-31,2023_1Q,3
광주 5계 2022-66782,아파트,아파트,아파트,광주,서구,"광주 서구 화정동 1020 ,1021 광명 101동 10층 1008호","155,000,000","108,500,000",낙찰,"130,000,000",83.90%,2023-02-28,2023_1Q,3
광주 5계 2022-67174,차량,기타토지,기타토지,광주,남구,광주 남구 송하동 348-1 송원주차장(010-3622-7261)내 보관,"31,000,000","17,360,000",낙찰,"18,500,000",59.70%,2023-02-28,2023_1Q,3
광주 8계 2022-67235,공장,공장(지식산업센터 업무시설),공장,광주,북구,광주 북구 연제동 1090 A동,"6,702,003,560","4,691,402,000",낙찰,"4,799,990,000",71.60%,2023-02-02,2023_1Q,3
광주 4계 2022-67310,공장,공장(지식산업센터 업무시설),공장,광주,광산구,광주 광산구 오선동 270-95 A동,"2,845,363,790","1,991,755,000",낙찰,"2,600,902,000",91.40%,2023-01-10,2023_1Q,3
광주 10계 2022-67662,차량,기타토지,기타토지,광주,광산구,광주 광산구 산정동 156 현대주차장(010-5550-8424)내 보관,"10,000,000","5,600,000",낙찰,"5,600,000",56.00%,2023-02-03,2023_1Q,3
광주 8계 2022-67785,전,전,전,광주,광산구,광주 광산구 지평동 647,"97,180,000","54,421,000",낙찰,"63,510,000",65.40%,2023-03-16,2023_1Q,3
광주 1계 2022-67969,차량,기타토지,기타토지,광주,광산구,"광주 광산구 산정동 156 현대주차장내 보관(062-953-8424,010-5550-8424)","13,000,000","7,280,000",낙찰,"8,950,000",68.80%,2023-02-01,2023_1Q,3
광주 7계 2022-68184,차량,기타토지,기타토지,광주,광산구,"광주 광산구 월전동 92-1 평동주차장(제3자양애리,010-4628-2670)내 보관","14,000,000","7,840,000",낙찰,"9,540,000",68.10%,2023-01-31,2023_1Q,3
광주 9계 2022-68344,아파트,아파트,아파트,광주,남구,광주 남구 노대동 871 송화마을 휴먼시아 709동 1층 103호,"326,000,000","228,200,000",낙찰,"276,000,000",84.70%,2023-01-11,2023_1Q,3
광주 7계 2022-68368,차량,기타토지,기타토지,광주,광산구,"광주 광산구 산정동 156-2 산정주차장(제3자최정미,062-953-8424,010-5550-8424)내 보관","18,000,000","12,600,000",낙찰,"12,800,000",71.10%,2023-03-14,2023_1Q,3
광주 9계 2022-68702,자동차시설,기타건물,기타건물,광주,서구,"광주 서구 매월동 663-4 ,663-5 각층 703호","626,000,000","438,200,000",낙찰,"459,231,621",73.40%,2023-01-11,2023_1Q,3
광주 10계 2022-68757,근린상가,근린상가,근린상가,광주,북구,광주 북구 두암동 894-8,"395,551,000","276,886,000",낙찰,"375,999,900",95.10%,2023-02-03,2023_1Q,3
광주 9계 2022-68887,단독주택,단독,단독주택,광주,북구,광주 북구 두암동 920-6,"243,105,205","170,174,000",낙찰,"180,000,000",74.00%,2023-01-11,2023_1Q,3
광주 10계 2022-69590,연립,연립주택,연립·빌라,광주,북구,"광주 북구 중흥동 599-28 ,599-28 광신맨션 2동 3층 303호","84,000,000","58,800,000",낙찰,"71,400,000",85.00%,2023-02-03,2023_1Q,3
광주 3계 2022-69613,단독주택,단독,단독주택,광주,서구,광주 서구 화정동 786-18,"185,419,700","129,794,000",낙찰,"130,000,100",70.10%,2023-01-19,2023_1Q,3
광주 4계 2022-69620,아파트,아파트,아파트,광주,광산구,광주 광산구 월계동 763-5 첨단모아미래도 106동 5층 509호,"249,000,000","139,440,000",낙찰,"175,000,000",70.30%,2023-02-21,2023_1Q,3
광주 9계 2022-69644,차량,기타토지,기타토지,광주,광산구,광주 광산구 우산동 218-5 서창다리주차장(010-8466-0864)내 보관,"15,000,000","10,500,000",낙찰,"13,200,000",88.00%,2023-01-11,2023_1Q,3
광주 2계 2022-69705,차량,기타토지,기타토지,광주,광산구,광주 광산구 산정동 211 산정주차장내 보관,"14,000,000","7,840,000",낙찰,"8,950,000",63.90%,2023-02-09,2023_1Q,3
광주 9계 2022-69934,아파트,아파트,아파트,광주,북구,"광주 북구 운암동 1058-3 ,1058-4,산107-2 우미 101동 6층 605호","21,000,000","14,700,000",낙찰,"17,010,000",81.00%,2023-01-11,2023_1Q,3
광주 1계 2022-69965,아파트,아파트,아파트,광주,광산구,광주 광산구 월곡동 681-1 영천마을 주공 912동 4층 404호,"318,000,000","178,080,000",낙찰,"201,222,000",63.30%,2023-03-15,2023_1Q,3
광주 2계 2022-69972,아파트,아파트,아파트,광주,북구,광주 북구 양산동 943 올리브 2층 203호,"210,000,000","147,000,000",낙찰,"160,300,000",76.30%,2023-02-09,2023_1Q,3
광주 4계 2022-70163,차량,기타토지,기타토지,광주,광산구,광주 광산구 월전동 92-1 평동주차장(010-4628-2670)내보관,"10,000,000","5,600,000",낙찰,"6,610,000",66.10%,2023-02-21,2023_1Q,3
광주 6계 2022-70200,차량,기타토지,기타토지,광주,광산구,광주 광산구 산정동 156 내 보관(제3자현대주차장에게보관),"23,000,000","12,880,000",낙찰,"15,801,500",68.70%,2023-01-26,2023_1Q,3
광주 10계 2022-70286,연립,연립주택,연립·빌라,광주,광산구,"광주 광산구 소촌동 290 ,791-15,783-148 라인주택 108동 2층 208호","109,000,000","61,040,000",낙찰,"67,210,000",61.70%,2023-03-17,2023_1Q,3
광주 4계 2022-70354,도로,기타토지,기타토지,광주,북구,광주 북구 중흥동 338-71,"10,489,500","7,343,000",낙찰,"8,489,500",80.90%,2023-01-10,2023_1Q,3
광주 1계 2022-70446,근린상가,근린상가,근린상가,광주,남구,광주 남구 임암동 875 위드유타워 5층 503호,"309,000,000","173,040,000",낙찰,"181,850,000",58.90%,2023-03-15,2023_1Q,3
광주 10계 2022-70644,연립,연립주택,연립·빌라,광주,북구,광주 북구 두암동 938 대주빌라 16동 3층 305호,"342,000,000","239,400,000",낙찰,"270,100,000",79.00%,2023-02-03,2023_1Q,3
광주 2계 2022-70699,단독주택,단독,단독주택,광주,북구,광주 북구 용봉동 1233-15,"34,704,050","24,293,000",낙찰,"29,870,000",86.10%,2023-02-09,2023_1Q,3
광주 3계 2022-70705,아파트,아파트,아파트,광주,서구,광주 서구 쌍촌동 1337 우미아트빌 203동 3층 302호,"432,000,000","302,400,000",낙찰,"352,000,000",81.50%,2023-01-19,2023_1Q,3
광주 10계 2022-70989,아파트,아파트,아파트,광주,남구,광주 남구 진월동 363-4 옥천 B동 5층 503호,"23,200,000","16,240,000",낙찰,"18,660,000",80.40%,2023-02-03,2023_1Q,3
광주 8계 2022-71357,오피스텔(주거),오피스텔,오피스텔(업무용),광주,북구,광주 북구 신안동 134-7 제일 9층 934호,"27,000,000","18,900,000",낙찰,"21,110,000",78.20%,2023-02-02,2023_1Q,3
광주 8계 2022-71418,차량,기타토지,기타토지,광주,광산구,"광주 광산구 수완동 269-19 수완컨테이너하우스(070-4102-5929,101-2612-5929,010-3610-6929)내 보관","30,000,000","21,000,000",낙찰,"23,250,000",77.50%,2023-02-02,2023_1Q,3
광주 1계 2022-71593,임야,임야,임야,광주,북구,광주 북구 월출동 산18-41,"32,079,000","22,455,000",낙찰,"23,000,000",71.70%,2023-02-01,2023_1Q,3
광주 1계 2022-71609,차량,기타토지,기타토지,광주,광산구,광주 광산구 우산동 218-5 서창다리주차장(제3자전경선)내 보관,"23,500,000","13,160,000",낙찰,"16,200,000",68.90%,2023-02-01,2023_1Q,3
광주 10계 2022-71975,아파트,아파트,아파트,광주,북구,광주 북구 양산동 943 올리브 6층 601호,"217,000,000","151,900,000",낙찰,"157,920,000",72.80%,2023-02-03,2023_1Q,3
광주 6계 2022-72022,아파트,아파트,아파트,광주,북구,광주 북구 문흥동 787-8 우산주공 211동 1층 110호,"228,000,000","159,600,000",낙찰,"161,410,000",70.80%,2023-03-08,2023_1Q,3
광주 10계 2022-72053,오피스텔(상가),오피스텔,오피스텔(업무용),광주,북구,광주 북구 신안동 134-7 제일 2층 201-2호,"110,000,000","77,000,000",낙찰,"80,550,000",73.20%,2023-03-17,2023_1Q,3
광주 6계 2022-72138,아파트,아파트,아파트,광주,서구,광주 서구 금호동 808 금호베스트빌 302동 6층 603호,"546,000,000","382,200,000",낙찰,"483,300,010",88.50%,2023-03-08,2023_1Q,3
광주 10계 2022-72176,아파트,아파트,아파트,광주,남구,"광주 남구 진월동 481-4 ,481-20 현대 306동 3층 302호","270,000,000","189,000,000",낙찰,"204,550,000",75.80%,2023-03-17,2023_1Q,3
광주 6계 2022-72268,아파트,아파트,아파트,광주,광산구,광주 광산구 월계동 757-5 모아 103동 3층 306호,"82,000,000","57,400,000",낙찰,"68,120,000",83.10%,2023-03-08,2023_1Q,3
광주 10계 2022-72299,아파트,아파트,아파트,광주,북구,광주 북구 두암동 600-6 일흥 3층 303호,"93,000,000","65,100,000",낙찰,"70,666,000",76.00%,2023-03-17,2023_1Q,3
광주 7계 2022-72404,아파트,아파트,아파트,광주,광산구,광주 광산구 월계동 763-2 첨단8차라인 808동 5층 505호,"289,000,000","202,300,000",낙찰,"202,600,000",70.10%,2023-03-14,2023_1Q,3
광주 7계 2022-72442,차량,기타토지,기타토지,광주,광산구,"광주 광산구 월전동 92-1 평동주차장(제3자양애리,010-4628-2670)내 보관","30,000,000","21,000,000",낙찰,"23,189,800",77.30%,2023-01-31,2023_1Q,3
광주 2계 2022-72503,근린상가,근린상가,근린상가,광주,북구,광주 북구 용봉동 161-43,"891,218,000","623,853,000",낙찰,"777,700,000",87.30%,2023-03-23,2023_1Q,3
광주 6계 2022-72565,아파트,아파트,아파트,광주,광산구,"광주 광산구 월계동 756-5 ,756-9 첨단금호타운 101동 7층 702호","396,000,000","277,200,000",낙찰,"278,100,000",70.20%,2023-03-08,2023_1Q,3
광주 2계 2022-72916,아파트,아파트,아파트,광주,북구,"광주 북구 양산동 209-8 ,209-150 양산동우미 101동 1층 101호","175,000,000","122,500,000",낙찰,"163,770,010",93.60%,2023-03-23,2023_1Q,3
광주 1계 2022-73155,아파트,아파트,아파트,광주,광산구,광주 광산구 쌍암동 676-2 AM시티센트럴파크 9층 918호,"135,000,000","94,500,000",낙찰,"107,063,000",79.30%,2023-03-15,2023_1Q,3
광주 10계 2022-73230,아파트,아파트,아파트,광주,서구,광주 서구 치평동 1168-1 중흥 111동 2층 201호,"438,000,000","306,600,000",낙찰,"351,000,000",80.10%,2023-03-17,2023_1Q,3
광주 5계 2022-73254,중기,기타토지,기타토지,광주,남구,광주 남구 송하동 348-1 송원주차장내 보관(제3자 송원주차장에게 보관(010-3622-7261)),"80,000,000","56,000,000",낙찰,"64,500,000",80.60%,2023-01-18,2023_1Q,3
광주 6계 2022-73261,차량,기타토지,기타토지,광주,광산구,광주 광산구 우산동 218-5 서창다리주차장내 보관,"12,000,000","12,000,000",낙찰,"12,060,000",100.50%,2023-03-08,2023_1Q,3
광주 4계 2022-73452,차량,기타토지,기타토지,광주,광산구,광주 광산구 산정동 156-3 산정주차장(062-953-8424)내보관,"12,500,000","8,750,000",낙찰,"9,100,000",72.80%,2023-02-21,2023_1Q,3
광주 9계 2022-73605,차량,기타토지,기타토지,광주,북구,광주 북구 삼각동 754-3 글로벌주차장(010-6245-1001)내 보관,"21,000,000","14,700,000",낙찰,"14,710,000",70.00%,2023-01-11,2023_1Q,3
광주 8계 2022-73742,차량,기타토지,기타토지,광주,광산구,광주 광산구 소촌동 755-8 공단대형주차장내 보관(010-3607-1873),"16,000,000","11,200,000",낙찰,"13,160,000",82.30%,2023-03-16,2023_1Q,3
광주 9계 2022-73759,차량,기타토지,기타토지,광주,광산구,광주 광산구 산정동 156-3 산정주차장(010-5550-8424)내 보관,"38,000,000","26,600,000",낙찰,"32,800,000",86.30%,2023-02-22,2023_1Q,3
광주 2계 2022-74189,차량,기타토지,기타토지,광주,남구,광주 남구 송하동 348-1 송원주차장내 보관(010-3622-7261),"30,000,000","21,000,000",낙찰,"26,111,000",87.00%,2023-02-09,2023_1Q,3
광주 10계 2022-75489,임야,임야,임야,광주,북구,광주 북구 청풍동 산134,"44,034,300","44,034,300",낙찰,"61,787,700",140.30%,2023-03-17,2023_1Q,3
광주 4계 2022-76222(5),차량,기타토지,기타토지,광주,광산구,광주 광산구 산정동 156-3 산정주차장(062-953-8424)내 보관,"14,130,000","14,130,000",낙찰,"14,230,000",100.70%,2023-02-21,2023_1Q,3
광주 10계 2022-76352(2),전,전,전,광주,광산구,광주 광산구 우산동 1162,"99,112,000","99,112,000",낙찰,"151,999,990",153.40%,2023-03-17,2023_1Q,3
광주 8계 2022-76956,차량,기타토지,기타토지,광주,광산구,"광주 광산구 산정동 211 산정주차장내 보관(최정미:062-953-8424, 010-5550-8424)","15,000,000","10,500,000",낙찰,"10,501,000",70.00%,2023-03-16,2023_1Q,3
광주 5계 2014-7634(2),대지,나대지,나대지,광주,동구,광주 동구 호남동 37-9,"503,776,000","503,776,000",낙찰,"505,000,000",100.20%,2022-10-26,2022_4Q,3
광주 5계 2014-7634(3),도로,기타토지,기타토지,광주,남구,광주 남구 주월동 418-6,"6,773,040","3,793,000",낙찰,"4,770,000",70.40%,2022-10-26,2022_4Q,3
광주 5계 2014-7634(4),도로,기타토지,기타토지,광주,남구,광주 남구 주월동 473-31,"18,060,800","10,114,000",낙찰,"14,710,000",81.40%,2022-10-26,2022_4Q,3
광주 5계 2020-60490(3),대지,나대지,나대지,광주,남구,광주 남구 구동 41,"336,520,500","235,564,000",낙찰,"241,999,999",71.90%,2022-12-07,2022_4Q,3
광주 10계 2020-70886(4),다세대,다세대주택,다세대,광주,남구,광주 남구 진월동 312-29 광명샤인빌원룸 1층 104호,"36,000,000","20,160,000",낙찰,"23,670,000",65.80%,2022-12-23,2022_4Q,3
광주 10계 2020-70886(7),다세대,다세대주택,다세대,광주,남구,광주 남구 진월동 312-29 광명샤인빌원룸 2층 202호,"39,000,000","17,472,000",낙찰,"21,002,000",53.90%,2022-11-11,2022_4Q,3
광주 10계 2020-70886(8),다세대,다세대주택,다세대,광주,남구,광주 남구 진월동 312-29 광명샤인빌원룸 2층 203호,"39,000,000","17,472,000",낙찰,"18,100,000",46.40%,2022-11-11,2022_4Q,3
광주 2계 2021-2514,아파트,아파트,아파트,광주,서구,광주 서구 양동 321-20 그린파크 102동 1층 106호,"100,000,000","70,000,000",낙찰,"87,000,000",87.00%,2022-11-17,2022_4Q,3
광주 10계 2021-5001,연립,연립주택,연립·빌라,광주,북구,광주 북구 운암동 447-5 정하주택 2층 205호,"12,500,000","8,750,000",낙찰,"9,355,000",74.80%,2022-11-11,2022_4Q,3
광주 5계 2021-7274(2),연립,연립주택,연립·빌라,광주,동구,광주 동구 소태동 1108 무등산수안채 101동 4층 401호,"302,000,000","169,120,000",낙찰,"191,111,000",63.30%,2022-12-07,2022_4Q,3
광주 6계 2021-7779,아파트,아파트,아파트,광주,광산구,광주 광산구 우산동 1572-5 동산 101동 11층 1110호,"119,000,000","83,300,000",낙찰,"109,100,000",91.70%,2022-12-14,2022_4Q,3
광주 8계 2021-7984(3),전,전,전,광주,광산구,광주 광산구 왕동 323,"35,760,000","8,203,000",낙찰,"9,213,000",25.80%,2022-12-22,2022_4Q,3
광주 6계 2021-8062,다세대,다세대주택,다세대,광주,동구,광주 동구 산수동 480-15 산수빌리지 B동 4층 401호,"21,000,000","7,526,000",낙찰,"8,550,000",40.70%,2022-12-14,2022_4Q,3
광주 2계 2021-8727,단독주택,단독,단독주택,광주,동구,광주 동구 지산동 232-40,"135,016,710","60,488,000",낙찰,"77,099,990",57.10%,2022-10-06,2022_4Q,3
광주 10계 2021-9010,아파트,아파트,아파트,광주,남구,광주 남구 봉선동 984 모아 1동 1층 109호,"203,000,000","142,100,000",낙찰,"166,108,000",81.80%,2022-11-11,2022_4Q,3
광주 2계 2021-9133,오피스텔(주거),오피스텔,오피스텔(업무용),광주,서구,광주 서구 치평동 1202-2 랜드피아 16층 1613호,"67,000,000","30,016,000",낙찰,"35,200,000",52.50%,2022-10-06,2022_4Q,3
광주 4계 2021-9454,아파트,아파트,아파트,광주,광산구,광주 광산구 신창동 1118 신창3차호반베르디움 302동 7층 706호,"394,000,000","315,200,000",낙찰,"316,999,000",80.50%,2022-11-22,2022_4Q,3
광주 6계 2021-68378,연립,연립주택,연립·빌라,광주,북구,"광주 북구 운암동 876-7 ,819-1,835-3,869-1 운암아이미소 102동 5층 504호","126,000,000","14,798,000",낙찰,"17,880,000",14.20%,2022-11-02,2022_4Q,3
광주 7계 2021-77754,아파트,아파트,아파트,광주,서구,광주 서구 금호동 813 대주파크빌 108동 16층 1601호,"205,000,000","143,500,000",낙찰,"159,990,000",78.00%,2022-11-08,2022_4Q,3
광주 3계 2021-78412,차량,기타토지,기타토지,광주,광산구,"광주 광산구 신창동 1021-19 대명씨앤피(010-4601-5479,062-952-2252)내 보관","6,300,000","3,528,000",낙찰,"4,420,000",70.20%,2022-10-27,2022_4Q,3
광주 7계 2021-78566,도로,기타토지,기타토지,광주,동구,광주 동구 서석동 118-11,"22,754,700","15,928,000",낙찰,"20,111,111",88.40%,2022-11-08,2022_4Q,3
광주 6계 2022-454,답,답,답,광주,광산구,광주 광산구 남산동 200-1,"37,650,550","21,084,000",낙찰,"24,667,700",65.50%,2022-11-02,2022_4Q,3
광주 2계 2022-515,아파트,아파트,아파트,광주,광산구,광주 광산구 쌍암동 682-1 에이엠시티5차 6층 602호,"109,000,000","76,300,000",낙찰,"76,311,000",70.00%,2022-11-17,2022_4Q,3
광주 7계 2022-645,아파트,아파트,아파트,광주,광산구,광주 광산구 월곡동 613-1 하남금호타운 2동 10층 1001호,"139,000,000","97,300,000",낙찰,"128,210,000",92.20%,2022-11-08,2022_4Q,3
광주 2계 2022-683,다세대,다세대주택,다세대,광주,동구,광주 동구 산수동 480-15 산수빌리지 B동 2층 204호,"26,000,000","9,318,000",낙찰,"9,318,900",35.80%,2022-11-17,2022_4Q,3
광주 7계 2022-935,아파트,아파트,아파트,광주,북구,광주 북구 문흥동 996-2 공간 102동 3층 306호,"149,000,000","104,300,000",낙찰,"140,799,990",94.50%,2022-12-20,2022_4Q,3
광주 9계 2022-973,도로,기타토지,기타토지,광주,남구,광주 남구 주월동 623-6,"86,440,000","60,508,000",낙찰,"80,230,000",92.80%,2022-11-30,2022_4Q,3
광주 4계 2022-1020(1),대지,나대지,나대지,광주,동구,광주 동구 학동 85-10,"68,250,000","68,250,000",낙찰,"68,250,000",100.00%,2022-10-11,2022_4Q,3
광주 4계 2022-1020(2),점포,근린상가,점포상가,광주,동구,광주 동구 학동 55-58,"16,027,680","16,027,680",낙찰,"16,027,680",100.00%,2022-10-11,2022_4Q,3
광주 7계 2022-1211,아파트,아파트,아파트,광주,북구,"광주 북구 동림동 153-6 ,153-11,153-14,153-15,44,산44-3,산45,산46 유일가든 106동 3층 302호","92,000,000","64,400,000",낙찰,"72,000,000",78.30%,2022-12-20,2022_4Q,3
광주 7계 2022-1327,아파트,아파트,아파트,광주,광산구,광주 광산구 신가동 1019-2 호반리젠시빌 103동 11층 1106호,"336,000,000","235,200,000",낙찰,"255,000,000",75.90%,2022-11-08,2022_4Q,3
광주 6계 2022-1358,차량,기타토지,기타토지,광주,광산구,광주 광산구 우산동 218-5 서창다리주차장내 보관(제3자전경신에게보관 010-8466-0864),"30,000,000","30,000,000",낙찰,"37,288,000",124.30%,2022-11-02,2022_4Q,3
광주 2계 2022-1655,아파트,아파트,아파트,광주,북구,광주 북구 용봉동 1465 용봉아이파크 105동 1층 104호,"564,000,000","394,800,000",낙찰,"410,000,000",72.70%,2022-11-17,2022_4Q,3
광주 3계 2022-1747,차량,기타토지,기타토지,광주,광산구,광주 광산구 산정동 156 현대주차장(062-953-8424)내 보관,"700,000","392,000",낙찰,"401,100",57.30%,2022-10-27,2022_4Q,3
광주 7계 2022-1952,연립,연립주택,연립·빌라,광주,남구,광주 남구 월산동 1031-14 유성 1층 6호,"50,000,000","50,000,000",낙찰,"75,600,000",151.20%,2022-11-08,2022_4Q,3
광주 5계 2022-2269,차량,기타토지,기타토지,광주,광산구,광주 광산구 우산동 218-5 서창다리주차장내(010-8466-0864) 보관,"20,000,000","14,000,000",낙찰,"14,000,000",70.00%,2022-10-26,2022_4Q,3
광주 9계 2022-2429,아파트,아파트,아파트,광주,광산구,광주 광산구 신창동 855-9 해광샹그릴라 101동 15층 1610호,"305,000,000","213,500,000",낙찰,"275,000,000",90.20%,2022-11-30,2022_4Q,3
광주 9계 2022-2498,근린상가,근린상가,근린상가,광주,북구,광주 북구 오룡동 1110-33 애플지식센타 블루동B동 8호,"198,000,000","138,600,000",낙찰,"150,900,000",76.20%,2022-11-30,2022_4Q,3
광주 2계 2022-2528(1),근린상가,근린상가,근린상가,광주,광산구,광주 광산구 우산동 1586-18 우진그랑시티 2층 204호,"617,000,000","276,416,000",낙찰,"296,170,000",48.00%,2022-12-29,2022_4Q,3
광주 2계 2022-2528(2),근린상가,근린상가,근린상가,광주,광산구,광주 광산구 우산동 1586-18 우진그랑시티 2층 205호,"505,000,000","226,240,000",낙찰,"242,700,000",48.10%,2022-12-29,2022_4Q,3
광주 4계 2022-2542,공장,공장(지식산업센터 업무시설),공장,광주,광산구,"광주 광산구 하남동 499-1 ,-9 가동","3,645,977,500","1,633,398,000",낙찰,"2,022,000,000",55.50%,2022-11-22,2022_4Q,3
광주 2계 2022-2573,근린주택,근린주택,근린주택,광주,서구,광주 서구 풍암동 872-4,"653,480,500","457,436,000",낙찰,"510,111,000",78.10%,2022-11-17,2022_4Q,3
광주 9계 2022-2610,다세대,다세대주택,다세대,광주,광산구,광주 광산구 신촌동 1037-3 신촌힐파크 101동 4층 401호,"161,000,000","112,700,000",낙찰,"115,111,000",71.50%,2022-10-19,2022_4Q,3
광주 8계 2022-2665,차량,기타토지,기타토지,광주,광산구,"광주 광산구 수완동 269-19 수완컨테이너하우스(070-4102-5929,010-2612-5929,010-3610-6929)내 보관","19,000,000","13,300,000",낙찰,"15,200,000",80.00%,2022-11-10,2022_4Q,3
광주 9계 2022-2696,차량,기타토지,기타토지,광주,광산구,광주 광산구 우산동 218-5 내 보관(제3자 서창다리주차장 보관010-8466-0864),"16,500,000","11,550,000",낙찰,"14,380,000",87.20%,2022-10-19,2022_4Q,3
광주 9계 2022-2719,연립,연립주택,연립·빌라,광주,북구,광주 북구 신안동 260-7 대동맨션 3층 301호,"89,000,000","49,840,000",낙찰,"61,377,000",69.00%,2022-11-30,2022_4Q,3
광주 2계 2022-2740,근린상가,근린상가,근린상가,광주,북구,"광주 북구 연제동 217 ,217-1,217-9,217-10 지하층 101호","722,000,000","404,320,000",낙찰,"502,100,010",69.50%,2022-11-17,2022_4Q,3
광주 4계 2022-2986,대지,나대지,나대지,광주,광산구,광주 광산구 신촌동 938-4,"153,306,000","85,851,000",낙찰,"91,200,000",59.50%,2022-11-22,2022_4Q,3
광주 8계 2022-3026,아파트,아파트,아파트,광주,광산구,광주 광산구 우산동 1039-5 대덕 202동 7층 809호,"80,000,000","44,800,000",낙찰,"58,110,000",72.60%,2022-11-10,2022_4Q,3
광주 5계 2022-3040,차량,기타토지,기타토지,광주,광산구,광주 광산구 신창동 1021-19 (주)대명씨앤피내 보관(062-952-2252),"21,000,000","14,700,000",낙찰,"17,890,000",85.20%,2022-12-07,2022_4Q,3
광주 3계 2022-3262,오피스텔(주거),오피스텔,오피스텔(업무용),광주,남구,"광주 남구 주월동 957-1 ,957-30,957-31 홀리어스 8층 804호","286,000,000","160,160,000",낙찰,"182,000,000",63.60%,2022-12-08,2022_4Q,3
광주 4계 2022-3279,오피스텔(주거),오피스텔,오피스텔(업무용),광주,남구,"광주 남구 주월동 957-1 ,957-30,957-31 홀리어스 14층 1405호","296,000,000","165,760,000",낙찰,"183,000,000",61.80%,2022-11-22,2022_4Q,3
광주 9계 2022-3309,오피스텔,오피스텔,오피스텔(업무용),광주,남구,"광주 남구 주월동 957-1 ,957-30,957-31 주월도홀리어스 17층 1708호","280,000,000","156,800,000",낙찰,"161,000,000",57.50%,2022-11-30,2022_4Q,3
광주 8계 2022-3415,중기,기타토지,기타토지,광주,광산구,광주 광산구 월전동 92-1 평동주차장내(010-4628-2670) 보관,"3,000,000","3,000,000",낙찰,"3,110,000",103.70%,2022-11-10,2022_4Q,3
광주 10계 2022-3576,아파트,아파트,아파트,광주,남구,광주 남구 방림동 436-21 삼일 6동 1층 103호,"455,000,000","318,500,000",낙찰,"382,770,000",84.10%,2022-11-11,2022_4Q,3
광주 6계 2022-3644,아파트,아파트,아파트,광주,북구,광주 북구 동림동 1147-1 동림푸른마을주공3단지 312동 12층 1201호,"140,000,000","98,000,000",낙찰,"117,690,000",84.10%,2022-12-14,2022_4Q,3
광주 10계 2022-3699,단독주택,단독,단독주택,광주,남구,광주 남구 월산동 1048-92,"153,577,930","153,577,930",낙찰,"183,450,000",119.50%,2022-11-11,2022_4Q,3
광주 2계 2022-3897,아파트,아파트,아파트,광주,북구,광주 북구 신용동 643-1 용두주공 104동 2층 202호,"190,000,000","133,000,000",낙찰,"141,210,000",74.30%,2022-12-29,2022_4Q,3
광주 9계 2022-3996,대지,나대지,나대지,광주,광산구,광주 광산구 대산동 123-1,"126,000,000","88,200,000",낙찰,"90,210,000",71.60%,2022-11-30,2022_4Q,3
광주 4계 2022-4036,아파트,아파트,아파트,광주,광산구,광주 광산구 신창동 1272 신창2차남양휴튼 203동 5층 502호,"631,000,000","441,700,000",낙찰,"461,300,000",73.10%,2022-11-22,2022_4Q,3
광주 1계 2022-4104,단독주택,단독,단독주택,광주,서구,광주 서구 화정동 788-17,"186,387,840","130,471,000",낙찰,"176,487,000",94.70%,2022-11-09,2022_4Q,3
광주 1계 2022-4289,공장,공장(지식산업센터 업무시설),공장,광주,북구,광주 북구 신안동 253-7,"1,318,282,000","922,797,000",낙찰,"1,350,100,000",102.40%,2022-11-09,2022_4Q,3
광주 4계 2022-4401,아파트,아파트,아파트,광주,서구,광주 서구 금호동 787 중흥 101동 12층 1203호,"251,900,000","176,330,000",낙찰,"195,080,000",77.40%,2022-11-22,2022_4Q,3
광주 3계 2022-4586(1),대지,나대지,나대지,광주,북구,광주 북구 삼각동 147-4,"623,706,000","623,706,000",낙찰,"722,200,000",115.80%,2022-10-27,2022_4Q,3
광주 3계 2022-4586(2),답,답,답,광주,북구,광주 북구 삼각동 209,"380,696,000","380,696,000",낙찰,"832,300,000",218.60%,2022-10-27,2022_4Q,3
광주 4계 2022-4593,답,답,답,광주,북구,광주 북구 오치동 855-26,"170,140,000","170,140,000",낙찰,"228,000,000",134.00%,2022-11-22,2022_4Q,3
광주 8계 2022-4654,아파트,아파트,아파트,광주,북구,광주 북구 각화동 471 금호 2동 3층 301호,"39,000,000","27,300,000",낙찰,"30,690,000",78.70%,2022-12-22,2022_4Q,3
광주 2계 2022-4968,임야,임야,임야,광주,남구,광주 남구 행암동 산154,"7,948,830","5,564,000",낙찰,"7,000,000",88.10%,2022-12-29,2022_4Q,3
광주 6계 2022-5183,답,답,답,광주,북구,광주 북구 지야동 797-11,"93,702,630","93,702,630",낙찰,"95,099,990",101.50%,2022-12-14,2022_4Q,3
광주 9계 2022-5664,중기,기타토지,기타토지,광주,북구,광주 북구 삼각동 754-3 글로벌주차장(010-6245-1001)내보관,"13,000,000","13,000,000",낙찰,"18,290,000",140.70%,2022-10-19,2022_4Q,3
광주 1계 2022-5886,답,답,답,광주,광산구,광주 광산구 수완동 670-1,"1,771,840,000","1,771,840,000",낙찰,"1,921,000,000",108.40%,2022-12-21,2022_4Q,3
광주 6계 2022-6032,차량,기타토지,기타토지,광주,서구,광주 서구 벽진동 537-1 내(제3자 장청(하나로에프엔씨 010-5372-2362)) 보관,"15,000,000","15,000,000",낙찰,"15,010,000",100.10%,2022-12-14,2022_4Q,3
광주 8계 2022-60098,차량,기타토지,기타토지,광주,광산구,광주 광산구 소촌동 755-8 공단대형주차장(010-3607-1873)내 보관,"5,600,000","1,606,000",낙찰,"2,710,000",48.40%,2022-12-22,2022_4Q,3
광주 10계 2022-60135,중기,기타토지,기타토지,광주,남구,광주 남구 송하동 348-1 송원주차장(010-3622-7261)내 보관,"100,000,000","70,000,000",낙찰,"76,000,000",76.00%,2022-11-11,2022_4Q,3
광주 9계 2022-60975,아파트,아파트,아파트,광주,남구,광주 남구 월산동 1006-3 제일 3동 5층 510호,"64,000,000","35,840,000",낙찰,"40,500,000",63.30%,2022-11-30,2022_4Q,3
광주 9계 2022-61107,아파트,아파트,아파트,광주,광산구,광주 광산구 운남동 776-1 운남주공2단지 201동 17층 1703호,"173,000,000","121,100,000",낙찰,"150,290,000",86.90%,2022-11-30,2022_4Q,3
광주 10계 2022-61497,단독주택,단독,단독주택,광주,광산구,광주 광산구 송정동 496,"25,234,990","14,131,000",낙찰,"14,300,000",56.70%,2022-11-11,2022_4Q,3
광주 5계 2022-61503,오피스텔(주거),오피스텔,오피스텔(업무용),광주,북구,광주 북구 신안동 478-5 굿마인드 6층 607호,"45,000,000","25,200,000",낙찰,"28,177,700",62.60%,2022-10-26,2022_4Q,3
광주 7계 2022-61657,아파트,아파트,아파트,광주,북구,광주 북구 운암동 140-17 중흥 201동 2층 201호,"40,888,000","28,622,000",낙찰,"30,616,570",74.90%,2022-12-20,2022_4Q,3
광주 7계 2022-62018,차량,기타토지,기타토지,광주,광산구,광주 광산구 우산동 218-5 서창다리주차장(제3자전경선010-8466-0864)내 보관,"22,000,000","9,856,000",낙찰,"12,500,000",56.80%,2022-11-08,2022_4Q,3
광주 8계 2022-62049,연립,연립주택,연립·빌라,광주,광산구,광주 광산구 수완동 35-21 윤슬의아침-수완2차 201동 4층 202호,"633,000,000","354,480,000",낙찰,"444,444,400",70.20%,2022-11-10,2022_4Q,3
광주 10계 2022-62094,차량,기타토지,기타토지,광주,광산구,광주 광산구 산정동 156 현대주차장(010-5550-8424)내 보관,"16,000,000","8,960,000",낙찰,"8,960,000",56.00%,2022-11-11,2022_4Q,3
광주 9계 2022-62216,아파트,아파트,아파트,광주,남구,광주 남구 진월동 172 진월2차고운하이플러스 206동 12층 1203호,"388,000,000","217,280,000",낙찰,"278,888,889",71.90%,2022-10-19,2022_4Q,3
광주 2계 2022-62360,차량,기타토지,기타토지,광주,광산구,광주 광산구 산정동 156 현대주차장내보관,"2,500,000","896,000",낙찰,"1,045,600",41.80%,2022-11-17,2022_4Q,3
광주 6계 2022-62469,단독주택,단독,단독주택,광주,동구,광주 동구 산수동 546-22,"30,054,470","21,038,000",낙찰,"21,580,000",71.80%,2022-12-14,2022_4Q,3
광주 8계 2022-62483,다세대,다세대주택,다세대,광주,서구,광주 서구 양동 438-384 시모빌 4층 402호,"57,000,000","39,900,000",낙찰,"51,300,000",90.00%,2022-12-22,2022_4Q,3
광주 7계 2022-63240(1),임야,임야,임야,광주,동구,광주 동구 지산동 산84-15,"18,848,000","8,444,000",낙찰,"13,200,000",70.00%,2022-12-20,2022_4Q,3
광주 7계 2022-63240(2),임야,임야,임야,광주,동구,광주 동구 지산동 산84-16,"53,568,000","23,998,000",낙찰,"24,390,100",45.50%,2022-12-20,2022_4Q,3
광주 7계 2022-63240(4),임야,임야,임야,광주,동구,광주 동구 지산동 산84-18,"22,059,000","9,882,000",낙찰,"9,982,000",45.30%,2022-12-20,2022_4Q,3
광주 7계 2022-63240(5),임야,임야,임야,광주,동구,광주 동구 지산동 산84-19,"9,424,000","5,278,000",낙찰,"6,609,900",70.10%,2022-11-08,2022_4Q,3
광주 9계 2022-63271,연립,연립주택,연립·빌라,광주,서구,광주 서구 양동 321-49 제이에스파크빌 101동 5층 501호,"267,000,000","149,520,000",낙찰,"166,600,000",62.40%,2022-10-19,2022_4Q,3
광주 7계 2022-63486,연립,연립주택,연립·빌라,광주,서구,"광주 서구 매월동 450 ,453,454,441-5 알드만단지형펜트하우스 103동 1,2층 103호","872,000,000","610,400,000",낙찰,"688,000,000",78.90%,2022-11-08,2022_4Q,3
광주 7계 2022-63493,차량,기타토지,기타토지,광주,광산구,"광주 광산구 산정동 156 현대주차장내(제3자 김인호,010-5550-8424) 보관","18,000,000","12,600,000",낙찰,"16,109,900",89.50%,2022-11-08,2022_4Q,3
광주 2계 2022-63943,아파트,아파트,아파트,광주,북구,광주 북구 일곡동 848-1 현대 202동 1층 101호,"169,000,000","118,300,000",낙찰,"141,500,000",83.70%,2022-11-17,2022_4Q,3
광주 2계 2022-64151,차량,기타토지,기타토지,광주,광산구,광주 광산구 산정동 156 현대주차장내 보관,"23,000,000","12,880,000",낙찰,"15,699,900",68.30%,2022-12-29,2022_4Q,3
광주 2계 2022-64489,아파트,아파트,아파트,광주,북구,"광주 북구 중흥동 683-6 ,683-7 중흥동도나우타운 101동 8층 804호","173,000,000","121,100,000",낙찰,"133,050,000",76.90%,2022-10-06,2022_4Q,3
광주 2계 2022-64656,단독주택,단독,단독주택,광주,북구,광주 북구 우산동 174-22,"149,605,080","83,779,000",낙찰,"87,650,000",58.60%,2022-12-29,2022_4Q,3
광주 10계 2022-64847,차량,기타토지,기타토지,광주,광산구,광주 광산구 산정동 156 현대주차장(010-5550-8424)내 보관,"14,000,000","7,840,000",낙찰,"7,950,000",56.80%,2022-11-11,2022_4Q,3
광주 2계 2022-65161(1),임야,임야,임야,광주,광산구,광주 광산구 용동 582-11,"10,502,000","5,881,000",낙찰,"7,520,000",71.60%,2022-11-17,2022_4Q,3
광주 9계 2022-65246,아파트,아파트,아파트,광주,광산구,광주 광산구 하남동 544 하남2지구다사로움3단지 302동 10층 1003호,"129,000,000","90,300,000",낙찰,"106,010,000",82.20%,2022-11-30,2022_4Q,3
광주 2계 2022-65307,차량,기타토지,기타토지,광주,광산구,광주 광산구 신창동 1021-19 (주)대명씨앤피내 보관,"11,000,000","7,700,000",낙찰,"8,511,100",77.40%,2022-11-17,2022_4Q,3
광주 4계 2022-65413,차량,기타토지,기타토지,광주,남구,광주 남구 송하동 348-1 송원주차장(010-3622-7261)내 보관,"9,000,000","6,300,000",낙찰,"6,570,000",73.00%,2022-11-22,2022_4Q,3
광주 6계 2022-65529,아파트,아파트,아파트,광주,북구,광주 북구 삼각동 171 삼각동혁신타운 101동 2층 208호,"44,000,000","30,800,000",낙찰,"37,210,000",84.60%,2022-12-14,2022_4Q,3
광주 4계 2022-65611(1),답,답,답,광주,광산구,광주 광산구 산막동 285,"22,766,000","15,936,000",낙찰,"19,519,000",85.70%,2022-10-11,2022_4Q,3
광주 4계 2022-65611(2),도로,기타토지,기타토지,광주,광산구,광주 광산구 신룡동 525-2,"1,955,000","1,369,000",낙찰,"1,591,000",81.40%,2022-10-11,2022_4Q,3
광주 3계 2022-65918,아파트,아파트,아파트,광주,남구,광주 남구 봉선동 127-15 외11 무등파크 202동 1층 106호,"200,000,000","112,000,000",낙찰,"143,209,900",71.60%,2022-12-08,2022_4Q,3
광주 4계 2022-65925,아파트,아파트,아파트,광주,서구,광주 서구 화정동 178-8 삼익맨션2차 5동 3층 306호,"228,000,000","228,000,000",낙찰,"228,800,000",100.40%,2022-11-22,2022_4Q,3
광주 2계 2022-66171,차량,기타토지,기타토지,광주,광산구,광주 광산구 우산동 218-5 서창다리주차장내 보관,"10,000,000","7,000,000",낙찰,"8,550,000",85.50%,2022-11-17,2022_4Q,3
광주 3계 2022-66249,주상복합(주거),기타토지,기타토지,광주,동구,광주 동구 충장로4가 34 충장고운라피네 16층 1608호,"204,000,000","142,800,000",낙찰,"151,199,000",74.10%,2022-10-27,2022_4Q,3
광주 9계 2022-66324,전,전,전,광주,광산구,광주 광산구 대산동 149,"84,639,000","59,247,000",낙찰,"75,600,000",89.30%,2022-11-30,2022_4Q,3
광주 3계 2022-66508,차량,기타토지,기타토지,광주,광산구,광주 광산구 수완동 269-19 수완컨테이너하우스(070-4102-5929)내 보관,"17,000,000","9,520,000",낙찰,"11,110,000",65.40%,2022-12-08,2022_4Q,3
광주 2계 2022-66744,아파트,아파트,아파트,광주,광산구,광주 광산구 월계동 893-2 아크로시티 1동 3층 301호,"138,000,000","77,280,000",낙찰,"88,800,000",64.30%,2022-12-29,2022_4Q,3
광주 3계 2022-67150,단독주택,단독,단독주택,광주,북구,광주 북구 연제동 462-5,"28,531,200","19,972,000",낙찰,"19,972,000",70.00%,2022-12-08,2022_4Q,3
광주 6계 2022-67204,차량,기타토지,기타토지,광주,광산구,광주 광산구 우산동 218-5 서창다리주차장내 보관(010-8466-0864),"13,000,000","9,100,000",낙찰,"9,212,170",70.90%,2022-12-14,2022_4Q,3
광주 9계 2022-67242,공장,공장(지식산업센터 업무시설),공장,광주,광산구,광주 광산구 소촌동 850 A동,"1,327,756,720","929,430,000",낙찰,"1,312,900,000",98.90%,2022-11-30,2022_4Q,3
광주 1계 2022-67273,아파트,아파트,아파트,광주,북구,광주 북구 일곡동 819-2 현대 103동 3층 306호,"173,000,000","121,100,000",낙찰,"138,999,900",80.30%,2022-11-09,2022_4Q,3
광주 10계 2022-67327,차량,기타토지,기타토지,광주,광산구,광주 광산구 소촌동 755-8 공단대형주차장내 보관,"6,800,000","3,046,000",낙찰,"3,151,000",46.30%,2022-12-23,2022_4Q,3
광주 3계 2022-67419(1),임야,임야,임야,광주,광산구,광주 광산구 임곡동 산92,"18,704,200","18,704,200",낙찰,"22,448,800",120.00%,2022-10-27,2022_4Q,3
광주 4계 2022-67426,아파트,아파트,아파트,광주,북구,광주 북구 오치동 862-14 삼익 103동 1층 105호,"129,000,000","90,300,000",낙찰,"103,680,000",80.40%,2022-11-22,2022_4Q,3
광주 1계 2022-67501,단독주택,단독,단독주택,광주,남구,광주 남구 봉선동 225-2,"149,647,200","83,802,000",낙찰,"102,000,000",68.20%,2022-12-21,2022_4Q,3
광주 6계 2022-67587,아파트,아파트,아파트,광주,동구,광주 동구 학동 768 2동 14층 1408호,"265,000,000","185,500,000",낙찰,"202,000,000",76.20%,2022-12-14,2022_4Q,3
광주 6계 2022-68023,다세대,다세대주택,다세대,광주,동구,광주 동구 산수동 371-2 3층 106호,"202,000,000","141,400,000",낙찰,"151,770,100",75.10%,2022-12-14,2022_4Q,3
광주 10계 2022-68252,차량,기타토지,기타토지,광주,광산구,광주 광산구 산정동 156 현대주차장내 보관,"22,000,000","15,400,000",낙찰,"19,190,000",87.20%,2022-11-11,2022_4Q,3
광주 2계 2022-68276,차량,기타토지,기타토지,광주,남구,광주 남구 송하동 348-1 송원주차장(010-3622-7261)내 보관,"6,000,000","4,200,000",낙찰,"6,310,000",105.20%,2022-11-17,2022_4Q,3
광주 3계 2022-68511,대지,나대지,나대지,광주,북구,광주 북구 동림동 885-26,"1,006,880,000","1,006,880,000",낙찰,"1,101,000,000",109.30%,2022-10-27,2022_4Q,3
광주 3계 2022-68733,차량,기타토지,기타토지,광주,광산구,광주 광산구 소촌동 755-8 공단대형주차장(010-3607-1873)내 보관,"25,000,000","17,500,000",낙찰,"18,550,000",74.20%,2022-10-27,2022_4Q,3
광주 9계 2022-68962,연립,연립주택,연립·빌라,광주,서구,광주 서구 화정동 368-30 2동 1층 2호,"40,000,000","40,000,000",낙찰,"40,010,000",100.00%,2022-11-30,2022_4Q,3
광주 8계 2022-69255,다세대,다세대주택,다세대,광주,동구,광주 동구 산수동 401-24 5층 501호,"83,000,000","83,000,000",낙찰,"83,910,000",101.10%,2022-11-10,2022_4Q,3
광주 8계 2022-69408,아파트,아파트,아파트,광주,광산구,광주 광산구 신창동 855-9 해광샹그릴라 102동 15층 1607호,"301,000,000","210,700,000",낙찰,"240,000,000",79.70%,2022-12-22,2022_4Q,3
광주 8계 2022-69422,아파트,아파트,아파트,광주,광산구,광주 광산구 소촌동 594-1 삼라 101동 2층 201호,"88,000,000","61,600,000",낙찰,"75,300,000",85.60%,2022-12-22,2022_4Q,3
광주 6계 2022-69552,아파트,아파트,아파트,광주,남구,"광주 남구 봉선동 23-3 ,23-7,24,24-6,30,141-1 선3차1단지무등파크 304동 14층 1412호","300,000,000","210,000,000",낙찰,"219,900,000",73.30%,2022-12-14,2022_4Q,3
광주 6계 2022-69897,차량,기타토지,기타토지,광주,서구,광주 서구 벽진동 537-1 내 보관(제3자장청(하나로에프엔씨)에게보관)(010-5372-2362),"18,000,000","12,600,000",낙찰,"14,710,000",81.70%,2022-12-14,2022_4Q,3
광주 4계 2022-70330,차량,기타토지,기타토지,광주,광산구,광주 광산구 산정동 156-1 현대주차장(062-953-8424)내 보관,"14,000,000","9,800,000",낙찰,"12,110,000",86.50%,2022-11-22,2022_4Q,3
광주 5계 2014-7634(5),대지,나대지,나대지,광주,남구,광주 남구 주월동 941-56,"858,480","601,000",낙찰,"772,650",90.00%,2022-09-14,2022_3Q,3
광주 5계 2014-7634(6),임야,임야,임야,광주,남구,광주 남구 진월동 산249,"5,619,180","5,619,180",낙찰,"6,000,000",106.80%,2022-08-03,2022_3Q,3
광주 7계 2018-3050,공장,공장(지식산업센터 업무시설),공장,광주,광산구,"광주 광산구 남산동 280-2 ,282-3","317,998,400","37,412,000",낙찰,"42,000,000",13.20%,2022-07-05,2022_3Q,3
광주 3계 2019-73667,아파트,아파트,아파트,광주,광산구,광주 광산구 장덕동 1111 광주수완세영리첼 109동 3층 301호,"453,000,000","317,100,000",낙찰,"580,293,000",128.10%,2022-08-04,2022_3Q,3
광주 8계 2020-13005(1),단독주택,단독,단독주택,광주,북구,광주 북구 운암동 913-8,"332,788,295","332,788,295",낙찰,"336,509,100",101.10%,2022-09-29,2022_3Q,3
광주 8계 2020-13005(2),단독주택,단독,단독주택,광주,북구,광주 북구 운암동 913-9,"408,902,580","408,902,580",낙찰,"413,742,600",101.20%,2022-09-29,2022_3Q,3
광주 8계 2020-13005(3),단독주택,단독,단독주택,광주,북구,광주 북구 운암동 913-10,"361,902,340","361,902,340",낙찰,"365,623,100",101.00%,2022-09-29,2022_3Q,3
광주 10계 2020-13029,오피스텔(주거),오피스텔,오피스텔(업무용),광주,서구,광주 서구 풍암동 1106-1 캐슬온리뷰 3층 303호,"109,000,000","39,066,000",낙찰,"70,199,999",64.40%,2022-08-19,2022_3Q,3
광주 9계 2020-14930,아파트,아파트,아파트,광주,남구,광주 남구 봉선동 606 봉선1차남양휴튼 102동 10층 1002호,"1,300,000,000","910,000,000",낙찰,"1,173,334,000",90.30%,2022-09-07,2022_3Q,3
광주 10계 2020-70886(2),다세대,다세대주택,다세대,광주,남구,광주 남구 진월동 312-29 광명샤인빌원룸 1층 101호,"36,000,000","25,200,000",낙찰,"29,670,000",82.40%,2022-08-19,2022_3Q,3
광주 10계 2020-70886(3),다세대,다세대주택,다세대,광주,남구,광주 남구 진월동 312-29 광명샤인빌원룸 1층 102호,"36,000,000","25,200,000",낙찰,"29,670,000",82.40%,2022-08-19,2022_3Q,3
광주 10계 2020-70886(5),다세대,다세대주택,다세대,광주,남구,광주 남구 진월동 312-29 광명샤인빌원룸 1층 105호,"26,000,000","18,200,000",낙찰,"20,670,000",79.50%,2022-08-19,2022_3Q,3
광주 10계 2020-70886(6),다세대,다세대주택,다세대,광주,남구,광주 남구 진월동 312-29 광명샤인빌원룸 2층 201호,"39,000,000","27,300,000",낙찰,"31,980,000",82.00%,2022-08-19,2022_3Q,3
광주 10계 2020-70886(9),다세대,다세대주택,다세대,광주,남구,광주 남구 진월동 312-29 광명샤인빌원룸 2층 204호,"39,000,000","27,300,000",낙찰,"32,370,000",83.00%,2022-08-19,2022_3Q,3
광주 10계 2020-70886(10),다세대,다세대주택,다세대,광주,남구,광주 남구 진월동 312-29 광명샤인빌원룸 2층 205호,"29,000,000","20,300,000",낙찰,"23,870,000",82.30%,2022-08-19,2022_3Q,3
광주 10계 2020-70886(11),다세대,다세대주택,다세대,광주,남구,광주 남구 진월동 312-29 광명샤인빌원룸 3층 301호,"39,000,000","27,300,000",낙찰,"31,980,000",82.00%,2022-08-19,2022_3Q,3
광주 10계 2020-70886(12),다세대,다세대주택,다세대,광주,남구,광주 남구 진월동 312-29 광명샤인빌원룸 3층 302호,"39,000,000","27,300,000",낙찰,"31,980,000",82.00%,2022-08-19,2022_3Q,3
광주 10계 2020-70886(13),다세대,다세대주택,다세대,광주,남구,광주 남구 진월동 312-29 광명샤인빌원룸 3층 303호,"39,000,000","27,300,000",낙찰,"31,980,000",82.00%,2022-08-19,2022_3Q,3
광주 10계 2020-70886(14),다세대,다세대주택,다세대,광주,남구,광주 남구 진월동 312-29 광명샤인빌원룸 3층 304호,"39,000,000","27,300,000",낙찰,"32,370,000",83.00%,2022-08-19,2022_3Q,3
광주 10계 2020-70886(15),다세대,다세대주택,다세대,광주,남구,광주 남구 진월동 312-29 광명샤인빌원룸 3층 305호,"29,000,000","20,300,000",낙찰,"23,780,000",82.00%,2022-08-19,2022_3Q,3
광주 10계 2020-70886(16),다세대,다세대주택,다세대,광주,남구,광주 남구 진월동 312-29 광명샤인빌원룸 4층 401호,"39,000,000","27,300,000",낙찰,"30,670,000",78.60%,2022-08-19,2022_3Q,3
광주 10계 2020-70886(17),다세대,다세대주택,다세대,광주,남구,광주 남구 진월동 312-29 광명샤인빌원룸 4층 402호,"39,000,000","27,300,000",낙찰,"30,670,000",78.60%,2022-08-19,2022_3Q,3
광주 10계 2020-70886(18),다세대,다세대주택,다세대,광주,남구,광주 남구 진월동 312-29 광명샤인빌원룸 4층 403호,"39,000,000","27,300,000",낙찰,"30,670,000",78.60%,2022-08-19,2022_3Q,3
광주 10계 2020-70886(19),다세대,다세대주택,다세대,광주,남구,광주 남구 진월동 312-29 광명샤인빌원룸 4층 404호,"39,000,000","27,300,000",낙찰,"30,980,000",79.40%,2022-08-19,2022_3Q,3
광주 10계 2020-70886(20),아파트상가,아파트상가,기타토지,광주,서구,광주 서구 쌍촌동 96 광명하이츠타운 상가동 지하층 B04호,"47,000,000","32,900,000",낙찰,"36,100,000",76.80%,2022-08-19,2022_3Q,3
광주 10계 2020-70886(22),아파트상가,아파트상가,기타토지,광주,서구,광주 서구 쌍촌동 96 광명하이츠타운 상가동 2층 206호,"75,000,000","52,500,000",낙찰,"61,220,000",81.60%,2022-08-19,2022_3Q,3
광주 10계 2020-70886(23),아파트상가,아파트상가,기타토지,광주,서구,광주 서구 쌍촌동 96 광명하이츠타운 상가동 3층 308호,"61,000,000","42,700,000",낙찰,"44,155,000",72.40%,2022-08-19,2022_3Q,3
광주 8계 2020-76679(1),전,전,전,광주,북구,광주 북구 운정동 551,"5,263,600","1,886,000",낙찰,"2,450,000",46.50%,2022-07-07,2022_3Q,3
광주 4계 2021-1825,다가구,다가구,다가구,광주,북구,광주 북구 용봉동 1203-23,"833,167,000","191,109,000",낙찰,"204,900,000",24.60%,2022-07-19,2022_3Q,3
광주 10계 2021-5667(1),아파트,아파트,아파트,광주,서구,"광주 서구 치평동 1330 ,마륵동 802 갤러리303 104동 14층 1402호","814,000,000","814,000,000",낙찰,"821,000,000",100.90%,2022-07-08,2022_3Q,3
광주 10계 2021-5667(2),근린상가,근린상가,근린상가,광주,광산구,광주 광산구 소촌동 529-39,"1,164,106,600","1,164,106,600",낙찰,"1,370,000,000",117.70%,2022-07-08,2022_3Q,3
광주 10계 2021-6424,자동차시설,기타건물,기타건물,광주,서구,"광주 서구 매월동 663-2 ,-12 신풍암자동차매매장 101동 1층 14호","382,000,000","382,000,000",낙찰,"488,800,000",128.00%,2022-07-08,2022_3Q,3
광주 5계 2021-6486,아파트,아파트,아파트,광주,광산구,광주 광산구 신가동 1019-1 신가지구도시공사 102동 5층 501호,"170,000,000","119,000,000",낙찰,"163,731,900",96.30%,2022-08-03,2022_3Q,3
광주 3계 2021-6752,차량,기타토지,기타토지,광주,남구,광주 남구 송하동 348-1 송원주차장내 보관(010-3622-7261),"13,000,000","7,280,000",낙찰,"10,320,000",79.40%,2022-08-04,2022_3Q,3
광주 10계 2021-6929(3),도로,기타토지,기타토지,광주,남구,광주 남구 양림동 226-15,"52,500,000","18,816,000",낙찰,"21,876,750",41.70%,2022-09-30,2022_3Q,3
광주 7계 2021-6981,아파트,아파트,아파트,광주,광산구,광주 광산구 신가동 1030 신창7차부영사랑으로 1302동 6층 601호,"286,000,000","286,000,000",낙찰,"286,500,000",100.20%,2022-07-05,2022_3Q,3
광주 5계 2021-7274(1),연립,연립주택,연립·빌라,광주,동구,광주 동구 소태동 1108 무등산수안채 101동 2층 206호,"302,000,000","169,120,000",낙찰,"176,000,000",58.30%,2022-09-14,2022_3Q,3
광주 5계 2021-7274(3),연립,연립주택,연립·빌라,광주,동구,광주 동구 소태동 1108 무등산수안채 102동 5층 501호,"331,000,000","231,700,000",낙찰,"268,000,000",81.00%,2022-08-03,2022_3Q,3
광주 4계 2021-7472,아파트,아파트,아파트,광주,북구,광주 북구 동림동 26-1 우미 101동 6층 607호,"103,000,000","72,100,000",낙찰,"100,940,000",98.00%,2022-08-30,2022_3Q,3
광주 2계 2021-7632,아파트,아파트,아파트,광주,북구,광주 북구 일곡동 850-4 일곡2차청솔 203동 8층 804호,"126,000,000","88,200,000",낙찰,"96,200,000",76.30%,2022-08-25,2022_3Q,3
광주 9계 2021-7694,단독주택,단독,단독주택,광주,북구,광주 북구 두암동 845-20,"122,560,170","85,792,000",낙찰,"88,800,000",72.50%,2022-07-27,2022_3Q,3
광주 7계 2021-7786,아파트,아파트,아파트,광주,북구,광주 북구 동림동 26-1 우미 105동 8층 802호,"110,000,000","77,000,000",낙찰,"107,700,000",97.90%,2022-08-16,2022_3Q,3
광주 8계 2021-7984(1),전,전,전,광주,광산구,광주 광산구 왕동 286-2,"94,975,900","42,549,000",낙찰,"51,777,000",54.50%,2022-08-18,2022_3Q,3
광주 8계 2021-7984(2),임야,임야,임야,광주,광산구,광주 광산구 왕동 산143-12,"33,528,000","33,528,000",낙찰,"35,248,000",105.10%,2022-07-07,2022_3Q,3
광주 8계 2021-7984(5),목장용지,기타토지,목장용지,광주,광산구,광주 광산구 왕동 311-4,"2,320,000","831,000",낙찰,"1,009,900",43.50%,2022-09-29,2022_3Q,3
광주 5계 2021-8055,근린상가,근린상가,근린상가,광주,서구,광주 서구 치평동 1249 상무광명메이루즈테라스가든 1층 146호,"627,000,000","351,120,000",낙찰,"412,500,000",65.80%,2022-08-03,2022_3Q,3
광주 1계 2021-8192,전,전,전,광주,광산구,광주 광산구 동호동 44,"49,504,000","27,722,000",낙찰,"30,900,000",62.40%,2022-07-06,2022_3Q,3
광주 7계 2021-8345,아파트,아파트,아파트,광주,동구,광주 동구 운림동 583 라인 101동 11층 1103호,"360,000,000","252,000,000",낙찰,"315,000,000",87.50%,2022-07-05,2022_3Q,3
광주 9계 2021-8536,차량,기타토지,기타토지,광주,서구,광주 서구 벽진동 537-1 제3자하나로에프앤씨주차장(062-611-7500)보관,"14,000,000","9,800,000",낙찰,"12,100,000",86.40%,2022-07-27,2022_3Q,3
광주 8계 2021-8574,아파트,아파트,아파트,광주,북구,"광주 북구 신용동 549 ,용두동 311-39 첨단자이1단지 101동 7층 701호","697,000,000","697,000,000",낙찰,"700,000,000",100.40%,2022-08-18,2022_3Q,3
광주 5계 2021-8765,단독주택,단독,단독주택,광주,동구,광주 동구 충장로3가 9-12,"190,582,430","190,582,430",낙찰,"205,000,000",107.60%,2022-08-03,2022_3Q,3
광주 10계 2021-9218,아파트,아파트,아파트,광주,서구,광주 서구 쌍촌동 1233-10 대주 101동 14층 1408호,"249,000,000","174,300,000",낙찰,"215,500,000",86.50%,2022-07-08,2022_3Q,3
광주 8계 2021-9294,연립,연립주택,연립·빌라,광주,서구,광주 서구 쌍촌동 608-1 대우맨션 2층 201호,"380,000,000","266,000,000",낙찰,"364,880,010",96.00%,2022-08-18,2022_3Q,3
광주 2계 2021-9317,아파트,아파트,아파트,광주,북구,광주 북구 일곡동 849-8 진로 102동 10층 1008호,"171,000,000","171,000,000",낙찰,"175,900,000",102.90%,2022-07-14,2022_3Q,3
광주 9계 2021-9393,근린상가,근린상가,근린상가,광주,광산구,광주 광산구 월곡동 680-6 대영빌딩 5층 503호,"216,000,000","120,960,000",낙찰,"140,125,999",64.90%,2022-09-07,2022_3Q,3
광주 8계 2021-9492,아파트,아파트,아파트,광주,북구,"광주 북구 연제동 2-7 ,-8,양산동 283-66,-67,-68 광명 201동 8층 802호","110,000,000","77,000,000",낙찰,"111,080,000",101.00%,2022-07-07,2022_3Q,3
광주 2계 2021-68149,단독주택,단독,단독주택,광주,북구,광주 북구 두암동 884-2,"52,463,310","36,724,000",낙찰,"38,290,000",73.00%,2022-07-14,2022_3Q,3
광주 9계 2021-70524,전,전,전,광주,동구,광주 동구 지산동 20,"413,613,000","413,613,000",낙찰,"1,011,000,000",244.40%,2022-07-27,2022_3Q,3
광주 2계 2021-70975,임야,임야,임야,광주,남구,광주 남구 덕남동 산91,"72,496,500","40,598,000",낙찰,"50,500,000",69.70%,2022-08-25,2022_3Q,3
광주 10계 2021-71244(10),아파트,아파트,아파트,광주,동구,광주 동구 계림동 1815 푸른길두산위브 209동 11층 1102호,"211,000,000","147,700,000",낙찰,"156,999,990",74.40%,2022-09-30,2022_3Q,3
광주 8계 2021-72919,차량,기타토지,기타토지,광주,광산구,광주 광산구 산정동 156 주차장내 보관,"30,000,000","8,602,000",낙찰,"11,170,000",37.20%,2022-07-07,2022_3Q,3
광주 1계 2021-73684,다세대,다세대주택,다세대,광주,광산구,광주 광산구 운수동 14-2 명건주택 3층 303호,"35,275,000","19,754,000",낙찰,"20,080,000",56.90%,2022-07-06,2022_3Q,3
광주 8계 2021-74809,차량,기타토지,기타토지,광주,광산구,광주 광산구 산정동 156 송암주차장(062-953-8424)내 보관,"7,000,000","3,920,000",낙찰,"4,521,000",64.60%,2022-08-18,2022_3Q,3
광주 7계 2021-74953,차량,기타토지,기타토지,광주,남구,"광주 남구 송하동 348-1 송원주차장(제3자 이상민,010-6540-7261)내 보관","6,500,000","3,640,000",낙찰,"4,120,000",63.40%,2022-07-05,2022_3Q,3
광주 1계 2021-75048(1),연립,연립주택,연립·빌라,광주,광산구,"광주 광산구 도산동 814-15 ,813-5 숲안애빌리지 2층 202호","235,000,000","164,500,000",낙찰,"187,100,000",79.60%,2022-07-06,2022_3Q,3
광주 1계 2021-75048(2),연립,연립주택,연립·빌라,광주,광산구,"광주 광산구 도산동 814-15 ,813-5 숲안애빌리지 2층 204호","235,000,000","164,500,000",낙찰,"190,515,000",81.10%,2022-07-06,2022_3Q,3
광주 1계 2021-75048(3),연립,연립주택,연립·빌라,광주,광산구,"광주 광산구 도산동 814-15 ,813-5 숲안애빌리지 2층 205호","235,000,000","164,500,000",낙찰,"178,610,000",76.00%,2022-07-06,2022_3Q,3
광주 1계 2021-75048(4),연립,연립주택,연립·빌라,광주,광산구,"광주 광산구 도산동 814-15 ,813-5 숲안애빌리지 2층 206호","235,000,000","164,500,000",낙찰,"195,000,000",83.00%,2022-07-06,2022_3Q,3
광주 1계 2021-75048(5),연립,연립주택,연립·빌라,광주,광산구,"광주 광산구 도산동 814-15 ,813-5 숲안애빌리지 3층 301호","235,000,000","164,500,000",낙찰,"164,501,000",70.00%,2022-07-06,2022_3Q,3
광주 1계 2021-75048(6),연립,연립주택,연립·빌라,광주,광산구,"광주 광산구 도산동 814-15 ,813-5 숲안애빌리지 3층 302호","235,000,000","164,500,000",낙찰,"164,500,000",70.00%,2022-07-06,2022_3Q,3
광주 1계 2021-75048(7),연립,연립주택,연립·빌라,광주,광산구,"광주 광산구 도산동 814-15 ,813-5 숲안애빌리지 3층 303호","235,000,000","164,500,000",낙찰,"164,600,000",70.00%,2022-07-06,2022_3Q,3
광주 1계 2021-75048(8),연립,연립주택,연립·빌라,광주,광산구,"광주 광산구 도산동 814-15 ,813-5 숲안애빌리지 3층 305호","235,000,000","164,500,000",낙찰,"190,500,000",81.10%,2022-07-06,2022_3Q,3
광주 1계 2021-75048(9),연립,연립주택,연립·빌라,광주,광산구,"광주 광산구 도산동 814-15 ,813-5 숲안애빌리지 3층 306호","235,000,000","164,500,000",낙찰,"186,990,000",79.60%,2022-09-28,2022_3Q,3
광주 1계 2021-75048(10),연립,연립주택,연립·빌라,광주,광산구,"광주 광산구 도산동 814-15 ,813-5 숲안애빌리지 4층 404호","235,000,000","164,500,000",낙찰,"164,680,000",70.10%,2022-07-06,2022_3Q,3
광주 1계 2021-75048(12),연립,연립주택,연립·빌라,광주,광산구,"광주 광산구 도산동 814-15 ,813-5 숲안애빌리지 5층 501호","282,000,000","197,400,000",낙찰,"200,110,000",71.00%,2022-07-06,2022_3Q,3
광주 1계 2021-75048(13),연립,연립주택,연립·빌라,광주,광산구,"광주 광산구 도산동 814-15 ,813-5 숲안애빌리지 5층 502호","282,000,000","197,400,000",낙찰,"210,000,000",74.50%,2022-07-06,2022_3Q,3
광주 1계 2021-75048(14),연립,연립주택,연립·빌라,광주,광산구,"광주 광산구 도산동 814-15 ,813-5 숲안애빌리지 5층 503호","282,000,000","197,400,000",낙찰,"200,500,000",71.10%,2022-07-06,2022_3Q,3
광주 1계 2021-75048(15),연립,연립주택,연립·빌라,광주,광산구,"광주 광산구 도산동 814-15 ,813-5 숲안애빌리지 5층 506호","282,000,000","197,400,000",낙찰,"256,000,000",90.80%,2022-07-06,2022_3Q,3
광주 2계 2021-75086,차량,기타토지,기타토지,광주,광산구,광주 광산구 신창동 1021-19 내 보관,"35,000,000","24,500,000",낙찰,"25,010,000",71.50%,2022-07-14,2022_3Q,3
광주 8계 2021-75611,아파트,아파트,아파트,광주,북구,광주 북구 두암동 174-9 중흥에스-클래스 101동 5층 502호,"512,000,000","358,400,000",낙찰,"440,010,000",85.90%,2022-08-18,2022_3Q,3
광주 7계 2021-75864,단독주택,단독,단독주택,광주,남구,"광주 남구 월산동 941-10 ,533-143","123,694,600","123,694,600",낙찰,"123,700,000",100.00%,2022-08-16,2022_3Q,3
광주 3계 2021-76201,전,전,전,광주,동구,광주 동구 선교동 136,"20,739,550","14,518,000",낙찰,"14,590,000",70.30%,2022-08-04,2022_3Q,3
광주 4계 2021-76508,차량,기타토지,기타토지,광주,광산구,광주 광산구 수완동 269-19 수완컨테이너하우스(070-4102-5929)내 보관,"5,100,000","3,570,000",낙찰,"4,812,000",94.40%,2022-07-19,2022_3Q,3
광주 7계 2021-76515,오피스텔,오피스텔,오피스텔(업무용),광주,광산구,광주 광산구 쌍암동 676-2 에이엠시티센트럴파크 13층 1307호,"122,000,000","85,400,000",낙찰,"105,400,000",86.40%,2022-08-16,2022_3Q,3
광주 7계 2021-76652,아파트,아파트,아파트,광주,광산구,광주 광산구 우산동 1576-5 에드가리움 9층 907호,"150,000,000","84,000,000",낙찰,"87,000,000",58.00%,2022-08-16,2022_3Q,3
광주 10계 2021-77358,아파트,아파트,아파트,광주,북구,광주 북구 두암동 73 라인동산 105동 19층 1908호,"162,000,000","113,400,000",낙찰,"135,000,000",83.30%,2022-07-08,2022_3Q,3
광주 7계 2021-77860,공장,공장(지식산업센터 업무시설),공장,광주,광산구,광주 광산구 비아동 714-10,"496,518,600","496,518,600",낙찰,"515,000,000",103.70%,2022-09-27,2022_3Q,3
광주 10계 2021-78160,아파트,아파트,아파트,광주,광산구,광주 광산구 장덕동 1309 장덕 부영애시앙 104동 9층 902호,"379,000,000","265,300,000",낙찰,"286,670,000",75.60%,2022-07-08,2022_3Q,3
광주 1계 2021-78177,아파트,아파트,아파트,광주,서구,광주 서구 화정동 1701 화정동고운하이플러스 104동 3층 303호,"382,000,000","267,400,000",낙찰,"330,777,000",86.60%,2022-08-17,2022_3Q,3
광주 2계 2021-78184,대지,나대지,나대지,광주,남구,광주 남구 화장동 735,"23,898,100","16,729,000",낙찰,"18,110,000",75.80%,2022-07-14,2022_3Q,3
광주 7계 2021-78290,차량,기타토지,기타토지,광주,광산구,"광주 광산구 월전동 92-1 평동주차장(제3자 양애리,010-4628-2670)내 보관","12,000,000","6,720,000",낙찰,"6,880,000",57.30%,2022-07-05,2022_3Q,3
광주 10계 2021-78306,차량,기타토지,기타토지,광주,광산구,광주 광산구 산정동 156 현대주차장내(010-5550-8424)보관,"7,500,000","3,360,000",낙찰,"4,210,000",56.10%,2022-08-19,2022_3Q,3
광주 3계 2021-78337(1),전,전,전,광주,남구,광주 남구 임암동 599,"14,621,530","10,235,000",낙찰,"10,250,000",70.10%,2022-09-15,2022_3Q,3
광주 3계 2021-78337(2),답,답,답,광주,남구,광주 남구 이장동 469,"13,998,100","9,799,000",낙찰,"9,890,000",70.70%,2022-09-15,2022_3Q,3
광주 10계 2021-78443,아파트,아파트,아파트,광주,동구,광주 동구 월남동 638 월남호반베르디움2차 212동 20층 2004호,"279,000,000","195,300,000",낙찰,"265,051,500",95.00%,2022-07-08,2022_3Q,3
광주 3계 2021-78481,아파트,아파트,아파트,광주,광산구,광주 광산구 신창동 1285 광주신창동대광로제비앙 103동 6층 604호,"371,000,000","259,700,000",낙찰,"325,555,550",87.80%,2022-08-04,2022_3Q,3
광주 10계 2021-78634,아파트,아파트,아파트,광주,광산구,광주 광산구 신창동 1264 신창5차부영사랑으로 1106동 11층 1104호,"365,000,000","255,500,000",낙찰,"333,999,000",91.50%,2022-07-08,2022_3Q,3
광주 6계 2022-133,공장,공장(지식산업센터 업무시설),공장,광주,광산구,광주 광산구 안청동 730-4,"3,358,366,210","2,350,856,000",낙찰,"2,733,850,000",81.40%,2022-09-21,2022_3Q,3
광주 4계 2022-263,아파트,아파트,아파트,광주,북구,광주 북구 각화동 118-2 글로벌 101동 4층 405호,"343,000,000","240,100,000",낙찰,"251,111,100",73.20%,2022-07-19,2022_3Q,3
광주 3계 2022-423,아파트상가,아파트상가,기타토지,광주,북구,"광주 북구 오치동 888-1 ,862-1 우성 상가동 2층 201호","54,000,000","37,800,000",낙찰,"51,300,000",95.00%,2022-08-04,2022_3Q,3
광주 8계 2022-959,아파트,아파트,아파트,광주,북구,"광주 북구 양산동 205-6 ,본촌동 69-22,-23,-37 양산동일신2차 202동 4층 405호","167,000,000","116,900,000",낙찰,"136,879,900",82.00%,2022-07-07,2022_3Q,3
광주 10계 2022-980,근린상가,근린상가,근린상가,광주,서구,광주 서구 화정동 350-12 영무메트로 A동 3층 303호,"195,000,000","136,500,000",낙찰,"145,500,000",74.60%,2022-08-19,2022_3Q,3
광주 3계 2022-1044,차량,기타토지,기타토지,광주,광산구,"광주 광산구 산정동 156-3 산정주차장(062-953-8424,010-5550-8424)내보관","8,000,000","5,600,000",낙찰,"5,660,000",70.80%,2022-08-04,2022_3Q,3
광주 8계 2022-1143,근린상가,근린상가,근린상가,광주,광산구,광주 광산구 쌍암동 688-4 아울렛코리아첨단점 2층 231호,"222,000,000","124,320,000",낙찰,"129,980,000",58.50%,2022-09-29,2022_3Q,3
광주 8계 2022-1228,아파트,아파트,아파트,광주,서구,광주 서구 농성동 278-1 제이엔지타운 6층 606호,"138,000,000","77,280,000",낙찰,"103,950,000",75.30%,2022-09-29,2022_3Q,3
광주 9계 2022-1341,아파트,아파트,아파트,광주,북구,광주 북구 용봉동 1474 용봉엘리체 101동 8층 803호,"498,000,000","348,600,000",낙찰,"430,077,000",86.40%,2022-09-07,2022_3Q,3
광주 4계 2022-1419,아파트,아파트,아파트,광주,광산구,광주 광산구 수완동 933 해솔마을 현진에버빌1단지 104동 17층 1702호,"1,380,000,000","966,000,000",낙찰,"1,337,899,990",96.90%,2022-08-30,2022_3Q,3
광주 2계 2022-1464,아파트,아파트,아파트,광주,남구,광주 남구 방림동 556 모아 107동 10층 1108호,"267,000,000","186,900,000",낙찰,"199,999,900",74.90%,2022-08-25,2022_3Q,3
광주 3계 2022-1587,단독주택,단독,단독주택,광주,동구,광주 동구 소태동 1041,"28,029,457","19,621,000",낙찰,"21,500,000",76.70%,2022-09-15,2022_3Q,3
광주 3계 2022-1716,중기,기타토지,기타토지,광주,광산구,광주 광산구 산정동 156 현대주차장(062-953-8424)내 보관,"30,000,000","10,290,000",낙찰,"13,538,800",45.10%,2022-09-15,2022_3Q,3
광주 3계 2022-1815,차량,기타토지,기타토지,광주,광산구,광주 광산구 산정동 156 현대주차장(062-953-8424)내 보관,"600,000","600,000",낙찰,"1,180,000",196.70%,2022-08-04,2022_3Q,3
광주 10계 2022-1983(1),연립,연립주택,연립·빌라,광주,동구,광주 동구 소태동 1108 무등산수안채 103동 4층 402호,"300,000,000","210,000,000",낙찰,"222,555,000",74.20%,2022-08-19,2022_3Q,3
광주 10계 2022-1983(2),연립,연립주택,연립·빌라,광주,동구,광주 동구 소태동 1108 무등산수안채 104동 4층 402호,"300,000,000","210,000,000",낙찰,"220,300,000",73.40%,2022-08-19,2022_3Q,3
광주 3계 2022-2122,차량,기타토지,기타토지,광주,광산구,광주 광산구 산정동 156 현대주차장(062-953-8424)내 보관,"350,000","196,000",낙찰,"300,000",85.70%,2022-08-04,2022_3Q,3
광주 4계 2022-2139,차량,기타토지,기타토지,광주,광산구,광주 광산구 산정동 156 현대주차장(062-953-8424)내 보관,"2,000,000","980,000",낙찰,"1,616,000",80.80%,2022-07-19,2022_3Q,3
광주 8계 2022-2153(2),아파트,아파트,아파트,광주,남구,광주 남구 진월동 392 금광하늘연가 101동 15층 1502호,"912,000,000","638,400,000",낙찰,"788,600,000",86.50%,2022-08-18,2022_3Q,3
광주 10계 2022-2184,아파트,아파트,아파트,광주,서구,광주 서구 화정동 1701 화정동고운하이플러스 102동 2층 202호,"428,000,000","299,600,000",낙찰,"358,660,000",83.80%,2022-08-19,2022_3Q,3
광주 6계 2022-2221,공장,공장(지식산업센터 업무시설),공장,광주,광산구,광주 광산구 연산동 1279,"2,295,756,100","1,607,029,000",낙찰,"1,928,320,000",84.00%,2022-09-21,2022_3Q,3
광주 9계 2022-2252,아파트,아파트,아파트,광주,남구,"광주 남구 주월동 450-2 ,산156-3 한양 5층 512호","131,000,000","91,700,000",낙찰,"120,010,000",91.60%,2022-09-07,2022_3Q,3
광주 7계 2022-2559,차량,기타토지,기타토지,광주,광산구,광주 광산구 신창동 1021-19 제3자(주)대명씨앤피(010-4601-5479)내 보관,"16,000,000","11,200,000",낙찰,"14,510,000",90.70%,2022-08-16,2022_3Q,3
광주 4계 2022-2641,아파트,아파트,아파트,광주,북구,광주 북구 연제동 31-1 새한 102동 15층 1514호,"107,000,000","107,000,000",낙찰,"107,300,000",100.30%,2022-07-19,2022_3Q,3
광주 1계 2022-2733,아파트,아파트,아파트,광주,광산구,광주 광산구 송정동 230-8 대덕9차 901동 12층 1204호,"131,000,000","91,700,000",낙찰,"113,589,999",86.70%,2022-09-28,2022_3Q,3
광주 8계 2022-2818,아파트,아파트,아파트,광주,북구,광주 북구 오치동 5-7 한국아델리움 104동 14층 1402호,"605,000,000","605,000,000",낙찰,"620,000,000",102.50%,2022-08-18,2022_3Q,3
광주 2계 2022-2887,차량,기타토지,기타토지,광주,광산구,광주 광산구 수완동 269-19 수완컨테이니 하우스내 보관,"16,000,000","16,000,000",낙찰,"16,000,000",100.00%,2022-08-25,2022_3Q,3
광주 8계 2022-3293,오피스텔(주거),오피스텔,오피스텔(업무용),광주,남구,"광주 남구 주월동 957-1 ,957-30,957-31 홀리어스 16층 1608호","285,000,000","199,500,000",낙찰,"210,000,000",73.70%,2022-09-29,2022_3Q,3
광주 9계 2022-3422,차량,기타토지,기타토지,광주,광산구,광주 광산구 신창동 1021-19 대명씨앤피(062-952-2252)에 보관,"9,700,000","6,790,000",낙찰,"8,699,999",89.70%,2022-09-07,2022_3Q,3
광주 1계 2022-3477,단독주택,단독,단독주택,광주,서구,광주 서구 양동 438-51,"133,623,370","93,536,000",낙찰,"126,666,666",94.80%,2022-09-28,2022_3Q,3
광주 3계 2022-3651,중기,기타토지,기타토지,광주,서구,광주 서구 벽진동 537-1 하나로에프엔씨 주차장(011-372-2362)내 보관,"90,000,000","63,000,000",낙찰,"86,599,999",96.20%,2022-09-15,2022_3Q,3
광주 8계 2022-3989,다세대,다세대주택,다세대,광주,동구,광주 동구 산수동 480-15 산수빌리지 B동 4층 404호,"29,000,000","29,000,000",낙찰,"29,000,000",100.00%,2022-09-29,2022_3Q,3
광주 8계 2022-4067(2),주상복합(상가),기타토지,기타토지,광주,동구,"광주 동구 계림동 100-11 ,508-15,1044 금호계림 상가동 2층 206호","456,000,000","456,000,000",낙찰,"471,110,000",103.30%,2022-09-29,2022_3Q,3
광주 7계 2022-60074,차량,기타토지,기타토지,광주,광산구,"광주 광산구 수완동 269-19 (주)수완컨테이너하우스(제3자정환중010-2612-5929,010-3610-6929)내 보관","30,000,000","16,800,000",낙찰,"18,900,000",63.00%,2022-09-27,2022_3Q,3
광주 5계 2022-60227,차량,기타토지,기타토지,광주,서구,광주 서구 벽진동 537-1 하나로에프앤씨(011-372-2362)내 보관,"12,000,000","8,400,000",낙찰,"9,876,000",82.30%,2022-08-03,2022_3Q,3
광주 8계 2022-60258,차량,기타토지,기타토지,광주,광산구,"광주 광산구 산정동 156 현대주차장(062-953-8424, 010-5550-8424)내 보관","5,500,000","3,080,000",낙찰,"3,500,000",63.60%,2022-08-18,2022_3Q,3
광주 6계 2022-60302,오피스텔,오피스텔,오피스텔(업무용),광주,서구,광주 서구 치평동 1202-2 랜드피아 7층 729호,"63,000,000","44,100,000",낙찰,"48,000,000",76.20%,2022-08-10,2022_3Q,3
광주 5계 2022-60555,아파트,아파트,아파트,광주,북구,광주 북구 삼각동 753-3 드림네스트2차 7층 703호,"274,000,000","191,800,000",낙찰,"215,990,010",78.80%,2022-08-03,2022_3Q,3
광주 8계 2022-60708,아파트,아파트,아파트,광주,광산구,"광주 광산구 송정동 448-1 ,1131-53 송정명지2차 205동 5층 505호","235,000,000","164,500,000",낙찰,"231,500,000",98.50%,2022-07-07,2022_3Q,3
광주 2계 2022-60753,연립,연립주택,연립·빌라,광주,서구,"광주 서구 매월동 450 ,453,454,441-5 얼두먼던자형펜트하우스 103동 1,2,3층 107호","888,000,000","621,600,000",낙찰,"651,100,000",73.30%,2022-07-14,2022_3Q,3
광주 4계 2022-60777,단독주택,단독,단독주택,광주,남구,광주 남구 노대동 460,"36,477,900","25,535,000",낙찰,"28,650,000",78.50%,2022-07-19,2022_3Q,3
광주 10계 2022-60920,차량,기타토지,기타토지,광주,북구,광주 북구 삼각동 754-3 글로벌주차장내 보관,"15,000,000","10,500,000",낙찰,"13,680,000",91.20%,2022-07-08,2022_3Q,3
광주 2계 2022-61022,차량,기타토지,기타토지,광주,광산구,광주 광산구 우산동 218-5 서창다리주차장내 보관,"17,000,000","11,900,000",낙찰,"14,500,000",85.30%,2022-08-25,2022_3Q,3
광주 5계 2022-61169,근린상가,근린상가,근린상가,광주,북구,광주 북구 일곡동 540-1,"326,318,930","326,318,930",낙찰,"400,000,000",122.60%,2022-08-03,2022_3Q,3
광주 3계 2022-61220,아파트,아파트,아파트,광주,남구,광주 남구 월산동 302-2 월산우방아이유쉘 107동 3층 302호,"591,000,000","413,700,000",낙찰,"441,900,000",74.80%,2022-09-15,2022_3Q,3
광주 1계 2022-61329,단독주택,단독,단독주택,광주,북구,광주 북구 두암동 562-13,"338,431,350","236,902,000",낙찰,"277,770,000",82.10%,2022-08-17,2022_3Q,3
광주 9계 2022-61367,차량,기타토지,기타토지,광주,광산구,광주 광산구 월전동 92-1 제3자 평동주차장(010-4628-2670)내 보관,"12,000,000","6,720,000",낙찰,"8,500,000",70.80%,2022-07-27,2022_3Q,3
광주 2계 2022-61459,아파트,아파트,아파트,광주,북구,광주 북구 각화동 587 각화골드클래스 106동 20층 2003호,"423,000,000","296,100,000",낙찰,"382,220,000",90.40%,2022-08-25,2022_3Q,3
광주 1계 2022-61770,단독주택,단독,단독주택,광주,광산구,광주 광산구 송정동 496,"25,022,000","14,012,000",낙찰,"17,515,000",70.00%,2022-09-28,2022_3Q,3
광주 8계 2022-61787,아파트,아파트,아파트,광주,서구,광주 서구 풍암동 1058 삼능 104동 4층 402호,"177,000,000","123,900,000",낙찰,"124,770,000",70.50%,2022-09-29,2022_3Q,3
광주 4계 2022-61886,중기,기타토지,기타토지,광주,광산구,광주 광산구 산정동 156-3 산정주차장(062-953-8424)내 보관,"135,000,000","94,500,000",낙찰,"118,700,000",87.90%,2022-07-19,2022_3Q,3
광주 2계 2022-62278,아파트,아파트,아파트,광주,북구,"광주 북구 용두동 330 ,308-5,309-3 양산타운 106동 14층 1402호","192,000,000","134,400,000",낙찰,"155,900,000",81.20%,2022-08-25,2022_3Q,3
광주 10계 2022-62308,차량,기타토지,기타토지,광주,광산구,광주 광산구 신창동 1021-19 (주)대명씨앤피(010-4601-5479)내 보관,"15,500,000","10,850,000",낙찰,"13,700,000",88.40%,2022-08-19,2022_3Q,3
광주 6계 2022-62476,차량,기타토지,기타토지,광주,광산구,"광주 광산구 산정동 156 현대주차장(062-953-8424,010-5550-8424)내 보관","23,000,000","16,100,000",낙찰,"21,100,000",91.70%,2022-09-21,2022_3Q,3
광주 10계 2022-62513,아파트,아파트,아파트,광주,광산구,광주 광산구 운남동 777-1 운남주공 303동 11층 1105호,"155,000,000","108,500,000",낙찰,"136,899,990",88.30%,2022-08-19,2022_3Q,3
광주 1계 2022-62988,아파트,아파트,아파트,광주,북구,광주 북구 삼각동 637 우미타운 101동 2층 212호,"143,000,000","143,000,000",낙찰,"148,010,000",103.50%,2022-07-06,2022_3Q,3
광주 5계 2022-63004,차량,기타토지,기타토지,광주,남구,광주 남구 송하동 348-1 송원주차장(010-3622-7261)내 보관,"17,000,000","11,900,000",낙찰,"13,900,000",81.80%,2022-08-03,2022_3Q,3
광주 8계 2022-63073,아파트,아파트,아파트,광주,광산구,광주 광산구 운남동 794-3 광주운남7단지주공 702동 1층 106호,"163,000,000","114,100,000",낙찰,"150,000,000",92.00%,2022-08-18,2022_3Q,3
광주 6계 2022-63226,연립,연립주택,연립·빌라,광주,서구,광주 서구 쌍촌동 531-1 3층 305호,"52,000,000","36,400,000",낙찰,"50,000,000",96.20%,2022-08-10,2022_3Q,3
광주 2계 2022-63233,차량,기타토지,기타토지,광주,광산구,광주 광산구 산정동 156 현대주차장내 보관,"19,000,000","13,300,000",낙찰,"17,520,000",92.20%,2022-08-25,2022_3Q,3
광주 10계 2022-63288,연립,연립주택,연립·빌라,광주,서구,광주 서구 양동 321-49 제이에스파크빌 101동 5층 502호,"267,000,000","149,520,000",낙찰,"180,600,000",67.60%,2022-09-30,2022_3Q,3
광주 9계 2022-63608,아파트,아파트,아파트,광주,북구,"광주 북구 신용동 549 ,용두동 311-39 첨단자이1단지 105동 5층 501호","525,000,000","367,500,000",낙찰,"431,220,000",82.10%,2022-09-07,2022_3Q,3
광주 10계 2022-63615,차량,기타토지,기타토지,광주,남구,광주 남구 송하동 348-1 송원주차장(010-3622-7261)내 보관,"30,000,000","21,000,000",낙찰,"26,897,000",89.70%,2022-09-30,2022_3Q,3
광주 10계 2022-64007,아파트,아파트,아파트,광주,광산구,광주 광산구 운남동 781-1 운남8단지주공 816동 20층 2001호,"243,000,000","170,100,000",낙찰,"183,000,000",75.30%,2022-08-19,2022_3Q,3
광주 8계 2022-64274,차량,기타토지,기타토지,광주,광산구,"광주 광산구 산정동 156 (062-953-8424,010-5550-8424)내보관","17,000,000","17,000,000",낙찰,"17,871,000",105.10%,2022-07-07,2022_3Q,3
광주 1계 2022-64311,답,답,답,광주,북구,광주 북구 효령동 437-3,"8,920,220","8,920,220",낙찰,"11,160,000",125.10%,2022-08-17,2022_3Q,3
광주 8계 2022-64571,아파트,아파트,아파트,광주,남구,"광주 남구 백운동 458 ,419-4 대흥백운스카이2차 101동 4층 406호","130,000,000","91,000,000",낙찰,"123,990,000",95.40%,2022-09-29,2022_3Q,3
광주 6계 2022-64724,아파트,아파트,아파트,광주,북구,광주 북구 매곡동 214-16 공간 1동 11층 1206호,"111,000,000","77,700,000",낙찰,"81,219,000",73.20%,2022-09-21,2022_3Q,3
광주 4계 2022-64786,아파트,아파트,아파트,광주,남구,광주 남구 봉선동 988 109동 1층 108호,"260,000,000","182,000,000",낙찰,"189,999,900",73.10%,2022-08-30,2022_3Q,3
광주 10계 2022-64885(1),오피스텔(주거),오피스텔,오피스텔(업무용),광주,광산구,광주 광산구 쌍암동 672-2 첨단타운 4층 405호,"40,000,000","28,000,000",낙찰,"37,200,000",93.00%,2022-09-30,2022_3Q,3
광주 10계 2022-64885(2),오피스텔(주거),오피스텔,오피스텔(업무용),광주,광산구,광주 광산구 쌍암동 672-2 첨단타운 8층 803호,"41,000,000","28,700,000",낙찰,"37,112,000",90.50%,2022-09-30,2022_3Q,3
광주 10계 2022-64885(3),오피스텔(주거),오피스텔,오피스텔(업무용),광주,광산구,광주 광산구 쌍암동 672-2 첨단타운 6층 602호,"40,000,000","28,000,000",낙찰,"38,000,000",95.00%,2022-09-30,2022_3Q,3
광주 10계 2022-64885(4),오피스텔(주거),오피스텔,오피스텔(업무용),광주,광산구,광주 광산구 쌍암동 672-2 첨단타운 4층 403호,"40,000,000","28,000,000",낙찰,"37,112,000",92.80%,2022-09-30,2022_3Q,3
광주 1계 2022-65147,답,답,답,광주,남구,광주 남구 지석동 414-14,"213,836,000","149,685,000",낙찰,"196,777,000",92.00%,2022-09-28,2022_3Q,3
광주 10계 2022-65291,차량,기타토지,기타토지,광주,광산구,광주 광산구 우산동 218-5 서창다리주차장(010-8466-0864)내 보관,"26,000,000","18,200,000",낙찰,"23,730,000",91.30%,2022-08-19,2022_3Q,3
광주 3계 2022-65376,차량,기타토지,기타토지,광주,광산구,광주 광산구 산정동 156 현대주차장(062-953-8424)내 보관,"17,500,000","12,250,000",낙찰,"15,239,999",87.10%,2022-09-15,2022_3Q,3
광주 8계 2022-66126,차량,기타토지,기타토지,광주,광산구,"광주 광산구 산정동 156 현대주차장(062-953-8424,010-5550-8424)내보관","13,500,000","9,450,000",낙찰,"11,810,000",87.50%,2022-08-18,2022_3Q,3
광주 1계 2022-66461,차량,기타토지,기타토지,광주,광산구,"광주 광산구 산정동 211 산정주차장(062-953-8424,010-5550-8424)내 보관","70,000,000","49,000,000",낙찰,"50,500,000",72.10%,2022-09-28,2022_3Q,3
광주 3계 2022-66973,차량,기타토지,기타토지,광주,광산구,광주 광산구 월전동 92-1 평동주차장(010-4628-2670)내 보관,"18,000,000","12,600,000",낙찰,"13,000,000",72.20%,2022-09-15,2022_3Q,3
광주 5계 2020-60490(1),의료시설,병원,병원,광주,남구,"광주 남구 구동 37-12 ,37-17,37-50,37-77,37-49,37-53 광주조아병원 1동호","4,398,632,805","3,079,043,000",낙찰,"3,621,999,999",82.30%,2022-06-22,2022_2Q,3
광주 5계 2020-60490(2),근린상가,근린상가,근린상가,광주,남구,광주 남구 구동 37-18,"172,569,560","172,569,560",낙찰,"201,500,000",116.80%,2022-05-11,2022_2Q,3
광주 6계 2020-73229,아파트,아파트,아파트,광주,북구,광주 북구 일곡동 849-1 한일 101동 14층 1403호,"148,000,000","118,400,000",낙찰,"164,330,010",111.00%,2022-06-29,2022_2Q,3
광주 7계 2021-686,연립,연립주택,연립·빌라,광주,서구,광주 서구 쌍촌동 531-1 쌍촌동도시형생활주택 2층 214호,"54,000,000","9,909,000",낙찰,"50,000,000",92.60%,2022-04-12,2022_2Q,3
광주 9계 2021-2781(5),도로,기타토지,기타토지,광주,북구,광주 북구 운암동 921-11,"86,774,000","24,880,000",낙찰,"31,179,000",35.90%,2022-05-04,2022_2Q,3
광주 9계 2021-2781(7),도로,기타토지,기타토지,광주,북구,광주 북구 운암동 895-12,"43,392,000","12,441,000",낙찰,"16,000,000",36.90%,2022-05-04,2022_2Q,3
광주 9계 2021-2798(3),도로,기타토지,기타토지,광주,북구,광주 북구 중흥동 322-16,"25,187,000","9,027,000",낙찰,"10,320,000",41.00%,2022-05-04,2022_2Q,3
광주 9계 2021-2798(4),도로,기타토지,기타토지,광주,북구,광주 북구 신안동 211-37,"24,564,000","7,043,000",낙찰,"8,500,000",34.60%,2022-06-15,2022_2Q,3
광주 1계 2021-2996,차량,기타토지,기타토지,광주,광산구,"광주 광산구 산정동 156 현대주차장(062-953-8424,010-5550-8424)내 보관","11,000,000","7,700,000",낙찰,"8,600,000",78.20%,2022-04-13,2022_2Q,3
광주 7계 2021-4244,전,전,전,광주,북구,광주 북구 청풍동 1133,"32,136,000","17,996,000",낙찰,"19,497,000",60.70%,2022-04-12,2022_2Q,3
광주 7계 2021-4664,다세대,다세대주택,다세대,광주,북구,광주 북구 신안동 16-12 가상빌리지 2층 202호,"85,000,000","38,080,000",낙찰,"45,777,770",53.90%,2022-04-12,2022_2Q,3
광주 8계 2021-5841,단독주택,단독,단독주택,광주,북구,광주 북구 용봉동 3-39,"256,346,700","114,843,000",낙찰,"157,000,000",61.20%,2022-05-26,2022_2Q,3
광주 10계 2021-5872,아파트,아파트,아파트,광주,북구,광주 북구 매곡동 31-1 AM City 4층 406호,"83,000,000","58,100,000",낙찰,"68,100,000",82.00%,2022-04-15,2022_2Q,3
광주 6계 2021-5926,아파트,아파트,아파트,광주,북구,광주 북구 매곡동 31-1 6층 609호,"82,000,000","52,480,000",낙찰,"66,000,000",80.50%,2022-04-06,2022_2Q,3
광주 8계 2021-6233,공장,공장(지식산업센터 업무시설),공장,광주,광산구,광주 광산구 용동 669-6,"3,107,529,200","2,175,270,000",낙찰,"3,120,042,500",100.40%,2022-04-14,2022_2Q,3
광주 10계 2021-6264,아파트,아파트,아파트,광주,서구,광주 서구 화정동 1295 화정동영무예다음 101동 1층 103호,"124,000,000","86,800,000",낙찰,"110,500,000",89.10%,2022-04-15,2022_2Q,3
광주 7계 2021-6325,대지,나대지,나대지,광주,남구,광주 남구 승촌동 68-1,"15,916,000","8,913,000",낙찰,"11,210,000",70.40%,2022-04-12,2022_2Q,3
광주 10계 2021-6349,아파트,아파트,아파트,광주,북구,"광주 북구 운암동 1089-2 ,-7 운암3차우미 301동 12층 1205호","89,000,000","62,300,000",낙찰,"82,500,000",92.70%,2022-05-27,2022_2Q,3
광주 1계 2021-6431,연립,연립주택,연립·빌라,광주,동구,광주 동구 소태동 772-5 가도스타디움 3층 303호,"200,000,000","112,000,000",낙찰,"141,211,100",70.60%,2022-04-13,2022_2Q,3
광주 1계 2021-6646(1),아파트,아파트,아파트,광주,북구,광주 북구 동림동 26-1 우미 103동 14층 1402호,"108,000,000","75,600,000",낙찰,"90,000,000",83.30%,2022-04-13,2022_2Q,3
광주 10계 2021-6721,아파트,아파트,아파트,광주,남구,광주 남구 진월동 172 진월2차고운하이플러스 201동 9층 903호,"352,000,000","246,400,000",낙찰,"341,000,000",96.90%,2022-05-27,2022_2Q,3
광주 10계 2021-6929(1),연립,연립주택,연립·빌라,광주,동구,"광주 동구 동명동 154-42 ,-43 금석그린빌라 지하층 B001호","276,000,000","193,200,000",낙찰,"248,850,000",90.20%,2022-05-27,2022_2Q,3
광주 8계 2021-6998,아파트,아파트,아파트,광주,광산구,광주 광산구 산월동 884-2 첨단3-3차호반리젠시빌 321동 10층 1002호,"328,000,000","328,000,000",낙찰,"341,340,000",104.10%,2022-04-14,2022_2Q,3
광주 3계 2021-7052,단독주택,단독,단독주택,광주,북구,"광주 북구 생용동 45 ,42,46","309,836,630","173,509,000",낙찰,"220,000,000",71.00%,2022-05-12,2022_2Q,3
광주 5계 2021-7274(4),연립,연립주택,연립·빌라,광주,동구,광주 동구 소태동 1108 무등산수안채 104동 2층 201호,"302,000,000","211,400,000",낙찰,"212,210,000",70.30%,2022-06-22,2022_2Q,3
광주 9계 2021-7427,연립,연립주택,연립·빌라,광주,남구,광주 남구 월산동 1060 월산동이스토리 104동 3층 307호,"206,000,000","144,200,000",낙찰,"178,210,000",86.50%,2022-05-04,2022_2Q,3
광주 6계 2021-7663,단독주택,단독,단독주택,광주,북구,광주 북구 중흥동 330-28,"210,900,710","147,630,000",낙찰,"161,000,000",76.30%,2022-04-06,2022_2Q,3
광주 7계 2021-7670,아파트,아파트,아파트,광주,광산구,광주 광산구 월곡동 685-1 영천마을 주공 1012동 15층 1503호,"199,000,000","199,000,000",낙찰,"201,698,000",101.40%,2022-05-24,2022_2Q,3
광주 8계 2021-7687,아파트,아파트,아파트,광주,광산구,광주 광산구 우산동 1572-5 동산 103동 2층 207호,"99,000,000","69,300,000",낙찰,"97,560,000",98.50%,2022-05-26,2022_2Q,3
광주 3계 2021-7731,답,답,답,광주,광산구,광주 광산구 두정동 116-26,"248,094,000","173,666,000",낙찰,"242,855,000",97.90%,2022-06-23,2022_2Q,3
광주 4계 2021-7847,아파트,아파트,아파트,광주,남구,"광주 남구 송하동 45-1 ,45,-2,-5,541-45 삼익 103동 6층 603호","236,000,000","188,800,000",낙찰,"250,099,900",106.00%,2022-04-26,2022_2Q,3
광주 6계 2021-7878,아파트,아파트,아파트,광주,광산구,광주 광산구 월계동 893-2 아크로시티 1동 5층 506호,"141,000,000","98,700,000",낙찰,"98,712,000",70.00%,2022-05-18,2022_2Q,3
광주 8계 2021-7892,아파트,아파트,아파트,광주,서구,광주 서구 금호동 741-1 금호시영1단지 105동 5층 507호,"149,000,000","104,300,000",낙찰,"151,600,000",101.70%,2022-05-26,2022_2Q,3
광주 4계 2021-7922,차량,기타토지,기타토지,광주,광산구,광주 광산구 우산동 218-5 서창다리주차장(010-8466-0864)내 보관,"20,000,000","14,000,000",낙찰,"18,790,000",94.00%,2022-04-26,2022_2Q,3
광주 8계 2021-7984(6),임야,임야,임야,광주,광산구,광주 광산구 왕동 산140-6,"111,153,990","77,808,000",낙찰,"85,500,000",76.90%,2022-05-26,2022_2Q,3
광주 1계 2021-8031,근린상가,근린상가,근린상가,광주,서구,"광주 서구 양동 5-254 ,261-2 양동수산물직판장 A동 1층 112호","83,000,000","83,000,000",낙찰,"173,178,100",208.60%,2022-04-13,2022_2Q,3
광주 10계 2021-8093,오피스텔,오피스텔,오피스텔(업무용),광주,북구,광주 북구 신안동 478-5 굿마인드 6층 612호,"42,000,000","29,400,000",낙찰,"40,950,000",97.50%,2022-05-27,2022_2Q,3
광주 8계 2021-8161,오피스텔(주거),오피스텔,오피스텔(업무용),광주,북구,"광주 북구 용봉동 126-3 ,125-16,-28,133 6층 607호","36,000,000","25,200,000",낙찰,"34,560,000",96.00%,2022-05-26,2022_2Q,3
광주 3계 2021-8314,아파트,아파트,아파트,광주,남구,"광주 남구 진월동 388 ,-9 호반 102동 2층 215호","64,000,000","44,800,000",낙찰,"48,870,000",76.40%,2022-06-23,2022_2Q,3
광주 4계 2021-8321,아파트,아파트,아파트,광주,남구,"광주 남구 진월동 388 ,-9 호반 102동 1층 102호","60,000,000","42,000,000",낙찰,"46,000,110",76.70%,2022-06-07,2022_2Q,3
광주 6계 2021-8338(1),답,답,답,광주,광산구,광주 광산구 진곡동 148-1,"305,500,000","213,850,000",낙찰,"243,800,000",79.80%,2022-06-29,2022_2Q,3
광주 6계 2021-8338(2),답,답,답,광주,광산구,광주 광산구 진곡동 148-2,"278,075,000","194,653,000",낙찰,"206,480,000",74.30%,2022-06-29,2022_2Q,3
광주 6계 2021-8338(4),답,답,답,광주,광산구,광주 광산구 진곡동 143-2,"94,815,000","66,371,000",낙찰,"82,345,678",86.80%,2022-06-29,2022_2Q,3
광주 7계 2021-8420,차량,기타토지,기타토지,광주,광산구,"광주 광산구 산정동 156 현대주차장(제3자 김인호,062-953-8424,010-5550-8424)내 보관","14,500,000","10,150,000",낙찰,"13,150,000",90.70%,2022-05-24,2022_2Q,3
광주 6계 2021-8451,연립,연립주택,연립·빌라,광주,남구,광주 남구 사동 135-2 양지바른빌라 가동 2층 202호,"221,000,000","154,700,000",낙찰,"199,000,000",90.00%,2022-06-29,2022_2Q,3
광주 8계 2021-8475,점포,근린상가,점포상가,광주,동구,광주 동구 운림동 665-10,"645,530,800","451,872,000",낙찰,"626,920,000",97.10%,2022-05-26,2022_2Q,3
광주 3계 2021-8840,차량,기타토지,기타토지,광주,광산구,광주 광산구 산정동 156 현대주차장(062-953-8424)내 보관,"39,000,000","27,300,000",낙찰,"34,550,000",88.60%,2022-06-23,2022_2Q,3
광주 5계 2021-8864,아파트,아파트,아파트,광주,북구,광주 북구 일곡동 848-1 현대 205동 18층 1808호,"173,000,000","121,100,000",낙찰,"175,310,100",101.30%,2022-06-22,2022_2Q,3
광주 3계 2021-9256,아파트,아파트,아파트,광주,북구,"광주 북구 두암동 72-4 ,100,111,814-7,-8 현대 102동 13층 1301호","404,000,000","282,800,000",낙찰,"315,000,000",78.00%,2022-06-23,2022_2Q,3
광주 7계 2021-9379,아파트,아파트,아파트,광주,남구,"광주 남구 송하동 45-1 ,45,-2,-5,541-45 삼익 104동 12층 1202호","172,000,000","172,000,000",낙찰,"195,000,000",113.40%,2022-05-24,2022_2Q,3
광주 1계 2021-9423,의료시설,병원,병원,광주,동구,광주 동구 학동 868-4 해피뷰삼성메디타워 3층 301호,"808,000,000","808,000,000",낙찰,"1,202,000,000",148.80%,2022-05-25,2022_2Q,3
광주 6계 2021-9577,아파트,아파트,아파트,광주,서구,광주 서구 화정동 1701 화정동고운하이플러스 101동 2층 202호,"424,000,000","296,800,000",낙찰,"368,000,000",86.80%,2022-06-29,2022_2Q,3
광주 10계 2021-66853,단독주택,단독,단독주택,광주,서구,광주 서구 화정동 764-44,"256,640,870","143,719,000",낙찰,"184,787,000",72.00%,2022-04-15,2022_2Q,3
광주 2계 2021-67658,임야,임야,임야,광주,서구,광주 서구 풍암동 산41-2,"27,684,000","12,402,000",낙찰,"13,503,020",48.80%,2022-04-22,2022_2Q,3
광주 6계 2021-68194,단독주택,단독,단독주택,광주,서구,광주 서구 화정동 839-6,"379,486,840","265,641,000",낙찰,"315,511,000",83.10%,2022-05-18,2022_2Q,3
광주 9계 2021-69784,답,답,답,광주,광산구,광주 광산구 광산동 592-8,"53,917,000","15,459,000",낙찰,"18,100,001",33.60%,2022-06-15,2022_2Q,3
광주 9계 2021-71268,차량,기타토지,기타토지,광주,광산구,광주 광산구 산정동 156 현대주차장내 보관(제3자 현대주차장보관 010-5550-8424),"72,000,000","32,256,000",낙찰,"41,000,000",56.90%,2022-06-15,2022_2Q,3
광주 2계 2021-71329,차량,기타토지,기타토지,광주,광산구,광주 광산구 수완동 269-19 수완컨테이너하우스주차장내보관,"5,500,000","3,080,000",낙찰,"3,550,000",64.50%,2022-04-22,2022_2Q,3
광주 7계 2021-71541(2),전,전,전,광주,북구,광주 북구 두암동 18-3,"4,717,500","3,302,000",낙찰,"4,059,000",86.00%,2022-05-24,2022_2Q,3
광주 10계 2021-71572,아파트,아파트,아파트,광주,북구,광주 북구 문흥동 1010-6 문흥3차라인 302동 9층 908호,"146,000,000","102,200,000",낙찰,"149,330,010",102.30%,2022-04-15,2022_2Q,3
광주 4계 2021-72230(1),근린상가,근린상가,근린상가,광주,동구,광주 동구 충장로2가 18 갤러리존 3층 26호,"11,000,000","6,160,000",낙찰,"6,280,000",57.10%,2022-04-26,2022_2Q,3
광주 4계 2021-72230(2),근린상가,근린상가,근린상가,광주,동구,광주 동구 충장로2가 18 갤러리존 3층 39호,"11,000,000","6,160,000",낙찰,"6,280,000",57.10%,2022-04-26,2022_2Q,3
광주 4계 2021-72230(3),근린상가,근린상가,근린상가,광주,동구,광주 동구 충장로2가 18 갤러리존 3층 5호,"16,000,000","8,960,000",낙찰,"9,180,000",57.40%,2022-04-26,2022_2Q,3
광주 6계 2021-72711,아파트,아파트,아파트,광주,서구,광주 서구 치평동 1168-9 중흥 103동 17층 1707호,"260,000,000","182,000,000",낙찰,"263,850,000",101.50%,2022-04-06,2022_2Q,3
광주 2계 2021-73295,다가구,다가구,다가구,광주,광산구,광주 광산구 하남동 707,"787,372,000","551,160,000",낙찰,"710,600,000",90.20%,2022-04-22,2022_2Q,3
광주 8계 2021-73547,단독주택,단독,단독주택,광주,광산구,광주 광산구 비아동 89-25,"81,203,200","45,474,000",낙찰,"63,000,100",77.60%,2022-04-14,2022_2Q,3
광주 9계 2021-73561,연립,연립주택,연립·빌라,광주,북구,광주 북구 신안동 475-20 1층 103호,"47,100,000","21,101,000",낙찰,"26,510,000",56.30%,2022-05-04,2022_2Q,3
광주 8계 2021-73806,연립,연립주택,연립·빌라,광주,서구,광주 서구 매월동 520-2 매월동노블힐스2014 103동 1층 101호,"414,000,000","289,800,000",낙찰,"290,112,000",70.10%,2022-05-26,2022_2Q,3
광주 6계 2021-73929,차량,기타토지,기타토지,광주,광산구,광주 광산구 산정동 156 현대주차장(062-953-8424)내 보관,"19,000,000","13,300,000",낙찰,"17,600,000",92.60%,2022-04-06,2022_2Q,3
광주 4계 2021-74052(1),임야,임야,임야,광주,광산구,광주 광산구 운수동 산150-1,"33,999,500","19,040,000",낙찰,"20,220,000",59.50%,2022-04-26,2022_2Q,3
광주 4계 2021-74052(2),임야,임야,임야,광주,광산구,광주 광산구 운수동 산154,"223,954,800","125,414,000",낙찰,"125,440,000",56.00%,2022-04-26,2022_2Q,3
광주 8계 2021-74458,아파트,아파트,아파트,광주,남구,광주 남구 노대동 827 송화마을 휴먼시아 508동 6층 601호,"284,000,000","198,800,000",낙찰,"279,100,000",98.30%,2022-05-26,2022_2Q,3
광주 2계 2021-74496,단독주택,단독,단독주택,광주,동구,광주 동구 지산동 342-54,"69,301,143","48,511,000",낙찰,"51,110,000",73.80%,2022-04-22,2022_2Q,3
광주 9계 2021-74663,차량,기타토지,기타토지,광주,광산구,광주 광산구 신창동 1021-19 대명씨앤피내 보관(제3자 대명씨앤피 062-952-2252),"5,200,000","2,912,000",낙찰,"3,700,000",71.20%,2022-05-04,2022_2Q,3
광주 7계 2021-74830,오피스텔(주거),오피스텔,오피스텔(업무용),광주,광산구,광주 광산구 쌍암동 695-1 힐스테이트리버파크 110동 39층 3901호,"352,000,000","352,000,000",낙찰,"360,789,999",102.50%,2022-04-12,2022_2Q,3
광주 2계 2021-74854,아파트,아파트,아파트,광주,동구,광주 동구 운림동 603 무등파크맨션 102동 12층 1301호,"242,000,000","169,400,000",낙찰,"218,740,000",90.40%,2022-04-22,2022_2Q,3
광주 5계 2021-74960,아파트,아파트,아파트,광주,서구,광주 서구 풍암동 1102 대주파크빌 205동 11층 1103호,"571,000,000","399,700,000",낙찰,"578,700,000",101.30%,2022-06-22,2022_2Q,3
광주 8계 2021-75000(4),임야,임야,임야,광주,광산구,광주 광산구 신동 산57-5,"49,073,000","49,073,000",낙찰,"102,770,000",209.40%,2022-05-26,2022_2Q,3
광주 10계 2021-75208,오피스텔,오피스텔,오피스텔(업무용),광주,서구,광주 서구 치평동 1202-2 랜드피아 4층 427호,"121,000,000","84,700,000",낙찰,"87,211,000",72.10%,2022-05-27,2022_2Q,3
광주 2계 2021-75222,대지,나대지,나대지,광주,북구,광주 북구 생용동 393-4,"15,417,900","10,793,000",낙찰,"11,110,000",72.10%,2022-04-22,2022_2Q,3
광주 4계 2021-75444(1),다세대,다세대주택,다세대,광주,북구,광주 북구 운암동 140-23 모주빌 102동 201호,"135,000,000","75,600,000",낙찰,"81,220,000",60.20%,2022-04-26,2022_2Q,3
광주 5계 2021-75468,아파트,아파트,아파트,광주,서구,광주 서구 금호동 786 마재마을 주은 101동 3층 306호,"263,000,000","263,000,000",낙찰,"285,000,000",108.40%,2022-06-22,2022_2Q,3
광주 6계 2021-75475,아파트,아파트,아파트,광주,북구,"광주 북구 용봉동 850 ,857,1122-12 신동아 102동 19층 1901호","152,000,000","152,000,000",낙찰,"156,100,000",102.70%,2022-04-06,2022_2Q,3
광주 7계 2021-75635,차량,기타토지,기타토지,광주,광산구,광주 광산구 수완동 269-19 제3자 (주)수완컨테이너하우스에게 보관(070-4102-5929),"43,000,000","30,100,000",낙찰,"33,100,000",77.00%,2022-04-12,2022_2Q,3
광주 4계 2021-75840,차량,기타토지,기타토지,광주,광산구,광주 광산구 산정동 156-3 산정주차장(062-953-8424)내 보관,"31,000,000","21,700,000",낙찰,"27,590,000",89.00%,2022-06-07,2022_2Q,3
광주 8계 2021-75987,임야,임야,임야,광주,동구,광주 동구 운림동 산45-3,"11,026,080","7,718,000",낙찰,"9,009,000",81.70%,2022-04-14,2022_2Q,3
광주 2계 2021-76065,아파트,아파트,아파트,광주,서구,광주 서구 쌍촌동 970-6 포레스-힐 1 10층 1006호,"62,000,000","43,400,000",낙찰,"55,120,000",88.90%,2022-06-02,2022_2Q,3
광주 5계 2021-76256,대지,나대지,나대지,광주,광산구,광주 광산구 송정동 812-10,"142,190,000","99,533,000",낙찰,"130,920,000",92.10%,2022-06-22,2022_2Q,3
광주 8계 2021-76300,아파트,아파트,아파트,광주,북구,광주 북구 신용동 643-1 용두주공 118동 15층 1503호,"171,000,000","119,700,000",낙찰,"168,690,000",98.60%,2022-05-26,2022_2Q,3
광주 4계 2021-76331,전,전,전,광주,광산구,광주 광산구 양동 33-2,"77,268,040","54,088,000",낙찰,"54,088,000",70.00%,2022-04-26,2022_2Q,3
광주 8계 2021-76409,오피스텔(주거),오피스텔,오피스텔(업무용),광주,서구,광주 서구 치평동 1202-2 랜드피아 4층 423호,"65,000,000","45,500,000",낙찰,"56,656,000",87.20%,2022-04-14,2022_2Q,3
광주 1계 2021-76423(1),근린상가,근린상가,근린상가,광주,북구,광주 북구 운암동 1018 우진타워 5층 501호,"483,000,000","338,100,000",낙찰,"477,533,789",98.90%,2022-05-25,2022_2Q,3
광주 1계 2021-76423(2),근린상가,근린상가,근린상가,광주,북구,광주 북구 운암동 1018 우진타워 5층 502호,"255,000,000","255,000,000",낙찰,"261,578,000",102.60%,2022-04-13,2022_2Q,3
광주 8계 2021-76522,아파트,아파트,아파트,광주,광산구,광주 광산구 선암동 782 선운지구진아리채 102동 5층 504호,"367,000,000","256,900,000",낙찰,"363,156,000",99.00%,2022-05-26,2022_2Q,3
광주 4계 2021-76775,단독주택,단독,단독주택,광주,동구,광주 동구 산수동 24-12,"368,943,050","368,943,050",낙찰,"455,000,000",123.30%,2022-04-26,2022_2Q,3
광주 10계 2021-76898,차량,기타토지,기타토지,광주,광산구,광주 광산구 산정동 156 현대주차장내 보관,"25,000,000","17,500,000",낙찰,"21,599,000",86.40%,2022-05-27,2022_2Q,3
광주 1계 2021-77020,아파트,아파트,아파트,광주,광산구,광주 광산구 신창동 1110 신창3차부영사랑으로 306동 6층 604호,"245,000,000","171,500,000",낙찰,"213,550,000",87.20%,2022-05-25,2022_2Q,3
광주 10계 2021-77136,단독주택,단독,단독주택,광주,광산구,광주 광산구 송정동 991-5,"17,421,920","17,421,920",낙찰,"24,765,000",142.10%,2022-04-15,2022_2Q,3
광주 4계 2021-77587,아파트,아파트,아파트,광주,광산구,광주 광산구 신가동 1200 수완진아리채1차 103동 7층 704호,"580,000,000","406,000,000",낙찰,"567,770,000",97.90%,2022-04-26,2022_2Q,3
광주 6계 2021-77747,아파트,아파트,아파트,광주,서구,광주 서구 쌍촌동 96 광명하이츠타운 102동 24층 2404호,"182,000,000","127,400,000",낙찰,"172,900,000",95.00%,2022-05-18,2022_2Q,3
광주 3계 2021-77891,차량,기타토지,기타토지,광주,광산구,광주 광산구 우산동 218-5 서창다리주차장내 보관(010-8466-0864),"17,000,000","11,900,000",낙찰,"15,288,880",89.90%,2022-05-12,2022_2Q,3
광주 4계 2021-77914,차량,기타토지,기타토지,광주,북구,광주 북구 삼각동 754-3 글로벌주차장(010-6245-1001)내 보관,"5,000,000","3,500,000",낙찰,"3,501,000",70.00%,2022-06-07,2022_2Q,3
광주 10계 2021-77921,임야,임야,임야,광주,남구,광주 남구 주월동 산200-6,"12,755,160","8,929,000",낙찰,"9,830,000",77.10%,2022-05-27,2022_2Q,3
광주 9계 2021-78153,아파트,아파트,아파트,광주,서구,광주 서구 풍암동 929-2 광명메이루즈 102동 8층 801호,"720,000,000","504,000,000",낙찰,"682,500,000",94.80%,2022-06-15,2022_2Q,3
광주 9계 2021-78436,도로,기타토지,기타토지,광주,광산구,광주 광산구 장수동 613-1,"3,924,000","2,747,000",낙찰,"6,060,606",154.40%,2022-06-15,2022_2Q,3
광주 5계 2021-78467,차량,기타토지,기타토지,광주,광산구,광주 광산구 신창동 1021-19 대명씨앤피(062-952-2252)내 보관,"18,000,000","12,600,000",낙찰,"15,000,000",83.30%,2022-05-11,2022_2Q,3
광주 2계 2021-78665(1),단독주택,단독,단독주택,광주,북구,광주 북구 용강동 420,"16,745,880","16,745,880",낙찰,"16,745,880",100.00%,2022-06-02,2022_2Q,3
광주 2계 2021-78665(2),답,답,답,광주,북구,광주 북구 용강동 629-15,"9,452,280","9,452,280",낙찰,"9,452,280",100.00%,2022-06-02,2022_2Q,3
광주 4계 2021-78689,차량,기타토지,기타토지,광주,광산구,광주 광산구 산정동 156 현대주차장(062-953-8424)내 보관,"11,000,000","7,700,000",낙찰,"10,219,999",92.90%,2022-06-07,2022_2Q,3
광주 9계 2021-78955,근린주택,근린주택,근린주택,광주,광산구,광주 광산구 흑석동 하남3지구 54블럭10롯트,"1,337,423,540","936,196,000",낙찰,"1,123,406,150",84.00%,2022-06-15,2022_2Q,3
광주 4계 2021-78993,임야,임야,임야,광주,서구,광주 서구 세하동 산92-1,"73,864,180","51,705,000",낙찰,"81,100,000",109.80%,2022-06-07,2022_2Q,3
광주 8계 2022-10,차량,기타토지,기타토지,광주,광산구,광주 광산구 우산동 218-5 서창다리주차장(010-8466-0864)내 보관,"19,000,000","13,300,000",낙찰,"16,300,000",85.80%,2022-05-26,2022_2Q,3
광주 2계 2022-416,근린주택,근린주택,근린주택,광주,서구,광주 서구 쌍촌동 564-108,"180,666,200","180,666,200",낙찰,"201,000,000",111.30%,2022-06-02,2022_2Q,3
광주 3계 2022-1723,차량,기타토지,기타토지,광주,광산구,광주 광산구 산정동 156 현대주차장(062-953-8424)내 보관,"550,000","385,000",낙찰,"450,000",81.80%,2022-06-23,2022_2Q,3
광주 3계 2022-1730,차량,기타토지,기타토지,광주,광산구,광주 광산구 산정동 156 현대주차장(062-953-8424)내 보관,"700,000","490,000",낙찰,"560,000",80.00%,2022-06-23,2022_2Q,3
광주 3계 2022-1754,차량,기타토지,기타토지,광주,광산구,광주 광산구 산정동 156 현대주차장(062-953-8424)내 보관,"450,000","450,000",낙찰,"451,000",100.20%,2022-05-12,2022_2Q,3
광주 3계 2022-1761,차량,기타토지,기타토지,광주,광산구,광주 광산구 산정동 156 현대주차장(062-953-8424)내 보관,"450,000","315,000",낙찰,"326,000",72.40%,2022-06-23,2022_2Q,3
광주 3계 2022-1778,차량,기타토지,기타토지,광주,광산구,광주 광산구 산정동 156 현대주차장(062-953-8424)내 보관,"400,000","280,000",낙찰,"350,000",87.50%,2022-06-23,2022_2Q,3
광주 3계 2022-1785,차량,기타토지,기타토지,광주,광산구,광주 광산구 산정동 156 현대주차장(062-953-8424)내 보관,"650,000","650,000",낙찰,"651,000",100.20%,2022-05-12,2022_2Q,3
광주 3계 2022-1792,차량,기타토지,기타토지,광주,광산구,광주 광산구 산정동 156 현대주차장(062-953-8424)내 보관,"800,000","800,000",낙찰,"801,000",100.10%,2022-05-12,2022_2Q,3
광주 3계 2022-1808,차량,기타토지,기타토지,광주,광산구,광주 광산구 산정동 156 현대주차장(062-953-8424)내 보관,"800,000","800,000",낙찰,"2,612,000",326.50%,2022-05-12,2022_2Q,3
광주 3계 2022-1822,차량,기타토지,기타토지,광주,광산구,광주 광산구 산정동 156 현대주차장(062-953-8424)내 보관,"800,000","800,000",낙찰,"1,662,000",207.80%,2022-05-12,2022_2Q,3
광주 4계 2022-1839,차량,기타토지,기타토지,광주,광산구,광주 광산구 산정동 156 현대주차장(062-953-8424)내 보관,"700,000","700,000",낙찰,"919,000",131.30%,2022-04-26,2022_2Q,3
광주 4계 2022-1846,차량,기타토지,기타토지,광주,광산구,광주 광산구 산정동 156 현대주차장(062-953-8424)내 보관,"2,500,000","2,500,000",낙찰,"2,510,000",100.40%,2022-04-26,2022_2Q,3
광주 4계 2022-1853,차량,기타토지,기타토지,광주,광산구,광주 광산구 산정동 156 현대주차장(062-953-8424)내 보관,"750,000","750,000",낙찰,"1,019,000",135.90%,2022-04-26,2022_2Q,3
광주 4계 2022-1860,차량,기타토지,기타토지,광주,광산구,광주 광산구 산정동 156 현대주차장(062-953-8424)내 보관,"700,000","700,000",낙찰,"1,019,000",145.60%,2022-04-26,2022_2Q,3
광주 4계 2022-1877,차량,기타토지,기타토지,광주,광산구,광주 광산구 산정동 156 현대주차장(062-953-8424)내 보관,"900,000","900,000",낙찰,"1,551,000",172.30%,2022-04-26,2022_2Q,3
광주 4계 2022-1884,차량,기타토지,기타토지,광주,광산구,광주 광산구 산정동 156 현대주차장(062-953-8424)내 보관,"1,100,000","1,100,000",낙찰,"1,550,000",140.90%,2022-04-26,2022_2Q,3
광주 4계 2022-1891,차량,기타토지,기타토지,광주,광산구,광주 광산구 산정동 156 현대주차장(062-953-8424)내 보관,"600,000","600,000",낙찰,"1,019,000",169.80%,2022-04-26,2022_2Q,3
광주 4계 2022-1907,차량,기타토지,기타토지,광주,광산구,광주 광산구 산정동 156 현대주차장(062-953-8424)내 보관,"700,000","490,000",낙찰,"493,000",70.40%,2022-05-11,2022_2Q,3
광주 4계 2022-1914,차량,기타토지,기타토지,광주,광산구,광주 광산구 산정동 156 현대주차장(062-953-8424)내 보관,"1,050,000","1,050,000",낙찰,"1,179,000",112.30%,2022-04-26,2022_2Q,3
광주 4계 2022-1921,차량,기타토지,기타토지,광주,광산구,광주 광산구 산정동 156 현대주차장(062-953-8424)내 보관,"1,100,000","1,100,000",낙찰,"1,179,000",107.20%,2022-04-26,2022_2Q,3
광주 4계 2022-1938,차량,기타토지,기타토지,광주,광산구,광주 광산구 산정동 156 현대주차장(062-953-8424)내 보관,"2,500,000","2,500,000",낙찰,"3,010,000",120.40%,2022-04-26,2022_2Q,3
광주 4계 2022-1945,차량,기타토지,기타토지,광주,광산구,광주 광산구 산정동 156 현대주차장(062-953-8424)내 보관,"600,000","294,000",낙찰,"300,000",50.00%,2022-06-07,2022_2Q,3
광주 1계 2022-60937,차량,기타토지,기타토지,광주,광산구,광주 광산구 소촌동 755-8 공단대형주차장(010-3607-1873)내 보관,"12,000,000","12,000,000",낙찰,"13,100,000",109.20%,2022-05-25,2022_2Q,3
광주 9계 2022-64526,중기,기타토지,기타토지,광주,광산구,광주 광산구 산정동 156 제3자현대주차장(953-8424)보관,"55,000,000","55,000,000",낙찰,"65,200,000",118.50%,2022-06-15,2022_2Q,3
광주 9계 2019-62001,아파트,아파트,아파트,광주,동구,"광주 동구 소태동 690 ,850-12 엔케이아이리스1차 3층 305호","118,000,000","24,746,000",낙찰,"40,580,000",34.40%,2022-02-09,2022_1Q,3
광주 4계 2020-5103(1),아파트,아파트,아파트,광주,북구,광주 북구 두암동 329 반석힐라 101동 5층 509호,"56,000,000","6,577,000",낙찰,"11,600,000",20.70%,2022-02-03,2022_1Q,3
광주 4계 2020-5103(3),아파트,아파트,아파트,광주,북구,광주 북구 두암동 329 반석힐라 101동 9층 903호,"55,000,000","10,093,000",낙찰,"14,100,000",25.60%,2022-02-03,2022_1Q,3
광주 3계 2020-7277,아파트,아파트,아파트,광주,북구,광주 북구 운암동 965 현대 102동 1층 101호,"173,000,000","121,100,000",낙찰,"187,899,990",108.60%,2022-01-06,2022_1Q,3
광주 3계 2020-8171,답,답,답,광주,북구,광주 북구 망월동 1080,"17,421,560","4,995,000",낙찰,"8,500,000",48.80%,2022-01-06,2022_1Q,3
광주 10계 2020-14701,아파트,아파트,아파트,광주,남구,광주 남구 진월동 484 진월3차삼익세라믹 303동 6층 605호,"122,000,000","122,000,000",낙찰,"137,300,000",112.50%,2022-03-04,2022_1Q,3
광주 2계 2020-15056(2),아파트,아파트,아파트,광주,광산구,광주 광산구 장덕동 1116 수완자이 107동 4층 404호,"729,000,000","510,300,000",낙찰,"750,099,000",102.90%,2022-01-27,2022_1Q,3
광주 5계 2020-15094,오피스텔(주거),오피스텔,오피스텔(업무용),광주,광산구,"광주 광산구 하남동 832 ,산정동 1128 테라스56피크닉몰 A동 4층 404호","403,000,000","282,100,000",낙찰,"327,979,000",81.40%,2022-01-05,2022_1Q,3
광주 9계 2020-74550,아파트,아파트,아파트,광주,북구,"광주 북구 오치동 925-1 ,942-1 금호타운 101동 6층 603호","159,000,000","89,040,000",낙찰,"90,050,000",56.60%,2022-02-09,2022_1Q,3
광주 5계 2020-75218,아파트,아파트,아파트,광주,북구,광주 북구 양산동 804 마루힐센트럴파크 4층 403호,"128,000,000","23,488,000",낙찰,"26,200,000",20.50%,2022-02-16,2022_1Q,3
광주 9계 2021-2781(4),도로,기타토지,기타토지,광주,북구,광주 북구 운암동 885-47,"100,224,000","35,921,000",낙찰,"40,339,900",40.20%,2022-03-23,2022_1Q,3
광주 9계 2021-2781(6),도로,기타토지,기타토지,광주,북구,광주 북구 운암동 885-28,"83,712,000","30,002,000",낙찰,"35,111,100",41.90%,2022-03-23,2022_1Q,3
광주 10계 2021-3395,연립,연립주택,연립·빌라,광주,남구,"광주 남구 월산동 110-18 ,-6 광전파크 3층 302호","99,000,000","69,300,000",낙찰,"70,001,000",70.70%,2022-03-04,2022_1Q,3
광주 5계 2021-3531,단독주택,단독,단독주택,광주,광산구,광주 광산구 월전동 1164,"757,303,360","530,112,000",낙찰,"615,300,000",81.20%,2022-02-16,2022_1Q,3
광주 9계 2021-3982(2),전,전,전,광주,광산구,광주 광산구 신촌동 800-1,"6,719,300","3,010,000",낙찰,"4,397,990",65.50%,2022-02-09,2022_1Q,3
광주 10계 2021-3999,임야,임야,임야,광주,광산구,광주 광산구 신창동 산101-1,"56,034,000","56,034,000",낙찰,"70,220,000",125.30%,2022-01-21,2022_1Q,3
광주 6계 2021-4046,아파트,아파트,아파트,광주,북구,광주 북구 두암동 54 두암2차무등파크맨션 202동 10층 1009호,"102,000,000","65,280,000",낙찰,"86,111,000",84.40%,2022-01-12,2022_1Q,3
광주 2계 2021-4091,공장,공장(지식산업센터 업무시설),공장,광주,광산구,광주 광산구 월전동 947,"3,474,870,750","3,474,870,750",낙찰,"3,608,800,000",103.90%,2022-01-27,2022_1Q,3
광주 8계 2021-4169(1),아파트,아파트,아파트,광주,동구,광주 동구 계림동 1815 푸른길두산위브 209동 2층 202호,"196,000,000","137,200,000",낙찰,"151,100,000",77.10%,2022-01-20,2022_1Q,3
광주 8계 2021-4169(2),아파트,아파트,아파트,광주,동구,광주 동구 계림동 1815 푸른길두산위브 209동 3층 302호,"200,000,000","140,000,000",낙찰,"171,000,000",85.50%,2022-01-20,2022_1Q,3
광주 8계 2021-4169(3),아파트,아파트,아파트,광주,동구,광주 동구 계림동 1815 푸른길두산위브 209동 4층 402호,"202,000,000","141,400,000",낙찰,"143,721,100",71.10%,2022-01-20,2022_1Q,3
광주 8계 2021-4169(4),아파트,아파트,아파트,광주,동구,광주 동구 계림동 1815 푸른길두산위브 209동 5층 502호,"205,000,000","143,500,000",낙찰,"190,770,010",93.10%,2022-01-20,2022_1Q,3
광주 8계 2021-4169(5),아파트,아파트,아파트,광주,동구,광주 동구 계림동 1815 푸른길두산위브 209동 6층 602호,"207,000,000","115,920,000",낙찰,"171,399,999",82.80%,2022-03-03,2022_1Q,3
광주 2계 2021-4190,근린상가,근린상가,근린상가,광주,광산구,광주 광산구 우산동 1576-5 에드가리움 2층 203호,"144,000,000","100,800,000",낙찰,"126,666,666",88.00%,2022-01-27,2022_1Q,3
광주 3계 2021-4831,공장,공장(지식산업센터 업무시설),공장,광주,광산구,광주 광산구 연산동 1172 주1,"6,118,236,500","4,282,766,000",낙찰,"5,411,111,110",88.40%,2022-02-17,2022_1Q,3
광주 5계 2021-4855,주상복합(주거),기타토지,기타토지,광주,북구,광주 북구 운암동 68 벽산블루밍메가씨티 201동 20층 2002호,"283,000,000","198,100,000",낙찰,"262,500,000",92.80%,2022-03-30,2022_1Q,3
광주 4계 2021-5513(1),근린상가,근린상가,근린상가,광주,광산구,"광주 광산구 수완동 669-1 ,-2 수완동올핀스빌딩 A동 1층 102호","814,000,000","569,800,000",낙찰,"721,980,000",88.70%,2022-02-03,2022_1Q,3
광주 5계 2021-5520,아파트,아파트,아파트,광주,북구,광주 북구 운암동 229 미라보 302동 8층 809호,"182,000,000","182,000,000",낙찰,"185,000,000",101.60%,2022-01-05,2022_1Q,3
광주 6계 2021-5537,아파트,아파트,아파트,광주,서구,광주 서구 농성동 112-1 농성동유탑유블레스 4층 422호,"56,000,000","44,800,000",낙찰,"48,630,000",86.80%,2022-02-23,2022_1Q,3
광주 3계 2021-5582,아파트,아파트,아파트,광주,북구,"광주 북구 용봉동 973-1 ,매곡동 30-1,-13 삼성 1동 18층 1803호","127,000,000","127,000,000",낙찰,"140,600,000",110.70%,2022-01-06,2022_1Q,3
광주 5계 2021-5605,차량,기타토지,기타토지,광주,광산구,광주 광산구 산정동 156-3 송암주차장내 보관(010-5550-8424),"13,500,000","13,500,000",낙찰,"13,780,000",102.10%,2022-01-05,2022_1Q,3
광주 4계 2021-5612,아파트상가,아파트상가,기타토지,광주,광산구,광주 광산구 월곡동 538-1 하남일신 상가동 2층 206호,"181,000,000","126,700,000",낙찰,"145,120,000",80.20%,2022-02-03,2022_1Q,3
광주 2계 2021-5773,아파트,아파트,아파트,광주,동구,"광주 동구 용산동 270-4 ,273-6 다보애주상복합 1동 12층 1201호","211,000,000","147,700,000",낙찰,"175,000,000",82.90%,2022-03-10,2022_1Q,3
광주 3계 2021-5780,아파트,아파트,아파트,광주,광산구,광주 광산구 우산동 1572-6 101동 4층 406호,"127,000,000","88,900,000",낙찰,"106,940,000",84.20%,2022-01-06,2022_1Q,3
광주 5계 2021-5803,답,답,답,광주,북구,광주 북구 청풍동 1132,"107,270,000","107,270,000",낙찰,"159,990,000",149.10%,2022-02-16,2022_1Q,3
광주 9계 2021-5858,아파트,아파트,아파트,광주,광산구,광주 광산구 비아동 152-5 하남지구호반 101동 3층 307호,"71,200,000","49,840,000",낙찰,"62,689,000",88.00%,2022-02-09,2022_1Q,3
광주 1계 2021-5889,아파트,아파트,아파트,광주,북구,광주 북구 매곡동 31-1 AM-City 4층 402호,"81,000,000","56,700,000",낙찰,"62,310,000",76.90%,2022-01-19,2022_1Q,3
광주 2계 2021-5896,아파트,아파트,아파트,광주,북구,광주 북구 매곡동 31-1 에이엠씨티 6층 605호,"82,000,000","57,400,000",낙찰,"67,800,000",82.70%,2022-03-10,2022_1Q,3
광주 3계 2021-5902,아파트,아파트,아파트,광주,북구,광주 북구 매곡동 31-1 에이엠시티1차 6층 607호,"82,000,000","57,400,000",낙찰,"62,590,000",76.30%,2022-02-17,2022_1Q,3
광주 4계 2021-5919,아파트,아파트,아파트,광주,북구,광주 북구 매곡동 31-1 6층 608호,"90,000,000","50,400,000",낙찰,"65,000,000",72.20%,2022-03-15,2022_1Q,3
광주 7계 2021-5933,아파트,아파트,아파트,광주,북구,광주 북구 매곡동 31-1 AMCT1차 7층 706호,"82,000,000","57,400,000",낙찰,"62,130,000",75.80%,2022-01-18,2022_1Q,3
광주 9계 2021-5957,연립,연립주택,연립·빌라,광주,남구,광주 남구 월산동 1060 월산동이스토리 102동 2층 205호,"194,000,000","108,640,000",낙찰,"157,920,000",81.40%,2022-03-23,2022_1Q,3
광주 1계 2021-6059,아파트,아파트,아파트,광주,광산구,광주 광산구 우산동 1571-1 하남주공 206동 6층 603호,"78,000,000","54,600,000",낙찰,"75,100,000",96.30%,2022-01-19,2022_1Q,3
광주 9계 2021-6257,연립,연립주택,연립·빌라,광주,광산구,"광주 광산구 도산동 814-15 ,813-5 숲안애빌리지 4층 401호","233,000,000","130,480,000",낙찰,"187,779,990",80.60%,2022-03-23,2022_1Q,3
광주 5계 2021-6387(1),임야,임야,임야,광주,동구,광주 동구 지산동 산68-9,"5,816,800","5,816,800",낙찰,"6,389,000",109.80%,2022-02-16,2022_1Q,3
광주 4계 2021-6479,아파트,아파트,아파트,광주,북구,광주 북구 문흥동 920 대주2차 206동 8층 808호,"102,000,000","71,400,000",낙찰,"88,210,000",86.50%,2022-03-15,2022_1Q,3
광주 8계 2021-6509,전,전,전,광주,광산구,광주 광산구 도천동 164,"427,255,000","427,255,000",낙찰,"526,589,000",123.20%,2022-01-20,2022_1Q,3
광주 4계 2021-6561,아파트,아파트,아파트,광주,북구,광주 북구 매곡동 214-16 1동 6층 709호,"100,000,000","70,000,000",낙찰,"83,210,000",83.20%,2022-02-03,2022_1Q,3
광주 2계 2021-6578(1),차량,기타토지,기타토지,광주,광산구,광주 광산구 우산동 218-5 서창다리주차장내 보관,"25,000,000","17,500,000",낙찰,"24,110,000",96.40%,2022-03-10,2022_1Q,3
광주 2계 2021-6578(2),차량,기타토지,기타토지,광주,광산구,광주 광산구 우산동 218-5 서창다리주차장내보관,"18,000,000","18,000,000",낙찰,"18,579,000",103.20%,2022-01-27,2022_1Q,3
광주 7계 2021-6837,아파트,아파트,아파트,광주,광산구,광주 광산구 장덕동 1306 진흥수완더루벤스 105동 5층 502호,"403,000,000","403,000,000",낙찰,"418,880,010",103.90%,2022-01-18,2022_1Q,3
광주 6계 2021-7083,아파트,아파트,아파트,광주,남구,광주 남구 백운동 26-5 벽산 102동 12층 1202호,"317,000,000","253,600,000",낙찰,"305,000,000",96.20%,2022-02-23,2022_1Q,3
광주 3계 2021-7151,근린상가,근린상가,근린상가,광주,남구,광주 남구 봉선동 557,"976,403,350","976,403,350",낙찰,"1,418,000,000",145.20%,2022-02-17,2022_1Q,3
광주 1계 2021-7236(1),근린상가,근린상가,근린상가,광주,북구,광주 북구 본촌동 2911,"1,583,470,080","1,108,429,000",낙찰,"1,511,111,000",95.40%,2022-03-02,2022_1Q,3
광주 1계 2021-7236(2),근린상가,근린상가,근린상가,광주,북구,광주 북구 본촌동 2912,"1,325,354,320","927,748,000",낙찰,"1,353,999,999",102.20%,2022-03-02,2022_1Q,3
광주 4계 2021-7267,전,전,전,광주,북구,광주 북구 본촌동 484,"3,135,418,000","3,135,418,000",낙찰,"5,100,000,000",162.70%,2022-03-15,2022_1Q,3
광주 1계 2021-7342(1),차량,기타토지,기타토지,광주,광산구,"광주 광산구 신창동 1021-19 (주)대명씨앤피(062-952-2252, 010-4601-5479)주차장내 보관","4,000,000","4,000,000",낙찰,"4,050,000",101.30%,2022-01-19,2022_1Q,3
광주 1계 2021-7342(2),차량,기타토지,기타토지,광주,광산구,"광주 광산구 신창동 1021-19 (주)대명씨앤피(062-952-2252, 010-4601-5479)주차장내 보관","10,000,000","7,000,000",낙찰,"7,500,000",75.00%,2022-03-02,2022_1Q,3
광주 6계 2021-7397,오피스텔(주거),오피스텔,오피스텔(업무용),광주,광산구,광주 광산구 우산동 1608-1 AM-City 스카이하우스 2층 205호,"68,000,000","47,600,000",낙찰,"47,999,000",70.60%,2022-02-23,2022_1Q,3
광주 2계 2021-7465,차량,기타토지,기타토지,광주,서구,광주 서구 벽진동 537-1 하나로에프엔씨내 보관,"16,000,000","16,000,000",낙찰,"16,175,000",101.10%,2022-03-10,2022_1Q,3
광주 5계 2021-7489,임야,임야,임야,광주,동구,광주 동구 용연동 산253,"14,637,000","14,637,000",낙찰,"14,656,000",100.10%,2022-03-30,2022_1Q,3
광주 3계 2021-7649,아파트,아파트,아파트,광주,북구,광주 북구 두암동 54 두암2차무등파크맨션 202동 1층 104호,"121,000,000","121,000,000",낙찰,"121,190,000",100.20%,2022-02-17,2022_1Q,3
광주 2계 2021-7915,전,전,전,광주,북구,광주 북구 각화동 300,"175,520,000","175,520,000",낙찰,"198,622,000",113.20%,2022-03-10,2022_1Q,3
광주 9계 2021-8178,아파트,아파트,아파트,광주,서구,광주 서구 쌍촌동 1228-1 빛고을파크 201동 1층 107호,"116,000,000","116,000,000",낙찰,"116,000,000",100.00%,2022-03-23,2022_1Q,3
광주 3계 2021-60688,차량,기타토지,기타토지,광주,남구,광주 남구 송하동 348-1 송원주차장내 보관,"13,000,000","3,727,000",낙찰,"4,320,000",33.20%,2022-01-06,2022_1Q,3
광주 2계 2021-60978(1),아파트상가,아파트상가,기타토지,광주,남구,"광주 남구 봉선동 502 ,1157-21,-13,-20 라인 상가동 2층 201호","100,000,000","70,000,000",낙찰,"96,120,000",96.10%,2022-01-27,2022_1Q,3
광주 4계 2021-61186,점포,근린상가,점포상가,광주,서구,광주 서구 화정동 766-62,"327,814,600","229,470,000",낙찰,"243,000,000",74.10%,2022-03-15,2022_1Q,3
광주 6계 2021-62240,차량,기타토지,기타토지,광주,광산구,광주 광산구 산정동 156-3 송암주차장내 보관,"13,000,000","7,280,000",낙찰,"7,345,000",56.50%,2022-02-23,2022_1Q,3
광주 1계 2021-63052,아파트,아파트,아파트,광주,광산구,광주 광산구 소촌동 594-1 삼라 101동 3층 304호,"94,000,000","65,800,000",낙찰,"81,600,160",86.80%,2022-03-02,2022_1Q,3
광주 3계 2021-65119,차량,기타토지,기타토지,광주,광산구,"광주 광산구 산정동 156 현대주차장(062-953-8424,010-5550-8424)내 보관","8,000,000","3,584,000",낙찰,"4,150,000",51.90%,2022-03-31,2022_1Q,3
광주 2계 2021-66198,아파트,아파트,아파트,광주,서구,광주 서구 쌍촌동 96 광명하이츠타운 102동 11층 1101호,"171,000,000","119,700,000",낙찰,"166,330,000",97.30%,2022-01-27,2022_1Q,3
광주 10계 2021-66990,차량,기타토지,기타토지,광주,광산구,"광주 광산구 신창동 1021-19 (주)대명씨앤피주차장내 보관(062-952-2252, 010-4601-5479)","8,500,000","5,950,000",낙찰,"8,173,000",96.20%,2022-03-04,2022_1Q,3
광주 6계 2021-67214,단독주택,단독,단독주택,광주,동구,광주 동구 산수동 490-34,"29,293,500","20,505,000",낙찰,"23,435,000",80.00%,2022-02-23,2022_1Q,3
광주 5계 2021-67962,근린상가,근린상가,근린상가,광주,서구,광주 서구 쌍촌동 137-4 신천힐탑맨션 104동 1층 106호,"24,000,000","24,000,000",낙찰,"27,700,000",115.40%,2022-02-16,2022_1Q,3
광주 3계 2021-68156,아파트,아파트,아파트,광주,서구,광주 서구 화정동 927-2 모아타워 102동 5층 608호,"320,000,000","320,000,000",낙찰,"342,500,000",107.00%,2022-02-17,2022_1Q,3
광주 2계 2021-68347,차량,기타토지,기타토지,광주,광산구,"광주 광산구 신창동 1021-19 (주)대명씨엔피(062-952-2252,010-4601-5479)내보관","14,800,000","10,360,000",낙찰,"14,140,000",95.50%,2022-01-27,2022_1Q,3
광주 7계 2021-68880,차량,기타토지,기타토지,광주,광산구,"광주 광산구 산정동 156-3 송암주차장(제3자한상일062-953-8424,010-5550-8424)내 보관","9,500,000","5,320,000",낙찰,"7,100,000",74.70%,2022-01-18,2022_1Q,3
광주 2계 2021-69463,아파트,아파트,아파트,광주,남구,광주 남구 방림동 558 광명그린 12층 1302호,"128,000,000","89,600,000",낙찰,"125,000,000",97.70%,2022-01-27,2022_1Q,3
광주 5계 2021-69852,아파트,아파트,아파트,광주,광산구,"광주 광산구 신창동 462-2 ,475-1,461-2,-4,462-1,462,-10,-16 신창동모아미래도 102동 11층 1118호","62,000,000","43,400,000",낙찰,"50,899,900",82.10%,2022-01-05,2022_1Q,3
광주 2계 2021-70104,아파트,아파트,아파트,광주,광산구,광주 광산구 도산동 1077-1 우미 101동 2층 212호,"105,000,000","73,500,000",낙찰,"88,670,000",84.40%,2022-01-27,2022_1Q,3
광주 3계 2021-70111,임야,임야,임야,광주,북구,광주 북구 덕의동 산80-2,"69,059,100","48,341,000",낙찰,"55,300,000",80.10%,2022-02-17,2022_1Q,3
광주 3계 2021-70128,차량,기타토지,기타토지,광주,광산구,광주 광산구 산정동 156 현대주차장(010-5550-8424)내 보관,"11,000,000","7,700,000",낙찰,"7,720,000",70.20%,2022-01-06,2022_1Q,3
광주 9계 2021-70227(1),전,전,전,광주,광산구,광주 광산구 명화동 491-2,"26,833,500","15,026,000",낙찰,"16,110,000",60.00%,2022-02-09,2022_1Q,3
광주 5계 2021-70265,아파트,아파트,아파트,광주,북구,"광주 북구 양산동 205-6 ,본촌동 69-22,-23,-37 일신2차 203동 2층 202호","126,000,000","88,200,000",낙찰,"121,110,000",96.10%,2022-01-05,2022_1Q,3
광주 7계 2021-70395,차량,기타토지,기타토지,광주,광산구,"광주 광산구 산정동 156 현대주차장(제3자김인호062-953-8424,010-5550-8424)내 보관","7,000,000","3,920,000",낙찰,"4,700,000",67.10%,2022-01-18,2022_1Q,3
광주 8계 2021-70517,아파트,아파트,아파트,광주,광산구,"광주 광산구 비아동 152-5 ,113 하남지구호반 101동 5층 512호","73,000,000","51,100,000",낙찰,"63,100,000",86.40%,2022-03-03,2022_1Q,3
광주 2계 2021-70739,도로,기타토지,기타토지,광주,서구,광주 서구 농성동 648-34,"43,940,000","43,940,000",낙찰,"120,100,000",273.30%,2022-01-27,2022_1Q,3
광주 6계 2021-70807,아파트,아파트,아파트,광주,북구,광주 북구 동림동 645 삼익 111동 8층 803호,"106,000,000","67,840,000",낙찰,"85,855,000",81.00%,2022-02-23,2022_1Q,3
광주 9계 2021-71107(1),도로,기타토지,기타토지,광주,북구,광주 북구 임동 189-36,"3,897,600","2,728,000",낙찰,"3,997,990",102.60%,2022-02-09,2022_1Q,3
광주 8계 2021-71145,아파트,아파트,아파트,광주,북구,"광주 북구 오치동 857-10 ,-18,-27 오치동갤럭스하임 4층 401호","46,000,000","32,200,000",낙찰,"34,100,000",74.10%,2022-01-20,2022_1Q,3
광주 4계 2021-71299(1),아파트,아파트,아파트,광주,동구,광주 동구 계림동 1815 푸른길두산위브 209동 2층 203호,"203,000,000","142,100,000",낙찰,"162,495,000",80.00%,2022-03-15,2022_1Q,3
광주 4계 2021-71299(2),아파트,아파트,아파트,광주,동구,광주 동구 계림동 1815 푸른길두산위브 209동 11층 1103호,"211,000,000","147,700,000",낙찰,"163,380,000",77.40%,2022-03-15,2022_1Q,3
광주 3계 2021-71336,차량,기타토지,기타토지,광주,남구,광주 남구 송하동 348-1 송원주차장(010-3622-7261)내 보관,"12,000,000","8,400,000",낙찰,"8,400,000",70.00%,2022-01-06,2022_1Q,3
광주 5계 2021-71503,아파트,아파트,아파트,광주,광산구,광주 광산구 운남동 387-24 남양 103동 9층 908호,"167,000,000","116,900,000",낙찰,"171,900,000",102.90%,2022-02-16,2022_1Q,3
광주 3계 2021-71633(1),아파트,아파트,아파트,광주,북구,광주 북구 용봉동 1355-1 현대 302동 1층 107호,"221,000,000","154,700,000",낙찰,"230,300,100",104.20%,2022-03-31,2022_1Q,3
광주 3계 2021-71633(2),아파트,아파트,아파트,광주,광산구,광주 광산구 송정동 425-2 라인1차 101동 5층 505호,"113,000,000","113,000,000",낙찰,"115,090,000",101.80%,2022-02-17,2022_1Q,3
광주 4계 2021-71855(1),아파트,아파트,아파트,광주,서구,"광주 서구 내방동 385-1 ,465-4,쌍촌동 285,-1 해태 103동 6층 601호","298,000,000","298,000,000",낙찰,"311,100,500",104.40%,2022-02-03,2022_1Q,3
광주 4계 2021-71855(2),공장,공장(지식산업센터 업무시설),공장,광주,광산구,"광주 광산구 도천동 122-22 ,-44 가동","4,705,390,100","4,705,390,100",낙찰,"5,082,000,900",108.00%,2022-02-03,2022_1Q,3
광주 5계 2021-71886,아파트,아파트,아파트,광주,서구,"광주 서구 치평동 1330 ,마륵동 802 갤러리303 105동 2층 201호","869,000,000","608,300,000",낙찰,"857,777,777",98.70%,2022-02-16,2022_1Q,3
광주 8계 2021-72032,차량,기타토지,기타토지,광주,광산구,광주 광산구 산정동 156 현대주차장내 보관,"9,000,000","6,300,000",낙찰,"7,159,000",79.50%,2022-01-20,2022_1Q,3
광주 6계 2021-72155,근린주택,근린주택,근린주택,광주,북구,광주 북구 일곡동 822-12,"610,762,920","488,610,000",낙찰,"687,770,010",112.60%,2022-02-23,2022_1Q,3
광주 7계 2021-72162,단독주택,단독,단독주택,광주,북구,광주 북구 문흥동 737-5,"56,113,490","56,113,490",낙찰,"63,510,000",113.20%,2022-01-18,2022_1Q,3
광주 5계 2021-72247,근린주택,근린주택,근린주택,광주,광산구,광주 광산구 송정동 441-39,"174,766,980","174,766,980",낙찰,"180,010,000",103.00%,2022-02-16,2022_1Q,3
광주 7계 2021-72254,단독주택,단독,단독주택,광주,동구,광주 동구 학동 31-15,"35,253,300","35,253,300",낙찰,"41,200,000",116.90%,2022-01-18,2022_1Q,3
광주 5계 2021-72346,근린주택,근린주택,근린주택,광주,서구,광주 서구 양동 329-6,"50,004,000","50,004,000",낙찰,"85,858,000",171.70%,2022-02-16,2022_1Q,3
광주 7계 2021-72360,대지,나대지,나대지,광주,광산구,광주 광산구 산월동 199,"26,688,960","18,682,000",낙찰,"27,800,000",104.20%,2022-01-18,2022_1Q,3
광주 7계 2021-72476,차량,기타토지,기타토지,광주,북구,광주 북구 삼각동 754-3 글로벌주차장(제3자심하은)내 보관,"50,000,000","28,000,000",낙찰,"32,140,000",64.30%,2022-02-28,2022_1Q,3
광주 7계 2021-72728,오피스텔,오피스텔,오피스텔(업무용),광주,광산구,"광주 광산구 하남동 832 ,산정동 1128 테라스56피크닉몰 4층 A동-402호","409,000,000","286,300,000",낙찰,"298,880,000",73.10%,2022-02-28,2022_1Q,3
광주 1계 2021-72803,아파트,아파트,아파트,광주,동구,광주 동구 계림동 1815 푸른길두산위브 205동 15층 1503호,"580,000,000","406,000,000",낙찰,"567,777,000",97.90%,2022-03-02,2022_1Q,3
광주 4계 2021-72896,목욕시설,기타토지,기타토지,광주,남구,광주 남구 봉선동 178-11,"1,473,829,340","1,473,829,340",낙찰,"1,719,000,000",116.60%,2022-03-15,2022_1Q,3
광주 8계 2021-73134,단독주택,단독,단독주택,광주,광산구,광주 광산구 선암동 589,"1,046,010,000","1,046,010,000",낙찰,"1,081,000,000",103.30%,2022-01-20,2022_1Q,3
광주 10계 2021-73165,차량,기타토지,기타토지,광주,광산구,광주 광산구 우산동 218-5 서창사다리주차장내 보관,"5,000,000","3,500,000",낙찰,"4,130,000",82.60%,2022-03-04,2022_1Q,3
광주 5계 2021-73356,아파트,아파트,아파트,광주,북구,광주 북구 두암동 968-1 율곡타운 108동 8층 804호,"74,000,000","74,000,000",낙찰,"77,481,000",104.70%,2022-02-16,2022_1Q,3
광주 3계 2021-73530,중기,기타토지,기타토지,광주,광산구,"광주 광산구 산정동 156 현대주차장내 보관(062-953-8424,010-5550-8424)","68,000,000","68,000,000",낙찰,"68,780,000",101.10%,2022-02-17,2022_1Q,3
광주 2계 2021-73691,아파트,아파트,아파트,광주,북구,광주 북구 일곡동 818-4 일곡금호타운 101동 7층 701호,"270,000,000","270,000,000",낙찰,"297,316,000",110.10%,2022-03-10,2022_1Q,3
광주 8계 2021-73738,차량,기타토지,기타토지,광주,남구,광주 남구 송하동 348-1 송원주차장내 보관,"5,500,000","3,850,000",낙찰,"4,339,000",78.90%,2022-01-20,2022_1Q,3
광주 6계 2021-73752(1),대지,나대지,나대지,광주,남구,광주 남구 월산동 323-108,"14,314,000","14,314,000",낙찰,"14,444,000",100.90%,2022-01-12,2022_1Q,3
광주 6계 2021-73752(2),대지,나대지,나대지,광주,남구,광주 남구 월산동 323-140,"4,210,000","4,210,000",낙찰,"4,461,000",106.00%,2022-01-12,2022_1Q,3
광주 9계 2021-73776,차량,기타토지,기타토지,광주,광산구,광주 광산구 산정동 156 현대주차장내 보관(제3자 현대주차장 062-953-8424),"10,000,000","10,000,000",낙찰,"10,129,000",101.30%,2022-02-09,2022_1Q,3
광주 3계 2021-73875,아파트,아파트,아파트,광주,남구,"광주 남구 송하동 45 ,-1,-2,-5,541-45 삼익 107동 1층 102호","157,000,000","125,600,000",낙찰,"161,000,000",102.50%,2022-02-17,2022_1Q,3
광주 9계 2021-73981,차량,기타토지,기타토지,광주,북구,광주 북구 삼각동 754-3 글로벌주차장내 보관(제3자 글로벌주차장 010-6245-1001),"12,400,000","12,400,000",낙찰,"12,850,000",103.60%,2022-02-09,2022_1Q,3
광주 10계 2021-74021,차량,기타토지,기타토지,광주,북구,광주 북구 삼각동 754-3 글로벌주차장내 보관,"24,000,000","24,000,000",낙찰,"24,888,000",103.70%,2022-03-04,2022_1Q,3
광주 3계 2021-74038,아파트,아파트,아파트,광주,서구,광주 서구 양동 460 양동휴먼시아 105동 7층 703호,"11,900,000","11,900,000",낙찰,"12,900,900",108.40%,2022-01-06,2022_1Q,3
광주 7계 2021-74090,아파트,아파트,아파트,광주,광산구,"광주 광산구 도산동 790 ,796,802,807-2,1236-21 도산동1차대주파크빌 105동 4층 406호","213,000,000","149,100,000",낙찰,"182,200,000",85.50%,2022-02-28,2022_1Q,3
광주 3계 2021-74144,아파트,아파트,아파트,광주,북구,"광주 북구 양산동 205-6 ,본촌동 69-22,-23,-37 일신 201동 14층 1407호","147,000,000","147,000,000",낙찰,"152,600,000",103.80%,2022-03-31,2022_1Q,3
광주 6계 2021-74175,도로,기타토지,기타토지,광주,서구,광주 서구 광천동 99-20,"45,070,000","31,549,000",낙찰,"36,113,000",80.10%,2022-02-23,2022_1Q,3
광주 9계 2021-74281,아파트,아파트,아파트,광주,북구,광주 북구 각화동 118-2 글로벌 103동 14층 1402호,"154,000,000","107,800,000",낙찰,"160,000,000",103.90%,2022-03-23,2022_1Q,3
광주 4계 2021-74380,아파트,아파트,아파트,광주,남구,"광주 남구 주월동 456 ,-1,-6,463-13 현대 22동 15층 1505호","152,000,000","152,000,000",낙찰,"160,878,000",105.80%,2022-02-03,2022_1Q,3
광주 6계 2021-74618,잡종지,잡종지,잡종지,광주,서구,광주 서구 풍암동 1021,"2,567,373,000","2,567,373,000",낙찰,"3,271,590,000",127.40%,2022-02-23,2022_1Q,3
광주 3계 2021-74915,차량,기타토지,기타토지,광주,광산구,광주 광산구 월전동 92-1 평동주차장내 보관(010-4628-2670),"5,300,000","3,710,000",낙찰,"5,001,000",94.40%,2022-03-31,2022_1Q,3
광주 4계 2021-74922,차량,기타토지,기타토지,광주,광산구,광주 광산구 신창동 1021-19 (주)대명씨앤피(062-952-2252)내 보관,"19,000,000","19,000,000",낙찰,"19,480,000",102.50%,2022-03-15,2022_1Q,3
광주 8계 2021-75000(5),답,답,답,광주,광산구,광주 광산구 신동 584-9,"45,360,000","45,360,000",낙찰,"45,690,000",100.70%,2022-03-03,2022_1Q,3
광주 1계 2021-75055,차량,기타토지,기타토지,광주,광산구,광주 광산구 우산동 218-5 서창다리주차장(010-8466-0864)내 보관,"9,000,000","9,000,000",낙찰,"10,100,000",112.20%,2022-01-19,2022_1Q,3
광주 5계 2021-75314,차량,기타토지,기타토지,광주,남구,광주 남구 송하동 348-1 송원주차장내 보관(010-3622-7261),"42,000,000","29,400,000",낙찰,"35,933,000",85.60%,2022-02-16,2022_1Q,3
광주 9계 2021-75383,단독주택,단독,단독주택,광주,북구,광주 북구 장등동 87,"82,555,560","82,555,560",낙찰,"86,160,000",104.40%,2022-02-09,2022_1Q,3
광주 10계 2021-75741,차량,기타토지,기타토지,광주,광산구,광주 광산구 월전동 92-1 평동주차장내 보관,"17,500,000","12,250,000",낙찰,"15,400,000",88.00%,2022-03-04,2022_1Q,3
광주 3계 2021-76072,아파트,아파트,아파트,광주,광산구,"광주 광산구 월계동 755-2 ,-3 대우 107동 7층 703호","368,000,000","368,000,000",낙찰,"371,772,800",101.00%,2022-03-31,2022_1Q,3
광주 5계 2021-76249,차량,기타토지,기타토지,광주,광산구,광주 광산구 수완동 269-19 (주)수완컨테이너하우스(070-4102-5929)내보관,"14,000,000","9,800,000",낙찰,"11,520,000",82.30%,2022-03-30,2022_1Q,3
광주 8계 2021-76348,차량,기타토지,기타토지,광주,광산구,광주 광산구 산정동 156 송암주차장(062-953-8424)내 보관,"21,000,000","14,700,000",낙찰,"18,467,000",87.90%,2022-03-03,2022_1Q,3
광주 4계 2021-76478,아파트,아파트,아파트,광주,광산구,광주 광산구 장덕동 1046 골드클래스 102동 14층 1401호,"342,000,000","342,000,000",낙찰,"358,980,000",105.00%,2022-03-15,2022_1Q,3
광주 5계 2021-77006,차량,기타토지,기타토지,광주,북구,광주 북구 삼각동 754-3 글로벌주차장(010-6245-1001)내보관,"48,000,000","33,600,000",낙찰,"45,110,000",94.00%,2022-03-30,2022_1Q,3
광주 9계 2021-77709,차량,기타토지,기타토지,광주,남구,광주 남구 송하동 348-1 송원주차장내 보관(제3자 송원주차장 062-676-7261),"9,000,000","6,300,000",낙찰,"8,570,000",95.20%,2022-03-23,2022_1Q,3
광주 5계 2021-78658,차량,기타토지,기타토지,광주,광산구,광주 광산구 신창동 1021-19 대명씨앤피(010-4601-5479)내 보관,"25,000,000","25,000,000",낙찰,"25,010,000",100.00%,2022-03-30,2022_1Q,3
광주 4계 2022-60203,차량,기타토지,기타토지,광주,광산구,광주 광산구 산정동 156 현대주차장(062-953-8424)내 보관,"19,500,000","13,650,000",낙찰,"18,565,000",95.20%,2022-03-15,2022_1Q,3
광주 6계 2019-68412,아파트,아파트,아파트,광주,동구,광주 동구 산수동 12 동산로얄 11동 7층 710호,"140,000,000","140,000,000",낙찰,"145,777,000",104.10%,2021-10-20,2021_4Q,3
광주 4계 2020-5103(2),아파트,아파트,아파트,광주,북구,광주 북구 두암동 329 반석힐라 101동 9층 905호,"55,000,000","8,074,000",낙찰,"10,010,000",18.20%,2021-12-21,2021_4Q,3
광주 10계 2020-11108,답,답,답,광주,광산구,광주 광산구 소촌동 495-1,"999,431,000","999,431,000",낙찰,"1,100,850,000",110.10%,2021-10-29,2021_4Q,3
광주 10계 2020-14800,아파트,아파트,아파트,광주,서구,광주 서구 풍암동 1132 우미광장 107동 12층 1208호,"182,000,000","182,000,000",낙찰,"183,333,000",100.70%,2021-12-10,2021_4Q,3
광주 7계 2020-71599,아파트,아파트,아파트,광주,남구,광주 남구 진월동 267 진월1차한신 101동 14층 1409호,"147,000,000","102,900,000",낙찰,"158,110,000",107.60%,2021-12-07,2021_4Q,3
광주 10계 2020-75232,아파트,아파트,아파트,광주,북구,"광주 북구 운암동 1038-1 ,1038-25,1038-26 일신 103동 1층 110호","49,500,000","49,500,000",낙찰,"60,000,000",121.20%,2021-12-10,2021_4Q,3
광주 8계 2020-76679(2),답,답,답,광주,북구,광주 북구 태령동 131-1,"9,247,000","9,247,000",낙찰,"11,300,000",122.20%,2021-10-28,2021_4Q,3
광주 3계 2020-77436,차량,기타토지,기타토지,광주,광산구,광주 광산구 월전동 92-1 평동주차장내(010-4628-2670) 보관,"7,500,000","3,360,000",낙찰,"4,350,000",58.00%,2021-10-14,2021_4Q,3
광주 6계 2021-174(1),답,답,답,광주,남구,광주 남구 봉선동 78,"348,000,000","124,723,000",낙찰,"125,779,000",36.10%,2021-12-01,2021_4Q,3
광주 6계 2021-174(2),답,답,답,광주,남구,광주 남구 봉선동 575-2,"955,140,000","427,902,000",낙찰,"450,100,000",47.10%,2021-10-20,2021_4Q,3
광주 6계 2021-174(6),임야,임야,임야,광주,북구,광주 북구 신용동 산50-3,"1,730,461,000","775,246,000",낙찰,"813,349,900",47.00%,2021-10-20,2021_4Q,3
광주 4계 2021-907(1),답,답,답,광주,광산구,광주 광산구 대산동 102,"13,155,948","5,894,000",낙찰,"6,500,000",49.40%,2021-11-09,2021_4Q,3
광주 4계 2021-907(2),전,전,전,광주,광산구,광주 광산구 대산동 146,"25,026,000","11,211,000",낙찰,"13,863,000",55.40%,2021-11-09,2021_4Q,3
광주 9계 2021-1375,아파트,아파트,아파트,광주,북구,광주 북구 오치동 856-25 오치동도나우 9층 902호,"122,000,000","85,400,000",낙찰,"85,589,000",70.20%,2021-10-06,2021_4Q,3
광주 10계 2021-1382(1),아파트,아파트,아파트,광주,북구,광주 북구 오치동 856-25 오치동도나우 4층 402호,"103,000,000","57,680,000",낙찰,"82,222,200",79.80%,2021-10-29,2021_4Q,3
광주 6계 2021-1641,아파트상가,아파트상가,기타토지,광주,북구,광주 북구 문흥동 787-6 우성 111동 지하층 4호,"31,000,000","17,360,000",낙찰,"22,111,000",71.30%,2021-12-01,2021_4Q,3
광주 2계 2021-1818,아파트,아파트,아파트,광주,북구,광주 북구 용봉동 1463 용봉동금호어울림 102동 11층 1101호,"474,000,000","331,800,000",낙찰,"508,880,010",107.40%,2021-11-04,2021_4Q,3
광주 6계 2021-1917,오피스텔(주거),오피스텔,오피스텔(업무용),광주,북구,광주 북구 오치동 662-7 오치청연위드힐타운 101동 4층 402호,"239,000,000","133,840,000",낙찰,"133,877,000",56.00%,2021-10-20,2021_4Q,3
광주 7계 2021-2002,아파트,아파트,아파트,광주,서구,광주 서구 치평동 1159 상무1차우미 103동 13층 1306호,"168,000,000","117,600,000",낙찰,"221,300,000",131.70%,2021-12-07,2021_4Q,3
광주 9계 2021-2224,공장,공장(지식산업센터 업무시설),공장,광주,광산구,광주 광산구 우산동 1074-7,"768,381,360","537,867,000",낙찰,"782,222,222",101.80%,2021-11-17,2021_4Q,3
광주 2계 2021-2439,단독주택,단독,단독주택,광주,서구,광주 서구 광천동 599-10,"365,842,240","365,842,240",낙찰,"467,759,000",127.90%,2021-12-16,2021_4Q,3
광주 5계 2021-2644,아파트,아파트,아파트,광주,광산구,광주 광산구 송정동 425-2 라인1차 102동 11층 1107호,"118,000,000","82,600,000",낙찰,"115,640,000",98.00%,2021-10-13,2021_4Q,3
광주 2계 2021-2712,아파트,아파트,아파트,광주,북구,"광주 북구 용봉동 1060-2 ,-3,1061-3,1062-1,1076,-1,1077-1 우영 5층 513호","93,000,000","65,100,000",낙찰,"71,200,000",76.60%,2021-11-04,2021_4Q,3
광주 3계 2021-2729,아파트,아파트,아파트,광주,광산구,광주 광산구 신가동 1034 신창6차부영사랑으로 1204동 13층 1301호,"270,000,000","189,000,000",낙찰,"301,529,000",111.70%,2021-10-14,2021_4Q,3
광주 9계 2021-2781(3),하천,기타토지,기타토지,광주,북구,광주 북구 중흥동 351-5,"41,740,320","18,699,000",낙찰,"21,337,000",51.10%,2021-12-29,2021_4Q,3
광주 9계 2021-2781(8),도로,기타토지,기타토지,광주,북구,광주 북구 운암동 925-12,"11,136,000","4,989,000",낙찰,"5,589,000",50.20%,2021-12-29,2021_4Q,3
광주 9계 2021-2798(1),도로,기타토지,기타토지,광주,북구,광주 북구 운암동 920-1,"11,760,000","11,760,000",낙찰,"30,000,000",255.10%,2021-11-17,2021_4Q,3
광주 9계 2021-2798(2),임야,임야,임야,광주,북구,광주 북구 운암동 885-17,"170,499,000","119,349,000",낙찰,"125,000,000",73.30%,2021-12-29,2021_4Q,3
광주 2계 2021-2965,아파트,아파트,아파트,광주,북구,광주 북구 오치동 984-6 고운2차 2층 203호,"76,000,000","53,200,000",낙찰,"63,899,000",84.10%,2021-12-16,2021_4Q,3
광주 3계 2021-3005,다세대,다세대주택,다세대,광주,서구,광주 서구 쌍촌동 525-1 3층 303호,"27,000,000","18,900,000",낙찰,"21,740,000",80.50%,2021-11-25,2021_4Q,3
광주 9계 2021-3159(1),답,답,답,광주,북구,광주 북구 매곡동 198-1,"4,108,000","2,301,000",낙찰,"3,015,000",73.40%,2021-11-17,2021_4Q,3
광주 9계 2021-3159(2),전,전,전,광주,북구,광주 북구 매곡동 251,"123,600,000","86,520,000",낙찰,"87,730,000",71.00%,2021-10-06,2021_4Q,3
광주 6계 2021-3357,차량,기타토지,기타토지,광주,광산구,"광주 광산구 수완동 269-19 ((주)수완컨테이너하우스,070-4102-5929)내보관","19,000,000","19,000,000",낙찰,"19,010,000",100.10%,2021-10-20,2021_4Q,3
광주 2계 2021-3401,답,답,답,광주,광산구,광주 광산구 북산동 1062-3,"83,680,000","83,680,000",낙찰,"97,156,000",116.10%,2021-11-04,2021_4Q,3
광주 7계 2021-3456,아파트,아파트,아파트,광주,북구,광주 북구 운암동 133-9 동일 1동 6층 607호,"139,000,000","97,300,000",낙찰,"121,764,000",87.60%,2021-10-26,2021_4Q,3
광주 8계 2021-3463,단독주택,단독,단독주택,광주,남구,광주 남구 서동 65-30,"284,482,050","199,137,000",낙찰,"199,137,000",70.00%,2021-10-28,2021_4Q,3
광주 10계 2021-3494,단독주택,단독,단독주택,광주,동구,광주 동구 수기동 80,"1,486,540,050","1,486,540,050",낙찰,"2,068,899,000",139.20%,2021-10-29,2021_4Q,3
광주 8계 2021-3562,아파트,아파트,아파트,광주,북구,광주 북구 운암동 1768 운암대라수 3층 305호,"151,000,000","105,700,000",낙찰,"105,701,000",70.00%,2021-10-28,2021_4Q,3
광주 9계 2021-3579,아파트,아파트,아파트,광주,북구,광주 북구 운암동 1768 운암대라수 4층 402호,"141,000,000","78,960,000",낙찰,"111,180,000",78.90%,2021-11-17,2021_4Q,3
광주 9계 2021-3692,중기,기타토지,기타토지,광주,광산구,광주 광산구 수완동 269-19 (주)수완컨테이너하우스내 보관(제3자 정환중 보관:070-4102-5929)),"56,000,000","25,088,000",낙찰,"30,160,000",53.90%,2021-12-29,2021_4Q,3
광주 2계 2021-3715,단독주택,단독,단독주택,광주,동구,광주 동구 동명동 139-19,"62,467,840","62,467,840",낙찰,"72,780,000",116.50%,2021-12-16,2021_4Q,3
광주 4계 2021-3944,아파트,아파트,아파트,광주,북구,"광주 북구 연제동 2-7 ,-8,양산동 283-66,-67,-68 광명 201동 1층 107호","96,000,000","67,200,000",낙찰,"89,998,000",93.70%,2021-11-09,2021_4Q,3
광주 9계 2021-3982(1),도로,기타토지,기타토지,광주,남구,광주 남구 월산동 164-18,"22,454,000","15,718,000",낙찰,"37,500,000",167.00%,2021-11-17,2021_4Q,3
광주 3계 2021-4107,대지,나대지,나대지,광주,동구,광주 동구 학동 103-9,"28,512,000","19,958,000",낙찰,"27,999,000",98.20%,2021-11-25,2021_4Q,3
광주 4계 2021-4114,아파트,아파트,아파트,광주,북구,광주 북구 매곡동 214-1 대화 1동 1층 110호,"85,000,000","59,500,000",낙찰,"80,656,000",94.90%,2021-11-09,2021_4Q,3
광주 6계 2021-4145,아파트,아파트,아파트,광주,북구,광주 북구 일곡동 848-1 현대 202동 16층 1606호,"152,000,000","152,000,000",낙찰,"173,860,000",114.40%,2021-10-20,2021_4Q,3
광주 3계 2021-4466,아파트,아파트,아파트,광주,광산구,광주 광산구 하남동 544 하남2지구다사로움3단지 301동 12층 1205호,"164,000,000","114,800,000",낙찰,"157,150,000",95.80%,2021-11-25,2021_4Q,3
광주 9계 2021-4503,아파트,아파트,아파트,광주,북구,광주 북구 문흥동 1010-8 중흥3차 301동 10층 1010호,"131,000,000","91,700,000",낙찰,"129,999,900",99.20%,2021-11-17,2021_4Q,3
광주 3계 2021-4558,아파트,아파트,아파트,광주,서구,광주 서구 쌍촌동 1228-1 빛고을파크 101동 9층 905호,"63,000,000","63,000,000",낙찰,"65,400,000",103.80%,2021-10-14,2021_4Q,3
광주 5계 2021-4640,아파트,아파트,아파트,광주,광산구,광주 광산구 월곡동 613-1 하남금호타운 1동 10층 1007호,"170,000,000","170,000,000",낙찰,"190,650,000",112.10%,2021-11-24,2021_4Q,3
광주 4계 2021-4732,단독주택,단독,단독주택,광주,남구,광주 남구 월산동 926-20,"357,455,900","200,175,000",낙찰,"257,790,000",72.10%,2021-12-21,2021_4Q,3
광주 8계 2021-4886,단독주택,단독,단독주택,광주,남구,광주 남구 이장동 280-1,"55,663,600","38,965,000",낙찰,"40,060,000",72.00%,2021-12-09,2021_4Q,3
광주 9계 2021-4992,점포,근린상가,점포상가,광주,북구,광주 북구 두암동 826-47,"426,205,080","298,344,000",낙찰,"341,000,000",80.00%,2021-12-29,2021_4Q,3
광주 3계 2021-5018,아파트,아파트,아파트,광주,북구,광주 북구 본촌동 3078 양산지구현진에버빌 101동 18층 1801호,"552,000,000","552,000,000",낙찰,"562,552,000",101.90%,2021-11-25,2021_4Q,3
광주 9계 2021-5162(1),다세대,다세대주택,다세대,광주,서구,"광주 서구 화정동 179-24 ,179-32,179-44,179-63,179-71 해피투모루 5층 512호","55,000,000","38,500,000",낙찰,"46,006,600",83.60%,2021-12-29,2021_4Q,3
광주 9계 2021-5162(2),다세대,다세대주택,다세대,광주,서구,"광주 서구 화정동 179-24 ,179-32,179-44,179-63,179-71 해피투모루 6층 611호","55,000,000","38,500,000",낙찰,"46,006,600",83.60%,2021-12-29,2021_4Q,3
광주 9계 2021-5162(3),다세대,다세대주택,다세대,광주,서구,"광주 서구 화정동 179-24 ,179-32,179-44,179-63,179-71 해피투모루 6층 612호","55,000,000","38,500,000",낙찰,"46,006,600",83.60%,2021-12-29,2021_4Q,3
광주 7계 2021-5247,아파트,아파트,아파트,광주,서구,"광주 서구 금호동 240-2 ,-12,240,242-1,240-13,-22,-24 종원팰리스빌 114동 10층 1003호","287,000,000","287,000,000",낙찰,"310,700,000",108.30%,2021-12-07,2021_4Q,3
광주 4계 2021-5339,다세대,다세대주택,다세대,광주,동구,"광주 동구 산수동 426-17 ,-18 채림빌라 A동 2층 203호","40,000,000","40,000,000",낙찰,"40,120,000",100.30%,2021-12-21,2021_4Q,3
광주 3계 2021-5353,차량,기타토지,기타토지,광주,광산구,광주 광산구 월전동 92-1 평동주차장내 보관(010-4628-2670),"1,200,000","840,000",낙찰,"1,090,000",90.80%,2021-11-25,2021_4Q,3
광주 6계 2021-5865,차량,기타토지,기타토지,광주,광산구,광주 광산구 산정동 156 현대주차장내 보관(062-953-8424),"19,000,000","19,000,000",낙찰,"21,000,000",110.50%,2021-12-01,2021_4Q,3
광주 1계 2021-6271,답,답,답,광주,북구,광주 북구 장등동 749,"184,230,000","184,230,000",낙찰,"195,000,000",105.80%,2021-12-08,2021_4Q,3
광주 4계 2021-6318,아파트,아파트,아파트,광주,서구,광주 서구 금호동 739-1 금호동라인 105동 13층 1304호,"403,000,000","403,000,000",낙찰,"416,050,000",103.20%,2021-12-21,2021_4Q,3
광주 2계 2021-60626(1),주상복합(상가),기타토지,기타토지,광주,북구,광주 북구 신안동 491-1 신안동중도다이아빌 지하층 101호,"45,000,000","20,160,000",낙찰,"25,213,000",56.00%,2021-11-04,2021_4Q,3
광주 2계 2021-60671,중기,기타토지,기타토지,광주,남구,광주 남구 송하동 348-1 송원주차장내 보관,"75,000,000","33,600,000",낙찰,"40,600,000",54.10%,2021-11-04,2021_4Q,3
광주 8계 2021-60862,오피스텔(주거),오피스텔,오피스텔(업무용),광주,북구,광주 북구 신안동 478-5 굿마인드 5층 512호,"30,000,000","13,440,000",낙찰,"23,000,000",76.70%,2021-12-09,2021_4Q,3
광주 3계 2021-60909,아파트,아파트,아파트,광주,북구,광주 북구 양산동 18-3 호반리젠시빌 205동 3층 304호,"84,000,000","58,800,000",낙찰,"68,150,000",81.10%,2021-11-25,2021_4Q,3
광주 2계 2021-60978(2),아파트상가,아파트상가,기타토지,광주,남구,"광주 남구 봉선동 502 ,1157-21,-13,-20 라인 상가동 2층 203호","80,000,000","80,000,000",낙찰,"81,100,000",101.40%,2021-12-16,2021_4Q,3
광주 2계 2021-60978(3),아파트상가,아파트상가,기타토지,광주,남구,"광주 남구 봉선동 502 ,1157-21,-13,-20 라인 상가동 2층 205호","58,000,000","58,000,000",낙찰,"59,100,000",101.90%,2021-12-16,2021_4Q,3
광주 2계 2021-60978(4),아파트상가,아파트상가,기타토지,광주,남구,"광주 남구 봉선동 502 ,1157-21,-13,-20 라인 상가동 2층 206호","147,000,000","147,000,000",낙찰,"148,100,000",100.70%,2021-12-16,2021_4Q,3
광주 3계 2021-61070,아파트,아파트,아파트,광주,남구,"광주 남구 백운동 458 ,419-4 대흥백운스카이2차 101동 15층 1507호","122,000,000","85,400,000",낙찰,"97,529,000",79.90%,2021-10-14,2021_4Q,3
광주 4계 2021-61087,전,전,전,광주,동구,광주 동구 소태동 21,"80,460,000","56,322,000",낙찰,"81,651,000",101.50%,2021-11-09,2021_4Q,3
광주 3계 2021-62110,중기,기타토지,기타토지,광주,광산구,광주 광산구 월전동 92-1 평동주차장(010-4628-2670)내 보관,"120,000,000","84,000,000",낙찰,"97,800,000",81.50%,2021-10-14,2021_4Q,3
광주 5계 2021-62233,중기,기타토지,기타토지,광주,남구,광주 남구 송하동 348-1 송원주차장(010-6540-7261)내 보관,"60,000,000","42,000,000",낙찰,"45,290,000",75.50%,2021-10-13,2021_4Q,3
광주 7계 2021-62288,단독주택,단독,단독주택,광주,북구,광주 북구 중흥동 338-12,"132,410,050","59,320,000",낙찰,"71,000,000",53.60%,2021-12-07,2021_4Q,3
광주 3계 2021-63090,아파트상가,아파트상가,기타토지,광주,북구,광주 북구 용봉동 405 유창하이리빙맨션 상가동 2층 201호,"49,000,000","27,440,000",낙찰,"40,670,000",83.00%,2021-10-14,2021_4Q,3
광주 8계 2021-63120,차량,기타토지,기타토지,광주,광산구,광주 광산구 산정동 156-3 송암주차장내 보관,"9,500,000","9,500,000",낙찰,"9,500,000",100.00%,2021-10-28,2021_4Q,3
광주 9계 2021-64819,아파트,아파트,아파트,광주,남구,광주 남구 진월동 500-7 유달파크맨션 1층 105호,"137,000,000","95,900,000",낙찰,"115,500,000",84.30%,2021-10-06,2021_4Q,3
광주 2계 2021-65362,아파트,아파트,아파트,광주,광산구,광주 광산구 소촌동 791-22 스위트밸리2차 202동 11층 1102호,"209,000,000","146,300,000",낙찰,"201,100,000",96.20%,2021-11-04,2021_4Q,3
광주 9계 2021-65478,차량,기타토지,기타토지,광주,남구,광주 남구 송하동 348-1 제3자송원주차장내 보관(010-6540-7261),"13,000,000","9,100,000",낙찰,"10,210,000",78.50%,2021-10-06,2021_4Q,3
광주 5계 2021-65850,아파트,아파트,아파트,광주,광산구,광주 광산구 신창동 1110 신창3차부영사랑으로 313동 12층 1204호,"192,000,000","192,000,000",낙찰,"210,000,000",109.40%,2021-11-24,2021_4Q,3
광주 9계 2021-65911,전,전,전,광주,북구,광주 북구 충효동 87-1,"61,236,000","42,865,000",낙찰,"43,115,000",70.40%,2021-10-06,2021_4Q,3
광주 10계 2021-66136,중기,기타토지,기타토지,광주,남구,광주 남구 송하동 348-1 송원주차장내 보관,"76,000,000","34,048,000",낙찰,"45,000,000",59.20%,2021-12-10,2021_4Q,3
광주 6계 2021-66235,단독주택,단독,단독주택,광주,서구,광주 서구 양동 438-109,"27,497,880","19,249,000",낙찰,"19,249,000",70.00%,2021-10-20,2021_4Q,3
광주 9계 2021-66396,차량,기타토지,기타토지,광주,광산구,광주 광산구 우산동 218-5 제3자서창다리주차장(010-8466-0864)내 보관,"21,000,000","14,700,000",낙찰,"16,709,990",79.60%,2021-10-06,2021_4Q,3
광주 8계 2021-66556,아파트,아파트,아파트,광주,광산구,광주 광산구 송정동 425-2 라인1차 101동 10층 1012호,"117,000,000","81,900,000",낙찰,"105,190,000",89.90%,2021-10-28,2021_4Q,3
광주 2계 2021-66860,아파트,아파트,아파트,광주,광산구,광주 광산구 장덕동 1309 장덕마을 부영애시앙 104동 11층 1104호,"293,000,000","293,000,000",낙찰,"347,500,000",118.60%,2021-12-16,2021_4Q,3
광주 6계 2021-66914,차량,기타토지,기타토지,광주,광산구,광주 광산구 산정동 156 현대주차장내 보관(062-953-8424),"14,500,000","8,120,000",낙찰,"10,990,000",75.80%,2021-10-20,2021_4Q,3
광주 8계 2021-67146,차량,기타토지,기타토지,광주,남구,광주 남구 송하동 348-1 송원주차장내 보관,"20,000,000","14,000,000",낙찰,"17,690,000",88.40%,2021-10-28,2021_4Q,3
광주 9계 2021-67252,단독주택,단독,단독주택,광주,북구,광주 북구 신안동 470-8,"24,964,000","17,475,000",낙찰,"20,490,000",82.10%,2021-11-17,2021_4Q,3
광주 9계 2021-67511,차량,기타토지,기타토지,광주,서구,광주 서구 벽진동 537-1 제3자하나로FNC 보관(011-372-2362),"38,000,000","21,280,000",낙찰,"25,800,000",67.90%,2021-11-17,2021_4Q,3
광주 4계 2021-67702,아파트,아파트,아파트,광주,북구,광주 북구 용봉동 842-1 외20 용봉동금호 102동 13층 1302호,"166,000,000","116,200,000",낙찰,"183,500,100",110.50%,2021-11-09,2021_4Q,3
광주 10계 2021-67764,아파트,아파트,아파트,광주,북구,광주 북구 문흥동 996-3 라인 107동 14층 1401호,"132,000,000","92,400,000",낙찰,"122,500,010",92.80%,2021-12-10,2021_4Q,3
광주 8계 2021-68088,점포,근린상가,점포상가,광주,남구,광주 남구 원산동 584,"266,612,880","266,612,880",낙찰,"450,250,000",168.90%,2021-10-28,2021_4Q,3
광주 5계 2021-68187,근린상가,근린상가,근린상가,광주,광산구,광주 광산구 장덕동 1608 수완영무메트로 1층 107호,"771,000,000","771,000,000",낙찰,"774,100,000",100.40%,2021-11-24,2021_4Q,3
광주 6계 2021-68422,차량,기타토지,기타토지,광주,광산구,광주 광산구 산정동 156 현대주차장내 보관(062-953-8424),"21,000,000","14,700,000",낙찰,"20,500,000",97.60%,2021-10-20,2021_4Q,3
광주 9계 2021-68569,대지,나대지,나대지,광주,북구,광주 북구 생용동 393-4,"15,284,700","15,284,700",낙찰,"21,111,000",138.10%,2021-10-06,2021_4Q,3
광주 7계 2021-68767,아파트,아파트,아파트,광주,광산구,광주 광산구 우산동 1311-1 대광로제비앙 104동 6층 606호,"300,000,000","300,000,000",낙찰,"338,360,000",112.80%,2021-10-26,2021_4Q,3
광주 8계 2021-68910,차량,기타토지,기타토지,광주,광산구,광주 광산구 수완동 269-19 수완컨테이너하우스(070-4102-5929)내 보관,"23,000,000","16,100,000",낙찰,"21,160,000",92.00%,2021-10-28,2021_4Q,3
광주 3계 2021-68965,아파트,아파트,아파트,광주,광산구,광주 광산구 운남동 781-1 운남8단지주공 803동 14층 1402호,"175,000,000","175,000,000",낙찰,"187,898,000",107.40%,2021-10-14,2021_4Q,3
광주 8계 2021-69074,아파트,아파트,아파트,광주,남구,광주 남구 주월동 700 명지 101동 18층 1803호,"278,000,000","194,600,000",낙찰,"247,430,000",89.00%,2021-10-28,2021_4Q,3
광주 5계 2021-69135,아파트,아파트,아파트,광주,서구,"광주 서구 화정동 1072 ,1099,1110,1354 금호타운 103동 6층 606호","240,000,000","240,000,000",낙찰,"246,130,000",102.60%,2021-11-24,2021_4Q,3
광주 8계 2021-69180,아파트,아파트,아파트,광주,북구,광주 북구 운암동 965 현대 102동 18층 1803호,"196,000,000","137,200,000",낙찰,"214,440,000",109.40%,2021-10-28,2021_4Q,3
광주 1계 2021-69197,차량,기타토지,기타토지,광주,남구,"광주 남구 송하동 348-1 송원주차장(010-3622-7261,062-676-7261)내 보관","21,000,000","14,700,000",낙찰,"17,520,000",83.40%,2021-10-27,2021_4Q,3
광주 6계 2021-69364,아파트,아파트,아파트,광주,서구,광주 서구 동천동 515 동천마을3단지 휴먼시아 303동 13층 1301호,"306,000,000","306,000,000",낙찰,"320,010,000",104.60%,2021-12-01,2021_4Q,3
광주 9계 2021-69425,공장,공장(지식산업센터 업무시설),공장,광주,광산구,광주 광산구 고룡동 진곡일반산업단지에이1블록11로트 1동,"3,853,182,400","2,697,228,000",낙찰,"3,517,000,000",91.30%,2021-11-17,2021_4Q,3
광주 6계 2021-69869,아파트,아파트,아파트,광주,북구,광주 북구 문흥동 743-9 용봉맨션 2동 3층 303호,"88,500,000","88,500,000",낙찰,"91,030,000",102.90%,2021-12-01,2021_4Q,3
광주 1계 2021-70081,근린상가,근린상가,근린상가,광주,동구,"광주 동구 계림동 100-1 ,508-9,-13,-14,1062,1055 상가1동 지하층 1호","378,000,000","264,600,000",낙찰,"264,610,000",70.00%,2021-12-08,2021_4Q,3
광주 8계 2021-70180,임야,임야,임야,광주,서구,광주 서구 풍암동 산25-74,"173,052,000","173,052,000",낙찰,"178,296,000",103.00%,2021-10-28,2021_4Q,3
광주 9계 2021-70227(2),도로,기타토지,기타토지,광주,광산구,광주 광산구 명화동 491-10,"18,093,750","12,666,000",낙찰,"15,900,000",87.90%,2021-12-29,2021_4Q,3
광주 9계 2021-70227(3),전,전,전,광주,광산구,광주 광산구 명화동 453,"1,120,000","1,120,000",낙찰,"2,240,000",200.00%,2021-11-17,2021_4Q,3
광주 4계 2021-70241,아파트,아파트,아파트,광주,서구,"광주 서구 화정동 1062 ,1034,1052,1053 신동아 101동 9층 904호","186,000,000","186,000,000",낙찰,"187,488,945",100.80%,2021-11-09,2021_4Q,3
광주 1계 2021-70319,아파트,아파트,아파트,광주,남구,광주 남구 방림동 530-4 1동 3층 306호,"111,000,000","111,000,000",낙찰,"112,357,000",101.20%,2021-10-27,2021_4Q,3
광주 4계 2021-70609,대지,나대지,나대지,광주,북구,광주 북구 우산동 183-22,"31,066,500","31,066,500",낙찰,"31,066,500",100.00%,2021-11-09,2021_4Q,3
광주 6계 2021-70623,차량,기타토지,기타토지,광주,광산구,"광주 광산구 수완동 269-19 (제3자(주)수완컨테이너하우스,070-4102-5929)내보관","27,000,000","18,900,000",낙찰,"25,999,900",96.30%,2021-12-01,2021_4Q,3
광주 8계 2021-70654,차량,기타토지,기타토지,광주,광산구,광주 광산구 산정동 156 현대주차장(062-953-8424)내 보관,"8,500,000","5,950,000",낙찰,"9,010,000",106.00%,2021-10-28,2021_4Q,3
광주 7계 2021-70937,임야,임야,임야,광주,광산구,광주 광산구 동산동 산285-1,"8,712,000","8,712,000",낙찰,"15,111,000",173.50%,2021-12-07,2021_4Q,3
광주 9계 2021-70951,근린상가,근린상가,근린상가,광주,북구,"광주 북구 용봉동 17-1 ,17-16,17-21,30-55,30-58,110-14,오치동 457-5 굿모닝타운 9층 902호","379,000,000","379,000,000",낙찰,"481,200,000",127.00%,2021-12-29,2021_4Q,3
광주 7계 2021-72025,아파트,아파트,아파트,광주,북구,광주 북구 운암동 140-17 중흥 201동 2층 201호,"30,000,000","30,000,000",낙찰,"35,019,999",116.70%,2021-12-07,2021_4Q,3
광주 8계 2021-72049,아파트,아파트,아파트,광주,남구,광주 남구 진월동 484 진월3차삼익세라믹 302동 9층 901호,"211,000,000","211,000,000",낙찰,"214,560,000",101.70%,2021-12-09,2021_4Q,3
광주 10계 2021-72445,차량,기타토지,기타토지,광주,북구,광주 북구 삼각동 754-3 글로벌주차장(연락처:010-6245-1001)내보관,"21,000,000","21,000,000",낙찰,"21,319,999",101.50%,2021-12-10,2021_4Q,3
광주 3계 2021-72544,차량,기타토지,기타토지,광주,광산구,"광주 광산구 산정동 156 현대주차장내 보관(062-953-8424, 010-5550-8424)","5,500,000","3,850,000",낙찰,"4,159,990",75.60%,2021-11-25,2021_4Q,3
광주 8계 2021-72612,차량,기타토지,기타토지,광주,남구,광주 남구 송하동 348-1 송원주차장내 보관,"13,000,000","13,000,000",낙찰,"13,419,999",103.20%,2021-12-09,2021_4Q,3
광주 1계 2018-2521(2),근린상가,근린상가,근린상가,광주,북구,"광주 북구 용봉동 17-1 ,-16,-21,30-55,-58,110-14,457-5 굿모닝타운 2층 208호","2,931,000,000","840,376,000",낙찰,"1,330,000,000",45.40%,2021-08-04,2021_3Q,3
광주 1계 2018-2521(3),근린상가,근린상가,근린상가,광주,북구,"광주 북구 용봉동 17-1 ,-16,-21,30-55,-58,110-14,457-5 굿모닝타운 4층 411호","1,489,000,000","426,926,000",낙찰,"511,000,000",34.30%,2021-08-04,2021_3Q,3
광주 3계 2019-9055,아파트,아파트,아파트,광주,북구,광주 북구 두암동 968-1 율곡타운 111동 11층 1106호,"95,200,000","66,640,000",낙찰,"85,389,999",89.70%,2021-07-22,2021_3Q,3
광주 9계 2019-17711,아파트,아파트,아파트,광주,광산구,"광주 광산구 쌍암동 660-7 ,-8 AM시티4차 4층 402호","95,000,000","66,500,000",낙찰,"72,111,000",75.90%,2021-08-25,2021_3Q,3
광주 3계 2019-71562,단독주택,단독,단독주택,광주,북구,광주 북구 유동 7-25,"39,779,940","39,779,940",낙찰,"86,400,000",217.20%,2021-07-22,2021_3Q,3
광주 2계 2020-801,아파트,아파트,아파트,광주,광산구,"광주 광산구 쌍암동 660-7 ,-8 에이엠시티4차 4층 403호","96,000,000","9,019,000",낙찰,"71,000,000",74.00%,2021-07-01,2021_3Q,3
광주 7계 2020-5431(1),다세대,다세대주택,다세대,광주,광산구,광주 광산구 우산동 1471 주은데코빌 가동 2층 201호,"64,000,000","14,680,000",낙찰,"20,010,000",31.30%,2021-09-14,2021_3Q,3
광주 10계 2020-6250,근린상가,근린상가,근린상가,광주,북구,"광주 북구 문흥동 998-1 ,-2 샛터코아 5층 500호","1,341,000,000","750,960,000",낙찰,"779,999,999",58.20%,2021-09-17,2021_3Q,3
광주 6계 2020-7789,아파트,아파트,아파트,광주,광산구,광주 광산구 운남동 782-1 광주운남6단지주공 609동 3층 301호,"262,000,000","262,000,000",낙찰,"305,670,000",116.70%,2021-07-28,2021_3Q,3
광주 4계 2020-9204,연립,연립주택,연립·빌라,광주,북구,"광주 북구 운암동 153-49 ,-51 힐링클래스 5층 502호","147,000,000","82,320,000",낙찰,"92,430,000",62.90%,2021-09-28,2021_3Q,3
광주 10계 2020-10358,아파트,아파트,아파트,광주,광산구,광주 광산구 신가동 1048 신창6차호반베르디움 604동 4층 404호,"250,000,000","175,000,000",낙찰,"242,230,000",96.90%,2021-08-06,2021_3Q,3
광주 6계 2020-11276,아파트,아파트,아파트,광주,북구,광주 북구 두암동 581-2 무궁화 3층 302호,"82,000,000","45,920,000",낙찰,"52,010,000",63.40%,2021-09-08,2021_3Q,3
광주 10계 2020-11405,차량,기타토지,기타토지,광주,광산구,"광주 광산구 산정동 156-3 송암주차장(062-953-8424,010-5550-8424)내 보관","15,000,000","10,500,000",낙찰,"14,219,999",94.80%,2021-09-17,2021_3Q,3
광주 3계 2020-11801,차량,기타토지,기타토지,광주,광산구,"광주 광산구 신창동 1021-19 대명씨엔피내(010-4601-5479,062-952-2252) 보관","22,000,000","15,400,000",낙찰,"22,500,000",102.30%,2021-07-22,2021_3Q,3
광주 5계 2020-12002,중기,기타토지,기타토지,광주,남구,광주 남구 송하동 348-1 송원주차장(010-6540-7261)내보관,"12,000,000","6,720,000",낙찰,"7,118,000",59.30%,2021-09-01,2021_3Q,3
광주 4계 2020-12842,대지,나대지,나대지,광주,북구,광주 북구 중흥동 648-1,"861,325,000","861,325,000",낙찰,"1,336,520,000",155.20%,2021-07-06,2021_3Q,3
광주 2계 2020-13456,대지,나대지,나대지,광주,동구,광주 동구 호남동 5-4,"135,310,000","94,717,000",낙찰,"136,595,000",100.90%,2021-07-01,2021_3Q,3
광주 4계 2020-13678,연립,연립주택,연립·빌라,광주,동구,광주 동구 학동 1021 모아미래도타운 102동 1층 105호,"365,000,000","255,500,000",낙찰,"357,231,000",97.90%,2021-07-06,2021_3Q,3
광주 8계 2020-14053,근린상가,근린상가,근린상가,광주,광산구,광주 광산구 도산동 766-5 1층 106호,"519,000,000","232,512,000",낙찰,"295,909,000",57.00%,2021-09-16,2021_3Q,3
광주 2계 2020-14190,아파트,아파트,아파트,광주,북구,"광주 북구 삼각동 672 ,675,673,546-19,671-1 극동마이다스빌 102동 11층 1103호","165,000,000","92,400,000",낙찰,"123,920,000",75.10%,2021-07-01,2021_3Q,3
광주 3계 2020-14428,차량,기타토지,기타토지,광주,광산구,"광주 광산구 수완동 269-19 수완컨테이너하우스내(010-2612-5929,010-3610-6929) 보관","8,000,000","5,600,000",낙찰,"6,790,000",84.90%,2021-07-22,2021_3Q,3
광주 2계 2020-14626,아파트,아파트,아파트,광주,서구,"광주 서구 내방동 475-1 ,465-41,479-1,828-12 솔뫼타운 102동 8층 809호","95,300,000","66,710,000",낙찰,"82,100,000",86.10%,2021-07-01,2021_3Q,3
광주 3계 2020-14848,오피스텔(주거),오피스텔,오피스텔(업무용),광주,서구,광주 서구 치평동 1202-2 랜드피아 4층 411호,"65,000,000","45,500,000",낙찰,"61,717,000",94.90%,2021-09-02,2021_3Q,3
광주 2계 2020-14954,단독주택,단독,단독주택,광주,북구,광주 북구 용두동 283-52,"125,105,100","125,105,100",낙찰,"201,111,100",160.80%,2021-08-12,2021_3Q,3
광주 2계 2020-61936,아파트,아파트,아파트,광주,광산구,광주 광산구 수완동 1488 수완1차우미린 103동 3층 301호,"441,000,000","308,700,000",낙찰,"533,009,999",120.90%,2021-07-01,2021_3Q,3
광주 2계 2020-64782,차량,기타토지,기타토지,광주,남구,"광주 남구 송하동 256-6 황금특장모터스내 보관(062-674-2645, 010-3604-6298)","27,000,000","4,955,000",낙찰,"5,010,000",18.60%,2021-09-23,2021_3Q,3
광주 6계 2020-67385,연립,연립주택,연립·빌라,광주,서구,광주 서구 쌍촌동 531-1 가도스타디움 1층 130호,"50,000,000","9,175,000",낙찰,"9,175,000",18.40%,2021-07-28,2021_3Q,3
광주 6계 2020-67972,다세대,다세대주택,다세대,광주,남구,광주 남구 백운동 15-5 광명샤인빌원룸 1층 101호,"280,800,000","125,798,000",낙찰,"153,645,000",54.70%,2021-07-28,2021_3Q,3
광주 9계 2020-68982,도로,기타토지,기타토지,광주,광산구,광주 광산구 명화동 491-10,"15,922,500","11,146,000",낙찰,"12,100,000",76.00%,2021-08-25,2021_3Q,3
광주 4계 2020-69381,임야,임야,임야,광주,광산구,광주 광산구 용봉동 산15,"45,115,185","20,212,000",낙찰,"22,700,000",50.30%,2021-07-06,2021_3Q,3
광주 5계 2020-69565(2),도로,기타토지,기타토지,광주,남구,광주 남구 월산동 408-6,"12,843,300","8,990,000",낙찰,"9,609,000",74.80%,2021-07-21,2021_3Q,3
광주 5계 2020-69565(5),전,전,전,광주,남구,광주 남구 월산동 408-21,"6,001,600","4,201,000",낙찰,"4,491,000",74.80%,2021-07-21,2021_3Q,3
광주 5계 2020-69565(7),대지,나대지,나대지,광주,남구,광주 남구 백운동 15-53,"63,840,000","44,688,000",낙찰,"53,466,000",83.80%,2021-07-21,2021_3Q,3
광주 5계 2020-69565(8),도로,기타토지,기타토지,광주,남구,광주 남구 방림동 65-15,"65,360,000","45,752,000",낙찰,"51,100,000",78.20%,2021-07-21,2021_3Q,3
광주 5계 2020-69565(9),대지,나대지,나대지,광주,남구,광주 남구 방림동 108-61,"27,240,000","19,068,000",낙찰,"22,100,000",81.10%,2021-07-21,2021_3Q,3
광주 3계 2020-69824(2),답,답,답,광주,광산구,광주 광산구 삼도동 841-9,"12,806,400","8,964,000",낙찰,"16,100,000",125.70%,2021-07-22,2021_3Q,3
광주 4계 2020-70626,아파트,아파트,아파트,광주,서구,"광주 서구 내방동 475-1 ,465-41,479-1,828-12 솔뫼타운 102동 10층 1010호","64,000,000","44,800,000",낙찰,"51,210,000",80.00%,2021-07-06,2021_3Q,3
광주 7계 2020-70916,공장,공장(지식산업센터 업무시설),공장,광주,광산구,광주 광산구 장덕동 982-14,"3,604,433,400","2,523,103,000",낙찰,"3,300,009,000",91.60%,2021-08-03,2021_3Q,3
광주 2계 2020-71902,답,답,답,광주,광산구,광주 광산구 산수동 531,"18,522,000","12,965,000",낙찰,"15,500,000",83.70%,2021-07-01,2021_3Q,3
광주 8계 2020-73113,단독주택,단독,단독주택,광주,북구,광주 북구 두암동 829-13,"50,205,180","17,994,000",낙찰,"21,693,000",43.20%,2021-08-05,2021_3Q,3
광주 4계 2020-73410,단독주택,단독,단독주택,광주,남구,광주 남구 임암동 545,"72,864,560","40,804,000",낙찰,"56,710,000",77.80%,2021-07-06,2021_3Q,3
광주 5계 2020-73595,아파트,아파트,아파트,광주,남구,광주 남구 노대동 835 송화마을 휴먼시아 607동 1층 101호,"451,000,000","360,800,000",낙찰,"427,000,000",94.70%,2021-09-01,2021_3Q,3
광주 2계 2020-74437,임야,임야,임야,광주,광산구,광주 광산구 양동 산66,"170,100,000","76,205,000",낙찰,"96,300,000",56.60%,2021-08-12,2021_3Q,3
광주 4계 2020-74451,다가구,다가구,다가구,광주,북구,광주 북구 신안동 476-54 해피타운오피스텔,"1,450,390,700","1,015,273,000",낙찰,"1,330,033,333",91.70%,2021-07-06,2021_3Q,3
광주 3계 2020-74574,오피스텔(주거),오피스텔,오피스텔(업무용),광주,광산구,광주 광산구 쌍암동 672-2 2층 203호,"42,000,000","23,520,000",낙찰,"30,000,000",71.40%,2021-07-22,2021_3Q,3
광주 1계 2020-74703,아파트,아파트,아파트,광주,서구,광주 서구 내방동 841-9 한성 4층 401호,"113,000,000","79,100,000",낙찰,"103,111,100",91.20%,2021-08-04,2021_3Q,3
광주 7계 2020-75225,공장,공장(지식산업센터 업무시설),공장,광주,광산구,광주 광산구 오선동 606,"5,262,460,600","3,683,722,000",낙찰,"4,800,000,000",91.20%,2021-08-03,2021_3Q,3
광주 4계 2020-75492(1),근린상가,근린상가,근린상가,광주,광산구,광주 광산구 쌍암동 694-63 쌍암동첨단프라자 1층 114호,"1,491,000,000","667,968,000",낙찰,"736,510,100",49.40%,2021-09-28,2021_3Q,3
광주 4계 2020-75492(2),근린상가,근린상가,근린상가,광주,광산구,광주 광산구 쌍암동 694-63 쌍암동첨단프라자 1층 125호,"315,000,000","141,120,000",낙찰,"152,300,000",48.30%,2021-09-28,2021_3Q,3
광주 4계 2020-75539,중기,기타토지,기타토지,광주,남구,광주 남구 송하동 348-1 송원주차장내 보관,"92,100,000","51,576,000",낙찰,"53,010,000",57.60%,2021-07-06,2021_3Q,3
광주 5계 2020-75546,중기,기타토지,기타토지,광주,남구,광주 남구 송하동 348-1 송원주차장내 보관(010-6540-7261),"31,700,000","14,202,000",낙찰,"15,231,000",48.00%,2021-09-01,2021_3Q,3
광주 9계 2020-75850,오피스텔(주거),오피스텔,오피스텔(업무용),광주,북구,광주 북구 신안동 478-5 굿마인드 3층 306호,"34,600,000","19,376,000",낙찰,"36,200,000",104.60%,2021-08-25,2021_3Q,3
광주 3계 2020-76136,아파트,아파트,아파트,광주,북구,"광주 북구 운암동 1038-1 ,-25,-26 일신 102동 15층 1506호","96,000,000","67,200,000",낙찰,"90,500,000",94.30%,2021-07-22,2021_3Q,3
광주 10계 2020-76235,아파트,아파트,아파트,광주,남구,광주 남구 봉선동 470 삼익 109동 13층 1303호,"630,000,000","630,000,000",낙찰,"805,999,000",127.90%,2021-09-17,2021_3Q,3
광주 1계 2020-76242,단독주택,단독,단독주택,광주,북구,광주 북구 문흥동 738-10,"401,408,560","224,789,000",낙찰,"265,000,000",66.00%,2021-08-04,2021_3Q,3
광주 4계 2020-76563,오피스텔(주거),오피스텔,오피스텔(업무용),광주,북구,광주 북구 중흥동 670-5 프라임아너팰리스 101동 4층 401호,"181,000,000","126,700,000",낙찰,"166,100,000",91.80%,2021-07-06,2021_3Q,3
광주 2계 2020-76686,단독주택,단독,단독주택,광주,서구,광주 서구 쌍촌동 1202-4,"346,755,400","242,729,000",낙찰,"341,800,000",98.60%,2021-07-01,2021_3Q,3
광주 10계 2020-76761,아파트,아파트,아파트,광주,서구,광주 서구 금호동 785 마재마을송촌파인힐 101동 8층 804호,"245,000,000","245,000,000",낙찰,"246,200,000",100.50%,2021-08-06,2021_3Q,3
광주 5계 2020-76846,아파트,아파트,아파트,광주,광산구,광주 광산구 신창동 1264 신창5차부영사랑으로 1107동 11층 1102호,"284,000,000","198,800,000",낙찰,"274,900,900",96.80%,2021-07-21,2021_3Q,3
광주 3계 2020-76907,다세대,다세대주택,다세대,광주,서구,"광주 서구 쌍촌동 474 ,-2 104동 2층 201호","172,000,000","96,320,000",낙찰,"123,680,000",71.90%,2021-09-02,2021_3Q,3
광주 3계 2020-77290,아파트,아파트,아파트,광주,광산구,광주 광산구 우산동 1572-6 어등하이빌 103동 8층 801호,"126,000,000","88,200,000",낙찰,"106,006,000",84.10%,2021-07-22,2021_3Q,3
광주 3계 2021-44,점포,근린상가,점포상가,광주,남구,광주 남구 백운동 611-13,"184,629,180","184,629,180",낙찰,"187,056,900",101.30%,2021-07-22,2021_3Q,3
광주 10계 2021-105,아파트,아파트,아파트,광주,남구,광주 남구 진월동 536 대주파크빌 101동 3층 301호,"257,000,000","179,900,000",낙찰,"260,900,000",101.50%,2021-08-06,2021_3Q,3
광주 2계 2021-129,아파트,아파트,아파트,광주,서구,"광주 서구 화정동 298-8 ,740-6,298-11 현대 106동 1층 110호","182,000,000","182,000,000",낙찰,"252,000,000",138.50%,2021-07-01,2021_3Q,3
광주 6계 2021-174(7),임야,임야,임야,광주,남구,광주 남구 송하동 산89-2,"822,351,200","460,517,000",낙찰,"480,517,900",58.40%,2021-09-08,2021_3Q,3
광주 2계 2021-204,아파트,아파트,아파트,광주,서구,광주 서구 금호동 771 한국 201동 15층 1510호,"184,000,000","128,800,000",낙찰,"163,208,000",88.70%,2021-08-12,2021_3Q,3
광주 3계 2021-211,아파트,아파트,아파트,광주,서구,광주 서구 화정동 930-1 라인동산 101동 15층 1502호,"222,000,000","155,400,000",낙찰,"213,100,000",96.00%,2021-09-02,2021_3Q,3
광주 7계 2021-310,아파트,아파트,아파트,광주,광산구,광주 광산구 쌍암동 658-7 첨단AM-씨티2차 6층 601호,"52,000,000","36,400,000",낙찰,"52,199,999",100.40%,2021-09-14,2021_3Q,3
광주 9계 2021-389,차량,기타토지,기타토지,광주,광산구,광주 광산구 산정동 156 현대주차장(953-8424)내보관,"11,000,000","4,928,000",낙찰,"5,270,000",47.90%,2021-08-25,2021_3Q,3
광주 2계 2021-440(1),오피스텔,오피스텔,오피스텔(업무용),광주,광산구,광주 광산구 우산동 1610-1 드림시티 8층 801호,"65,000,000","36,400,000",낙찰,"40,040,000",61.60%,2021-09-23,2021_3Q,3
광주 2계 2021-440(2),오피스텔,오피스텔,오피스텔(업무용),광주,광산구,광주 광산구 우산동 1610-1 드림시티 8층 804호,"55,000,000","30,800,000",낙찰,"41,100,000",74.70%,2021-09-23,2021_3Q,3
광주 3계 2021-457,오피스텔(상가),오피스텔,오피스텔(업무용),광주,서구,광주 서구 치평동 1208 골든빌 지하층 B104호,"115,000,000","80,500,000",낙찰,"82,000,000",71.30%,2021-07-22,2021_3Q,3
광주 6계 2021-679,주상복합(주거),기타토지,기타토지,광주,서구,"광주 서구 농성동 125-4 ,125-15,125-16 평화맨션 지하층 상점호","18,000,000","18,000,000",낙찰,"18,000,000",100.00%,2021-07-28,2021_3Q,3
광주 2계 2021-761,대지,나대지,나대지,광주,북구,광주 북구 풍향동 24-10,"41,400,000","41,400,000",낙찰,"63,550,000",153.50%,2021-07-01,2021_3Q,3
광주 8계 2021-846,주상복합(상가),기타토지,기타토지,광주,광산구,광주 광산구 월계동 893-1 무들에코클래스 1층 101호,"237,000,000","165,900,000",낙찰,"166,100,000",70.10%,2021-09-16,2021_3Q,3
광주 4계 2021-907(3),전,전,전,광주,광산구,광주 광산구 대산동 149,"27,262,000","15,266,000",낙찰,"18,371,000",67.40%,2021-09-28,2021_3Q,3
광주 4계 2021-907(4),답,답,답,광주,광산구,광주 광산구 대산동 808-9,"26,398,302","26,398,302",낙찰,"27,500,000",104.20%,2021-07-06,2021_3Q,3
광주 2계 2021-976,아파트,아파트,아파트,광주,광산구,광주 광산구 신창동 1110 신창3차부영사랑으로 305동 17층 1703호,"180,000,000","126,000,000",낙찰,"184,220,000",102.30%,2021-08-12,2021_3Q,3
광주 5계 2021-1108,차량,기타토지,기타토지,광주,북구,광주 북구 삼각동 754-3 글러벌주차장(010-6245-1001)내 보관,"60,000,000","33,600,000",낙찰,"40,575,000",67.60%,2021-09-01,2021_3Q,3
광주 7계 2021-1153,아파트,아파트,아파트,광주,북구,광주 북구 두암동 63-1 무등파크맨션 101동 7층 708호,"144,000,000","100,800,000",낙찰,"115,380,000",80.10%,2021-08-03,2021_3Q,3
광주 6계 2021-1269,아파트,아파트,아파트,광주,북구,광주 북구 일곡동 819-3 일곡4차청솔 401동 4층 402호,"92,000,000","92,000,000",낙찰,"97,900,000",106.40%,2021-07-28,2021_3Q,3
광주 9계 2021-1306,아파트,아파트,아파트,광주,북구,광주 북구 매곡동 57 부림 201동 4층 408호,"81,000,000","56,700,000",낙찰,"57,999,990",71.60%,2021-08-25,2021_3Q,3
광주 10계 2021-1313,아파트,아파트,아파트,광주,서구,광주 서구 농성동 117 제일파크 1동 4층 403호,"149,000,000","104,300,000",낙찰,"134,101,999",90.00%,2021-09-17,2021_3Q,3
광주 2계 2021-1337,연립,연립주택,연립·빌라,광주,북구,광주 북구 신안동 353-16 해송빌라트 6층 601호,"100,000,000","56,000,000",낙찰,"68,310,000",68.30%,2021-09-23,2021_3Q,3
광주 10계 2021-1382(2),아파트,아파트,아파트,광주,북구,광주 북구 오치동 856-25 오치동도나우 5층 505호,"100,000,000","70,000,000",낙찰,"80,110,000",80.10%,2021-09-17,2021_3Q,3
광주 7계 2021-1436,아파트,아파트,아파트,광주,남구,광주 남구 방림동 569 방림명지로드힐 101동 2층 201호,"362,000,000","253,400,000",낙찰,"329,499,000",91.00%,2021-08-03,2021_3Q,3
광주 9계 2021-1658,아파트,아파트,아파트,광주,광산구,"광주 광산구 월계동 755-2 ,-3 대우 105동 7층 701호","290,000,000","290,000,000",낙찰,"361,700,000",124.70%,2021-07-14,2021_3Q,3
광주 6계 2021-1849,아파트,아파트,아파트,광주,남구,광주 남구 주월동 29 해태2차 201동 8층 801호,"243,000,000","170,100,000",낙찰,"223,770,010",92.10%,2021-09-08,2021_3Q,3
광주 5계 2021-1900,오피스텔(주거),오피스텔,오피스텔(업무용),광주,북구,광주 북구 오치동 662-7 오치청연위드힐타운 101동 6층 601호,"110,000,000","77,000,000",낙찰,"77,111,000",70.10%,2021-09-01,2021_3Q,3
광주 10계 2021-1948,근린상가,근린상가,근린상가,광주,북구,광주 북구 신용동 694 토담빌딩 1층 107호,"298,000,000","208,600,000",낙찰,"241,670,000",81.10%,2021-09-17,2021_3Q,3
광주 4계 2021-2071,공장,공장(지식산업센터 업무시설),공장,광주,광산구,광주 광산구 월전동 912-22 가동호,"3,050,003,040","3,050,003,040",낙찰,"3,501,000,000",114.80%,2021-08-17,2021_3Q,3
광주 6계 2021-2095,아파트,아파트,아파트,광주,광산구,광주 광산구 월계동 764-3 첨단산업기지호반 108동 1층 109호,"205,000,000","205,000,000",낙찰,"232,150,000",113.20%,2021-07-28,2021_3Q,3
광주 4계 2021-2217,차량,기타토지,기타토지,광주,북구,광주 북구 삼각동 754-3 글로벌주차장(010-6245-1001)내 보관,"3,000,000","2,100,000",낙찰,"2,201,000",73.40%,2021-07-06,2021_3Q,3
광주 3계 2021-2286(1),연립,연립주택,연립·빌라,광주,남구,광주 남구 월산동 1060 월산동이스토리 104동 5층 507호,"199,000,000","139,300,000",낙찰,"186,100,000",93.50%,2021-09-02,2021_3Q,3
광주 3계 2021-2286(2),아파트,아파트,아파트,광주,광산구,"광주 광산구 송정동 918-3 ,950-27 송정2차라인 102동 6층 607호","191,000,000","133,700,000",낙찰,"162,000,000",84.80%,2021-09-02,2021_3Q,3
광주 9계 2021-2323,아파트,아파트,아파트,광주,서구,"광주 서구 금호동 1077 ,1076,1080 EG스위트밸리 103동 14층 1401호","282,000,000","197,400,000",낙찰,"296,850,000",105.30%,2021-08-25,2021_3Q,3
광주 2계 2021-2347,아파트,아파트,아파트,광주,서구,광주 서구 동천동 615 호반베르디움 505동 3층 302호,"427,000,000","427,000,000",낙찰,"430,000,000",100.70%,2021-09-23,2021_3Q,3
광주 4계 2021-2590(1),임야,임야,임야,광주,남구,광주 남구 봉선동 산12-2,"36,914,570","25,840,000",낙찰,"33,780,000",91.50%,2021-09-28,2021_3Q,3
광주 4계 2021-2590(2),답,답,답,광주,북구,광주 북구 망월동 405,"3,061,080","3,061,080",낙찰,"3,500,000",114.30%,2021-08-17,2021_3Q,3
광주 1계 2021-2842,단독주택,단독,단독주택,광주,북구,광주 북구 용봉동 18,"133,120,000","133,120,000",낙찰,"133,500,000",100.30%,2021-08-04,2021_3Q,3
광주 4계 2021-2880,아파트,아파트,아파트,광주,광산구,광주 광산구 소촌동 603-3 송광3차 301동 8층 908호,"88,000,000","88,000,000",낙찰,"88,100,000",100.10%,2021-08-17,2021_3Q,3
광주 1계 2021-3074,연립,연립주택,연립·빌라,광주,서구,광주 서구 쌍촌동 531-1 가도스타디움 4층 402호,"53,000,000","53,000,000",낙찰,"53,000,000",100.00%,2021-08-04,2021_3Q,3
광주 8계 2021-3142,아파트,아파트,아파트,광주,서구,광주 서구 풍암동 1059 한국 102동 10층 1004호,"148,000,000","148,000,000",낙찰,"178,830,000",120.80%,2021-09-16,2021_3Q,3
광주 6계 2021-3210,단독주택,단독,단독주택,광주,북구,광주 북구 운암동 803-19,"131,237,600","131,237,600",낙찰,"164,744,000",125.50%,2021-09-08,2021_3Q,3
광주 8계 2021-3678,아파트,아파트,아파트,광주,북구,광주 북구 문흥동 996-3 라인 102동 7층 703호,"127,000,000","127,000,000",낙찰,"136,680,000",107.60%,2021-09-16,2021_3Q,3
광주 8계 2021-3975,아파트,아파트,아파트,광주,남구,"광주 남구 봉선동 23-3 ,-7,24,-6,30,141-1 봉선3차1단지무등파크 303동 13층 1315호","230,000,000","230,000,000",낙찰,"233,100,000",101.30%,2021-09-16,2021_3Q,3
광주 7계 2021-4497,차량,기타토지,기타토지,광주,광산구,"광주 광산구 수완동 269-19 제3자 (주)수완컨테이너하우스에게 보관(070-4102-5929,101-2612-5929)","13,000,000","13,000,000",낙찰,"14,390,000",110.70%,2021-09-14,2021_3Q,3
광주 8계 2021-4510,차량,기타토지,기타토지,광주,북구,광주 북구 삼각동 754-3 글로벌주차장내 보관,"14,000,000","14,000,000",낙찰,"15,670,000",111.90%,2021-09-16,2021_3Q,3
광주 3계 2021-60022(4),단독주택,단독,단독주택,광주,북구,광주 북구 각화동 503-4,"21,391,050","21,391,050",낙찰,"21,550,000",100.70%,2021-09-02,2021_3Q,3
광주 5계 2021-60091,아파트,아파트,아파트,광주,서구,"광주 서구 쌍촌동 452-22 ,-26 일신 106동 5층 501호","255,000,000","178,500,000",낙찰,"219,310,100",86.00%,2021-07-21,2021_3Q,3
광주 2계 2021-60176(1),전,전,전,광주,광산구,광주 광산구 장수동 227,"24,792,500","24,792,500",낙찰,"41,999,000",169.40%,2021-07-01,2021_3Q,3
광주 2계 2021-60176(2),전,전,전,광주,광산구,광주 광산구 장수동 256-1,"345,180,000","345,180,000",낙찰,"500,777,000",145.10%,2021-07-01,2021_3Q,3
광주 2계 2021-60176(3),답,답,답,광주,광산구,광주 광산구 장수동 256,"54,279,000","54,279,000",낙찰,"65,890,000",121.40%,2021-07-01,2021_3Q,3
광주 8계 2021-60206,차량,기타토지,기타토지,광주,광산구,광주 광산구 산정동 156 현대주차장내 보관,"6,000,000","3,360,000",낙찰,"3,780,000",63.00%,2021-09-16,2021_3Q,3
광주 6계 2021-60398,주상복합(주거),기타토지,기타토지,광주,북구,"광주 북구 용봉동 1225-1 ,-2 삼원맨션 12층 1207호","105,000,000","73,500,000",낙찰,"91,880,000",87.50%,2021-07-28,2021_3Q,3
광주 2계 2021-60626(2),도로,기타토지,기타토지,광주,북구,광주 북구 운암동 782-46,"233,415,000","130,713,000",낙찰,"140,010,000",60.00%,2021-09-23,2021_3Q,3
광주 2계 2021-60626(3),대지,나대지,나대지,광주,서구,광주 서구 유촌동 1-17,"61,200,000","34,272,000",낙찰,"39,789,000",65.00%,2021-09-23,2021_3Q,3
광주 2계 2021-60626(4),잡종지,잡종지,잡종지,광주,서구,광주 서구 유촌동 820-94,"15,810,000","11,067,000",낙찰,"16,320,000",103.20%,2021-08-12,2021_3Q,3
광주 2계 2021-60626(5),도로,기타토지,기타토지,광주,서구,광주 서구 유촌동 820-119,"45,900,000","32,130,000",낙찰,"37,690,000",82.10%,2021-08-12,2021_3Q,3
광주 2계 2021-60626(6),도로,기타토지,기타토지,광주,서구,광주 서구 유촌동 820-121,"5,508,000","3,856,000",낙찰,"4,678,000",84.90%,2021-08-12,2021_3Q,3
광주 3계 2021-60664,아파트,아파트,아파트,광주,서구,광주 서구 쌍촌동 96 광명하이츠타운 103동 6층 602호,"153,000,000","107,100,000",낙찰,"148,110,000",96.80%,2021-09-02,2021_3Q,3
광주 5계 2021-60794,근린상가,근린상가,근린상가,광주,남구,광주 남구 임암동 876 5층 502호,"400,000,000","280,000,000",낙찰,"345,100,000",86.30%,2021-09-01,2021_3Q,3
광주 2계 2021-60893,근린상가,근린상가,근린상가,광주,광산구,광주 광산구 수완동 1083 월드프라자 2층 204호,"154,000,000","107,800,000",낙찰,"158,999,000",103.20%,2021-08-12,2021_3Q,3
광주 4계 2021-61018,주상복합(주거),기타토지,기타토지,광주,북구,광주 북구 오치동 856-25 오치동도나우 12층 1202호,"123,000,000","68,880,000",낙찰,"87,100,000",70.80%,2021-08-17,2021_3Q,3
광주 6계 2021-61032,공장,공장(지식산업센터 업무시설),공장,광주,광산구,광주 광산구 고룡동 977 주건축물 A동,"2,101,515,280","2,101,515,280",낙찰,"2,380,000,000",113.30%,2021-07-28,2021_3Q,3
광주 10계 2021-61063,아파트,아파트,아파트,광주,북구,광주 북구 오치동 929-1 혁신2차 101동 4층 304호,"102,000,000","71,400,000",낙찰,"90,168,900",88.40%,2021-08-06,2021_3Q,3
광주 8계 2021-61131,아파트,아파트,아파트,광주,광산구,광주 광산구 신창동 1111 신창5차호반베르디움 507동 12층 1202호,"310,000,000","217,000,000",낙찰,"314,800,000",101.50%,2021-08-05,2021_3Q,3
광주 6계 2021-61391,아파트,아파트,아파트,광주,광산구,광주 광산구 신가동 1012 우미이노스빌 101동 11층 1102호,"203,000,000","142,100,000",낙찰,"187,777,000",92.50%,2021-09-08,2021_3Q,3
광주 10계 2021-61445,단독주택,단독,단독주택,광주,북구,광주 북구 우산동 193-31,"168,914,990","168,914,990",낙찰,"169,000,000",100.10%,2021-09-17,2021_3Q,3
광주 5계 2021-61520,아파트,아파트,아파트,광주,남구,"광주 남구 송하동 45-1 ,45,45-2,45-5,541-45 삼익 103동 16층 1601호","210,000,000","147,000,000",낙찰,"201,500,000",96.00%,2021-09-01,2021_3Q,3
광주 9계 2021-61544,차량,기타토지,기타토지,광주,광산구,광주 광산구 수완동 269-19 (주)수완컨테이너하우스내 보관(제3자 정환중(070-4102-5929)),"34,000,000","23,800,000",낙찰,"34,343,434",101.00%,2021-07-14,2021_3Q,3
광주 7계 2021-61582,아파트,아파트,아파트,광주,북구,광주 북구 매곡동 57 부림2차 201동 8층 805호,"79,800,000","55,860,000",낙찰,"65,586,000",82.20%,2021-08-03,2021_3Q,3
광주 5계 2021-61612,차량,기타토지,기타토지,광주,광산구,"광주 광산구 산정동 156 현대주차장내(062-953-8424,010-5550-8424) 보관","10,000,000","7,000,000",낙찰,"8,555,100",85.60%,2021-09-01,2021_3Q,3
광주 9계 2021-61650,차량,기타토지,기타토지,광주,광산구,광주 광산구 우산동 218-5 서청다리주차장내 보관(제3자 전경선(010-8466-0864)),"16,000,000","11,200,000",낙찰,"11,680,000",73.00%,2021-07-14,2021_3Q,3
광주 9계 2021-61704,아파트,아파트,아파트,광주,북구,광주 북구 오치동 862-10 대광 101동 3층 308호,"75,000,000","52,500,000",낙찰,"63,630,000",84.80%,2021-08-25,2021_3Q,3
광주 10계 2021-61711,아파트,아파트,아파트,광주,광산구,광주 광산구 운수동 65-50 가천 102동 10층 1005호,"97,000,000","67,900,000",낙찰,"81,650,000",84.20%,2021-08-06,2021_3Q,3
광주 3계 2021-61742,아파트,아파트,아파트,광주,북구,광주 북구 신용동 651 한양수자인리버뷰 108동 5층 503호,"291,000,000","291,000,000",낙찰,"363,110,700",124.80%,2021-09-02,2021_3Q,3
광주 8계 2021-61810(1),연립,연립주택,연립·빌라,광주,남구,광주 남구 주월동 497 에이엠시티101 3층 303호,"45,000,000","25,200,000",낙찰,"32,928,000",73.20%,2021-09-16,2021_3Q,3
광주 8계 2021-61810(2),연립,연립주택,연립·빌라,광주,남구,광주 남구 주월동 497 에이엠시티101 3층 305호,"45,000,000","31,500,000",낙찰,"33,188,000",73.80%,2021-08-05,2021_3Q,3
광주 3계 2021-61889,전,전,전,광주,남구,광주 남구 봉선동 452-2,"39,520,000","39,520,000",낙찰,"39,980,000",101.20%,2021-07-22,2021_3Q,3
광주 9계 2021-62011,차량,기타토지,기타토지,광주,광산구,광주 광산구 우산동 218-5 서청다리주차장(제3자)내 보관,"20,000,000","14,000,000",낙찰,"19,110,000",95.50%,2021-07-14,2021_3Q,3
광주 9계 2021-62066,아파트,아파트,아파트,광주,광산구,광주 광산구 산월동 884-2 첨단3-3차호반리젠시빌 316동 4층 401호,"236,000,000","236,000,000",낙찰,"260,077,000",110.20%,2021-08-25,2021_3Q,3
광주 3계 2021-62219,임야,임야,임야,광주,북구,광주 북구 동림동 산117,"564,900,000","395,430,000",낙찰,"395,440,000",70.00%,2021-09-02,2021_3Q,3
광주 4계 2021-62226,차량,기타토지,기타토지,광주,서구,광주 서구 금호동 531 하나로에프엔씨(011-372-2362)내 보관,"18,000,000","12,600,000",낙찰,"16,333,330",90.70%,2021-07-06,2021_3Q,3
광주 5계 2021-62271,아파트,아파트,아파트,광주,동구,광주 동구 학동 1012 학2마을 205동 8층 804호,"379,000,000","265,300,000",낙찰,"376,580,500",99.40%,2021-09-01,2021_3Q,3
광주 7계 2021-62486,아파트,아파트,아파트,광주,북구,광주 북구 오치동 5-7 한국아델리움 102동 7층 701호,"398,000,000","278,600,000",낙찰,"431,100,000",108.30%,2021-08-03,2021_3Q,3
광주 8계 2021-62493,다세대,다세대주택,다세대,광주,광산구,광주 광산구 우산동 1471 가동 2층 203호,"46,000,000","32,200,000",낙찰,"33,330,000",72.50%,2021-08-05,2021_3Q,3
광주 1계 2021-63410,오피스텔(주거),오피스텔,오피스텔(업무용),광주,북구,광주 북구 신안동 134-7 제일 9층 932호,"27,000,000","18,900,000",낙찰,"19,310,000",71.50%,2021-08-04,2021_3Q,3
광주 8계 2021-64789,중기,기타토지,기타토지,광주,남구,광주 남구 송하동 348-1 송원주차장내 보관,"55,000,000","38,500,000",낙찰,"38,500,000",70.00%,2021-08-05,2021_3Q,3
광주 8계 2021-65461,차량,기타토지,기타토지,광주,광산구,광주 광산구 산정동 156 현대주차장내 보관,"10,000,000","7,000,000",낙찰,"9,100,000",91.00%,2021-08-05,2021_3Q,3
광주 9계 2021-65591,주상복합(주거),기타토지,기타토지,광주,동구,광주 동구 운림동 681 무등스위트빌라 101동 2층 201호,"306,000,000","214,200,000",낙찰,"222,870,000",72.80%,2021-08-25,2021_3Q,3
광주 9계 2021-65690,차량,기타토지,기타토지,광주,광산구,광주 광산구 산정동 156 제3자현대주차장(062-953-8424)내 보관,"10,000,000","7,000,000",낙찰,"8,651,000",86.50%,2021-08-25,2021_3Q,3
광주 6계 2021-65737,아파트,아파트,아파트,광주,광산구,광주 광산구 신가동 1019-2 호반리젠시빌 104동 11층 1102호,"237,000,000","237,000,000",낙찰,"248,280,000",104.80%,2021-09-08,2021_3Q,3
광주 2계 2021-65829,차량,기타토지,기타토지,광주,광산구,광주 광산구 수완동 269-19 (주)수완컨테이너(070-4102-5929)내 보관,"90,000,000","63,000,000",낙찰,"84,899,996",94.30%,2021-09-23,2021_3Q,3
광주 4계 2021-65843,아파트,아파트,아파트,광주,서구,광주 서구 풍암동 1130 금호타운 101동 4층 405호,"491,000,000","343,700,000",낙찰,"530,000,001",107.90%,2021-09-28,2021_3Q,3
광주 4계 2021-65904,중기,기타토지,기타토지,광주,광산구,광주 광산구 우산동 218-5 서창다리주차장내 보관,"170,000,000","119,000,000",낙찰,"122,510,000",72.10%,2021-08-17,2021_3Q,3
광주 3계 2021-66068,근린주택,근린주택,근린주택,광주,남구,광주 남구 양림동 234-5,"989,862,440","989,862,440",낙찰,"990,099,000",100.00%,2021-09-02,2021_3Q,3
광주 4계 2021-66372,아파트,아파트,아파트,광주,광산구,광주 광산구 신창동 1108-1 신가부영 113동 5층 502호,"216,000,000","216,000,000",낙찰,"226,879,990",105.00%,2021-08-17,2021_3Q,3
광주 8계 2021-66648,차량,기타토지,기타토지,광주,광산구,광주 광산구 우산동 218-5 서창다리주차장내 보관,"9,500,000","6,650,000",낙찰,"8,210,000",86.40%,2021-09-16,2021_3Q,3
광주 4계 2021-66655,아파트,아파트,아파트,광주,서구,광주 서구 치평동 1174-3 라인동산 108동 14층 1403호,"258,000,000","258,000,000",낙찰,"266,100,000",103.10%,2021-08-17,2021_3Q,3
광주 5계 2021-66792,중기,기타토지,기타토지,광주,남구,광주 남구 송하동 348-1 송원주차장(010-3622-7261)내 보관,"20,000,000","20,000,000",낙찰,"20,200,000",101.00%,2021-07-21,2021_3Q,3
광주 7계 2021-66945,차량,기타토지,기타토지,광주,서구,"광주 서구 금호동 531 하나로에프엔씨내 보관(제3자 장청에게 보관,011-372-2362)","14,000,000","9,800,000",낙찰,"12,599,990",90.00%,2021-08-03,2021_3Q,3
광주 4계 2021-67030,아파트,아파트,아파트,광주,북구,광주 북구 각화동 471 금호 9동 10층 1003호,"292,000,000","292,000,000",낙찰,"296,000,000",101.40%,2021-08-17,2021_3Q,3
광주 3계 2021-67047,차량,기타토지,기타토지,광주,광산구,"광주 광산구 수완동 269-19 수완컨테이너하우스(010-2612-5929,070-4102-5929)내 보관","45,000,000","45,000,000",낙찰,"45,050,000",100.10%,2021-09-02,2021_3Q,3
광주 8계 2021-67092,아파트,아파트,아파트,광주,광산구,광주 광산구 우산동 1621 세계수영선수촌중흥S-클래스센트럴 113동 16층 1604호,"410,000,000","287,000,000",낙찰,"393,898,000",96.10%,2021-09-16,2021_3Q,3
광주 10계 2021-67528,차량,기타토지,기타토지,광주,광산구,광주 광산구 산정동 156 현대주차장(062-953-8424)내 보관,"10,000,000","10,000,000",낙찰,"10,239,999",102.40%,2021-08-06,2021_3Q,3
광주 7계 2021-67597,차량,기타토지,기타토지,광주,광산구,"광주 광산구 산정동 156 현대주차장내 보관(제3자김인호에게보관062-953-8424,010-5550-8424)","19,000,000","19,000,000",낙찰,"20,121,000",105.90%,2021-08-03,2021_3Q,3
광주 8계 2021-67627,전,전,전,광주,남구,광주 남구 화장동 559-40,"152,304,000","152,304,000",낙찰,"213,500,000",140.20%,2021-09-16,2021_3Q,3
광주 7계 2021-68071,전,전,전,광주,남구,광주 남구 월성동 87-4,"219,167,290","219,167,290",낙찰,"295,000,000",134.60%,2021-09-14,2021_3Q,3
광주 7계 2021-68538,아파트,아파트,아파트,광주,광산구,광주 광산구 신창동 1110 신창3차부영사랑으로 319동 2층 206호,"172,000,000","172,000,000",낙찰,"189,250,000",110.00%,2021-09-14,2021_3Q,3
광주 8계 2021-68637,도로,기타토지,기타토지,광주,동구,광주 동구 산수동 553-119,"25,870,000","25,870,000",낙찰,"27,777,777",107.40%,2021-09-16,2021_3Q,3
광주 5계 2016-15066(13),근린상가,근린상가,근린상가,광주,북구,광주 북구 용봉동 1376-4 가상빌리지 4층 401호,"42,400,000","9,726,000",낙찰,"10,050,000",23.70%,2021-06-09,2021_2Q,3
광주 4계 2019-15876(1),오피스텔(주거),오피스텔,오피스텔(업무용),광주,서구,"광주 서구 쌍촌동 968-3 ,-5,-6 에드가리움2차 2층 201호","80,000,000","56,000,000",낙찰,"64,000,000",80.00%,2021-04-13,2021_2Q,3
광주 4계 2019-15876(2),오피스텔(주거),오피스텔,오피스텔(업무용),광주,서구,"광주 서구 쌍촌동 968-3 ,-5,-6 에드가리움2차 2층 202호","80,000,000","56,000,000",낙찰,"60,270,000",75.30%,2021-04-13,2021_2Q,3
광주 4계 2019-15876(3),오피스텔(주거),오피스텔,오피스텔(업무용),광주,서구,"광주 서구 쌍촌동 968-3 ,-5,-6 에드가리움2차 2층 206호","80,000,000","56,000,000",낙찰,"66,689,900",83.40%,2021-04-13,2021_2Q,3
광주 4계 2019-15876(4),오피스텔(주거),오피스텔,오피스텔(업무용),광주,서구,"광주 서구 쌍촌동 968-3 ,-5,-6 에드가리움2차 2층 207호","80,000,000","56,000,000",낙찰,"66,789,900",83.50%,2021-04-13,2021_2Q,3
광주 4계 2019-15876(5),오피스텔(주거),오피스텔,오피스텔(업무용),광주,서구,"광주 서구 쌍촌동 968-3 ,-5,-6 에드가리움2차 2층 208호","80,000,000","56,000,000",낙찰,"65,119,900",81.40%,2021-04-13,2021_2Q,3
광주 4계 2019-15876(6),오피스텔(주거),오피스텔,오피스텔(업무용),광주,서구,"광주 서구 쌍촌동 968-3 ,-5,-6 에드가리움2차 2층 209호","80,000,000","56,000,000",낙찰,"58,100,000",72.60%,2021-04-13,2021_2Q,3
광주 4계 2019-15876(7),오피스텔(주거),오피스텔,오피스텔(업무용),광주,서구,"광주 서구 쌍촌동 968-3 ,-5,-6 에드가리움2차 2층 210호","80,000,000","56,000,000",낙찰,"58,600,000",73.30%,2021-04-13,2021_2Q,3
광주 4계 2019-15876(8),오피스텔(주거),오피스텔,오피스텔(업무용),광주,서구,"광주 서구 쌍촌동 968-3 ,-5,-6 에드가리움2차 2층 211호","80,000,000","56,000,000",낙찰,"72,600,000",90.80%,2021-04-13,2021_2Q,3
광주 4계 2019-15876(9),오피스텔(주거),오피스텔,오피스텔(업무용),광주,서구,"광주 서구 쌍촌동 968-3 ,-5,-6 에드가리움2차 2층 212호","80,000,000","56,000,000",낙찰,"61,170,000",76.50%,2021-04-13,2021_2Q,3
광주 4계 2019-15876(10),오피스텔(주거),오피스텔,오피스텔(업무용),광주,서구,"광주 서구 쌍촌동 968-3 ,-5,-6 에드가리움2차 3층 304호","80,000,000","56,000,000",낙찰,"65,889,900",82.40%,2021-04-13,2021_2Q,3
광주 4계 2019-15876(11),오피스텔(주거),오피스텔,오피스텔(업무용),광주,서구,"광주 서구 쌍촌동 968-3 ,-5,-6 에드가리움2차 3층 305호","80,000,000","56,000,000",낙찰,"65,789,900",82.20%,2021-04-13,2021_2Q,3
광주 4계 2019-15876(12),오피스텔(주거),오피스텔,오피스텔(업무용),광주,서구,"광주 서구 쌍촌동 968-3 ,-5,-6 에드가리움2차 3층 306호","80,000,000","56,000,000",낙찰,"72,600,000",90.80%,2021-04-13,2021_2Q,3
광주 4계 2019-15876(13),오피스텔(주거),오피스텔,오피스텔(업무용),광주,서구,"광주 서구 쌍촌동 968-3 ,-5,-6 에드가리움2차 3층 308호","80,000,000","56,000,000",낙찰,"60,193,000",75.20%,2021-04-13,2021_2Q,3
광주 4계 2019-15876(14),오피스텔(주거),오피스텔,오피스텔(업무용),광주,서구,"광주 서구 쌍촌동 968-3 ,-5,-6 에드가리움2차 3층 309호","80,000,000","56,000,000",낙찰,"73,000,000",91.30%,2021-04-13,2021_2Q,3
광주 4계 2019-15876(15),오피스텔(주거),오피스텔,오피스텔(업무용),광주,서구,"광주 서구 쌍촌동 968-3 ,-5,-6 에드가리움2차 3층 310호","80,000,000","56,000,000",낙찰,"73,000,000",91.30%,2021-04-13,2021_2Q,3
광주 8계 2019-72350,아파트,아파트,아파트,광주,광산구,광주 광산구 신창동 1108-1 신가부영 104동 11층 1106호,"219,000,000","153,300,000",낙찰,"197,200,000",90.00%,2021-04-01,2021_2Q,3
광주 7계 2020-283,차량,기타토지,기타토지,광주,광산구,"광주 광산구 산정동 156 현대주차장(제3자 김인호,062-953-8424,010-5550-8424)내 보관","75,000,000","13,762,000",낙찰,"15,200,000",20.30%,2021-05-11,2021_2Q,3
광주 8계 2020-2234,아파트,아파트,아파트,광주,광산구,광주 광산구 우산동 1576-4 휴로스 5층 511호,"60,500,000","17,346,000",낙찰,"18,000,000",29.80%,2021-04-01,2021_2Q,3
광주 4계 2020-6038,다세대,다세대주택,다세대,광주,서구,광주 서구 양동 438-61 신화 A동 4층 401호,"57,000,000","31,920,000",낙찰,"35,200,000",61.80%,2021-05-25,2021_2Q,3
광주 3계 2020-9280,차량,기타토지,기타토지,광주,북구,"광주 북구 삼각동 754-3 글로벌주차장(심하은,010-4245-1001)내 보관","15,000,000","10,500,000",낙찰,"12,030,000",80.20%,2021-04-29,2021_2Q,3
광주 4계 2020-9686(1),아파트상가,아파트상가,기타토지,광주,남구,"광주 남구 진월동 340 ,344 협진훼미리 상가동 2층 1호","204,000,000","142,800,000",낙찰,"189,626,000",93.00%,2021-04-13,2021_2Q,3
광주 4계 2020-9686(2),아파트상가,아파트상가,기타토지,광주,남구,"광주 남구 진월동 340 ,344 협진훼미리 상가동 3층 1호","51,000,000","35,700,000",낙찰,"51,599,000",101.20%,2021-04-13,2021_2Q,3
광주 2계 2020-9853,공장,공장(지식산업센터 업무시설),공장,광주,북구,광주 북구 대촌동 959-75,"2,748,371,100","1,923,860,000",낙찰,"2,600,999,000",94.60%,2021-04-08,2021_2Q,3
광주 3계 2020-10150,아파트,아파트,아파트,광주,광산구,광주 광산구 월계동 893-2 아크로시티 1동 6층 605호,"140,000,000","62,720,000",낙찰,"84,720,000",60.50%,2021-06-10,2021_2Q,3
광주 9계 2020-10211(3),도로,기타토지,기타토지,광주,광산구,광주 광산구 산막동 679-9,"14,820,000","6,639,000",낙찰,"8,500,000",57.40%,2021-04-21,2021_2Q,3
광주 9계 2020-10235(1),차량,기타토지,기타토지,광주,남구,광주 남구 송하동 348-1 송원주차장(제3자이상민)내 보관,"16,000,000","11,200,000",낙찰,"15,359,000",96.00%,2021-04-21,2021_2Q,3
광주 9계 2020-10235(2),차량,기타토지,기타토지,광주,남구,광주 남구 송하동 348-1 송원주차장(제3자이상민)내 보관,"15,000,000","10,500,000",낙찰,"14,359,000",95.70%,2021-04-21,2021_2Q,3
광주 8계 2020-10341,근린주택,근린주택,근린주택,광주,동구,광주 동구 불로동 2-1,"724,283,950","324,479,000",낙찰,"370,000,000",51.10%,2021-05-13,2021_2Q,3
광주 5계 2020-10518(1),차량,기타토지,기타토지,광주,광산구,광주 광산구 월전동 92-1 평동주차장(010-4628-2670)내보관,"33,000,000","23,100,000",낙찰,"32,523,000",98.60%,2021-04-27,2021_2Q,3
광주 5계 2020-10518(2),차량,기타토지,기타토지,광주,북구,광주 북구 삼각동 754-3 글로벌주차장(010-6245-1001)내보관,"18,000,000","12,600,000",낙찰,"15,600,000",86.70%,2021-04-27,2021_2Q,3
광주 1계 2020-10570,아파트,아파트,아파트,광주,북구,광주 북구 양산동 209-17 동남맨션 101동 8층 811호,"78,000,000","54,600,000",낙찰,"63,770,000",81.80%,2021-05-10,2021_2Q,3
광주 2계 2020-10990,임야,임야,임야,광주,남구,광주 남구 봉선동 산120-3,"5,865,600","5,865,600",낙찰,"7,370,000",125.60%,2021-04-08,2021_2Q,3
광주 8계 2020-11160,오피스텔(주거),오피스텔,오피스텔(업무용),광주,남구,"광주 남구 봉선동 480 ,479,481,482,483-11,-21,-31,-41,-42 더플레이스봉선 3층 307호","238,000,000","133,280,000",낙찰,"183,700,000",77.20%,2021-04-01,2021_2Q,3
광주 2계 2020-11313,단독주택,단독,단독주택,광주,남구,광주 남구 사동 171-2,"202,302,300","113,290,000",낙찰,"143,899,900",71.10%,2021-04-08,2021_2Q,3
광주 3계 2020-11450,아파트,아파트,아파트,광주,광산구,"광주 광산구 소촌동 69-3 ,-4 대덕무지개 601동 7층 703호","32,000,000","22,400,000",낙찰,"25,015,110",78.20%,2021-04-29,2021_2Q,3
광주 5계 2020-11481,아파트,아파트,아파트,광주,남구,광주 남구 서동 285 서동아남프라자 101동 15층 1501호,"145,000,000","145,000,000",낙찰,"165,130,000",113.90%,2021-04-27,2021_2Q,3
광주 9계 2020-11559,아파트,아파트,아파트,광주,서구,광주 서구 금호동 738-1 일신 101동 1층 110호,"189,000,000","132,300,000",낙찰,"171,000,000",90.50%,2021-06-02,2021_2Q,3
광주 10계 2020-11719,아파트,아파트,아파트,광주,남구,광주 남구 방림동 569 방림명지로드힐 102동 12층 1204호,"340,000,000","340,000,000",낙찰,"343,008,000",100.90%,2021-05-14,2021_2Q,3
광주 3계 2020-11832,아파트,아파트,아파트,광주,서구,광주 서구 치평동 1171-6 라인대주 204동 13층 1307호,"250,000,000","175,000,000",낙찰,"205,100,000",82.00%,2021-06-10,2021_2Q,3
광주 10계 2020-11993,단독주택,단독,단독주택,광주,북구,광주 북구 운암동 32-3,"10,482,240","10,482,240",낙찰,"10,500,000",100.20%,2021-04-02,2021_2Q,3
광주 1계 2020-12125,근린상가,근린상가,근린상가,광주,남구,"광주 남구 월산동 955-10 ,-9 주건축물제1동","314,542,800","220,180,000",낙찰,"320,000,000",101.70%,2021-05-10,2021_2Q,3
광주 9계 2020-12200,아파트,아파트,아파트,광주,북구,광주 북구 문흥동 1011-5 문흥상록 103동 13층 1304호,"123,000,000","86,100,000",낙찰,"113,490,000",92.30%,2021-04-21,2021_2Q,3
광주 8계 2020-12286,오피스텔,오피스텔,오피스텔(업무용),광주,광산구,"광주 광산구 하남동 832 ,산정동 1128 테라스56피크닉몰 3층 A동-306호","408,000,000","285,600,000",낙찰,"322,200,000",79.00%,2021-04-01,2021_2Q,3
광주 9계 2020-12309(1),다세대,다세대주택,다세대,광주,서구,광주 서구 양동 287-2 소연빌 2층 201호,"74,000,000","41,440,000",낙찰,"42,199,900",57.00%,2021-04-21,2021_2Q,3
광주 9계 2020-12309(2),다세대,다세대주택,다세대,광주,서구,광주 서구 양동 287-2 소연빌 2층 202호,"84,000,000","37,632,000",낙찰,"39,111,000",46.60%,2021-06-02,2021_2Q,3
광주 9계 2020-12309(3),다세대,다세대주택,다세대,광주,서구,광주 서구 양동 287-2 소연빌 3층 301호,"74,000,000","41,440,000",낙찰,"42,199,900",57.00%,2021-04-21,2021_2Q,3
광주 6계 2020-12514(2),임야,임야,임야,광주,북구,광주 북구 금곡동 산144-1,"8,232,000","5,762,000",낙찰,"6,100,000",74.10%,2021-05-04,2021_2Q,3
광주 8계 2020-12521,아파트,아파트,아파트,광주,남구,광주 남구 행암동 598 효천엘에이치천년나무4단지 403동 6층 602호,"151,000,000","151,000,000",낙찰,"151,000,000",100.00%,2021-04-01,2021_2Q,3
광주 3계 2020-12668,아파트,아파트,아파트,광주,북구,광주 북구 동림동 1147-1 동림푸른마을 주공3단지 304동 20층 2002호,"146,000,000","102,200,000",낙찰,"116,110,000",79.50%,2021-06-10,2021_2Q,3
광주 10계 2020-12828,아파트,아파트,아파트,광주,북구,광주 북구 두암동 598-3 신흥 1동 15층 1504호,"90,000,000","63,000,000",낙찰,"68,500,000",76.10%,2021-05-14,2021_2Q,3
광주 9계 2020-12897,아파트,아파트,아파트,광주,북구,광주 북구 문흥동 1011-5 문흥상록 103동 2층 201호,"120,000,000","84,000,000",낙찰,"105,000,000",87.50%,2021-06-02,2021_2Q,3
광주 5계 2020-12996,차량,기타토지,기타토지,광주,광산구,광주 광산구 월전동 92-1 평동주차장내 보관(010-4628-2670),"12,000,000","8,400,000",낙찰,"10,428,000",86.90%,2021-06-09,2021_2Q,3
광주 2계 2020-13043,주상복합(주거),기타토지,기타토지,광주,서구,광주 서구 화정동 23-15 금호하이빌 7층 704호,"69,000,000","48,300,000",낙찰,"65,555,000",95.00%,2021-04-08,2021_2Q,3
광주 10계 2020-13241,오피스텔,오피스텔,오피스텔(업무용),광주,북구,광주 북구 용봉동 1366-4 썬오피스텔 7층 701호,"62,000,000","43,400,000",낙찰,"51,898,000",83.70%,2021-06-25,2021_2Q,3
광주 8계 2020-13319,오피스텔(주거),오피스텔,오피스텔(업무용),광주,북구,광주 북구 중흥동 670-5 프라임아너팰리스 102동 3층 301호,"181,000,000","126,700,000",낙찰,"180,000,000",99.40%,2021-06-24,2021_2Q,3
광주 5계 2020-13487,아파트,아파트,아파트,광주,북구,광주 북구 용봉동 1074-6 한신 101동 5층 608호,"110,000,000","77,000,000",낙찰,"80,210,000",72.90%,2021-06-09,2021_2Q,3
광주 7계 2020-13500,다세대,다세대주택,다세대,광주,동구,광주 동구 산수동 480-8 산수빌리지 C동 2층 201호,"28,000,000","15,680,000",낙찰,"16,110,900",57.50%,2021-06-22,2021_2Q,3
광주 8계 2020-13517,아파트,아파트,아파트,광주,광산구,광주 광산구 운남동 777-1 운남주공3단지 310동 8층 803호,"114,000,000","79,800,000",낙찰,"104,188,010",91.40%,2021-05-13,2021_2Q,3
광주 5계 2020-13586,아파트,아파트,아파트,광주,서구,광주 서구 쌍촌동 137-4 신천힐탑맨션 103동 8층 901호,"162,000,000","113,400,000",낙찰,"135,800,000",83.80%,2021-06-09,2021_2Q,3
광주 7계 2020-13609,답,답,답,광주,남구,광주 남구 화장동 1010-2,"334,605,000","334,605,000",낙찰,"342,500,000",102.40%,2021-05-11,2021_2Q,3
광주 9계 2020-13630,아파트,아파트,아파트,광주,남구,"광주 남구 봉선동 502 ,주월동 1023,-2,1035 라인 101동 4층 406호","270,000,000","189,000,000",낙찰,"244,880,010",90.70%,2021-06-02,2021_2Q,3
광주 7계 2020-13814,단독주택,단독,단독주택,광주,북구,광주 북구 중흥동 748-41,"158,337,550","158,337,550",낙찰,"193,400,000",122.10%,2021-05-11,2021_2Q,3
광주 10계 2020-13876,오피스텔(주거),오피스텔,오피스텔(업무용),광주,북구,광주 북구 우산동 554-25 주건축물 랑드리움 1동 205호,"112,000,000","78,400,000",낙찰,"90,100,000",80.40%,2021-06-25,2021_2Q,3
광주 4계 2020-13883,답,답,답,광주,북구,광주 북구 용강동 622-12,"40,432,000","40,432,000",낙찰,"66,666,660",164.90%,2021-05-25,2021_2Q,3
광주 5계 2020-13890,아파트,아파트,아파트,광주,광산구,광주 광산구 우산동 1571-1 하남주공 203동 10층 1008호,"68,500,000","47,950,000",낙찰,"60,305,000",88.00%,2021-06-09,2021_2Q,3
광주 8계 2020-13944,단독주택,단독,단독주택,광주,광산구,광주 광산구 신가동 1218,"1,348,146,080","1,348,146,080",낙찰,"1,511,111,000",112.10%,2021-04-01,2021_2Q,3
광주 9계 2020-13951,아파트,아파트,아파트,광주,동구,광주 동구 학동 719-1 무등파크맨션 1동 5층 501호,"213,000,000","213,000,000",낙찰,"230,850,000",108.40%,2021-04-21,2021_2Q,3
광주 2계 2020-14091,아파트,아파트,아파트,광주,북구,광주 북구 운암동 229 미라보 307동 18층 1804호,"215,000,000","215,000,000",낙찰,"215,000,000",100.00%,2021-05-20,2021_2Q,3
광주 10계 2020-14169,오피스텔,오피스텔,오피스텔(업무용),광주,동구,광주 동구 수기동 23-2 제일 101동 13층 1306호,"58,000,000","40,600,000",낙찰,"47,100,000",81.20%,2021-06-25,2021_2Q,3
광주 5계 2020-14213,오피스텔(주거),오피스텔,오피스텔(업무용),광주,서구,광주 서구 풍암동 1106-1 캐슬온리뷰 4층 406호,"114,000,000","79,800,000",낙찰,"93,486,000",82.00%,2021-06-09,2021_2Q,3
광주 8계 2020-14237,연립,연립주택,연립·빌라,광주,북구,광주 북구 두암동 939 대주빌라 9동 3층 303호,"297,000,000","207,900,000",낙찰,"231,908,860",78.10%,2021-05-13,2021_2Q,3
광주 9계 2020-14251,아파트,아파트,아파트,광주,광산구,광주 광산구 운남동 781-1 운남8단지주공 811동 7층 701호,"171,000,000","119,700,000",낙찰,"152,990,000",89.50%,2021-06-02,2021_2Q,3
광주 10계 2020-14350,답,답,답,광주,광산구,광주 광산구 삼도동 347-13,"67,680,000","67,680,000",낙찰,"108,777,000",160.70%,2021-06-25,2021_2Q,3
광주 7계 2020-14459(1),연립,연립주택,연립·빌라,광주,동구,광주 동구 소태동 1108 무등산수안채 104동 4층 403호,"275,000,000","192,500,000",낙찰,"277,111,000",100.80%,2021-06-22,2021_2Q,3
광주 7계 2020-14459(2),연립,연립주택,연립·빌라,광주,동구,광주 동구 소태동 1108 무등산수안채 103동 4층 404호,"275,000,000","192,500,000",낙찰,"230,010,000",83.60%,2021-06-22,2021_2Q,3
광주 8계 2020-14466,아파트,아파트,아파트,광주,북구,광주 북구 각화동 529 무등파크맨션 2동 10층 1107호,"102,000,000","71,400,000",낙찰,"88,500,900",86.80%,2021-05-13,2021_2Q,3
광주 1계 2020-14619,아파트,아파트,아파트,광주,북구,"광주 북구 두암동 947-1 ,-2 부영맨션 105동 1층 104호","88,000,000","61,600,000",낙찰,"72,510,000",82.40%,2021-06-23,2021_2Q,3
광주 5계 2020-14732,아파트,아파트,아파트,광주,북구,광주 북구 두암동 864-3 산호맨션 A동 5층 503호,"64,000,000","44,800,000",낙찰,"45,111,100",70.50%,2021-06-09,2021_2Q,3
광주 1계 2020-14817(1),아파트,아파트,아파트,광주,광산구,광주 광산구 장덕동 1309 장덕마을 부영애시앙 104동 18층 1801호,"291,000,000","203,700,000",낙찰,"280,909,900",96.50%,2021-06-23,2021_2Q,3
광주 1계 2020-14817(2),아파트,아파트,아파트,광주,광산구,광주 광산구 장덕동 1309 장덕마을 부영애시앙 105동 20층 2002호,"291,000,000","203,700,000",낙찰,"280,500,000",96.40%,2021-06-23,2021_2Q,3
광주 1계 2020-14817(3),아파트,아파트,아파트,광주,광산구,광주 광산구 장덕동 1689 성덕마을 새한포유 104동 3층 303호,"403,000,000","403,000,000",낙찰,"435,899,999",108.20%,2021-05-10,2021_2Q,3
광주 1계 2020-14909,차량,기타토지,기타토지,광주,광산구,광주 광산구 산정동 156 현대주차장(062-953-8424)내보관,"13,500,000","9,450,000",낙찰,"11,475,000",85.00%,2021-05-10,2021_2Q,3
광주 6계 2020-14985,연립,연립주택,연립·빌라,광주,광산구,광주 광산구 수완동 937 수완아뜨리움 103동 1층 104호,"369,000,000","369,000,000",낙찰,"369,010,000",100.00%,2021-06-16,2021_2Q,3
광주 8계 2020-15018,오피스텔(상가),오피스텔,오피스텔(업무용),광주,서구,"광주 서구 쌍촌동 968-3 ,-5,-6 에드가리움2차 1층 104호","210,000,000","210,000,000",낙찰,"241,900,000",115.20%,2021-05-13,2021_2Q,3
광주 10계 2020-15032,아파트,아파트,아파트,광주,북구,광주 북구 문흥동 787-6 우성 101동 8층 801호,"186,000,000","130,200,000",낙찰,"163,880,000",88.10%,2021-06-25,2021_2Q,3
광주 2계 2020-60964,아파트,아파트,아파트,광주,광산구,"광주 광산구 도천동 628-1 ,-2 중흥 108동 9층 902호","85,000,000","59,500,000",낙찰,"78,311,100",92.10%,2021-04-08,2021_2Q,3
광주 5계 2020-61790,연립,연립주택,연립·빌라,광주,서구,광주 서구 쌍촌동 531-1 쌍촌동도시형생활주택 3층 302호,"55,000,000","12,616,000",낙찰,"13,000,000",23.60%,2021-06-09,2021_2Q,3
광주 4계 2020-67057,아파트,아파트,아파트,광주,남구,광주 남구 백운동 629-2 대주 102동 6층 606호,"169,000,000","169,000,000",낙찰,"203,000,000",120.10%,2021-05-25,2021_2Q,3
광주 8계 2020-67279,도로,기타토지,기타토지,광주,서구,광주 서구 화정동 315-25,"39,464,100","17,680,000",낙찰,"17,710,000",44.90%,2021-06-24,2021_2Q,3
광주 10계 2020-68395,도로,기타토지,기타토지,광주,서구,광주 서구 농성동 634-42,"9,818,650","4,398,000",낙찰,"4,599,000",46.80%,2021-04-02,2021_2Q,3
광주 4계 2020-69138,단독주택,단독,단독주택,광주,남구,광주 남구 주월동 390-1,"27,406,400","19,184,000",낙찰,"19,184,000",70.00%,2021-04-13,2021_2Q,3
광주 5계 2020-69565(1),전,전,전,광주,남구,광주 남구 월산동 410,"127,742,400","127,742,400",낙찰,"212,660,000",166.50%,2021-06-09,2021_2Q,3
광주 5계 2020-69565(3),전,전,전,광주,남구,광주 남구 월산동 408-18,"28,213,200","28,213,200",낙찰,"29,155,000",103.30%,2021-06-09,2021_2Q,3
광주 5계 2020-69565(4),전,전,전,광주,남구,광주 남구 월산동 408-20,"1,320,600","1,320,600",낙찰,"2,397,990",181.60%,2021-06-09,2021_2Q,3
광주 5계 2020-69565(6),전,전,전,광주,남구,광주 남구 월산동 408-22,"23,368,200","23,368,200",낙찰,"43,000,000",184.00%,2021-06-09,2021_2Q,3
광주 5계 2020-69565(10),대지,나대지,나대지,광주,동구,광주 동구 산수동 86-11,"17,250,000","17,250,000",낙찰,"18,300,000",106.10%,2021-06-09,2021_2Q,3
광주 2계 2020-69985(1),답,답,답,광주,광산구,광주 광산구 동산동 933,"101,255,000","101,255,000",낙찰,"222,500,000",219.70%,2021-05-20,2021_2Q,3
광주 8계 2020-70749,아파트,아파트,아파트,광주,북구,광주 북구 동림동 645 삼익 111동 5층 501호,"110,000,000","77,000,000",낙찰,"96,000,000",87.30%,2021-05-13,2021_2Q,3
광주 3계 2020-70756,임야,임야,임야,광주,남구,광주 남구 송하동 산50,"16,660,000","7,464,000",낙찰,"8,577,700",51.50%,2021-06-10,2021_2Q,3
광주 4계 2020-70879,차량,기타토지,기타토지,광주,광산구,광주 광산구 산정동 156 현대주차장내 보관,"10,000,000","7,000,000",낙찰,"8,200,000",82.00%,2021-04-13,2021_2Q,3
광주 4계 2020-71124,공장,공장(지식산업센터 업무시설),공장,광주,광산구,광주 광산구 용동 668-15,"1,533,663,100","1,533,663,100",낙찰,"1,826,240,000",119.10%,2021-04-13,2021_2Q,3
광주 3계 2020-71230,차량,기타토지,기타토지,광주,북구,"광주 북구 삼각동 754-3 제3자글로벌주차장(대표:심하은,010-6245-1001)내 보관","10,000,000","5,600,000",낙찰,"7,100,000",71.00%,2021-06-10,2021_2Q,3
광주 4계 2020-71346,아파트,아파트,아파트,광주,광산구,"광주 광산구 신창동 462-2 ,475-1,461-2,-4,462-1,462,-10,-16 신창동모아미래도 101동 11층 1101호","135,000,000","94,500,000",낙찰,"117,880,010",87.30%,2021-04-13,2021_2Q,3
광주 3계 2020-71469,차량,기타토지,기타토지,광주,서구,"광주 서구 금호동 531 하나로에프앤씨주차장(장청,011-372-2362)내 보관","15,500,000","10,850,000",낙찰,"11,399,999",73.50%,2021-04-29,2021_2Q,3
광주 3계 2020-71643,차량,기타토지,기타토지,광주,광산구,"광주 광산구 산정동 156-13 송암주차장(010-5550-8424,062-953-8424)내 보관","12,000,000","8,400,000",낙찰,"9,212,170",76.80%,2021-04-29,2021_2Q,3
광주 6계 2020-71957,아파트,아파트,아파트,광주,남구,광주 남구 봉선동 21 무등파크맨션 301동 5층 508호,"180,000,000","126,000,000",낙찰,"160,000,000",88.90%,2021-05-04,2021_2Q,3
광주 2계 2020-72028(2),임야,임야,임야,광주,광산구,광주 광산구 본덕동 산96-9,"143,088,000","80,130,000",낙찰,"97,500,000",68.10%,2021-04-08,2021_2Q,3
광주 6계 2020-72417,연립,연립주택,연립·빌라,광주,서구,광주 서구 쌍촌동 608-1 대우 1층 101호,"340,000,000","238,000,000",낙찰,"341,711,000",100.50%,2021-05-04,2021_2Q,3
광주 8계 2020-72431(5),도로,기타토지,기타토지,광주,북구,광주 북구 각화동 228-2,"2,148,000","2,148,000",낙찰,"4,001,000",186.30%,2021-04-01,2021_2Q,3
광주 3계 2020-72516,차량,기타토지,기타토지,광주,서구,광주 서구 금호동 531 하나로에프엔씨(011-372-2362)내 보관,"9,000,000","6,300,000",낙찰,"7,479,999",83.10%,2021-04-29,2021_2Q,3
광주 6계 2020-72547,다세대,다세대주택,다세대,광주,동구,"광주 동구 소태동 771-19 ,771-18 EASE HOUSE 2층 201호","567,000,000","254,016,000",낙찰,"291,300,000",51.40%,2021-06-16,2021_2Q,3
광주 3계 2020-72653,아파트,아파트,아파트,광주,북구,광주 북구 운암동 1101-1 나산 105동 11층 1102호,"320,000,000","224,000,000",낙찰,"282,890,000",88.40%,2021-04-29,2021_2Q,3
광주 8계 2020-72677,차량,기타토지,기타토지,광주,광산구,광주 광산구 산정동 156-3 송암주차장내보관,"6,000,000","4,200,000",낙찰,"4,800,000",80.00%,2021-04-01,2021_2Q,3
광주 4계 2020-72776,차량,기타토지,기타토지,광주,광산구,광주 광산구 월전동 92-1 평동주차장내 보관,"37,000,000","25,900,000",낙찰,"26,105,000",70.60%,2021-04-13,2021_2Q,3
광주 6계 2020-72936(1),근린상가,근린상가,근린상가,광주,서구,광주 서구 내방동 842-14,"683,243,200","478,270,000",낙찰,"581,000,000",85.00%,2021-05-04,2021_2Q,3
광주 7계 2020-72974,단독주택,단독,단독주택,광주,남구,광주 남구 주월동 490-9,"301,248,000","210,874,000",낙찰,"251,500,000",83.50%,2021-06-22,2021_2Q,3
광주 10계 2020-73076,차량,기타토지,기타토지,광주,광산구,"광주 광산구 신창동 1021-19 (주)대명씨앤피주차장내 보관(062-952-2252,010-4601-5479)","8,000,000","5,600,000",낙찰,"6,730,000",84.10%,2021-05-14,2021_2Q,3
광주 1계 2020-73090,차량,기타토지,기타토지,광주,광산구,광주 광산구 산정동 156 현대주차장내보관,"9,800,000","6,860,000",낙찰,"8,110,000",82.80%,2021-05-10,2021_2Q,3
광주 5계 2020-73106,답,답,답,광주,북구,광주 북구 운암동 210-13,"317,840,000","317,840,000",낙찰,"401,100,001",126.20%,2021-04-27,2021_2Q,3
광주 4계 2020-73182,차량,기타토지,기타토지,광주,광산구,광주 광산구 산정동 156 현대주차장내 보관,"20,000,000","11,200,000",낙찰,"16,550,000",82.80%,2021-04-13,2021_2Q,3
광주 8계 2020-73342,아파트,아파트,아파트,광주,광산구,광주 광산구 신가동 1019-2 호반리젠시빌 104동 13층 1302호,"232,000,000","162,400,000",낙찰,"209,000,000",90.10%,2021-04-01,2021_2Q,3
광주 3계 2020-73403,아파트,아파트,아파트,광주,서구,광주 서구 치평동 1171-6 라인대주 204동 6층 609호,"240,000,000","168,000,000",낙찰,"220,880,010",92.00%,2021-06-10,2021_2Q,3
광주 5계 2020-73571,차량,기타토지,기타토지,광주,남구,"광주 남구 송하동 348-1 송암주차장(이상민,010-6540-7261)내보관","11,500,000","8,050,000",낙찰,"10,378,000",90.20%,2021-04-27,2021_2Q,3
광주 2계 2020-73694,아파트,아파트,아파트,광주,광산구,광주 광산구 신가동 961-1 신가2차리젠시빌 203동 9층 903호,"230,000,000","161,000,000",낙찰,"195,700,000",85.10%,2021-04-08,2021_2Q,3
광주 2계 2020-73847,아파트,아파트,아파트,광주,북구,광주 북구 일곡동 816-3 동아 102동 23층 2304호,"260,000,000","182,000,000",낙찰,"262,000,000",100.80%,2021-05-20,2021_2Q,3
광주 4계 2020-73885,대지,나대지,나대지,광주,광산구,광주 광산구 양동 82,"20,640,000","20,640,000",낙찰,"21,648,670",104.90%,2021-04-13,2021_2Q,3
광주 6계 2020-73915,연립,연립주택,연립·빌라,광주,북구,광주 북구 운암동 447-5 정하주택 2층 205호,"10,700,000","7,490,000",낙찰,"7,510,000",70.20%,2021-06-16,2021_2Q,3
광주 9계 2020-73984,차량,기타토지,기타토지,광주,광산구,광주 광산구 산정동 156-3 송암주차장(제3자한상일)내 보관,"10,000,000","5,600,000",낙찰,"7,030,000",70.30%,2021-04-21,2021_2Q,3
광주 7계 2020-74185,아파트,아파트,아파트,광주,동구,광주 동구 학동 1012 학2마을 203동 11층 1104호,"338,000,000","338,000,000",낙찰,"363,750,000",107.60%,2021-06-22,2021_2Q,3
광주 8계 2020-74277,단독주택,단독,단독주택,광주,북구,광주 북구 북동 1-20,"146,968,000","146,968,000",낙찰,"147,100,000",100.10%,2021-04-01,2021_2Q,3
광주 5계 2020-74338,아파트,아파트,아파트,광주,서구,광주 서구 치평동 1166-2 금호대우 111동 12층 1202호,"212,000,000","148,400,000",낙찰,"185,100,000",87.30%,2021-06-09,2021_2Q,3
광주 8계 2020-74376,차량,기타토지,기타토지,광주,광산구,"광주 광산구 산정동 156 현대주차장(062-953-8424,010-5550-8424)내 보관","55,000,000","36,400,000",낙찰,"51,100,000",92.90%,2021-05-13,2021_2Q,3
광주 9계 2020-74406,아파트,아파트,아파트,광주,광산구,광주 광산구 신가동 1019-1 신가지구도시공사 103동 5층 504호,"167,000,000","116,900,000",낙찰,"138,511,111",82.90%,2021-04-21,2021_2Q,3
광주 1계 2020-74420,아파트,아파트,아파트,광주,동구,광주 동구 월남동 638 월남호반베르디움2차 212동 13층 1304호,"232,000,000","162,400,000",낙찰,"240,277,700",103.60%,2021-05-10,2021_2Q,3
광주 3계 2020-74505,차량,기타토지,기타토지,광주,광산구,"광주 광산구 신창동 1021-19 (주)대명씨앤피주차장(010-4601-5479,062-952-2252)내 보관","13,000,000","9,100,000",낙찰,"10,500,000",80.80%,2021-04-29,2021_2Q,3
광주 4계 2020-74581,아파트,아파트,아파트,광주,광산구,광주 광산구 산정동 1027 하남2지구다사로움2단지 202동 6층 604호,"203,000,000","142,100,000",낙찰,"178,550,000",88.00%,2021-05-25,2021_2Q,3
광주 8계 2020-74697,차량,기타토지,기타토지,광주,광산구,광주 광산구 산정동 156-3 송암주차장내 보관,"28,700,000","20,090,000",낙찰,"25,551,000",89.00%,2021-05-13,2021_2Q,3
광주 2계 2020-75157,아파트,아파트,아파트,광주,북구,"광주 북구 양산동 101 ,84-1,101-1 청암 102동 1층 114호","88,000,000","61,600,000",낙찰,"72,955,000",82.90%,2021-05-20,2021_2Q,3
광주 3계 2020-75164(1),답,답,답,광주,서구,광주 서구 벽진동 537-20,"669,668,000","669,668,000",낙찰,"683,700,000",102.10%,2021-06-10,2021_2Q,3
광주 3계 2020-75164(2),답,답,답,광주,서구,광주 서구 벽진동 736-1,"744,215,000","744,215,000",낙찰,"750,700,000",100.90%,2021-06-10,2021_2Q,3
광주 4계 2020-75171,아파트,아파트,아파트,광주,광산구,광주 광산구 월곡동 685-1 영천마을 주공 1009동 1층 105호,"155,000,000","108,500,000",낙찰,"118,490,000",76.40%,2021-05-25,2021_2Q,3
광주 10계 2020-75249,차량,기타토지,기타토지,광주,남구,광주 남구 송하동 348-1 송원주차장(010-6540-7261)내 보관,"6,000,000","4,200,000",낙찰,"5,239,999",87.30%,2021-06-25,2021_2Q,3
광주 3계 2020-75263,차량,기타토지,기타토지,광주,남구,광주 남구 송하동 348-1 송원주차장(010-6540-7261)내 보관,"14,000,000","9,800,000",낙찰,"12,275,122",87.70%,2021-04-29,2021_2Q,3
광주 4계 2020-75270,차량,기타토지,기타토지,광주,광산구,광주 광산구 산정동 156 현대주차장내 보관,"12,000,000","8,400,000",낙찰,"9,800,000",81.70%,2021-04-13,2021_2Q,3
광주 3계 2020-75331,아파트,아파트,아파트,광주,남구,광주 남구 행암동 598 효천엘에이치천년나무4단지 403동 1층 103호,"268,000,000","187,600,000",낙찰,"256,112,000",95.60%,2021-06-10,2021_2Q,3
광주 9계 2020-75409,차량,기타토지,기타토지,광주,광산구,광주 광산구 산정동 156 현대주차장내 보관(제3자김인호(062-953-8424)에게보관),"24,000,000","16,800,000",낙찰,"21,721,000",90.50%,2021-04-21,2021_2Q,3
광주 1계 2020-75430(2),차량,기타토지,기타토지,광주,광산구,광주 광산구 우산동 218-5 서창다리주차장내보관,"16,000,000","11,200,000",낙찰,"14,450,000",90.30%,2021-05-10,2021_2Q,3
광주 1계 2020-75430(3),차량,기타토지,기타토지,광주,광산구,광주 광산구 우산동 218-5 서창다리주차장내보관,"7,000,000","4,900,000",낙찰,"7,110,000",101.60%,2021-05-10,2021_2Q,3
광주 1계 2020-75430(5),차량,기타토지,기타토지,광주,광산구,광주 광산구 우산동 218-5 서창다리주차장내보관,"2,500,000","1,750,000",낙찰,"1,810,000",72.40%,2021-05-10,2021_2Q,3
광주 2계 2020-75454,아파트,아파트,아파트,광주,북구,"광주 북구 양산동 205-6 ,본촌동 69-22,-23,-37 일신2차 203동 5층 503호","139,000,000","97,300,000",낙찰,"117,890,000",84.80%,2021-05-20,2021_2Q,3
광주 7계 2020-75553,아파트,아파트,아파트,광주,광산구,광주 광산구 선암동 782 선운지구진아리채 104동 2층 203호,"267,000,000","186,900,000",낙찰,"250,100,000",93.70%,2021-06-22,2021_2Q,3
광주 9계 2020-75577,아파트,아파트,아파트,광주,서구,광주 서구 금호동 787 중흥 107동 1층 109호,"172,000,000","120,400,000",낙찰,"143,000,000",83.10%,2021-04-21,2021_2Q,3
광주 2계 2020-75690,차량,기타토지,기타토지,광주,광산구,광주 광산구 산정동 156 송암주차장(062-953-8424)내 보관,"30,000,000","21,000,000",낙찰,"28,111,000",93.70%,2021-05-20,2021_2Q,3
광주 10계 2020-75867,차량,기타토지,기타토지,광주,광산구,"광주 광산구 수완동 269-19 수완컨테이너하우스내 보관(070-4102-5929, 010-2612-5929)","8,000,000","4,480,000",낙찰,"4,711,000",58.90%,2021-06-25,2021_2Q,3
광주 10계 2020-75898,아파트,아파트,아파트,광주,북구,광주 북구 신용동 655 첨단2지구제일풍경채 104동 19층 1901호,"495,000,000","495,000,000",낙찰,"516,770,000",104.40%,2021-05-14,2021_2Q,3
광주 1계 2020-75911(1),답,답,답,광주,광산구,광주 광산구 광산동 111-7,"10,585,470","7,410,000",낙찰,"9,010,000",85.10%,2021-06-23,2021_2Q,3
광주 1계 2020-75911(2),전,전,전,광주,광산구,광주 광산구 광산동 130,"1,301,130","1,301,130",낙찰,"1,979,990",152.20%,2021-05-10,2021_2Q,3
광주 1계 2020-75911(3),단독주택,단독,단독주택,광주,광산구,광주 광산구 광산동 143,"24,961,480","17,473,000",낙찰,"20,350,000",81.50%,2021-06-23,2021_2Q,3
광주 5계 2020-75980,차량,기타토지,기타토지,광주,남구,광주 남구 송하동 348-1 송원주차장내 보관(010-6540-7261),"9,000,000","9,000,000",낙찰,"10,100,000",112.20%,2021-04-27,2021_2Q,3
광주 6계 2020-76167,대지,나대지,나대지,광주,동구,광주 동구 소태동 261,"346,809,200","242,766,000",낙찰,"254,112,000",73.30%,2021-06-16,2021_2Q,3
광주 8계 2020-76211,아파트,아파트,아파트,광주,광산구,광주 광산구 우산동 1039-5 대덕 202동 4층 510호,"73,000,000","51,100,000",낙찰,"61,000,000",83.60%,2021-05-13,2021_2Q,3
광주 6계 2020-76266,차량,기타토지,기타토지,광주,광산구,광주 광산구 산정동 156 현대주차장내 보관(062-953-8424),"13,000,000","9,100,000",낙찰,"11,720,000",90.20%,2021-05-04,2021_2Q,3
광주 7계 2020-76334,차량,기타토지,기타토지,광주,광산구,"광주 광산구 수완동 269-19 (주)수완컨테이너하우스(070-4102-5929,010-2612-5929)내 보관","19,500,000","13,650,000",낙찰,"14,110,000",72.40%,2021-06-22,2021_2Q,3
광주 9계 2020-76372,차량,기타토지,기타토지,광주,광산구,광주 광산구 우산동 218-5 서창다리주차장내 보관(채권자아주캐피탈에게보관),"9,500,000","5,320,000",낙찰,"6,311,500",66.40%,2021-06-02,2021_2Q,3
광주 7계 2020-76532,중기,기타토지,기타토지,광주,광산구,광주 광산구 신창동 1021-19 대명주차장내 보관(제3자 (주)대명씨앤피),"15,000,000","10,500,000",낙찰,"13,099,000",87.30%,2021-05-11,2021_2Q,3
광주 5계 2020-76570,아파트,아파트,아파트,광주,광산구,광주 광산구 월곡동 685-1 영천마을 주공 1009동 4층 405호,"175,000,000","122,500,000",낙찰,"155,800,000",89.00%,2021-06-09,2021_2Q,3
광주 1계 2020-76778,근린상가,근린상가,근린상가,광주,북구,광주 북구 임동 31-19 주건축물제1동,"586,291,300","586,291,300",낙찰,"870,000,000",148.40%,2021-05-10,2021_2Q,3
광주 8계 2020-76976,임야,임야,임야,광주,남구,광주 남구 화장동 397-6,"15,212,500","15,212,500",낙찰,"18,408,000",121.00%,2021-05-13,2021_2Q,3
광주 1계 2020-77047,차량,기타토지,기타토지,광주,남구,광주 남구 송하동 348-1 송원주차장내보관,"14,000,000","9,800,000",낙찰,"14,000,000",100.00%,2021-05-10,2021_2Q,3
광주 10계 2020-77146,아파트,아파트,아파트,광주,남구,광주 남구 방림동 556 모아 105동 12층 1305호,"155,000,000","108,500,000",낙찰,"161,000,000",103.90%,2021-06-25,2021_2Q,3
광주 5계 2020-77207,차량,기타토지,기타토지,광주,광산구,"광주 광산구 산정동 156 현대주차장내 보관(062-953-8424, 010-5550-8424)","11,500,000","8,050,000",낙찰,"9,010,000",78.30%,2021-06-09,2021_2Q,3
광주 7계 2020-77535,아파트,아파트,아파트,광주,서구,광주 서구 쌍촌동 1380 상무엘리체 104동 11층 1103호,"464,000,000","324,800,000",낙찰,"506,900,000",109.20%,2021-06-22,2021_2Q,3
광주 6계 2021-174(3),답,답,답,광주,남구,광주 남구 노대동 524,"845,775,000","845,775,000",낙찰,"911,110,000",107.70%,2021-06-16,2021_2Q,3
광주 6계 2021-174(4),종교용지,기타건물,기타건물,광주,서구,광주 서구 매월동 274-5,"437,052,000","437,052,000",낙찰,"500,000,000",114.40%,2021-06-16,2021_2Q,3
광주 6계 2021-174(5),아파트,아파트,아파트,광주,남구,광주 남구 봉선동 70 한국아델리움 106동 15층 1503호,"1,860,000,000","1,860,000,000",낙찰,"1,930,000,000",103.80%,2021-06-16,2021_2Q,3
광주 7계 2021-235,답,답,답,광주,광산구,광주 광산구 송산동 740-5,"104,465,000","104,465,000",낙찰,"151,789,000",145.30%,2021-05-11,2021_2Q,3
광주 8계 2021-372,차량,기타토지,기타토지,광주,광산구,광주 광산구 산정동 156 현대주차장내 보관,"18,500,000","12,950,000",낙찰,"18,310,000",99.00%,2021-06-24,2021_2Q,3
광주 10계 2021-617(1),창고,기타건물,창고,광주,광산구,"광주 광산구 소촌동 540-1 ,545-24,783-86","1,751,980,600","1,751,980,600",낙찰,"2,352,000,000",134.20%,2021-06-25,2021_2Q,3
광주 6계 2021-723,차량,기타토지,기타토지,광주,광산구,광주 광산구 월전동 92-1 평동주차장내(010-4628-2670) 보관,"7,000,000","4,900,000",낙찰,"5,121,000",73.20%,2021-06-16,2021_2Q,3
광주 9계 2021-754,차량,기타토지,기타토지,광주,북구,광주 북구 삼각동 754-3 글로벌주차장내 보관(제3자 보관(010-6245-1001)),"6,500,000","6,500,000",낙찰,"7,360,000",113.20%,2021-06-02,2021_2Q,3
광주 5계 2021-792,아파트,아파트,아파트,광주,남구,광주 남구 봉선동 490-1 금호타운 204동 14층 1401호,"487,000,000","487,000,000",낙찰,"490,020,000",100.60%,2021-06-09,2021_2Q,3
광주 8계 2021-2101,아파트,아파트,아파트,광주,북구,광주 북구 각화동 471 금호 2동 1층 101호,"160,000,000","160,000,000",낙찰,"161,898,000",101.20%,2021-06-24,2021_2Q,3
광주 5계 2021-2255,차량,기타토지,기타토지,광주,광산구,광주 광산구 월전동 92-1 광주지방법원차량보관소-평동주차장(010-4628-2670)내 보관,"20,000,000","20,000,000",낙찰,"20,110,000",100.60%,2021-06-09,2021_2Q,3
광주 8계 2021-60138,아파트,아파트,아파트,광주,서구,광주 서구 화정동 131-4 삼익 2동 2층 211호,"166,000,000","166,000,000",낙찰,"217,799,900",131.20%,2021-05-13,2021_2Q,3
광주 7계 2021-60190,차량,기타토지,기타토지,광주,광산구,"광주 광산구 산정동 156 현대주차장내 보관(제3자 김인호,062-953-8424,010-5550-8424)","24,000,000","13,440,000",낙찰,"15,230,000",63.50%,2021-06-22,2021_2Q,3
광주 8계 2021-60237,단독주택,단독,단독주택,광주,남구,광주 남구 월산동 24-25,"34,315,000","34,315,000",낙찰,"34,315,000",100.00%,2021-05-13,2021_2Q,3
광주 9계 2021-60602,아파트,아파트,아파트,광주,광산구,광주 광산구 도산동 1316 송정역숲안애 101동 3층 301호,"263,000,000","263,000,000",낙찰,"267,180,000",101.60%,2021-06-02,2021_2Q,3
광주 10계 2021-60640,차량,기타토지,기타토지,광주,광산구,광주 광산구 우산동 218-5 서창다리주차장(010-8466-0864)내 보관,"25,000,000","25,000,000",낙찰,"25,100,000",100.40%,2021-05-14,2021_2Q,3
광주 4계 2021-60787,공장,공장(지식산업센터 업무시설),공장,광주,북구,광주 북구 월출동 977-8,"525,460,400","525,460,400",낙찰,"735,560,500",140.00%,2021-05-25,2021_2Q,3
광주 7계 2021-60855,아파트,아파트,아파트,광주,광산구,광주 광산구 송정동 1516 광주송정역모아엘가 106동 3층 304호,"387,000,000","270,900,000",낙찰,"358,999,900",92.80%,2021-06-22,2021_2Q,3
광주 4계 2021-60916,단독주택,단독,단독주택,광주,광산구,광주 광산구 도산동 966-5,"168,765,200","168,765,200",낙찰,"206,001,100",122.10%,2021-05-25,2021_2Q,3
광주 1계 2021-60961,답,답,답,광주,광산구,광주 광산구 등임동 356-2,"98,322,000","98,322,000",낙찰,"99,012,000",100.70%,2021-06-23,2021_2Q,3
광주 10계 2021-61667,차량,기타토지,기타토지,광주,광산구,광주 광산구 신창동 1021-19 (주)대명씨앤피(010-4601-5479)내 보관,"18,000,000","18,000,000",낙찰,"18,030,000",100.20%,2021-06-25,2021_2Q,3
광주 7계 2021-62301,차량,기타토지,기타토지,광주,광산구,광주 광산구 산정동 156 제3자송암주차장내 보관,"5,500,000","3,850,000",낙찰,"4,620,000",84.00%,2021-06-22,2021_2Q,3
광주 1계 2018-2521(1),근린상가,근린상가,근린상가,광주,북구,"광주 북구 용봉동 17-1 ,-16,-21,30-55,-58,110-14,457-5 굿모닝타운 지1층 106호","901,000,000","504,560,000",낙찰,"641,000,000",71.10%,2021-03-31,2021_1Q,3
광주 1계 2020-6014,아파트,아파트,아파트,광주,북구,광주 북구 일곡동 814-3 일곡롯데 103동 4층 401호,"172,000,000","120,400,000",낙찰,"165,112,000",96.00%,2021-03-31,2021_1Q,3
광주 1계 2020-9044,아파트,아파트,아파트,광주,동구,광주 동구 산수동 568-1 두암타운 109동 1층 102호,"197,000,000","137,900,000",낙찰,"215,226,240",109.30%,2021-03-31,2021_1Q,3
광주 7계 2020-9822,아파트,아파트,아파트,광주,광산구,광주 광산구 쌍암동 694-74 윤진리안채 14층 1410호,"94,000,000","42,112,000",낙찰,"85,000,000",90.40%,2021-03-30,2021_1Q,3
광주 6계 2020-11566,차량,기타토지,기타토지,광주,광산구,광주 광산구 수완동 269-19 수완컨테이너하우스내 보관(070-4102-5929),"12,800,000","8,960,000",낙찰,"12,100,000",94.50%,2021-03-24,2021_1Q,3
광주 7계 2020-11863,오피스텔(주거),오피스텔,오피스텔(업무용),광주,북구,광주 북구 우산동 554-25 주건축물제1동 202호,"150,000,000","105,000,000",낙찰,"120,000,000",80.00%,2021-03-30,2021_1Q,3
광주 7계 2020-11962,아파트,아파트,아파트,광주,북구,광주 북구 두암동 825-1 문화 5층 503호,"63,000,000","44,100,000",낙찰,"55,000,000",87.30%,2021-03-30,2021_1Q,3
광주 6계 2020-12026,차량,기타토지,기타토지,광주,남구,광주 남구 송하동 348-1 송원주차장내 보관(010-6540-7261),"15,000,000","10,500,000",낙찰,"13,050,000",87.00%,2021-03-24,2021_1Q,3
광주 7계 2020-12187,아파트,아파트,아파트,광주,광산구,광주 광산구 월곡동 681-1 영천마을 주공 916동 9층 904호,"223,000,000","156,100,000",낙찰,"205,510,000",92.20%,2021-03-30,2021_1Q,3
광주 6계 2020-12262,연립,연립주택,연립·빌라,광주,서구,광주 서구 쌍촌동 531-1 쌍촌동도시형생활주택 3층 311호,"63,000,000","44,100,000",낙찰,"50,000,000",79.40%,2021-03-24,2021_1Q,3
광주 6계 2020-12514(1),답,답,답,광주,북구,광주 북구 금곡동 932-1,"12,126,000","12,126,000",낙찰,"27,000,000",222.70%,2021-03-24,2021_1Q,3
광주 6계 2020-13036,차량,기타토지,기타토지,광주,서구,광주 서구 금호동 531 하나로에프엔시주차장내 보관(011-372-2362),"10,000,000","7,000,000",낙찰,"7,780,000",77.80%,2021-03-24,2021_1Q,3
광주 1계 2020-13364,점포,근린상가,점포상가,광주,북구,광주 북구 동림동 922-2 1동,"1,239,024,000","1,239,024,000",낙찰,"1,339,339,000",108.10%,2021-03-31,2021_1Q,3
광주 1계 2020-13654,차량,기타토지,기타토지,광주,북구,광주 북구 삼각동 754-3 글로벌주차장내 보관,"30,000,000","21,000,000",낙찰,"27,800,000",92.70%,2021-03-31,2021_1Q,3
광주 6계 2020-13920,아파트,아파트,아파트,광주,동구,광주 동구 산수동 568-1 두암타운 103동 2층 201호,"206,000,000","206,000,000",낙찰,"222,358,000",107.90%,2021-03-24,2021_1Q,3
광주 7계 2020-14138,답,답,답,광주,북구,광주 북구 장등동 778-5,"153,504,000","153,504,000",낙찰,"173,999,900",113.40%,2021-03-30,2021_1Q,3
광주 7계 2020-62779,점포,근린상가,점포상가,광주,북구,광주 북구 운암동 420-17,"86,930,084","48,681,000",낙찰,"63,800,000",73.40%,2021-03-30,2021_1Q,3
광주 1계 2020-72370,아파트,아파트,아파트,광주,광산구,"광주 광산구 소촌동 290-32 ,-33 온세계아트빌 101동 5층 503호","184,000,000","128,800,000",낙찰,"136,829,000",74.40%,2021-03-31,2021_1Q,3
광주 6계 2020-72936(2),답,답,답,광주,서구,광주 서구 벽진동 530-17,"1,955,285,000","1,955,285,000",낙찰,"2,003,030,000",102.40%,2021-03-24,2021_1Q,3
광주 6계 2020-73281,중기,기타토지,기타토지,광주,광산구,광주 광산구 월전동 92-1 평동주차장내 보관(010-4628-2670),"60,000,000","42,000,000",낙찰,"50,380,000",84.00%,2021-03-24,2021_1Q,3
광주 6계 2020-73588,차량,기타토지,기타토지,광주,광산구,광주 광산구 우산동 218-5 서창다리주차장내 보관,"15,500,000","10,850,000",낙찰,"12,870,000",83.00%,2021-03-24,2021_1Q,3
광주 6계 2020-73601,아파트,아파트,아파트,광주,북구,광주 북구 일곡동 816-4 삼호 102동 1층 101호,"300,000,000","210,000,000",낙찰,"271,300,900",90.40%,2021-03-24,2021_1Q,3
광주 7계 2020-74345,차량,기타토지,기타토지,광주,광산구,"광주 광산구 산정동 156-3 송암주차장내 보관(제3자 한상일에게 보관,062-953-8424,010-5550-8424)","11,500,000","6,440,000",낙찰,"7,999,900",69.60%,2021-03-30,2021_1Q,3
광주 7계 2020-74529,아파트,아파트,아파트,광주,남구,광주 남구 주월동 533-1 서남하이츠 1동 12층 1202호,"150,000,000","105,000,000",낙찰,"138,000,000",92.00%,2021-03-30,2021_1Q,3
광주 6계 2020-74567,아파트,아파트,아파트,광주,남구,광주 남구 방림동 556 모아 106동 10층 1105호,"163,000,000","163,000,000",낙찰,"175,850,000",107.90%,2021-03-24,2021_1Q,3
광주 6계 2020-74895,차량,기타토지,기타토지,광주,서구,광주 서구 금호동 531 하나로에프엔씨주차장내 보관(011-372-2362),"18,000,000","12,600,000",낙찰,"15,720,000",87.30%,2021-03-24,2021_1Q,3
광주 1계 2020-75430(1),차량,기타토지,기타토지,광주,광산구,광주 광산구 우산동 218-5 서창다리주차장내보관,"3,500,000","3,500,000",낙찰,"3,502,000",100.10%,2021-03-31,2021_1Q,3
광주 1계 2020-75430(4),차량,기타토지,기타토지,광주,광산구,광주 광산구 우산동 218-5 서창다리주차장내보관,"5,500,000","5,500,000",낙찰,"5,538,000",100.70%,2021-03-31,2021_1Q,3
광주 1계 2020-75430(6),차량,기타토지,기타토지,광주,광산구,광주 광산구 우산동 218-5 서창다리주차장내보관,"6,500,000","6,500,000",낙찰,"6,701,000",103.10%,2021-03-31,2021_1Q,3
광주 7계 2020-75805,차량,기타토지,기타토지,광주,광산구,"광주 광산구 산정동 156-3 송암주차장내 보관(제3자 한상열에게 보관062-953-8424,010-5550-8424)","7,500,000","5,250,000",낙찰,"5,788,000",77.20%,2021-03-30,2021_1Q,3
