사건번호,용도,LTV_광주,LTV_전북,시도,시군구,소재지,감정가,최저가,결과,낙찰가,낙찰율,매각일,분기,기간구분
대전 7계 2018-17877,공장,공장(지식산업센터 업무시설),공장,세종,세종시,세종 세종시 전의면 읍내리 7-1,"2,543,484,640","1,246,307,000",낙찰,"1,385,926,290",54.5%,2021-05-11,2021_2Q,3
대전 1계 2019-8009,단독주택,단독,단독주택,세종,세종시,세종 세종시 금남면 달전리 119-1 주1동,"127,110,260","43,599,000",낙찰,"72,490,000",57.0%,2021-06-07,2021_2Q,3
대전 5계 2019-8375(1),근린상가,근린상가,근린상가,세종,세종시,세종 세종시 보람동 700-76 위너스타워 7층 701호,"722,000,000","353,780,000",낙찰,"512,700,000",71.0%,2021-06-16,2021_2Q,3
대전 8계 2019-11500,근린상가,근린상가,근린상가,세종,세종시,세종 세종시 종촌동 673 몰리브 3층 301-2호,"600,000,000","205,800,000",낙찰,"206,810,000",34.5%,2021-04-05,2021_2Q,3
대전 5계 2019-16710,근린상가,근린상가,근린상가,세종,세종시,세종 세종시 고운동 2088 삼성프라자 2층 204호,"590,000,000","202,370,000",낙찰,"272,300,000",46.2%,2021-04-07,2021_2Q,3
대전 5계 2019-16796,임야,임야,임야,세종,세종시,세종 세종시 장군면 송문리 387-5,"1,029,078,690","504,249,000",낙찰,"762,220,000",74.1%,2021-06-16,2021_2Q,3
대전 5계 2019-17669,임야,임야,임야,세종,세종시,세종 세종시 장군면 대교리 90-26,"7,713,342,000","3,779,537,000",낙찰,"3,811,550,000",49.4%,2021-06-16,2021_2Q,3
대전 8계 2019-18211,종교시설,기타건물,기타건물,세종,세종시,세종 세종시 전동면 미곡리 20-18 1동호,"603,708,680","207,072,000",낙찰,"375,350,000",62.2%,2021-04-05,2021_2Q,3
대전 7계 2019-108527(1),단독주택,단독,단독주택,세종,세종시,세종 세종시 조치원읍 서창리 168-11 에이플러스원룸,"170,591,350","82,793,000",낙찰,"96,660,000",56.7%,2021-05-11,2021_2Q,3
대전 3계 2019-109544,단독주택,단독,단독주택,세종,세종시,세종 세종시 연서면 고복리 108-4,"43,577,600","14,947,000",낙찰,"22,232,000",51.0%,2021-04-12,2021_2Q,3
대전 8계 2020-4065,단독주택,단독,단독주택,세종,세종시,세종 세종시 조치원읍 침산리 87-42,"301,550,150","211,085,000",낙찰,"275,500,000",91.4%,2021-04-05,2021_2Q,3
대전 7계 2020-5518,임야,임야,임야,세종,세종시,세종 세종시 장군면 봉안리 산49,"923,520,000","646,464,000",낙찰,"977,700,000",105.9%,2021-04-06,2021_2Q,3
대전 8계 2020-6726,전,전,전,세종,세종시,세종 세종시 연서면 와촌리 1101-3,"57,439,200","57,439,200",낙찰,"88,800,000",154.6%,2021-05-10,2021_2Q,3
대전 7계 2020-7187,전,전,전,세종,세종시,세종 세종시 부강면 부강리 876-6,"19,383,000","6,649,000",낙찰,"11,670,000",60.2%,2021-06-15,2021_2Q,3
대전 8계 2020-7507,전,전,전,세종,세종시,세종 세종시 전동면 봉대리 14-1,"230,040,000","78,904,000",낙찰,"80,100,000",34.8%,2021-06-14,2021_2Q,3
대전 4계 2020-7644(1),임야,임야,임야,세종,세종시,세종 세종시 장군면 봉안리 201-9,"75,520,000","75,520,000",낙찰,"210,000,000",278.1%,2021-03-30,2021_1Q,3
대전 4계 2020-7644(2),임야,임야,임야,세종,세종시,세종 세종시 장군면 봉안리 201-10,"147,420,000","147,420,000",낙찰,"255,000,000",173.0%,2021-03-30,2021_1Q,3
대전 4계 2020-7644(3),임야,임야,임야,세종,세종시,세종 세종시 장군면 봉안리 201-46,"78,390,000","78,390,000",낙찰,"125,000,000",159.5%,2021-03-30,2021_1Q,3
대전 9계 2020-7972(1),근린상가,근린상가,근린상가,세종,세종시,세종 세종시 나성동 768 르네상스 1동 1층 101호,"1,244,000,000","426,692,000",낙찰,"501,000,000",40.3%,2021-04-27,2021_2Q,3
대전 9계 2020-7972(2),근린상가,근린상가,근린상가,세종,세종시,세종 세종시 나성동 768 르네상스 1동 1층 102호,"1,474,000,000","505,582,000",낙찰,"654,000,000",44.4%,2021-04-27,2021_2Q,3
대전 9계 2020-7972(3),근린상가,근린상가,근린상가,세종,세종시,세종 세종시 나성동 768 르네상스 1동 1층 103호,"1,250,000,000","428,750,000",낙찰,"550,000,000",44.0%,2021-04-27,2021_2Q,3
대전 9계 2020-7972(4),근린상가,근린상가,근린상가,세종,세종시,세종 세종시 나성동 768 르네상스 1동 1층 105호,"1,285,000,000","440,755,000",낙찰,"585,000,000",45.5%,2021-04-27,2021_2Q,3
대전 9계 2020-7972(5),근린상가,근린상가,근린상가,세종,세종시,세종 세종시 나성동 768 르네상스 1동 1층 109호,"965,000,000","330,995,000",낙찰,"386,990,000",40.1%,2021-04-27,2021_2Q,3
대전 9계 2020-7972(6),근린상가,근린상가,근린상가,세종,세종시,세종 세종시 나성동 768 르네상스 1동 1층 110호,"977,000,000","335,111,000",낙찰,"391,990,000",40.1%,2021-04-27,2021_2Q,3
대전 9계 2020-7972(7),근린상가,근린상가,근린상가,세종,세종시,세종 세종시 나성동 768 르네상스 1동 1층 113호,"1,811,000,000","434,821,000",낙찰,"725,990,000",40.1%,2021-06-01,2021_2Q,3
대전 9계 2020-7972(8),근린상가,근린상가,근린상가,세종,세종시,세종 세종시 나성동 768 르네상스 1동 2층 212호,"710,000,000","243,530,000",낙찰,"321,567,000",45.3%,2021-04-27,2021_2Q,3
대전 5계 2020-8197,근린상가,근린상가,근린상가,세종,세종시,세종 세종시 고운동 1379 고운드림 5층 503호,"206,000,000","100,940,000",낙찰,"126,111,111",61.2%,2021-06-16,2021_2Q,3
대전 7계 2020-8470,근린상가,근린상가,근린상가,세종,세종시,세종 세종시 종촌동 673 몰리브 7층 702-3호,"802,000,000","275,086,000",낙찰,"395,220,000",49.3%,2021-06-15,2021_2Q,3
대전 1계 2020-8968,임야,임야,임야,세종,세종시,세종 세종시 금남면 용포리 산8,"39,270,510","27,489,000",낙찰,"33,255,000",84.7%,2021-05-03,2021_2Q,3
대전 4계 2020-9398,임야,임야,임야,세종,세종시,세종 세종시 장군면 도계리 282-3,"356,640,000","356,640,000",낙찰,"384,000,000",107.7%,2021-03-30,2021_1Q,3
대전 9계 2020-10244,공장,공장(지식산업센터 업무시설),공장,세종,세종시,세종 세종시 소정면 고등리 712 주1동,"4,738,577,910","3,317,005,000",낙찰,"4,081,337,900",86.1%,2021-06-01,2021_2Q,3
대전 1계 2020-11018,근린상가,근린상가,근린상가,세종,세종시,세종 세종시 도담동 653 도램마을11단지 카림애비뉴 1동 1층 1F-115호,"380,000,000","186,200,000",낙찰,"220,050,000",57.9%,2021-06-07,2021_2Q,3
대전 1계 2020-11469,다세대,다세대주택,다세대,세종,세종시,"세종 세종시 전의면 관정리 262-1 ,-11,259-2,-14 정원빌리지 1동 1층 101호","62,000,000","43,400,000",낙찰,"46,690,000",75.3%,2021-05-03,2021_2Q,3
대전 3계 2020-11476,다세대,다세대주택,다세대,세종,세종시,"세종 세종시 전의면 관정리 262-1 ,259-2,262-11,259-14 정원빌리지 1동 1층 102호","62,000,000","30,380,000",낙찰,"41,200,000",66.5%,2021-05-17,2021_2Q,3
대전 5계 2020-11483,다세대,다세대주택,다세대,세종,세종시,"세종 세종시 전의면 관정리 262-1 ,-11,259-2,-14 1동 2층 201호","60,000,000","42,000,000",낙찰,"44,890,000",74.8%,2021-06-16,2021_2Q,3
대전 7계 2020-11506,다세대,다세대주택,다세대,세종,세종시,"세종 세종시 전의면 관정리 262-1 ,-11,259-2,-14 정원빌리지 1동 3층 301호","60,000,000","42,000,000",낙찰,"43,920,000",73.2%,2021-06-15,2021_2Q,3
대전 8계 2020-11513,다세대,다세대주택,다세대,세종,세종시,"세종 세종시 전의면 관정리 262-1 ,259-2,262-11,259-14 정원빌리지 1동 3층 302호","62,000,000","43,400,000",낙찰,"44,490,000",71.8%,2021-05-10,2021_2Q,3
대전 1계 2020-11537,다세대,다세대주택,다세대,세종,세종시,"세종 세종시 전의면 관정리 262-1 ,-11,259-2,-14 정원빌리지 1동 4층 402호","61,000,000","42,700,000",낙찰,"45,396,000",74.4%,2021-05-03,2021_2Q,3
대전 4계 2020-12066,아파트,아파트,아파트,세종,세종시,세종 세종시 조치원읍 죽림리 393 조치원신동아파밀리에 304동 3층 301호,"240,000,000","240,000,000",낙찰,"318,840,000",132.8%,2021-03-30,2021_1Q,3
대전 3계 2020-12318,오피스텔,오피스텔,오피스텔(업무용),세종,세종시,세종 세종시 어진동 648 2차푸르지오시티 13층 1345호,"85,000,000","59,500,000",낙찰,"82,923,990",97.6%,2021-05-17,2021_2Q,3
대전 3계 2020-13052,임야,임야,임야,세종,세종시,세종 세종시 금남면 원봉리 306-6,"34,064,160","34,064,160",낙찰,"51,600,000",151.5%,2021-04-12,2021_2Q,3
대전 3계 2020-13373,다세대,다세대주택,다세대,세종,세종시,세종 세종시 금남면 용포리 107 금융주택 나동 2층 202호,"76,000,000","76,000,000",낙찰,"86,190,000",113.4%,2021-04-12,2021_2Q,3
대전 7계 2020-13458(1),답,답,답,세종,세종시,세종 세종시 연서면 청라리 155,"138,460,000","138,460,000",낙찰,"150,300,000",108.6%,2021-05-11,2021_2Q,3
대전 2계 2020-13823,중기,기타토지,기타토지,세종,세종시,세종 세종시 연동면 응암리 925 아이씨디동 1층내 보관(채권자 롯데오토리스(주)에게 보관),"140,000,000","98,000,000",낙찰,"105,222,000",75.2%,2021-05-31,2021_2Q,3
대전 8계 2020-13991,오피스텔,오피스텔,오피스텔(업무용),세종,세종시,세종 세종시 나성동 768 르네상스 1동 7층 709호,"249,000,000","174,300,000",낙찰,"192,660,000",77.4%,2021-06-14,2021_2Q,3
대전 8계 2020-102013(1),임야,임야,임야,세종,세종시,세종 세종시 장군면 평기리 154-5,"5,256,250","3,679,000",낙찰,"4,775,000",90.8%,2021-04-05,2021_2Q,3
대전 1계 2020-104064,오피스텔,오피스텔,오피스텔(업무용),세종,세종시,세종 세종시 나성동 713 세진이너스빌 주1동 8층 809호,"130,000,000","91,000,000",낙찰,"105,312,240",81.0%,2021-03-29,2021_1Q,3
대전 2계 2020-104606,중기,기타토지,기타토지,세종,세종시,세종 세종시 연동면 응암리 925 채권자 엔에이치농협캐피탈에게 보관,"24,000,000","16,800,000",낙찰,"16,820,000",70.1%,2021-05-31,2021_2Q,3
대전 4계 2020-105326(1),공장,공장(지식산업센터 업무시설),공장,세종,세종시,세종 세종시 부강면 금호리 689 주건축물제1동,"1,681,344,680","1,681,344,680",낙찰,"1,717,777,000",102.2%,2021-03-30,2021_1Q,3
대전 4계 2020-105326(2),전,전,전,세종,세종시,세종 세종시 부강면 금호리 689-1,"130,500,000","130,500,000",낙찰,"216,000,000",165.5%,2021-03-30,2021_1Q,3
대전 2계 2020-105654,중기,기타토지,기타토지,세종,세종시,세종 세종시 연동면 응암리 454-9 1층주차장내 보관(채권자롯데오토리스에게보관),"122,000,000","85,400,000",낙찰,"98,833,000",81.0%,2021-04-26,2021_2Q,3
대전 2계 2020-105876,중기,기타토지,기타토지,세종,세종시,세종 세종시 연동면 응암리 925-9 1층주차장내 보관(채권자롯데오토리스에게보관),"165,000,000","115,500,000",낙찰,"123,680,000",75.0%,2021-04-26,2021_2Q,3
대전 6계 2020-106053,근린상가,근린상가,근린상가,세종,세종시,세종 세종시 조치원읍 남리 430,"755,683,820","528,979,000",낙찰,"544,000,000",72.0%,2021-04-28,2021_2Q,3
대전 2계 2020-106459,중기,기타토지,기타토지,세종,세종시,세종 세종시 연동면 응암리 454-9 1층내 보관(채권자 롯데오토리스(주)에게 보관),"35,000,000","35,000,000",낙찰,"37,140,000",106.1%,2021-05-31,2021_2Q,3
대전 6계 2020-106992,근린상가,근린상가,근린상가,세종,세종시,세종 세종시 보람동 751 골드타워 5층 509호,"234,000,000","163,800,000",낙찰,"171,000,000",73.1%,2021-06-02,2021_2Q,3
대전 2계 2020-107360,중기,기타토지,기타토지,세종,세종시,세종 세종시 연동면 응암리 454-9 1층내 보관(채권자 롯데오토리스(주)에게 보관),"20,000,000","20,000,000",낙찰,"22,060,000",110.3%,2021-05-31,2021_2Q,3
대전 7계 2020-107469,임야,임야,임야,세종,세종시,세종 세종시 장군면 산학리 141-22,"380,812,800","380,812,800",낙찰,"385,200,000",101.2%,2021-06-15,2021_2Q,3
대전 8계 2020-107629,하천,기타토지,기타토지,세종,세종시,세종 세종시 전의면 신정리 525-1,"77,580,000","54,306,000",낙찰,"73,888,000",95.2%,2021-06-14,2021_2Q,3
대전 7계 2020-108226,아파트,아파트,아파트,세종,세종시,세종 세종시 조치원읍 교리 140 현대 102동 14층 1407호,"171,000,000","171,000,000",낙찰,"210,896,000",123.3%,2021-04-06,2021_2Q,3
대전 4계 2020-108448,단독주택,단독,단독주택,세종,세종시,세종 세종시 조치원읍 신흥리 283 1호,"439,938,400","439,938,400",낙찰,"453,201,000",103.0%,2021-05-04,2021_2Q,3
대전 2계 2020-108639,중기,기타토지,기타토지,세종,세종시,세종 세종시 연동면 응암리 454-9 1층주차장부근(통칭 이든주차장)내 보관(채권자롯데오토리스에게보관),"90,000,000","63,000,000",낙찰,"84,312,000",93.7%,2021-04-26,2021_2Q,3
대전 1계 2020-108929(1),근린상가,근린상가,근린상가,세종,세종시,세종 세종시 종촌동 653 세종퍼스트아이존 상가동 1층 학원1-01호,"1,252,000,000","876,400,000",낙찰,"1,039,880,000",83.1%,2021-06-07,2021_2Q,3
대전 1계 2020-108929(2),근린상가,근린상가,근린상가,세종,세종시,세종 세종시 종촌동 653 세종퍼스트아이존 상가동 2층 학원2-02호,"232,000,000","232,000,000",낙찰,"263,333,888",113.5%,2021-05-03,2021_2Q,3
대전 1계 2020-108929(3),근린상가,근린상가,근린상가,세종,세종시,세종 세종시 종촌동 653 세종퍼스트아이존 상가동 2층 학원2-01호,"241,000,000","241,000,000",낙찰,"268,943,000",111.6%,2021-05-03,2021_2Q,3
대전 1계 2020-108929(4),근린상가,근린상가,근린상가,세종,세종시,세종 세종시 종촌동 653 세종퍼스트아이존 상가동 3층 체육도장3-01호,"372,000,000","372,000,000",낙찰,"452,100,000",121.5%,2021-05-03,2021_2Q,3
대전 1계 2020-108929(5),노유자시설,기타건물,노유자시설,세종,세종시,세종 세종시 종촌동 653 세종퍼스트아이존 1층 노유1-01호,"4,205,000,000","2,943,500,000",낙찰,"3,770,000,000",89.7%,2021-06-07,2021_2Q,3
대전 4계 2020-109014(1),근린상가,근린상가,근린상가,세종,세종시,세종 세종시 보람동 706 리버피크닉 1층 112호,"516,000,000","361,200,000",낙찰,"366,160,000",71.0%,2021-05-04,2021_2Q,3
대전 4계 2020-109014(2),근린상가,근린상가,근린상가,세종,세종시,세종 세종시 보람동 706 리버피크닉 1층 113호,"516,000,000","361,200,000",낙찰,"366,660,000",71.1%,2021-05-04,2021_2Q,3
대전 4계 2020-109014(3),근린상가,근린상가,근린상가,세종,세종시,세종 세종시 보람동 706 리버피크닉 2층 201호,"973,000,000","476,770,000",낙찰,"621,110,000",63.8%,2021-06-08,2021_2Q,3
대전 2계 2020-109175,중기,기타토지,기타토지,세종,세종시,세종 세종시 연동면 응암리 454-9 신성한울림주차장내 보관(채권자 메리츠캐피탈(주)에게 보관),"35,000,000","24,500,000",낙찰,"28,899,100",82.6%,2021-05-31,2021_2Q,3
대전 7계 2020-109724(1),임야,임야,임야,세종,세종시,세종 세종시 금남면 달전리 산73,"66,165,000","66,165,000",낙찰,"109,900,900",166.1%,2021-06-15,2021_2Q,3
대전 7계 2020-109724(2),임야,임야,임야,세종,세종시,세종 세종시 금남면 달전리 산71,"201,184,500","201,184,500",낙찰,"223,200,000",110.9%,2021-06-15,2021_2Q,3
대전 5계 2020-110557,단독주택,단독,단독주택,세종,세종시,세종 세종시 조치원읍 봉산리 191-11,"22,240,840","22,240,840",낙찰,"34,890,000",156.9%,2021-06-16,2021_2Q,3
대전 4계 2021-100021,단독주택,단독,단독주택,세종,세종시,세종 세종시 연동면 예양리 619-3,"49,779,000","49,779,000",낙찰,"67,000,000",134.6%,2021-05-04,2021_2Q,3
대전 4계 2019-15328,아파트,아파트,아파트,세종,세종시,"세종 세종시 전의면 유천리 528 ,530,531 민석그린 104동 5층 507호","67,000,000","32,830,000",낙찰,"51,198,000",76.4%,2021-07-13,2021_3Q,3
대전 8계 2019-15953,전,전,전,세종,세종시,세종 세종시 전의면 동교리 152-20,"18,147,400","12,703,000",낙찰,"18,800,000",103.6%,2021-09-06,2021_3Q,3
대전 9계 2020-605,임야,임야,임야,세종,세종시,세종 세종시 부강면 문곡리 산25-38,"59,508,000","14,288,000",낙찰,"25,399,000",42.7%,2021-07-06,2021_3Q,3
대전 2계 2020-4867,중기,기타토지,기타토지,세종,세종시,세종 세종시 연동면 응암리 925 이든컴퍼니(채권자메리츠캐피탈)내 보관,"85,000,000","29,155,000",낙찰,"46,350,000",54.5%,2021-07-05,2021_3Q,3
대전 1계 2020-4881,임야,임야,임야,세종,세종시,세종 세종시 장군면 하봉리 산12-76,"1,600,389,450","1,600,389,450",낙찰,"2,172,772,000",135.8%,2021-07-12,2021_3Q,3
대전 5계 2020-5884(1),근린상가,근린상가,근린상가,세종,세종시,"세종 세종시 부강면 부강리 1251-15 ,1246-5,1301-1,1308-1 1동 1층 101호","770,000,000","264,110,000",낙찰,"312,800,000",40.6%,2021-07-21,2021_3Q,3
대전 5계 2020-5884(2),근린상가,근린상가,근린상가,세종,세종시,"세종 세종시 부강면 부강리 1251-15 ,1246-5,1301-1,1308-1 1동 1층 118호","560,000,000","192,080,000",낙찰,"218,000,000",38.9%,2021-07-21,2021_3Q,3
대전 5계 2020-5884(3),근린상가,근린상가,근린상가,세종,세종시,"세종 세종시 부강면 부강리 1251-15 ,1246-5,1301-1,1308-1 1동 1층 119호","560,000,000","192,080,000",낙찰,"218,000,000",38.9%,2021-07-21,2021_3Q,3
대전 2계 2020-6221,중기,기타토지,기타토지,세종,세종시,세종 세종시 연동면 응암리 925 채권자 메리츠캐피탈에게 보관,"100,000,000","49,000,000",낙찰,"63,750,000",63.7%,2021-07-05,2021_3Q,3
대전 6계 2020-6467,단독주택,단독,단독주택,세종,세종시,세종 세종시 장군면 대교리 326-6,"302,356,440","148,155,000",낙찰,"191,111,000",63.2%,2021-08-25,2021_3Q,3
대전 7계 2020-6634,임야,임야,임야,세종,세종시,세종 세종시 전의면 유천리 산134,"344,729,000","118,242,000",낙찰,"153,939,000",44.7%,2021-10-12,2021_4Q,3
대전 5계 2020-7071,다가구,다가구,다가구,세종,세종시,세종 세종시 조치원읍 서창리 42-260 1동,"784,694,640","384,500,000",낙찰,"612,100,000",78.0%,2021-07-21,2021_3Q,3
대전 8계 2020-8234,임야,임야,임야,세종,세종시,세종 세종시 금남면 원봉리 99-29,"1,012,302,000","708,611,000",낙찰,"802,999,000",79.3%,2021-09-06,2021_3Q,3
대전 9계 2020-8715,근린상가,근린상가,근린상가,세종,세종시,세종 세종시 보람동 711 금강베네치아 4층 407호,"466,000,000","228,340,000",낙찰,"311,000,000",66.7%,2021-11-02,2021_4Q,3
대전 6계 2020-11490,다세대,다세대주택,다세대,세종,세종시,"세종 세종시 전의면 관정리 262-1 ,259-2,262-11,259-14 정원빌리지 1동 2층 202호","58,000,000","40,600,000",낙찰,"46,520,000",80.2%,2021-08-25,2021_3Q,3
대전 9계 2020-11520,다세대,다세대주택,다세대,세종,세종시,"세종 세종시 전의면 관정리 262-1 ,-11,259-2,-14 정원빌리지 1동 4층 401호","62,000,000","30,380,000",낙찰,"30,382,000",49.0%,2021-09-28,2021_3Q,3
대전 5계 2020-11568,근린상가,근린상가,근린상가,세종,세종시,세종 세종시 한솔동 927 한솔빌딩 1동 2층 203호,"492,000,000","241,080,000",낙찰,"339,000,000",68.9%,2021-07-21,2021_3Q,3
대전 5계 2020-12547,임야,임야,임야,세종,세종시,세종 세종시 부강면 행산리 산25,"13,697,940","9,589,000",낙찰,"11,100,000",81.0%,2021-07-21,2021_3Q,3
대전 7계 2020-13458(2),전,전,전,세종,세종시,세종 세종시 연서면 청라리 155-1,"31,433,000","31,433,000",낙찰,"35,525,600",113.0%,2021-07-20,2021_3Q,3
대전 8계 2020-13786,단독주택,단독,단독주택,세종,세종시,세종 세종시 부강면 문곡리 849-12 1동,"222,598,280","155,819,000",낙찰,"156,900,000",70.5%,2021-12-20,2021_4Q,3
대전 9계 2020-13946(1),임야,임야,임야,세종,세종시,세종 세종시 장군면 송문리 232-11,"60,481,500","42,337,000",낙찰,"48,687,990",80.5%,2021-07-06,2021_3Q,3
대전 9계 2020-13946(2),임야,임야,임야,세종,세종시,세종 세종시 장군면 송문리 232-12,"54,036,750","37,826,000",낙찰,"45,391,900",84.0%,2021-07-06,2021_3Q,3
대전 6계 2020-14062(1),근린상가,근린상가,근린상가,세종,세종시,세종 세종시 고운동 1373 고운에듀프라자 3층 305호,"584,422,000","286,367,000",낙찰,"362,341,640",62.0%,2021-09-29,2021_3Q,3
대전 6계 2020-14062(2),근린상가,근린상가,근린상가,세종,세종시,세종 세종시 고운동 1373 고운에듀프라자 6층 601호,"1,827,732,000","895,588,000",낙찰,"1,188,025,800",65.0%,2021-09-29,2021_3Q,3
대전 6계 2020-14062(3),근린상가,근린상가,근린상가,세종,세종시,세종 세종시 고운동 1373 고운에듀프라자 7층 701호,"242,228,000","83,084,000",낙찰,"138,100,000",57.0%,2021-11-03,2021_4Q,3
대전 6계 2020-14062(4),근린상가,근린상가,근린상가,세종,세종시,세종 세종시 고운동 1373 고운에듀프라자 7층 702호,"259,966,000","89,168,000",낙찰,"138,000,000",53.1%,2021-11-03,2021_4Q,3
대전 6계 2020-14062(5),근린상가,근린상가,근린상가,세종,세종시,세종 세종시 고운동 1373 고운에듀프라자 7층 703호,"349,227,000","119,785,000",낙찰,"186,300,000",53.3%,2021-11-03,2021_4Q,3
대전 6계 2020-14062(6),근린상가,근린상가,근린상가,세종,세종시,세종 세종시 고운동 1373 고운에듀프라자 7층 704호,"404,145,000","198,031,000",낙찰,"200,041,000",49.5%,2021-09-29,2021_3Q,3
대전 6계 2020-14062(7),근린상가,근린상가,근린상가,세종,세종시,세종 세종시 고운동 1373 고운에듀프라자 7층 705호,"572,368,000","196,323,000",낙찰,"274,740,000",48.0%,2021-11-03,2021_4Q,3
대전 1계 2020-14154,임야,임야,임야,세종,세종시,세종 세종시 전의면 양곡리 산57,"990,000,000","339,570,000",낙찰,"370,060,000",37.4%,2021-08-30,2021_3Q,3
대전 2계 2020-103214,중기,기타토지,기타토지,세종,세종시,세종 세종시 연동면 응암리 925 (채권자메리츠캐피탈)내 보관,"55,000,000","13,206,000",낙찰,"21,000,000",38.2%,2021-07-05,2021_3Q,3
대전 2계 2020-105739,차량,기타토지,기타토지,세종,세종시,세종 세종시 연동면 응암리 925 채권자 메리츠캐피탈(주)에게 보관,"23,000,000","16,100,000",낙찰,"20,911,000",90.9%,2021-07-05,2021_3Q,3
대전 3계 2020-105937,다세대,다세대주택,다세대,세종,세종시,세종 세종시 나성동 730 에스알파크시티 1층 101호,"939,000,000","460,110,000",낙찰,"630,123,000",67.1%,2021-09-13,2021_3Q,3
대전 8계 2020-106077,대지,나대지,나대지,세종,세종시,세종 세종시 전동면 송곡리 214-10,"403,100,000","282,170,000",낙찰,"368,000,000",91.3%,2021-10-19,2021_4Q,3
대전 6계 2020-106435,근린상가,근린상가,근린상가,세종,세종시,세종 세종시 소담동 544 아크레타아이콤스타타워 1층 104호,"939,000,000","657,300,000",낙찰,"686,210,000",73.1%,2021-11-03,2021_4Q,3
대전 2계 2020-106633,차량,기타토지,기타토지,세종,세종시,세종 세종시 연동면 응암리 454-9 1층주차장내 보관,"55,000,000","38,500,000",낙찰,"38,580,000",70.1%,2021-09-27,2021_3Q,3
대전 5계 2020-107575,전,전,전,세종,세종시,세종 세종시 연서면 용암리 252,"316,214,000","316,214,000",낙찰,"317,150,000",100.3%,2021-11-17,2021_4Q,3
대전 8계 2020-108509,임야,임야,임야,세종,세종시,세종 세종시 전동면 노장리 산87,"4,905,000","3,434,000",낙찰,"8,200,000",167.2%,2021-12-20,2021_4Q,3
대전 2계 2020-108592,중기,기타토지,기타토지,세종,세종시,세종 세종시 연동면 응암리 925 1층주차장내 보관,"50,000,000","24,500,000",낙찰,"27,010,000",54.0%,2021-09-27,2021_3Q,3
대전 2계 2020-108646,중기,기타토지,기타토지,세종,세종시,세종 세종시 연동면 응암리 454-9 1층주차장내 보관,"43,000,000","30,100,000",낙찰,"30,200,000",70.2%,2021-08-23,2021_3Q,3
대전 1계 2020-108783,근린상가,근린상가,근린상가,세종,세종시,세종 세종시 새롬동 579 해피라움더블유 1층 135호,"1,060,000,000","742,000,000",낙찰,"830,010,000",78.3%,2021-11-08,2021_4Q,3
대전 2계 2020-109526(1),중기,기타토지,기타토지,세종,세종시,세종 세종시 연동면 응암리 925 신성한울림주차장내 보관,"25,000,000","17,500,000",낙찰,"20,077,000",80.3%,2021-08-23,2021_3Q,3
대전 2계 2020-109526(2),중기,기타토지,기타토지,세종,세종시,세종 세종시 연동면 응암리 925 신성한울림주차장내 보관,"25,000,000","17,500,000",낙찰,"18,500,000",74.0%,2021-08-23,2021_3Q,3
대전 2계 2020-110083,중기,기타토지,기타토지,세종,세종시,세종 세종시 연동면 응암리 925 중부복합물류터미널 ICD동내 보관(채권자 효성캐피탈(주)에게 보관(채권자가 신성한울림주차장 임동철에게 재보관시킴)),"38,500,000","18,865,000",낙찰,"23,411,000",60.8%,2021-07-05,2021_3Q,3
대전 2계 2020-110328,차량,기타토지,기타토지,세종,세종시,세종 세종시 연동면 응암리 925 아이씨디동 1층내 보관(채권자 롯데오토리스(주)에게 보관),"42,000,000","4,941,000",낙찰,"5,280,000",12.6%,2021-12-06,2021_4Q,3
대전 2계 2020-110793,차량,기타토지,기타토지,세종,세종시,세종 세종시 연동면 응암리 925 아이씨디동 1층내 보관(채권자 롯데오토리스(주)에게 보관),"6,200,000","4,340,000",낙찰,"4,512,000",72.8%,2021-07-05,2021_3Q,3
대전 2계 2020-110809,중기,기타토지,기타토지,세종,세종시,세종 세종시 연동면 응암리 925 아이씨디동 1층내 보관(채권자 롯데오토리스(주)에게 보관),"19,000,000","9,310,000",낙찰,"12,050,000",63.4%,2021-08-23,2021_3Q,3
대전 7계 2020-111222(1),근린상가,근린상가,근린상가,세종,세종시,세종 세종시 조치원읍 번암리 61-6 세종메디컬센터 1동 2층 202호,"1,019,000,000","349,517,000",낙찰,"471,300,000",46.3%,2021-10-12,2021_4Q,3
대전 7계 2020-111222(2),근린상가,근린상가,근린상가,세종,세종시,세종 세종시 조치원읍 번암리 61-6 세종메디컬센터 1동 2층 201호,"862,000,000","295,666,000",낙찰,"398,700,000",46.3%,2021-10-12,2021_4Q,3
대전 7계 2020-111222(3),근린상가,근린상가,근린상가,세종,세종시,세종 세종시 조치원읍 번암리 61-6 세종메디컬센터 1동 2층 203호,"1,072,000,000","367,696,000",낙찰,"495,800,000",46.3%,2021-10-12,2021_4Q,3
대전 9계 2020-111246(1),근린상가,근린상가,근린상가,세종,세종시,세종 세종시 조치원읍 번암리 61-6 1동 4층 401호,"930,000,000","455,700,000",낙찰,"460,100,000",49.5%,2021-11-02,2021_4Q,3
대전 9계 2020-111246(2),근린상가,근린상가,근린상가,세종,세종시,세종 세종시 조치원읍 번암리 61-6 1동 4층 403호,"556,000,000","272,440,000",낙찰,"277,100,000",49.8%,2021-11-02,2021_4Q,3
대전 5계 2021-275(1),임야,임야,임야,세종,세종시,세종 세종시 전동면 노장리 산52-4,"1,042,282,000","357,503,000",낙찰,"421,505,500",40.4%,2021-12-22,2021_4Q,3
대전 5계 2021-763(1),숙박시설,숙박시설,숙박시설,세종,세종시,세종 세종시 조치원읍 원리 9-32,"679,369,400","679,369,400",낙찰,"731,100,000",107.6%,2021-07-21,2021_3Q,3
대전 6계 2021-954(1),근린상가,근린상가,근린상가,세종,세종시,세종 세종시 소담동 529 도경프라자 3층 302호,"563,000,000","275,870,000",낙찰,"350,000,000",62.2%,2021-09-29,2021_3Q,3
대전 6계 2021-954(2),근린상가,근린상가,근린상가,세종,세종시,세종 세종시 소담동 529 도경프라자 5층 504호,"370,000,000","181,300,000",낙찰,"230,000,000",62.2%,2021-09-29,2021_3Q,3
대전 4계 2021-1100,근린상가,근린상가,근린상가,세종,세종시,세종 세종시 나성동 767 갤러리세종프라자 2층 211호,"356,000,000","174,440,000",낙찰,"222,200,000",62.4%,2021-10-05,2021_4Q,3
대전 5계 2021-1117(1),근린상가,근린상가,근린상가,세종,세종시,세종 세종시 대평동 685 씨티오브드림 5층 514호,"212,000,000","72,716,000",낙찰,"100,000,000",47.2%,2021-12-22,2021_4Q,3
대전 5계 2021-1117(2),근린상가,근린상가,근린상가,세종,세종시,세종 세종시 대평동 685 씨티오브드림 5층 515호,"207,000,000","71,001,000",낙찰,"100,000,000",48.3%,2021-12-22,2021_4Q,3
대전 1계 2021-1179,임야,임야,임야,세종,세종시,세종 세종시 전동면 송곡리 산6-16,"5,808,000","2,846,000",낙찰,"6,797,990",117.0%,2021-11-08,2021_4Q,3
대전 8계 2021-1254(2),전,전,전,세종,세종시,세종 세종시 전동면 봉대리 393,"264,017,000","184,812,000",낙찰,"193,455,000",73.3%,2021-10-19,2021_4Q,3
대전 8계 2021-1254(3),전,전,전,세종,세종시,세종 세종시 전동면 봉대리 433,"269,557,000","269,557,000",낙찰,"271,200,000",100.6%,2021-12-20,2021_4Q,3
대전 1계 2021-1285,임야,임야,임야,세종,세종시,세종 세종시 장군면 송문리 281-10,"255,357,100","125,125,000",낙찰,"165,357,100",64.8%,2021-10-06,2021_4Q,3
대전 9계 2021-1865,단독주택,단독,단독주택,세종,세종시,세종 세종시 금남면 원봉리 423-1,"641,454,000","449,018,000",낙찰,"556,000,000",86.7%,2021-11-02,2021_4Q,3
대전 3계 2021-1971,다세대,다세대주택,다세대,세종,세종시,"세종 세종시 금남면 도남리 95 ,96 B동 3층 301호","243,000,000","83,349,000",낙찰,"122,210,000",50.3%,2021-11-22,2021_4Q,3
대전 5계 2021-2349,임야,임야,임야,세종,세종시,세종 세종시 장군면 송학리 479-16,"283,360,000","283,360,000",낙찰,"383,888,000",135.5%,2021-09-08,2021_3Q,3
대전 8계 2021-2509(2),근린상가,근린상가,근린상가,세종,세종시,세종 세종시 조치원읍 번암리 61-6 세종메티컬센터 1동 1층 107호,"415,000,000","142,345,000",낙찰,"142,350,000",34.3%,2021-12-20,2021_4Q,3
대전 8계 2021-2981,임야,임야,임야,세종,세종시,세종 세종시 부강면 노호리 산112,"330,638,800","285,586,400",낙찰,"411,553,000",124.5%,2021-10-19,2021_4Q,3
대전 3계 2021-3120,단독주택,단독,단독주택,세종,세종시,세종 세종시 연동면 문주리 152-12 1동호,"642,771,000","449,940,000",낙찰,"539,999,000",84.0%,2021-10-18,2021_4Q,3
대전 3계 2021-3526,자동차시설,기타건물,기타건물,세종,세종시,세종 세종시 부강면 노호리 360 주건축물 1동,"357,100,540","357,100,540",낙찰,"430,000,000",120.4%,2021-10-18,2021_4Q,3
대전 3계 2021-3717(1),답,답,답,세종,세종시,세종 세종시 부강면 행산리 237-7,"3,514,000","3,514,000",낙찰,"4,270,000",121.5%,2021-10-18,2021_4Q,3
대전 3계 2021-3717(2),답,답,답,세종,세종시,세종 세종시 부강면 행산리 237-9,"27,255,000","27,255,000",낙찰,"27,270,000",100.1%,2021-10-18,2021_4Q,3
대전 3계 2021-3717(3),답,답,답,세종,세종시,세종 세종시 부강면 행산리 237-11,"1,757,000","1,757,000",낙찰,"2,000,000",113.8%,2021-10-18,2021_4Q,3
대전 4계 2021-4611,임야,임야,임야,세종,세종시,세종 세종시 연기면 눌왕리 산83-9,"34,720,000","34,720,000",낙찰,"43,000,000",123.8%,2021-11-09,2021_4Q,3
대전 1계 2021-4703,임야,임야,임야,세종,세종시,세종 세종시 장군면 대교리 산43-9,"281,050,000","281,050,000",낙찰,"310,200,000",110.4%,2021-11-08,2021_4Q,3
대전 4계 2021-4734,아파트,아파트,아파트,세종,세종시,세종 세종시 조치원읍 죽림리 396 자이 124동 15층 1503호,"594,000,000","415,800,000",낙찰,"550,100,000",92.6%,2021-12-14,2021_4Q,3
대전 8계 2021-5133,다세대,다세대주택,다세대,세종,세종시,"세종 세종시 전의면 관정리 262-1 ,-11,259-2,-14 2동 1층 102호","61,000,000","42,700,000",낙찰,"50,907,000",83.5%,2021-12-20,2021_4Q,3
대전 2계 2021-6136,차량,기타토지,기타토지,세종,세종시,세종 세종시 연동면 응암리 925 신성한울림주차장내보관,"16,000,000","11,200,000",낙찰,"11,900,000",74.4%,2021-11-01,2021_4Q,3
대전 5계 2021-6808,답,답,답,세종,세종시,세종 세종시 금남면 대박리 311-1,"72,716,800","72,716,800",낙찰,"97,777,000",134.5%,2021-12-22,2021_4Q,3
대전 2계 2021-100069(1),중기,기타토지,기타토지,세종,세종시,세종 세종시 전동면 노장리 404-8 진화금속내 보관,"9,000,000","6,300,000",낙찰,"8,710,000",96.8%,2021-08-23,2021_3Q,3
대전 2계 2021-100069(2),중기,기타토지,기타토지,세종,세종시,세종 세종시 전동면 노장리 404-8 진화금속내 보관,"7,000,000","7,000,000",낙찰,"8,580,000",122.6%,2021-08-23,2021_3Q,3
대전 8계 2021-100090(2),임야,임야,임야,세종,세종시,세종 세종시 장군면 송학리 산27-1,"184,761,000","129,333,000",낙찰,"190,000,000",102.8%,2021-10-19,2021_4Q,3
대전 7계 2021-100700,근린상가,근린상가,근린상가,세종,세종시,세종 세종시 조치원읍 번암리 61-6 세종메디컬센터 1동 5층 501호,"1,272,000,000","436,296,000",낙찰,"535,000,000",42.1%,2021-12-21,2021_4Q,3
대전 2계 2021-101222,중기,기타토지,기타토지,세종,세종시,세종 세종시 연동면 응암리 925 신성한울림주차장내 보관,"45,000,000","10,805,000",낙찰,"18,610,000",41.4%,2021-11-01,2021_4Q,3
대전 2계 2021-101307,중기,기타토지,기타토지,세종,세종시,세종 세종시 연동면 응암리 925 신성한울림주차장내 보관,"19,000,000","13,300,000",낙찰,"14,000,000",73.7%,2021-09-27,2021_3Q,3
대전 2계 2021-101598,중기,기타토지,기타토지,세종,세종시,세종 세종시 연동면 응암리 925 신성한울림주차장내 보관,"50,300,000","35,210,000",낙찰,"35,310,000",70.2%,2021-08-23,2021_3Q,3
대전 5계 2021-101680,다가구,다가구,다가구,세종,세종시,세종 세종시 전동면 노장리 606-6,"294,430,800","294,430,800",낙찰,"412,960,000",140.3%,2021-10-13,2021_4Q,3
대전 7계 2021-101734,아파트,아파트,아파트,세종,세종시,세종 세종시 부강면 부강리 976-2 대광 나동 5층 504호,"66,000,000","66,000,000",낙찰,"68,105,000",103.2%,2021-09-07,2021_3Q,3
대전 9계 2021-101796,전,전,전,세종,세종시,세종 세종시 조치원읍 번암리 198,"56,964,000","56,964,000",낙찰,"59,279,000",104.1%,2021-09-28,2021_3Q,3
대전 2계 2021-101833,차량,기타토지,기타토지,세종,세종시,세종 세종시 연동면 응암리 925 신성한울림주차장내 보관,"13,000,000","6,370,000",낙찰,"9,699,999",74.6%,2021-12-06,2021_4Q,3
대전 2계 2021-101970,차량,기타토지,기타토지,세종,세종시,세종 세종시 연동면 응암리 925 신성한울림주차장내 보관,"23,700,000","11,613,000",낙찰,"13,670,000",57.7%,2021-09-27,2021_3Q,3
대전 2계 2021-102164,차량,기타토지,기타토지,세종,세종시,세종 세종시 연동면 응암리 925 신성한울림주차장내 보관,"8,600,000","6,020,000",낙찰,"7,359,000",85.6%,2021-08-23,2021_3Q,3
대전 9계 2021-102539,임야,임야,임야,세종,세종시,세종 세종시 전의면 관정리 산95-1,"43,795,200","30,657,000",낙찰,"33,030,000",75.4%,2021-12-07,2021_4Q,3
대전 4계 2021-102690,답,답,답,세종,세종시,세종 세종시 장군면 송문리 625-5,"395,170,900","276,620,000",낙찰,"353,830,000",89.5%,2021-10-05,2021_4Q,3
대전 4계 2021-102843,대지,나대지,나대지,세종,세종시,세종 세종시 장군면 금암리 203-8,"202,826,000","98,481,000",낙찰,"131,888,000",65.0%,2021-10-05,2021_4Q,3
대전 9계 2021-103020,전,전,전,세종,세종시,세종 세종시 소정면 고등리 440,"347,530,000","170,290,000",낙찰,"187,790,000",54.0%,2021-11-02,2021_4Q,3
대전 2계 2021-103396,중기,기타토지,기타토지,세종,세종시,세종 세종시 연동면 응암리 925 신성한울림내 보관,"58,000,000","40,600,000",낙찰,"44,999,000",77.6%,2021-09-27,2021_3Q,3
대전 2계 2021-103457,중기,기타토지,기타토지,세종,세종시,세종 세종시 연동면 응암리 925 신성한울림주차장내 보관,"35,000,000","17,150,000",낙찰,"23,200,000",66.3%,2021-12-06,2021_4Q,3
대전 5계 2021-103617(2),임야,임야,임야,세종,세종시,세종 세종시 부강면 문곡리 산67,"40,617,460","36,622,300",낙찰,"41,100,010",101.2%,2021-10-13,2021_4Q,3
대전 5계 2021-103617(4),임야,임야,임야,세종,세종시,세종 세종시 부강면 문곡리 산144,"46,556,790","32,501,910",낙찰,"33,300,000",71.5%,2021-10-13,2021_4Q,3
대전 1계 2021-103679,답,답,답,세종,세종시,세종 세종시 장군면 은용리 112-25,"340,800,000","340,800,000",낙찰,"436,666,000",128.1%,2021-12-13,2021_4Q,3
대전 4계 2021-103693,대지,나대지,나대지,세종,세종시,세종 세종시 소정면 소정리 492-7,"152,243,000","121,800,000",낙찰,"122,800,000",80.7%,2021-10-05,2021_4Q,3
대전 2계 2021-103723,차량,기타토지,기타토지,세종,세종시,세종 세종시 연동면 응암리 925 신성한울림주차장내 보관,"11,000,000","5,390,000",낙찰,"7,200,000",65.5%,2021-09-27,2021_3Q,3
대전 2계 2021-104115,중기,기타토지,기타토지,세종,세종시,세종 세종시 연동면 응암리 925 신성한울림주차장내 보관,"75,000,000","52,500,000",낙찰,"62,770,000",83.7%,2021-08-23,2021_3Q,3
대전 2계 2021-104122,중기,기타토지,기타토지,세종,세종시,세종 세종시 연동면 응암리 925 신성한울림주차장내 보관,"80,000,000","56,000,000",낙찰,"73,842,200",92.3%,2021-08-23,2021_3Q,3
대전 2계 2021-104320,차량,기타토지,기타토지,세종,세종시,세종 세종시 연동면 응암리 925 신성한울림주차장내 보관,"11,500,000","5,635,000",낙찰,"6,645,000",57.8%,2021-11-01,2021_4Q,3
대전 3계 2021-104948(1),전,전,전,세종,세종시,세종 세종시 금남면 금천리 181,"11,888,330","11,888,330",낙찰,"12,330,000",103.7%,2021-11-22,2021_4Q,3
대전 3계 2021-104948(2),임야,임야,임야,세종,세종시,세종 세종시 금남면 금천리 181-2,"4,840,000","4,840,000",낙찰,"5,490,000",113.4%,2021-11-22,2021_4Q,3
대전 8계 2021-105170,대지,나대지,나대지,세종,세종시,세종 세종시 조치원읍 침산리 1-1,"9,930,920","4,866,000",낙찰,"5,969,000",60.1%,2021-12-20,2021_4Q,3
대전 2계 2021-106838,차량,기타토지,기타토지,세종,세종시,세종 세종시 연동면 응암리 925 신성한울림내 보관,"12,100,000","8,470,000",낙찰,"10,010,000",82.7%,2021-12-06,2021_4Q,3
대전 2계 2021-107503,차량,기타토지,기타토지,세종,세종시,세종 세종시 연동면 응암리 925 신성한울림주차장내 보관,"5,400,000","5,400,000",낙찰,"5,612,000",103.9%,2021-12-06,2021_4Q,3
대전 1계 2019-2247,근린상가,근린상가,근린상가,세종,세종시,세종 세종시 아름동 1358 세종센터빌딩 주건축물 1동 1층 101호,"16,954,000,000","8,307,460,000",낙찰,"10,510,000,000",62.0%,2022-01-17,2022_1Q,3
대전 8계 2020-9770,단독주택,단독,단독주택,세종,세종시,세종 세종시 부강면 문곡리 849-11,"227,398,480","227,398,480",낙찰,"240,000,000",105.5%,2022-01-24,2022_1Q,3
대전 4계 2020-12745,근린상가,근린상가,근린상가,세종,세종시,세종 세종시 나성동 758 노블비즈니스타운 7층 720호,"143,000,000","100,100,000",낙찰,"100,100,000",70.0%,2022-01-18,2022_1Q,3
대전 4계 2020-12752,근린상가,근린상가,근린상가,세종,세종시,세종 세종시 나성동 758 노블비즈니스타운 6층 615호,"140,000,000","68,600,000",낙찰,"86,300,000",61.6%,2022-05-10,2022_2Q,3
대전 4계 2020-12769,근린상가,근린상가,근린상가,세종,세종시,세종 세종시 나성동 758 노블비즈니스타운 4층 412호,"233,000,000","163,100,000",낙찰,"164,200,000",70.5%,2022-01-18,2022_1Q,3
대전 4계 2020-12776,근린상가,근린상가,근린상가,세종,세종시,세종 세종시 나성동 758 노블비즈니스타운 6층 620호,"142,000,000","69,580,000",낙찰,"82,355,000",58.0%,2022-03-02,2022_1Q,3
대전 4계 2020-12783,근린상가,근린상가,근린상가,세종,세종시,세종 세종시 나성동 758 노블비즈니스타운 6층 619호,"145,000,000","71,050,000",낙찰,"84,355,000",58.2%,2022-03-02,2022_1Q,3
대전 4계 2020-12790,근린상가,근린상가,근린상가,세종,세종시,세종 세종시 나성동 758 노블비즈니스타운 6층 614호,"140,000,000","68,600,000",낙찰,"84,500,000",60.4%,2022-03-02,2022_1Q,3
대전 6계 2020-111208,근린상가,근린상가,근린상가,세종,세종시,세종 세종시 조치원읍 번암리 61-6 세종메디컬센터 1동 1층 103호,"767,000,000","263,081,000",낙찰,"314,000,000",40.9%,2022-02-23,2022_1Q,3
대전 8계 2020-111239,근린상가,근린상가,근린상가,세종,세종시,세종 세종시 조치원읍 번암리 61-6 세종메디컬센터 1동 1층 105호,"470,000,000","78,993,000",낙찰,"112,300,000",23.9%,2022-01-24,2022_1Q,3
대전 4계 2021-824,축사,기타토지,기타토지,세종,세종시,"세종 세종시 소정면 대곡리 7 ,-3 1동호","3,113,404,570","1,525,568,000",낙찰,"1,530,000,000",49.1%,2022-04-05,2022_2Q,3
대전 9계 2021-978(1),근린상가,근린상가,근린상가,세종,세종시,세종 세종시 고운동 2091 더리치 1층 101호,"369,000,000","180,810,000",낙찰,"214,260,000",58.1%,2022-06-07,2022_2Q,3
대전 9계 2021-978(2),근린상가,근린상가,근린상가,세종,세종시,세종 세종시 고운동 2091 더리치 1층 102호,"324,000,000","158,760,000",낙찰,"188,130,000",58.1%,2022-06-07,2022_2Q,3
대전 9계 2021-978(3),근린상가,근린상가,근린상가,세종,세종시,세종 세종시 고운동 2091 더리치 1층 103호,"466,000,000","228,340,000",낙찰,"270,580,000",58.1%,2022-06-07,2022_2Q,3
대전 9계 2021-978(4),근린상가,근린상가,근린상가,세종,세종시,세종 세종시 고운동 2091 더리치 1층 104호,"382,000,000","187,180,000",낙찰,"221,800,000",58.1%,2022-06-07,2022_2Q,3
대전 9계 2021-978(5),근린상가,근린상가,근린상가,세종,세종시,세종 세종시 고운동 2091 더리치 1층 105호,"548,000,000","268,520,000",낙찰,"318,200,000",58.1%,2022-06-07,2022_2Q,3
대전 9계 2021-978(6),근린상가,근린상가,근린상가,세종,세종시,세종 세종시 고운동 2091 더리치 1층 106호,"545,000,000","267,050,000",낙찰,"316,400,000",58.1%,2022-06-07,2022_2Q,3
대전 9계 2021-978(7),근린상가,근린상가,근린상가,세종,세종시,세종 세종시 고운동 2091 더리치 1층 107호,"654,000,000","320,460,000",낙찰,"379,750,000",58.1%,2022-06-07,2022_2Q,3
대전 9계 2021-978(8),근린상가,근린상가,근린상가,세종,세종시,세종 세종시 고운동 2091 더리치 1층 108호,"551,000,000","269,990,000",낙찰,"320,010,000",58.1%,2022-06-07,2022_2Q,3
대전 9계 2021-978(9),근린상가,근린상가,근린상가,세종,세종시,세종 세종시 고운동 2091 더리치 1층 109호,"581,000,000","284,690,000",낙찰,"337,360,000",58.1%,2022-06-07,2022_2Q,3
대전 9계 2021-978(10),근린상가,근린상가,근린상가,세종,세종시,세종 세종시 고운동 2091 더리치 1층 110호,"318,000,000","155,820,000",낙찰,"184,650,000",58.1%,2022-06-07,2022_2Q,3
대전 9계 2021-978(11),근린상가,근린상가,근린상가,세종,세종시,세종 세종시 고운동 2091 더리치 2층 201호,"344,000,000","168,560,000",낙찰,"200,010,000",58.1%,2022-06-07,2022_2Q,3
대전 9계 2021-978(12),근린상가,근린상가,근린상가,세종,세종시,세종 세종시 고운동 2091 더리치 2층 202호,"352,000,000","172,480,000",낙찰,"204,400,000",58.1%,2022-06-07,2022_2Q,3
대전 9계 2021-978(13),근린상가,근린상가,근린상가,세종,세종시,세종 세종시 고운동 2091 더리치 2층 203호,"567,000,000","277,830,000",낙찰,"329,230,000",58.1%,2022-06-07,2022_2Q,3
대전 9계 2021-978(14),근린상가,근린상가,근린상가,세종,세종시,세종 세종시 고운동 2091 더리치 2층 204호,"649,000,000","318,010,000",낙찰,"376,850,000",58.1%,2022-06-07,2022_2Q,3
대전 9계 2021-978(15),근린상가,근린상가,근린상가,세종,세종시,세종 세종시 고운동 2091 더리치 2층 205호,"456,000,000","223,440,000",낙찰,"264,780,000",58.1%,2022-06-07,2022_2Q,3
대전 9계 2021-978(16),근린상가,근린상가,근린상가,세종,세종시,세종 세종시 고운동 2091 더리치 2층 206호,"450,000,000","220,500,000",낙찰,"261,300,000",58.1%,2022-06-07,2022_2Q,3
대전 9계 2021-978(17),근린상가,근린상가,근린상가,세종,세종시,세종 세종시 고운동 2091 더리치 3층 301호,"230,000,000","112,700,000",낙찰,"133,550,000",58.1%,2022-06-07,2022_2Q,3
대전 9계 2021-978(18),근린상가,근린상가,근린상가,세종,세종시,세종 세종시 고운동 2091 더리치 3층 302호,"232,000,000","113,680,000",낙찰,"134,720,000",58.1%,2022-06-07,2022_2Q,3
대전 9계 2021-978(19),근린상가,근린상가,근린상가,세종,세종시,세종 세종시 고운동 2091 더리치 3층 303호,"380,000,000","186,200,000",낙찰,"220,650,000",58.1%,2022-06-07,2022_2Q,3
대전 9계 2021-978(20),근린상가,근린상가,근린상가,세종,세종시,세종 세종시 고운동 2091 더리치 3층 304호,"360,000,000","176,400,000",낙찰,"209,030,000",58.1%,2022-06-07,2022_2Q,3
대전 9계 2021-978(21),근린상가,근린상가,근린상가,세종,세종시,세종 세종시 고운동 2091 더리치 3층 305호,"249,000,000","122,010,000",낙찰,"144,580,000",58.1%,2022-06-07,2022_2Q,3
대전 9계 2021-978(22),근린상가,근린상가,근린상가,세종,세종시,세종 세종시 고운동 2091 더리치 3층 306호,"245,000,000","120,050,000",낙찰,"142,260,000",58.1%,2022-06-07,2022_2Q,3
대전 9계 2021-978(23),근린상가,근린상가,근린상가,세종,세종시,세종 세종시 고운동 2091 더리치 4층 401호,"366,000,000","179,340,000",낙찰,"212,520,000",58.1%,2022-06-07,2022_2Q,3
대전 9계 2021-978(24),근린상가,근린상가,근린상가,세종,세종시,세종 세종시 고운동 2091 더리치 4층 402호,"241,000,000","118,090,000",낙찰,"140,010,000",58.1%,2022-06-07,2022_2Q,3
대전 9계 2021-978(25),근린상가,근린상가,근린상가,세종,세종시,세종 세종시 고운동 2091 더리치 4층 403호,"475,000,000","232,750,000",낙찰,"275,800,000",58.1%,2022-06-07,2022_2Q,3
대전 8계 2021-1254(1),전,전,전,세종,세종시,세종 세종시 전동면 봉대리 218,"101,357,000","70,950,000",낙찰,"76,219,900",75.2%,2022-01-24,2022_1Q,3
대전 8계 2021-2080,공장,공장(지식산업센터 업무시설),공장,세종,세종시,세종 세종시 장군면 봉안리 150 1동호,"1,204,243,680","842,971,000",낙찰,"1,112,000,000",92.3%,2022-04-11,2022_2Q,3
대전 6계 2021-2356,오피스텔,오피스텔,오피스텔(업무용),세종,세종시,세종 세종시 어진동 648 2차푸르지오시티 11층 1126호,"95,000,000","66,500,000",낙찰,"86,750,000",91.3%,2022-01-12,2022_1Q,3
대전 8계 2021-2509(1),근린상가,근린상가,근린상가,세종,세종시,세종 세종시 조치원읍 번암리 61-6 세종메티컬센터 1동 1층 106호,"482,000,000","115,728,000",낙찰,"152,000,000",31.5%,2022-01-24,2022_1Q,3
대전 8계 2021-2790,근린상가,근린상가,근린상가,세종,세종시,세종 세종시 소담동 544 아크레타아이콤스타타워 3층 308호,"470,000,000","329,000,000",낙찰,"342,000,000",72.8%,2022-04-11,2022_2Q,3
대전 3계 2021-2813,주상복합(상가),기타토지,기타토지,세종,세종시,"세종 세종시 나성동 775 ,776 더리치세종의아침 1층 121호","865,000,000","423,850,000",낙찰,"525,000,000",60.7%,2022-02-14,2022_1Q,3
대전 4계 2021-2820(3),아파트상가,아파트상가,기타토지,세종,세종시,세종 세종시 대평동 668 해들마을6단지 판매시설-2동 1층 A124호,"1,143,000,000","560,070,000",낙찰,"625,700,000",54.7%,2022-01-18,2022_1Q,3
대전 4계 2021-2820(4),아파트상가,아파트상가,기타토지,세종,세종시,세종 세종시 대평동 668 해들마을6단지 판매시설-2동 1층 A131호,"522,000,000","255,780,000",낙찰,"276,000,000",52.9%,2022-01-18,2022_1Q,3
대전 4계 2021-2820(5),아파트상가,아파트상가,기타토지,세종,세종시,세종 세종시 대평동 668 해들마을6단지 판매시설-2동 1층 A132호,"522,000,000","255,780,000",낙찰,"327,000,000",62.6%,2022-01-18,2022_1Q,3
대전 1계 2021-3908(1),근린상가,근린상가,근린상가,세종,세종시,세종 세종시 소담동 524 법조타운A 1층 109호,"721,000,000","247,303,000",낙찰,"377,500,000",52.4%,2022-01-17,2022_1Q,3
대전 1계 2021-3908(2),근린상가,근린상가,근린상가,세종,세종시,세종 세종시 소담동 524 법조타운A 1층 110호,"731,000,000","250,733,000",낙찰,"383,000,000",52.4%,2022-01-17,2022_1Q,3
대전 7계 2021-3960,임야,임야,임야,세종,세종시,세종 세종시 전동면 봉대리 산107,"31,680,000","5,324,000",낙찰,"8,980,000",28.3%,2022-04-19,2022_2Q,3
대전 8계 2021-4482,오피스텔,오피스텔,오피스텔(업무용),세종,세종시,세종 세종시 어진동 648 2차푸르지오시티 6층 615호,"100,000,000","70,000,000",낙찰,"71,000,000",71.0%,2022-03-07,2022_1Q,3
대전 3계 2021-4949(1),주상복합(상가),기타토지,기타토지,세종,세종시,세종 세종시 반곡동 771-68 더스테이빌딩 2층 206-1호,"300,000,000","147,000,000",낙찰,"169,999,999",56.7%,2022-02-14,2022_1Q,3
대전 3계 2021-4949(2),주상복합(주거),기타토지,기타토지,세종,세종시,세종 세종시 반곡동 771-68 더스테이빌딩 4층 407-1호,"198,000,000","97,020,000",낙찰,"106,999,999",54.0%,2022-02-14,2022_1Q,3
대전 5계 2021-4963,근린상가,근린상가,근린상가,세종,세종시,세종 세종시 연서면 월하리 138-1 세종패션타운1차 1동 1층 105호,"720,000,000","246,960,000",낙찰,"400,999,900",55.7%,2022-05-18,2022_2Q,3
대전 4계 2021-5096(1),근린상가,근린상가,근린상가,세종,세종시,세종 세종시 고운동 1370 고운프라자 3층 303호,"329,000,000","161,210,000",낙찰,"209,000,000",63.5%,2022-01-18,2022_1Q,3
대전 4계 2021-5096(2),근린상가,근린상가,근린상가,세종,세종시,세종 세종시 고운동 1370 고운프라자 3층 306호,"288,000,000","141,120,000",낙찰,"187,000,000",64.9%,2022-01-18,2022_1Q,3
대전 7계 2021-5218,임야,임야,임야,세종,세종시,세종 세종시 금남면 영대리 498-1,"11,901,780","11,901,780",낙찰,"12,901,780",108.4%,2022-03-15,2022_1Q,3
대전 8계 2021-5669,아파트,아파트,아파트,세종,세종시,세종 세종시 나성동 727 SR파크센텀 4층 452호,"135,000,000","94,500,000",낙찰,"122,000,000",90.4%,2022-01-24,2022_1Q,3
대전 1계 2021-5966,근린상가,근린상가,근린상가,세종,세종시,세종 세종시 보람동 710 금강르네상스 2층 207호,"570,000,000","195,510,000",낙찰,"308,670,000",54.2%,2022-02-28,2022_1Q,3
대전 3계 2021-6167,임야,임야,임야,세종,세종시,세종 세종시 장군면 대교리 90-12,"29,700,000","29,700,000",낙찰,"52,777,000",177.7%,2022-01-04,2022_1Q,3
대전 4계 2021-6389,답,답,답,세종,세종시,세종 세종시 조치원읍 신안리 436-1,"473,937,000","232,229,000",낙찰,"346,510,000",73.1%,2022-05-10,2022_2Q,3
대전 3계 2021-6860,임야,임야,임야,세종,세종시,세종 세종시 연기면 수산리 578-63,"24,262,000","16,983,000",낙찰,"23,499,900",96.9%,2022-02-14,2022_1Q,3
대전 8계 2021-7023,임야,임야,임야,세종,세종시,세종 세종시 연기면 눌왕리 산105,"17,372,000","10,944,000",낙찰,"12,600,000",72.5%,2022-03-07,2022_1Q,3
대전 7계 2021-7139,아파트,아파트,아파트,세종,세종시,"세종 세종시 전의면 유천리 528 ,530,531 민석그린 106동 3층 301호","87,000,000","60,900,000",낙찰,"78,236,000",89.9%,2022-03-15,2022_1Q,3
대전 4계 2021-7160,근린상가,근린상가,근린상가,세종,세종시,세종 세종시 나성동 746 SJ타워 6층 608호,"472,000,000","231,280,000",낙찰,"308,989,000",65.5%,2022-04-05,2022_2Q,3
대전 7계 2021-7207,근린상가,근린상가,근린상가,세종,세종시,"세종 세종시 조치원읍 죽림리 102 ,99-5 조치원GR빌딩 4층 401호","313,000,000","219,100,000",낙찰,"235,200,000",75.1%,2022-03-15,2022_1Q,3
대전 2계 2021-7405,중기,기타토지,기타토지,세종,세종시,세종 세종시 연동면 응암리 925 신성한울림주차장내 보관,"40,000,000","19,600,000",낙찰,"28,010,000",70.0%,2022-01-10,2022_1Q,3
대전 5계 2021-7481,아파트,아파트,아파트,세종,세종시,"세종 세종시 조치원읍 서창리 239-2 ,240-1,133-10 두진한라 1동 2층 203호","90,000,000","63,000,000",낙찰,"86,500,000",96.1%,2022-03-08,2022_1Q,3
대전 8계 2021-7566(3),답,답,답,세종,세종시,세종 세종시 금남면 영대리 682,"43,713,600","21,420,000",낙찰,"30,600,000",70.0%,2022-06-20,2022_2Q,3
대전 8계 2021-7566(4),대지,나대지,나대지,세종,세종시,세종 세종시 금남면 영대리 713,"74,304,000","52,012,800",낙찰,"52,777,000",71.0%,2022-04-11,2022_2Q,3
대전 8계 2021-7566(1),답,답,답,세종,세종시,세종 세종시 금남면 영대리 652,"45,770,400","32,039,000",낙찰,"38,800,000",84.8%,2022-06-20,2022_2Q,3
대전 2계 2021-7825,차량,기타토지,기타토지,세종,세종시,세종 세종시 연동면 응암리 925 신성한울림주차장내 보관,"20,000,000","9,800,000",낙찰,"10,200,000",51.0%,2022-02-21,2022_1Q,3
대전 7계 2021-7948,근린상가,근린상가,근린상가,세종,세종시,세종 세종시 보람동 708 세종드림빌딩 3층 312호,"467,000,000","160,181,000",낙찰,"194,000,000",41.5%,2022-06-28,2022_2Q,3
대전 2계 2021-7955,차량,기타토지,기타토지,세종,세종시,세종 세종시 소정면 대곡리 342-2 현진화물자동차매매상사주차장내 보관,"12,000,000","8,400,000",낙찰,"11,000,000",91.7%,2022-03-28,2022_1Q,3
대전 1계 2021-7993,전,전,전,세종,세종시,세종 세종시 장군면 하봉리 181,"648,990,000","648,990,000",낙찰,"720,130,000",111.0%,2022-04-04,2022_2Q,3
대전 2계 2021-8101,차량,기타토지,기타토지,세종,세종시,세종 세종시 소정면 대곡리 342-2 한국캐피탈주차장내 보관,"12,000,000","8,400,000",낙찰,"9,770,000",81.4%,2022-01-10,2022_1Q,3
대전 3계 2021-8682,점포,근린상가,점포상가,세종,세종시,"세종 세종시 조치원읍 원리 6-14 1,2층 3호","84,697,500","84,697,500",낙찰,"101,000,000",119.2%,2022-04-25,2022_2Q,3
대전 8계 2021-8767,근린상가,근린상가,근린상가,세종,세종시,세종 세종시 새롬동 592 새뜸프라자 3층 310호,"297,000,000","297,000,000",낙찰,"320,000,000",107.7%,2022-05-16,2022_2Q,3
대전 5계 2021-9210(2),근린상가,근린상가,근린상가,세종,세종시,세종 세종시 도담동 670 황금빌딩 1동 3층 302호,"482,000,000","337,400,000",낙찰,"337,400,000",70.0%,2022-05-18,2022_2Q,3
대전 4계 2021-9265,임야,임야,임야,세종,세종시,세종 세종시 연동면 노송리 산9-45,"69,111,000","48,378,000",낙찰,"71,200,000",103.0%,2022-05-10,2022_2Q,3
대전 1계 2021-9760,단독주택,단독,단독주택,세종,세종시,세종 세종시 연서면 월하리 883,"1,008,196,160","705,737,000",낙찰,"800,110,000",79.4%,2022-06-13,2022_2Q,3
대전 5계 2021-102973(2),근린상가,근린상가,근린상가,세종,세종시,세종 세종시 아름동 1309 동행주차타워주건축물 1동 1층 105호,"732,000,000","358,680,000",낙찰,"358,735,000",49.0%,2022-05-18,2022_2Q,3
대전 5계 2021-102973(5),근린상가,근린상가,근린상가,세종,세종시,세종 세종시 고운동 1370 고운프라자 8층 804호,"313,000,000","153,370,000",낙찰,"168,880,880",54.0%,2022-05-18,2022_2Q,3
대전 5계 2021-102973(6),근린상가,근린상가,근린상가,세종,세종시,세종 세종시 고운동 1370 고운프라자 8층 805호,"454,000,000","222,460,000",낙찰,"240,620,000",53.0%,2022-05-18,2022_2Q,3
대전 5계 2021-102973(8),근린상가,근린상가,근린상가,세종,세종시,세종 세종시 아름동 1309 동행주차타워주건축물 1동 3층 301호,"51,000,000","24,990,000",낙찰,"25,770,000",50.5%,2022-05-18,2022_2Q,3
대전 8계 2021-104900,연구소,기타건물,기타건물,세종,세종시,"세종 세종시 연동면 노송리 429-9 ,426-3,427-1 1동호","6,949,780,400","4,864,846,000",낙찰,"5,388,888,000",77.5%,2022-04-11,2022_2Q,3
대전 3계 2021-105408(2),임야,임야,임야,세종,세종시,세종 세종시 전의면 관정리 산69,"2,731,673,000","936,964,000",낙찰,"1,249,800,000",45.8%,2022-03-21,2022_1Q,3
대전 3계 2021-105408(3),답,답,답,세종,세종시,세종 세종시 전의면 관정리 157,"1,194,608,000","585,358,000",낙찰,"625,888,000",52.4%,2022-02-14,2022_1Q,3
대전 3계 2021-105408(1),답,답,답,세종,세종시,세종 세종시 전의면 관정리 212,"253,795,000","177,657,000",낙찰,"251,550,000",99.1%,2022-04-25,2022_2Q,3
대전 2계 2021-105866,차량,기타토지,기타토지,세종,세종시,세종 세종시 연동면 응암리 925 신성한울림주차장내 보관,"50,000,000","5,883,000",낙찰,"10,255,000",20.5%,2022-03-28,2022_1Q,3
대전 4계 2021-106227,주상복합(주거),기타토지,기타토지,세종,세종시,세종 세종시 부강면 부강리 970-3 청솔 14층 1402호,"98,000,000","68,600,000",낙찰,"88,555,000",90.4%,2022-03-02,2022_1Q,3
대전 2계 2021-106869,중기,기타토지,기타토지,세종,세종시,세종 세종시 연동면 응암리 925 신성한울림주차장내 보관,"18,000,000","8,820,000",낙찰,"11,660,000",64.8%,2022-01-10,2022_1Q,3
대전 8계 2021-107237,오피스텔,오피스텔,오피스텔(업무용),세종,세종시,세종 세종시 어진동 656 푸르지오시티 8층 846호,"95,000,000","95,000,000",낙찰,"99,891,900",105.1%,2022-03-07,2022_1Q,3
대전 6계 2021-107756,다세대,다세대주택,다세대,세종,세종시,세종 세종시 소정면 대곡리 314-11 학수그린빌라 1동 3층 302호,"64,000,000","44,800,000",낙찰,"48,810,900",76.3%,2022-06-08,2022_2Q,3
대전 7계 2021-107763,아파트,아파트,아파트,세종,세종시,세종 세종시 연서면 봉암리 622 대원네스트빌 105동 3층 302호,"265,000,000","185,500,000",낙찰,"190,440,000",71.9%,2022-04-19,2022_2Q,3
대전 1계 2021-107794,전,전,전,세종,세종시,세종 세종시 전의면 동교리 198-5,"10,902,200","7,632,000",낙찰,"8,132,000",74.6%,2022-05-09,2022_2Q,3
대전 2계 2021-108001,차량,기타토지,기타토지,세종,세종시,세종 세종시 연동면 응암리 925 신성한울림주차장내 보관,"9,000,000","4,410,000",낙찰,"6,380,000",70.9%,2022-01-10,2022_1Q,3
대전 2계 2021-108155,차량,기타토지,기타토지,세종,세종시,세종 세종시 연동면 응암리 925 신성한울림(044-868-9190)내 보관,"17,000,000","11,900,000",낙찰,"12,100,000",71.2%,2022-01-10,2022_1Q,3
대전 1계 2021-108216,답,답,답,세종,세종시,세종 세종시 금남면 장재리 254,"159,500,000","159,500,000",낙찰,"191,500,000",120.1%,2022-04-04,2022_2Q,3
대전 2계 2021-108742,중기,기타토지,기타토지,세종,세종시,세종 세종시 연동면 응암리 925 신성한울림(044-868-9190)내 보관,"30,000,000","21,000,000",낙찰,"25,000,000",83.3%,2022-02-21,2022_1Q,3
대전 7계 2021-108926,아파트,아파트,아파트,세종,세종시,"세종 세종시 도담동 664 ,665 라온프라이빗시티Ⅰ 5층 521호","92,000,000","64,400,000",낙찰,"83,100,000",90.3%,2022-04-19,2022_2Q,3
대전 4계 2021-109042,전,전,전,세종,세종시,세종 세종시 조치원읍 신흥리 14-7,"1,791,335,000","1,253,935,000",낙찰,"1,616,000,000",90.2%,2022-05-10,2022_2Q,3
대전 2계 2021-109349,중기,기타토지,기타토지,세종,세종시,세종 세종시 연동면 응암리 925 신성한울림주차장내 보관,"33,000,000","23,100,000",낙찰,"28,611,000",86.7%,2022-01-10,2022_1Q,3
대전 2계 2021-109356,중기,기타토지,기타토지,세종,세종시,세종 세종시 연동면 응암리 925 신성한울림주차장내 보관,"37,000,000","37,000,000",낙찰,"38,500,000",104.1%,2022-01-10,2022_1Q,3
대전 5계 2021-109431,아파트,아파트,아파트,세종,세종시,"세종 세종시 한솔동 1045 ,971 첫마을 503동 26층 2603호","654,000,000","457,800,000",낙찰,"512,790,000",78.4%,2022-04-13,2022_2Q,3
대전 8계 2021-109899,아파트,아파트,아파트,세종,세종시,"세종 세종시 도담동 664 ,665 라온프라이빗시티1 5층 522호","100,000,000","70,000,000",낙찰,"87,399,000",87.4%,2022-06-20,2022_2Q,3
대전 4계 2021-109936(1),오피스텔(상가),오피스텔,오피스텔(업무용),세종,세종시,"세종 세종시 도담동 660 ,661,662 세종한신휴시티 2층 233호","430,000,000","210,700,000",낙찰,"220,000,000",51.2%,2022-06-14,2022_2Q,3
대전 4계 2021-109936(2),주상복합(상가),기타토지,기타토지,세종,세종시,"세종 세종시 도담동 666 ,667 라온프라이빗시티Ⅱ 1동 1층 103호","469,000,000","229,810,000",낙찰,"260,030,000",55.4%,2022-06-14,2022_2Q,3
대전 2계 2021-110042,차량,기타토지,기타토지,세종,세종시,세종 세종시 연동면 응암리 925 신성한울림내 보관,"13,000,000","13,000,000",낙찰,"13,888,000",106.8%,2022-02-21,2022_1Q,3
대전 2계 2021-110059,중기,기타토지,기타토지,세종,세종시,세종 세종시 연동면 응암리 925 신성한울림(044-868-9190)내 보관,"80,000,000","56,000,000",낙찰,"61,700,000",77.1%,2022-02-21,2022_1Q,3
대전 2계 2021-110226,중기,기타토지,기타토지,세종,세종시,세종 세종시 연동면 응암리 925 신성한울림(044-868-9190)내 보관,"220,000,000","107,800,000",낙찰,"120,010,000",54.5%,2022-03-28,2022_1Q,3
대전 2계 2021-110356,차량,기타토지,기타토지,세종,세종시,세종 세종시 연동면 응암리 925 신성한울림(044-868-9190)내 보관,"12,800,000","8,960,000",낙찰,"8,990,000",70.2%,2022-02-21,2022_1Q,3
대전 2계 2021-110660,차량,기타토지,기타토지,세종,세종시,세종 세종시 연동면 응암리 925 신성한울림(044-868-9190)내 보관,"18,000,000","12,600,000",낙찰,"12,610,000",70.1%,2022-03-28,2022_1Q,3
대전 4계 2021-110745,아파트,아파트,아파트,세종,세종시,세종 세종시 고운동 1400 가락마을10단지 1004동 8층 803호,"587,000,000","410,900,000",낙찰,"420,000,000",71.6%,2022-06-14,2022_2Q,3
대전 8계 2021-111120,답,답,답,세종,세종시,세종 세종시 금남면 성덕리 87-4,"153,454,000","153,454,000",낙찰,"173,478,000",113.0%,2022-05-16,2022_2Q,3
대전 2계 2022-100943,중기,기타토지,기타토지,세종,세종시,세종 세종시 연동면 응암리 925 신성한울림(044-868-9190)내 보관,"17,200,000","4,130,000",낙찰,"5,312,000",30.9%,2022-06-10,2022_2Q,3
대전 2계 2022-101755(1),중기,기타토지,기타토지,세종,세종시,세종 세종시 연동면 응암리 925 신성한울림주차장(제3자임동철)에게 보관,"40,000,000","28,000,000",낙찰,"30,100,000",75.3%,2022-06-10,2022_2Q,3
대전 3계 2020-7378,아파트,아파트,아파트,세종,세종시,세종 세종시 새롬동 601 새뜸마을1단지 109동 14층 1403호,"971,000,000","679,700,000",낙찰,"845,100,000",87.0%,2022-08-22,2022_3Q,3
대전 6계 2021-1544(1),답,답,답,세종,세종시,세종 세종시 전의면 유천리 436-1,"291,555,000","204,089,000",낙찰,"237,000,000",81.3%,2022-07-13,2022_3Q,3
대전 6계 2021-1544(2),답,답,답,세종,세종시,세종 세종시 전의면 유천리 442,"492,492,000","241,321,000",낙찰,"401,222,222",81.5%,2022-08-31,2022_3Q,3
대전 6계 2021-1544(3),전,전,전,세종,세종시,세종 세종시 전의면 읍내리 9,"149,820,000","73,412,000",낙찰,"73,450,000",49.0%,2022-08-31,2022_3Q,3
대전 6계 2021-4925(1),근린상가,근린상가,근린상가,세종,세종시,세종 세종시 소담동 529 도경프라자 3층 301호,"565,000,000","276,850,000",낙찰,"300,000,000",53.1%,2022-11-09,2022_4Q,3
대전 6계 2021-4925(5),근린상가,근린상가,근린상가,세종,세종시,세종 세종시 소담동 529 도경프라자 4층 401호,"528,000,000","258,720,000",낙찰,"280,000,000",53.0%,2022-11-09,2022_4Q,3
대전 6계 2021-4925(6),근린상가,근린상가,근린상가,세종,세종시,세종 세종시 소담동 529 도경프라자 4층 402호,"530,000,000","259,700,000",낙찰,"283,000,000",53.4%,2022-11-09,2022_4Q,3
대전 6계 2021-4925(7),근린상가,근린상가,근린상가,세종,세종시,세종 세종시 소담동 529 도경프라자 4층 403호,"499,000,000","244,510,000",낙찰,"265,000,000",53.1%,2022-11-09,2022_4Q,3
대전 6계 2021-4925(8),근린상가,근린상가,근린상가,세종,세종시,세종 세종시 소담동 529 도경프라자 4층 406호,"594,000,000","291,060,000",낙찰,"320,000,000",53.9%,2022-11-09,2022_4Q,3
대전 6계 2021-4925(9),근린상가,근린상가,근린상가,세종,세종시,세종 세종시 소담동 529 도경프라자 4층 407호,"428,000,000","209,720,000",낙찰,"221,000,000",51.6%,2022-11-09,2022_4Q,3
대전 8계 2021-6631(2),답,답,답,세종,세종시,세종 세종시 조치원읍 신안리 418-10,"164,800,000","164,800,000",낙찰,"166,000,000",100.7%,2022-12-01,2022_4Q,3
대전 8계 2021-7771,주상복합(상가),기타토지,기타토지,세종,세종시,세종 세종시 소담동 575 퍼스트시티 5층 510호,"155,000,000","75,950,000",낙찰,"87,500,000",56.5%,2022-09-21,2022_3Q,3
대전 8계 2021-8460,임야,임야,임야,세종,세종시,세종 세종시 장군면 금암리 318-3,"1,502,880,000","1,352,592,000",낙찰,"1,372,000,000",91.3%,2022-09-21,2022_3Q,3
대전 1계 2021-8866,대지,나대지,나대지,세종,세종시,세종 세종시 도담동 573,"2,094,400,000","1,466,080,000",낙찰,"1,580,100,000",75.4%,2022-09-05,2022_3Q,3
대전 8계 2021-8927,임야,임야,임야,세종,세종시,세종 세종시 부강면 문곡리 산106,"224,426,400","76,978,000",낙찰,"103,700,000",46.2%,2022-10-17,2022_4Q,3
대전 1계 2021-9678,아파트,아파트,아파트,세종,세종시,세종 세종시 고운동 1387 가락마을22단지 2204동 3층 302호,"678,000,000","332,220,000",낙찰,"443,660,000",65.4%,2022-07-18,2022_3Q,3
대전 5계 2021-9791,다세대,다세대주택,다세대,세종,세종시,"세종 세종시 금남면 도남리 95 ,96 금강의휴양림마을 B동 4층 401호","301,000,000","103,243,000",낙찰,"130,100,000",43.2%,2022-11-23,2022_4Q,3
대전 4계 2021-10029,근린상가,근린상가,근린상가,세종,세종시,세종 세종시 어진동 608 세종일번가 3층 A-304호,"290,000,000","142,100,000",낙찰,"153,900,000",53.1%,2022-07-19,2022_3Q,3
대전 3계 2021-105767,근린상가,근린상가,근린상가,세종,세종시,세종 세종시 나성동 767 갤러리세종프라자 1층 101호,"894,000,000","438,060,000",낙찰,"494,000,000",55.3%,2022-07-04,2022_3Q,3
대전 4계 2021-105774,근린상가,근린상가,근린상가,세종,세종시,세종 세종시 나성동 767 갤러리세종프라자 2층 213호,"535,000,000","262,150,000",낙찰,"335,000,000",62.6%,2022-08-23,2022_3Q,3
대전 1계 2021-106289,임야,임야,임야,세종,세종시,세종 세종시 소정면 대곡리 산32-3,"36,355,000","8,729,000",낙찰,"9,500,000",26.1%,2022-12-19,2022_4Q,3
대전 3계 2021-107268(1),근린상가,근린상가,근린상가,세종,세종시,세종 세종시 보람동 703 금강노을 1동 3층 309호,"585,000,000","200,655,000",낙찰,"205,900,000",35.2%,2022-07-04,2022_3Q,3
대전 3계 2021-107268(2),근린상가,근린상가,근린상가,세종,세종시,세종 세종시 보람동 703 금강노을 1동 3층 308호,"585,000,000","200,655,000",낙찰,"233,981,111",40.0%,2022-07-04,2022_3Q,3
대전 1계 2021-107701(1),오피스텔(상가),오피스텔,오피스텔(업무용),세종,세종시,세종 세종시 어진동 669 세종파이낸스센터1 3층 302-1호,"444,000,000","217,560,000",낙찰,"222,050,000",50.0%,2022-07-18,2022_3Q,3
대전 1계 2021-107701(2),오피스텔(상가),오피스텔,오피스텔(업무용),세종,세종시,세종 세종시 어진동 669 세종파이낸스센터1 5층 518호,"518,000,000","253,820,000",낙찰,"254,010,000",49.0%,2022-07-18,2022_3Q,3
대전 1계 2021-108858,임야,임야,임야,세종,세종시,세종 세종시 전의면 관정리 산50-3,"12,500,000","8,750,000",낙찰,"12,799,999",102.4%,2022-07-18,2022_3Q,3
대전 7계 2021-109547,아파트,아파트,아파트,세종,세종시,세종 세종시 반곡동 143-1 수루배마을6단지 616동 3층 303호,"575,000,000","281,750,000",낙찰,"383,619,000",66.7%,2022-08-17,2022_3Q,3
대전 7계 2021-110318,주상복합(상가),기타토지,기타토지,세종,세종시,세종 세종시 어진동 664 세종모닝시티 1층 109호,"448,000,000","153,664,000",낙찰,"166,000,000",37.1%,2022-08-17,2022_3Q,3
대전 7계 2022-67(1),아파트상가,아파트상가,기타토지,세종,세종시,세종 세종시 대평동 668 해들마을6단지 판매시설-3동 2층 C216호,"189,000,000","92,610,000",낙찰,"92,700,000",49.0%,2022-09-22,2022_3Q,3
대전 7계 2022-81,아파트상가,아파트상가,기타토지,세종,세종시,세종 세종시 새롬동 564 새뜸마을13단지 1층 B-120호,"1,662,000,000","814,380,000",낙찰,"1,300,000,000",78.2%,2022-08-17,2022_3Q,3
대전 1계 2022-173,아파트,아파트,아파트,세종,세종시,세종 세종시 아름동 1277 범지기마을10단지 1015동 4층 401호,"578,000,000","404,600,000",낙찰,"454,600,000",78.7%,2022-07-18,2022_3Q,3
대전 3계 2022-180,근린상가,근린상가,근린상가,세종,세종시,세종 세종시 어진동 657 세종비지니스센터 1층 A137호,"1,080,000,000","370,440,000",낙찰,"473,490,000",43.8%,2022-09-26,2022_3Q,3
대전 4계 2022-197,근린상가,근린상가,근린상가,세종,세종시,세종 세종시 소담동 540 코끼리타워 1층 101호,"938,639,000","459,933,000",낙찰,"525,000,000",55.9%,2022-10-04,2022_4Q,3
대전 5계 2022-203(1),근린상가,근린상가,근린상가,세종,세종시,세종 세종시 보람동 708 세종드림빌딩 1층 102호,"893,000,000","437,570,000",낙찰,"440,505,000",49.3%,2022-09-14,2022_3Q,3
대전 5계 2022-203(2),근린상가,근린상가,근린상가,세종,세종시,세종 세종시 보람동 708 세종드림빌딩 1층 101호,"1,559,000,000","534,737,000",낙찰,"618,000,000",39.6%,2022-10-19,2022_4Q,3
대전 3계 2022-272,주상복합(상가),기타토지,기타토지,세종,세종시,세종 세종시 나성동 764 세종갤러리밸류시티 2층 208호,"664,000,000","227,752,000",낙찰,"278,990,000",42.0%,2022-09-26,2022_3Q,3
대전 1계 2022-340,아파트,아파트,아파트,세종,세종시,세종 세종시 새롬동 614 새뜸마을12단지 1204동 6층 605호,"903,000,000","632,100,000",낙찰,"702,500,000",77.8%,2022-07-18,2022_3Q,3
대전 4계 2022-364,임야,임야,임야,세종,세종시,세종 세종시 장군면 금암리 283-43,"296,274,000","145,174,000",낙찰,"166,000,100",56.0%,2022-11-08,2022_4Q,3
대전 6계 2022-388(1),근린상가,근린상가,근린상가,세종,세종시,세종 세종시 보람동 757 위너스타워 3층 303호,"584,000,000","286,160,000",낙찰,"322,000,000",55.1%,2022-10-05,2022_4Q,3
대전 6계 2022-388(2),근린상가,근린상가,근린상가,세종,세종시,세종 세종시 보람동 757 위너스타워 3층 304호,"876,000,000","300,468,000",낙찰,"461,500,000",52.7%,2022-11-09,2022_4Q,3
대전 6계 2022-388(3),근린상가,근린상가,근린상가,세종,세종시,세종 세종시 보람동 757 위너스타워 4층 403호,"508,000,000","355,600,000",낙찰,"361,188,000",71.1%,2022-08-31,2022_3Q,3
대전 6계 2022-388(4),근린상가,근린상가,근린상가,세종,세종시,세종 세종시 보람동 757 위너스타워 4층 404호,"511,000,000","357,700,000",낙찰,"405,777,000",79.4%,2022-08-31,2022_3Q,3
대전 6계 2022-388(5),근린상가,근린상가,근린상가,세종,세종시,세종 세종시 보람동 757 위너스타워 5층 503호,"484,000,000","237,160,000",낙찰,"283,919,000",58.7%,2022-10-05,2022_4Q,3
대전 6계 2022-388(6),근린상가,근린상가,근린상가,세종,세종시,세종 세종시 보람동 757 위너스타워 6층 602호,"436,000,000","305,200,000",낙찰,"322,335,000",73.9%,2022-08-31,2022_3Q,3
대전 6계 2022-388(7),근린상가,근린상가,근린상가,세종,세종시,세종 세종시 보람동 757 위너스타워 6층 603호,"484,000,000","237,160,000",낙찰,"279,990,000",57.8%,2022-10-05,2022_4Q,3
대전 6계 2022-470(1),아파트상가,아파트상가,기타토지,세종,세종시,세종 세종시 대평동 668 해들마을6단지 판매시설-3동 2층 C218호,"174,000,000","59,682,000",낙찰,"70,888,000",40.7%,2022-12-14,2022_4Q,3
대전 6계 2022-470(2),아파트상가,아파트상가,기타토지,세종,세종시,세종 세종시 대평동 668 해들마을6단지 판매시설-3동 2층 C219호,"174,000,000","59,682,000",낙찰,"70,888,000",40.7%,2022-12-14,2022_4Q,3
대전 6계 2022-470(3),아파트상가,아파트상가,기타토지,세종,세종시,세종 세종시 대평동 668 해들마을6단지 판매시설-3동 2층 C220호,"176,000,000","60,368,000",낙찰,"76,790,000",43.6%,2022-12-14,2022_4Q,3
대전 6계 2022-470(4),아파트상가,아파트상가,기타토지,세종,세종시,세종 세종시 대평동 668 해들마을6단지 판매시설-3동 2층 C221호,"176,000,000","60,368,000",낙찰,"71,888,000",40.8%,2022-12-14,2022_4Q,3
대전 6계 2022-470(5),아파트상가,아파트상가,기타토지,세종,세종시,세종 세종시 대평동 668 해들마을6단지 판매시설-3동 2층 C222호,"185,000,000","90,650,000",낙찰,"92,765,000",50.1%,2022-11-09,2022_4Q,3
대전 7계 2022-494(2),근린상가,근린상가,근린상가,세종,세종시,세종 세종시 도담동 670 황금빌딩 1동 2층 205호,"482,000,000","236,180,000",낙찰,"237,138,000",49.2%,2022-09-22,2022_3Q,3
대전 5계 2022-1091,오피스텔(상가),오피스텔,오피스텔(업무용),세종,세종시,세종 세종시 어진동 648 2차푸르지오시티 1층 119호,"202,000,000","98,980,000",낙찰,"102,121,000",50.6%,2022-10-19,2022_4Q,3
대전 5계 2022-1152,아파트,아파트,아파트,세종,세종시,"세종 세종시 한솔동 950 ,947 첫마을 307동 7층 712호","827,000,000","405,230,000",낙찰,"480,880,000",58.1%,2022-12-28,2022_4Q,3
대전 3계 2022-1923,근린상가,근린상가,근린상가,세종,세종시,세종 세종시 고운동 1717 세종스마트큐브1 1층 111호,"580,000,000","284,200,000",낙찰,"320,000,000",55.2%,2022-10-31,2022_4Q,3
대전 1계 2022-1992,목장용지,기타토지,목장용지,세종,세종시,세종 세종시 금남면 도남리 116-55,"217,064,000","151,945,000",낙찰,"192,000,100",88.5%,2022-10-11,2022_4Q,3
대전 3계 2022-2001,임야,임야,임야,세종,세종시,세종 세종시 전의면 관정리 산3-4,"14,850,000","10,395,000",낙찰,"10,509,000",70.8%,2022-09-26,2022_3Q,3
대전 5계 2022-2612,근린상가,근린상가,근린상가,세종,세종시,세종 세종시 어진동 670 세종에비뉴힐A 3층 3009호,"156,000,000","76,440,000",낙찰,"92,111,800",59.0%,2022-11-23,2022_4Q,3
대전 5계 2022-2926(1),답,답,답,세종,세종시,세종 세종시 장군면 금암리 408-1,"205,942,000","144,159,000",낙찰,"175,000,000",85.0%,2022-11-23,2022_4Q,3
대전 5계 2022-2926(2),답,답,답,세종,세종시,세종 세종시 장군면 금암리 408-5,"313,770,600","219,639,000",낙찰,"270,000,000",86.1%,2022-11-23,2022_4Q,3
대전 5계 2022-2926(3),답,답,답,세종,세종시,세종 세종시 장군면 금암리 413-9,"4,890,000","3,423,000",낙찰,"3,500,000",71.6%,2022-11-23,2022_4Q,3
대전 6계 2022-2933,전,전,전,세종,세종시,세종 세종시 금남면 달전리 581,"126,587,170","88,611,000",낙찰,"88,988,000",70.3%,2022-12-14,2022_4Q,3
대전 1계 2022-3387,근린상가,근린상가,근린상가,세종,세종시,세종 세종시 고운동 2094 세종중앙타워 1층 113호,"813,000,000","398,370,000",낙찰,"437,600,000",53.8%,2022-12-19,2022_4Q,3
대전 6계 2022-3516,전,전,전,세종,세종시,세종 세종시 장군면 금암리 134,"439,458,000","439,458,000",낙찰,"440,000,000",100.1%,2022-11-09,2022_4Q,3
대전 5계 2022-3981,아파트,아파트,아파트,세종,세종시,세종 세종시 아름동 1284 범지기마을7단지 호반베르디움에코시티 709동 10층 1002호,"600,000,000","420,000,000",낙찰,"451,500,000",75.3%,2022-11-23,2022_4Q,3
대전 2계 2022-5000,차량,기타토지,기타토지,세종,세종시,세종 세종시 연동면 응암리 925 신성한울림내 (044-868-9190) 보관,"18,000,000","12,600,000",낙찰,"14,280,000",79.3%,2022-12-12,2022_4Q,3
대전 5계 2022-100165,오피스텔,오피스텔,오피스텔(업무용),세종,세종시,세종 세종시 어진동 669 세종파이낸스센터1 3층 309-1호,"442,000,000","216,580,000",낙찰,"230,400,000",52.1%,2022-09-14,2022_3Q,3
대전 3계 2022-100233,근린상가,근린상가,근린상가,세종,세종시,세종 세종시 고운동 1717 세종스마트큐브1 1층 113호,"1,522,000,000","745,780,000",낙찰,"810,000,000",53.2%,2022-08-22,2022_3Q,3
대전 3계 2022-100622,아파트,아파트,아파트,세종,세종시,"세종 세종시 조치원읍 죽림리 72 ,-1,-2 죽림우방유쉘 108동 9층 903호","416,000,000","291,200,000",낙찰,"320,000,000",76.9%,2022-07-04,2022_3Q,3
대전 5계 2022-100646,근린주택,근린주택,근린주택,세종,세종시,세종 세종시 조치원읍 원리 8-7,"76,613,700","53,630,000",낙찰,"62,812,000",82.0%,2022-09-14,2022_3Q,3
대전 2계 2022-100875,차량,기타토지,기타토지,세종,세종시,세종 세종시 연동면 응암리 925 신성한울림주차장(044-868-9190)내 보관,"8,000,000","3,920,000",낙찰,"5,688,000",71.1%,2022-07-11,2022_3Q,3
대전 8계 2022-101328(1),답,답,답,세종,세종시,세종 세종시 금남면 발산리 256,"284,110,000","284,110,000",낙찰,"301,000,000",105.9%,2022-08-08,2022_3Q,3
대전 8계 2022-101328(2),전,전,전,세종,세종시,세종 세종시 금남면 영치리 313-1,"9,720,000","9,720,000",낙찰,"20,880,000",214.8%,2022-08-08,2022_3Q,3
대전 2계 2022-101625,중기,기타토지,기타토지,세종,세종시,세종 세종시 연동면 응암리 925 신성한울림주차장(044-868-9190)내 보관,"150,000,000","73,500,000",낙찰,"98,300,000",65.5%,2022-07-11,2022_3Q,3
대전 2계 2022-101755(2),중기,기타토지,기타토지,세종,세종시,세종 세종시 연동면 응암리 925 신성한울림주차장(제3자임동철)에게 보관,"8,000,000","1,921,000",낙찰,"2,568,000",32.1%,2022-08-29,2022_3Q,3
대전 1계 2022-101762,아파트,아파트,아파트,세종,세종시,세종 세종시 반곡동 행정중심복합도시4-1생활권엠2블록 수루배마을3단지 323동 5층 504호,"832,000,000","582,400,000",낙찰,"583,000,000",70.1%,2022-09-05,2022_3Q,3
대전 6계 2022-101809,아파트,아파트,아파트,세종,세종시,"세종 세종시 조치원읍 죽림리 72 ,72-1,72-2 죽림우방유쉘 102동 2층 203호","454,000,000","317,800,000",낙찰,"350,000,000",77.1%,2022-10-05,2022_4Q,3
대전 4계 2022-102406,임야,임야,임야,세종,세종시,세종 세종시 연동면 명학리 621-1,"72,046,260","72,046,260",낙찰,"74,000,100",102.7%,2022-08-23,2022_3Q,3
대전 5계 2022-102543,아파트,아파트,아파트,세종,세종시,세종 세종시 조치원읍 신안리 542 이편한세상세종 112동 6층 602호,"566,000,000","277,340,000",낙찰,"352,000,000",62.2%,2022-11-23,2022_4Q,3
대전 2계 2022-103539,차량,기타토지,기타토지,세종,세종시,세종 세종시 연동면 응암리 925 신성한울림(044-868-9190)내보관,"9,000,000","4,410,000",낙찰,"5,600,000",62.2%,2022-08-29,2022_3Q,3
대전 2계 2022-103553,차량,기타토지,기타토지,세종,세종시,세종 세종시 연동면 응암리 925 신성한울림(044-868-9190)내보관,"7,000,000","4,900,000",낙찰,"5,730,000",81.9%,2022-07-11,2022_3Q,3
대전 5계 2022-103638,임야,임야,임야,세종,세종시,세종 세종시 장군면 봉안리 295-11,"629,254,000","629,254,000",낙찰,"1,005,100,000",159.7%,2022-10-19,2022_4Q,3
대전 2계 2022-103782,차량,기타토지,기타토지,세종,세종시,세종 세종시 연동면 응암리 925 신성한울림(044-868-9190)내보관,"11,000,000","11,000,000",낙찰,"12,210,000",111.0%,2022-07-11,2022_3Q,3
대전 2계 2022-103799,차량,기타토지,기타토지,세종,세종시,세종 세종시 연동면 응암리 925 신성한울림(044-868-9190)내 보관,"23,000,000","11,270,000",낙찰,"15,599,900",67.8%,2022-10-07,2022_4Q,3
대전 2계 2022-104181,차량,기타토지,기타토지,세종,세종시,세종 세종시 연동면 응암리 925 신성한울림(044-868-9190)내 보관,"6,000,000","2,940,000",낙찰,"4,371,200",72.9%,2022-10-07,2022_4Q,3
대전 8계 2022-104518,아파트,아파트,아파트,세종,세종시,세종 세종시 조치원읍 신흥리 398 신흥푸르지오 106동 2층 204호,"428,000,000","299,600,000",낙찰,"325,060,000",75.9%,2022-12-01,2022_4Q,3
대전 6계 2022-104693,전,전,전,세종,세종시,세종 세종시 연서면 부동리 214-3,"1,881,380,000","1,881,380,000",낙찰,"2,069,000,000",110.0%,2022-10-05,2022_4Q,3
대전 2계 2022-104877,차량,기타토지,기타토지,세종,세종시,세종 세종시 연동면 응암리 925 신성한울림주차장내(044-868-9190) 보관,"12,800,000","8,960,000",낙찰,"9,000,500",70.3%,2022-10-07,2022_4Q,3
대전 6계 2022-105269,점포,근린상가,점포상가,세종,세종시,세종 세종시 금남면 용포리 205-12,"675,165,600","472,616,000",낙찰,"511,327,000",75.7%,2022-12-14,2022_4Q,3
대전 3계 2022-105344,아파트,아파트,아파트,세종,세종시,세종 세종시 어진동 673 한뜰마을6단지 602동 17층 1706호,"894,000,000","625,800,000",낙찰,"667,000,000",74.6%,2022-12-05,2022_4Q,3
대전 6계 2022-105382,답,답,답,세종,세종시,세종 세종시 연서면 봉암리 16,"57,209,620","40,047,000",낙찰,"40,050,000",70.0%,2022-12-14,2022_4Q,3
대전 2계 2022-105443,중기,기타토지,기타토지,세종,세종시,세종 세종시 연동면 응암리 925 신성한울림(044-868-9190)내 보관,"70,000,000","49,000,000",낙찰,"63,799,000",91.1%,2022-08-29,2022_3Q,3
대전 2계 2022-106774,중기,기타토지,기타토지,세종,세종시,세종 세종시 연동면 응암리 925 신성한울림내(044-868-9190) 보관,"110,000,000","77,000,000",낙찰,"78,607,000",71.5%,2022-10-07,2022_4Q,3
대전 2계 2022-106965,차량,기타토지,기타토지,세종,세종시,세종 세종시 연동면 응암리 925 신성한울림(044-868-9190)내 보관,"5,900,000","4,130,000",낙찰,"4,500,000",76.3%,2022-11-07,2022_4Q,3
대전 2계 2022-107029,차량,기타토지,기타토지,세종,세종시,세종 세종시 연동면 응암리 925 신성한울림주차장내(제3자 임동철) 보관,"14,000,000","9,800,000",낙찰,"10,133,000",72.4%,2022-10-07,2022_4Q,3
대전 8계 2021-6631(1),단독주택,단독,단독주택,세종,세종시,"세종 세종시 조치원읍 신안리 418-1 ,-13 1동","636,197,800","218,216,000",낙찰,"328,000,000",51.6%,2023-01-12,2023_1Q,3
대전 6계 2021-100052(1),단독주택,단독,단독주택,세종,세종시,세종 세종시 금남면 영곡리 278,"420,473,480","294,331,000",낙찰,"297,110,000",70.7%,2023-05-09,2023_2Q,3
대전 8계 2022-74,아파트상가,아파트상가,기타토지,세종,세종시,세종 세종시 새롬동 564 새뜸마을13단지 1층 B-122호,"827,000,000","198,563,000",낙찰,"255,000,000",30.8%,2023-06-29,2023_2Q,3
대전 8계 2022-241(1),근린상가,근린상가,근린상가,세종,세종시,세종 세종시 아름동 1332 영토빌딩 1층 111호,"762,000,000","261,366,000",낙찰,"264,000,000",34.6%,2023-05-18,2023_2Q,3
대전 7계 2022-2070(7),근린상가,근린상가,근린상가,세종,세종시,세종 세종시 보람동 757 위너스타워 2층 201호,"1,107,000,000","542,430,000",낙찰,"605,000,000",54.7%,2023-03-21,2023_1Q,3
대전 6계 2022-2674,근린상가,근린상가,근린상가,세종,세종시,세종 세종시 보람동 708 세종드림빌딩 지하1층 B102호,"1,013,000,000","243,221,000",낙찰,"309,890,000",30.6%,2023-04-04,2023_2Q,3
대전 7계 2022-2681(1),근린상가,근린상가,근린상가,세종,세종시,"세종 세종시 조치원읍 죽림리 114-1 ,114-3,115,116,117-1,117-3,118,118-2,121-2 세종럭스스퀘어 1동 6층 604호","317,000,000","155,330,000",낙찰,"211,299,000",66.7%,2023-02-14,2023_1Q,3
대전 7계 2022-2681(2),근린상가,근린상가,근린상가,세종,세종시,"세종 세종시 조치원읍 죽림리 114-1 ,114-3,115-116,117-1,117-3,118,118-2,121-2 세종럭스스퀘어 1동 6층 605호","319,000,000","109,417,000",낙찰,"182,000,000",57.1%,2023-03-21,2023_1Q,3
대전 7계 2022-2681(3),근린상가,근린상가,근린상가,세종,세종시,"세종 세종시 조치원읍 죽림리 114-1 ,114-3,115,116,117-1,117-3,118,118-2,121-2 세종럭스스퀘어 1동 6층 606호","266,000,000","130,340,000",낙찰,"141,444,400",53.2%,2023-02-14,2023_1Q,3
대전 8계 2022-2698,근린상가,근린상가,근린상가,세종,세종시,"세종 세종시 조치원읍 죽림리 114-1 ,114-3,115,116,117-1,117-3,118,118-2,121-2 1동 2층 235호","626,000,000","214,718,000",낙찰,"306,740,000",49.0%,2023-02-23,2023_1Q,3
대전 8계 2022-2896,아파트,아파트,아파트,세종,세종시,세종 세종시 새롬동 611 새뜸마을9단지 903동 7층 701호,"1,232,000,000","603,680,000",낙찰,"851,000,000",69.1%,2023-01-12,2023_1Q,3
대전 4계 2022-3110,아파트,아파트,아파트,세종,세종시,세종 세종시 반곡동 143-1 수루배마을6단지 614동 4층 401호,"580,000,000","284,200,000",낙찰,"350,001,000",60.3%,2023-02-24,2023_1Q,3
대전 8계 2022-4007(1),전,전,전,세종,세종시,세종 세종시 전의면 동교리 152-5,"186,042,000","63,812,000",낙찰,"90,160,000",48.5%,2023-04-06,2023_2Q,3
대전 8계 2022-4007(2),임야,임야,임야,세종,세종시,세종 세종시 전의면 동교리 152-16,"73,953,000","36,237,000",낙찰,"46,871,600",63.4%,2023-02-23,2023_1Q,3
대전 1계 2022-4113,대지,나대지,나대지,세종,세종시,세종 세종시 조치원읍 남리 12-10,"44,814,000","31,370,000",낙찰,"32,440,000",72.4%,2023-01-30,2023_1Q,3
대전 6계 2022-4144,점포,근린상가,점포상가,세종,세종시,세종 세종시 금남면 대박리 313-22 주건축물 1동,"553,038,850","270,989,000",낙찰,"316,681,000",57.3%,2023-06-13,2023_2Q,3
대전 6계 2022-4151,임야,임야,임야,세종,세종시,세종 세종시 금남면 대박리 313-26,"472,454,700","231,503,000",낙찰,"291,525,000",61.7%,2023-06-13,2023_2Q,3
대전 5계 2022-4212,아파트,아파트,아파트,세종,세종시,세종 세종시 나성동 2-4생활권피4구역에이치오3블록 나릿재마을2단지 207동 18층 1801호,"1,400,000,000","980,000,000",낙찰,"1,000,610,000",71.5%,2023-03-15,2023_1Q,3
대전 4계 2022-4298,근린상가,근린상가,근린상가,세종,세종시,세종 세종시 한솔동 927 한솔빌딩 1동 2층 201호,"389,000,000","190,610,000",낙찰,"265,777,000",68.3%,2023-03-29,2023_1Q,3
대전 1계 2022-4625,아파트,아파트,아파트,세종,세종시,"세종 세종시 도담동 666 ,667 라온프라이빗시티2 1동 5층 521호","99,000,000","69,300,000",낙찰,"75,000,000",75.8%,2023-03-06,2023_1Q,3
대전 1계 2022-4779,아파트,아파트,아파트,세종,세종시,세종 세종시 새롬동 605 새뜸마을5단지 509동 16층 1604호,"819,000,000","573,300,000",낙찰,"626,424,000",76.5%,2023-01-30,2023_1Q,3
대전 8계 2022-4823,아파트상가,아파트상가,기타토지,세종,세종시,세종 세종시 새롬동 554 새뜸마을4단지근린생활시설3 지1층 129호,"459,000,000","157,437,000",낙찰,"176,171,000",38.4%,2023-04-06,2023_2Q,3
대전 1계 2022-4830,아파트상가,아파트상가,기타토지,세종,세종시,세종 세종시 새롬동 554 새뜸마을4단지 1층 110호,"450,000,000","220,500,000",낙찰,"238,510,000",53.0%,2023-03-06,2023_1Q,3
대전 3계 2022-4847,아파트상가,아파트상가,기타토지,세종,세종시,세종 세종시 새롬동 554 새뜸마을4단지근린생활시설3 지1층 128호,"472,000,000","161,896,000",낙찰,"203,650,000",43.1%,2023-04-05,2023_2Q,3
대전 4계 2022-4854,아파트상가,아파트상가,기타토지,세종,세종시,세종 세종시 새롬동 554 새뜸마을4단지 근린생활시설3 지1층 126호,"452,000,000","155,036,000",낙찰,"176,550,000",39.1%,2023-06-07,2023_2Q,3
대전 1계 2022-4984,아파트,아파트,아파트,세종,세종시,세종 세종시 한솔동 939 첫마을 110동 25층 2504호,"1,490,000,000","730,100,000",낙찰,"891,219,000",59.8%,2023-03-06,2023_1Q,3
대전 1계 2022-5086,근린상가,근린상가,근린상가,세종,세종시,세종 세종시 고운동 1716 참샘빌딩 3층 303호,"439,000,000","150,577,000",낙찰,"209,000,000",47.6%,2023-06-19,2023_2Q,3
대전 5계 2022-5253,임야,임야,임야,세종,세종시,세종 세종시 장군면 봉안리 4-9,"4,433,688,660","1,520,755,000",낙찰,"1,830,000,000",41.3%,2023-04-19,2023_2Q,3
대전 2계 2022-5659,중기,기타토지,기타토지,세종,세종시,세종 세종시 연동면 응암리 925 신성한울림내(044-868-9190) 보관,"85,000,000","41,650,000",낙찰,"57,850,000",68.1%,2023-01-16,2023_1Q,3
대전 8계 2022-5710,답,답,답,세종,세종시,세종 세종시 전동면 보덕리 314-3,"558,513,000","390,959,000",낙찰,"600,000,000",107.4%,2023-02-23,2023_1Q,3
대전 5계 2022-6188,근린상가,근린상가,근린상가,세종,세종시,세종 세종시 고운동 1373 고운에듀프라자 1층 101호,"865,000,000","423,850,000",낙찰,"480,000,000",55.5%,2023-04-19,2023_2Q,3
대전 5계 2022-6461,아파트,아파트,아파트,세종,세종시,세종 세종시 고운동 1728 가락마을6단지 608동 17층 1702호,"402,000,000","281,400,000",낙찰,"329,300,000",81.9%,2023-03-15,2023_1Q,3
대전 3계 2022-6560,임야,임야,임야,세종,세종시,세종 세종시 부강면 금호리 80-1,"2,606,980,330","707,478,000",낙찰,"1,156,000,000",44.3%,2023-06-14,2023_2Q,3
대전 8계 2022-6591,전,전,전,세종,세종시,세종 세종시 전동면 송정리 294-1,"372,960,000","182,750,000",낙찰,"210,100,000",56.3%,2023-06-29,2023_2Q,3
대전 6계 2022-8337(4),답,답,답,세종,세종시,세종 세종시 전동면 송성리 648,"213,647,000","213,647,000",낙찰,"214,880,000",100.6%,2023-05-09,2023_2Q,3
대전 8계 2022-8450(1),근린상가,근린상가,근린상가,세종,세종시,"세종 세종시 조치원읍 죽림리 114-1 ,114-3,115,116,117-1,117-3,118,118-2,121-2 세종럭스스퀘어 1동 3층 319호","381,000,000","186,690,000",낙찰,"225,990,000",59.3%,2023-06-29,2023_2Q,3
대전 8계 2022-8450(2),근린상가,근린상가,근린상가,세종,세종시,"세종 세종시 조치원읍 죽림리 114-1 ,114-3,115,116,117-1,117-3,118,118-2,121-2 세종럭스스퀘어 1동 1층 130호","386,000,000","189,140,000",낙찰,"190,140,000",49.3%,2023-06-29,2023_2Q,3
대전 8계 2022-8450(3),근린상가,근린상가,근린상가,세종,세종시,"세종 세종시 조치원읍 죽림리 114-1 ,114-3,115,116,117-1,117-3,118,118-2,121-2 세종럭스스퀘어 1동 1층 131호","382,000,000","187,180,000",낙찰,"220,200,000",57.6%,2023-06-29,2023_2Q,3
대전 5계 2022-8740,아파트,아파트,아파트,세종,세종시,세종 세종시 조치원읍 침산리 89 욱일 111동 17층 1702호,"408,000,000","285,600,000",낙찰,"295,000,000",72.3%,2023-06-28,2023_2Q,3
대전 1계 2022-101588,과수원,과수원,과수원,세종,세종시,세종 세종시 연동면 내판리 251-2,"373,950,000","183,236,000",낙찰,"266,200,000",71.2%,2023-04-10,2023_2Q,3
대전 1계 2022-102000,아파트,아파트,아파트,세종,세종시,세종 세종시 소담동 531 새샘마을8단지 803동 13층 1302호,"922,000,000","451,780,000",낙찰,"630,000,000",68.3%,2023-05-15,2023_2Q,3
대전 1계 2022-102277,아파트,아파트,아파트,세종,세종시,세종 세종시 보람동 786 호려울마을1단지 101동 13층 1302호,"621,000,000","304,290,000",낙찰,"442,299,000",71.2%,2023-03-06,2023_1Q,3
대전 6계 2022-102390,아파트,아파트,아파트,세종,세종시,세종 세종시 조치원읍 죽림리 92 신동아 101동 5층 509호,"196,000,000","137,200,000",낙찰,"158,880,000",81.1%,2023-01-26,2023_1Q,3
대전 7계 2022-103027,과수원,과수원,과수원,세종,세종시,세종 세종시 연서면 월하리 954-51,"12,468,480","8,728,000",낙찰,"10,550,000",84.6%,2023-01-10,2023_1Q,3
대전 7계 2022-103201,아파트,아파트,아파트,세종,세종시,세종 세종시 고운동 1729 가락마을1단지 108동 2층 202호,"886,000,000","434,140,000",낙찰,"593,690,000",67.0%,2023-02-14,2023_1Q,3
대전 8계 2022-103416,임야,임야,임야,세종,세종시,세종 세종시 전의면 금사리 산23-2,"9,900,000","3,396,000",낙찰,"4,055,000",41.0%,2023-01-12,2023_1Q,3
대전 4계 2022-103584,다세대,다세대주택,다세대,세종,세종시,세종 세종시 조치원읍 서창리 154-4 서창리예원드림빌 9층 905호,"119,000,000","83,300,000",낙찰,"105,000,000",88.2%,2023-01-18,2023_1Q,3
대전 8계 2022-103706,임야,임야,임야,세종,세종시,세종 세종시 전동면 송성리 742-3,"25,070,000","6,019,000",낙찰,"6,020,000",24.0%,2023-04-06,2023_2Q,3
대전 5계 2022-103737,근린상가,근린상가,근린상가,세종,세종시,세종 세종시 아름동 1314 아이콤타워 7층 701호,"1,520,000,000","744,800,000",낙찰,"793,000,000",52.2%,2023-02-08,2023_1Q,3
대전 5계 2022-105238,아파트,아파트,아파트,세종,세종시,세종 세종시 새롬동 554 새뜸마을4단지 412동 10층 1001호,"892,000,000","624,400,000",낙찰,"701,000,000",78.6%,2023-02-08,2023_1Q,3
대전 1계 2022-105436,아파트,아파트,아파트,세종,세종시,세종 세종시 새롬동 593 새뜸마을6단지 608동 2층 201호,"1,180,000,000","826,000,000",낙찰,"833,345,000",70.6%,2023-01-30,2023_1Q,3
대전 6계 2022-105528,아파트,아파트,아파트,세종,세종시,세종 세종시 조치원읍 신안리 542 이편한세상세종 108동 11층 1101호,"202,000,000","98,980,000",낙찰,"121,001,004",59.9%,2023-01-26,2023_1Q,3
대전 7계 2022-105931,아파트,아파트,아파트,세종,세종시,세종 세종시 아름동 1297 범지기마을3단지 302동 24층 2401호,"750,000,000","525,000,000",낙찰,"526,110,000",70.1%,2023-03-21,2023_1Q,3
대전 6계 2022-106330,아파트,아파트,아파트,세종,세종시,세종 세종시 종촌동 640 가재마을4단지 412동 25층 2502호,"641,000,000","314,090,000",낙찰,"445,777,000",69.5%,2023-02-28,2023_1Q,3
대전 4계 2022-106545,임야,임야,임야,세종,세종시,세종 세종시 장군면 용암리 산49-8,"20,160,500","14,112,000",낙찰,"16,128,700",80.0%,2023-05-03,2023_2Q,3
대전 3계 2022-106736,전,전,전,세종,세종시,세종 세종시 전의면 서정리 261-3,"105,980,000","25,446,000",낙찰,"30,840,000",29.1%,2023-05-10,2023_2Q,3
대전 4계 2022-107272,단독주택,단독,단독주택,세종,세종시,세종 세종시 소정면 운당리 206-3,"60,380,220","42,266,000",낙찰,"45,000,100",74.5%,2023-03-29,2023_1Q,3
대전 8계 2022-107456,아파트,아파트,아파트,세종,세종시,세종 세종시 어진동 613 한뜰마을3단지 308동 7층 705호,"800,000,000","560,000,000",낙찰,"641,111,100",80.1%,2023-04-06,2023_2Q,3
대전 7계 2022-107586,대지,나대지,나대지,세종,세종시,세종 세종시 조치원읍 신안리 157-3,"635,160,000","311,228,000",낙찰,"316,990,000",49.9%,2023-05-30,2023_2Q,3
대전 1계 2022-107647,아파트,아파트,아파트,세종,세종시,"세종 세종시 전의면 유천리 528 ,530,531 민석그린 110동 4층 402호","99,000,000","48,510,000",낙찰,"75,249,900",76.0%,2023-05-15,2023_2Q,3
대전 2계 2022-107791,차량,기타토지,기타토지,세종,세종시,세종 세종시 연동면 응암리 925 신성한울림주차장(제3자 임동철)내 보관,"9,000,000","3,087,000",낙찰,"5,099,900",56.7%,2023-02-20,2023_1Q,3
대전 1계 2022-107814(1),임야,임야,임야,세종,세종시,세종 세종시 전동면 미곡리 산79-7,"17,940,000","17,940,000",낙찰,"19,700,000",109.8%,2023-05-15,2023_2Q,3
대전 5계 2022-108329,대지,나대지,나대지,세종,세종시,세종 세종시 연서면 신대리 95-20,"113,424,000","79,397,000",낙찰,"80,000,000",70.5%,2023-02-08,2023_1Q,3
대전 3계 2022-108411,아파트,아파트,아파트,세종,세종시,세종 세종시 반곡동 59-7 수루배마을4단지 412동 7층 701호,"1,005,000,000","703,500,000",낙찰,"745,700,000",74.2%,2023-03-02,2023_1Q,3
대전 2계 2022-108657,중기,기타토지,기타토지,세종,세종시,세종 세종시 연동면 응암리 925 신성한울림주차장내(제3자 임동철) 보관,"42,000,000","20,580,000",낙찰,"30,900,000",73.6%,2023-01-16,2023_1Q,3
대전 2계 2022-108954,차량,기타토지,기타토지,세종,세종시,세종 세종시 연동면 응암리 925 신성한울림주차장내 보관(제3자임동철에게보관),"50,000,000","24,500,000",낙찰,"28,679,000",57.4%,2023-02-20,2023_1Q,3
대전 3계 2022-109766,대지,나대지,나대지,세종,세종시,세종 세종시 금남면 용포리 99-1,"1,683,360,000","1,683,360,000",낙찰,"1,701,100,000",101.1%,2023-03-02,2023_1Q,3
대전 5계 2022-110032,아파트,아파트,아파트,세종,세종시,세종 세종시 도담동 632 도램마을13단지 1301동 6층 602호,"434,000,000","303,800,000",낙찰,"371,780,000",85.7%,2023-03-15,2023_1Q,3
대전 4계 2022-110148,아파트,아파트,아파트,세종,세종시,세종 세종시 대평동 704 해들마을4단지 409동 14층 1405호,"708,000,000","495,600,000",낙찰,"621,470,000",87.8%,2023-05-03,2023_2Q,3
대전 8계 2022-110179,오피스텔,오피스텔,오피스텔(업무용),세종,세종시,세종 세종시 대평동 680 해피라움페스타 6층 C605호,"138,000,000","96,600,000",낙찰,"103,800,000",75.2%,2023-05-18,2023_2Q,3
대전 4계 2022-110254,아파트,아파트,아파트,세종,세종시,세종 세종시 고운동 1731 가락마을2단지 201동 4층 402호,"640,000,000","448,000,000",낙찰,"562,200,000",87.8%,2023-06-07,2023_2Q,3
대전 8계 2022-110346,아파트,아파트,아파트,세종,세종시,"세종 세종시 한솔동 947 ,950 첫마을3단지 퍼스트프라임 303동 5층 502호","1,130,000,000","553,700,000",낙찰,"736,666,666",65.2%,2023-05-18,2023_2Q,3
대전 4계 2022-110377,아파트,아파트,아파트,세종,세종시,세종 세종시 조치원읍 신흥리 393 주공 205동 1층 106호,"47,333,000","33,133,000",낙찰,"38,888,800",82.2%,2023-06-07,2023_2Q,3
대전 5계 2022-111257,오피스텔,오피스텔,오피스텔(업무용),세종,세종시,세종 세종시 어진동 669 세종파이낸스센터1 5층 509-1호,"422,000,000","206,780,000",낙찰,"241,900,000",57.3%,2023-05-24,2023_2Q,3
대전 8계 2022-111301,임야,임야,임야,세종,세종시,세종 세종시 소정면 대곡리 385-5,"7,280,000","5,096,000",낙찰,"6,660,000",91.5%,2023-05-18,2023_2Q,3
대전 8계 2022-111660,아파트,아파트,아파트,세종,세종시,세종 세종시 종촌동 640 가재마을 4단지 410동 18층 1801호,"530,000,000","371,000,000",낙찰,"473,999,000",89.4%,2023-05-18,2023_2Q,3
대전 6계 2022-111936,아파트,아파트,아파트,세종,세종시,세종 세종시 한솔동 1226 첫마을 4단지푸르지오 404동 15층 1501호,"550,000,000","385,000,000",낙찰,"430,000,000",78.2%,2023-05-09,2023_2Q,3
대전 4계 2022-112106,임야,임야,임야,세종,세종시,세종 세종시 부강면 등곡리 산20-13,"4,367,000","4,367,000",낙찰,"4,500,000",103.0%,2023-06-07,2023_2Q,3
대전 2계 2022-112113,차량,기타토지,기타토지,세종,세종시,세종 세종시 연동면 응암리 925 보조보관자 신성한울림(044-868-9190)내 보관,"31,200,000","15,288,000",낙찰,"21,130,000",67.7%,2023-03-27,2023_1Q,3
대전 8계 2022-112243(1),임야,임야,임야,세종,세종시,세종 세종시 연서면 고복리 산34-6,"226,524,500","110,997,000",낙찰,"117,792,740",52.0%,2023-06-29,2023_2Q,3
대전 8계 2022-112243(2),임야,임야,임야,세종,세종시,세종 세종시 전의면 달전리 290-17,"17,820,000","12,474,000",낙찰,"13,500,000",75.8%,2023-05-18,2023_2Q,3
대전 5계 2022-112533,근린상가,근린상가,근린상가,세종,세종시,세종 세종시 아름동 1314 아이콤타워 4층 405호,"662,000,000","227,066,000",낙찰,"280,001,200",42.3%,2023-06-28,2023_2Q,3
대전 2계 2022-113390,차량,기타토지,기타토지,세종,세종시,세종 세종시 연동면 응암리 925 신성한울림내 보관(제3자신성한울림에게보관),"5,500,000","3,850,000",낙찰,"3,900,000",70.9%,2023-06-05,2023_2Q,3
대전 2계 2022-113598,중기,기타토지,기타토지,세종,세종시,세종 세종시 연동면 응암리 925 (제3자신성한울림)내 보관,"6,000,000","6,000,000",낙찰,"7,210,000",120.2%,2023-03-27,2023_1Q,3
대전 2계 2022-113659,중기,기타토지,기타토지,세종,세종시,세종 세종시 연동면 응암리 925 제3자신성한울림내 보관,"67,000,000","46,900,000",낙찰,"47,600,000",71.0%,2023-03-27,2023_1Q,3
대전 2계 2022-113680,중기,기타토지,기타토지,세종,세종시,세종 세종시 연동면 응암리 925 제3자신성한울림주차장내 보관,"95,000,000","66,500,000",낙찰,"67,200,000",70.7%,2023-03-27,2023_1Q,3
대전 5계 2022-113697,아파트,아파트,아파트,세종,세종시,세종 세종시 도담동 853 도램마을10단지 1007동 7층 701호,"707,000,000","494,900,000",낙찰,"653,700,000",92.5%,2023-06-28,2023_2Q,3
대전 2계 2022-113918,중기,기타토지,기타토지,세종,세종시,세종 세종시 연동면 응암리 925 신성한울림내 보관,"90,000,000","30,870,000",낙찰,"31,589,000",35.1%,2023-03-27,2023_1Q,3
대전 2계 2023-100285,중기,기타토지,기타토지,세종,세종시,세종 세종시 연동면 응암리 925 중부복합물류(이든컴퍼니)내 보관,"75,000,000","36,750,000",낙찰,"47,370,000",63.2%,2023-06-05,2023_2Q,3
대전 2계 2023-100605(1),차량,기타토지,기타토지,세종,세종시,"세종 세종시 연동면 응암리 925 ICD동1층이든컴퍼니(044-868-9190,제3자임동철)내 보관","2,800,000","1,372,000",낙찰,"1,618,800",57.8%,2023-06-05,2023_2Q,3
대전 2계 2023-100605(4),차량,기타토지,기타토지,세종,세종시,"세종 세종시 연동면 응암리 925 ICD동1층이든컴퍼니(044-868-9190,제3자임동철)내 보관","3,500,000","1,201,000",낙찰,"1,250,000",35.7%,2023-05-01,2023_2Q,3
대전 2계 2023-100612,차량,기타토지,기타토지,세종,세종시,"세종 세종시 연동면 응암리 925 신성한울림주차장(044-868-9190,제3자임동철)내 보관","12,000,000","5,880,000",낙찰,"7,888,800",65.7%,2023-05-01,2023_2Q,3
대전 2계 2023-100629(1),차량,기타토지,기타토지,세종,세종시,"세종 세종시 연동면 응암리 925 ICD동1층이든컴퍼니(044-868-9190,제3자임동철)내 보관","12,000,000","2,017,000",낙찰,"3,111,100",25.9%,2023-06-05,2023_2Q,3
대전 2계 2023-100636(2),차량,기타토지,기타토지,세종,세종시,"세종 세종시 연동면 응암리 925 ICD동1층이든컴퍼니(044-868-9190,제3자임동철)내 보관","5,000,000","2,450,000",낙찰,"2,758,700",55.2%,2023-05-01,2023_2Q,3
대전 2계 2023-102564,중기,기타토지,기타토지,세종,세종시,"세종 세종시 연동면 응암리 925 IDC동1층(044-868-9190,제3자신성한울림)내 보관","40,000,000","28,000,000",낙찰,"33,100,000",82.8%,2023-05-01,2023_2Q,3
대전 2계 2023-103505,차량,기타토지,기타토지,세종,세종시,세종 세종시 연동면 응암리 925 신성한울림내 보관(제3자신성한울림에게보관),"17,000,000","11,900,000",낙찰,"14,510,000",85.4%,2023-06-05,2023_2Q,3
대전 1계 2020-7521,아파트,아파트,아파트,세종,세종시,세종 세종시 아름동 1363 범지기마을11단지 1109동 7층 702호,"680,000,000","333,200,000",낙찰,"460,109,000",67.7%,2023-12-11,2023_4Q,3
대전 6계 2021-8811,아파트,아파트,아파트,세종,세종시,세종 세종시 반곡동 1035 수루배마을6단지 612동 5층 502호,"674,000,000","330,260,000",낙찰,"437,799,000",65.0%,2023-12-19,2023_4Q,3
대전 6계 2021-100052(2),단독주택,단독,단독주택,세종,세종시,세종 세종시 금남면 영곡리 278-2 1동,"330,589,520","113,392,000",낙찰,"151,900,000",45.9%,2023-07-17,2023_3Q,3
대전 8계 2022-4014,임야,임야,임야,세종,세종시,세종 세종시 전동면 노장리 129-5,"1,323,300,000","648,417,000",낙찰,"749,149,100",56.6%,2023-08-10,2023_3Q,3
대전 8계 2022-4205,아파트,아파트,아파트,세종,세종시,세종 세종시 아름동 1363 범지기마을11단지 1103동 10층 1001호,"600,000,000","420,000,000",낙찰,"463,000,000",77.2%,2023-09-14,2023_3Q,3
대전 3계 2022-4458,아파트,아파트,아파트,세종,세종시,세종 세종시 아름동 1363 범지기마을11단지 1108동 11층 1104호,"600,000,000","420,000,000",낙찰,"459,001,000",76.5%,2023-08-23,2023_3Q,3
대전 7계 2022-4670,아파트,아파트,아파트,세종,세종시,세종 세종시 반곡동 143-1 수루배마을6단지 611동 6층 602호,"643,000,000","315,070,000",낙찰,"457,999,000",71.2%,2023-09-19,2023_3Q,3
대전 7계 2022-5154,아파트,아파트,아파트,세종,세종시,세종 세종시 아름동 1363 범지기마을11단지 1109동 24층 2401호,"603,000,000","422,100,000",낙찰,"456,789,100",75.8%,2023-12-05,2023_4Q,3
대전 7계 2022-5611,아파트상가,아파트상가,기타토지,세종,세종시,세종 세종시 새롬동 597 새뜸마을3단지근린생활시설1 1층 109호,"456,000,000","156,408,000",낙찰,"205,300,000",45.0%,2023-07-11,2023_3Q,3
대전 3계 2022-5819,아파트,아파트,아파트,세종,세종시,세종 세종시 아름동 1363 범지기마을11단지 1102동 11층 1102호,"610,000,000","427,000,000",낙찰,"501,200,000",82.2%,2023-08-23,2023_3Q,3
대전 7계 2022-6072,답,답,답,세종,세종시,세종 세종시 장군면 산학리 126,"582,390,000","199,760,000",낙찰,"220,000,000",37.8%,2023-08-16,2023_3Q,3
대전 8계 2022-6607,아파트,아파트,아파트,세종,세종시,세종 세종시 고운동 2112 가락마을18단지 1814동 3층 303호,"670,000,000","469,000,000",낙찰,"585,500,000",87.4%,2023-09-14,2023_3Q,3
대전 5계 2022-6720,아파트,아파트,아파트,세종,세종시,"세종 세종시 금남면 용포리 320 ,89-10,237-31,325-1,325-2,350-3,454-84,493-4 금남두진리버빌 103동 3층 305호","282,000,000","197,400,000",낙찰,"230,055,000",81.6%,2023-08-09,2023_3Q,3
대전 3계 2022-7143,아파트,아파트,아파트,세종,세종시,세종 세종시 집현동 883-139 새나루마을1단지 세종자이이편한세상 107동 17층 1703호,"771,000,000","539,700,000",낙찰,"602,682,000",78.2%,2023-07-19,2023_3Q,3
대전 8계 2022-7624,단독주택,단독,단독주택,세종,세종시,세종 세종시 장군면 금암리 334,"1,049,649,430","514,329,000",낙찰,"625,430,000",59.6%,2023-08-10,2023_3Q,3
대전 3계 2022-7938,답,답,답,세종,세종시,세종 세종시 금남면 달전리 516-3,"683,984,000","335,152,000",낙찰,"420,650,160",61.5%,2023-07-19,2023_3Q,3
대전 7계 2022-7969,아파트,아파트,아파트,세종,세종시,세종 세종시 조치원읍 신안리 542 이편한세상세종 104동 1층 104호,"432,000,000","211,680,000",낙찰,"255,075,000",59.0%,2023-07-11,2023_3Q,3
대전 1계 2022-8146,아파트,아파트,아파트,세종,세종시,세종 세종시 고운동 1396 가락마을20단지 2005동 10층 1001호,"560,000,000","392,000,000",낙찰,"416,500,000",74.4%,2023-11-06,2023_4Q,3
대전 6계 2022-8337(1),답,답,답,세종,세종시,세종 세종시 전동면 송성리 643,"235,582,000","80,805,000",낙찰,"83,511,000",35.4%,2023-08-29,2023_3Q,3
대전 6계 2022-8337(2),전,전,전,세종,세종시,세종 세종시 전동면 송성리 643-1,"67,980,000","16,322,000",낙찰,"16,451,000",24.2%,2023-10-10,2023_4Q,3
대전 6계 2022-8337(3),답,답,답,세종,세종시,세종 세종시 전동면 송성리 645,"882,789,000","432,566,000",낙찰,"433,000,000",49.0%,2023-07-17,2023_3Q,3
대전 4계 2022-8498(1),근린상가,근린상가,근린상가,세종,세종시,"세종 세종시 아름동 1361 ,1362 해피라움4 1층 120호","1,372,000,000","672,280,000",낙찰,"853,302,100",62.2%,2023-08-17,2023_3Q,3
대전 4계 2022-8498(2),근린상가,근린상가,근린상가,세종,세종시,"세종 세종시 아름동 1359 ,1360 해피라움3 1층 121호","559,000,000","273,910,000",낙찰,"396,890,000",71.0%,2023-08-17,2023_3Q,3
대전 7계 2022-8627,임야,임야,임야,세종,세종시,세종 세종시 금남면 신촌리 산5-5,"103,705,000","50,816,000",낙찰,"74,777,000",72.1%,2023-12-05,2023_4Q,3
대전 6계 2022-100356,아파트,아파트,아파트,세종,세종시,세종 세종시 종촌동 640 가재마을4단지 410동 14층 1401호,"648,000,000","453,600,000",낙찰,"461,000,000",71.1%,2023-08-29,2023_3Q,3
대전 1계 2022-103560,아파트,아파트,아파트,세종,세종시,세종 세종시 아름동 1363 범지기마을11단지 영무예다음 1102동 7층 702호,"533,000,000","373,100,000",낙찰,"442,000,000",82.9%,2023-09-25,2023_3Q,3
대전 3계 2022-109124,아파트,아파트,아파트,세종,세종시,세종 세종시 고운동 1728 가락마을6단지 602동 3층 303호,"390,000,000","273,000,000",낙찰,"342,200,000",87.7%,2023-08-23,2023_3Q,3
대전 6계 2022-109223(1),아파트,아파트,아파트,세종,세종시,세종 세종시 새롬동 597 새뜸마을3단지 303동 13층 1305호,"988,000,000","691,600,000",낙찰,"851,500,000",86.2%,2023-10-10,2023_4Q,3
대전 6계 2022-109223(2),아파트,아파트,아파트,세종,세종시,세종 세종시 새롬동 597 새뜸마을3단지 303동 15층 1504호,"750,000,000","525,000,000",낙찰,"740,777,900",98.8%,2023-10-10,2023_4Q,3
대전 1계 2022-109438,아파트,아파트,아파트,세종,세종시,세종 세종시 대평동 668 해들마을6단지 602동 10층 1003호,"1,130,000,000","791,000,000",낙찰,"852,636,500",75.5%,2023-09-25,2023_3Q,3
대전 1계 2022-109612,아파트,아파트,아파트,세종,세종시,세종 세종시 조치원읍 번암리 75-2 주공 108동 5층 506호,"200,000,000","98,000,000",낙찰,"141,000,000",70.5%,2023-07-24,2023_3Q,3
대전 6계 2022-109940,전,전,전,세종,세종시,세종 세종시 금남면 도남리 207,"1,237,842,600","606,543,000",낙찰,"610,500,000",49.3%,2023-07-17,2023_3Q,3
대전 4계 2022-110995,답,답,답,세종,세종시,세종 세종시 부강면 부강리 1090-1,"393,442,000","275,409,000",낙찰,"351,111,000",89.2%,2023-09-20,2023_3Q,3
대전 6계 2022-112038,전,전,전,세종,세종시,세종 세종시 부강면 금호리 697-1,"889,656,000","435,931,000",낙찰,"519,900,000",58.4%,2023-12-19,2023_4Q,3
대전 1계 2022-112359,근린상가,근린상가,근린상가,세종,세종시,세종 세종시 나성동 730 에스알파크시티 1층 141호,"557,000,000","191,051,000",낙찰,"268,000,000",48.1%,2023-07-24,2023_3Q,3
대전 4계 2022-112397,근린상가,근린상가,근린상가,세종,세종시,세종 세종시 아름동 1314 아이콤타워 4층 404호,"629,000,000","308,210,000",낙찰,"315,130,000",50.1%,2023-07-12,2023_3Q,3
대전 8계 2022-112427,아파트,아파트,아파트,세종,세종시,세종 세종시 소담동 586 새샘마을6단지 607동 2층 204호,"380,000,000","266,000,000",낙찰,"370,019,000",97.4%,2023-09-14,2023_3Q,3
대전 7계 2022-112564,대지,나대지,나대지,세종,세종시,세종 세종시 금남면 용포리 180-24,"166,320,000","81,497,000",낙찰,"103,099,000",62.0%,2023-08-16,2023_3Q,3
대전 4계 2022-112809,아파트,아파트,아파트,세종,세종시,세종 세종시 다정동 969 가온마을10단지 1008동 1층 101호,"760,000,000","372,400,000",낙찰,"620,999,999",81.7%,2023-08-17,2023_3Q,3
대전 5계 2022-112915,근린상가,근린상가,근린상가,세종,세종시,세종 세종시 대평동 684 스타뷰타워 2층 205호,"538,000,000","184,534,000",낙찰,"189,999,000",35.3%,2023-08-09,2023_3Q,3
대전 4계 2022-113123,답,답,답,세종,세종시,세종 세종시 연동면 내판리 320-3,"3,251,484,000","1,115,259,000",낙찰,"1,200,000,000",36.9%,2023-11-29,2023_4Q,3
대전 1계 2022-113543,아파트,아파트,아파트,세종,세종시,세종 세종시 고운동 1408 가락마을9단지 907동 10층 1003호,"463,000,000","226,870,000",낙찰,"306,100,000",66.1%,2023-11-06,2023_4Q,3
대전 8계 2022-113642,근린상가,근린상가,근린상가,세종,세종시,세종 세종시 조치원읍 번암리 61-6 세종메디컬센터 1동 1층 101호,"252,000,000","86,436,000",낙찰,"112,000,000",44.4%,2023-09-14,2023_3Q,3
대전 5계 2022-113819,공장,공장(지식산업센터 업무시설),공장,세종,세종시,"세종 세종시 전동면 송성리 679 ,684-2","383,638,150","268,547,000",낙찰,"330,000,000",86.0%,2023-08-09,2023_3Q,3
대전 1계 2022-113956(1),단독주택,단독,단독주택,세종,세종시,세종 세종시 부강면 노호리 307,"188,238,800","131,767,000",낙찰,"177,500,000",94.3%,2023-08-28,2023_3Q,3
대전 1계 2022-113956(2),전,전,전,세종,세종시,세종 세종시 부강면 노호리 307-1,"234,702,000","164,291,000",낙찰,"187,500,000",79.9%,2023-08-28,2023_3Q,3
대전 5계 2023-361,아파트,아파트,아파트,세종,세종시,세종 세종시 연서면 봉암리 622 대원네스트빌 102동 3층 306호,"287,000,000","140,630,000",낙찰,"200,911,000",70.0%,2023-09-13,2023_3Q,3
대전 4계 2023-453,주상복합(상가),기타토지,기타토지,세종,세종시,세종 세종시 나성동 763 행복의아침 1층 108호,"989,000,000","484,610,000",낙찰,"534,150,000",54.0%,2023-11-29,2023_4Q,3
대전 1계 2023-507(2),도로,기타토지,기타토지,세종,세종시,세종 세종시 장군면 대교리 323-13,"14,616,000","10,231,000",낙찰,"11,100,000",75.9%,2023-07-24,2023_3Q,3
대전 7계 2023-705,아파트,아파트,아파트,세종,세종시,세종 세종시 도담동 636 도램마을18단지 1803동 7층 701호,"632,000,000","442,400,000",낙찰,"474,100,000",75.0%,2023-08-16,2023_3Q,3
대전 8계 2023-1067,아파트,아파트,아파트,세종,세종시,세종 세종시 전의면 동교리 121-6 재동 1동 1층 111호,"80,000,000","56,000,000",낙찰,"68,500,000",85.6%,2023-08-10,2023_3Q,3
대전 2계 2023-1128,중기,기타토지,기타토지,세종,세종시,세종 세종시 연동면 응암리 925 신성한울림주차장내 보관( 제3자임동철에게보관),"38,000,000","9,124,000",낙찰,"9,566,800",25.2%,2023-09-18,2023_3Q,3
대전 7계 2023-1302,아파트,아파트,아파트,세종,세종시,세종 세종시 조치원읍 신안리 542 이편한세상세종 112동 6층 601호,"500,000,000","350,000,000",낙찰,"396,590,000",79.3%,2023-09-19,2023_3Q,3
대전 6계 2023-1968,아파트,아파트,아파트,세종,세종시,세종 세종시 고운동 1731 가락마을2단지 208동 4층 405호,"626,000,000","438,200,000",낙찰,"601,000,000",96.0%,2023-08-29,2023_3Q,3
대전 5계 2023-2190,아파트,아파트,아파트,세종,세종시,"세종 세종시 한솔동 971 ,1045 첫마을 505동 23층 2301호","495,000,000","346,500,000",낙찰,"427,500,000",86.4%,2023-10-18,2023_4Q,3
대전 7계 2023-2206,아파트,아파트,아파트,세종,세종시,"세종 세종시 한솔동 974 ,984 첫마을 612동 24층 2404호","495,000,000","495,000,000",낙찰,"505,878,500",102.2%,2023-08-16,2023_3Q,3
대전 4계 2023-2305,아파트,아파트,아파트,세종,세종시,세종 세종시 소담동 597 새샘마을1단지 104동 4층 405호,"721,000,000","504,700,000",낙찰,"674,510,000",93.6%,2023-10-25,2023_4Q,3
대전 6계 2023-2329(3),임야,임야,임야,세종,세종시,세종 세종시 전동면 송정리 72-10,"110,219,000","110,219,000",낙찰,"110,500,000",100.3%,2023-08-29,2023_3Q,3
대전 5계 2023-2633,근린상가,근린상가,근린상가,세종,세종시,세종 세종시 나성동 747 에스알파크원 8층 801호,"365,000,000","255,500,000",낙찰,"257,500,000",70.5%,2023-10-18,2023_4Q,3
대전 1계 2023-2947,근린상가,근린상가,근린상가,세종,세종시,세종 세종시 나성동 797 세종엔에스타워2 5층 501호,"272,000,000","133,280,000",낙찰,"148,000,000",54.4%,2023-11-06,2023_4Q,3
대전 8계 2023-3001,근린상가,근린상가,근린상가,세종,세종시,세종 세종시 나성동 767 갤러리세종프라자 3층 312-1호,"293,000,000","143,570,000",낙찰,"170,000,000",58.0%,2023-11-02,2023_4Q,3
대전 7계 2023-3896,아파트,아파트,아파트,세종,세종시,세종 세종시 반곡동 행정중심복합도시4-1생활권엠2블록 수루배마을3단지 303동 11층 1101호,"650,000,000","650,000,000",낙찰,"767,990,000",118.2%,2023-12-05,2023_4Q,3
대전 3계 2023-3919(2),근린상가,근린상가,근린상가,세종,세종시,세종 세종시 나성동 791 애플타워 1동 6층 603호,"171,000,000","83,790,000",낙찰,"85,000,000",49.7%,2023-12-13,2023_4Q,3
대전 8계 2023-4196,전,전,전,세종,세종시,세종 세종시 연서면 봉암리 236-1,"162,123,440","79,440,000",낙찰,"96,000,000",59.2%,2023-12-14,2023_4Q,3
대전 8계 2023-4417,단독주택,단독,단독주택,세종,세종시,세종 세종시 장군면 봉안리 205-6,"338,362,000","338,362,000",낙찰,"366,680,000",108.4%,2023-11-02,2023_4Q,3
대전 3계 2023-4424,아파트,아파트,아파트,세종,세종시,세종 세종시 아름동 1282 범지기마을9단지 902동 1층 102호,"502,000,000","351,400,000",낙찰,"473,333,000",94.3%,2023-11-08,2023_4Q,3
대전 1계 2023-4684,아파트,아파트,아파트,세종,세종시,세종 세종시 집현동 883-52 새나루마을3단지 302동 12층 1203호,"683,000,000","478,100,000",낙찰,"629,500,000",92.2%,2023-12-11,2023_4Q,3
대전 2계 2023-100032,차량,기타토지,기타토지,세종,세종시,세종 세종시 연동면 응암리 925 신성한울림주차장내 보관(044-868-9190),"10,000,000","4,900,000",낙찰,"5,100,000",51.0%,2023-07-10,2023_3Q,3
대전 5계 2023-100162,아파트,아파트,아파트,세종,세종시,세종 세종시 다정동 953 가온마을2단지 221동 2층 203호,"735,000,000","514,500,000",낙찰,"681,000,000",92.7%,2023-09-13,2023_3Q,3
대전 6계 2023-100360,아파트,아파트,아파트,세종,세종시,세종 세종시 조치원읍 신안리 542 이편한세상세종 108동 6층 603호,"412,000,000","201,880,000",낙찰,"310,100,000",75.3%,2023-08-29,2023_3Q,3
대전 2계 2023-100605(2),차량,기타토지,기타토지,세종,세종시,"세종 세종시 연동면 응암리 925 ICD동1층이든컴퍼니(044-868-9190,제3자임동철)내 보관","3,500,000","841,000",낙찰,"1,350,000",38.6%,2023-08-14,2023_3Q,3
대전 2계 2023-100605(3),차량,기타토지,기타토지,세종,세종시,"세종 세종시 연동면 응암리 925 ICD동1층이든컴퍼니(044-868-9190,제3자임동철)내 보관","2,200,000","259,000",낙찰,"350,000",15.9%,2023-07-10,2023_3Q,3
대전 2계 2023-100629(2),차량,기타토지,기타토지,세종,세종시,"세종 세종시 연동면 응암리 925 ICD동1층이든컴퍼니(044-868-9190,제3자임동철)내 보관","14,000,000","6,860,000",낙찰,"7,120,000",50.9%,2023-07-10,2023_3Q,3
대전 2계 2023-100636(1),차량,기타토지,기타토지,세종,세종시,"세종 세종시 연동면 응암리 925 ICD동1층이든컴퍼니(044-868-9190,제3자임동철)내 보관","3,300,000","1,132,000",낙찰,"1,133,900",34.4%,2023-07-10,2023_3Q,3
대전 2계 2023-100636(3),차량,기타토지,기타토지,세종,세종시,"세종 세종시 연동면 응암리 925 ICD동1층이든컴퍼니(044-868-9190,제3자임동철)내 보관","5,300,000","2,597,000",낙찰,"3,570,000",67.4%,2023-07-10,2023_3Q,3
대전 4계 2023-100766,아파트,아파트,아파트,세종,세종시,세종 세종시 종촌동 679 가재마을 3단지 304동 12층 1201호,"600,000,000","420,000,000",낙찰,"484,000,000",80.7%,2023-09-20,2023_3Q,3
대전 5계 2023-101325,아파트,아파트,아파트,세종,세종시,세종 세종시 어진동 603 한뜰마을2단지 더샵센트럴시티 206동 17층 1702호,"1,350,000,000","945,000,000",낙찰,"1,013,500,000",75.1%,2023-09-13,2023_3Q,3
대전 4계 2023-101646,아파트,아파트,아파트,세종,세종시,세종 세종시 대평동 668 해들마을 6단지 613동 5층 501호,"865,000,000","605,500,000",낙찰,"755,715,320",87.4%,2023-09-20,2023_3Q,3
대전 3계 2023-101776,임야,임야,임야,세종,세종시,세종 세종시 장군면 송학리 산10-14,"222,494,000","76,315,000",낙찰,"77,100,000",34.7%,2023-11-08,2023_4Q,3
대전 5계 2023-101868,아파트,아파트,아파트,세종,세종시,세종 세종시 종촌동 640 가재마을4단지 414동 20층 2004호,"402,000,000","402,000,000",낙찰,"407,000,070",101.2%,2023-08-09,2023_3Q,3
대전 4계 2023-102182(1),대지,나대지,나대지,세종,세종시,세종 세종시 장군면 평기리 170,"1,850,000","1,850,000",낙찰,"2,521,000",136.3%,2023-09-20,2023_3Q,3
대전 4계 2023-102182(2),전,전,전,세종,세종시,세종 세종시 장군면 봉안리 149,"7,437,190","5,206,000",낙찰,"5,500,000",74.0%,2023-10-25,2023_4Q,3
대전 4계 2023-102182(3),답,답,답,세종,세종시,세종 세종시 장군면 송문리 655-4,"1,211,080","594,000",낙찰,"600,000",49.5%,2023-11-29,2023_4Q,3
대전 4계 2023-102182(4),답,답,답,세종,세종시,세종 세종시 장군면 송문리 657-3,"1,984,580","972,000",낙찰,"1,500,000",75.6%,2023-11-29,2023_4Q,3
대전 7계 2023-102281,아파트,아파트,아파트,세종,세종시,세종 세종시 도담동 632 도램마을13단지 1301동 4층 401호,"436,000,000","305,200,000",낙찰,"376,000,777",86.2%,2023-09-19,2023_3Q,3
대전 8계 2023-102380,아파트,아파트,아파트,세종,세종시,"세종 세종시 한솔동 974 ,984 첫마을 607동 15층 1501호","497,000,000","347,900,000",낙찰,"485,000,000",97.6%,2023-08-10,2023_3Q,3
대전 5계 2023-102601,아파트,아파트,아파트,세종,세종시,세종 세종시 반곡동 851 수루배마을1단지 104동 3층 301호,"615,000,000","430,500,000",낙찰,"622,000,000",101.1%,2023-09-13,2023_3Q,3
대전 2계 2023-102618,차량,기타토지,기타토지,세종,세종시,세종 세종시 연동면 응암리 925 중부북부물류터미널 IDC동내(제3자:신성한울림(044-868-9190)) 보관,"15,000,000","10,500,000",낙찰,"11,000,000",73.3%,2023-08-14,2023_3Q,3
대전 3계 2023-102717,답,답,답,세종,세종시,세종 세종시 전동면 송성리 200,"278,166,000","136,301,000",낙찰,"154,382,100",55.5%,2023-10-04,2023_4Q,3
대전 8계 2023-102793,단독주택,단독,단독주택,세종,세종시,세종 세종시 금남면 도남리 116-54,"420,712,500","144,304,000",낙찰,"181,799,000",43.2%,2023-12-14,2023_4Q,3
대전 3계 2023-103055(1),전,전,전,세종,세종시,세종 세종시 금남면 부용리 271,"212,058,000","103,909,000",낙찰,"118,000,000",55.6%,2023-11-08,2023_4Q,3
대전 3계 2023-103055(2),답,답,답,세종,세종시,세종 세종시 금남면 부용리 346,"331,270,000","162,322,000",낙찰,"170,000,000",51.3%,2023-11-08,2023_4Q,3
대전 1계 2023-103222,아파트,아파트,아파트,세종,세종시,세종 세종시 보람동 774 호려울마을9단지 907동 22층 2201호,"614,000,000","429,800,000",낙찰,"557,100,000",90.7%,2023-08-28,2023_3Q,3
대전 3계 2023-103239,근린상가,근린상가,근린상가,세종,세종시,세종 세종시 소담동 541 타임빌딩 2층 204호,"950,000,000","465,500,000",낙찰,"600,111,000",63.2%,2023-12-13,2023_4Q,3
대전 6계 2023-103277,아파트,아파트,아파트,세종,세종시,세종 세종시 해밀동 118 해밀마을2단지 209동 13층 1302호,"676,000,000","473,200,000",낙찰,"631,111,000",93.4%,2023-12-19,2023_4Q,3
대전 7계 2023-103529,하천,기타토지,기타토지,세종,세종시,세종 세종시 장군면 은용리 335-8,"416,872,000","416,872,000",낙찰,"1,151,000,000",276.1%,2023-09-19,2023_3Q,3
대전 8계 2023-103710,단독주택,단독,단독주택,세종,세종시,"세종 세종시 소정면 대곡리 425-3 ,425-10,425-11,425-12","361,885,980","253,320,000",낙찰,"265,000,000",73.2%,2023-09-14,2023_3Q,3
대전 2계 2023-103758,중기,기타토지,기타토지,세종,세종시,세종 세종시 연동면 응암리 925 제3자신성한울림(044-868-9190)내 보관,"75,000,000","52,500,000",낙찰,"61,400,000",81.9%,2023-09-18,2023_3Q,3
대전 8계 2023-104119,근린상가,근린상가,근린상가,세종,세종시,세종 세종시 나성동 811 더센트럴 1층 175호,"502,000,000","245,980,000",낙찰,"247,010,000",49.2%,2023-11-02,2023_4Q,3
대전 8계 2023-104348,근린상가,근린상가,근린상가,세종,세종시,세종 세종시 보람동 708 세종드림빌딩 2층 204호,"835,000,000","286,405,000",낙찰,"370,011,000",44.3%,2023-12-14,2023_4Q,3
대전 2계 2023-104355,차량,기타토지,기타토지,세종,세종시,세종 세종시 연동면 응암리 925 ICD동 1층 이든컴퍼니(제3자:신성한울림)내 보관,"18,000,000","18,000,000",낙찰,"18,188,000",101.0%,2023-08-14,2023_3Q,3
대전 1계 2023-104362,근린상가,근린상가,근린상가,세종,세종시,세종 세종시 보람동 721 세종 스마트허브2 8층 801호,"195,000,000","136,500,000",낙찰,"140,600,000",72.1%,2023-09-25,2023_3Q,3
대전 7계 2023-104669(1),근린상가,근린상가,근린상가,세종,세종시,세종 세종시 어진동 657 세종비지니스센터 1층 B128호,"586,000,000","200,998,000",낙찰,"250,500,000",42.7%,2023-12-05,2023_4Q,3
대전 7계 2023-104669(2),근린상가,근린상가,근린상가,세종,세종시,세종 세종시 어진동 657 세종비지니스센터 1층 B108호,"745,000,000","255,535,000",낙찰,"321,000,000",43.1%,2023-12-05,2023_4Q,3
대전 4계 2023-104843(1),임야,임야,임야,세종,세종시,세종 세종시 연서면 고복리 180,"80,811,000","56,568,000",낙찰,"83,720,000",103.6%,2023-11-29,2023_4Q,3
대전 8계 2023-104898(1),오피스텔,오피스텔,오피스텔(업무용),세종,세종시,세종 세종시 아름동 1328 마드리드A 7층 701호,"200,000,000","98,000,000",낙찰,"98,700,000",49.4%,2023-11-02,2023_4Q,3
대전 8계 2023-104898(2),오피스텔,오피스텔,오피스텔(업무용),세종,세종시,세종 세종시 아름동 1328 마드리드A 7층 702호,"200,000,000","68,600,000",낙찰,"78,790,000",39.4%,2023-12-14,2023_4Q,3
대전 2계 2023-105075,차량,기타토지,기타토지,세종,세종시,세종 세종시 연동면 응암리 925 제3자신성한울림(044-868-9190)내 보관,"40,000,000","19,600,000",낙찰,"24,970,000",62.4%,2023-10-23,2023_4Q,3
대전 1계 2023-105303(1),과수원,과수원,과수원,세종,세종시,세종 세종시 연기면 눌왕리 213-1,"36,654,360","17,961,000",낙찰,"18,550,000",50.6%,2023-12-11,2023_4Q,3
대전 1계 2023-105303(2),답,답,답,세종,세종시,세종 세종시 연기면 눌왕리 199,"73,162,960","35,850,000",낙찰,"36,150,000",49.4%,2023-12-11,2023_4Q,3
대전 7계 2023-105594,아파트,아파트,아파트,세종,세종시,세종 세종시 해밀동 행정중심복합도시6-4생활권엘1 해밀마을1단지 119동 1층 102호,"640,000,000","448,000,000",낙찰,"533,680,000",83.4%,2023-12-05,2023_4Q,3
대전 1계 2023-105693,아파트,아파트,아파트,세종,세종시,"세종 세종시 한솔동 947 ,950 첫마을 301동 6층 616호","600,000,000","420,000,000",낙찰,"491,100,000",81.8%,2023-11-06,2023_4Q,3
대전 2계 2023-106108,차량,기타토지,기타토지,세종,세종시,세종 세종시 연동면 응암리 925 제3자신성한울림(044-868-9190)내 보관,"13,200,000","6,468,000",낙찰,"8,621,000",65.3%,2023-10-23,2023_4Q,3
대전 8계 2023-106559,아파트,아파트,아파트,세종,세종시,세종 세종시 조치원읍 번암리 75-2 주공 108동 3층 307호,"151,000,000","105,700,000",낙찰,"114,887,550",76.1%,2023-11-02,2023_4Q,3
대전 8계 2023-107194,전,전,전,세종,세종시,세종 세종시 장군면 금암리 134,"518,076,000","518,076,000",낙찰,"520,000,000",100.4%,2023-09-14,2023_3Q,3
대전 2계 2023-107576,중기,기타토지,기타토지,세종,세종시,세종 세종시 연동면 응암리 925 제3자신성한울림(044-868-9190)내 보관,"130,000,000","91,000,000",낙찰,"114,450,000",88.0%,2023-09-18,2023_3Q,3
대전 5계 2023-108074,임야,임야,임야,세종,세종시,세종 세종시 연기면 수산리 31-28,"87,296,000","61,107,000",낙찰,"68,890,000",78.9%,2023-11-22,2023_4Q,3
대전 8계 2023-108104(4),답,답,답,세종,세종시,세종 세종시 전동면 송성리 688,"187,200,000","131,040,000",낙찰,"132,000,000",70.5%,2023-12-14,2023_4Q,3
대전 2계 2023-108562,중기,기타토지,기타토지,세종,세종시,세종 세종시 연동면 응암리 925 제3자신성한울림내 보관,"30,000,000","10,290,000",낙찰,"10,310,000",34.4%,2023-10-23,2023_4Q,3
대전 6계 2023-108647,아파트,아파트,아파트,세종,세종시,세종 세종시 대평동 668 해들마을6단지 608동 15층 1504호,"866,000,000","606,200,000",낙찰,"780,000,000",90.1%,2023-12-19,2023_4Q,3
대전 5계 2023-108722,전,전,전,세종,세종시,세종 세종시 장군면 송학리 182,"444,130,000","310,891,000",낙찰,"324,120,000",73.0%,2023-11-22,2023_4Q,3
대전 2계 2023-111070,중기,기타토지,기타토지,세종,세종시,세종 세종시 연동면 응암리 925 신성한울림내 보관,"55,000,000","26,950,000",낙찰,"30,780,000",56.0%,2023-11-27,2023_4Q,3
대전 2계 2023-111568,중기,기타토지,기타토지,세종,세종시,세종 세종시 연동면 응암리 925 신성한울림내 보관,"80,000,000","80,000,000",낙찰,"82,820,000",103.5%,2023-11-27,2023_4Q,3
충주 2계 2023-30610,차량,기타토지,기타토지,세종,세종시,세종 세종시 연동면 응암리 925 신성한울림내 보관,"16,000,000","10,240,000",낙찰,"12,990,000",81.2%,2023-08-28,2023_3Q,3
대전 4계 2022-2643,아파트,아파트,아파트,세종,세종시,세종 세종시 아름동 1363 범지기마을11단지 1108동 1층 102호,"550,000,000","385,000,000",낙찰,"397,800,000",72.3%,2024-04-25,2024_2Q,3
대전 5계 2022-4724,아파트,아파트,아파트,세종,세종시,세종 세종시 아름동 1363 범지기마을11단지 1107동 3층 302호,"560,000,000","392,000,000",낙찰,"408,970,000",73.0%,2024-01-10,2024_1Q,3
대전 6계 2022-5048,아파트,아파트,아파트,세종,세종시,세종 세종시 아름동 1356 범지기마을4단지 405동 17층 1701호,"603,000,000","422,100,000",낙찰,"464,310,000",77.0%,2024-02-27,2024_1Q,3
대전 5계 2022-7372,단독주택,단독,단독주택,세종,세종시,"세종 세종시 전의면 유천리 147-1 ,147-2,147-3 1동","3,460,442,840","2,422,310,000",낙찰,"3,261,450,000",94.2%,2024-05-29,2024_2Q,3
대전 7계 2022-7884,아파트,아파트,아파트,세종,세종시,세종 세종시 도담동 859 도램마을15단지 1509동 14층 1402호,"780,000,000","546,000,000",낙찰,"614,000,000",78.7%,2024-02-20,2024_1Q,3
대전 8계 2022-7891(1),근린상가,근린상가,근린상가,세종,세종시,세종 세종시 대평동 674 해피라움블루 7층 702호,"388,000,000","93,159,000",낙찰,"144,000,000",37.1%,2024-04-04,2024_2Q,3
대전 8계 2022-7891(2),근린상가,근린상가,근린상가,세종,세종시,세종 세종시 대평동 674 해피라움블루 7층 703호,"379,000,000","90,998,000",낙찰,"140,000,000",36.9%,2024-04-04,2024_2Q,3
대전 8계 2022-7891(3),근린상가,근린상가,근린상가,세종,세종시,세종 세종시 대평동 674 해피라움블루 7층 704호,"260,000,000","62,426,000",낙찰,"100,000,000",38.5%,2024-04-04,2024_2Q,3
대전 8계 2022-7891(4),근린상가,근린상가,근린상가,세종,세종시,세종 세종시 대평동 674 해피라움블루 7층 705호,"379,000,000","90,998,000",낙찰,"140,000,000",36.9%,2024-04-04,2024_2Q,3
대전 8계 2022-7891(5),근린상가,근린상가,근린상가,세종,세종시,세종 세종시 대평동 674 해피라움블루 7층 706호,"635,000,000","217,805,000",낙찰,"305,000,000",48.0%,2024-02-29,2024_1Q,3
대전 5계 2022-8603,단독주택,단독,단독주택,세종,세종시,세종 세종시 장군면 하봉리 296-24 4동호,"5,966,859,000","2,923,761,000",낙찰,"2,923,761,000",49.0%,2024-03-20,2024_1Q,3
대전 7계 2022-102468,아파트,아파트,아파트,세종,세종시,세종 세종시 고운동 1408 가락마을9단지 907동 9층 906호,"474,000,000","232,260,000",낙찰,"305,999,999",64.6%,2024-03-26,2024_1Q,3
대전 5계 2022-105689,아파트,아파트,아파트,세종,세종시,세종 세종시 반곡동 행정중심복합도시4-1생활권 L4블록 수루배마을 6단지 615동 8층 802호,"624,000,000","305,760,000",낙찰,"361,111,225",57.9%,2024-01-10,2024_1Q,3
대전 7계 2022-106149(2),근린상가,근린상가,근린상가,세종,세종시,세종 세종시 보람동 711 금강베네치아 3층 309호,"727,000,000","249,361,000",낙찰,"258,580,000",35.6%,2024-04-30,2024_2Q,3
대전 6계 2022-111813(1),근린상가,근린상가,근린상가,세종,세종시,세종 세종시 나성동 784 세종에이스타워주건축물 1동 6층 601-1호,"335,000,000","114,905,000",낙찰,"116,500,000",34.8%,2024-06-11,2024_2Q,3
대전 6계 2022-111813(2),근린상가,근린상가,근린상가,세종,세종시,세종 세종시 나성동 784 세종에이스타워주건축물 1동 6층 601-2호,"610,000,000","209,230,000",낙찰,"215,500,000",35.3%,2024-06-11,2024_2Q,3
대전 6계 2022-111813(3),근린상가,근린상가,근린상가,세종,세종시,세종 세종시 나성동 784 세종에이스타워주건축물 1동 6층 602호,"2,335,000,000","1,144,150,000",낙찰,"1,205,000,000",51.6%,2024-05-07,2024_2Q,3
대전 6계 2022-111813(4),근린상가,근린상가,근린상가,세종,세종시,세종 세종시 나성동 784 세종에이스타워주건축물 1동 6층 605호,"464,000,000","159,152,000",낙찰,"159,500,000",34.4%,2024-06-11,2024_2Q,3
대전 1계 2022-112083,아파트,아파트,아파트,세종,세종시,세종 세종시 어진동 664 세종모닝시티 2층 206호,"135,000,000","7,783,000",낙찰,"7,883,000",5.8%,2024-04-29,2024_2Q,3
대전 5계 2023-231(1),주상복합(상가),기타토지,기타토지,세종,세종시,"세종 세종시 나성동 775 ,776 더리치세종의아침 1층 124호","1,115,000,000","267,712,000",낙찰,"350,000,000",31.4%,2024-03-20,2024_1Q,3
대전 5계 2023-231(2),주상복합(상가),기타토지,기타토지,세종,세종시,"세종 세종시 나성동 775 ,776 더리치세종의아침 2층 215호","1,175,000,000","282,118,000",낙찰,"375,000,000",31.9%,2024-03-20,2024_1Q,3
대전 1계 2023-507(1),임야,임야,임야,세종,세종시,세종 세종시 장군면 대교리 323-6,"711,020,000","170,716,000",낙찰,"257,770,000",36.3%,2024-04-29,2024_2Q,3
대전 7계 2023-569(1),대지,나대지,나대지,세종,세종시,세종 세종시 조치원읍 서창리 37-39,"945,923,000","324,451,000",낙찰,"356,000,000",37.6%,2024-01-16,2024_1Q,3
대전 7계 2023-569(2),전,전,전,세종,세종시,세종 세종시 조치원읍 신안리 3-6,"830,471,000","284,852,000",낙찰,"301,000,000",36.2%,2024-01-16,2024_1Q,3
대전 8계 2023-576,주상복합(상가),기타토지,기타토지,세종,세종시,"세종 세종시 나성동 775 ,776 더리치세종의아침 1층 123호","1,514,000,000","254,458,000",낙찰,"465,000,000",30.7%,2024-04-04,2024_2Q,3
대전 7계 2023-965,아파트,아파트,아파트,세종,세종시,세종 세종시 반곡동 897 수루배마을2단지 205동 2층 203호,"483,000,000","338,100,000",낙찰,"390,100,000",80.8%,2024-02-20,2024_1Q,3
대전 6계 2023-1142(1),주상복합(상가),기타토지,기타토지,세종,세종시,세종 세종시 어진동 649 호수의아침 1층 101호,"900,000,000","216,090,000",낙찰,"276,700,000",30.7%,2024-04-02,2024_2Q,3
대전 6계 2023-1142(2),주상복합(상가),기타토지,기타토지,세종,세종시,세종 세종시 어진동 649 호수의아침 1층 114호,"770,000,000","129,414,000",낙찰,"171,230,000",22.2%,2024-05-07,2024_2Q,3
대전 1계 2023-1593,단독주택,단독,단독주택,세종,세종시,세종 세종시 금남면 원봉리 548-20,"643,223,760","315,180,000",낙찰,"358,800,000",55.8%,2024-01-15,2024_1Q,3
대전 8계 2023-1609(1),연립,연립주택,연립·빌라,세종,세종시,세종 세종시 조치원읍 정리 112 세진시티빌 1동 2층 201호,"71,000,000","34,790,000",낙찰,"37,190,000",52.4%,2024-06-13,2024_2Q,3
대전 8계 2023-1609(2),연립,연립주택,연립·빌라,세종,세종시,세종 세종시 조치원읍 정리 112 세진시티빌 1동 2층 202호,"56,000,000","27,440,000",낙찰,"29,980,000",53.5%,2024-06-13,2024_2Q,3
대전 8계 2023-1609(3),연립,연립주택,연립·빌라,세종,세종시,세종 세종시 조치원읍 정리 112 세진시티빌 1동 2층 203호,"56,000,000","27,440,000",낙찰,"29,980,000",53.5%,2024-06-13,2024_2Q,3
대전 8계 2023-1609(4),연립,연립주택,연립·빌라,세종,세종시,세종 세종시 조치원읍 정리 112 세진시티빌 1동 2층 204호,"56,000,000","27,440,000",낙찰,"35,170,000",62.8%,2024-06-13,2024_2Q,3
대전 8계 2023-1609(5),연립,연립주택,연립·빌라,세종,세종시,세종 세종시 조치원읍 정리 112 세진시티빌 1동 2층 205호,"75,000,000","36,750,000",낙찰,"39,890,000",53.2%,2024-06-13,2024_2Q,3
대전 8계 2023-1609(6),연립,연립주택,연립·빌라,세종,세종시,세종 세종시 조치원읍 정리 112 세진시티빌 1동 2층 206호,"68,000,000","33,320,000",낙찰,"35,790,000",52.6%,2024-06-13,2024_2Q,3
대전 8계 2023-1609(7),연립,연립주택,연립·빌라,세종,세종시,세종 세종시 조치원읍 정리 112 세진시티빌 1동 2층 207호,"59,000,000","28,910,000",낙찰,"33,190,000",56.3%,2024-06-13,2024_2Q,3
대전 8계 2023-1609(8),연립,연립주택,연립·빌라,세종,세종시,세종 세종시 조치원읍 정리 112 세진시티빌 1동 2층 208호,"59,000,000","28,910,000",낙찰,"31,190,000",52.9%,2024-06-13,2024_2Q,3
대전 8계 2023-1609(9),연립,연립주택,연립·빌라,세종,세종시,세종 세종시 조치원읍 정리 112 세진시티빌 1동 2층 209호,"59,000,000","28,910,000",낙찰,"31,190,000",52.9%,2024-06-13,2024_2Q,3
대전 8계 2023-1609(10),연립,연립주택,연립·빌라,세종,세종시,세종 세종시 조치원읍 정리 112 세진시티빌 1동 2층 210호,"59,000,000","28,910,000",낙찰,"31,890,000",54.1%,2024-06-13,2024_2Q,3
대전 8계 2023-1609(11),연립,연립주택,연립·빌라,세종,세종시,세종 세종시 조치원읍 정리 112 세진시티빌 1동 2층 211호,"59,000,000","28,910,000",낙찰,"31,890,000",54.1%,2024-06-13,2024_2Q,3
대전 8계 2023-1609(12),연립,연립주택,연립·빌라,세종,세종시,세종 세종시 조치원읍 정리 112 세진시티빌 1동 2층 212호,"59,000,000","28,910,000",낙찰,"31,890,000",54.1%,2024-06-13,2024_2Q,3
대전 8계 2023-1609(13),연립,연립주택,연립·빌라,세종,세종시,세종 세종시 조치원읍 정리 112 세진시티빌 1동 2층 213호,"59,000,000","28,910,000",낙찰,"31,890,000",54.1%,2024-06-13,2024_2Q,3
대전 8계 2023-1609(14),연립,연립주택,연립·빌라,세종,세종시,세종 세종시 조치원읍 정리 112 세진시티빌 1동 2층 214호,"59,000,000","28,910,000",낙찰,"31,890,000",54.1%,2024-06-13,2024_2Q,3
대전 8계 2023-1609(15),연립,연립주택,연립·빌라,세종,세종시,세종 세종시 조치원읍 정리 112 세진시티빌 1동 2층 215호,"86,000,000","42,140,000",낙찰,"45,890,000",53.4%,2024-06-13,2024_2Q,3
대전 8계 2023-1609(16),연립,연립주택,연립·빌라,세종,세종시,세종 세종시 조치원읍 정리 112 세진시티빌 1동 2층 216호,"80,000,000","39,200,000",낙찰,"42,790,000",53.5%,2024-06-13,2024_2Q,3
대전 8계 2023-1609(17),연립,연립주택,연립·빌라,세종,세종시,세종 세종시 조치원읍 정리 112 세진시티빌 1동 2층 217호,"59,000,000","28,910,000",낙찰,"31,890,000",54.1%,2024-06-13,2024_2Q,3
대전 8계 2023-1609(18),연립,연립주택,연립·빌라,세종,세종시,세종 세종시 조치원읍 정리 112 세진시티빌 1동 2층 218호,"59,000,000","28,910,000",낙찰,"35,160,000",59.6%,2024-06-13,2024_2Q,3
대전 8계 2023-1609(19),연립,연립주택,연립·빌라,세종,세종시,세종 세종시 조치원읍 정리 112 세진시티빌 1동 2층 219호,"59,000,000","28,910,000",낙찰,"31,890,000",54.1%,2024-06-13,2024_2Q,3
대전 8계 2023-1609(20),연립,연립주택,연립·빌라,세종,세종시,세종 세종시 조치원읍 정리 112 세진시티빌 1동 2층 220호,"71,000,000","34,790,000",낙찰,"37,590,000",52.9%,2024-06-13,2024_2Q,3
대전 8계 2023-1609(21),연립,연립주택,연립·빌라,세종,세종시,세종 세종시 조치원읍 정리 112 세진시티빌 1동 2층 221호,"73,000,000","35,770,000",낙찰,"37,590,000",51.5%,2024-06-13,2024_2Q,3
대전 8계 2023-1609(22),연립,연립주택,연립·빌라,세종,세종시,세종 세종시 조치원읍 정리 112 세진시티빌 1동 2층 222호,"80,000,000","39,200,000",낙찰,"43,290,000",54.1%,2024-06-13,2024_2Q,3
대전 8계 2023-1609(23),연립,연립주택,연립·빌라,세종,세종시,세종 세종시 조치원읍 정리 112 세진시티빌 1동 3층 301호,"71,000,000","34,790,000",낙찰,"38,790,000",54.6%,2024-06-13,2024_2Q,3
대전 8계 2023-1609(24),연립,연립주택,연립·빌라,세종,세종시,세종 세종시 조치원읍 정리 112 세진시티빌 1동 3층 302호,"56,000,000","27,440,000",낙찰,"30,790,000",55.0%,2024-06-13,2024_2Q,3
대전 8계 2023-1609(25),연립,연립주택,연립·빌라,세종,세종시,세종 세종시 조치원읍 정리 112 세진시티빌 1동 3층 303호,"56,000,000","27,440,000",낙찰,"30,790,000",55.0%,2024-06-13,2024_2Q,3
대전 8계 2023-1609(26),연립,연립주택,연립·빌라,세종,세종시,세종 세종시 조치원읍 정리 112 세진시티빌 1동 3층 304호,"96,000,000","47,040,000",낙찰,"52,790,000",55.0%,2024-06-13,2024_2Q,3
대전 8계 2023-1609(27),연립,연립주택,연립·빌라,세종,세종시,세종 세종시 조치원읍 정리 112 세진시티빌 1동 3층 305호,"76,000,000","37,240,000",낙찰,"41,790,000",55.0%,2024-06-13,2024_2Q,3
대전 8계 2023-1609(28),연립,연립주택,연립·빌라,세종,세종시,세종 세종시 조치원읍 정리 112 세진시티빌 1동 3층 306호,"66,000,000","32,340,000",낙찰,"36,790,000",55.7%,2024-06-13,2024_2Q,3
대전 8계 2023-1609(29),연립,연립주택,연립·빌라,세종,세종시,세종 세종시 조치원읍 정리 112 세진시티빌 1동 3층 307호,"66,000,000","32,340,000",낙찰,"36,790,000",55.7%,2024-06-13,2024_2Q,3
대전 8계 2023-1609(30),연립,연립주택,연립·빌라,세종,세종시,세종 세종시 조치원읍 정리 112 세진시티빌 1동 3층 308호,"66,000,000","32,340,000",낙찰,"36,790,000",55.7%,2024-06-13,2024_2Q,3
대전 8계 2023-1609(31),연립,연립주택,연립·빌라,세종,세종시,세종 세종시 조치원읍 정리 112 세진시티빌 1동 3층 309호,"81,000,000","39,690,000",낙찰,"44,790,000",55.3%,2024-06-13,2024_2Q,3
대전 8계 2023-1609(32),연립,연립주택,연립·빌라,세종,세종시,세종 세종시 조치원읍 정리 112 세진시티빌 1동 3층 310호,"80,000,000","39,200,000",낙찰,"42,790,000",53.5%,2024-06-13,2024_2Q,3
대전 8계 2023-1609(33),연립,연립주택,연립·빌라,세종,세종시,세종 세종시 조치원읍 정리 112 세진시티빌 1동 3층 311호,"106,000,000","51,940,000",낙찰,"55,790,000",52.6%,2024-06-13,2024_2Q,3
대전 8계 2023-1609(34),연립,연립주택,연립·빌라,세종,세종시,세종 세종시 조치원읍 정리 112 세진시티빌 1동 3층 312호,"59,000,000","28,910,000",낙찰,"32,890,000",55.7%,2024-06-13,2024_2Q,3
대전 8계 2023-1609(35),연립,연립주택,연립·빌라,세종,세종시,세종 세종시 조치원읍 정리 112 세진시티빌 1동 3층 313호,"71,000,000","34,790,000",낙찰,"38,990,000",54.9%,2024-06-13,2024_2Q,3
대전 8계 2023-1609(36),연립,연립주택,연립·빌라,세종,세종시,세종 세종시 조치원읍 정리 112 세진시티빌 1동 3층 314호,"73,000,000","35,770,000",낙찰,"38,990,000",53.4%,2024-06-13,2024_2Q,3
대전 8계 2023-1609(37),연립,연립주택,연립·빌라,세종,세종시,세종 세종시 조치원읍 정리 112 세진시티빌 1동 3층 315호,"80,000,000","39,200,000",낙찰,"42,390,000",53.0%,2024-06-13,2024_2Q,3
대전 8계 2023-1609(38),연립,연립주택,연립·빌라,세종,세종시,세종 세종시 조치원읍 정리 112 세진시티빌 1동 4층 401호,"71,000,000","34,790,000",낙찰,"39,051,000",55.0%,2024-06-13,2024_2Q,3
대전 8계 2023-1609(39),연립,연립주택,연립·빌라,세종,세종시,세종 세종시 조치원읍 정리 112 세진시티빌 1동 4층 402호,"56,000,000","27,440,000",낙찰,"29,980,000",53.5%,2024-06-13,2024_2Q,3
대전 8계 2023-1609(40),연립,연립주택,연립·빌라,세종,세종시,세종 세종시 조치원읍 정리 112 세진시티빌 1동 4층 403호,"56,000,000","27,440,000",낙찰,"29,980,000",53.5%,2024-06-13,2024_2Q,3
대전 8계 2023-1609(41),연립,연립주택,연립·빌라,세종,세종시,세종 세종시 조치원읍 정리 112 세진시티빌 1동 4층 404호,"80,000,000","39,200,000",낙찰,"44,100,000",55.1%,2024-06-13,2024_2Q,3
대전 8계 2023-1609(42),연립,연립주택,연립·빌라,세종,세종시,세종 세종시 조치원읍 정리 112 세진시티빌 1동 4층 405호,"80,000,000","39,200,000",낙찰,"44,100,000",55.1%,2024-06-13,2024_2Q,3
대전 8계 2023-1609(44),연립,연립주택,연립·빌라,세종,세종시,세종 세종시 조치원읍 정리 112 세진시티빌 1동 4층 407호,"55,000,000","26,950,000",낙찰,"30,250,000",55.0%,2024-06-13,2024_2Q,3
대전 8계 2023-1609(45),연립,연립주택,연립·빌라,세종,세종시,세종 세종시 조치원읍 정리 112 세진시티빌 1동 4층 408호,"72,000,000","35,280,000",낙찰,"39,610,000",55.0%,2024-06-13,2024_2Q,3
대전 8계 2023-1609(46),연립,연립주택,연립·빌라,세종,세종시,세종 세종시 조치원읍 정리 112 세진시티빌 1동 4층 409호,"84,000,000","41,160,000",낙찰,"46,200,000",55.0%,2024-06-13,2024_2Q,3
대전 8계 2023-1609(47),연립,연립주택,연립·빌라,세종,세종시,세종 세종시 조치원읍 정리 112 세진시티빌 1동 5층 501호,"71,000,000","34,790,000",낙찰,"38,890,000",54.8%,2024-06-13,2024_2Q,3
대전 8계 2023-1609(48),연립,연립주택,연립·빌라,세종,세종시,세종 세종시 조치원읍 정리 112 세진시티빌 1동 5층 502호,"56,000,000","27,440,000",낙찰,"30,790,000",55.0%,2024-06-13,2024_2Q,3
대전 8계 2023-1609(49),연립,연립주택,연립·빌라,세종,세종시,세종 세종시 조치원읍 정리 112 세진시티빌 1동 5층 503호,"56,000,000","27,440,000",낙찰,"30,790,000",55.0%,2024-06-13,2024_2Q,3
대전 8계 2023-1609(50),연립,연립주택,연립·빌라,세종,세종시,세종 세종시 조치원읍 정리 112 세진시티빌 1동 5층 504호,"80,000,000","39,200,000",낙찰,"42,790,000",53.5%,2024-06-13,2024_2Q,3
대전 8계 2023-1609(51),연립,연립주택,연립·빌라,세종,세종시,세종 세종시 조치원읍 정리 112 세진시티빌 1동 5층 505호,"80,000,000","39,200,000",낙찰,"42,790,000",53.5%,2024-06-13,2024_2Q,3
대전 8계 2023-1609(52),연립,연립주택,연립·빌라,세종,세종시,세종 세종시 조치원읍 정리 112 세진시티빌 1동 5층 506호,"61,000,000","29,890,000",낙찰,"33,190,000",54.4%,2024-06-13,2024_2Q,3
대전 8계 2023-1609(53),연립,연립주택,연립·빌라,세종,세종시,세종 세종시 조치원읍 정리 112 세진시티빌 1동 5층 507호,"59,000,000","28,910,000",낙찰,"33,190,000",56.3%,2024-06-13,2024_2Q,3
대전 8계 2023-1609(54),연립,연립주택,연립·빌라,세종,세종시,세종 세종시 조치원읍 정리 112 세진시티빌 1동 5층 508호,"120,000,000","58,800,000",낙찰,"67,790,000",56.5%,2024-06-13,2024_2Q,3
대전 4계 2023-1692,임야,임야,임야,세종,세종시,세종 세종시 연서면 성제리 산15-15,"20,498,000","4,922,000",낙찰,"5,019,000",24.5%,2024-04-25,2024_2Q,3
대전 5계 2023-2015,근린상가,근린상가,근린상가,세종,세종시,세종 세종시 고운동 2088 삼성프라자 1층 105호,"623,000,000","213,689,000",낙찰,"222,222,000",35.7%,2024-01-10,2024_1Q,3
대전 7계 2023-2121(1),대지,나대지,나대지,세종,세종시,세종 세종시 한솔동 1016,"685,470,000","335,880,000",낙찰,"380,000,000",55.4%,2024-01-16,2024_1Q,3
대전 7계 2023-2121(2),대지,나대지,나대지,세종,세종시,세종 세종시 한솔동 1039,"696,420,000","341,246,000",낙찰,"443,999,900",63.8%,2024-02-20,2024_1Q,3
대전 4계 2023-2459,근린상가,근린상가,근린상가,세종,세종시,세종 세종시 아름동 1089 1-2생활권근생5-1,"2,096,448,735","1,027,260,000",낙찰,"1,100,000,000",52.5%,2024-01-11,2024_1Q,3
대전 4계 2023-2824,주상복합(상가),기타토지,기타토지,세종,세종시,세종 세종시 어진동 649 호수의아침 1층 112호,"671,000,000","161,107,000",낙찰,"193,000,000",28.8%,2024-05-30,2024_2Q,3
대전 4계 2023-2961,아파트,아파트,아파트,세종,세종시,세종 세종시 새롬동 605 새뜸마을5단지 508동 4층 401호,"737,000,000","515,900,000",낙찰,"663,300,000",90.0%,2024-01-11,2024_1Q,3
대전 3계 2023-3032,임야,임야,임야,세종,세종시,세종 세종시 부강면 금호리 산41-6,"546,882,000","267,972,000",낙찰,"312,000,000",57.1%,2024-01-17,2024_1Q,3
대전 8계 2023-3094(1),근린상가,근린상가,근린상가,세종,세종시,세종 세종시 반곡동 848 비오케이아트센터 주건축물 1동 2층 210호,"440,000,000","73,951,000",낙찰,"77,400,000",17.6%,2024-06-13,2024_2Q,3
대전 8계 2023-3094(2),근린상가,근린상가,근린상가,세종,세종시,세종 세종시 반곡동 848 비오케이아트센터 주건축물 1동 2층 211호,"440,000,000","73,951,000",낙찰,"92,400,000",21.0%,2024-06-13,2024_2Q,3
대전 8계 2023-3094(3),근린상가,근린상가,근린상가,세종,세종시,세종 세종시 반곡동 848 비오케이아트센터 주건축물 1동 2층 212호,"930,000,000","156,305,000",낙찰,"194,400,000",20.9%,2024-06-13,2024_2Q,3
대전 8계 2023-3094(4),근린상가,근린상가,근린상가,세종,세종시,세종 세종시 반곡동 848 비오케이아트센터 주건축물 1동 2층 216호,"260,000,000","62,426,000",낙찰,"70,190,000",27.0%,2024-05-09,2024_2Q,3
대전 4계 2023-3124,근린상가,근린상가,근린상가,세종,세종시,세종 세종시 고운동 2094 세종중앙타워 1층 102호,"643,000,000","220,549,000",낙찰,"269,000,000",41.8%,2024-04-25,2024_2Q,3
대전 8계 2023-3162,전,전,전,세종,세종시,세종 세종시 전의면 신정리 486-2,"2,218,191,000","760,840,000",낙찰,"990,000,000",44.6%,2024-02-29,2024_1Q,3
대전 4계 2023-3681,근린상가,근린상가,근린상가,세종,세종시,세종 세종시 보람동 705 강남프라자 2층 205호,"1,264,000,000","433,552,000",낙찰,"461,100,000",36.5%,2024-03-21,2024_1Q,3
대전 4계 2023-3803,아파트,아파트,아파트,세종,세종시,세종 세종시 종촌동 690 가재마을5단지 507동 5층 503호,"560,000,000","392,000,000",낙찰,"477,100,000",85.2%,2024-01-11,2024_1Q,3
대전 1계 2023-3841,임야,임야,임야,세종,세종시,세종 세종시 전의면 관정리 145-5,"1,385,164,000","475,112,000",낙찰,"530,010,000",38.3%,2024-03-25,2024_1Q,3
대전 3계 2023-3919(1),근린상가,근린상가,근린상가,세종,세종시,세종 세종시 나성동 791 애플타워 1동 6층 602호,"238,000,000","81,634,000",낙찰,"150,000,000",63.0%,2024-01-17,2024_1Q,3
대전 3계 2023-4127,아파트,아파트,아파트,세종,세종시,세종 세종시 아름동 1363 범지기마을 11단지 1108동 11층 1101호,"485,000,000","339,500,000",낙찰,"471,100,000",97.1%,2024-03-27,2024_1Q,3
대전 4계 2023-4134,아파트,아파트,아파트,세종,세종시,세종 세종시 아름동 1363 범지기마을11단지 1104동 19층 1901호,"517,000,000","361,900,000",낙찰,"463,770,000",89.7%,2024-02-15,2024_1Q,3
대전 7계 2023-4189,아파트상가,아파트상가,기타토지,세종,세종시,세종 세종시 대평동 706 해들마을2단지 상가1동 2층 202호,"302,000,000","72,510,000",낙찰,"100,100,000",33.1%,2024-03-26,2024_1Q,3
대전 3계 2023-4240,아파트,아파트,아파트,세종,세종시,세종 세종시 아름동 1276 범지기마을 12단지 1208동 11층 1102호,"639,000,000","447,300,000",낙찰,"553,890,000",86.7%,2024-06-05,2024_2Q,3
대전 7계 2023-4509,아파트,아파트,아파트,세종,세종시,세종 세종시 고운동 1706 가락마을8단지 807동 10층 1003호,"495,000,000","346,500,000",낙찰,"421,000,000",85.1%,2024-01-16,2024_1Q,3
대전 8계 2023-4530,아파트,아파트,아파트,세종,세종시,세종 세종시 고운동 1395 가락마을16단지 1602동 10층 1002호,"440,000,000","308,000,000",낙찰,"429,713,000",97.7%,2024-01-25,2024_1Q,3
대전 5계 2023-4578,근린상가,근린상가,근린상가,세종,세종시,세종 세종시 소담동 540 코끼리타워 1층 114호,"923,000,000","452,270,000",낙찰,"558,910,000",60.6%,2024-01-10,2024_1Q,3
대전 8계 2023-5021(1),근린상가,근린상가,근린상가,세종,세종시,세종 세종시 새롬동 574 크리스마스빌딩 3층 308호,"900,000,000","441,000,000",낙찰,"565,270,000",62.8%,2024-01-25,2024_1Q,3
대전 8계 2023-5274(1),근린상가,근린상가,근린상가,세종,세종시,세종 세종시 나성동 741 새롬씨티 1층 106호,"1,064,000,000","521,360,000",낙찰,"583,000,000",54.8%,2024-05-09,2024_2Q,3
대전 8계 2023-5274(2),근린상가,근린상가,근린상가,세종,세종시,세종 세종시 나성동 741 새롬씨티 1층 107호,"912,000,000","446,880,000",낙찰,"497,000,000",54.5%,2024-05-09,2024_2Q,3
대전 6계 2023-5335,근린상가,근린상가,근린상가,세종,세종시,세종 세종시 나성동 741 새롬씨티 7층 704호,"418,000,000","204,820,000",낙찰,"206,530,000",49.4%,2024-01-23,2024_1Q,3
대전 7계 2023-5342,근린상가,근린상가,근린상가,세종,세종시,세종 세종시 나성동 741 새롬씨티 7층 701호,"474,000,000","331,800,000",낙찰,"333,333,000",70.3%,2024-03-26,2024_1Q,3
대전 1계 2023-5359,근린상가,근린상가,근린상가,세종,세종시,세종 세종시 나성동 741 새롬씨티 3층 306호,"531,000,000","260,190,000",낙찰,"273,327,000",51.5%,2024-02-19,2024_1Q,3
대전 3계 2023-5366,근린상가,근린상가,근린상가,세종,세종시,세종 세종시 나성동 741 새롬씨티 2층 201호,"920,000,000","315,560,000",낙찰,"458,250,000",49.8%,2024-03-27,2024_1Q,3
대전 1계 2023-5571(1),단독주택,단독,단독주택,세종,세종시,세종 세종시 다정동 841 주건축물 1동,"1,018,547,120","712,983,000",낙찰,"745,000,000",73.1%,2024-01-15,2024_1Q,3
대전 1계 2023-5571(2),근린상가,근린상가,근린상가,세종,세종시,세종 세종시 나성동 786 신영드림타워 6층 601호,"525,000,000","257,250,000",낙찰,"267,750,000",51.0%,2024-02-19,2024_1Q,3
대전 6계 2023-5618(1),근린상가,근린상가,근린상가,세종,세종시,세종 세종시 대평동 674 해피라움블루 4층 419호,"564,000,000","135,416,000",낙찰,"142,660,000",25.3%,2024-05-07,2024_2Q,3
대전 6계 2023-5618(2),근린상가,근린상가,근린상가,세종,세종시,세종 세종시 대평동 674 해피라움블루 3층 317호,"361,000,000","86,676,000",낙찰,"124,899,000",34.6%,2024-05-07,2024_2Q,3
대전 1계 2023-5656,아파트,아파트,아파트,세종,세종시,"세종 세종시 나성동 775 ,776 더리치세종의아침 4층 417호","123,000,000","60,270,000",낙찰,"114,590,000",93.2%,2024-02-19,2024_1Q,3
대전 5계 2023-5892,근린상가,근린상가,근린상가,세종,세종시,세종 세종시 고운동 2094 세종중앙타워 2층 201호,"720,000,000","352,800,000",낙찰,"401,800,000",55.8%,2024-02-14,2024_1Q,3
대전 7계 2023-5984,단독주택,단독,단독주택,세종,세종시,세종 세종시 소정면 소정리 429,"23,970,000","23,970,000",낙찰,"24,000,000",100.1%,2024-03-26,2024_1Q,3
대전 8계 2023-6390,아파트,아파트,아파트,세종,세종시,세종 세종시 다정동 960 가온마을1단지 116동 26층 2602호,"595,000,000","416,500,000",낙찰,"530,100,000",89.1%,2024-01-25,2024_1Q,3
대전 7계 2023-6659,아파트,아파트,아파트,세종,세종시,세종 세종시 아름동 1363 범지기마을11단지 1108동 2층 202호,"466,000,000","326,200,000",낙찰,"402,345,000",86.3%,2024-04-30,2024_2Q,3
대전 6계 2023-6802,전,전,전,세종,세종시,세종 세종시 소정면 대곡리 43-1,"244,400,000","119,756,000",낙찰,"122,200,000",50.0%,2024-05-07,2024_2Q,3
대전 6계 2023-7409,임야,임야,임야,세종,세종시,세종 세종시 연기면 수산리 572-3,"21,193,840","7,270,000",낙찰,"8,310,000",39.2%,2024-06-11,2024_2Q,3
대전 1계 2023-7775,대지,나대지,나대지,세종,세종시,세종 세종시 다정동 884,"1,044,100,000","511,609,000",낙찰,"520,800,000",49.9%,2024-06-03,2024_2Q,3
대전 8계 2023-7904,주상복합(상가),기타토지,기타토지,세종,세종시,세종 세종시 어진동 649 호수의아침 1층 102호,"623,000,000","305,270,000",낙찰,"315,900,000",50.7%,2024-06-13,2024_2Q,3
대전 3계 2023-8389,근린상가,근린상가,근린상가,세종,세종시,세종 세종시 아름동 1344 아름씨티 3층 305호,"606,000,000","207,858,000",낙찰,"220,000,000",36.3%,2024-06-05,2024_2Q,3
대전 6계 2023-8952,답,답,답,세종,세종시,세종 세종시 부강면 행산리 237-9,"54,252,000","54,252,000",낙찰,"54,300,000",100.1%,2024-06-11,2024_2Q,3
대전 5계 2023-9047,아파트,아파트,아파트,세종,세종시,세종 세종시 새롬동 554 새뜸마을4단지 414동 11층 1104호,"825,000,000","577,500,000",낙찰,"664,125,000",80.5%,2024-04-24,2024_2Q,3
대전 5계 2023-9375,아파트,아파트,아파트,세종,세종시,세종 세종시 조치원읍 신흥리 398 신흥푸르지오 109동 7층 702호,"432,000,000","302,400,000",낙찰,"341,999,000",79.2%,2024-04-24,2024_2Q,3
대전 1계 2023-100667,근린상가,근린상가,근린상가,세종,세종시,세종 세종시 한솔동 1063 1동,"3,956,541,330","1,357,094,000",낙찰,"1,685,019,000",42.6%,2024-04-29,2024_2Q,3
대전 5계 2023-101844,근린상가,근린상가,근린상가,세종,세종시,세종 세종시 보람동 704 해오름빌딩 1동 3층 313호,"521,000,000","125,092,000",낙찰,"162,110,000",31.1%,2024-04-24,2024_2Q,3
대전 3계 2023-102816,아파트,아파트,아파트,세종,세종시,세종 세종시 도담동 651 도램마을12단지 1202동 16층 1602호,"567,000,000","396,900,000",낙찰,"481,111,110",84.9%,2024-05-01,2024_2Q,3
대전 3계 2023-103055(3),단독주택,단독,단독주택,세종,세종시,세종 세종시 금남면 부용리 533-2,"507,446,000","174,054,000",낙찰,"200,100,000",39.4%,2024-02-21,2024_1Q,3
대전 2계 2023-104584,중기,기타토지,기타토지,세종,세종시,"세종 세종시 연동면 응암리 925 ICD동 1층 이든컴퍼티(제3자 신성한울림,044-868-9190)내 보관","36,800,000","6,185,000",낙찰,"6,500,000",17.7%,2024-02-05,2024_1Q,3
대전 2계 2023-104614,중기,기타토지,기타토지,세종,세종시,"세종 세종시 연동면 응암리 925 ICD동 1층 이든컴퍼티(제3자 신성한울림,044-868-9190)내 보관","60,000,000","29,400,000",낙찰,"37,740,000",62.9%,2024-01-08,2024_1Q,3
대전 8계 2023-104676(1),주상복합(상가),기타토지,기타토지,세종,세종시,세종 세종시 나성동 764 세종갤러리밸류시티 1층 118호,"402,000,000","67,564,000",낙찰,"72,000,000",17.9%,2024-04-04,2024_2Q,3
대전 8계 2023-104676(3),주상복합(상가),기타토지,기타토지,세종,세종시,세종 세종시 나성동 764 세종갤러리밸류시티 1층 120호,"358,000,000","42,118,000",낙찰,"63,030,000",17.6%,2024-05-09,2024_2Q,3
대전 8계 2023-104676(4),주상복합(상가),기타토지,기타토지,세종,세종시,세종 세종시 나성동 764 세종갤러리밸류시티 1층 119호,"402,000,000","67,564,000",낙찰,"70,220,000",17.5%,2024-04-04,2024_2Q,3
대전 4계 2023-104751,답,답,답,세종,세종시,세종 세종시 연서면 월하리 1122-1,"252,697,200","86,675,000",낙찰,"124,111,000",49.1%,2024-01-11,2024_1Q,3
대전 5계 2023-104768,답,답,답,세종,세종시,세종 세종시 연서면 월하리 1070-1,"245,750,400","59,005,000",낙찰,"66,620,000",27.1%,2024-02-14,2024_1Q,3
대전 4계 2023-104843(2),과수원,과수원,과수원,세종,세종시,세종 세종시 연서면 고복리 174-1,"138,455,000","33,243,000",낙찰,"36,111,000",26.1%,2024-03-21,2024_1Q,3
대전 7계 2023-104881,아파트,아파트,아파트,세종,세종시,세종 세종시 반곡동 897 수루배마을2단지 207동 6층 607호,"471,000,000","329,700,000",낙찰,"430,000,000",91.3%,2024-02-20,2024_1Q,3
대전 8계 2023-105280,과수원,과수원,과수원,세종,세종시,세종 세종시 연동면 송용리 80,"64,031,520","15,374,000",낙찰,"16,200,000",25.3%,2024-01-25,2024_1Q,3
대전 3계 2023-105624(2),근린상가,근린상가,근린상가,세종,세종시,세종 세종시 새롬동 579 해피라움더블유 1층 108호,"734,000,000","513,800,000",낙찰,"514,000,000",70.0%,2024-06-05,2024_2Q,3
대전 2계 2023-105914,차량,기타토지,기타토지,세종,세종시,세종 세종시 연동면 응암리 925 신성한울림주차장내 보관(제3자 신성한울림(044-868-9190)에게 보관),"15,000,000","7,350,000",낙찰,"7,560,000",50.4%,2024-02-05,2024_1Q,3
대전 6계 2023-106061,과수원,과수원,과수원,세종,세종시,세종 세종시 연서면 쌍류리 98-5,"249,000,000","122,010,000",낙찰,"172,800,000",69.4%,2024-05-07,2024_2Q,3
대전 1계 2023-106177,아파트,아파트,아파트,세종,세종시,세종 세종시 반곡동 857 수루배마을4단지 421동 20층 2002호,"670,000,000","469,000,000",낙찰,"588,880,000",87.9%,2024-01-15,2024_1Q,3
대전 7계 2023-107330,아파트,아파트,아파트,세종,세종시,세종 세종시 어진동 673 한뜰마을6단지 중흥S클래스센텀뷰 604동 24층 2405호,"1,670,000,000","1,169,000,000",낙찰,"1,518,382,000",90.9%,2024-02-20,2024_1Q,3
대전 4계 2023-107682,대지,나대지,나대지,세종,세종시,세종 세종시 부강면 부강리 336-1,"221,192,000","108,384,000",낙찰,"142,000,007",64.2%,2024-02-15,2024_1Q,3
대전 8계 2023-107859(2),근린상가,근린상가,근린상가,세종,세종시,세종 세종시 어진동 671 세종에비뉴힐비 1층 1116호,"273,000,000","133,770,000",낙찰,"134,660,000",49.3%,2024-01-25,2024_1Q,3
대전 8계 2023-108104(1),전,전,전,세종,세종시,세종 세종시 전동면 송성리 482,"47,600,000","23,324,000",낙찰,"25,000,000",52.5%,2024-01-25,2024_1Q,3
대전 8계 2023-108104(2),전,전,전,세종,세종시,세종 세종시 전동면 송성리 511,"5,874,000","2,878,000",낙찰,"3,000,000",51.1%,2024-01-25,2024_1Q,3
대전 8계 2023-108104(5),답,답,답,세종,세종시,세종 세종시 전동면 송성리 688-2,"199,560,000","97,784,000",낙찰,"123,200,000",61.7%,2024-01-25,2024_1Q,3
대전 3계 2023-108210,다세대,다세대주택,다세대,세종,세종시,"세종 세종시 금남면 도남리 95 ,96 주건축물 A동 1층 101호","220,000,000","75,460,000",낙찰,"103,500,000",47.0%,2024-01-17,2024_1Q,3
대전 3계 2023-108500,답,답,답,세종,세종시,세종 세종시 연서면 월하리 1114-2,"533,887,200","261,605,000",낙찰,"275,111,000",51.5%,2024-01-17,2024_1Q,3
대전 4계 2023-108715(1),답,답,답,세종,세종시,세종 세종시 전동면 노장리 205-2,"228,594,000","112,011,000",낙찰,"115,100,000",50.4%,2024-02-15,2024_1Q,3
대전 6계 2023-108869,아파트,아파트,아파트,세종,세종시,"세종 세종시 조치원읍 남리 456 ,457,480 다원파크리안 103동 4층 404호","258,000,000","126,420,000",낙찰,"155,333,330",60.2%,2024-02-27,2024_1Q,3
대전 8계 2023-109022,단독주택,단독,단독주택,세종,세종시,세종 세종시 연서면 부동리 92-2,"304,615,670","149,262,000",낙찰,"151,110,000",49.6%,2024-02-29,2024_1Q,3
대전 3계 2023-109046,대지,나대지,나대지,세종,세종시,세종 세종시 고운동 1524,"1,387,527,000","679,888,000",낙찰,"757,099,999",54.6%,2024-05-01,2024_2Q,3
대전 6계 2023-109497,아파트,아파트,아파트,세종,세종시,"세종 세종시 조치원읍 남리 456 ,457,480 다원파크리안 101동 9층 902호","255,000,000","124,950,000",낙찰,"181,999,000",71.4%,2024-05-07,2024_2Q,3
대전 7계 2023-110145,아파트,아파트,아파트,세종,세종시,세종 세종시 아름동 1284 범지기마을7단지 705동 4층 401호,"490,000,000","343,000,000",낙찰,"448,000,000",91.4%,2024-02-20,2024_1Q,3
대전 4계 2023-110190,아파트,아파트,아파트,세종,세종시,"세종 세종시 한솔동 971 ,1045 첫마을 503동 1층 102호","430,000,000","301,000,000",낙찰,"354,000,000",82.3%,2024-02-15,2024_1Q,3
대전 3계 2023-110572,아파트,아파트,아파트,세종,세종시,세종 세종시 아름동 1363 범지기마을11단지 1104동 5층 502호,"490,000,000","343,000,000",낙찰,"423,400,000",86.4%,2024-05-01,2024_2Q,3
대전 8계 2023-110657,아파트,아파트,아파트,세종,세종시,세종 세종시 금남면 용포리 263 신성연기미소지움 104동 9층 904호,"431,000,000","301,700,000",낙찰,"310,500,000",72.0%,2024-05-09,2024_2Q,3
대전 6계 2023-110978,아파트,아파트,아파트,세종,세종시,세종 세종시 도담동 632 도램마을13단지 중흥S-클래스그린카운티 1315동 20층 2001호,"439,000,000","307,300,000",낙찰,"376,150,000",85.7%,2024-01-23,2024_1Q,3
대전 3계 2023-111131,아파트,아파트,아파트,세종,세종시,세종 세종시 도담동 632 도램마을13단지 중흥S-클래스그린카운티 1314동 9층 901호,"440,000,000","308,000,000",낙찰,"373,800,000",85.0%,2024-01-17,2024_1Q,3
대전 1계 2023-111353,아파트,아파트,아파트,세종,세종시,"세종 세종시 도담동 666 ,667 라온프라이빗시티2 1동 7층 734호","102,000,000","71,400,000",낙찰,"72,440,000",71.0%,2024-02-19,2024_1Q,3
대전 2계 2023-111360,중기,기타토지,기타토지,세종,세종시,세종 세종시 연동면 응암리 454-9 내 보관(채권자 대리인 황원하에게 보관),"150,000,000","73,500,000",낙찰,"110,600,000",73.7%,2024-01-08,2024_1Q,3
대전 4계 2023-111506,근린상가,근린상가,근린상가,세종,세종시,세종 세종시 고운동 1372 고운메디프라자 1동 1층 102호,"400,000,000","196,000,000",낙찰,"200,000,000",50.0%,2024-04-25,2024_2Q,3
대전 5계 2023-111629,임야,임야,임야,세종,세종시,세종 세종시 장군면 송문리 355-8,"1,544,472,000","529,754,000",낙찰,"750,000,000",48.6%,2024-04-24,2024_2Q,3
대전 4계 2023-111759,창고,기타건물,창고,세종,세종시,세종 세종시 연동면 송용리 960-3 1동,"861,548,860","603,084,000",낙찰,"670,000,000",77.8%,2024-04-25,2024_2Q,3
대전 1계 2023-111902,대지,나대지,나대지,세종,세종시,세종 세종시 금남면 호탄리 140,"539,343,250","264,278,000",낙찰,"320,500,000",59.4%,2024-06-03,2024_2Q,3
대전 6계 2023-111995,철도용지,기타토지,기타토지,세종,세종시,세종 세종시 부강면 노호리 산55-13,"59,671,200","29,239,000",낙찰,"32,670,000",54.8%,2024-02-27,2024_1Q,3
대전 5계 2023-112134,아파트,아파트,아파트,세종,세종시,세종 세종시 어진동 603 한뜰마을2단지 204동 15층 1504호,"720,000,000","504,000,000",낙찰,"629,999,000",87.5%,2024-02-14,2024_1Q,3
대전 5계 2023-112370,아파트,아파트,아파트,세종,세종시,세종 세종시 아름동 1276 범지기마을12단지 1201동 1층 101호,"663,000,000","464,100,000",낙찰,"487,700,000",73.6%,2024-02-14,2024_1Q,3
대전 6계 2023-112387,아파트,아파트,아파트,세종,세종시,세종 세종시 대평동 704 해들마을4단지 405동 12층 1202호,"782,000,000","547,400,000",낙찰,"633,000,000",80.9%,2024-06-11,2024_2Q,3
대전 2계 2023-112653,차량,기타토지,기타토지,세종,세종시,세종 세종시 연동면 응암리 925 신성한울림내 보관,"14,000,000","2,353,000",낙찰,"2,810,000",20.1%,2024-04-22,2024_2Q,3
대전 4계 2023-113168,대지,나대지,나대지,세종,세종시,세종 세종시 금남면 영대리 456-4,"206,400,000","144,480,000",낙찰,"144,481,000",70.0%,2024-04-25,2024_2Q,3
대전 2계 2023-113236,차량,기타토지,기타토지,세종,세종시,세종 세종시 연동면 응암리 925 신성한울림(044-868-9190)내 보관,"12,000,000","8,400,000",낙찰,"9,510,000",79.3%,2024-01-08,2024_1Q,3
대전 2계 2023-113557,중기,기타토지,기타토지,세종,세종시,세종 세종시 연동면 응암리 925 제3자 신성한울림에게 보관,"65,000,000","31,850,000",낙찰,"32,350,000",49.8%,2024-02-05,2024_1Q,3
대전 7계 2023-113595,아파트,아파트,아파트,세종,세종시,세종 세종시 조치원읍 침산리 89 욱일 108동 15층 1504호,"213,000,000","149,100,000",낙찰,"155,000,000",72.8%,2024-04-30,2024_2Q,3
대전 6계 2023-113656,아파트,아파트,아파트,세종,세종시,세종 세종시 도담동 633 도램마을 20단지 2004동 9층 903호,"573,000,000","401,100,000",낙찰,"479,777,000",83.7%,2024-05-07,2024_2Q,3
대전 4계 2023-113847,오피스텔,오피스텔,오피스텔(업무용),세종,세종시,세종 세종시 어진동 649 호수의아침 17층 1722호,"100,000,000","70,000,000",낙찰,"70,000,000",70.0%,2024-04-25,2024_2Q,3
대전 2계 2023-114048,차량,기타토지,기타토지,세종,세종시,세종 세종시 연동면 응암리 925 신성한울림내 보관(044-868-9190)(제3자 신성한울림에게 보관),"38,300,000","18,767,000",낙찰,"24,800,000",64.8%,2024-03-18,2024_1Q,3
대전 1계 2023-114826,아파트,아파트,아파트,세종,세종시,세종 세종시 나성동 757 세종마루투주건축물 1동 5층 516호,"137,000,000","95,900,000",낙찰,"104,038,400",75.9%,2024-06-03,2024_2Q,3
대전 4계 2023-114970(1),대지,나대지,나대지,세종,세종시,세종 세종시 전의면 달전리 43-4,"93,043,000","93,043,000",낙찰,"95,371,000",102.5%,2024-04-25,2024_2Q,3
대전 1계 2023-115690,아파트,아파트,아파트,세종,세종시,"세종 세종시 도담동 664 ,665 라온프라이빗시티Ⅰ 6층 612호","105,000,000","73,500,000",낙찰,"73,500,000",70.0%,2024-06-03,2024_2Q,3
대전 8계 2023-116877,아파트,아파트,아파트,세종,세종시,세종 세종시 소담동 576 펠리체타워2 7층 716호,"143,000,000","100,100,000",낙찰,"100,100,000",70.0%,2024-06-13,2024_2Q,3
대전 5계 2023-117566,아파트,아파트,아파트,세종,세종시,"세종 세종시 한솔동 978 ,976 첫마을 706동 16층 1603호","822,000,000","575,400,000",낙찰,"663,500,000",80.7%,2024-05-29,2024_2Q,3
대전 2계 2023-118163,차량,기타토지,기타토지,세종,세종시,세종 세종시 연동면 응암리 925 신성한울림내 보관(044-868-9190)(제3자 신성한울림에게 보관),"10,000,000","7,000,000",낙찰,"7,110,000",71.1%,2024-03-18,2024_1Q,3
대전 3계 2023-118170,아파트,아파트,아파트,세종,세종시,세종 세종시 아름동 1363 범지기마을 11단지 1107동 12층 1204호,"498,000,000","348,600,000",낙찰,"431,811,000",86.7%,2024-06-05,2024_2Q,3
대전 5계 2023-118514,아파트,아파트,아파트,세종,세종시,세종 세종시 도담동 858 도램마을14단지 1410동 19층 1901호,"1,086,000,000","760,200,000",낙찰,"900,999,000",83.0%,2024-05-29,2024_2Q,3
대전 2계 2023-118798,차량,기타토지,기타토지,세종,세종시,세종 세종시 연동면 응암리 925 신성한울림(044-868-9190)내 보관(제3자 신성한울림에게 보관),"14,000,000","9,800,000",낙찰,"11,478,000",82.0%,2024-05-27,2024_2Q,3
대전 5계 2023-119210,아파트,아파트,아파트,세종,세종시,세종 세종시 아름동 1363 범지기마을11단지 영무예다음 1108동 7층 701호,"473,000,000","331,100,000",낙찰,"455,678,900",96.3%,2024-05-29,2024_2Q,3
대전 2계 2023-120609,차량,기타토지,기타토지,세종,세종시,세종 세종시 연동면 응암리 925 제3자 신성한울림에게 보관,"30,000,000","21,000,000",낙찰,"22,500,000",75.0%,2024-04-22,2024_2Q,3
대전 2계 2023-121183,중기,기타토지,기타토지,세종,세종시,세종 세종시 연동면 응암리 925 화물컨테이너주차장내(제3자 신성한울림) 보관,"55,000,000","26,950,000",낙찰,"29,100,000",52.9%,2024-05-27,2024_2Q,3
대전 2계 2023-121657,차량,기타토지,기타토지,세종,세종시,세종 세종시 연동면 응암리 925 제3자 신성한울림에게 보관,"17,000,000","11,900,000",낙찰,"13,032,000",76.7%,2024-04-22,2024_2Q,3
대전 2계 2024-100039,차량,기타토지,기타토지,세종,세종시,세종 세종시 연동면 응암리 925 신성한울림(044-868-9190)내 보관(제3자 신성한울림에게 보관),"13,000,000","9,100,000",낙찰,"10,740,000",82.6%,2024-05-27,2024_2Q,3
대전 2계 2024-100671,차량,기타토지,기타토지,세종,세종시,세종 세종시 연동면 응암리 925 제3자 신성한울림에게 보관,"22,000,000","15,400,000",낙찰,"17,322,000",78.7%,2024-04-22,2024_2Q,3
대전 2계 2024-100855,차량,기타토지,기타토지,세종,세종시,세종 세종시 연동면 응암리 925 제3자 신성한울림에게 보관,"28,300,000","19,810,000",낙찰,"21,278,900",75.2%,2024-04-22,2024_2Q,3
대전 2계 2024-102042,차량,기타토지,기타토지,세종,세종시,세종 세종시 연동면 응암리 925 신성한울림(044-868-9190)내 보관(제3자 신성한울림에게 보관),"15,000,000","15,000,000",낙찰,"15,510,000",103.4%,2024-05-27,2024_2Q,3
대전 7계 2022-67(2),아파트상가,아파트상가,기타토지,세종,세종시,세종 세종시 대평동 668 해들마을6단지 판매시설-3동 2층 C217호,"186,000,000","31,261,000",낙찰,"51,500,000",27.7%,2024-10-22,2024_4Q,3
대전 2계 2022-7242(1),근린상가,근린상가,근린상가,세종,세종시,세종 세종시 소담동 529 도경프라자 2층 205호,"594,000,000","203,742,000",낙찰,"220,000,000",37.0%,2024-09-09,2024_3Q,3
대전 2계 2022-7242(2),근린상가,근린상가,근린상가,세종,세종시,세종 세종시 소담동 529 도경프라자 2층 206호,"967,000,000","331,681,000",낙찰,"331,700,000",34.3%,2024-09-09,2024_3Q,3
대전 2계 2022-7242(3),근린상가,근린상가,근린상가,세종,세종시,세종 세종시 소담동 529 도경프라자 2층 207호,"719,000,000","246,617,000",낙찰,"246,700,000",34.3%,2024-09-09,2024_3Q,3
대전 2계 2022-111271(2),근린상가,근린상가,근린상가,세종,세종시,세종 세종시 소담동 529 도경프라자 6층 601호,"491,000,000","240,590,000",낙찰,"250,000,000",50.9%,2024-08-12,2024_3Q,3
대전 8계 2022-112342,단독주택,단독,단독주택,세종,세종시,세종 세종시 부강면 부강리 482-1,"1,422,923,100","697,232,000",낙찰,"900,127,000",63.3%,2024-10-10,2024_4Q,3
대전 6계 2022-112403,아파트,아파트,아파트,세종,세종시,세종 세종시 한솔동 939 첫마을 110동 23층 2302호,"370,000,000","259,000,000",낙찰,"315,500,000",85.3%,2024-07-16,2024_3Q,3
대전 6계 2022-113833,아파트,아파트,아파트,세종,세종시,세종 세종시 고운동 1400 가락마을10단지 1001동 8층 804호,"470,000,000","230,300,000",낙찰,"320,000,000",68.1%,2024-10-29,2024_4Q,3
대전 8계 2023-1609(43),연립,연립주택,연립·빌라,세종,세종시,세종 세종시 조치원읍 정리 112 세진시티빌 1동 4층 406호,"78,000,000","38,220,000",낙찰,"41,100,000",52.7%,2024-11-14,2024_4Q,3
대전 5계 2023-3131,임야,임야,임야,세종,세종시,세종 세종시 연서면 신대리 산64-13,"2,211,765,000","758,636,000",낙찰,"951,210,000",43.0%,2024-07-10,2024_3Q,3
대전 5계 2023-4165,아파트,아파트,아파트,세종,세종시,세종 세종시 어진동 520 한뜰마을4단지 401동 15층 1501호,"852,000,000","292,236,000",낙찰,"366,670,000",43.0%,2024-08-21,2024_3Q,3
대전 4계 2023-4783,임야,임야,임야,세종,세종시,세종 세종시 전동면 석곡리 산29-1,"1,775,112,000","1,242,578,000",낙찰,"1,700,000,000",95.8%,2024-09-26,2024_3Q,3
대전 3계 2023-4905,근린상가,근린상가,근린상가,세종,세종시,세종 세종시 조치원읍 번암리 61-6 세종메디컬센터 1동 1층 102호,"2,490,000,000","292,946,000",낙찰,"342,000,000",13.7%,2024-11-27,2024_4Q,3
대전 1계 2023-5038,근린상가,근린상가,근린상가,세종,세종시,세종 세종시 나성동 811 더센트럴 1층 125호,"560,000,000","134,456,000",낙찰,"163,000,000",29.1%,2024-10-28,2024_4Q,3
대전 9계 2023-5526,근린상가,근린상가,근린상가,세종,세종시,세종 세종시 아름동 1344 아름씨티 1층 107호,"670,000,000","229,810,000",낙찰,"241,000,000",36.0%,2024-09-11,2024_3Q,3
대전 3계 2023-5663,근린주택,근린주택,근린주택,세종,세종시,세종 세종시 금남면 대박리 97,"872,730,200","427,638,000",낙찰,"480,000,000",55.0%,2024-07-17,2024_3Q,3
대전 8계 2023-6109,임야,임야,임야,세종,세종시,세종 세종시 장군면 봉안리 45-10,"515,647,585","360,953,000",낙찰,"369,090,000",71.6%,2024-08-29,2024_3Q,3
대전 1계 2023-6116,근린상가,근린상가,근린상가,세종,세종시,세종 세종시 나성동 741 새롬씨티 1층 108호,"875,000,000","428,750,000",낙찰,"490,000,000",56.0%,2024-07-15,2024_3Q,3
대전 1계 2023-6161(1),근린상가,근린상가,근린상가,세종,세종시,세종 세종시 종촌동 673 몰리브 5층 515호,"390,000,000","133,770,000",낙찰,"135,660,000",34.8%,2024-08-19,2024_3Q,3
대전 1계 2023-6161(3),근린상가,근린상가,근린상가,세종,세종시,세종 세종시 종촌동 673 몰리브 7층 703-3호,"373,000,000","62,690,000",낙찰,"73,700,000",19.8%,2024-12-02,2024_4Q,3
대전 6계 2023-7591,근린상가,근린상가,근린상가,세종,세종시,세종 세종시 소담동 555 리치타워2 3층 315호,"574,000,000","196,882,000",낙찰,"231,000,000",40.2%,2024-07-16,2024_3Q,3
대전 6계 2023-7881,공장,공장(지식산업센터 업무시설),공장,세종,세종시,"세종 세종시 금남면 국곡리 15-2 ,15-3,15-4,15-5 주1동","2,527,893,000","1,769,525,000",낙찰,"1,811,111,000",71.6%,2024-07-16,2024_3Q,3
대전 10계 2023-7935,아파트,아파트,아파트,세종,세종시,세종 세종시 반곡동 851 수루배마을1단지 113동 14층 1402호,"878,000,000","614,600,000",낙찰,"721,299,999",82.2%,2024-12-19,2024_4Q,3
대전 6계 2023-8037,아파트상가,아파트상가,기타토지,세종,세종시,세종 세종시 반곡동 857 수루배마을4단지 근린생활시설3(417동)동 1층 11호,"168,000,000","57,624,000",낙찰,"65,000,000",38.7%,2024-09-24,2024_3Q,3
대전 5계 2023-8402,근린상가,근린상가,근린상가,세종,세종시,세종 세종시 어진동 657 세종비지니스센터 3층 에이314호,"205,000,000","49,221,000",낙찰,"67,300,000",32.8%,2024-07-10,2024_3Q,3
대전 1계 2023-8655,임야,임야,임야,세종,세종시,세종 세종시 연서면 고복리 산102-10,"715,022,000","196,202,000",낙찰,"219,103,560",30.6%,2024-10-28,2024_4Q,3
대전 4계 2023-8730,아파트,아파트,아파트,세종,세종시,세종 세종시 해밀동 행정중심복합도시6-4생활권엠1블록 해밀마을2단지 212동 4층 403호,"922,000,000","645,400,000",낙찰,"756,501,000",82.0%,2024-07-11,2024_3Q,3
대전 2계 2023-8754,임야,임야,임야,세종,세종시,세종 세종시 장군면 봉안리 4-21,"322,410,100","225,687,000",낙찰,"294,220,000",91.3%,2024-08-12,2024_3Q,3
대전 10계 2023-9412,답,답,답,세종,세종시,세종 세종시 조치원읍 봉산리 232,"457,380,000","156,881,000",낙찰,"201,000,000",43.9%,2024-11-14,2024_4Q,3
대전 9계 2023-9528,단독주택,단독,단독주택,세종,세종시,"세종 세종시 조치원읍 신안리 418-1 ,418-13 1동","736,359,920","360,816,000",낙찰,"460,000,000",62.5%,2024-10-16,2024_4Q,3
대전 6계 2023-9573,아파트,아파트,아파트,세종,세종시,세종 세종시 고운동 1400 가락마을10단지 1016동 14층 1402호,"599,000,000","419,300,000",낙찰,"477,800,000",79.8%,2024-07-16,2024_3Q,3
대전 9계 2023-9962,대지,나대지,나대지,세종,세종시,세종 세종시 반곡동 986,"1,027,616,000","503,532,000",낙찰,"552,600,000",53.8%,2024-09-11,2024_3Q,3
대전 10계 2023-10085,다세대,다세대주택,다세대,세종,세종시,세종 세종시 연기면 연기리 3-15 4층 401호,"171,000,000","119,700,000",낙찰,"123,729,990",72.4%,2024-11-14,2024_4Q,3
대전 1계 2023-10122,아파트,아파트,아파트,세종,세종시,세종 세종시 종촌동 692 가재마을8단지 802동 17층 1701호,"450,000,000","220,500,000",낙찰,"355,555,555",79.0%,2024-08-19,2024_3Q,3
대전 7계 2023-10238,단독주택,단독,단독주택,세종,세종시,세종 세종시 장군면 송문리 429-22 1동,"620,837,720","304,210,000",낙찰,"350,000,000",56.4%,2024-10-22,2024_4Q,3
대전 8계 2023-10788,단독주택,단독,단독주택,세종,세종시,세종 세종시 부강면 문곡리 885,"991,678,500","694,175,000",낙찰,"730,270,000",73.6%,2024-10-10,2024_4Q,3
대전 4계 2023-10887,도로,기타토지,기타토지,세종,세종시,세종 세종시 연서면 고복리 3-3,"89,902,000","44,052,000",낙찰,"46,500,000",51.7%,2024-08-22,2024_3Q,3
대전 6계 2023-10986,축사,기타토지,기타토지,세종,세종시,"세종 세종시 연서면 기룡리 180-1 ,180-5","773,442,000","378,986,000",낙찰,"388,987,199",50.3%,2024-10-29,2024_4Q,3
대전 7계 2023-11071,아파트,아파트,아파트,세종,세종시,세종 세종시 새롬동 554 새뜸마을4단지 414동 4층 403호,"763,000,000","534,100,000",낙찰,"545,545,000",71.5%,2024-08-13,2024_3Q,3
대전 3계 2023-11330,아파트,아파트,아파트,세종,세종시,"세종 세종시 한솔동 984 ,974 첫마을 606동 7층 704호","587,000,000","410,900,000",낙찰,"431,030,000",73.4%,2024-07-17,2024_3Q,3
대전 5계 2023-11347(1),전,전,전,세종,세종시,세종 세종시 장군면 하봉리 45-15,"1,094,639,000","375,461,000",낙찰,"450,110,000",41.1%,2024-12-04,2024_4Q,3
대전 6계 2023-11354,아파트,아파트,아파트,세종,세종시,세종 세종시 소담동 586 새샘마을6단지 617동 1층 102호,"409,000,000","286,300,000",낙찰,"320,299,000",78.3%,2024-09-24,2024_3Q,3
대전 7계 2023-11446,아파트,아파트,아파트,세종,세종시,"세종 세종시 한솔동 984 ,974 첫마을 612동 3층 304호","460,000,000","322,000,000",낙찰,"376,464,000",81.8%,2024-11-19,2024_4Q,3
대전 5계 2023-102021,근린상가,근린상가,근린상가,세종,세종시,세종 세종시 종촌동 673 몰리브 3층 324호,"360,000,000","42,354,000",낙찰,"52,641,670",14.6%,2024-09-25,2024_3Q,3
대전 8계 2023-102298,아파트,아파트,아파트,세종,세종시,세종 세종시 새롬동 554 새뜸마을4단지 404동 8층 804호,"756,000,000","529,200,000",낙찰,"668,150,000",88.4%,2024-07-18,2024_3Q,3
대전 5계 2023-102847,오피스텔,오피스텔,오피스텔(업무용),세종,세종시,세종 세종시 대평동 680 해피라움페스타 4층 B402호,"195,000,000","3,856,000",낙찰,"3,976,000",2.0%,2024-12-04,2024_4Q,3
대전 4계 2023-103864,전,전,전,세종,세종시,세종 세종시 장군면 봉안리 25-5,"2,096,100,000","1,027,089,000",낙찰,"1,062,500,000",50.7%,2024-08-22,2024_3Q,3
대전 1계 2023-104904(1),근린상가,근린상가,근린상가,세종,세종시,세종 세종시 어진동 657 세종비지니스센터 6층 A626호,"366,000,000","179,340,000",낙찰,"224,400,000",61.3%,2024-10-28,2024_4Q,3
대전 1계 2023-104904(2),근린상가,근린상가,근린상가,세종,세종시,세종 세종시 어진동 657 세종비지니스센터 6층 A627호,"1,324,000,000","648,760,000",낙찰,"795,600,000",60.1%,2024-10-28,2024_4Q,3
대전 9계 2023-105365,임야,임야,임야,세종,세종시,세종 세종시 부강면 문곡리 산162-5,"41,828,000","7,030,000",낙찰,"7,620,000",18.2%,2024-08-07,2024_3Q,3
대전 4계 2023-105440,아파트,아파트,아파트,세종,세종시,"세종 세종시 한솔동 940 ,946 첫마을 202동 9층 901호","520,000,000","364,000,000",낙찰,"407,060,000",78.3%,2024-07-11,2024_3Q,3
대전 3계 2023-105624(1),근린상가,근린상가,근린상가,세종,세종시,세종 세종시 새롬동 579 해피라움더블유 1층 137호,"1,382,000,000","677,180,000",낙찰,"871,650,000",63.1%,2024-07-17,2024_3Q,3
대전 3계 2023-105624(3),근린상가,근린상가,근린상가,세종,세종시,세종 세종시 새롬동 579 해피라움더블유 2층 221호,"527,000,000","180,761,000",낙찰,"233,788,800",44.4%,2024-08-14,2024_3Q,3
대전 3계 2023-105624(4),근린상가,근린상가,근린상가,세종,세종시,세종 세종시 새롬동 579 해피라움더블유 1층 140호,"607,000,000","208,201,000",낙찰,"231,000,000",38.1%,2024-08-14,2024_3Q,3
대전 9계 2023-106719,아파트,아파트,아파트,세종,세종시,세종 세종시 고운동 1390 가락마을21단지 2103동 11층 1101호,"575,000,000","402,500,000",낙찰,"441,111,000",76.7%,2024-10-16,2024_4Q,3
대전 10계 2023-107378(1),근린상가,근린상가,근린상가,세종,세종시,세종 세종시 도담동 672 해피라움5 4층 402-2호,"431,000,000","211,190,000",낙찰,"215,000,000",49.9%,2024-09-12,2024_3Q,3
대전 10계 2023-107378(2),근린상가,근린상가,근린상가,세종,세종시,세종 세종시 도담동 672 해피라움5 4층 402-1호,"359,000,000","123,137,000",낙찰,"128,660,000",35.8%,2024-10-17,2024_4Q,3
대전 1계 2023-107767,임야,임야,임야,세종,세종시,세종 세종시 전동면 노장리 산140-6,"86,292,000","14,503,000",낙찰,"17,600,000",20.4%,2024-07-15,2024_3Q,3
대전 9계 2023-108654,근린상가,근린상가,근린상가,세종,세종시,세종 세종시 고운동 1379 고운드림 1층 112호,"688,000,000","235,984,000",낙찰,"307,000,000",44.6%,2024-10-16,2024_4Q,3
대전 4계 2023-108715(2),답,답,답,세종,세종시,세종 세종시 전동면 노장리 202-2,"117,738,000","57,692,000",낙찰,"66,000,000",56.1%,2024-07-11,2024_3Q,3
대전 10계 2023-110664,아파트,아파트,아파트,세종,세종시,세종 세종시 새롬동 597 새뜸마을3단지 305동 2층 201호,"627,000,000","438,900,000",낙찰,"567,700,000",90.5%,2024-10-17,2024_4Q,3
대전 4계 2023-110848,아파트,아파트,아파트,세종,세종시,세종 세종시 아름동 1277 범지기마을10단지 1001동 21층 2101호,"527,000,000","368,900,000",낙찰,"445,699,800",84.6%,2024-07-11,2024_3Q,3
대전 5계 2023-111315,단독주택,단독,단독주택,세종,세종시,세종 세종시 조치원읍 죽림리 65-10,"313,848,500","107,650,000",낙찰,"120,010,000",38.2%,2024-09-25,2024_3Q,3
대전 9계 2023-111926,답,답,답,세종,세종시,세종 세종시 연서면 청라리 180-1,"268,380,000","64,438,000",낙찰,"84,000,000",31.3%,2024-11-13,2024_4Q,3
대전 7계 2023-112547,점포,근린상가,점포상가,세종,세종시,"세종 세종시 금남면 부용리 41-2 ,41-3","2,123,901,800","2,123,901,800",낙찰,"2,124,000,000",100.0%,2024-08-13,2024_3Q,3
대전 9계 2023-113076,임야,임야,임야,세종,세종시,세종 세종시 장군면 봉안리 22-254,"567,760,000","278,202,000",낙찰,"342,100,000",60.3%,2024-12-18,2024_4Q,3
대전 4계 2023-113311,아파트,아파트,아파트,세종,세종시,세종 세종시 고운동 2112 가락마을18단지 1805동 10층 1001호,"660,000,000","462,000,000",낙찰,"515,030,000",78.0%,2024-09-26,2024_3Q,3
대전 9계 2023-113670,전,전,전,세종,세종시,세종 세종시 연서면 쌍류리 452,"60,512,000","29,651,000",낙찰,"43,190,000",71.4%,2024-08-07,2024_3Q,3
대전 10계 2023-113717,아파트,아파트,아파트,세종,세종시,세종 세종시 전의면 동교리 213-28 성호늘푸른 101동 3층 310호,"91,000,000","63,700,000",낙찰,"68,260,000",75.0%,2024-10-17,2024_4Q,3
대전 9계 2023-113892,주상복합(상가),기타토지,기타토지,세종,세종시,세종 세종시 소담동 572 아크레타아이콤스타시티 2층 204-2호,"352,000,000","120,736,000",낙찰,"132,809,600",37.7%,2024-08-07,2024_3Q,3
대전 10계 2023-114055,아파트,아파트,아파트,세종,세종시,세종 세종시 나성동 727 에스알파크센텀 6층 628호,"125,000,000","87,500,000",낙찰,"110,000,000",88.0%,2024-08-08,2024_3Q,3
대전 8계 2023-114413,과수원,과수원,과수원,세종,세종시,세종 세종시 연기면 눌왕리 484-9,"120,667,100","59,127,000",낙찰,"67,770,000",56.2%,2024-08-29,2024_3Q,3
대전 9계 2023-114420,전,전,전,세종,세종시,세종 세종시 소정면 대곡리 10-1,"663,803,000","325,263,000",낙찰,"368,880,000",55.6%,2024-08-07,2024_3Q,3
대전 6계 2023-114468,아파트,아파트,아파트,세종,세종시,세종 세종시 종촌동 697 가재마을9단지 906동 3층 303호,"783,000,000","548,100,000",낙찰,"579,990,000",74.1%,2024-07-16,2024_3Q,3
대전 6계 2023-114666,아파트,아파트,아파트,세종,세종시,세종 세종시 고운동 1396 가락마을20단지 2005동 9층 901호,"503,000,000","352,100,000",낙찰,"394,100,000",78.3%,2024-07-16,2024_3Q,3
대전 8계 2023-114741,오피스텔(상가),오피스텔,오피스텔(업무용),세종,세종시,세종 세종시 아름동 1329 다올비즈니스센터 지1층 비101호,"5,230,000,000","1,255,723,000",낙찰,"1,715,000,000",32.8%,2024-12-19,2024_4Q,3
대전 3계 2023-114833,아파트,아파트,아파트,세종,세종시,세종 세종시 나성동 748 한스웰시티 4층 420호,"122,000,000","59,780,000",낙찰,"85,399,900",70.0%,2024-10-23,2024_4Q,3
대전 9계 2023-114970(2),답,답,답,세종,세종시,세종 세종시 전의면 달전리 99,"154,602,000","53,029,000",낙찰,"57,777,000",37.4%,2024-09-11,2024_3Q,3
대전 2계 2023-114987,근린상가,근린상가,근린상가,세종,세종시,세종 세종시 나성동 746 에스제이타워 8층 801호,"341,410,000","167,291,000",낙찰,"226,600,000",66.4%,2024-09-09,2024_3Q,3
대전 8계 2023-115010,단독주택,단독,단독주택,세종,세종시,세종 세종시 소정면 대곡리 466-1,"112,752,000","38,674,000",낙찰,"57,111,000",50.7%,2024-10-10,2024_4Q,3
대전 8계 2023-115935,근린상가,근린상가,근린상가,세종,세종시,세종 세종시 보람동 722 세종스마트허브1 6층 601호,"538,000,000","263,620,000",낙찰,"323,000,000",60.0%,2024-08-29,2024_3Q,3
대전 4계 2023-115966,전,전,전,세종,세종시,세종 세종시 소정면 대곡리 139-2,"199,652,000","47,936,000",낙찰,"51,777,000",25.9%,2024-10-31,2024_4Q,3
대전 3계 2023-115980,전,전,전,세종,세종시,세종 세종시 연서면 기룡리 615,"147,256,000","50,509,000",낙찰,"54,100,000",36.7%,2024-07-17,2024_3Q,3
대전 4계 2023-116129,단독주택,단독,단독주택,세종,세종시,세종 세종시 조치원읍 신흥리 1-16,"56,112,480","39,279,000",낙찰,"39,329,000",70.1%,2024-07-11,2024_3Q,3
대전 4계 2023-116273,아파트,아파트,아파트,세종,세종시,세종 세종시 다정동 960 가온마을1단지 102동 1층 102호,"709,000,000","496,300,000",낙찰,"629,000,000",88.7%,2024-09-26,2024_3Q,3
대전 6계 2023-116402,아파트,아파트,아파트,세종,세종시,세종 세종시 소담동 539 새샘마을7단지 701동 23층 2302호,"750,000,000","525,000,000",낙찰,"685,000,000",91.3%,2024-07-16,2024_3Q,3
대전 7계 2023-116952,아파트,아파트,아파트,세종,세종시,세종 세종시 새롬동 554 새뜸마을4단지 405동 12층 1204호,"778,000,000","544,600,000",낙찰,"691,999,990",88.9%,2024-07-09,2024_3Q,3
대전 8계 2023-117009(1),아파트상가,아파트상가,기타토지,세종,세종시,세종 세종시 반곡동 852 수루배마을3단지 상가403동 1층 108호,"97,000,000","33,271,000",낙찰,"35,320,000",36.4%,2024-12-19,2024_4Q,3
대전 8계 2023-117009(2),아파트상가,아파트상가,기타토지,세종,세종시,세종 세종시 반곡동 852 수루배마을3단지 상가403동 1층 102호,"203,000,000","99,470,000",낙찰,"132,100,000",65.1%,2024-08-29,2024_3Q,3
대전 10계 2023-117184,아파트,아파트,아파트,세종,세종시,세종 세종시 해밀동 334 해밀마을1단지 128동 8층 803호,"462,000,000","323,400,000",낙찰,"395,190,000",85.5%,2024-11-14,2024_4Q,3
대전 5계 2023-117207,점포,근린상가,점포상가,세종,세종시,세종 세종시 조치원읍 죽림리 108,"231,293,200","161,905,000",낙찰,"187,000,000",80.8%,2024-08-21,2024_3Q,3
대전 6계 2023-118316,임야,임야,임야,세종,세종시,세종 세종시 연서면 와촌리 1084-34,"29,946,000","5,033,000",낙찰,"7,200,000",24.0%,2024-12-03,2024_4Q,3
대전 10계 2023-118439,오피스텔,오피스텔,오피스텔(업무용),세종,세종시,세종 세종시 어진동 656 푸르지오시티 10층 1065호,"93,000,000","93,000,000",낙찰,"93,000,000",100.0%,2024-11-14,2024_4Q,3
대전 2계 2023-118460,중기,기타토지,기타토지,세종,세종시,세종 세종시 연동면 응암리 925 신성한울림주차장(제3자신성한울림)내 보관,"50,000,000","24,500,000",낙찰,"26,600,000",53.2%,2024-08-12,2024_3Q,3
대전 8계 2023-118552,아파트,아파트,아파트,세종,세종시,세종 세종시 조치원읍 죽림리 396 자이 110동 13층 1304호,"318,000,000","222,600,000",낙찰,"231,110,000",72.7%,2024-11-14,2024_4Q,3
대전 4계 2023-118637,아파트,아파트,아파트,세종,세종시,세종 세종시 소담동 597 새샘마을1단지 104동 14층 1403호,"733,000,000","513,100,000",낙찰,"643,700,000",87.8%,2024-07-11,2024_3Q,3
대전 6계 2023-118675,아파트,아파트,아파트,세종,세종시,세종 세종시 새롬동 605 새뜸마을5단지 507동 6층 603호,"533,000,000","373,100,000",낙찰,"465,000,000",87.2%,2024-10-29,2024_4Q,3
대전 6계 2023-118781,아파트,아파트,아파트,세종,세종시,"세종 세종시 조치원읍 남리 456 ,457,480 다원파크리안 103동 4층 409호","259,000,000","126,910,000",낙찰,"159,000,000",61.4%,2024-10-29,2024_4Q,3
대전 4계 2023-119746,아파트,아파트,아파트,세종,세종시,세종 세종시 고운동 1728 가락마을6단지 604동 9층 903호,"392,000,000","274,400,000",낙찰,"338,999,999",86.5%,2024-07-11,2024_3Q,3
대전 9계 2023-119999(4),전,전,전,세종,세종시,세종 세종시 부강면 문곡리 965-1,"18,052,500","18,052,500",낙찰,"26,800,000",148.5%,2024-11-13,2024_4Q,3
대전 2계 2023-120012,아파트,아파트,아파트,세종,세종시,세종 세종시 나성동 831 나릿재마을4단지 404동 8층 801호,"1,080,000,000","756,000,000",낙찰,"931,888,000",86.3%,2024-09-09,2024_3Q,3
대전 8계 2023-120197,아파트,아파트,아파트,세종,세종시,세종 세종시 고운동 1390 가락마을21단지 2102동 7층 702호,"454,000,000","317,800,000",낙찰,"391,890,000",86.3%,2024-10-10,2024_4Q,3
대전 10계 2023-120326,아파트,아파트,아파트,세종,세종시,세종 세종시 고운동 2111 가락마을19단지 파라곤 1909동 8층 804호,"522,000,000","365,400,000",낙찰,"426,900,000",81.8%,2024-12-19,2024_4Q,3
대전 10계 2023-120388,아파트,아파트,아파트,세종,세종시,세종 세종시 고운동 1408 가락마을9단지 902동 1층 105호,"448,000,000","313,600,000",낙찰,"335,060,000",74.8%,2024-12-19,2024_4Q,3
대전 3계 2023-120401,근린상가,근린상가,근린상가,세종,세종시,세종 세종시 고운동 2088 삼성프라자 1층 102호,"750,000,000","126,053,000",낙찰,"136,500,000",18.2%,2024-11-27,2024_4Q,3
대전 5계 2023-120630,오피스텔,오피스텔,오피스텔(업무용),세종,세종시,세종 세종시 대평동 680 해피라움페스타 6층 씨609호,"100,000,000","100,000,000",낙찰,"100,000,000",100.0%,2024-10-30,2024_4Q,3
대전 6계 2023-120647,아파트,아파트,아파트,세종,세종시,세종 세종시 조치원읍 죽림리 396 자이 109동 3층 301호,"332,000,000","162,680,000",낙찰,"220,646,000",66.5%,2024-12-03,2024_4Q,3
대전 4계 2023-121084,아파트,아파트,아파트,세종,세종시,세종 세종시 고운동 2112 가락마을18단지 1807동 11층 1101호,"675,000,000","472,500,000",낙찰,"542,500,000",80.4%,2024-08-22,2024_3Q,3
대전 4계 2023-121169,아파트,아파트,아파트,세종,세종시,세종 세종시 고운동 1396 가락마을20단지 2001동 10층 1003호,"366,000,000","256,200,000",낙찰,"281,200,000",76.8%,2024-09-26,2024_3Q,3
대전 3계 2023-121466,아파트,아파트,아파트,세종,세종시,세종 세종시 고운동 1387 가락마을22단지 2205동 7층 702호,"533,000,000","373,100,000",낙찰,"435,210,000",81.7%,2024-07-17,2024_3Q,3
대전 9계 2023-121503,아파트,아파트,아파트,세종,세종시,세종 세종시 종촌동 649 가재마을7단지 710동 7층 702호,"710,000,000","497,000,000",낙찰,"571,600,000",80.5%,2024-11-13,2024_4Q,3
대전 10계 2023-121541,아파트,아파트,아파트,세종,세종시,세종 세종시 반곡동 857 수루배마을4단지 413동 17층 1701호,"846,000,000","592,200,000",낙찰,"674,000,000",79.7%,2024-12-19,2024_4Q,3
대전 7계 2023-121572,단독주택,단독,단독주택,세종,세종시,세종 세종시 소정면 소정리 427-3,"245,860,080","120,471,000",낙찰,"146,999,000",59.8%,2024-10-22,2024_4Q,3
대전 5계 2023-121763,근린상가,근린상가,근린상가,세종,세종시,세종 세종시 어진동 648 2차푸르지오시티 1층 111호,"625,000,000","214,375,000",낙찰,"251,110,000",40.2%,2024-09-25,2024_3Q,3
대전 9계 2024-23,전,전,전,세종,세종시,세종 세종시 연기면 눌왕리 93-1,"809,425,540","566,598,000",낙찰,"566,598,000",70.0%,2024-11-13,2024_4Q,3
대전 5계 2024-54,아파트,아파트,아파트,세종,세종시,세종 세종시 집현동 883-139 새나루마을1단지 세종자이이편한세상 109동 10층 1006호,"632,000,000","442,400,000",낙찰,"539,999,000",85.4%,2024-07-10,2024_3Q,3
대전 5계 2024-184,답,답,답,세종,세종시,세종 세종시 부강면 산수리 153,"1,073,592,000","368,242,000",낙찰,"369,241,000",34.4%,2024-09-25,2024_3Q,3
대전 8계 2024-214(1),답,답,답,세종,세종시,세종 세종시 부강면 부강리 450-1,"884,800,000","303,486,000",낙찰,"356,600,000",40.3%,2024-12-19,2024_4Q,3
대전 8계 2024-214(2),답,답,답,세종,세종시,세종 세종시 부강면 부강리 450-5,"949,760,000","325,767,000",낙찰,"363,650,000",38.3%,2024-12-19,2024_4Q,3
대전 6계 2024-665,아파트,아파트,아파트,세종,세종시,세종 세종시 보람동 779 호려울마을6단지 602동 1층 102호,"920,000,000","644,000,000",낙찰,"665,000,000",72.3%,2024-10-29,2024_4Q,3
대전 5계 2024-962,아파트,아파트,아파트,세종,세종시,세종 세종시 종촌동 652 가재마을12단지 1219동 2층 203호,"573,000,000","401,100,000",낙찰,"444,400,000",77.6%,2024-09-25,2024_3Q,3
대전 6계 2024-1064,아파트,아파트,아파트,세종,세종시,세종 세종시 해밀동 118-2 행정중심복합도시6-4생활권엠1블록 해밀마을2단지 206동 4층 401호,"739,000,000","517,300,000",낙찰,"581,500,000",78.7%,2024-12-03,2024_4Q,3
대전 8계 2024-1088,근린상가,근린상가,근린상가,세종,세종시,세종 세종시 아름동 1314 아이콤타워 4층 403호,"436,000,000","149,548,000",낙찰,"155,000,000",35.6%,2024-12-19,2024_4Q,3
대전 7계 2024-1231,아파트,아파트,아파트,세종,세종시,세종 세종시 조치원읍 신흥리 399 조치원신흥이편한세상 105동 3층 302호,"356,000,000","249,200,000",낙찰,"267,000,000",75.0%,2024-09-10,2024_3Q,3
대전 1계 2024-1545,아파트,아파트,아파트,세종,세종시,세종 세종시 한솔동 939 첫마을 111동 16층 1604호,"744,000,000","520,800,000",낙찰,"633,110,000",85.1%,2024-10-28,2024_4Q,3
대전 5계 2024-1583,근린상가,근린상가,근린상가,세종,세종시,세종 세종시 새롬동 579 해피라움더블유 2층 218호,"750,000,000","525,000,000",낙찰,"529,999,999",70.7%,2024-09-25,2024_3Q,3
대전 3계 2024-2180,아파트,아파트,아파트,세종,세종시,세종 세종시 도담동 632 도램마을13단지 1306동 12층 1201호,"435,000,000","304,500,000",낙찰,"363,110,000",83.5%,2024-11-27,2024_4Q,3
대전 4계 2024-2579,아파트,아파트,아파트,세종,세종시,세종 세종시 고운동 2111 가락마을19단지 파라곤 1905동 18층 1801호,"1,400,000,000","980,000,000",낙찰,"1,131,600,000",80.8%,2024-12-05,2024_4Q,3
대전 4계 2024-2746,아파트,아파트,아파트,세종,세종시,"세종 세종시 한솔동 1045 ,971 첫마을 503동 6층 602호","475,000,000","332,500,000",낙찰,"378,740,000",79.7%,2024-10-31,2024_4Q,3
대전 1계 2024-2791,아파트,아파트,아파트,세종,세종시,세종 세종시 도담동 632 도램마을13단지 1315동 8층 801호,"430,000,000","301,000,000",낙찰,"358,760,800",83.4%,2024-10-28,2024_4Q,3
대전 8계 2024-3367,아파트,아파트,아파트,세종,세종시,세종 세종시 종촌동 692 가재마을8단지 801동 25층 2501호,"433,000,000","303,100,000",낙찰,"347,520,000",80.3%,2024-11-14,2024_4Q,3
대전 7계 2024-3497,답,답,답,세종,세종시,세종 세종시 연동면 송용리 960-13,"1,484,861,700","509,307,000",낙찰,"660,100,000",44.5%,2024-12-24,2024_4Q,3
대전 7계 2024-3565,임야,임야,임야,세종,세종시,세종 세종시 부강면 부강리 1301,"513,864,000","359,705,000",낙찰,"367,200,000",71.5%,2024-10-22,2024_4Q,3
대전 7계 2024-3916,아파트,아파트,아파트,세종,세종시,세종 세종시 고운동 2112 가락마을18단지 1813동 5층 501호,"618,000,000","432,600,000",낙찰,"550,000,000",89.0%,2024-11-19,2024_4Q,3
대전 5계 2024-5035,아파트,아파트,아파트,세종,세종시,세종 세종시 고운동 1724 가락마을7단지 705동 6층 601호,"490,000,000","343,000,000",낙찰,"407,798,000",83.2%,2024-10-30,2024_4Q,3
대전 7계 2024-5103,아파트,아파트,아파트,세종,세종시,"세종 세종시 한솔동 974 ,984 첫마을 614동 2층 204호","619,000,000","433,300,000",낙찰,"522,250,300",84.4%,2024-12-24,2024_4Q,3
대전 5계 2024-6885,아파트,아파트,아파트,세종,세종시,세종 세종시 조치원읍 신안리 542 이편한세상세종 110동 10층 1002호,"466,000,000","326,200,000",낙찰,"333,910,000",71.7%,2024-12-04,2024_4Q,3
대전 2계 2024-8881,차량,기타토지,기타토지,세종,세종시,세종 세종시 연동면 응암리 925 제3자신성한울림내 보관,"12,000,000","8,400,000",낙찰,"9,790,000",81.6%,2024-11-11,2024_4Q,3
대전 10계 2024-100169,아파트,아파트,아파트,세종,세종시,"세종 세종시 한솔동 974 ,984 첫마을 603동 18층 1801호","480,000,000","336,000,000",낙찰,"348,900,000",72.7%,2024-08-08,2024_3Q,3
대전 8계 2024-100190,오피스텔(주거),오피스텔,오피스텔(업무용),세종,세종시,세종 세종시 어진동 648 2차푸르지오시티 5층 519호,"87,000,000","60,900,000",낙찰,"86,000,000",98.9%,2024-10-10,2024_4Q,3
대전 4계 2024-100220,답,답,답,세종,세종시,세종 세종시 연동면 내판리 179-5,"692,310,000","339,232,000",낙찰,"353,111,000",51.0%,2024-10-31,2024_4Q,3
대전 2계 2024-100367,차량,기타토지,기타토지,세종,세종시,세종 세종시 연동면 응암리 925 신성한울림주차장(제3자신성한울림)내 보관,"7,000,000","1,681,000",낙찰,"2,611,000",37.3%,2024-10-14,2024_4Q,3
대전 7계 2024-100770(1),근린상가,근린상가,근린상가,세종,세종시,세종 세종시 다정동 932 다정메디프라자 4층 404호,"618,000,000","302,820,000",낙찰,"310,798,000",50.3%,2024-10-22,2024_4Q,3
대전 2계 2024-101025,차량,기타토지,기타토지,세종,세종시,세종 세종시 연동면 응암리 925 신성한울림주차장내 보관,"24,000,000","11,760,000",낙찰,"15,919,000",66.3%,2024-08-12,2024_3Q,3
대전 7계 2024-101049,아파트,아파트,아파트,세종,세종시,세종 세종시 조치원읍 죽림리 158 신동아 102동 1층 101호,"190,000,000","65,170,000",낙찰,"81,650,000",43.0%,2024-11-19,2024_4Q,3
대전 3계 2024-101292,아파트,아파트,아파트,세종,세종시,세종 세종시 고운동 1724 가락마을7단지 708동 6층 601호,"480,000,000","336,000,000",낙찰,"405,999,999",84.6%,2024-08-14,2024_3Q,3
대전 9계 2024-101513,아파트,아파트,아파트,세종,세종시,세종 세종시 소담동 572 아크레타아이콤스타시티 8층 816호,"148,000,000","103,600,000",낙찰,"130,000,000",87.8%,2024-12-18,2024_4Q,3
대전 7계 2024-101544,아파트,아파트,아파트,세종,세종시,세종 세종시 한솔동 1226 첫마을 401동 8층 801호,"520,000,000","364,000,000",낙찰,"400,000,000",76.9%,2024-09-10,2024_3Q,3
대전 2계 2024-101827,아파트,아파트,아파트,세종,세종시,세종 세종시 조치원읍 죽림리 396 자이 106동 7층 702호,"340,000,000","238,000,000",낙찰,"238,000,000",70.0%,2024-10-14,2024_4Q,3
대전 10계 2024-101834,아파트,아파트,아파트,세종,세종시,세종 세종시 보람동 777 호려울마을8단지 803동 18층 1801호,"650,000,000","455,000,000",낙찰,"525,500,000",80.8%,2024-12-19,2024_4Q,3
대전 2계 2024-102127,차량,기타토지,기타토지,세종,세종시,세종 세종시 연동면 응암리 925 제3자 신성한울림에게 보관,"12,000,000","4,116,000",낙찰,"4,416,900",36.8%,2024-07-08,2024_3Q,3
대전 5계 2024-102486,아파트,아파트,아파트,세종,세종시,세종 세종시 어진동 649 호수의아침 5층 511호,"105,000,000","105,000,000",낙찰,"105,000,000",100.0%,2024-08-21,2024_3Q,3
대전 3계 2024-102882,근린상가,근린상가,근린상가,세종,세종시,세종 세종시 보람동 751 골드타워 5층 510호,"283,000,000","97,069,000",낙찰,"122,000,000",43.1%,2024-11-27,2024_4Q,3
대전 7계 2024-103120,근린상가,근린상가,근린상가,세종,세종시,세종 세종시 보람동 755 네이버타워 4층 409호,"401,000,000","196,490,000",낙찰,"245,000,000",61.1%,2024-10-22,2024_4Q,3
대전 1계 2024-103304,오피스텔(주거),오피스텔,오피스텔(업무용),세종,세종시,세종 세종시 어진동 656 푸르지오시티 6층 650호,"85,000,000","59,500,000",낙찰,"80,000,000",94.1%,2024-10-28,2024_4Q,3
대전 2계 2024-103335,차량,기타토지,기타토지,세종,세종시,세종 세종시 연동면 응암리 925 내 보관(제3자 신성한울림에게 보관),"17,000,000","8,330,000",낙찰,"10,050,000",59.1%,2024-07-08,2024_3Q,3
대전 4계 2024-103731,아파트,아파트,아파트,세종,세종시,세종 세종시 종촌동 692 가재마을8단지 803동 14층 1402호,"446,000,000","312,200,000",낙찰,"342,000,000",76.7%,2024-10-31,2024_4Q,3
대전 3계 2024-104505,아파트,아파트,아파트,세종,세종시,세종 세종시 조치원읍 침산리 89 욱일 107동 3층 303호,"231,000,000","113,190,000",낙찰,"165,165,000",71.5%,2024-11-27,2024_4Q,3
대전 1계 2024-104680,아파트,아파트,아파트,세종,세종시,세종 세종시 반곡동 857 수루배마을4단지(수루배4단지더샵예미지) 421동 12층 1201호,"652,000,000","456,400,000",낙찰,"570,091,000",87.4%,2024-10-28,2024_4Q,3
대전 5계 2024-104956,아파트,아파트,아파트,세종,세종시,세종 세종시 고운동 1396 가락마을20단지 2004동 1층 103호,"327,000,000","228,900,000",낙찰,"240,999,999",73.7%,2024-09-25,2024_3Q,3
대전 8계 2024-105171,아파트,아파트,아파트,세종,세종시,세종 세종시 종촌동 640 가재마을4단지 419동 2층 201호,"414,000,000","289,800,000",낙찰,"338,499,999",81.8%,2024-12-19,2024_4Q,3
대전 3계 2024-105201,아파트,아파트,아파트,세종,세종시,세종 세종시 새롬동 554 새뜸마을4단지 411동 11층 1105호,"665,000,000","465,500,000",낙찰,"560,728,000",84.3%,2024-11-27,2024_4Q,3
대전 8계 2024-105508,아파트,아파트,아파트,세종,세종시,세종 세종시 나성동 739 세진팰리스 6층 624호,"130,000,000","44,590,000",낙찰,"46,300,000",35.6%,2024-12-19,2024_4Q,3
대전 5계 2024-105553,아파트,아파트,아파트,세종,세종시,세종 세종시 소담동 531 새샘마을8단지 803동 7층 701호,"832,000,000","582,400,000",낙찰,"624,000,000",75.0%,2024-09-25,2024_3Q,3
대전 2계 2024-106396,중기,기타토지,기타토지,세종,세종시,세종 세종시 연동면 응암리 925 (제3자신성한울림)내 보관,"33,000,000","16,170,000",낙찰,"19,300,000",58.5%,2024-09-09,2024_3Q,3
대전 7계 2024-106570,아파트,아파트,아파트,세종,세종시,세종 세종시 한솔동 1226 첫마을 404동 17층 1701호,"527,000,000","368,900,000",낙찰,"419,999,900",79.7%,2024-10-22,2024_4Q,3
대전 2계 2024-107061,아파트,아파트,아파트,세종,세종시,세종 세종시 대평동 704 해들마을4단지 411동 12층 1201호,"739,000,000","517,300,000",낙찰,"635,010,000",85.9%,2024-10-14,2024_4Q,3
대전 2계 2024-107184,중기,기타토지,기타토지,세종,세종시,세종 세종시 연동면 응암리 925 (제3자신성한울림)내 보관,"90,000,000","63,000,000",낙찰,"75,500,000",83.9%,2024-08-12,2024_3Q,3
대전 2계 2024-107191,중기,기타토지,기타토지,세종,세종시,세종 세종시 연동면 응암리 925 신성한울림주차장(제3자신성한울림)내 보관,"22,000,000","10,780,000",낙찰,"13,210,000",60.0%,2024-10-14,2024_4Q,3
대전 8계 2024-107238,오피스텔,오피스텔,오피스텔(업무용),세종,세종시,"세종 세종시 도담동 660 ,661,662 세종한신휴시티 5층 558호","100,000,000","70,000,000",낙찰,"70,000,000",70.0%,2024-12-19,2024_4Q,3
대전 2계 2024-107429,중기,기타토지,기타토지,세종,세종시,"세종 세종시 연동면 응암리 925 신성한울림(044-868-9190,제3자신성한울림)내 보관","50,000,000","24,500,000",낙찰,"27,780,000",55.6%,2024-09-09,2024_3Q,3
대전 7계 2024-107689,답,답,답,세종,세종시,세종 세종시 전의면 원성리 94,"17,028,000","8,344,000",낙찰,"8,500,000",49.9%,2024-12-24,2024_4Q,3
대전 4계 2024-108187,아파트,아파트,아파트,세종,세종시,세종 세종시 종촌동 654 가재마을11단지 1102동 3층 301호,"396,000,000","277,200,000",낙찰,"338,660,000",85.5%,2024-12-05,2024_4Q,3
대전 2계 2024-108316,중기,기타토지,기타토지,세종,세종시,세종 세종시 연동면 응암리 925 대전지법지정주차장(제3자신성한울림)내 보관,"18,000,000","12,600,000",낙찰,"14,777,000",82.1%,2024-08-12,2024_3Q,3
대전 7계 2024-108996,아파트,아파트,아파트,세종,세종시,세종 세종시 반곡동 857 수루배마을4단지 420동 13층 1303호,"650,000,000","455,000,000",낙찰,"557,900,000",85.8%,2024-11-19,2024_4Q,3
대전 7계 2024-110128,아파트,아파트,아파트,세종,세종시,세종 세종시 다정동 960 가온마을1단지 104동 6층 604호,"744,000,000","520,800,000",낙찰,"668,160,000",89.8%,2024-11-19,2024_4Q,3
대전 5계 2024-110753,아파트,아파트,아파트,세종,세종시,세종 세종시 고운동 1390 가락마을21단지 2103동 14층 1403호,"527,000,000","368,900,000",낙찰,"447,800,000",85.0%,2024-12-04,2024_4Q,3
대전 5계 2024-111107,오피스텔,오피스텔,오피스텔(업무용),세종,세종시,"세종 세종시 도담동 660 ,661,662 세종한신휴시티 5층 507호","152,000,000","152,000,000",낙찰,"152,000,000",100.0%,2024-12-04,2024_4Q,3
대전 2계 2024-112056,차량,기타토지,기타토지,세종,세종시,세종 세종시 연동면 응암리 925 (제3자신성한울림)내 보관,"21,000,000","14,700,000",낙찰,"15,190,000",72.3%,2024-09-09,2024_3Q,3
대전 2계 2024-112452,중기,기타토지,기타토지,세종,세종시,세종 세종시 연동면 응암리 925 제3자신성한울림내 보관,"29,500,000","14,455,000",낙찰,"15,888,000",53.9%,2024-12-23,2024_4Q,3
대전 2계 2024-113622,차량,기타토지,기타토지,세종,세종시,세종 세종시 연동면 응암리 925 내 보관(제3자 신성한울림에게 보관),"19,000,000","13,300,000",낙찰,"14,130,000",74.4%,2024-10-14,2024_4Q,3
대전 2계 2024-113639,중기,기타토지,기타토지,세종,세종시,세종 세종시 연동면 응암리 925 제3자신성한울림내 보관,"25,000,000","12,250,000",낙찰,"12,540,000",50.2%,2024-11-11,2024_4Q,3
대전 2계 2024-115192,차량,기타토지,기타토지,세종,세종시,세종 세종시 연동면 응암리 925 제3자신성한울림내 보관,"65,000,000","45,500,000",낙찰,"45,623,000",70.2%,2024-11-11,2024_4Q,3
대전 2계 2024-115383,차량,기타토지,기타토지,세종,세종시,세종 세종시 연동면 응암리 925 제3자신성한울림내 보관,"23,000,000","11,270,000",낙찰,"17,230,000",74.9%,2024-11-11,2024_4Q,3
대전 2계 2024-115772,차량,기타토지,기타토지,세종,세종시,세종 세종시 연동면 응암리 925 신성한울림내 보관,"12,000,000","8,400,000",낙찰,"8,425,500",70.2%,2024-11-11,2024_4Q,3
대전 2계 2024-117082,차량,기타토지,기타토지,세종,세종시,세종 세종시 연동면 응암리 925 제3자신성한울림내 보관,"35,000,000","24,500,000",낙찰,"27,300,000",78.0%,2024-11-11,2024_4Q,3
대전 2계 2024-117327,차량,기타토지,기타토지,세종,세종시,세종 세종시 연동면 응암리 925 제3자신성한울림내 보관,"12,000,000","12,000,000",낙찰,"12,319,999",102.7%,2024-11-11,2024_4Q,3
대전 2계 2024-118436,차량,기타토지,기타토지,세종,세종시,세종 세종시 연동면 응암리 925 제3자 신성한울림내 보관,"13,500,000","9,450,000",낙찰,"11,210,000",83.0%,2024-12-23,2024_4Q,3
대전 4계 2019-110834(1),임야,임야,임야,세종,세종시,세종 세종시 금남면 대박리 367-32,"8,056,660,000","3,947,763,000",낙찰,"4,200,000,000",52.1%,2025-05-01,2025_2Q,2
대전 3계 2020-13731(1),답,답,답,세종,세종시,세종 세종시 금남면 영치리 233,"482,126,000","165,369,000",낙찰,"165,530,000",34.3%,2025-04-23,2025_2Q,2
대전 3계 2020-13731(2),답,답,답,세종,세종시,세종 세종시 금남면 영치리 272-2,"416,750,000","142,946,000",낙찰,"256,100,000",61.5%,2025-04-23,2025_2Q,2
대전 3계 2020-13731(3),전,전,전,세종,세종시,세종 세종시 금남면 영치리 287-3,"229,520,000","112,465,000",낙찰,"121,010,000",52.7%,2025-03-19,2025_1Q,2
대전 3계 2020-13731(4),전,전,전,세종,세종시,세종 세종시 금남면 영치리 287-6,"291,348,000","142,761,000",낙찰,"153,020,000",52.5%,2025-03-19,2025_1Q,2
대전 3계 2020-13731(5),전,전,전,세종,세종시,세종 세종시 금남면 영치리 376,"868,940,000","298,047,000",낙찰,"361,010,000",41.5%,2025-04-23,2025_2Q,2
대전 5계 2021-111250(6),오피스텔,오피스텔,오피스텔(업무용),세종,세종시,"세종 세종시 도담동 660 ,661,662 세종한신휴시티 7층 752호","97,000,000","67,900,000",낙찰,"73,100,000",75.4%,2025-04-30,2025_2Q,2
대전 10계 2022-4380,단독주택,단독,단독주택,세종,세종시,세종 세종시 도담동 875 주건축물 1동,"1,414,027,500","692,873,000",낙찰,"750,000,000",53.0%,2025-03-13,2025_1Q,3
대전 1계 2023-3964,아파트,아파트,아파트,세종,세종시,세종 세종시 조치원읍 신흥리 399 조치원신흥이편한세상 101동 1층 103호,"567,000,000","396,900,000",낙찰,"431,100,000",76.0%,2025-02-03,2025_1Q,3
대전 3계 2023-4066,대지,나대지,나대지,세종,세종시,세종 세종시 고운동 894-1,"650,845,590","224,005,000",낙찰,"321,500,000",49.4%,2025-04-23,2025_2Q,2
대전 4계 2023-5403(1),근린상가,근린상가,근린상가,세종,세종시,"세종 세종시 조치원읍 죽림리 114-1 ,114-3,115,116,117-1,117-3,118,118-2,121-2 세종럭스스퀘어 1동 6층 607호","271,000,000","92,953,000",낙찰,"118,000,000",43.5%,2025-02-20,2025_1Q,3
대전 4계 2023-5403(2),근린상가,근린상가,근린상가,세종,세종시,"세종 세종시 조치원읍 죽림리 114-1 ,114-3,115,116,117-1,117-3,118,118-2,121-2 세종럭스스퀘어 1동 6층 608호","328,000,000","112,504,000",낙찰,"142,000,000",43.3%,2025-02-20,2025_1Q,3
대전 4계 2023-5403(3),근린상가,근린상가,근린상가,세종,세종시,"세종 세종시 조치원읍 죽림리 114-1 ,114-3,115,116,117-1,117-3,118,118-2,121-2 세종럭스스퀘어 1동 6층 609호","271,000,000","92,953,000",낙찰,"118,000,000",43.5%,2025-02-20,2025_1Q,3
대전 4계 2023-5403(4),근린상가,근린상가,근린상가,세종,세종시,"세종 세종시 조치원읍 죽림리 114-1 ,114-3,115,116,117-1,117-3,118,118-2,121-2 세종럭스스퀘어 1동 6층 610호","290,000,000","99,470,000",낙찰,"126,000,000",43.4%,2025-02-20,2025_1Q,3
대전 4계 2023-5403(5),근린상가,근린상가,근린상가,세종,세종시,"세종 세종시 조치원읍 죽림리 114-1 ,114-3,115,116,117-1,117-3,118,118-2,121-2 세종럭스스퀘어 1동 6층 611호","293,000,000","100,499,000",낙찰,"110,000,000",37.5%,2025-02-20,2025_1Q,3
대전 4계 2023-5403(6),근린상가,근린상가,근린상가,세종,세종시,"세종 세종시 조치원읍 죽림리 114-1 ,114-3,115,116,117-1,117-3,118,118-2,121-2 세종럭스스퀘어 1동 6층 612호","171,000,000","41,057,000",낙찰,"46,600,999",27.3%,2025-03-27,2025_1Q,2
대전 5계 2023-5755,근린상가,근린상가,근린상가,세종,세종시,세종 세종시 금남면 국곡리 266-25 1동,"4,334,729,000","1,486,812,000",낙찰,"2,137,000,000",49.3%,2025-01-15,2025_1Q,3
대전 1계 2023-6161(2),근린상가,근린상가,근린상가,세종,세종시,세종 세종시 종촌동 673 몰리브 6층 602-2호,"433,000,000","50,942,000",낙찰,"56,789,000",13.1%,2025-01-06,2025_1Q,3
대전 7계 2023-7829,임야,임야,임야,세종,세종시,세종 세종시 연서면 월하리 산43-8,"2,944,469,000","1,009,952,000",낙찰,"1,111,150,000",37.7%,2025-05-20,2025_2Q,2
대전 1계 2023-8327,근린상가,근린상가,근린상가,세종,세종시,"세종 세종시 조치원읍 죽림리 114-1 ,114-3,115,116,117-1,117-3,118,118-2,121-2 세종럭스스퀘어 1동 6층 613호","352,000,000","84,515,000",낙찰,"110,990,000",31.5%,2025-04-14,2025_2Q,2
대전 1계 2023-8723(1),답,답,답,세종,세종시,세종 세종시 금남면 성강리 187,"519,008,000","124,614,000",낙찰,"171,000,000",32.9%,2025-05-19,2025_2Q,2
대전 1계 2023-8723(2),답,답,답,세종,세종시,세종 세종시 금남면 성강리 188-4,"155,428,000","53,312,000",낙찰,"76,200,000",49.0%,2025-05-19,2025_2Q,2
대전 1계 2023-8723(3),임야,임야,임야,세종,세종시,세종 세종시 금남면 성강리 188-5,"105,020,000","36,022,000",낙찰,"51,200,000",48.8%,2025-05-19,2025_2Q,2
대전 1계 2023-8723(4),임야,임야,임야,세종,세종시,세종 세종시 금남면 성강리 188-6,"26,196,000","12,836,000",낙찰,"13,500,000",51.5%,2025-04-14,2025_2Q,2
대전 7계 2023-10108,근린상가,근린상가,근린상가,세종,세종시,세종 세종시 대평동 679 센트럴테라스 1층 105호,"1,199,000,000","201,515,000",낙찰,"261,000,000",21.8%,2025-05-20,2025_2Q,2
대전 12계 2023-11187,단독주택,단독,단독주택,세종,세종시,세종 세종시 고운동 1451 주건축물 1동,"1,608,360,000","551,667,000",낙찰,"818,200,000",50.9%,2025-02-25,2025_1Q,3
대전 1계 2023-11323,주상복합(상가),기타토지,기타토지,세종,세종시,세종 세종시 반곡동 849 씨즈파크뷰 2층 205호,"245,000,000","58,825,000",낙찰,"61,100,000",24.9%,2025-06-23,2025_2Q,2
대전 5계 2023-11347(2),전,전,전,세종,세종시,세종 세종시 장군면 하봉리 144-5,"1,115,909,000","267,930,000",낙찰,"381,000,000",34.1%,2025-01-15,2025_1Q,3
대전 3계 2023-11552,아파트,아파트,아파트,세종,세종시,세종 세종시 보람동 713 호려울마을10단지 1006동 8층 802호,"1,190,000,000","583,100,000",낙찰,"885,000,000",74.4%,2025-01-08,2025_1Q,3
대전 9계 2023-11873,근린상가,근린상가,근린상가,세종,세종시,세종 세종시 금남면 도남리 199 1동,"748,499,840","256,736,000",낙찰,"411,400,000",55.0%,2025-04-02,2025_2Q,2
대전 7계 2023-108081(2),답,답,답,세종,세종시,세종 세종시 부강면 금호리 341-1,"665,280,000","228,190,000",낙찰,"256,988,800",38.6%,2025-05-20,2025_2Q,2
대전 1계 2023-109664(2),근린상가,근린상가,근린상가,세종,세종시,세종 세종시 고운동 1373 고운에듀프라자 5층 505호,"557,000,000","133,736,000",낙찰,"177,999,900",32.0%,2025-03-10,2025_1Q,3
대전 10계 2023-110183,아파트,아파트,아파트,세종,세종시,"세종 세종시 한솔동 946 ,940 첫마을 202동 23층 2313호","612,000,000","428,400,000",낙찰,"471,230,000",77.0%,2025-04-17,2025_2Q,2
대전 10계 2023-110299,아파트,아파트,아파트,세종,세종시,세종 세종시 나성동 759 블루지움 4층 403호,"124,000,000","5,003,000",낙찰,"120,000,000",96.8%,2025-04-17,2025_2Q,2
대전 11계 2023-110701,다세대,다세대주택,다세대,세종,세종시,"세종 세종시 반곡동 841 ,840 더스테이빌딩 5층 503호","188,000,000","5,310,000",낙찰,"145,500,000",77.4%,2025-04-24,2025_2Q,2
대전 3계 2023-110732(3),단독주택,단독,단독주택,세종,세종시,세종 세종시 장군면 하봉리 45-29 주건축물 1동,"1,764,764,000","864,735,000",낙찰,"915,000,000",51.8%,2025-03-19,2025_1Q,2
대전 6계 2023-114383,근린상가,근린상가,근린상가,세종,세종시,세종 세종시 아름동 1332 영토빌딩 1층 112호,"706,000,000","118,658,000",낙찰,"135,000,000",19.1%,2025-03-18,2025_1Q,2
대전 8계 2023-115201,아파트,아파트,아파트,세종,세종시,세종 세종시 나성동 732 세종모닝시티2차 8층 808호,"127,000,000","14,941,000",낙찰,"110,425,000",86.9%,2025-06-12,2025_2Q,2
대전 8계 2023-115546,근린상가,근린상가,근린상가,세종,세종시,세종 세종시 어진동 657 세종비지니스센터 1층 씨103호,"911,000,000","153,111,000",낙찰,"183,333,000",20.1%,2025-05-08,2025_2Q,2
대전 3계 2023-115560(1),근린상가,근린상가,근린상가,세종,세종시,세종 세종시 반곡동 848 비오케이아트센터 1동 3층 316호,"189,000,000","64,827,000",낙찰,"65,830,000",34.8%,2025-04-23,2025_2Q,2
대전 3계 2023-115560(2),근린상가,근린상가,근린상가,세종,세종시,세종 세종시 반곡동 848 비오케이아트센터 1동 3층 317호,"189,000,000","45,378,000",낙찰,"60,300,000",31.9%,2025-05-28,2025_2Q,2
대전 10계 2023-115850,공장,공장(지식산업센터 업무시설),공장,세종,세종시,세종 세종시 전동면 미곡리 450,"1,197,388,950","410,704,000",낙찰,"422,000,000",35.2%,2025-03-13,2025_1Q,3
대전 5계 2023-115997,근린상가,근린상가,근린상가,세종,세종시,세종 세종시 나성동 730 에스알파크시티 2층 201호,"764,000,000","262,052,000",낙찰,"300,817,340",39.4%,2025-06-04,2025_2Q,2
대전 5계 2023-116051(1),근린상가,근린상가,근린상가,세종,세종시,세종 세종시 도담동 675 새한빌딩 1동 4층 402-2호,"368,000,000","126,224,000",낙찰,"181,500,000",49.3%,2025-06-04,2025_2Q,2
대전 5계 2023-116051(2),근린상가,근린상가,근린상가,세종,세종시,세종 세종시 도담동 675 새한빌딩 1동 4층 403호,"359,000,000","123,137,000",낙찰,"176,500,000",49.2%,2025-06-04,2025_2Q,2
대전 5계 2023-116051(3),근린상가,근린상가,근린상가,세종,세종시,세종 세종시 도담동 675 새한빌딩 1동 4층 404호,"465,000,000","159,495,000",낙찰,"228,500,000",49.1%,2025-06-04,2025_2Q,2
대전 9계 2023-117498,답,답,답,세종,세종시,세종 세종시 연서면 와촌리 917-1,"212,921,560","104,332,000",낙찰,"132,000,000",62.0%,2025-04-02,2025_2Q,2
대전 12계 2023-118903,단독주택,단독,단독주택,세종,세종시,"세종 세종시 조치원읍 신안리 377-5 ,378","768,612,960","263,634,000",낙찰,"345,999,900",45.0%,2025-04-01,2025_2Q,2
대전 5계 2023-119920,단독주택,단독,단독주택,세종,세종시,세종 세종시 부강면 부강리 530-10,"18,412,920","4,421,000",낙찰,"6,325,300",34.4%,2025-02-19,2025_1Q,3
대전 5계 2023-120432,근린상가,근린상가,근린상가,세종,세종시,"세종 세종시 금남면 도남리 97 ,97-1,98-2,98-3 근린시설동 지1층 상가102호","302,000,000","50,757,000",낙찰,"55,440,000",18.4%,2025-01-15,2025_1Q,3
대전 6계 2023-120449,답,답,답,세종,세종시,세종 세종시 금남면 용포리 236-3,"628,320,000","215,514,000",낙찰,"287,770,000",45.8%,2025-03-18,2025_1Q,2
대전 8계 2023-120661(1),아파트상가,아파트상가,기타토지,세종,세종시,세종 세종시 대평동 668 해들마을6단지 판매시설-1동 1층 에이107호,"402,000,000","137,886,000",낙찰,"140,690,000",35.0%,2025-01-23,2025_1Q,3
대전 8계 2023-120661(2),아파트상가,아파트상가,기타토지,세종,세종시,세종 세종시 대평동 668 해들마을6단지 판매시설-1동 1층 에이108호,"798,000,000","191,599,000",낙찰,"210,100,000",26.3%,2025-04-03,2025_2Q,2
대전 9계 2023-120722(1),단독주택,단독,단독주택,세종,세종시,세종 세종시 금남면 도암리 253,"131,117,800","31,481,000",낙찰,"47,325,300",36.1%,2025-06-11,2025_2Q,2
대전 9계 2023-120722(2),답,답,답,세종,세종시,세종 세종시 금남면 도암리 125,"57,716,750","19,797,000",낙찰,"20,110,000",34.8%,2025-04-02,2025_2Q,2
대전 9계 2023-120722(3),임야,임야,임야,세종,세종시,세종 세종시 금남면 도암리 191-7,"23,809,500","5,717,000",낙찰,"6,314,000",26.5%,2025-04-02,2025_2Q,2
대전 6계 2023-121671,오피스텔(상가),오피스텔,오피스텔(업무용),세종,세종시,세종 세종시 나성동 821 세종가로수길 1층 에이102호,"951,000,000","228,335,000",낙찰,"230,120,000",24.2%,2025-02-11,2025_1Q,3
대전 5계 2023-121862,근린상가,근린상가,근린상가,세종,세종시,세종 세종시 금남면 대박리 367-6 1동,"5,245,279,120","1,799,130,000",낙찰,"2,103,300,000",40.1%,2025-04-30,2025_2Q,2
대전 8계 2024-146,아파트상가,아파트상가,기타토지,세종,세종시,세종 세종시 종촌동 653 세종퍼스트아이존(상가동) 2층 학원2-02호,"237,000,000","116,130,000",낙찰,"150,000,000",63.3%,2025-04-03,2025_2Q,2
대전 8계 2024-757,오피스텔,오피스텔,오피스텔(업무용),세종,세종시,세종 세종시 어진동 657 세종비지니스센터 5층 비521호,"341,000,000","116,963,000",낙찰,"121,100,000",35.5%,2025-06-12,2025_2Q,2
대전 6계 2024-771,아파트,아파트,아파트,세종,세종시,세종 세종시 새롬동 561 새뜸마을11단지 1101동 20층 2004호,"1,310,000,000","641,900,000",낙찰,"960,000,000",73.3%,2025-01-07,2025_1Q,3
대전 9계 2024-948,단독주택,단독,단독주택,세종,세종시,세종 세종시 금남면 도남리 194-2,"1,623,316,400","1,136,321,000",낙찰,"1,140,010,000",70.2%,2025-06-11,2025_2Q,2
대전 3계 2024-2265,근린상가,근린상가,근린상가,세종,세종시,세종 세종시 나성동 789 제이빌딩 1층 107호,"921,000,000","451,290,000",낙찰,"576,595,000",62.6%,2025-02-12,2025_1Q,3
대전 3계 2024-2357,대지,나대지,나대지,세종,세종시,세종 세종시 조치원읍 상리 98,"1,221,220,000","418,879,000",낙찰,"451,000,000",36.9%,2025-01-08,2025_1Q,3
대전 6계 2024-2760,문화집회시설,기타건물,기타건물,세종,세종시,"세종 세종시 조치원읍 남리 401 ,402,410,411","4,973,512,000","1,705,915,000",낙찰,"2,500,000,000",50.3%,2025-05-27,2025_2Q,2
대전 7계 2024-2869,아파트상가,아파트상가,기타토지,세종,세종시,세종 세종시 고운동 2112 가락마을18단지 상가7동 1층 102호,"347,000,000","119,021,000",낙찰,"150,022,200",43.2%,2025-05-20,2025_2Q,2
대전 6계 2024-3275(1),근린상가,근린상가,근린상가,세종,세종시,세종 세종시 보람동 711 금강베네치아 4층 403호,"1,614,000,000","271,265,000",낙찰,"358,870,000",22.2%,2025-05-27,2025_2Q,2
대전 6계 2024-3275(2),근린상가,근린상가,근린상가,세종,세종시,세종 세종시 보람동 711 금강베네치아 5층 501호,"1,027,000,000","246,583,000",낙찰,"260,000,000",25.3%,2025-04-22,2025_2Q,2
대전 7계 2024-3282,대지,나대지,나대지,세종,세종시,세종 세종시 장군면 봉안리 216-13,"910,430,000","312,278,000",낙찰,"370,100,000",40.7%,2025-03-11,2025_1Q,3
대전 5계 2024-3473(1),근린상가,근린상가,근린상가,세종,세종시,세종 세종시 보람동 703 금강노을 주건축물 1동 4층 401호,"903,000,000","442,470,000",낙찰,"506,000,000",56.0%,2025-01-15,2025_1Q,3
대전 5계 2024-3473(2),근린상가,근린상가,근린상가,세종,세종시,세종 세종시 보람동 703 금강노을 주건축물 1동 4층 402호,"923,000,000","452,270,000",낙찰,"506,000,000",54.8%,2025-01-15,2025_1Q,3
대전 3계 2024-3510,단독주택,단독,단독주택,세종,세종시,세종 세종시 부강면 부강리 125-1,"1,173,881,600","575,202,000",낙찰,"576,200,200",49.1%,2025-04-23,2025_2Q,2
대전 1계 2024-3862(1),단독주택,단독,단독주택,세종,세종시,세종 세종시 전동면 심중리 178,"260,035,200","89,193,000",낙찰,"107,777,000",41.4%,2025-04-14,2025_2Q,2
대전 1계 2024-3862(2),전,전,전,세종,세종시,세종 세종시 전동면 심중리 178-1,"101,231,000","34,722,000",낙찰,"42,000,000",41.5%,2025-04-14,2025_2Q,2
대전 8계 2024-4568,아파트,아파트,아파트,세종,세종시,세종 세종시 금남면 용포리 263 신성연기미소지움 104동 4층 401호,"370,000,000","181,300,000",낙찰,"261,230,000",70.6%,2025-04-03,2025_2Q,2
대전 10계 2024-4704,아파트,아파트,아파트,세종,세종시,세종 세종시 소담동 597 새샘마을1단지 105동 4층 403호,"640,000,000","448,000,000",낙찰,"566,250,000",88.5%,2025-03-13,2025_1Q,3
대전 5계 2024-4803,근린상가,근린상가,근린상가,세종,세종시,세종 세종시 어진동 671 세종에비뉴힐비 1층 1109호,"585,000,000","98,321,000",낙찰,"104,220,000",17.8%,2025-06-04,2025_2Q,2
대전 8계 2024-4995,공장,공장(지식산업센터 업무시설),공장,세종,세종시,세종 세종시 전의면 유천리 453 A동,"545,825,270","382,077,000",낙찰,"461,000,000",84.5%,2025-05-08,2025_2Q,2
대전 4계 2024-5134,근린상가,근린상가,근린상가,세종,세종시,세종 세종시 종촌동 673 몰리브 1층 130호,"809,000,000","566,300,000",낙찰,"648,000,000",80.1%,2025-05-01,2025_2Q,2
대전 12계 2024-5189,아파트,아파트,아파트,세종,세종시,세종 세종시 고운동 1729 가락마을1단지 104동 지1층 티104호,"898,000,000","628,600,000",낙찰,"730,500,000",81.3%,2025-06-17,2025_2Q,2
대전 4계 2024-5448,아파트,아파트,아파트,세종,세종시,세종 세종시 고운동 1728 가락마을6단지 610동 9층 905호,"401,000,000","280,700,000",낙찰,"333,300,000",83.1%,2025-01-16,2025_1Q,3
대전 1계 2024-5851,임야,임야,임야,세종,세종시,세종 세종시 전동면 보덕리 산10-1,"420,648,000","113,728,000",낙찰,"115,000,000",27.3%,2025-03-10,2025_1Q,3
대전 4계 2024-6083,근린상가,근린상가,근린상가,세종,세종시,세종 세종시 도담동 670 황금빌딩 1동 3층 301호,"431,000,000","103,483,000",낙찰,"121,200,000",28.1%,2025-05-01,2025_2Q,2
대전 10계 2024-6090,아파트,아파트,아파트,세종,세종시,세종 세종시 소담동 531 새샘마을8단지 803동 43층 4303호,"716,000,000","501,200,000",낙찰,"710,730,000",99.3%,2025-05-22,2025_2Q,2
대전 8계 2024-6113,아파트,아파트,아파트,세종,세종시,세종 세종시 보람동 713 호려울마을10단지 1005동 5층 502호,"1,150,000,000","805,000,000",낙찰,"857,820,000",74.6%,2025-04-03,2025_2Q,2
대전 5계 2024-6311,아파트,아파트,아파트,세종,세종시,세종 세종시 집현동 4-2생활권엘4블록 새나루마을1단지 세종자이이편한세상 102동 9층 901호,"611,500,000","428,050,000",낙찰,"577,000,000",94.4%,2025-06-04,2025_2Q,2
대전 8계 2024-6342,아파트,아파트,아파트,세종,세종시,세종 세종시 다정동 926 가온마을12단지 1207동 9층 901호,"912,000,000","638,400,000",낙찰,"837,777,750",91.9%,2025-04-03,2025_2Q,2
대전 12계 2024-6403(1),답,답,답,세종,세종시,세종 세종시 연서면 월하리 1070-1,"454,863,600","318,404,000",낙찰,"330,000,000",72.5%,2025-06-17,2025_2Q,2
대전 12계 2024-6403(2),답,답,답,세종,세종시,세종 세종시 연서면 월하리 1114-2,"519,631,200","363,741,000",낙찰,"390,000,000",75.1%,2025-06-17,2025_2Q,2
대전 8계 2024-6670,아파트,아파트,아파트,세종,세종시,세종 세종시 집현동 883-139 새나루마을1단지세종자이이편한세상 108동 9층 904호,"621,000,000","434,700,000",낙찰,"512,270,000",82.5%,2025-04-03,2025_2Q,2
대전 4계 2024-6861,대지,나대지,나대지,세종,세종시,세종 세종시 조치원읍 서창리 42-109,"481,134,000","235,756,000",낙찰,"261,000,000",54.2%,2025-06-05,2025_2Q,2
대전 1계 2024-7055(1),답,답,답,세종,세종시,세종 세종시 부강면 금호리 160-3,"205,408,000","70,455,000",낙찰,"86,100,000",41.9%,2025-06-23,2025_2Q,2
대전 1계 2024-7055(2),대지,나대지,나대지,세종,세종시,세종 세종시 부강면 금호리 161-6,"623,025,000","213,698,000",낙찰,"269,999,900",43.3%,2025-06-23,2025_2Q,2
대전 5계 2024-7079,답,답,답,세종,세종시,세종 세종시 부강면 금호리 161-4,"525,546,000","180,262,000",낙찰,"242,280,000",46.1%,2025-04-30,2025_2Q,2
대전 7계 2024-8003,아파트,아파트,아파트,세종,세종시,세종 세종시 도담동 632 도램마을13단지 1313동 9층 903호,"408,000,000","285,600,000",낙찰,"353,860,000",86.7%,2025-03-11,2025_1Q,3
대전 5계 2024-8393,아파트,아파트,아파트,세종,세종시,세종 세종시 새롬동 564 새뜸마을13단지 1303동 11층 1102호,"835,000,000","584,500,000",낙찰,"709,500,000",85.0%,2025-02-19,2025_1Q,3
대전 5계 2024-8614,근린상가,근린상가,근린상가,세종,세종시,세종 세종시 나성동 796 조이타워 4층 406호,"292,000,000","70,109,000",낙찰,"102,000,000",34.9%,2025-06-04,2025_2Q,2
대전 8계 2024-9518,대지,나대지,나대지,세종,세종시,세종 세종시 다정동 889,"927,520,000","454,485,000",낙찰,"454,985,000",49.1%,2025-05-08,2025_2Q,2
대전 5계 2024-11047,아파트,아파트,아파트,세종,세종시,세종 세종시 소담동 598 새샘마을5단지 506동 3층 301호,"517,000,000","517,000,000",낙찰,"521,100,000",100.8%,2025-03-26,2025_1Q,2
대전 8계 2024-11351,오피스텔(주거),오피스텔,오피스텔(업무용),세종,세종시,세종 세종시 어진동 656 푸르지오시티 12층 1261호,"95,000,000","95,000,000",낙찰,"110,000,000",115.8%,2025-05-08,2025_2Q,2
대전 9계 2024-100268,아파트,아파트,아파트,세종,세종시,세종 세종시 도담동 656 까사리움 3층 320호,"98,000,000","68,600,000",낙찰,"79,065,000",80.7%,2025-05-07,2025_2Q,2
대전 9계 2024-100718(2),전,전,전,세종,세종시,세종 세종시 부강면 금호리 340-1,"378,200,000","185,318,000",낙찰,"195,100,000",51.6%,2025-01-22,2025_1Q,3
대전 10계 2024-100749,단독주택,단독,단독주택,세종,세종시,세종 세종시 전동면 심중리 142-3 2동호,"752,010,900","257,940,000",낙찰,"281,100,000",37.4%,2025-04-17,2025_2Q,2
대전 12계 2024-100770(2),근린상가,근린상가,근린상가,세종,세종시,세종 세종시 소담동 555 리치타워Ⅱ 1층 109호,"833,000,000","200,003,000",낙찰,"282,600,000",33.9%,2025-02-25,2025_1Q,3
대전 5계 2024-100862(1),축사,기타토지,기타토지,세종,세종시,"세종 세종시 연서면 와촌리 608-1 ,608-3,608-4 함박농장 A동","3,175,968,750","2,223,178,000",낙찰,"2,632,333,000",82.9%,2025-02-19,2025_1Q,3
대전 3계 2024-100916,아파트,아파트,아파트,세종,세종시,세종 세종시 소담동 597 새샘마을1단지 114동 6층 602호,"896,000,000","627,200,000",낙찰,"663,170,000",74.0%,2025-01-08,2025_1Q,3
대전 6계 2024-100954,답,답,답,세종,세종시,세종 세종시 전의면 양곡리 35,"338,656,000","56,918,000",낙찰,"79,500,000",23.5%,2025-03-18,2025_1Q,2
대전 8계 2024-101278(1),근린상가,근린상가,근린상가,세종,세종시,세종 세종시 어진동 608 세종일번가 1층 에이-105호,"690,000,000","236,670,000",낙찰,"276,667,000",40.1%,2025-02-27,2025_1Q,3
대전 8계 2024-101278(2),근린상가,근린상가,근린상가,세종,세종시,세종 세종시 어진동 608 세종일번가 1층 에이-106호,"665,000,000","228,095,000",낙찰,"261,100,000",39.3%,2025-02-27,2025_1Q,3
대전 11계 2024-101780,아파트,아파트,아파트,세종,세종시,세종 세종시 조치원읍 침산리 89 욱일 113동 6층 601호,"209,000,000","146,300,000",낙찰,"165,550,000",79.2%,2025-04-24,2025_2Q,2
대전 8계 2024-102028,아파트,아파트,아파트,세종,세종시,세종 세종시 조치원읍 번암리 75-2 주공 109동 4층 407호,"145,000,000","71,050,000",낙찰,"98,100,000",67.7%,2025-01-23,2025_1Q,3
대전 12계 2024-102035(1),근린상가,근린상가,근린상가,세종,세종시,"세종 세종시 반곡동 862 ,863 왕관빌딩 1층 126호","984,000,000","337,512,000",낙찰,"450,000,000",45.7%,2025-05-13,2025_2Q,2
대전 1계 2024-102653,임야,임야,임야,세종,세종시,세종 세종시 연서면 국촌리 산34-3,"4,234,943,980","2,075,123,000",낙찰,"2,801,645,675",66.2%,2025-03-10,2025_1Q,3
대전 4계 2024-102752,아파트상가,아파트상가,기타토지,세종,세종시,세종 세종시 대평동 668 해들마을6단지 2동 2층 에이230호,"169,000,000","40,576,000",낙찰,"55,810,000",33.0%,2025-05-01,2025_2Q,2
대전 3계 2024-103021(1),아파트,아파트,아파트,세종,세종시,세종 세종시 도담동 651 도램마을12단지 1201동 3층 301호,"706,000,000","494,200,000",낙찰,"534,650,000",75.7%,2025-02-12,2025_1Q,3
대전 3계 2024-103021(2),아파트,아파트,아파트,세종,세종시,세종 세종시 한솔동 939 첫마을 109동 4층 403호,"613,000,000","429,100,000",낙찰,"499,750,000",81.5%,2025-02-12,2025_1Q,3
대전 3계 2024-103021(3),아파트,아파트,아파트,세종,세종시,"세종 세종시 한솔동 974 ,984 첫마을 612동 29층 2901호","979,000,000","685,300,000",낙찰,"902,540,000",92.2%,2025-02-12,2025_1Q,3
대전 3계 2024-103021(4),아파트,아파트,아파트,세종,세종시,세종 세종시 도담동 651 도램마을12단지 1202동 7층 702호,"551,000,000","385,700,000",낙찰,"518,000,000",94.0%,2025-02-12,2025_1Q,3
대전 10계 2024-103052,임야,임야,임야,세종,세종시,세종 세종시 연서면 기룡리 595-2,"61,809,000","21,200,000",낙찰,"23,200,000",37.5%,2025-04-17,2025_2Q,2
대전 3계 2024-103083,근린상가,근린상가,근린상가,세종,세종시,세종 세종시 보람동 755 네이버타워 8층 801호,"464,000,000","159,152,000",낙찰,"175,000,000",37.7%,2025-04-23,2025_2Q,2
대전 9계 2024-103144,근린상가,근린상가,근린상가,세종,세종시,세종 세종시 어진동 671 세종에비뉴힐비 1층 1160호,"527,000,000","88,572,000",낙찰,"90,770,000",17.2%,2025-05-07,2025_2Q,2
대전 3계 2024-103465,아파트,아파트,아파트,세종,세종시,세종 세종시 아름동 1282 범지기마을9단지 세종한신휴플러스엘리트파크 908동 14층 1402호,"547,000,000","382,900,000",낙찰,"465,200,000",85.0%,2025-02-12,2025_1Q,3
대전 3계 2024-103632,아파트,아파트,아파트,세종,세종시,"세종 세종시 도담동 666 ,667 라온프라이빗시티2 1동 7층 712호","100,000,000","70,000,000",낙찰,"85,000,000",85.0%,2025-02-12,2025_1Q,3
대전 6계 2024-104116,오피스텔(상가),오피스텔,오피스텔(업무용),세종,세종시,"세종 세종시 나성동 775 ,776 더리치세종의아침 2층 216호","1,370,000,000","230,256,000",낙찰,"273,111,111",19.9%,2025-04-22,2025_2Q,2
대전 5계 2024-104536,답,답,답,세종,세종시,세종 세종시 전동면 봉대리 417-1,"25,179,000","4,232,000",낙찰,"7,025,000",27.9%,2025-04-30,2025_2Q,2
대전 2계 2024-104543,임야,임야,임야,세종,세종시,세종 세종시 장군면 평기리 226-6,"2,073,282,000","706,263,000",낙찰,"1,300,000,000",62.7%,2025-05-12,2025_2Q,2
대전 9계 2024-104659,오피스텔,오피스텔,오피스텔(업무용),세종,세종시,세종 세종시 대평동 680 해피라움페스타 7층 씨731호,"148,000,000","72,520,000",낙찰,"100,000,000",67.6%,2025-02-26,2025_1Q,3
대전 11계 2024-104703,대지,나대지,나대지,세종,세종시,세종 세종시 연동면 내판리 95-2,"119,000,000","58,310,000",낙찰,"61,299,000",51.5%,2025-05-29,2025_2Q,2
대전 12계 2024-104888,아파트,아파트,아파트,세종,세종시,세종 세종시 다정동 918 가온마을6단지 618동 14층 1406호,"886,000,000","620,200,000",낙찰,"750,999,000",84.8%,2025-02-25,2025_1Q,3
대전 4계 2024-105218(1),근린상가,근린상가,근린상가,세종,세종시,세종 세종시 어진동 513 세종엠브릿지2 2층 212호,"383,000,000","45,060,000",낙찰,"46,780,000",12.2%,2025-05-01,2025_2Q,2
대전 5계 2024-105225,아파트,아파트,아파트,세종,세종시,세종 세종시 대평동 668 해들마을6단지 610동 11층 1103호,"836,000,000","585,200,000",낙찰,"711,000,000",85.0%,2025-02-19,2025_1Q,3
대전 9계 2024-105324,임야,임야,임야,세종,세종시,세종 세종시 장군면 용암리 산49-8,"30,835,650","13,895,000",낙찰,"14,100,000",45.7%,2025-02-26,2025_1Q,3
대전 3계 2024-105942,근린주택,근린주택,근린주택,세종,세종시,세종 세종시 조치원읍 서창리 291-9,"874,109,050","428,313,000",낙찰,"535,000,000",61.2%,2025-05-28,2025_2Q,2
대전 4계 2024-106297,임야,임야,임야,세종,세종시,세종 세종시 연기면 수산리 72-10,"1,444,711,000","1,011,297,000",낙찰,"1,069,620,000",74.0%,2025-06-05,2025_2Q,2
대전 10계 2024-106457,오피스텔(주거),오피스텔,오피스텔(업무용),세종,세종시,세종 세종시 어진동 648 2차푸르지오시티 16층 1653호,"91,000,000","63,700,000",낙찰,"71,898,000",79.0%,2025-02-06,2025_1Q,3
대전 3계 2024-107030,아파트,아파트,아파트,세종,세종시,세종 세종시 조치원읍 신흥리 393 신흥주공2단지 209동 10층 1004호,"237,000,000","165,900,000",낙찰,"187,230,000",79.0%,2025-03-19,2025_1Q,2
대전 1계 2024-107580,오피스텔(주거),오피스텔,오피스텔(업무용),세종,세종시,세종 세종시 대평동 680 해피라움페스타 4층 씨416호,"284,000,000","139,160,000",낙찰,"139,160,000",49.0%,2025-02-03,2025_1Q,3
대전 10계 2024-107597,아파트,아파트,아파트,세종,세종시,"세종 세종시 한솔동 971 ,1045 첫마을 521동 9층 904호","362,000,000","253,400,000",낙찰,"312,100,000",86.2%,2025-03-13,2025_1Q,3
대전 5계 2024-107825,아파트,아파트,아파트,세종,세종시,세종 세종시 어진동 664 세종모닝시티 3층 343호,"130,000,000","31,213,000",낙찰,"125,000,000",96.2%,2025-04-30,2025_2Q,2
대전 3계 2024-107900(2),근린상가,근린상가,근린상가,세종,세종시,세종 세종시 아름동 1310 하나타워 1동 4층 406호,"393,000,000","134,799,000",낙찰,"239,730,000",61.0%,2025-05-28,2025_2Q,2
대전 3계 2024-107900(3),근린상가,근린상가,근린상가,세종,세종시,세종 세종시 아름동 1310 하나타워 1동 5층 501호,"290,000,000","99,470,000",낙찰,"112,000,000",38.6%,2025-05-28,2025_2Q,2
대전 3계 2024-107900(4),근린상가,근린상가,근린상가,세종,세종시,세종 세종시 아름동 1310 하나타워 1동 5층 502호,"215,000,000","73,745,000",낙찰,"81,700,000",38.0%,2025-05-28,2025_2Q,2
대전 3계 2024-107900(5),근린상가,근린상가,근린상가,세종,세종시,세종 세종시 아름동 1310 하나타워 1동 5층 503호,"215,000,000","73,745,000",낙찰,"81,700,000",38.0%,2025-05-28,2025_2Q,2
대전 3계 2024-107900(6),근린상가,근린상가,근린상가,세종,세종시,세종 세종시 아름동 1310 하나타워 1동 5층 504호,"232,000,000","79,576,000",낙찰,"88,160,000",38.0%,2025-05-28,2025_2Q,2
대전 3계 2024-107900(7),근린상가,근린상가,근린상가,세종,세종시,세종 세종시 아름동 1310 하나타워 1동 5층 505호,"232,000,000","79,576,000",낙찰,"88,160,000",38.0%,2025-05-28,2025_2Q,2
대전 3계 2024-107900(8),근린상가,근린상가,근린상가,세종,세종시,세종 세종시 아름동 1310 하나타워 1동 5층 506호,"171,000,000","58,653,000",낙찰,"64,980,000",38.0%,2025-05-28,2025_2Q,2
대전 3계 2024-107900(9),근린상가,근린상가,근린상가,세종,세종시,세종 세종시 아름동 1310 하나타워 1동 5층 507호,"202,000,000","69,286,000",낙찰,"76,760,000",38.0%,2025-05-28,2025_2Q,2
대전 12계 2024-108040,오피스텔(주거),오피스텔,오피스텔(업무용),세종,세종시,세종 세종시 어진동 656 푸르지오시티 10층 1028호,"101,000,000","70,700,000",낙찰,"70,701,000",70.0%,2025-06-17,2025_2Q,2
대전 12계 2024-108255,아파트,아파트,아파트,세종,세종시,세종 세종시 나성동 750 세종마루 4층 406호,"114,000,000","79,800,000",낙찰,"97,615,000",85.6%,2025-06-17,2025_2Q,2
대전 9계 2024-108507,아파트,아파트,아파트,세종,세종시,세종 세종시 새롬동 554 새뜸마을4단지 410동 5층 503호,"758,000,000","530,600,000",낙찰,"720,990,000",95.1%,2025-06-11,2025_2Q,2
대전 1계 2024-108637,아파트,아파트,아파트,세종,세종시,세종 세종시 소담동 550 새샘마을3단지 309동 25층 2502호,"714,000,000","499,800,000",낙찰,"676,000,000",94.7%,2025-06-23,2025_2Q,2
대전 5계 2024-108675,임야,임야,임야,세종,세종시,세종 세종시 연동면 명학리 산65-13,"41,945,890","14,387,000",낙찰,"15,631,250",37.3%,2025-02-19,2025_1Q,3
대전 6계 2024-108682,아파트,아파트,아파트,세종,세종시,세종 세종시 소담동 598 새샘마을5단지 507동 2층 203호,"376,000,000","263,200,000",낙찰,"314,082,300",83.5%,2025-01-07,2025_1Q,3
대전 1계 2024-109784(5),근린상가,근린상가,근린상가,세종,세종시,세종 세종시 아름동 1327 마드리드알 6층 606호,"283,000,000","97,069,000",낙찰,"107,770,000",38.1%,2025-04-14,2025_2Q,2
대전 1계 2024-109968,아파트,아파트,아파트,세종,세종시,세종 세종시 종촌동 656 가재마을10단지 1006동 8층 805호,"784,000,000","548,800,000",낙찰,"562,000,000",71.7%,2025-01-06,2025_1Q,3
대전 12계 2024-110432,아파트,아파트,아파트,세종,세종시,세종 세종시 도담동 674 까사누보 4층 419호,"116,000,000","81,200,000",낙찰,"109,000,000",94.0%,2025-02-25,2025_1Q,3
대전 5계 2024-110654,아파트,아파트,아파트,세종,세종시,"세종 세종시 금남면 용포리 320 ,89-10,237-31,325-1,325-2,350-3,454-84,493-4 금남두진리버빌 101동 4층 413호","159,000,000","77,910,000",낙찰,"121,250,000",76.3%,2025-06-04,2025_2Q,2
대전 1계 2024-110722(1),임야,임야,임야,세종,세종시,세종 세종시 전의면 유천리 산163-2,"12,900,000","4,425,000",낙찰,"5,001,000",38.8%,2025-03-10,2025_1Q,3
대전 1계 2024-110722(2),임야,임야,임야,세종,세종시,세종 세종시 전의면 달전리 산66-1,"5,590,000","3,913,000",낙찰,"4,000,000",71.6%,2025-01-06,2025_1Q,3
대전 6계 2024-110937,아파트,아파트,아파트,세종,세종시,세종 세종시 나성동 827 나릿재마을5단지 504동 7층 703호,"945,000,000","945,000,000",낙찰,"945,510,000",100.1%,2025-04-22,2025_2Q,2
대전 8계 2024-110944,아파트,아파트,아파트,세종,세종시,세종 세종시 조치원읍 신안리 542 이편한세상세종 108동 19층 1905호,"340,000,000","238,000,000",낙찰,"285,090,000",83.9%,2025-05-08,2025_2Q,2
대전 2계 2024-111114,근린상가,근린상가,근린상가,세종,세종시,"세종 세종시 조치원읍 죽림리 114-1 ,114-3,115,116,117-1,117-3,118,118-2,121-2 세종럭스스퀘어 1동 7층 702호","406,000,000","139,258,000",낙찰,"142,100,000",35.0%,2025-03-31,2025_1Q,2
대전 5계 2024-111176,아파트,아파트,아파트,세종,세종시,세종 세종시 반곡동 857 수루배마을4단지 421동 12층 1204호,"641,000,000","448,700,000",낙찰,"583,000,000",91.0%,2025-01-15,2025_1Q,3
대전 7계 2024-111381,아파트,아파트,아파트,세종,세종시,세종 세종시 조치원읍 신안리 244-1 조형 107동 4층 405호,"143,000,000","70,070,000",낙찰,"76,123,000",53.2%,2025-02-04,2025_1Q,3
대전 5계 2024-111473,아파트,아파트,아파트,세종,세종시,세종 세종시 소담동 550 새샘마을3단지 301동 26층 2601호,"883,000,000","618,100,000",낙찰,"701,000,000",79.4%,2025-01-15,2025_1Q,3
대전 6계 2024-111480,임야,임야,임야,세종,세종시,세종 세종시 연서면 국촌리 산34-1,"733,881,440","251,721,000",낙찰,"301,110,000",41.0%,2025-04-22,2025_2Q,2
대전 3계 2024-111725,아파트,아파트,아파트,세종,세종시,세종 세종시 조치원읍 번암리 75-2 주공 105동 4층 406호,"121,000,000","59,290,000",낙찰,"88,449,000",73.1%,2025-04-23,2025_2Q,2
대전 6계 2024-111961,아파트,아파트,아파트,세종,세종시,세종 세종시 다정동 946 가온마을5단지 505동 2층 201호,"639,000,000","447,300,000",낙찰,"553,900,000",86.7%,2025-02-11,2025_1Q,3
대전 6계 2024-111978,아파트,아파트,아파트,세종,세종시,세종 세종시 아름동 1363 범지기마을11단지 1101동 11층 1101호,"483,000,000","338,100,000",낙찰,"418,000,000",86.5%,2025-02-11,2025_1Q,3
대전 11계 2024-112018,임야,임야,임야,세종,세종시,세종 세종시 장군면 봉안리 4-32,"10,791,350","10,791,350",낙찰,"12,000,000",111.2%,2025-05-29,2025_2Q,2
대전 9계 2024-112230,다세대,다세대주택,다세대,세종,세종시,세종 세종시 소담동 576 펠리체타워2 7층 711호,"121,000,000","121,000,000",낙찰,"125,000,000",103.3%,2025-05-07,2025_2Q,2
대전 4계 2024-112308,오피스텔(주거),오피스텔,오피스텔(업무용),세종,세종시,세종 세종시 어진동 648 2차푸르지오시티 7층 714호,"86,000,000","60,200,000",낙찰,"63,999,000",74.4%,2025-01-16,2025_1Q,3
대전 6계 2024-112407,답,답,답,세종,세종시,세종 세종시 전의면 동교리 103-5,"1,284,426,000","440,558,000",낙찰,"532,220,000",41.4%,2025-05-27,2025_2Q,2
대전 7계 2024-112490,오피스텔(주거),오피스텔,오피스텔(업무용),세종,세종시,세종 세종시 어진동 648 2차푸르지오시티 15층 1512호,"118,000,000","57,820,000",낙찰,"80,360,000",68.1%,2025-02-04,2025_1Q,3
대전 3계 2024-112520,오피스텔(주거),오피스텔,오피스텔(업무용),세종,세종시,세종 세종시 어진동 656 푸르지오시티 4층 452호,"110,000,000","77,000,000",낙찰,"77,000,000",70.0%,2025-04-23,2025_2Q,2
대전 11계 2024-113158,아파트,아파트,아파트,세종,세종시,세종 세종시 보람동 744 스타힐타워2 8층 813호,"98,000,000","68,600,000",낙찰,"94,500,000",96.4%,2025-05-29,2025_2Q,2
대전 7계 2024-113172,아파트,아파트,아파트,세종,세종시,세종 세종시 고운동 1705 가락마을5단지 503동 9층 902호,"337,000,000","235,900,000",낙찰,"285,100,000",84.6%,2025-03-11,2025_1Q,3
대전 10계 2024-113226,아파트,아파트,아파트,세종,세종시,세종 세종시 어진동 649 호수의아침 3층 305호,"136,000,000","95,200,000",낙찰,"110,500,000",81.3%,2025-05-22,2025_2Q,2
대전 3계 2024-113745,오피스텔(주거),오피스텔,오피스텔(업무용),세종,세종시,세종 세종시 어진동 656 푸르지오시티 4층 408호,"90,000,000","90,000,000",낙찰,"90,000,000",100.0%,2025-03-19,2025_1Q,2
대전 5계 2024-113776,오피스텔,오피스텔,오피스텔(업무용),세종,세종시,세종 세종시 어진동 648 2차푸르지오시티 9층 918호,"95,000,000","66,500,000",낙찰,"80,000,000",84.2%,2025-01-15,2025_1Q,3
대전 4계 2024-113981,아파트,아파트,아파트,세종,세종시,세종 세종시 나성동 727 에스알파크센텀 4층 411호,"117,000,000","81,900,000",낙찰,"110,000,000",94.0%,2025-02-20,2025_1Q,3
대전 5계 2024-113998,아파트,아파트,아파트,세종,세종시,세종 세종시 보람동 783 호려울마을5단지 501동 6층 607호,"720,000,000","504,000,000",낙찰,"672,150,000",93.4%,2025-01-15,2025_1Q,3
대전 4계 2024-114090,아파트,아파트,아파트,세종,세종시,세종 세종시 나성동 757 세종마루투 1동 5층 505호,"125,000,000","61,250,000",낙찰,"61,250,000",49.0%,2025-03-27,2025_1Q,2
대전 5계 2024-114106,오피스텔(주거),오피스텔,오피스텔(업무용),세종,세종시,세종 세종시 어진동 656 푸르지오시티 10층 1062호,"95,000,000","46,550,000",낙찰,"105,000,000",110.5%,2025-02-19,2025_1Q,3
대전 8계 2024-114137,아파트,아파트,아파트,세종,세종시,세종 세종시 나성동 730 에스알파크시티 4층 435호,"150,000,000","105,000,000",낙찰,"105,000,000",70.0%,2025-04-03,2025_2Q,2
대전 4계 2024-114205,아파트,아파트,아파트,세종,세종시,세종 세종시 나성동 738 세종포레뷰원 1동 4층 421호,"135,000,000","135,000,000",낙찰,"135,000,000",100.0%,2025-01-16,2025_1Q,3
대전 5계 2024-114212,다세대,다세대주택,다세대,세종,세종시,세종 세종시 도담동 674 까사누보 4층 418호,"107,000,000","74,900,000",낙찰,"81,000,000",75.7%,2025-01-15,2025_1Q,3
대전 6계 2024-114229,오피스텔(주거),오피스텔,오피스텔(업무용),세종,세종시,"세종 세종시 도담동 660 ,661,662 세종한신휴시티 3층 340호","95,000,000","46,550,000",낙찰,"80,000,000",84.2%,2025-05-27,2025_2Q,2
대전 10계 2024-114267,아파트,아파트,아파트,세종,세종시,세종 세종시 다정동 953 가온마을2단지 221동 7층 702호,"688,000,000","481,600,000",낙찰,"666,600,000",96.9%,2025-05-22,2025_2Q,2
대전 5계 2024-114663,다세대,다세대주택,다세대,세종,세종시,세종 세종시 나성동 738 세종포레뷰원주건축물 1동 5층 508호,"138,000,000","96,600,000",낙찰,"96,600,000",70.0%,2025-01-15,2025_1Q,3
대전 6계 2024-114793,단독주택,단독,단독주택,세종,세종시,세종 세종시 도담동 451 주건축물 1동,"1,388,883,600","972,219,000",낙찰,"980,240,913",70.6%,2025-04-22,2025_2Q,2
대전 2계 2024-115185,차량,기타토지,기타토지,세종,세종시,세종 세종시 연동면 응암리 925 제3자 신성한울림에게 보관,"17,000,000","8,330,000",낙찰,"11,050,000",65.0%,2025-03-31,2025_1Q,2
대전 7계 2024-116157,주상복합(상가),기타토지,기타토지,세종,세종시,세종 세종시 나성동 732 세종모닝시티2차 지하1층 비101호,"851,000,000","204,325,000",낙찰,"215,325,000",25.3%,2025-06-24,2025_2Q,2
대전 7계 2024-116553,아파트,아파트,아파트,세종,세종시,"세종 세종시 조치원읍 남리 457 ,456,480 다원파크리안 102동 11층 1103호","216,000,000","105,840,000",낙찰,"159,000,000",73.6%,2025-04-15,2025_2Q,2
대전 8계 2024-116782,대지,나대지,나대지,세종,세종시,세종 세종시 고운동 1840,"1,222,740,800","599,143,000",낙찰,"642,000,000",52.5%,2025-05-08,2025_2Q,2
대전 2계 2024-117112,대지,나대지,나대지,세종,세종시,세종 세종시 부강면 문곡리 290-4,"14,161,160","6,939,000",낙찰,"7,880,000",55.6%,2025-05-12,2025_2Q,2
대전 8계 2024-118030,다세대,다세대주택,다세대,세종,세종시,세종 세종시 도담동 674 까사누보 5층 504호,"107,000,000","52,430,000",낙찰,"70,299,000",65.7%,2025-06-12,2025_2Q,2
대전 7계 2024-118726,아파트,아파트,아파트,세종,세종시,세종 세종시 아름동 1363 범지기마을11단지 1105동 14층 1401호,"475,000,000","475,000,000",낙찰,"485,500,000",102.2%,2025-05-20,2025_2Q,2
대전 2계 2024-119132,차량,기타토지,기타토지,세종,세종시,세종 세종시 연동면 응암리 925 제3자신성한울림에게 보관,"13,000,000","6,370,000",낙찰,"8,319,900",64.0%,2025-05-12,2025_2Q,2
대전 7계 2024-119569,아파트,아파트,아파트,세종,세종시,세종 세종시 조치원읍 죽림리 21-2 삼일 101동 14층 1401호,"142,000,000","99,400,000",낙찰,"107,900,000",76.0%,2025-04-15,2025_2Q,2
대전 2계 2024-119750,차량,기타토지,기타토지,세종,세종시,세종 세종시 연동면 응암리 925 제3자 신성한울림에게 보관,"7,000,000","4,900,000",낙찰,"6,288,000",89.8%,2025-02-24,2025_1Q,3
대전 10계 2024-119873,아파트,아파트,아파트,세종,세종시,"세종 세종시 도담동 664 ,665 라온프라이빗시티1 5층 516호","91,000,000","91,000,000",낙찰,"91,001,000",100.0%,2025-06-26,2025_2Q,2
대전 2계 2024-119972,중기,기타토지,기타토지,세종,세종시,세종 세종시 연동면 응암리 925 산성한울림(제3자 임동철)내 보관,"84,000,000","58,800,000",낙찰,"73,525,000",87.5%,2025-02-24,2025_1Q,3
대전 9계 2024-120019,아파트,아파트,아파트,세종,세종시,세종 세종시 나성동 715 우빈가온 7층 714호,"106,000,000","74,200,000",낙찰,"91,670,000",86.5%,2025-06-11,2025_2Q,2
대전 2계 2024-120170,차량,기타토지,기타토지,세종,세종시,세종 세종시 연동면 응암리 925 제3자 신성한울림에게 보관,"10,000,000","7,000,000",낙찰,"7,110,000",71.1%,2025-02-24,2025_1Q,3
대전 4계 2024-120422,아파트,아파트,아파트,세종,세종시,세종 세종시 어진동 664 세종모닝시티 4층 420호,"121,000,000","59,290,000",낙찰,"102,430,000",84.7%,2025-06-05,2025_2Q,2
대전 2계 2024-121920,차량,기타토지,기타토지,세종,세종시,세종 세종시 연동면 응암리 925 제3자 임동철에게 보관,"10,000,000","7,000,000",낙찰,"7,330,000",73.3%,2025-02-24,2025_1Q,3
대전 8계 2024-122886,아파트,아파트,아파트,세종,세종시,세종 세종시 다정동 969 가온마을10단지 1008동 6층 601호,"746,000,000","522,200,000",낙찰,"738,110,000",98.9%,2025-06-12,2025_2Q,2
대전 2계 2024-123766,차량,기타토지,기타토지,세종,세종시,세종 세종시 연동면 응암리 925 주차장(제3자 임동철)내 보관,"20,000,000","14,000,000",낙찰,"15,588,000",77.9%,2025-02-24,2025_1Q,3
대전 2계 2024-124219,차량,기타토지,기타토지,세종,세종시,세종 세종시 연동면 응암리 925 내 보관(제3자 임동철에게 보관),"18,500,000","12,950,000",낙찰,"13,100,000",70.8%,2025-06-16,2025_2Q,2
대전 2계 2024-124509,중기,기타토지,기타토지,세종,세종시,세종 세종시 연동면 응암리 925 신성한울림주차장내 보관,"70,000,000","24,010,000",낙찰,"25,500,000",36.4%,2025-05-12,2025_2Q,2
대전 2계 2024-124813(1),중기,기타토지,기타토지,세종,세종시,세종 세종시 연동면 응암리 925 제3자 임동철에게 보관,"70,000,000","49,000,000",낙찰,"55,500,000",79.3%,2025-03-31,2025_1Q,2
대전 2계 2024-124813(2),중기,기타토지,기타토지,세종,세종시,세종 세종시 연동면 응암리 925 제3자 임동철에게 보관,"25,000,000","25,000,000",낙찰,"26,190,000",104.8%,2025-03-31,2025_1Q,2
대전 2계 2024-124820,차량,기타토지,기타토지,세종,세종시,세종 세종시 연동면 응암리 925 제3자 임동철에게 보관,"13,500,000","6,615,000",낙찰,"8,320,000",61.6%,2025-05-12,2025_2Q,2
대전 2계 2025-500865,차량,기타토지,기타토지,세종,세종시,세종 세종시 연동면 응암리 925 신성한울림(대전지방법원지정주차장)내 보관(제3자 임동철에게 보관),"26,000,000","18,200,000",낙찰,"22,896,000",88.1%,2025-05-12,2025_2Q,2
대전 7계 2025-500971,아파트,아파트,아파트,세종,세종시,세종 세종시 새롬동 556 새뜸마을7단지 704동 1층 103호,"369,000,000","369,000,000",낙찰,"378,450,000",102.6%,2025-05-20,2025_2Q,2
대전 2계 2025-501915,차량,기타토지,기타토지,세종,세종시,세종 세종시 연동면 응암리 925 신성한울림주차장내 보관(제3차 임동철에게 보관),"22,000,000","22,000,000",낙찰,"23,190,000",105.4%,2025-06-16,2025_2Q,2
대전 2계 2025-502050,차량,기타토지,기타토지,세종,세종시,세종 세종시 연동면 응암리 925 신성한울림내 보관(제3자 신성한울림에 보관),"15,000,000","10,500,000",낙찰,"11,589,000",77.3%,2025-06-16,2025_2Q,2
대전 2계 2025-502061,차량,기타토지,기타토지,세종,세종시,세종 세종시 연동면 응암리 925 신성한울림내 보관(제3자 임동철에게 보관),"40,000,000","28,000,000",낙찰,"29,289,000",73.2%,2025-06-16,2025_2Q,2
홍성 5계 2025-15483,중기,기타토지,기타토지,세종,세종시,세종 세종시 연동면 응암리 925 내 보관,"31,000,000","21,700,000",낙찰,"26,800,000",86.5%,2025-06-24,2025_2Q,2
대전 4계 2019-110834(2),임야,임야,임야,세종,세종시,세종 세종시 금남면 대박리 산55-4,"2,429,812,000","285,863,000",낙찰,"341,000,000",14.0%,2025-11-27,2025_4Q,1
대전 8계 2023-8648,아파트,아파트,아파트,세종,세종시,세종 세종시 나성동 829 나릿재마을6단지 603동 20층 2002호,"1,080,000,000","756,000,000",낙찰,"890,599,000",82.5%,2025-12-04,2025_4Q,1
대전 10계 2023-10115,근린상가,근린상가,근린상가,세종,세종시,세종 세종시 반곡동 836 알파타워 1층 102호,"717,000,000","172,151,000",낙찰,"177,797,779",24.8%,2025-11-13,2025_4Q,1
대전 8계 2023-11453,근린상가,근린상가,근린상가,세종,세종시,세종 세종시 고운동 1723 하모니타워1주건축물 1층 101호,"9,931,000,000","3,406,333,000",낙찰,"4,715,000,000",47.5%,2025-08-21,2025_3Q,2
대전 3계 2023-106450,근린주택,근린주택,근린주택,세종,세종시,"세종 세종시 조치원읍 상리 18-8 ,18-9 2호","10,905,340","2,618,000",낙찰,"3,050,000",28.0%,2025-07-02,2025_3Q,2
대전 7계 2023-108081(1),점포,근린상가,점포상가,세종,세종시,세종 세종시 부강면 금호리 339-1,"995,138,100","238,932,000",낙찰,"239,111,000",24.0%,2025-10-14,2025_4Q,1
대전 12계 2023-110541,아파트,아파트,아파트,세종,세종시,세종 세종시 나성동 714 에스알파크 5층 503호,"146,000,000","2,887,000",낙찰,"2,960,000",2.0%,2025-08-26,2025_3Q,2
대전 3계 2023-110732(1),단독주택,단독,단독주택,세종,세종시,세종 세종시 장군면 하봉리 22-1,"965,833,000","331,281,000",낙찰,"355,000,000",36.8%,2025-08-06,2025_3Q,2
대전 3계 2023-110732(2),전,전,전,세종,세종시,세종 세종시 장군면 하봉리 146-3,"547,308,000","187,727,000",낙찰,"201,000,000",36.7%,2025-08-06,2025_3Q,2
대전 11계 2023-112202,아파트,아파트,아파트,세종,세종시,세종 세종시 조치원읍 신흥리 399 조치원신흥이편한세상 109동 14층 1404호,"373,000,000","261,100,000",낙찰,"316,900,000",85.0%,2025-12-11,2025_4Q,1
대전 9계 2023-116266,아파트,아파트,아파트,세종,세종시,세종 세종시 보람동 713 호려울마을10단지 1009동 5층 502호,"826,000,000","578,200,000",낙찰,"653,681,000",79.1%,2025-12-03,2025_4Q,1
대전 4계 2023-116372,아파트,아파트,아파트,세종,세종시,세종 세종시 어진동 664 세종모닝시티 3층 316호,"129,000,000","3,644,000",낙찰,"4,115,000",3.2%,2025-07-10,2025_3Q,2
대전 5계 2023-119838,아파트,아파트,아파트,세종,세종시,세종 세종시 다정동 918 가온마을6단지 606동 10층 1002호,"735,000,000","514,500,000",낙찰,"635,778,230",86.5%,2025-09-17,2025_3Q,2
대전 12계 2023-121695,아파트,아파트,아파트,세종,세종시,세종 세종시 소담동 539 새샘마을7단지 702동 14층 1401호,"1,040,000,000","728,000,000",낙찰,"795,280,000",76.5%,2025-09-30,2025_3Q,1
대전 5계 2024-337,임야,임야,임야,세종,세종시,세종 세종시 금남면 대박리 산55-12,"2,036,540,000","698,532,000",낙찰,"698,532,000",34.3%,2025-07-09,2025_3Q,2
대전 1계 2024-1262,임야,임야,임야,세종,세종시,세종 세종시 금남면 대박리 산55-3,"1,576,740,000","378,574,000",낙찰,"416,000,000",26.4%,2025-09-15,2025_3Q,2
대전 11계 2024-1347(1),임야,임야,임야,세종,세종시,세종 세종시 장군면 평기리 288-57,"410,172,500","200,984,000",낙찰,"222,222,000",54.2%,2025-07-03,2025_3Q,2
대전 11계 2024-1347(2),임야,임야,임야,세종,세종시,세종 세종시 장군면 평기리 288-42,"438,868,250","150,530,000",낙찰,"166,999,000",38.1%,2025-11-06,2025_4Q,1
대전 12계 2024-1385,레져스포츠시설,기타토지,기타토지,세종,세종시,세종 세종시 도담동 673 다옴프라자 5층 504호,"965,000,000","330,995,000",낙찰,"383,200,000",39.7%,2025-09-30,2025_3Q,1
대전 12계 2024-3695,주상복합(상가),기타토지,기타토지,세종,세종시,세종 세종시 어진동 649 호수의아침 1층 106호,"587,000,000","98,657,000",낙찰,"101,616,000",17.3%,2025-07-22,2025_3Q,2
대전 3계 2024-4407,공장,공장(지식산업센터 업무시설),공장,세종,세종시,세종 세종시 전의면 양곡리 597 1동,"4,037,218,900","1,978,237,000",낙찰,"2,220,251,015",55.0%,2025-10-15,2025_4Q,1
대전 12계 2024-4414,주상복합(상가),기타토지,기타토지,세종,세종시,세종 세종시 나성동 737 포레뷰투도시형생활주택 주건축물 1동 2층 203호,"886,000,000","212,728,000",낙찰,"265,880,000",30.0%,2025-11-04,2025_4Q,1
대전 8계 2024-5844(6),오피스텔,오피스텔,오피스텔(업무용),세종,세종시,세종 세종시 나성동 821 세종가로수길 7층 701호,"221,000,000","108,290,000",낙찰,"119,340,000",54.0%,2025-07-17,2025_3Q,2
대전 8계 2024-5844(9),오피스텔,오피스텔,오피스텔(업무용),세종,세종시,세종 세종시 나성동 821 세종가로수길 10층 1001호,"252,000,000","123,480,000",낙찰,"135,500,000",53.8%,2025-07-17,2025_3Q,2
대전 11계 2024-6144,아파트,아파트,아파트,세종,세종시,세종 세종시 종촌동 697 가재마을 9단지 902동 14층 1403호,"556,000,000","389,200,000",낙찰,"495,000,000",89.0%,2025-07-03,2025_3Q,2
대전 6계 2024-6373,아파트,아파트,아파트,세종,세종시,세종 세종시 조치원읍 교리 140 현대 101동 15층 1506호,"232,000,000","113,680,000",낙찰,"142,220,000",61.3%,2025-07-01,2025_3Q,2
대전 9계 2024-6748,아파트,아파트,아파트,세종,세종시,세종 세종시 집현동 1187 새나루마을4단지 406동 8층 802호,"425,000,000","297,500,000",낙찰,"370,000,000",87.1%,2025-07-16,2025_3Q,2
대전 3계 2024-6854,오피스텔(주거),오피스텔,오피스텔(업무용),세종,세종시,세종 세종시 어진동 648 2차푸르지오시티 11층 1133호,"94,000,000","65,800,000",낙찰,"70,300,000",74.8%,2025-07-02,2025_3Q,2
대전 6계 2024-6892(8),근린상가,근린상가,근린상가,세종,세종시,세종 세종시 대평동 674 해피라움블루 6층 614호,"830,000,000","284,690,000",낙찰,"301,000,000",36.3%,2025-12-02,2025_4Q,1
대전 1계 2024-7055(3),답,답,답,세종,세종시,세종 세종시 부강면 금호리 161-5,"356,720,000","85,648,000",낙찰,"85,688,000",24.0%,2025-08-11,2025_3Q,2
대전 4계 2024-7062,잡종지,잡종지,잡종지,세종,세종시,세종 세종시 부강면 금호리 700-15,"1,176,614,000","282,505,000",낙찰,"317,590,000",27.0%,2025-07-10,2025_3Q,2
대전 8계 2024-7277,아파트,아파트,아파트,세종,세종시,세종 세종시 조치원읍 교리 12-1 목화 101동 12층 1205호,"150,000,000","73,500,000",낙찰,"100,555,900",67.0%,2025-08-21,2025_3Q,2
대전 11계 2024-7291,전,전,전,세종,세종시,세종 세종시 연서면 쌍류리 59-1,"37,062,000","37,062,000",낙찰,"51,000,000",137.6%,2025-08-07,2025_3Q,2
대전 8계 2024-7529,축사,기타토지,기타토지,세종,세종시,세종 세종시 부강면 문곡리 778 1동,"66,176,000","7,784,000",낙찰,"7,785,000",11.8%,2025-12-04,2025_4Q,1
대전 8계 2024-7604,과수원,과수원,과수원,세종,세종시,세종 세종시 연서면 성제리 273-7,"443,479,000","217,304,000",낙찰,"258,000,000",58.2%,2025-09-25,2025_3Q,1
대전 10계 2024-7826,아파트,아파트,아파트,세종,세종시,세종 세종시 반곡동 1035 수루배마을6단지 613동 6층 602호,"477,000,000","333,900,000",낙찰,"440,144,700",92.3%,2025-07-31,2025_3Q,2
대전 6계 2024-8140(1),답,답,답,세종,세종시,세종 세종시 전동면 송정리 343-3,"255,000,000","87,465,000",낙찰,"102,500,000",40.2%,2025-12-02,2025_4Q,1
대전 6계 2024-8140(2),답,답,답,세종,세종시,세종 세종시 전동면 송정리 343-4,"336,017,000","164,647,000",낙찰,"164,650,000",49.0%,2025-12-02,2025_4Q,1
대전 3계 2024-8225,임야,임야,임야,세종,세종시,세종 세종시 전동면 청송리 265-12,"202,300,000","69,388,000",낙찰,"75,200,000",37.2%,2025-08-06,2025_3Q,2
대전 3계 2024-8805(1),아파트상가,아파트상가,기타토지,세종,세종시,세종 세종시 반곡동 851 수루배마을1단지 상가C동 1층 씨101호,"793,000,000","190,399,000",낙찰,"235,000,000",29.6%,2025-10-15,2025_4Q,1
대전 3계 2024-8805(2),아파트상가,아파트상가,기타토지,세종,세종시,세종 세종시 반곡동 851 수루배마을1단지 상가C동 1층 씨103호,"569,000,000","195,167,000",낙찰,"217,400,000",38.2%,2025-09-10,2025_3Q,2
대전 12계 2024-9044,근린상가,근린상가,근린상가,세종,세종시,세종 세종시 고운동 1720 에셀프라자 1층 102호,"700,000,000","343,000,000",낙찰,"382,222,000",54.6%,2025-09-30,2025_3Q,1
대전 6계 2024-9129,답,답,답,세종,세종시,세종 세종시 금남면 영곡리 334,"361,340,000","252,938,000",낙찰,"271,550,000",75.2%,2025-07-01,2025_3Q,2
대전 8계 2024-9617,근린상가,근린상가,근린상가,세종,세종시,세종 세종시 나성동 748 한스웰시티 2층 208호,"328,000,000","78,752,000",낙찰,"85,990,000",26.2%,2025-09-25,2025_3Q,1
대전 2계 2024-9648(1),근린상가,근린상가,근린상가,세종,세종시,세종 세종시 대평동 676 쁘띠테라스 7층 703호,"204,000,000","69,972,000",낙찰,"75,000,000",36.8%,2025-07-14,2025_3Q,2
대전 2계 2024-9648(2),근린상가,근린상가,근린상가,세종,세종시,세종 세종시 대평동 676 쁘띠테라스 7층 704호,"204,000,000","69,972,000",낙찰,"70,000,000",34.3%,2025-07-14,2025_3Q,2
대전 3계 2024-9655,대지,나대지,나대지,세종,세종시,세종 세종시 고운동 981,"791,967,000","388,064,000",낙찰,"389,999,000",49.2%,2025-12-24,2025_4Q,0
대전 9계 2024-9723,전,전,전,세종,세종시,세종 세종시 금남면 봉암리 31-3,"899,075,000","438,013,000",낙찰,"439,100,000",48.8%,2025-10-29,2025_4Q,1
대전 1계 2024-9839,아파트,아파트,아파트,세종,세종시,세종 세종시 고운동 1400 가락마을10단지 1011동 16층 1601호,"445,000,000","311,500,000",낙찰,"440,090,000",98.9%,2025-10-13,2025_4Q,1
대전 6계 2024-10099,아파트,아파트,아파트,세종,세종시,"세종 세종시 한솔동 940 ,946 첫마을 201동 6층 612호","292,000,000","204,400,000",낙찰,"261,200,000",89.5%,2025-09-23,2025_3Q,1
대전 3계 2024-10228,대지,나대지,나대지,세종,세종시,세종 세종시 조치원읍 봉산리 391,"2,341,878,000","1,147,521,000",낙찰,"1,340,099,900",57.2%,2025-11-19,2025_4Q,1
대전 5계 2024-10242,다세대,다세대주택,다세대,세종,세종시,"세종 세종시 반곡동 841 ,840 더스테이빌딩 6층 631호","151,000,000","36,255,000",낙찰,"36,255,000",24.0%,2025-08-13,2025_3Q,2
대전 7계 2024-10556(1),임야,임야,임야,세종,세종시,세종 세종시 전의면 관정리 126-4,"11,253,000","3,859,000",낙찰,"4,100,000",36.4%,2025-07-29,2025_3Q,2
대전 7계 2024-10556(2),임야,임야,임야,세종,세종시,세종 세종시 소정면 고등리 31-15,"4,785,000","1,640,000",낙찰,"1,820,000",38.0%,2025-07-29,2025_3Q,2
대전 6계 2024-10587,아파트,아파트,아파트,세종,세종시,세종 세종시 새롬동 554 새뜸마을4단지 410동 2층 205호,"706,000,000","494,200,000",낙찰,"666,699,000",94.4%,2025-09-23,2025_3Q,1
대전 7계 2024-11221,답,답,답,세종,세종시,세종 세종시 전동면 노장리 310-1,"1,192,600,000","409,061,000",낙찰,"501,100,000",42.0%,2025-10-14,2025_4Q,1
대전 12계 2024-11436,전,전,전,세종,세종시,세종 세종시 연서면 월하리 650-13,"3,133,596,000","1,535,461,000",낙찰,"1,777,777,770",56.7%,2025-11-04,2025_4Q,1
대전 7계 2024-11610(1),오피스텔,오피스텔,오피스텔(업무용),세종,세종시,세종 세종시 대평동 680 해피라움페스타 4층 비417호,"124,000,000","60,760,000",낙찰,"76,900,000",62.0%,2025-07-29,2025_3Q,2
대전 4계 2024-11665,아파트,아파트,아파트,세종,세종시,세종 세종시 나성동 764 세종갤러리밸류시티 8층 807호,"113,000,000","55,370,000",낙찰,"113,420,000",100.4%,2025-10-23,2025_4Q,1
대전 10계 2024-11719,아파트,아파트,아파트,세종,세종시,세종 세종시 어진동 673 한뜰마을6단지 602동 6층 601호,"790,000,000","790,000,000",낙찰,"800,000,000",101.3%,2025-10-16,2025_4Q,1
대전 11계 2024-11733,아파트,아파트,아파트,세종,세종시,세종 세종시 보람동 738 호려울마을7단지 702동 15층 1502호,"774,000,000","541,800,000",낙찰,"685,150,000",88.5%,2025-09-11,2025_3Q,2
대전 7계 2024-11771,아파트,아파트,아파트,세종,세종시,세종 세종시 종촌동 692 가재마을8단지 801동 2층 201호,"376,000,000","263,200,000",낙찰,"360,000,000",95.7%,2025-10-14,2025_4Q,1
대전 5계 2024-11924(1),근린상가,근린상가,근린상가,세종,세종시,세종 세종시 나성동 745 에스빌딩 8층 801호,"711,200,000","711,200,000",낙찰,"722,801,000",101.6%,2025-07-09,2025_3Q,2
대전 5계 2024-11924(2),근린상가,근린상가,근린상가,세종,세종시,세종 세종시 나성동 745 에스빌딩 8층 802호,"736,400,000","736,400,000",낙찰,"748,801,000",101.7%,2025-07-09,2025_3Q,2
대전 5계 2024-11924(3),근린상가,근린상가,근린상가,세종,세종시,세종 세종시 나성동 745 에스빌딩 8층 803호,"736,400,000","736,400,000",낙찰,"747,801,000",101.5%,2025-07-09,2025_3Q,2
대전 5계 2024-11924(4),근린상가,근린상가,근린상가,세종,세종시,세종 세종시 나성동 745 에스빌딩 8층 804호,"711,200,000","711,200,000",낙찰,"716,801,000",100.8%,2025-07-09,2025_3Q,2
대전 9계 2024-100718(1),답,답,답,세종,세종시,세종 세종시 부강면 금호리 338-1,"1,125,664,000","270,272,000",낙찰,"305,100,000",27.1%,2025-07-16,2025_3Q,2
대전 5계 2024-101254(1),다세대,다세대주택,다세대,세종,세종시,"세종 세종시 조치원읍 신안리 179-17 ,493-9 1동 1층 101호","298,000,000","102,214,000",낙찰,"110,780,100",37.2%,2025-10-22,2025_4Q,1
대전 5계 2024-101254(2),다세대,다세대주택,다세대,세종,세종시,"세종 세종시 조치원읍 신안리 179-17 ,493-9 1동 4층 401호","313,000,000","107,359,000",낙찰,"110,780,100",35.4%,2025-10-22,2025_4Q,1
대전 5계 2024-101254(3),다세대,다세대주택,다세대,세종,세종시,"세종 세종시 조치원읍 신안리 179-17 ,493-9 1동 2층 201호","307,000,000","105,301,000",낙찰,"141,100,000",46.0%,2025-10-22,2025_4Q,1
대전 5계 2024-101254(4),다세대,다세대주택,다세대,세종,세종시,"세종 세종시 조치원읍 신안리 179-17 ,493-9 1동 3층 301호","307,000,000","105,301,000",낙찰,"141,100,000",46.0%,2025-10-22,2025_4Q,1
대전 6계 2024-101469,오피스텔(주거),오피스텔,오피스텔(업무용),세종,세종시,세종 세종시 나성동 756 리치먼드시티세종 주1 5층 515호,"324,000,000","26,683,000",낙찰,"27,115,000",8.4%,2025-07-01,2025_3Q,2
대전 6계 2024-102080,임야,임야,임야,세종,세종시,세종 세종시 부강면 문곡리 산26,"3,540,290,000","1,734,742,000",낙찰,"1,734,800,000",49.0%,2025-09-23,2025_3Q,1
대전 4계 2024-102899,오피스텔,오피스텔,오피스텔(업무용),세종,세종시,세종 세종시 보람동 742 금강시티타워 7층 702호,"301,000,000","147,490,000",낙찰,"147,560,000",49.0%,2025-09-18,2025_3Q,1
대전 12계 2024-103090,전,전,전,세종,세종시,세종 세종시 연기면 보통리 176-1,"529,320,000","181,556,000",낙찰,"260,000,000",49.1%,2025-07-22,2025_3Q,2
대전 10계 2024-104673,근린상가,근린상가,근린상가,세종,세종시,세종 세종시 장군면 봉안리 377-1,"2,747,808,000","942,498,000",낙찰,"1,131,199,000",41.2%,2025-07-31,2025_3Q,2
대전 4계 2024-105218(2),근린상가,근린상가,근린상가,세종,세종시,세종 세종시 어진동 513 세종엠브릿지2 2층 221호,"548,000,000","31,591,000",낙찰,"35,300,000",6.4%,2025-07-10,2025_3Q,2
대전 6계 2024-105485,근린상가,근린상가,근린상가,세종,세종시,세종 세종시 새롬동 592 새뜸프라자 2층 209호,"1,312,000,000","450,016,000",낙찰,"575,599,000",43.9%,2025-08-19,2025_3Q,2
대전 7계 2024-106488,의료시설,병원,병원,세종,세종시,"세종 세종시 조치원읍 신안리 254-7 ,254-3","3,561,663,790","598,608,000",낙찰,"850,100,000",23.9%,2025-10-14,2025_4Q,1
대전 1계 2024-107108,아파트,아파트,아파트,세종,세종시,세종 세종시 나성동 732 세종모닝시티2차 4층 435호,"120,000,000","84,000,000",낙찰,"115,695,000",96.4%,2025-10-13,2025_4Q,1
대전 1계 2024-107245,오피스텔(주거),오피스텔,오피스텔(업무용),세종,세종시,세종 세종시 어진동 656 푸르지오시티 12층 1262호,"96,000,000","67,200,000",낙찰,"83,490,000",87.0%,2025-08-11,2025_3Q,2
대전 3계 2024-107894,아파트,아파트,아파트,세종,세종시,세종 세종시 보람동 783 호려울마을5단지 506동 16층 1605호,"862,000,000","603,400,000",낙찰,"756,200,000",87.7%,2025-07-02,2025_3Q,2
대전 3계 2024-107900(1),근린상가,근린상가,근린상가,세종,세종시,세종 세종시 아름동 1310 하나타워 1동 4층 403호,"713,000,000","171,191,000",낙찰,"251,100,000",35.2%,2025-07-02,2025_3Q,2
대전 12계 2024-110180,다세대,다세대주택,다세대,세종,세종시,세종 세종시 나성동 750 세종마루 4층 422호,"128,000,000","62,720,000",낙찰,"90,880,000",71.0%,2025-12-09,2025_4Q,1
대전 12계 2024-111145,오피스텔(주거),오피스텔,오피스텔(업무용),세종,세종시,세종 세종시 나성동 756 리치먼드시티세종 주1 8층 815호,"345,000,000","169,050,000",낙찰,"181,110,000",52.5%,2025-07-22,2025_3Q,2
대전 10계 2024-111251,아파트,아파트,아파트,세종,세종시,세종 세종시 나성동 759 블루지움 5층 514호,"140,000,000","11,529,000",낙찰,"11,529,000",8.2%,2025-12-18,2025_4Q,0
대전 12계 2024-111305,잡종지,잡종지,잡종지,세종,세종시,세종 세종시 조치원읍 신안리 35-48,"200,991,000","39,400,000",낙찰,"44,999,000",22.4%,2025-08-26,2025_3Q,2
대전 9계 2024-111442,대지,나대지,나대지,세종,세종시,세종 세종시 연기면 수산리 92-3,"522,160,000","255,858,000",낙찰,"312,900,000",59.9%,2025-12-03,2025_4Q,1
대전 12계 2024-111596,아파트,아파트,아파트,세종,세종시,"세종 세종시 도담동 667 ,666 라온프라이빗시티2 1동 7층 736호","90,000,000","44,100,000",낙찰,"72,500,000",80.6%,2025-07-22,2025_3Q,2
대전 11계 2024-112179,아파트,아파트,아파트,세종,세종시,세종 세종시 나성동 751 세종시리베라아이누리 4층 413호,"122,000,000","122,000,000",낙찰,"125,115,000",102.6%,2025-09-11,2025_3Q,2
대전 11계 2024-112186,오피스텔(주거),오피스텔,오피스텔(업무용),세종,세종시,세종 세종시 어진동 648 2차푸르지오시티 5층 535호,"100,000,000","34,300,000",낙찰,"90,000,000",90.0%,2025-08-07,2025_3Q,2
대전 1계 2024-112285,아파트,아파트,아파트,세종,세종시,세종 세종시 어진동 649 호수의아침 6층 611호,"97,000,000","67,900,000",낙찰,"70,000,000",72.2%,2025-08-11,2025_3Q,2
대전 3계 2024-112292,오피스텔(주거),오피스텔,오피스텔(업무용),세종,세종시,세종 세종시 어진동 656 푸르지오시티 10층 1060호,"110,000,000","53,900,000",낙찰,"68,990,000",62.7%,2025-12-24,2025_4Q,0
대전 8계 2024-112506,아파트,아파트,아파트,세종,세종시,"세종 세종시 도담동 666 ,667 라온프라이빗시티2 1동 3층 350호","102,000,000","71,400,000",낙찰,"77,550,000",76.0%,2025-08-21,2025_3Q,2
대전 9계 2024-112513,오피스텔,오피스텔,오피스텔(업무용),세종,세종시,세종 세종시 어진동 656 푸르지오시티 10층 1064호,"95,000,000","46,550,000",낙찰,"64,770,000",68.2%,2025-08-20,2025_3Q,2
대전 5계 2024-112544,오피스텔(주거),오피스텔,오피스텔(업무용),세종,세종시,세종 세종시 부강면 부강리 127-1 주건축물 1동 7층 706호,"207,000,000","24,353,000",낙찰,"24,353,000",11.8%,2025-07-09,2025_3Q,2
대전 1계 2024-112742,아파트,아파트,아파트,세종,세종시,세종 세종시 도담동 845 도램마을1단지 106동 8층 803호,"600,000,000","420,000,000",낙찰,"554,803,000",92.5%,2025-11-10,2025_4Q,1
대전 8계 2024-112834(1),다세대,다세대주택,다세대,세종,세종시,"세종 세종시 해밀동 6-4생활권비5블럭 리즈데이즈 2동 1,2층 102호","1,790,000,000","877,100,000",낙찰,"890,000,000",49.7%,2025-08-21,2025_3Q,2
대전 8계 2024-112834(7),다세대,다세대주택,다세대,세종,세종시,"세종 세종시 해밀동 6-4생활권비5블럭 리즈데이즈 9동 1,2층 109호","1,910,000,000","935,900,000",낙찰,"952,100,400",49.8%,2025-08-21,2025_3Q,2
대전 8계 2024-112834(8),다세대,다세대주택,다세대,세종,세종시,"세종 세종시 해밀동 6-4생활권비5블럭 리즈데이즈 10동 1,2층 110호","1,910,000,000","935,900,000",낙찰,"954,999,000",50.0%,2025-08-21,2025_3Q,2
대전 1계 2024-112889,아파트,아파트,아파트,세종,세종시,세종 세종시 종촌동 692 가재마을8단지 802동 5층 503호,"382,000,000","267,400,000",낙찰,"352,550,000",92.3%,2025-08-11,2025_3Q,2
대전 4계 2024-112933,임야,임야,임야,세종,세종시,세종 세종시 전동면 봉대리 산62-5,"343,824,000","57,786,000",낙찰,"58,000,000",16.9%,2025-08-14,2025_3Q,2
대전 9계 2024-113219,아파트,아파트,아파트,세종,세종시,"세종 세종시 조치원읍 죽림리 72 ,72-1,72-2 죽림우방유쉘 102동 1층 105호","307,000,000","214,900,000",낙찰,"235,999,999",76.9%,2025-07-16,2025_3Q,2
대전 12계 2024-113448,임야,임야,임야,세종,세종시,세종 세종시 부강면 등곡리 산139-1,"6,765,000","1,544,000",낙찰,"1,545,000",22.8%,2025-11-04,2025_4Q,1
대전 6계 2024-113820,아파트,아파트,아파트,세종,세종시,세종 세종시 해밀동 118-2 행정중심복합도시6-4생활권 M1블록 해밀마을2단지 208동 3층 302호,"830,000,000","581,000,000",낙찰,"713,000,000",85.9%,2025-07-01,2025_3Q,2
대전 3계 2024-113875,아파트,아파트,아파트,세종,세종시,세종 세종시 나성동 748 한스웰시티 6층 628호,"113,000,000","79,100,000",낙찰,"109,215,000",96.7%,2025-09-10,2025_3Q,2
대전 12계 2024-114069,임야,임야,임야,세종,세종시,세종 세종시 전의면 달전리 산37-6,"3,927,000","1,923,000",낙찰,"2,000,000",50.9%,2025-08-26,2025_3Q,2
대전 1계 2024-114182,근린상가,근린상가,근린상가,세종,세종시,"세종 세종시 금남면 도남리 97 ,97-1,98-2,98-3 근린시설동 지1층 상가101호","375,000,000","63,025,000",낙찰,"81,150,000",21.6%,2025-12-15,2025_4Q,1
대전 5계 2024-114335,오피스텔(주거),오피스텔,오피스텔(업무용),세종,세종시,세종 세종시 어진동 656 푸르지오시티 15층 1531호,"132,000,000","64,680,000",낙찰,"119,025,000",90.2%,2025-08-13,2025_3Q,2
대전 3계 2024-114410,답,답,답,세종,세종시,세종 세종시 금남면 두만리 541-1,"638,694,000","153,350,000",낙찰,"171,100,000",26.8%,2025-09-10,2025_3Q,2
대전 9계 2024-114533,아파트,아파트,아파트,세종,세종시,"세종 세종시 도담동 666 ,667 라온프라이빗시티Ⅱ 1동 4층 446호","100,000,000","70,000,000",낙찰,"94,290,000",94.3%,2025-07-16,2025_3Q,2
대전 11계 2024-114564,아파트,아파트,아파트,세종,세종시,세종 세종시 어진동 664 세종모닝시티 4층 435호,"115,000,000","80,500,000",낙찰,"100,000,000",87.0%,2025-07-03,2025_3Q,2
대전 11계 2024-114571,아파트,아파트,아파트,세종,세종시,세종 세종시 나성동 748 한스웰시티 5층 508호,"121,000,000","84,700,000",낙찰,"116,400,000",96.2%,2025-11-06,2025_4Q,1
대전 6계 2024-114670,아파트,아파트,아파트,세종,세종시,세종 세종시 나성동 748 한스웰시티 4층 417호,"113,000,000","79,100,000",낙찰,"110,250,000",97.6%,2025-10-28,2025_4Q,1
대전 10계 2024-114724,아파트,아파트,아파트,세종,세종시,세종 세종시 나성동 751 세종시리베라아이누리 8층 829호,"140,000,000","98,000,000",낙찰,"129,900,000",92.8%,2025-10-16,2025_4Q,1
대전 4계 2024-114755,근린상가,근린상가,근린상가,세종,세종시,세종 세종시 대평동 665 시드니힐 2층 206호,"447,000,000","75,126,000",낙찰,"80,470,000",18.0%,2025-08-14,2025_3Q,2
대전 5계 2024-114779,단독주택,단독,단독주택,세종,세종시,세종 세종시 조치원읍 침산리 187,"31,855,400","7,648,000",낙찰,"9,111,500",28.6%,2025-07-09,2025_3Q,2
대전 3계 2024-114960,아파트,아파트,아파트,세종,세종시,세종 세종시 나성동 748 한스웰시티 5층 505호,"121,000,000","59,290,000",낙찰,"111,315,000",92.0%,2025-07-02,2025_3Q,2
대전 5계 2024-115369,답,답,답,세종,세종시,세종 세종시 금남면 도암리 218,"283,215,000","138,775,000",낙찰,"198,250,000",70.0%,2025-08-13,2025_3Q,2
대전 11계 2024-115543,아파트,아파트,아파트,세종,세종시,세종 세종시 나성동 764 세종갤러리밸류시티 5층 508호,"115,000,000","80,500,000",낙찰,"111,240,000",96.7%,2025-12-11,2025_4Q,1
대전 12계 2024-115642,오피스텔,오피스텔,오피스텔(업무용),세종,세종시,세종 세종시 어진동 656 푸르지오시티 11층 1130호,"105,000,000","105,000,000",낙찰,"105,000,000",100.0%,2025-07-22,2025_3Q,2
대전 6계 2024-115727,근린상가,근린상가,근린상가,세종,세종시,세종 세종시 고운동 1716 참샘빌딩 5층 504호,"217,000,000","52,101,000",낙찰,"54,455,990",25.1%,2025-10-28,2025_4Q,1
대전 12계 2024-115802,근린상가,근린상가,근린상가,세종,세종시,세종 세종시 소담동 544 아크레타아이콤스타타워 1층 110호,"785,000,000","269,255,000",낙찰,"301,000,000",38.3%,2025-11-04,2025_4Q,1
대전 8계 2024-115895,임야,임야,임야,세종,세종시,세종 세종시 장군면 하봉리 산12-72,"654,550,000","157,157,000",낙찰,"162,200,000",24.8%,2025-07-17,2025_3Q,2
대전 10계 2024-116201,아파트,아파트,아파트,세종,세종시,"세종 세종시 도담동 665 ,664 라온프라이빗시티1 5층 546호","94,000,000","22,569,000",낙찰,"23,100,000",24.6%,2025-11-13,2025_4Q,1
대전 11계 2024-116362,아파트,아파트,아파트,세종,세종시,세종 세종시 나성동 764 세종갤러리밸류시티 7층 714호,"141,000,000","98,700,000",낙찰,"121,725,000",86.3%,2025-07-03,2025_3Q,2
대전 10계 2024-116461,아파트,아파트,아파트,세종,세종시,세종 세종시 조치원읍 신흥리 399 조치원신흥이편한세상 104동 1층 104호,"414,000,000","289,800,000",낙찰,"322,900,000",78.0%,2025-07-31,2025_3Q,2
대전 9계 2024-116669,아파트,아파트,아파트,세종,세종시,세종 세종시 나성동 727 SR파크센텀 7층 722호,"122,000,000","122,000,000",낙찰,"122,000,000",100.0%,2025-08-20,2025_3Q,2
대전 12계 2024-116676,아파트,아파트,아파트,세종,세종시,세종 세종시 나성동 732 세종모닝시티2차 5층 512호,"127,000,000","62,230,000",낙찰,"83,999,000",66.1%,2025-09-30,2025_3Q,1
대전 1계 2024-116843,아파트,아파트,아파트,세종,세종시,세종 세종시 종촌동 640 가재마을4단지 401동 15층 1504호,"393,000,000","393,000,000",낙찰,"400,500,000",101.9%,2025-08-11,2025_3Q,2
대전 9계 2024-117051,아파트,아파트,아파트,세종,세종시,세종 세종시 아름동 1276 범지기마을12단지 1206동 15층 1503호,"555,000,000","388,500,000",낙찰,"535,160,000",96.4%,2025-08-20,2025_3Q,2
대전 8계 2024-117235,임야,임야,임야,세종,세종시,세종 세종시 금남면 영대리 735-2,"395,712,000","135,729,000",낙찰,"155,520,000",39.3%,2025-08-21,2025_3Q,2
대전 12계 2024-117440,아파트,아파트,아파트,세종,세종시,세종 세종시 조치원읍 죽림리 396 자이 102동 8층 801호,"318,000,000","222,600,000",낙찰,"270,200,000",85.0%,2025-08-26,2025_3Q,2
대전 6계 2024-117549,단독주택,단독,단독주택,세종,세종시,세종 세종시 연동면 내판리 21-8,"580,179,900","199,001,000",낙찰,"251,009,000",43.3%,2025-12-02,2025_4Q,1
대전 9계 2024-117761,아파트,아파트,아파트,세종,세종시,"세종 세종시 도담동 665 ,664 라온프라이빗시티Ⅰ 8층 812호","96,000,000","96,000,000",낙찰,"105,000,000",109.4%,2025-07-16,2025_3Q,2
대전 10계 2024-117952,아파트,아파트,아파트,세종,세종시,"세종 세종시 조치원읍 서창리 239-2 ,240-1,133-10 두진한라 1동 4층 404호","86,000,000","60,200,000",낙찰,"72,690,000",84.5%,2025-07-31,2025_3Q,2
대전 5계 2024-118023,아파트,아파트,아파트,세종,세종시,세종 세종시 어진동 649 호수의아침 4층 434호,"102,000,000","71,400,000",낙찰,"71,400,000",70.0%,2025-09-17,2025_3Q,2
대전 3계 2024-118092,다세대,다세대주택,다세대,세종,세종시,세종 세종시 나성동 727 에스알파크센텀 6층 654호,"127,000,000","88,900,000",낙찰,"117,450,000",92.5%,2025-08-06,2025_3Q,2
대전 8계 2024-118504,근린상가,근린상가,근린상가,세종,세종시,세종 세종시 아름동 1333 세종조이1 1동 2층 203호,"831,000,000","199,523,000",낙찰,"258,441,000",31.1%,2025-08-21,2025_3Q,2
대전 10계 2024-118603,임야,임야,임야,세종,세종시,세종 세종시 금남면 대박리 산27-1,"245,742,000","84,289,000",낙찰,"85,522,000",34.8%,2025-10-16,2025_4Q,1
대전 12계 2024-118610,오피스텔,오피스텔,오피스텔(업무용),세종,세종시,세종 세종시 해밀동 643 스카이드림 2층 211호,"460,000,000","225,400,000",낙찰,"289,999,999",63.0%,2025-09-30,2025_3Q,1
대전 4계 2024-118788,오피스텔(주거),오피스텔,오피스텔(업무용),세종,세종시,세종 세종시 어진동 648 2차푸르지오시티 9층 939호,"100,000,000","70,000,000",낙찰,"84,835,000",84.8%,2025-08-14,2025_3Q,2
대전 3계 2024-118863,아파트,아파트,아파트,세종,세종시,세종 세종시 조치원읍 침산리 89 욱일 102동 11층 1105호,"261,000,000","127,890,000",낙찰,"197,000,000",75.5%,2025-09-10,2025_3Q,2
대전 3계 2024-119040,다세대,다세대주택,다세대,세종,세종시,세종 세종시 나성동 730 에스알파크시티 6층 650호,"121,000,000","84,700,000",낙찰,"105,455,000",87.2%,2025-08-06,2025_3Q,2
대전 11계 2024-119057,아파트,아파트,아파트,세종,세종시,세종 세종시 고운동 1724 가락마을7단지 710동 13층 1301호,"470,000,000","329,000,000",낙찰,"439,500,000",93.5%,2025-11-06,2025_4Q,1
대전 9계 2024-119279,아파트,아파트,아파트,세종,세종시,"세종 세종시 한솔동 947 ,950 첫마을 301동 14층 1415호","662,000,000","463,400,000",낙찰,"516,000,000",77.9%,2025-09-24,2025_3Q,1
대전 1계 2024-119408,아파트,아파트,아파트,세종,세종시,세종 세종시 고운동 1393 가락마을15단지 1501동 11층 1101호,"327,000,000","228,900,000",낙찰,"322,000,000",98.5%,2025-10-13,2025_4Q,1
대전 7계 2024-119415,아파트,아파트,아파트,세종,세종시,"세종 세종시 한솔동 940 ,946 첫마을 202동 9층 903호","535,000,000","374,500,000",낙찰,"455,285,000",85.1%,2025-09-02,2025_3Q,2
대전 9계 2024-119491,아파트,아파트,아파트,세종,세종시,"세종 세종시 나성동 775 ,776 더리치세종의아침 5층 517호","117,000,000","28,091,000",낙찰,"95,000,000",81.2%,2025-12-03,2025_4Q,1
대전 11계 2024-119774,아파트,아파트,아파트,세종,세종시,세종 세종시 아름동 1356 범지기마을4단지 402동 10층 1001호,"501,000,000","350,700,000",낙찰,"471,300,000",94.1%,2025-09-11,2025_3Q,2
대전 5계 2024-119828,근린상가,근린상가,근린상가,세종,세종시,세종 세종시 고운동 1806 비티빌딩,"2,628,324,200","901,515,000",낙찰,"1,307,000,000",49.7%,2025-07-09,2025_3Q,2
대전 6계 2024-119835,답,답,답,세종,세종시,세종 세종시 연동면 명학리 468,"1,189,040,000","582,629,000",낙찰,"649,990,000",54.7%,2025-10-28,2025_4Q,1
대전 8계 2024-119859,근린상가,근린상가,근린상가,세종,세종시,세종 세종시 아름동 1310 하나타워 1동 2층 204호,"396,000,000","135,828,000",낙찰,"136,100,000",34.4%,2025-08-21,2025_3Q,2
대전 9계 2024-119866,답,답,답,세종,세종시,세종 세종시 부강면 행산리 447,"238,512,000","166,958,000",낙찰,"196,163,180",82.2%,2025-09-24,2025_3Q,1
대전 5계 2024-120033,임야,임야,임야,세종,세종시,세종 세종시 부강면 문곡리 산187,"16,151,140","15,301,080",낙찰,"17,380,000",107.6%,2025-10-22,2025_4Q,1
대전 4계 2024-120217,아파트,아파트,아파트,세종,세종시,세종 세종시 고운동 1731 가락마을2단지 204동 4층 405호,"692,000,000","484,400,000",낙찰,"631,000,000",91.2%,2025-10-23,2025_4Q,1
대전 12계 2024-120583,아파트,아파트,아파트,세종,세종시,세종 세종시 도담동 636 도램마을18단지 1802동 12층 1201호,"563,000,000","394,100,000",낙찰,"503,999,000",89.5%,2025-09-30,2025_3Q,1
대전 10계 2024-120736,아파트,아파트,아파트,세종,세종시,세종 세종시 조치원읍 죽림리 92 신동아 101동 3층 310호,"155,000,000","108,500,000",낙찰,"120,000,000",77.4%,2025-07-31,2025_3Q,2
대전 3계 2024-120750,아파트,아파트,아파트,세종,세종시,세종 세종시 고운동 1705 가락마을5단지 509동 11층 1103호,"465,000,000","325,500,000",낙찰,"435,659,500",93.7%,2025-09-10,2025_3Q,2
대전 4계 2024-121159,답,답,답,세종,세종시,세종 세종시 조치원읍 봉산리 32-2,"200,874,520","98,428,000",낙찰,"99,900,000",49.7%,2025-07-10,2025_3Q,2
대전 12계 2024-121500(1),아파트,아파트,아파트,세종,세종시,세종 세종시 대평동 704 해들마을4단지 418동 25층 2501호,"870,000,000","609,000,000",낙찰,"751,000,000",86.3%,2025-09-30,2025_3Q,1
대전 7계 2024-121586(4),근린상가,근린상가,근린상가,세종,세종시,세종 세종시 소담동 529 도경프라자 6층 606호,"533,000,000","261,170,000",낙찰,"261,250,000",49.0%,2025-10-14,2025_4Q,1
대전 5계 2024-121661,오피스텔(상가),오피스텔,오피스텔(업무용),세종,세종시,세종 세종시 아름동 1329 다올비즈니스센터 1층 105호,"1,301,000,000","312,370,000",낙찰,"500,117,000",38.4%,2025-08-13,2025_3Q,2
대전 4계 2024-122053,아파트,아파트,아파트,세종,세종시,세종 세종시 나성동 737 포레뷰투도시형생활주택 주건축물 1동 7층 719호,"126,000,000","88,200,000",낙찰,"101,100,000",80.2%,2025-11-27,2025_4Q,1
대전 1계 2024-122152,오피스텔,오피스텔,오피스텔(업무용),세종,세종시,세종 세종시 어진동 656 푸르지오시티 20층 2008호,"95,000,000","95,000,000",낙찰,"97,700,000",102.8%,2025-09-15,2025_3Q,2
대전 7계 2024-122213,오피스텔(주거),오피스텔,오피스텔(업무용),세종,세종시,"세종 세종시 도담동 660 ,661,662 세종한신휴시티 5층 577호","95,000,000","66,500,000",낙찰,"94,450,000",99.4%,2025-10-14,2025_4Q,1
대전 12계 2024-122275,아파트,아파트,아파트,세종,세종시,세종 세종시 소담동 521 새샘마을9단지 910동 4층 401호,"640,000,000","448,000,000",낙찰,"643,280,000",100.5%,2025-09-30,2025_3Q,1
대전 3계 2024-122299,아파트,아파트,아파트,세종,세종시,세종 세종시 산울동 152-1 산울마을7단지 701동 4층 401호,"697,000,000","487,900,000",낙찰,"563,950,000",80.9%,2025-12-24,2025_4Q,0
대전 11계 2024-122411(1),전,전,전,세종,세종시,세종 세종시 부강면 행산리 319,"30,371,840","14,882,000",낙찰,"14,882,000",49.0%,2025-12-11,2025_4Q,1
대전 11계 2024-122411(2),대지,나대지,나대지,세종,세종시,세종 세종시 부강면 행산리 316,"15,080,160","7,389,000",낙찰,"9,510,000",63.1%,2025-12-11,2025_4Q,1
대전 10계 2024-122640,아파트,아파트,아파트,세종,세종시,세종 세종시 나성동 763 행복의아침 6층 620호,"131,000,000","91,700,000",낙찰,"119,715,000",91.4%,2025-07-31,2025_3Q,2
대전 1계 2024-122657,아파트,아파트,아파트,세종,세종시,세종 세종시 나성동 759 블루지움 4층 409호,"106,000,000","74,200,000",낙찰,"104,170,000",98.3%,2025-11-10,2025_4Q,1
대전 12계 2024-122954,오피스텔(주거),오피스텔,오피스텔(업무용),세종,세종시,세종 세종시 나성동 730 에스알파크시티 6층 616호,"123,000,000","86,100,000",낙찰,"118,655,000",96.5%,2025-09-30,2025_3Q,1
대전 8계 2024-122961,전,전,전,세종,세종시,세종 세종시 조치원읍 죽림리 335-3,"831,600,000","285,238,000",낙찰,"340,010,000",40.9%,2025-10-30,2025_4Q,1
대전 12계 2024-123391,아파트,아파트,아파트,세종,세종시,"세종 세종시 나성동 775 ,776 더리치세종의아침 6층 623호","136,000,000","66,640,000",낙찰,"150,000,000",110.3%,2025-11-04,2025_4Q,1
대전 10계 2024-123421,임야,임야,임야,세종,세종시,세종 세종시 연기면 수산리 429-12,"121,352,000","84,946,000",낙찰,"84,946,000",70.0%,2025-09-04,2025_3Q,2
대전 2계 2024-123438,아파트,아파트,아파트,세종,세종시,"세종 세종시 나성동 775 ,776 더리치세종의아침 7층 712호","110,000,000","77,000,000",낙찰,"77,000,000",70.0%,2025-07-14,2025_3Q,2
대전 6계 2024-123612,아파트,아파트,아파트,세종,세종시,세종 세종시 보람동 738 호려울마을 7단지 704동 7층 703호,"907,000,000","634,900,000",낙찰,"784,300,000",86.5%,2025-12-02,2025_4Q,1
대전 5계 2024-123728,아파트,아파트,아파트,세종,세종시,세종 세종시 아름동 1276 범지기마을12단지 1201동 5층 501호,"606,000,000","424,200,000",낙찰,"520,009,000",85.8%,2025-07-09,2025_3Q,2
대전 4계 2024-123902,다세대,다세대주택,다세대,세종,세종시,세종 세종시 나성동 759 세종블루지움 4층 405호,"105,000,000","105,000,000",낙찰,"105,000,000",100.0%,2025-08-14,2025_3Q,2
대전 9계 2024-123940,근린상가,근린상가,근린상가,세종,세종시,세종 세종시 다정동 943 더다정빌딩 2층 201호,"633,000,000","310,170,000",낙찰,"383,700,000",60.6%,2025-12-03,2025_4Q,1
대전 12계 2024-124059,오피스텔(주거),오피스텔,오피스텔(업무용),세종,세종시,"세종 세종시 도담동 660 ,661,662 세종한신휴시티 4층 404호","110,000,000","77,000,000",낙찰,"96,000,000",87.3%,2025-11-04,2025_4Q,1
대전 6계 2024-124165,아파트,아파트,아파트,세종,세종시,세종 세종시 나성동 764 세종갤러리밸류시티 3층 315호,"133,000,000","93,100,000",낙찰,"132,340,000",99.5%,2025-12-02,2025_4Q,1
대전 2계 2024-124226,중기,기타토지,기타토지,세종,세종시,세종 세종시 연동면 응암리 925 내 보관(제3자 임동철에게 보관),"30,000,000","14,700,000",낙찰,"19,200,000",64.0%,2025-07-14,2025_3Q,2
대전 11계 2024-124325,근린상가,근린상가,근린상가,세종,세종시,세종 세종시 고운동 2094 세종중앙타워 6층 601호,"402,000,000","196,980,000",낙찰,"232,313,333",57.8%,2025-12-11,2025_4Q,1
대전 2계 2024-124714,차량,기타토지,기타토지,세종,세종시,세종 세종시 연동면 응암리 925 (제3자임동철)내 보관,"20,000,000","9,800,000",낙찰,"13,100,000",65.5%,2025-08-18,2025_3Q,2
대전 8계 2024-124899,아파트,아파트,아파트,세종,세종시,세종 세종시 나성동 748 한스웰시티 4층 409호,"118,000,000","82,600,000",낙찰,"115,825,000",98.2%,2025-10-30,2025_4Q,1
대전 1계 2024-125168,아파트,아파트,아파트,세종,세종시,세종 세종시 종촌동 679 가재마을3단지 310동 3층 303호,"611,000,000","427,700,000",낙찰,"570,030,000",93.3%,2025-12-15,2025_4Q,1
대전 8계 2024-125236,아파트,아파트,아파트,세종,세종시,세종 세종시 조치원읍 신흥리 393 신흥주공2단지 209동 10층 1002호,"235,000,000","164,500,000",낙찰,"189,999,000",80.9%,2025-07-17,2025_3Q,2
대전 10계 2024-125656,오피스텔(주거),오피스텔,오피스텔(업무용),세종,세종시,"세종 세종시 나성동 775 ,776 더리치세종의아침 3층 333호","155,000,000","108,500,000",낙찰,"150,000,000",96.8%,2025-10-16,2025_4Q,1
대전 3계 2025-167,아파트,아파트,아파트,세종,세종시,세종 세종시 나성동 738 세종포레뷰원주건축물 1동 8층 806호,"146,000,000","102,200,000",낙찰,"145,000,000",99.3%,2025-10-15,2025_4Q,1
대전 4계 2025-686,아파트,아파트,아파트,세종,세종시,세종 세종시 고운동 1706 가락마을8단지 803동 6층 601호,"217,000,000","151,900,000",낙찰,"181,000,000",83.4%,2025-08-14,2025_3Q,2
대전 5계 2025-808,전,전,전,세종,세종시,세종 세종시 장군면 은용리 106-1,"940,023,000","444,010,000",낙찰,"558,000,000",59.4%,2025-11-26,2025_4Q,1
대전 4계 2025-1214,대지,나대지,나대지,세종,세종시,세종 세종시 전동면 노장리 519-1,"58,788,000","14,076,000",낙찰,"19,180,000",32.6%,2025-11-27,2025_4Q,1
대전 12계 2025-1320,아파트,아파트,아파트,세종,세종시,세종 세종시 고운동 1409 가락마을11단지 1106동 2층 202호,"396,000,000","277,200,000",낙찰,"371,001,000",93.7%,2025-11-04,2025_4Q,1
대전 7계 2025-1375,아파트,아파트,아파트,세종,세종시,세종 세종시 소담동 550 새샘마을 3단지 308동 4층 401호,"651,000,000","455,700,000",낙찰,"640,000,000",98.3%,2025-09-02,2025_3Q,2
대전 4계 2025-1566,아파트,아파트,아파트,세종,세종시,"세종 세종시 한솔동 971 ,1045 첫마을 521동 3층 302호","331,000,000","331,000,000",낙찰,"331,000,000",100.0%,2025-08-14,2025_3Q,2
대전 4계 2025-1726,대지,나대지,나대지,세종,세종시,세종 세종시 다정동 728,"740,610,000","362,899,000",낙찰,"395,000,000",53.3%,2025-10-23,2025_4Q,1
대전 10계 2025-1788,숙박시설,숙박시설,숙박시설,세종,세종시,세종 세종시 조치원읍 정리 105-20,"674,330,000","472,031,000",낙찰,"477,000,000",70.7%,2025-10-16,2025_4Q,1
대전 4계 2025-1832,근린상가,근린상가,근린상가,세종,세종시,세종 세종시 대평동 699 판타지타워 5층 505호,"168,800,000","82,712,000",낙찰,"84,110,000",49.8%,2025-10-23,2025_4Q,1
대전 7계 2025-2156,아파트,아파트,아파트,세종,세종시,세종 세종시 고운동 2111 가락마을 19단지 1904동 7층 704호,"572,000,000","400,400,000",낙찰,"521,190,000",91.1%,2025-09-02,2025_3Q,2
대전 10계 2025-2279(2),전,전,전,세종,세종시,세종 세종시 연동면 응암리 120-2,"825,270,000","404,382,000",낙찰,"455,110,000",55.1%,2025-12-18,2025_4Q,0
대전 12계 2025-2439,아파트,아파트,아파트,세종,세종시,세종 세종시 아름동 1279 세종시푸르지오엘3블럭 806동 8층 801호,"476,000,000","476,000,000",낙찰,"480,000,000",100.8%,2025-11-04,2025_4Q,1
대전 4계 2025-2477,아파트,아파트,아파트,세종,세종시,세종 세종시 산울동 259 산울마을2단지 208동 3층 303호,"743,000,000","520,100,000",낙찰,"672,899,900",90.6%,2025-10-23,2025_4Q,1
대전 7계 2025-3686,아파트,아파트,아파트,세종,세종시,세종 세종시 고운동 1706 가락마을8단지 810동 13층 1302호,"416,000,000","291,200,000",낙찰,"394,951,000",94.9%,2025-12-23,2025_4Q,0
대전 5계 2025-500063,임야,임야,임야,세종,세종시,세종 세종시 장군면 하봉리 산4-84,"267,044,000","91,596,000",낙찰,"92,000,000",34.5%,2025-11-26,2025_4Q,1
대전 1계 2025-500070,아파트,아파트,아파트,세종,세종시,세종 세종시 어진동 520 한뜰마을4단지 403동 29층 2903호,"906,000,000","906,000,000",낙찰,"907,000,000",100.1%,2025-11-10,2025_4Q,1
대전 5계 2025-500322,아파트,아파트,아파트,세종,세종시,세종 세종시 나성동 764 세종갤러리밸류시티 7층 703호,"102,000,000","71,400,000",낙찰,"101,870,000",99.9%,2025-12-31,2025_4Q,0
대전 5계 2025-500506,아파트,아파트,아파트,세종,세종시,세종 세종시 조치원읍 침산리 89 욱일 110동 11층 1105호,"149,000,000","104,300,000",낙찰,"147,590,000",99.1%,2025-12-31,2025_4Q,0
대전 5계 2025-500575,임야,임야,임야,세종,세종시,세종 세종시 연기면 수산리 578-7,"113,520,000","38,938,000",낙찰,"51,000,000",44.9%,2025-11-26,2025_4Q,1
대전 12계 2025-500667,아파트,아파트,아파트,세종,세종시,세종 세종시 아름동 1297 범지기마을3단지 310동 26층 2602호,"545,000,000","381,500,000",낙찰,"518,100,000",95.1%,2025-11-04,2025_4Q,1
대전 4계 2025-500803,아파트,아파트,아파트,세종,세종시,"세종 세종시 반곡동 840 ,841 더스테이빌딩 5층 523호","157,000,000","109,900,000",낙찰,"138,000,000",87.9%,2025-07-10,2025_3Q,2
대전 5계 2025-500810,대지,나대지,나대지,세종,세종시,세종 세종시 전의면 원성리 113-1,"158,891,200","101,644,000",낙찰,"101,644,000",64.0%,2025-10-22,2025_4Q,1
대전 5계 2025-501196,전,전,전,세종,세종시,세종 세종시 연서면 봉암리 569-1,"520,380,000","254,986,000",낙찰,"321,063,000",61.7%,2025-11-26,2025_4Q,1
대전 5계 2025-501749,아파트,아파트,아파트,세종,세종시,세종 세종시 고운동 1706 가락마을 8단지 808동 2층 202호,"351,000,000","245,700,000",낙찰,"353,010,000",100.6%,2025-09-17,2025_3Q,2
대전 2계 2025-501769,아파트,아파트,아파트,세종,세종시,"세종 세종시 한솔동 974 ,984 첫마을 604동 6층 606호","352,000,000","246,400,000",낙찰,"321,760,000",91.4%,2025-08-18,2025_3Q,2
대전 8계 2025-501793,임야,임야,임야,세종,세종시,세종 세종시 전의면 읍내리 331-5,"2,311,900,000","555,086,000",낙찰,"561,100,000",24.3%,2025-12-04,2025_4Q,1
대전 12계 2025-501797,답,답,답,세종,세종시,세종 세종시 장군면 대교리 565-1,"372,960,000","182,750,000",낙찰,"213,560,000",57.3%,2025-12-09,2025_4Q,1
대전 7계 2025-501821,점포,근린상가,점포상가,세종,세종시,"세종 세종시 전의면 유천리 76-10 ,76-9 1동","1,933,752,500","663,276,000",낙찰,"713,200,000",36.9%,2025-12-23,2025_4Q,0
대전 11계 2025-501825,오피스텔,오피스텔,오피스텔(업무용),세종,세종시,세종 세종시 대평동 680 해피라움페스타 8층 에이809호,"143,000,000","70,070,000",낙찰,"70,070,000",49.0%,2025-12-11,2025_4Q,1
대전 2계 2025-501838,차량,기타토지,기타토지,세종,세종시,세종 세종시 연동면 응암리 925 (제3자임동철)내 보관,"13,000,000","6,370,000",낙찰,"9,600,000",73.8%,2025-08-18,2025_3Q,2
대전 5계 2025-501885,답,답,답,세종,세종시,세종 세종시 금남면 용담리 166-4,"523,432,000","366,402,000",낙찰,"366,600,000",70.0%,2025-11-26,2025_4Q,1
대전 8계 2025-501907,아파트,아파트,아파트,세종,세종시,세종 세종시 조치원읍 죽림리 159-2 신동아 201동 13층 1301호,"209,000,000","102,410,000",낙찰,"150,480,000",72.0%,2025-09-25,2025_3Q,1
대전 8계 2025-501925(6),근린상가,근린상가,근린상가,세종,세종시,세종 세종시 대평동 684 스타뷰타워 6층 601호,"339,000,000","81,393,000",낙찰,"83,560,000",24.6%,2025-12-04,2025_4Q,1
대전 8계 2025-501925(7),근린상가,근린상가,근린상가,세종,세종시,세종 세종시 대평동 684 스타뷰타워 6층 602호,"315,000,000","75,631,000",낙찰,"77,560,000",24.6%,2025-12-04,2025_4Q,1
대전 8계 2025-501925(8),근린상가,근린상가,근린상가,세종,세종시,세종 세종시 대평동 684 스타뷰타워 6층 603호,"315,000,000","75,631,000",낙찰,"77,560,000",24.6%,2025-12-04,2025_4Q,1
대전 8계 2025-501925(10),근린상가,근린상가,근린상가,세종,세종시,세종 세종시 대평동 684 스타뷰타워 6층 607호,"256,000,000","61,465,000",낙찰,"61,500,000",24.0%,2025-12-04,2025_4Q,1
대전 2계 2025-501930,차량,기타토지,기타토지,세종,세종시,세종 세종시 연동면 응암리 925 신성한울림주차장내 보관(제3자 임동철에게 보관),"9,000,000","4,410,000",낙찰,"5,260,000",58.4%,2025-07-14,2025_3Q,2
대전 8계 2025-501966,전,전,전,세종,세종시,세종 세종시 금남면 달전리 221-6,"440,672,920","440,672,920",낙찰,"460,300,000",104.5%,2025-09-25,2025_3Q,1
대전 5계 2025-501974,아파트,아파트,아파트,세종,세종시,세종 세종시 나성동 748 한스웰시티 8층 806호,"115,000,000","56,350,000",낙찰,"119,860,000",104.2%,2025-10-22,2025_4Q,1
대전 12계 2025-501984,아파트,아파트,아파트,세종,세종시,"세종 세종시 금남면 용포리 320 ,89-10,237-31,325-1,325-2,350-3,454-84,493-4 금남두진리버빌 101동 9층 916호","152,000,000","106,400,000",낙찰,"150,000,000",98.7%,2025-12-09,2025_4Q,1
대전 8계 2025-502012,아파트,아파트,아파트,세종,세종시,세종 세종시 조치원읍 죽림리 389 조치원죽림푸르지오 102동 5층 501호,"272,000,000","190,400,000",낙찰,"234,320,000",86.1%,2025-09-25,2025_3Q,1
대전 7계 2025-502038,아파트,아파트,아파트,세종,세종시,세종 세종시 새롬동 599 새뜸마을 2단지 205동 8층 803호,"464,000,000","464,000,000",낙찰,"469,000,000",101.1%,2025-07-29,2025_3Q,2
대전 5계 2025-502042,아파트,아파트,아파트,세종,세종시,세종 세종시 아름동 1363 범지기마을 11단지 1101동 2층 203호,"470,000,000","329,000,000",낙찰,"440,444,400",93.7%,2025-10-22,2025_4Q,1
대전 2계 2025-502071,중기,기타토지,기타토지,세종,세종시,세종 세종시 연동면 응암리 925 신성한울림주차장내 보관(제3자 임동철에게 보관),"65,000,000","31,850,000",낙찰,"35,100,000",54.0%,2025-07-14,2025_3Q,2
대전 2계 2025-502089,차량,기타토지,기타토지,세종,세종시,세종 세종시 연동면 응암리 925 신성한울림내 보관(제3자 임동철에게 보관),"6,500,000","4,550,000",낙찰,"4,622,000",71.1%,2025-07-14,2025_3Q,2
대전 7계 2025-502094,아파트,아파트,아파트,세종,세종시,세종 세종시 나성동 831 나릿재마을 4단지 405동 13층 1306호,"1,010,000,000","707,000,000",낙찰,"892,000,000",88.3%,2025-09-02,2025_3Q,2
대전 5계 2025-502138,아파트,아파트,아파트,세종,세종시,"세종 세종시 연동면 명학리 255 ,256,257,291,292,294,653-2 세종청정 101동 8층 801호","174,000,000","121,800,000",낙찰,"175,111,111",100.6%,2025-11-26,2025_4Q,1
대전 2계 2025-502191,중기,기타토지,기타토지,세종,세종시,세종 세종시 연동면 응암리 925 내 보관,"130,000,000","63,700,000",낙찰,"71,000,000",54.6%,2025-12-01,2025_4Q,1
대전 2계 2025-502211,차량,기타토지,기타토지,세종,세종시,세종 세종시 연동면 응암리 925 내 보관(제3자 임동철에게 보관),"38,000,000","26,600,000",낙찰,"27,150,000",71.4%,2025-07-14,2025_3Q,2
대전 2계 2025-502269,차량,기타토지,기타토지,세종,세종시,세종 세종시 연동면 응암리 925 신성한울림주차장내 보관(제3자 임동철에게 보관),"18,000,000","12,600,000",낙찰,"14,133,000",78.5%,2025-07-14,2025_3Q,2
대전 7계 2025-502326,아파트,아파트,아파트,세종,세종시,세종 세종시 어진동 603 한뜰마을2단지 207동 13층 1304호,"801,000,000","560,700,000",낙찰,"741,200,000",92.5%,2025-10-14,2025_4Q,1
대전 7계 2025-502384,아파트,아파트,아파트,세종,세종시,세종 세종시 도담동 845 도램마을1단지 104동 14층 1403호,"645,000,000","451,500,000",낙찰,"545,888,000",84.6%,2025-10-14,2025_4Q,1
대전 8계 2025-502398,아파트,아파트,아파트,세종,세종시,세종 세종시 조치원읍 신흥리 399 조치원신흥이편한세상 102동 4층 401호,"362,000,000","253,400,000",낙찰,"321,999,999",89.0%,2025-10-30,2025_4Q,1
대전 2계 2025-502399,차량,기타토지,기타토지,세종,세종시,세종 세종시 연동면 응암리 925 (제3자임동철)내 보관,"23,000,000","16,100,000",낙찰,"16,444,000",71.5%,2025-08-18,2025_3Q,2
대전 5계 2025-502413,아파트,아파트,아파트,세종,세종시,세종 세종시 조치원읍 죽림리 396 자이 103동 2층 204호,"290,000,000","203,000,000",낙찰,"246,990,000",85.2%,2025-11-26,2025_4Q,1
대전 8계 2025-502417,아파트,아파트,아파트,세종,세종시,세종 세종시 조치원읍 신안리 542 이편한세상세종 108동 5층 501호,"285,000,000","199,500,000",낙찰,"264,500,000",92.8%,2025-12-04,2025_4Q,1
대전 2계 2025-502418,차량,기타토지,기타토지,세종,세종시,세종 세종시 연동면 응암리 925 (제3자임동철)내 보관,"30,000,000","14,700,000",낙찰,"20,899,000",69.7%,2025-09-22,2025_3Q,1
대전 2계 2025-502470,차량,기타토지,기타토지,세종,세종시,세종 세종시 연동면 응암리 925 신성한울림주차장(제3자임동철)내 보관,"16,000,000","11,200,000",낙찰,"13,070,000",81.7%,2025-08-18,2025_3Q,2
대전 2계 2025-502510,차량,기타토지,기타토지,세종,세종시,세종 세종시 연동면 응암리 925 제3자 임동철에게 보관,"50,000,000","24,500,000",낙찰,"26,075,000",52.1%,2025-10-27,2025_4Q,1
대전 2계 2025-502582,차량,기타토지,기타토지,세종,세종시,세종 세종시 연동면 응암리 925 제3자 임동철에게 보관,"28,000,000","13,720,000",낙찰,"17,777,777",63.5%,2025-10-27,2025_4Q,1
대전 2계 2025-502734,차량,기타토지,기타토지,세종,세종시,세종 세종시 연동면 응암리 925 내 보관(제3자 임동철 보관),"26,500,000","18,550,000",낙찰,"25,388,000",95.8%,2025-10-27,2025_4Q,1
대전 7계 2025-502921,아파트,아파트,아파트,세종,세종시,세종 세종시 아름동 1363 범지기마을11단지 1101동 22층 2203호,"546,000,000","382,200,000",낙찰,"477,800,000",87.5%,2025-12-23,2025_4Q,0
대전 2계 2025-503004,차량,기타토지,기타토지,세종,세종시,"세종 세종시 연동면 응암리 925 (044-868-9190,제3자임동철)내 보관","55,000,000","38,500,000",낙찰,"42,375,000",77.0%,2025-12-01,2025_4Q,1
대전 2계 2025-503069,차량,기타토지,기타토지,세종,세종시,세종 세종시 연동면 응암리 925 (제3자임동철)내 보관,"34,000,000","23,800,000",낙찰,"29,488,000",86.7%,2025-12-01,2025_4Q,1
대전 1계 2022-7723(1),근린상가,근린상가,근린상가,세종,세종시,"세종 세종시 장군면 대교리 231-4 ,228-101 주건축물 1동","2,637,918,200","633,363,000",낙찰,"1,100,000,000",41.7%,2026-02-23,2026_1Q,0
대전 8계 2022-109087,아파트,아파트,아파트,세종,세종시,세종 세종시 새롬동 554 새뜸마을4단지 403동 20층 2001호,"864,000,000","604,800,000",낙찰,"708,232,000",82.0%,2026-02-26,2026_1Q,0
대전 10계 2023-4523,임야,임야,임야,세종,세종시,세종 세종시 장군면 금암리 318-1,"1,553,578,000","532,877,000",낙찰,"800,000,000",51.5%,2026-03-05,2026_1Q,0
대전 11계 2023-4646,아파트,아파트,아파트,세종,세종시,세종 세종시 보람동 779 호려울마을6단지 611동 5층 501호,"825,000,000","577,500,000",낙찰,"693,400,000",84.0%,2026-02-19,2026_1Q,0
대전 12계 2023-4752,답,답,답,세종,세종시,세종 세종시 연동면 문주리 967-2,"280,921,800","137,651,000",낙찰,"162,000,000",57.7%,2026-02-03,2026_1Q,0
대전 2계 2024-3893,임야,임야,임야,세종,세종시,세종 세종시 금남면 영곡리 106-21,"2,014,240,886","338,533,000",낙찰,"361,110,000",17.9%,2026-02-05,2026_1Q,0
대전 9계 2024-4308,공장,공장(지식산업센터 업무시설),공장,세종,세종시,세종 세종시 부강면 갈산리 388,"5,154,869,780","2,525,885,000",낙찰,"2,778,000,000",53.9%,2026-02-24,2026_1Q,0
대전 6계 2024-8140(3),전,전,전,세종,세종시,세종 세종시 전동면 송정리 348-3,"112,404,000","26,987,000",낙찰,"33,140,000",29.5%,2026-02-10,2026_1Q,0
대전 1계 2024-8744,아파트상가,아파트상가,기타토지,세종,세종시,세종 세종시 나성동 835 나릿재마을1단지 2층 에이215호,"603,000,000","206,829,000",낙찰,"233,511,000",38.7%,2026-02-23,2026_1Q,0
대전 4계 2024-8843(1),답,답,답,세종,세종시,세종 세종시 조치원읍 봉산리 109-10,"275,900,000","135,191,000",낙찰,"155,000,000",56.2%,2026-02-12,2026_1Q,0
대전 11계 2024-9365,근린상가,근린상가,근린상가,세종,세종시,세종 세종시 나성동 811 더센트럴 1층 176호,"640,000,000","153,664,000",낙찰,"153,789,000",24.0%,2026-01-13,2026_1Q,0
대전 9계 2024-9426(2),근린상가,근린상가,근린상가,세종,세종시,세종 세종시 종촌동 673 몰리브 6층 606호,"377,000,000","90,518,000",낙찰,"115,500,000",30.6%,2026-02-24,2026_1Q,0
대전 3계 2024-9570,근린상가,근린상가,근린상가,세종,세종시,세종 세종시 도담동 673 다옴프라자 1층 114호,"665,000,000","325,850,000",낙찰,"480,000,000",72.2%,2026-01-28,2026_1Q,0
대전 3계 2024-10808,답,답,답,세종,세종시,세종 세종시 전의면 원성리 258-2,"116,622,000","28,001,000",낙찰,"31,160,000",26.7%,2026-01-28,2026_1Q,0
대전 3계 2024-11023(1),근린상가,근린상가,근린상가,세종,세종시,세종 세종시 보람동 711 금강베네치아 4층 401호,"477,000,000","163,611,000",낙찰,"228,000,000",47.8%,2026-03-04,2026_1Q,0
대전 3계 2024-11023(2),근린상가,근린상가,근린상가,세종,세종시,세종 세종시 보람동 711 금강베네치아 4층 402호,"485,000,000","166,355,000",낙찰,"233,000,000",48.0%,2026-03-04,2026_1Q,0
대전 1계 2024-11283,임야,임야,임야,세종,세종시,세종 세종시 장군면 봉안리 39-9,"1,537,000,000","1,075,900,000",낙찰,"1,081,000,000",70.3%,2026-01-19,2026_1Q,0
대전 4계 2024-11320,아파트,아파트,아파트,세종,세종시,세종 세종시 나성동 748 한스웰시티 7층 715호,"123,000,000","14,470,000",낙찰,"14,470,000",11.8%,2026-01-15,2026_1Q,0
대전 3계 2024-11382(1),임야,임야,임야,세종,세종시,세종 세종시 장군면 봉안리 산40-11,"290,394,000","99,605,000",낙찰,"102,000,000",35.1%,2026-03-04,2026_1Q,0
대전 7계 2024-11610(2),사무실,사무실,사무실,세종,세종시,세종 세종시 아름동 1327 마드리드알 6층 612호,"828,000,000","198,802,000",낙찰,"201,880,000",24.4%,2026-03-03,2026_1Q,0
대전 3계 2024-11849,아파트,아파트,아파트,세종,세종시,세종 세종시 나성동 730 SR파크시티 4층 456호,"118,000,000","28,332,000",낙찰,"102,165,000",86.6%,2026-01-28,2026_1Q,0
대전 8계 2024-103212,다세대,다세대주택,다세대,세종,세종시,세종 세종시 나성동 727 에스알파크센텀 7층 715호,"117,000,000","9,634,000",낙찰,"114,800,000",98.1%,2026-02-26,2026_1Q,0
대전 11계 2024-103588(1),임야,임야,임야,세종,세종시,세종 세종시 금남면 원봉리 99-4,"398,231,000","95,614,000",낙찰,"106,000,000",26.6%,2026-02-19,2026_1Q,0
대전 11계 2024-103588(2),임야,임야,임야,세종,세종시,세종 세종시 금남면 원봉리 99-29,"537,937,560","129,158,000",낙찰,"140,000,000",26.0%,2026-02-19,2026_1Q,0
대전 11계 2024-103588(3),임야,임야,임야,세종,세종시,세종 세종시 금남면 원봉리 99-33,"376,556,300","90,411,000",낙찰,"101,000,000",26.8%,2026-02-19,2026_1Q,0
대전 9계 2024-105577,근린상가,근린상가,근린상가,세종,세종시,"세종 세종시 장군면 봉안리 38 ,38-2,38-3,38-4,39-4,39-6,39-7,39-8 2동 2층 203호","1,010,000,000","169,750,000",낙찰,"500,000,000",49.5%,2026-02-24,2026_1Q,0
대전 6계 2024-106198,단독주택,단독,단독주택,세종,세종시,세종 세종시 연서면 신대리 484-3,"1,861,221,151","911,997,000",낙찰,"1,270,000,000",68.2%,2026-01-06,2026_1Q,0
대전 12계 2024-107870,아파트,아파트,아파트,세종,세종시,세종 세종시 소담동 586 새샘마을6단지 611동 8층 803호,"440,000,000","440,000,000",낙찰,"441,111,112",100.3%,2026-02-03,2026_1Q,0
대전 5계 2024-110470(1),전,전,전,세종,세종시,세종 세종시 연서면 월하리 612-16,"6,664,475,990","4,665,133,000",낙찰,"4,670,000,000",70.1%,2026-03-11,2026_1Q,0
대전 10계 2024-111367,아파트,아파트,아파트,세종,세종시,세종 세종시 다정동 953 가온마을2단지 218동 1층 101호,"987,000,000","690,900,000",낙찰,"731,999,900",74.2%,2026-03-05,2026_1Q,0
대전 6계 2024-114007,다세대,다세대주택,다세대,세종,세종시,세종 세종시 나성동 738 세종포레뷰원주건축물 1동 3층 306호,"162,000,000","113,400,000",낙찰,"131,475,000",81.2%,2026-01-06,2026_1Q,0
대전 7계 2024-114021,아파트,아파트,아파트,세종,세종시,세종 세종시 나성동 715 우빈가온 7층 706호,"100,000,000","49,000,000",낙찰,"87,900,000",87.9%,2026-01-27,2026_1Q,0
대전 10계 2024-114540,아파트,아파트,아파트,세종,세종시,세종 세종시 나성동 715 우빈가온 7층 715호,"100,000,000","70,000,000",낙찰,"93,550,000",93.5%,2026-01-29,2026_1Q,0
대전 10계 2024-116348,오피스텔,오피스텔,오피스텔(업무용),세종,세종시,세종 세종시 나성동 713 세진이너스빌 1동 8층 821호,"130,000,000","15,294,000",낙찰,"124,355,000",95.7%,2026-01-29,2026_1Q,0
대전 1계 2024-117464,아파트상가,아파트상가,기타토지,세종,세종시,세종 세종시 반곡동 851 수루배마을1단지 상가A동 1층 에이104호,"593,000,000","142,379,000",낙찰,"163,889,000",27.6%,2026-01-19,2026_1Q,0
대전 5계 2024-118887,아파트,아파트,아파트,세종,세종시,"세종 세종시 한솔동 974 ,984 첫마을 610동 22층 2201호","257,000,000","179,900,000",낙찰,"202,550,000",78.8%,2026-03-11,2026_1Q,0
대전 9계 2024-121081(8),오피스텔(상가),오피스텔,오피스텔(업무용),세종,세종시,세종 세종시 나성동 821 세종가로수길 6층 비611호,"106,000,000","25,451,000",낙찰,"31,100,000",29.3%,2026-02-24,2026_1Q,0
대전 12계 2024-121500(3),답,답,답,세종,세종시,세종 세종시 조치원읍 신안리 79-8,"494,000,000","242,060,000",낙찰,"310,110,000",62.8%,2026-02-03,2026_1Q,0
대전 12계 2024-121500(4),전,전,전,세종,세종시,세종 세종시 금남면 도남리 11-2,"1,443,644,000","495,169,000",낙찰,"571,000,000",39.6%,2026-03-10,2026_1Q,0
대전 12계 2024-121500(5),전,전,전,세종,세종시,세종 세종시 금남면 도남리 84,"776,353,000","266,288,000",낙찰,"275,100,000",35.4%,2026-03-10,2026_1Q,0
대전 6계 2024-121944,다세대,다세대주택,다세대,세종,세종시,세종 세종시 나성동 759 블루지움 3층 310호,"107,000,000","74,900,000",낙찰,"85,090,000",79.5%,2026-02-10,2026_1Q,0
대전 6계 2024-122060,다세대,다세대주택,다세대,세종,세종시,세종 세종시 소담동 576 펠리체타워2 7층 710호,"132,000,000","92,400,000",낙찰,"94,990,000",72.0%,2026-02-10,2026_1Q,0
대전 4계 2024-122527,아파트,아파트,아파트,세종,세종시,세종 세종시 나성동 748 한스웰시티 8층 802호,"121,000,000","84,700,000",낙찰,"119,860,000",99.1%,2026-01-15,2026_1Q,0
대전 1계 2024-122909,오피스텔(주거),오피스텔,오피스텔(업무용),세종,세종시,세종 세종시 나성동 713 세진이너스빌 주1동 6층 606호,"130,000,000","44,590,000",낙찰,"122,240,000",94.0%,2026-01-19,2026_1Q,0
대전 6계 2024-123377(3),다세대,다세대주택,다세대,세종,세종시,"세종 세종시 해밀동 701 메종블룸 B동 지1, 1, 2, 3층 103호","1,480,000,000","725,200,000",낙찰,"810,000,000",54.7%,2026-02-10,2026_1Q,0
대전 12계 2024-124561,전,전,전,세종,세종시,세종 세종시 부강면 갈산리 251-1,"753,071,000","258,302,000",낙찰,"350,000,000",46.5%,2026-02-03,2026_1Q,0
대전 8계 2024-124707,아파트,아파트,아파트,세종,세종시,세종 세종시 나성동 730 에스알파크시티 5층 549호,"115,000,000","39,445,000",낙찰,"107,645,000",93.6%,2026-01-22,2026_1Q,0
대전 4계 2024-124837(1),전,전,전,세종,세종시,세종 세종시 장군면 은용리 316,"84,836,980","20,369,000",낙찰,"27,000,000",31.8%,2026-01-15,2026_1Q,0
대전 5계 2024-125618,대지,나대지,나대지,세종,세종시,세종 세종시 전동면 송성리 550-1,"119,140,000","79,212,000",낙찰,"83,000,000",69.7%,2026-02-04,2026_1Q,0
대전 3계 2025-37,근린상가,근린상가,근린상가,세종,세종시,세종 세종시 보람동 710 금강르네상스 3층 303호,"332,000,000","79,713,000",낙찰,"114,500,000",34.5%,2026-01-28,2026_1Q,0
대전 6계 2025-303,아파트,아파트,아파트,세종,세종시,세종 세종시 종촌동 644 가재마을6단지 601동 8층 803호,"368,000,000","257,600,000",낙찰,"322,000,000",87.5%,2026-01-06,2026_1Q,0
대전 11계 2025-556(1),근린상가,근린상가,근린상가,세종,세종시,세종 세종시 도담동 677 해피라움6 6층 601호,"395,000,000","94,840,000",낙찰,"110,140,000",27.9%,2026-02-19,2026_1Q,0
대전 11계 2025-556(2),근린상가,근린상가,근린상가,세종,세종시,세종 세종시 도담동 677 해피라움6 6층 602호,"325,000,000","111,475,000",낙찰,"111,500,000",34.3%,2026-01-13,2026_1Q,0
대전 7계 2025-938,전,전,전,세종,세종시,세종 세종시 전의면 양곡리 189-1,"188,400,000","22,164,000",낙찰,"33,333,000",17.7%,2026-01-27,2026_1Q,0
대전 1계 2025-976,근린상가,근린상가,근린상가,세종,세종시,세종 세종시 보람동 744 스타힐타워2 1층 108호,"518,000,000","253,820,000",낙찰,"262,240,220",50.6%,2026-02-23,2026_1Q,0
대전 12계 2025-2293,근린상가,근린상가,근린상가,세종,세종시,세종 세종시 나성동 767 갤러리세종프라자 7층 709호,"121,000,000","59,290,000",낙찰,"93,000,000",76.9%,2026-02-03,2026_1Q,0
대전 1계 2025-2552,아파트,아파트,아파트,세종,세종시,세종 세종시 아름동 1363 범지기마을11단지 1101동 17층 1701호,"452,000,000","452,000,000",낙찰,"472,280,000",104.5%,2026-01-19,2026_1Q,0
대전 11계 2025-2897,근린상가,근린상가,근린상가,세종,세종시,세종 세종시 고운동 2094 세종중앙타워 1층 112호,"710,000,000","243,530,000",낙찰,"261,060,000",36.8%,2026-01-13,2026_1Q,0
대전 8계 2025-2996,임야,임야,임야,세종,세종시,세종 세종시 장군면 송문리 429-11,"860,222,000","295,055,000",낙찰,"295,055,000",34.3%,2026-01-22,2026_1Q,0
대전 8계 2025-3589,과수원,과수원,과수원,세종,세종시,세종 세종시 연서면 월하리 954-25,"2,082,504,000","714,263,000",낙찰,"771,800,000",37.1%,2026-02-26,2026_1Q,0
대전 7계 2025-3590,임야,임야,임야,세종,세종시,세종 세종시 금남면 용포리 14-2,"157,728,000","77,286,000",낙찰,"99,900,000",63.3%,2026-01-27,2026_1Q,0
대전 5계 2025-3603,아파트,아파트,아파트,세종,세종시,세종 세종시 해밀동 649 해밀마을1단지 117동 14층 1403호,"996,000,000","697,200,000",낙찰,"856,823,000",86.0%,2026-03-11,2026_1Q,0
대전 10계 2025-3608,단독주택,단독,단독주택,세종,세종시,세종 세종시 부강면 문곡리 406,"1,676,192,000","821,333,000",낙찰,"835,500,000",49.8%,2026-03-05,2026_1Q,0
대전 8계 2025-3640,아파트,아파트,아파트,세종,세종시,세종 세종시 소담동 550 새샘마을3단지 314동 11층 1101호,"800,000,000","560,000,000",낙찰,"756,291,000",94.5%,2026-01-22,2026_1Q,0
대전 10계 2025-3656,아파트,아파트,아파트,세종,세종시,세종 세종시 다정동 953 가온마을2단지 218동 20층 2001호,"726,000,000","508,200,000",낙찰,"678,990,000",93.5%,2026-03-05,2026_1Q,0
대전 3계 2025-3673,답,답,답,세종,세종시,세종 세종시 부강면 부강리 307,"572,400,000","280,476,000",낙찰,"323,000,000",56.4%,2026-03-04,2026_1Q,0
대전 7계 2025-3701,아파트,아파트,아파트,세종,세종시,세종 세종시 연서면 봉암리 622 대원네스트빌 101동 9층 904호,"206,000,000","144,200,000",낙찰,"206,199,999",100.1%,2026-01-27,2026_1Q,0
대전 9계 2025-500612,단독주택,단독,단독주택,세종,세종시,세종 세종시 금남면 축산리 400-2,"565,266,500","276,980,000",낙찰,"380,000,000",67.2%,2026-01-12,2026_1Q,0
대전 3계 2025-500742(2),전,전,전,세종,세종시,세종 세종시 전의면 노곡리 21,"149,864,000","73,434,000",낙찰,"73,441,000",49.0%,2026-03-04,2026_1Q,0
대전 7계 2025-501714,아파트,아파트,아파트,세종,세종시,세종 세종시 나성동 759 블루지움 6층 604호,"108,000,000","25,930,000",낙찰,"108,410,000",100.4%,2026-01-27,2026_1Q,0
대전 12계 2025-501784,과수원,과수원,과수원,세종,세종시,세종 세종시 연서면 월하리 876-2,"1,471,360,000","501,356,000",낙찰,"550,110,000",37.4%,2026-03-10,2026_1Q,0
대전 10계 2025-501794,답,답,답,세종,세종시,세종 세종시 전의면 유천리 75-4,"2,757,675,000","662,117,000",낙찰,"665,228,000",24.1%,2026-03-05,2026_1Q,0
대전 5계 2025-501871,임야,임야,임야,세종,세종시,세종 세종시 전동면 청람리 산43,"219,307,200","36,859,000",낙찰,"42,000,000",19.2%,2026-02-04,2026_1Q,0
대전 7계 2025-501906(2),근린상가,근린상가,근린상가,세종,세종시,"세종 세종시 반곡동 862 ,863 왕관빌딩 2층 213호","606,000,000","207,858,000",낙찰,"208,100,000",34.3%,2026-01-27,2026_1Q,0
대전 8계 2025-501925(1),근린상가,근린상가,근린상가,세종,세종시,세종 세종시 대평동 684 스타뷰타워 5층 509호,"390,000,000","65,547,000",낙찰,"81,910,000",21.0%,2026-01-22,2026_1Q,0
대전 8계 2025-501925(2),근린상가,근린상가,근린상가,세종,세종시,세종 세종시 대평동 684 스타뷰타워 5층 510호,"324,000,000","54,454,000",낙찰,"68,050,000",21.0%,2026-01-22,2026_1Q,0
대전 8계 2025-501925(3),근린상가,근린상가,근린상가,세종,세종시,세종 세종시 대평동 684 스타뷰타워 5층 511호,"324,000,000","54,454,000",낙찰,"68,050,000",21.0%,2026-01-22,2026_1Q,0
대전 8계 2025-501925(4),근린상가,근린상가,근린상가,세종,세종시,세종 세종시 대평동 684 스타뷰타워 5층 512호,"303,000,000","50,925,000",낙찰,"63,640,000",21.0%,2026-01-22,2026_1Q,0
대전 8계 2025-501925(5),근린상가,근린상가,근린상가,세종,세종시,세종 세종시 대평동 684 스타뷰타워 5층 513호,"324,000,000","54,454,000",낙찰,"68,050,000",21.0%,2026-01-22,2026_1Q,0
대전 8계 2025-501925(9),근린상가,근린상가,근린상가,세종,세종시,세종 세종시 대평동 684 스타뷰타워 6층 605호,"324,000,000","54,454,000",낙찰,"78,696,900",24.3%,2026-01-22,2026_1Q,0
대전 8계 2025-501925(11),근린상가,근린상가,근린상가,세종,세종시,세종 세종시 대평동 684 스타뷰타워 6층 609호,"365,000,000","61,345,000",낙찰,"94,900,000",26.0%,2026-01-22,2026_1Q,0
대전 8계 2025-501925(12),근린상가,근린상가,근린상가,세종,세종시,세종 세종시 대평동 684 스타뷰타워 6층 610호,"306,000,000","51,429,000",낙찰,"79,560,000",26.0%,2026-01-22,2026_1Q,0
대전 8계 2025-501925(13),근린상가,근린상가,근린상가,세종,세종시,세종 세종시 대평동 684 스타뷰타워 6층 611호,"306,000,000","51,429,000",낙찰,"79,560,000",26.0%,2026-01-22,2026_1Q,0
대전 8계 2025-501925(14),근린상가,근린상가,근린상가,세종,세종시,세종 세종시 대평동 684 스타뷰타워 6층 612호,"306,000,000","51,429,000",낙찰,"78,100,000",25.5%,2026-01-22,2026_1Q,0
대전 8계 2025-501925(15),근린상가,근린상가,근린상가,세종,세종시,세종 세종시 대평동 684 스타뷰타워 6층 613호,"306,000,000","51,429,000",낙찰,"78,100,000",25.5%,2026-01-22,2026_1Q,0
대전 6계 2025-501936,아파트,아파트,아파트,세종,세종시,세종 세종시 고운동 1387 가락마을22단지 2206동 15층 1502호,"475,000,000","332,500,000",낙찰,"411,736,200",86.7%,2026-02-10,2026_1Q,0
대전 5계 2025-502009,근린상가,근린상가,근린상가,세종,세종시,세종 세종시 보람동 708 세종드림빌딩 2층 202호,"542,000,000","185,906,000",낙찰,"270,000,000",49.8%,2026-02-04,2026_1Q,0
대전 9계 2025-502015,아파트,아파트,아파트,세종,세종시,세종 세종시 조치원읍 죽림리 396 자이 106동 10층 1004호,"281,000,000","196,700,000",낙찰,"262,199,000",93.3%,2026-01-12,2026_1Q,0
대전 8계 2025-502048,임야,임야,임야,세종,세종시,세종 세종시 장군면 평기리 산32-26,"69,031,000","16,573,000",낙찰,"17,777,700",25.8%,2026-01-22,2026_1Q,0
대전 8계 2025-502093,오피스텔(주거),오피스텔,오피스텔(업무용),세종,세종시,세종 세종시 어진동 648 2차푸르지오시티 8층 867호,"86,000,000","20,648,000",낙찰,"20,648,000",24.0%,2026-01-22,2026_1Q,0
대전 4계 2025-502099,다세대,다세대주택,다세대,세종,세종시,세종 세종시 나성동 739 세진팰리스 8층 831호,"127,000,000","30,493,000",낙찰,"106,355,000",83.7%,2026-01-15,2026_1Q,0
대전 8계 2025-502113,임야,임야,임야,세종,세종시,세종 세종시 장군면 평기리 산42-62,"355,790,000","77,063,000",낙찰,"82,110,000",23.1%,2026-01-22,2026_1Q,0
대전 8계 2025-502128,아파트,아파트,아파트,세종,세종시,세종 세종시 나성동 730 에스알파크시티 8층 823호,"115,000,000","80,500,000",낙찰,"114,425,000",99.5%,2026-01-22,2026_1Q,0
대전 6계 2025-502139,아파트,아파트,아파트,세종,세종시,"세종 세종시 한솔동 940 ,946 첫마을 202동 5층 502호","467,000,000","467,000,000",낙찰,"467,100,000",100.0%,2026-02-10,2026_1Q,0
대전 5계 2025-502152,아파트상가,아파트상가,기타토지,세종,세종시,세종 세종시 고운동 2112 가락마을18단지 상가4동 1층 118호,"660,000,000","158,466,000",낙찰,"190,099,900",28.8%,2026-02-04,2026_1Q,0
대전 4계 2025-502172,아파트,아파트,아파트,세종,세종시,세종 세종시 장군면 금암리 259-1 영조정보마을 201동 2층 205호,"34,000,000","23,800,000",낙찰,"25,500,000",75.0%,2026-02-12,2026_1Q,0
대전 9계 2025-502228,아파트,아파트,아파트,세종,세종시,세종 세종시 어진동 613 한뜰마을3단지 309동 5층 501호,"723,000,000","506,100,000",낙찰,"601,100,000",83.1%,2026-02-24,2026_1Q,0
대전 8계 2025-502256(2),근린상가,근린상가,근린상가,세종,세종시,세종 세종시 도담동 675 새한빌딩 1동 6층 602호,"305,000,000","104,615,000",낙찰,"128,330,000",42.1%,2026-02-26,2026_1Q,0
대전 8계 2025-502256(3),근린상가,근린상가,근린상가,세종,세종시,세종 세종시 도담동 675 새한빌딩 1동 6층 603호,"297,000,000","101,871,000",낙찰,"118,330,000",39.8%,2026-02-26,2026_1Q,0
대전 8계 2025-502256(4),근린상가,근린상가,근린상가,세종,세종시,세종 세종시 도담동 675 새한빌딩 1동 6층 604호,"326,000,000","111,818,000",낙찰,"114,010,000",35.0%,2026-02-26,2026_1Q,0
대전 9계 2025-502267,아파트,아파트,아파트,세종,세종시,세종 세종시 새롬동 558 새뜸마을 10단지 1009동 27층 2703호,"623,000,000","623,000,000",낙찰,"642,550,000",103.1%,2026-02-24,2026_1Q,0
대전 5계 2025-502328,전,전,전,세종,세종시,세종 세종시 장군면 송학리 355-1,"525,818,000","126,249,000",낙찰,"155,100,000",29.5%,2026-03-11,2026_1Q,0
대전 3계 2025-502476,아파트,아파트,아파트,세종,세종시,세종 세종시 종촌동 683 가재마을2단지 205동 11층 1103호,"395,000,000","276,500,000",낙찰,"375,147,200",95.0%,2026-01-28,2026_1Q,0
대전 5계 2025-502594,아파트,아파트,아파트,세종,세종시,세종 세종시 조치원읍 신안리 542 이편한세상세종 106동 10층 1005호,"361,000,000","252,700,000",낙찰,"282,727,270",78.3%,2026-02-04,2026_1Q,0
대전 7계 2025-502639,임야,임야,임야,세종,세종시,세종 세종시 연기면 눌왕리 산98-5,"629,145,000","308,280,000",낙찰,"355,110,000",56.4%,2026-01-27,2026_1Q,0
대전 5계 2025-502719(1),오피스텔(주거),오피스텔,오피스텔(업무용),세종,세종시,"세종 세종시 도담동 660 ,661,662 세종한신휴시티 4층 421호","135,000,000","94,500,000",낙찰,"98,300,000",72.8%,2026-02-04,2026_1Q,0
대전 5계 2025-502719(2),오피스텔(주거),오피스텔,오피스텔(업무용),세종,세종시,"세종 세종시 도담동 660 ,661,662 세종한신휴시티 4층 422호","130,000,000","91,000,000",낙찰,"98,765,000",76.0%,2026-02-04,2026_1Q,0
대전 3계 2025-502801,아파트,아파트,아파트,세종,세종시,세종 세종시 한솔동 1226 첫마을 404동 4층 402호,"467,000,000","326,900,000",낙찰,"412,970,000",88.4%,2026-01-28,2026_1Q,0
대전 5계 2025-502826,아파트,아파트,아파트,세종,세종시,세종 세종시 고운동 1724 가락마을7단지 705동 21층 2102호,"534,000,000","373,800,000",낙찰,"459,999,999",86.1%,2026-02-04,2026_1Q,0
대전 8계 2025-502848,아파트,아파트,아파트,세종,세종시,세종 세종시 나성동 739 세진팰리스 6층 629호,"124,000,000","124,000,000",낙찰,"125,000,000",100.8%,2026-01-22,2026_1Q,0
대전 10계 2025-502869,오피스텔(주거),오피스텔,오피스텔(업무용),세종,세종시,세종 세종시 어진동 648 2차푸르지오시티 15층 1562호,"90,000,000","63,000,000",낙찰,"90,000,000",100.0%,2026-01-29,2026_1Q,0
대전 8계 2025-502882,아파트,아파트,아파트,세종,세종시,세종 세종시 조치원읍 죽림리 396 자이 121동 3층 302호,"260,000,000","182,000,000",낙찰,"242,110,000",93.1%,2026-01-22,2026_1Q,0
대전 5계 2025-502890,아파트,아파트,아파트,세종,세종시,세종 세종시 조치원읍 죽림리 396 자이 111동 13층 1306호,"300,000,000","210,000,000",낙찰,"264,720,000",88.2%,2026-03-11,2026_1Q,0
대전 2계 2025-502949,중기,기타토지,기타토지,세종,세종시,세종 세종시 연동면 응암리 925 신성한울림주차장(제3자임동철)내 보관,"35,000,000","17,150,000",낙찰,"17,200,000",49.1%,2026-01-05,2026_1Q,0
대전 10계 2025-502970,아파트,아파트,아파트,세종,세종시,세종 세종시 집현동 1189 새나루마을3단지 304동 6층 602호,"609,000,000","426,300,000",낙찰,"542,010,000",89.0%,2026-03-05,2026_1Q,0
대전 8계 2025-503047,아파트,아파트,아파트,세종,세종시,세종 세종시 나성동 715 우빈가온 4층 410호,"108,000,000","108,000,000",낙찰,"108,000,000",100.0%,2026-01-22,2026_1Q,0
대전 10계 2025-503067,아파트,아파트,아파트,세종,세종시,세종 세종시 고운동 1408 가락마을9단지 901동 5층 501호,"435,000,000","304,500,000",낙찰,"400,400,000",92.0%,2026-03-05,2026_1Q,0
대전 8계 2025-503119,아파트,아파트,아파트,세종,세종시,세종 세종시 조치원읍 죽림리 158 신동아 102동 17층 1705호,"203,000,000","142,100,000",낙찰,"156,000,000",76.8%,2026-02-26,2026_1Q,0
대전 7계 2025-503137,아파트,아파트,아파트,세종,세종시,세종 세종시 조치원읍 신흥리 399 조치원신흥이편한세상 101동 13층 1304호,"627,000,000","438,900,000",낙찰,"471,890,000",75.3%,2026-03-03,2026_1Q,0
대전 3계 2025-503161,아파트,아파트,아파트,세종,세종시,세종 세종시 해밀동 635 해밀마을2단지 220동 4층 401호,"827,000,000","578,900,000",낙찰,"780,000,000",94.3%,2026-03-04,2026_1Q,0
대전 3계 2025-503206,아파트,아파트,아파트,세종,세종시,세종 세종시 조치원읍 침산리 89 욱일 102동 7층 702호,"308,000,000","215,600,000",낙찰,"270,700,000",87.9%,2026-01-28,2026_1Q,0
대전 2계 2025-503214,차량,기타토지,기타토지,세종,세종시,세종 세종시 연동면 응암리 925 신성한울림(044-868-9190)내 보관(제3자 임동철에게 보관),"21,000,000","14,700,000",낙찰,"16,179,000",77.0%,2026-02-05,2026_1Q,0
대전 3계 2025-503245,아파트,아파트,아파트,세종,세종시,세종 세종시 종촌동 656 가재마을10단지 제일풍경채에듀파크 1008동 1층 101호,"658,000,000","460,600,000",낙찰,"576,020,000",87.5%,2026-01-28,2026_1Q,0
대전 3계 2025-503279,아파트,아파트,아파트,세종,세종시,세종 세종시 고운동 1705 가락마을5단지 502동 3층 304호,"337,000,000","235,900,000",낙찰,"320,900,000",95.2%,2026-01-28,2026_1Q,0
대전 8계 2025-503395,아파트,아파트,아파트,세종,세종시,세종 세종시 나성동 738 세종포레뷰원 주건축물 1동 3층 307호,"132,000,000","92,400,000",낙찰,"92,400,000",70.0%,2026-02-26,2026_1Q,0
대전 2계 2025-503427,차량,기타토지,기타토지,세종,세종시,세종 세종시 연동면 응암리 925 신성한울림(044-868-9190)내 보관(제3자 임동철),"52,500,000","36,750,000",낙찰,"39,590,000",75.4%,2026-03-16,2026_1Q,0
대전 7계 2025-503433,아파트,아파트,아파트,세종,세종시,"세종 세종시 도담동 666 ,667 라온프라이빗시티2 1동 6층 639호","94,000,000","94,000,000",낙찰,"94,000,000",100.0%,2026-01-27,2026_1Q,0
대전 2계 2025-503442,차량,기타토지,기타토지,세종,세종시,세종 세종시 연동면 응암리 925 신성한울림(044-868-9190)내 보관(제3자 임동철),"22,000,000","22,000,000",낙찰,"23,390,000",106.3%,2026-03-16,2026_1Q,0
대전 2계 2025-503596,차량,기타토지,기타토지,세종,세종시,세종 세종시 연동면 응암리 925 신성한울림(044-868-9190)내 보관(제3자 임동철),"28,000,000","19,600,000",낙찰,"21,590,000",77.1%,2026-03-16,2026_1Q,0
대전 7계 2018-17877,공장,공장(지식산업센터 업무시설),공장,세종,세종시,세종 세종시 전의면 읍내리 7-1,"2,543,484,640","1,246,307,000",낙찰,"1,385,926,290",54.5%,2021-05-11,2021_2Q,3
대전 1계 2019-8009,단독주택,단독,단독주택,세종,세종시,세종 세종시 금남면 달전리 119-1 주1동,"127,110,260","43,599,000",낙찰,"72,490,000",57.0%,2021-06-07,2021_2Q,3
대전 5계 2019-8375(1),근린상가,근린상가,근린상가,세종,세종시,세종 세종시 보람동 700-76 위너스타워 7층 701호,"722,000,000","353,780,000",낙찰,"512,700,000",71.0%,2021-06-16,2021_2Q,3
대전 8계 2019-11500,근린상가,근린상가,근린상가,세종,세종시,세종 세종시 종촌동 673 몰리브 3층 301-2호,"600,000,000","205,800,000",낙찰,"206,810,000",34.5%,2021-04-05,2021_2Q,3
대전 5계 2019-16710,근린상가,근린상가,근린상가,세종,세종시,세종 세종시 고운동 2088 삼성프라자 2층 204호,"590,000,000","202,370,000",낙찰,"272,300,000",46.2%,2021-04-07,2021_2Q,3
대전 5계 2019-16796,임야,임야,임야,세종,세종시,세종 세종시 장군면 송문리 387-5,"1,029,078,690","504,249,000",낙찰,"762,220,000",74.1%,2021-06-16,2021_2Q,3
대전 5계 2019-17669,임야,임야,임야,세종,세종시,세종 세종시 장군면 대교리 90-26,"7,713,342,000","3,779,537,000",낙찰,"3,811,550,000",49.4%,2021-06-16,2021_2Q,3
대전 8계 2019-18211,종교시설,기타건물,기타건물,세종,세종시,세종 세종시 전동면 미곡리 20-18 1동호,"603,708,680","207,072,000",낙찰,"375,350,000",62.2%,2021-04-05,2021_2Q,3
대전 7계 2019-108527(1),단독주택,단독,단독주택,세종,세종시,세종 세종시 조치원읍 서창리 168-11 에이플러스원룸,"170,591,350","82,793,000",낙찰,"96,660,000",56.7%,2021-05-11,2021_2Q,3
대전 3계 2019-109544,단독주택,단독,단독주택,세종,세종시,세종 세종시 연서면 고복리 108-4,"43,577,600","14,947,000",낙찰,"22,232,000",51.0%,2021-04-12,2021_2Q,3
대전 8계 2020-4065,단독주택,단독,단독주택,세종,세종시,세종 세종시 조치원읍 침산리 87-42,"301,550,150","211,085,000",낙찰,"275,500,000",91.4%,2021-04-05,2021_2Q,3
대전 7계 2020-5518,임야,임야,임야,세종,세종시,세종 세종시 장군면 봉안리 산49,"923,520,000","646,464,000",낙찰,"977,700,000",105.9%,2021-04-06,2021_2Q,3
대전 8계 2020-6726,전,전,전,세종,세종시,세종 세종시 연서면 와촌리 1101-3,"57,439,200","57,439,200",낙찰,"88,800,000",154.6%,2021-05-10,2021_2Q,3
대전 7계 2020-7187,전,전,전,세종,세종시,세종 세종시 부강면 부강리 876-6,"19,383,000","6,649,000",낙찰,"11,670,000",60.2%,2021-06-15,2021_2Q,3
대전 8계 2020-7507,전,전,전,세종,세종시,세종 세종시 전동면 봉대리 14-1,"230,040,000","78,904,000",낙찰,"80,100,000",34.8%,2021-06-14,2021_2Q,3
대전 4계 2020-7644(1),임야,임야,임야,세종,세종시,세종 세종시 장군면 봉안리 201-9,"75,520,000","75,520,000",낙찰,"210,000,000",278.1%,2021-03-30,2021_1Q,3
대전 4계 2020-7644(2),임야,임야,임야,세종,세종시,세종 세종시 장군면 봉안리 201-10,"147,420,000","147,420,000",낙찰,"255,000,000",173.0%,2021-03-30,2021_1Q,3
대전 4계 2020-7644(3),임야,임야,임야,세종,세종시,세종 세종시 장군면 봉안리 201-46,"78,390,000","78,390,000",낙찰,"125,000,000",159.5%,2021-03-30,2021_1Q,3
대전 9계 2020-7972(1),근린상가,근린상가,근린상가,세종,세종시,세종 세종시 나성동 768 르네상스 1동 1층 101호,"1,244,000,000","426,692,000",낙찰,"501,000,000",40.3%,2021-04-27,2021_2Q,3
대전 9계 2020-7972(2),근린상가,근린상가,근린상가,세종,세종시,세종 세종시 나성동 768 르네상스 1동 1층 102호,"1,474,000,000","505,582,000",낙찰,"654,000,000",44.4%,2021-04-27,2021_2Q,3
대전 9계 2020-7972(3),근린상가,근린상가,근린상가,세종,세종시,세종 세종시 나성동 768 르네상스 1동 1층 103호,"1,250,000,000","428,750,000",낙찰,"550,000,000",44.0%,2021-04-27,2021_2Q,3
대전 9계 2020-7972(4),근린상가,근린상가,근린상가,세종,세종시,세종 세종시 나성동 768 르네상스 1동 1층 105호,"1,285,000,000","440,755,000",낙찰,"585,000,000",45.5%,2021-04-27,2021_2Q,3
대전 9계 2020-7972(5),근린상가,근린상가,근린상가,세종,세종시,세종 세종시 나성동 768 르네상스 1동 1층 109호,"965,000,000","330,995,000",낙찰,"386,990,000",40.1%,2021-04-27,2021_2Q,3
대전 9계 2020-7972(6),근린상가,근린상가,근린상가,세종,세종시,세종 세종시 나성동 768 르네상스 1동 1층 110호,"977,000,000","335,111,000",낙찰,"391,990,000",40.1%,2021-04-27,2021_2Q,3
대전 9계 2020-7972(7),근린상가,근린상가,근린상가,세종,세종시,세종 세종시 나성동 768 르네상스 1동 1층 113호,"1,811,000,000","434,821,000",낙찰,"725,990,000",40.1%,2021-06-01,2021_2Q,3
대전 9계 2020-7972(8),근린상가,근린상가,근린상가,세종,세종시,세종 세종시 나성동 768 르네상스 1동 2층 212호,"710,000,000","243,530,000",낙찰,"321,567,000",45.3%,2021-04-27,2021_2Q,3
대전 5계 2020-8197,근린상가,근린상가,근린상가,세종,세종시,세종 세종시 고운동 1379 고운드림 5층 503호,"206,000,000","100,940,000",낙찰,"126,111,111",61.2%,2021-06-16,2021_2Q,3
대전 7계 2020-8470,근린상가,근린상가,근린상가,세종,세종시,세종 세종시 종촌동 673 몰리브 7층 702-3호,"802,000,000","275,086,000",낙찰,"395,220,000",49.3%,2021-06-15,2021_2Q,3
대전 1계 2020-8968,임야,임야,임야,세종,세종시,세종 세종시 금남면 용포리 산8,"39,270,510","27,489,000",낙찰,"33,255,000",84.7%,2021-05-03,2021_2Q,3
대전 4계 2020-9398,임야,임야,임야,세종,세종시,세종 세종시 장군면 도계리 282-3,"356,640,000","356,640,000",낙찰,"384,000,000",107.7%,2021-03-30,2021_1Q,3
대전 9계 2020-10244,공장,공장(지식산업센터 업무시설),공장,세종,세종시,세종 세종시 소정면 고등리 712 주1동,"4,738,577,910","3,317,005,000",낙찰,"4,081,337,900",86.1%,2021-06-01,2021_2Q,3
대전 1계 2020-11018,근린상가,근린상가,근린상가,세종,세종시,세종 세종시 도담동 653 도램마을11단지 카림애비뉴 1동 1층 1F-115호,"380,000,000","186,200,000",낙찰,"220,050,000",57.9%,2021-06-07,2021_2Q,3
대전 1계 2020-11469,다세대,다세대주택,다세대,세종,세종시,"세종 세종시 전의면 관정리 262-1 ,-11,259-2,-14 정원빌리지 1동 1층 101호","62,000,000","43,400,000",낙찰,"46,690,000",75.3%,2021-05-03,2021_2Q,3
대전 3계 2020-11476,다세대,다세대주택,다세대,세종,세종시,"세종 세종시 전의면 관정리 262-1 ,259-2,262-11,259-14 정원빌리지 1동 1층 102호","62,000,000","30,380,000",낙찰,"41,200,000",66.5%,2021-05-17,2021_2Q,3
대전 5계 2020-11483,다세대,다세대주택,다세대,세종,세종시,"세종 세종시 전의면 관정리 262-1 ,-11,259-2,-14 1동 2층 201호","60,000,000","42,000,000",낙찰,"44,890,000",74.8%,2021-06-16,2021_2Q,3
대전 7계 2020-11506,다세대,다세대주택,다세대,세종,세종시,"세종 세종시 전의면 관정리 262-1 ,-11,259-2,-14 정원빌리지 1동 3층 301호","60,000,000","42,000,000",낙찰,"43,920,000",73.2%,2021-06-15,2021_2Q,3
대전 8계 2020-11513,다세대,다세대주택,다세대,세종,세종시,"세종 세종시 전의면 관정리 262-1 ,259-2,262-11,259-14 정원빌리지 1동 3층 302호","62,000,000","43,400,000",낙찰,"44,490,000",71.8%,2021-05-10,2021_2Q,3
대전 1계 2020-11537,다세대,다세대주택,다세대,세종,세종시,"세종 세종시 전의면 관정리 262-1 ,-11,259-2,-14 정원빌리지 1동 4층 402호","61,000,000","42,700,000",낙찰,"45,396,000",74.4%,2021-05-03,2021_2Q,3
대전 4계 2020-12066,아파트,아파트,아파트,세종,세종시,세종 세종시 조치원읍 죽림리 393 조치원신동아파밀리에 304동 3층 301호,"240,000,000","240,000,000",낙찰,"318,840,000",132.8%,2021-03-30,2021_1Q,3
대전 3계 2020-12318,오피스텔,오피스텔,오피스텔(업무용),세종,세종시,세종 세종시 어진동 648 2차푸르지오시티 13층 1345호,"85,000,000","59,500,000",낙찰,"82,923,990",97.6%,2021-05-17,2021_2Q,3
대전 3계 2020-13052,임야,임야,임야,세종,세종시,세종 세종시 금남면 원봉리 306-6,"34,064,160","34,064,160",낙찰,"51,600,000",151.5%,2021-04-12,2021_2Q,3
대전 3계 2020-13373,다세대,다세대주택,다세대,세종,세종시,세종 세종시 금남면 용포리 107 금융주택 나동 2층 202호,"76,000,000","76,000,000",낙찰,"86,190,000",113.4%,2021-04-12,2021_2Q,3
대전 7계 2020-13458(1),답,답,답,세종,세종시,세종 세종시 연서면 청라리 155,"138,460,000","138,460,000",낙찰,"150,300,000",108.6%,2021-05-11,2021_2Q,3
대전 2계 2020-13823,중기,기타토지,기타토지,세종,세종시,세종 세종시 연동면 응암리 925 아이씨디동 1층내 보관(채권자 롯데오토리스(주)에게 보관),"140,000,000","98,000,000",낙찰,"105,222,000",75.2%,2021-05-31,2021_2Q,3
대전 8계 2020-13991,오피스텔,오피스텔,오피스텔(업무용),세종,세종시,세종 세종시 나성동 768 르네상스 1동 7층 709호,"249,000,000","174,300,000",낙찰,"192,660,000",77.4%,2021-06-14,2021_2Q,3
대전 8계 2020-102013(1),임야,임야,임야,세종,세종시,세종 세종시 장군면 평기리 154-5,"5,256,250","3,679,000",낙찰,"4,775,000",90.8%,2021-04-05,2021_2Q,3
대전 1계 2020-104064,오피스텔,오피스텔,오피스텔(업무용),세종,세종시,세종 세종시 나성동 713 세진이너스빌 주1동 8층 809호,"130,000,000","91,000,000",낙찰,"105,312,240",81.0%,2021-03-29,2021_1Q,3
대전 2계 2020-104606,중기,기타토지,기타토지,세종,세종시,세종 세종시 연동면 응암리 925 채권자 엔에이치농협캐피탈에게 보관,"24,000,000","16,800,000",낙찰,"16,820,000",70.1%,2021-05-31,2021_2Q,3
대전 4계 2020-105326(1),공장,공장(지식산업센터 업무시설),공장,세종,세종시,세종 세종시 부강면 금호리 689 주건축물제1동,"1,681,344,680","1,681,344,680",낙찰,"1,717,777,000",102.2%,2021-03-30,2021_1Q,3
대전 4계 2020-105326(2),전,전,전,세종,세종시,세종 세종시 부강면 금호리 689-1,"130,500,000","130,500,000",낙찰,"216,000,000",165.5%,2021-03-30,2021_1Q,3
대전 2계 2020-105654,중기,기타토지,기타토지,세종,세종시,세종 세종시 연동면 응암리 454-9 1층주차장내 보관(채권자롯데오토리스에게보관),"122,000,000","85,400,000",낙찰,"98,833,000",81.0%,2021-04-26,2021_2Q,3
대전 2계 2020-105876,중기,기타토지,기타토지,세종,세종시,세종 세종시 연동면 응암리 925-9 1층주차장내 보관(채권자롯데오토리스에게보관),"165,000,000","115,500,000",낙찰,"123,680,000",75.0%,2021-04-26,2021_2Q,3
대전 6계 2020-106053,근린상가,근린상가,근린상가,세종,세종시,세종 세종시 조치원읍 남리 430,"755,683,820","528,979,000",낙찰,"544,000,000",72.0%,2021-04-28,2021_2Q,3
대전 2계 2020-106459,중기,기타토지,기타토지,세종,세종시,세종 세종시 연동면 응암리 454-9 1층내 보관(채권자 롯데오토리스(주)에게 보관),"35,000,000","35,000,000",낙찰,"37,140,000",106.1%,2021-05-31,2021_2Q,3
대전 6계 2020-106992,근린상가,근린상가,근린상가,세종,세종시,세종 세종시 보람동 751 골드타워 5층 509호,"234,000,000","163,800,000",낙찰,"171,000,000",73.1%,2021-06-02,2021_2Q,3
대전 2계 2020-107360,중기,기타토지,기타토지,세종,세종시,세종 세종시 연동면 응암리 454-9 1층내 보관(채권자 롯데오토리스(주)에게 보관),"20,000,000","20,000,000",낙찰,"22,060,000",110.3%,2021-05-31,2021_2Q,3
대전 7계 2020-107469,임야,임야,임야,세종,세종시,세종 세종시 장군면 산학리 141-22,"380,812,800","380,812,800",낙찰,"385,200,000",101.2%,2021-06-15,2021_2Q,3
대전 8계 2020-107629,하천,기타토지,기타토지,세종,세종시,세종 세종시 전의면 신정리 525-1,"77,580,000","54,306,000",낙찰,"73,888,000",95.2%,2021-06-14,2021_2Q,3
대전 7계 2020-108226,아파트,아파트,아파트,세종,세종시,세종 세종시 조치원읍 교리 140 현대 102동 14층 1407호,"171,000,000","171,000,000",낙찰,"210,896,000",123.3%,2021-04-06,2021_2Q,3
대전 4계 2020-108448,단독주택,단독,단독주택,세종,세종시,세종 세종시 조치원읍 신흥리 283 1호,"439,938,400","439,938,400",낙찰,"453,201,000",103.0%,2021-05-04,2021_2Q,3
대전 2계 2020-108639,중기,기타토지,기타토지,세종,세종시,세종 세종시 연동면 응암리 454-9 1층주차장부근(통칭 이든주차장)내 보관(채권자롯데오토리스에게보관),"90,000,000","63,000,000",낙찰,"84,312,000",93.7%,2021-04-26,2021_2Q,3
대전 1계 2020-108929(1),근린상가,근린상가,근린상가,세종,세종시,세종 세종시 종촌동 653 세종퍼스트아이존 상가동 1층 학원1-01호,"1,252,000,000","876,400,000",낙찰,"1,039,880,000",83.1%,2021-06-07,2021_2Q,3
대전 1계 2020-108929(2),근린상가,근린상가,근린상가,세종,세종시,세종 세종시 종촌동 653 세종퍼스트아이존 상가동 2층 학원2-02호,"232,000,000","232,000,000",낙찰,"263,333,888",113.5%,2021-05-03,2021_2Q,3
대전 1계 2020-108929(3),근린상가,근린상가,근린상가,세종,세종시,세종 세종시 종촌동 653 세종퍼스트아이존 상가동 2층 학원2-01호,"241,000,000","241,000,000",낙찰,"268,943,000",111.6%,2021-05-03,2021_2Q,3
대전 1계 2020-108929(4),근린상가,근린상가,근린상가,세종,세종시,세종 세종시 종촌동 653 세종퍼스트아이존 상가동 3층 체육도장3-01호,"372,000,000","372,000,000",낙찰,"452,100,000",121.5%,2021-05-03,2021_2Q,3
대전 1계 2020-108929(5),노유자시설,기타건물,노유자시설,세종,세종시,세종 세종시 종촌동 653 세종퍼스트아이존 1층 노유1-01호,"4,205,000,000","2,943,500,000",낙찰,"3,770,000,000",89.7%,2021-06-07,2021_2Q,3
대전 4계 2020-109014(1),근린상가,근린상가,근린상가,세종,세종시,세종 세종시 보람동 706 리버피크닉 1층 112호,"516,000,000","361,200,000",낙찰,"366,160,000",71.0%,2021-05-04,2021_2Q,3
대전 4계 2020-109014(2),근린상가,근린상가,근린상가,세종,세종시,세종 세종시 보람동 706 리버피크닉 1층 113호,"516,000,000","361,200,000",낙찰,"366,660,000",71.1%,2021-05-04,2021_2Q,3
대전 4계 2020-109014(3),근린상가,근린상가,근린상가,세종,세종시,세종 세종시 보람동 706 리버피크닉 2층 201호,"973,000,000","476,770,000",낙찰,"621,110,000",63.8%,2021-06-08,2021_2Q,3
대전 2계 2020-109175,중기,기타토지,기타토지,세종,세종시,세종 세종시 연동면 응암리 454-9 신성한울림주차장내 보관(채권자 메리츠캐피탈(주)에게 보관),"35,000,000","24,500,000",낙찰,"28,899,100",82.6%,2021-05-31,2021_2Q,3
대전 7계 2020-109724(1),임야,임야,임야,세종,세종시,세종 세종시 금남면 달전리 산73,"66,165,000","66,165,000",낙찰,"109,900,900",166.1%,2021-06-15,2021_2Q,3
대전 7계 2020-109724(2),임야,임야,임야,세종,세종시,세종 세종시 금남면 달전리 산71,"201,184,500","201,184,500",낙찰,"223,200,000",110.9%,2021-06-15,2021_2Q,3
대전 5계 2020-110557,단독주택,단독,단독주택,세종,세종시,세종 세종시 조치원읍 봉산리 191-11,"22,240,840","22,240,840",낙찰,"34,890,000",156.9%,2021-06-16,2021_2Q,3
대전 4계 2021-100021,단독주택,단독,단독주택,세종,세종시,세종 세종시 연동면 예양리 619-3,"49,779,000","49,779,000",낙찰,"67,000,000",134.6%,2021-05-04,2021_2Q,3
대전 4계 2019-15328,아파트,아파트,아파트,세종,세종시,"세종 세종시 전의면 유천리 528 ,530,531 민석그린 104동 5층 507호","67,000,000","32,830,000",낙찰,"51,198,000",76.4%,2021-07-13,2021_3Q,3
대전 8계 2019-15953,전,전,전,세종,세종시,세종 세종시 전의면 동교리 152-20,"18,147,400","12,703,000",낙찰,"18,800,000",103.6%,2021-09-06,2021_3Q,3
대전 9계 2020-605,임야,임야,임야,세종,세종시,세종 세종시 부강면 문곡리 산25-38,"59,508,000","14,288,000",낙찰,"25,399,000",42.7%,2021-07-06,2021_3Q,3
대전 2계 2020-4867,중기,기타토지,기타토지,세종,세종시,세종 세종시 연동면 응암리 925 이든컴퍼니(채권자메리츠캐피탈)내 보관,"85,000,000","29,155,000",낙찰,"46,350,000",54.5%,2021-07-05,2021_3Q,3
대전 1계 2020-4881,임야,임야,임야,세종,세종시,세종 세종시 장군면 하봉리 산12-76,"1,600,389,450","1,600,389,450",낙찰,"2,172,772,000",135.8%,2021-07-12,2021_3Q,3
대전 5계 2020-5884(1),근린상가,근린상가,근린상가,세종,세종시,"세종 세종시 부강면 부강리 1251-15 ,1246-5,1301-1,1308-1 1동 1층 101호","770,000,000","264,110,000",낙찰,"312,800,000",40.6%,2021-07-21,2021_3Q,3
대전 5계 2020-5884(2),근린상가,근린상가,근린상가,세종,세종시,"세종 세종시 부강면 부강리 1251-15 ,1246-5,1301-1,1308-1 1동 1층 118호","560,000,000","192,080,000",낙찰,"218,000,000",38.9%,2021-07-21,2021_3Q,3
대전 5계 2020-5884(3),근린상가,근린상가,근린상가,세종,세종시,"세종 세종시 부강면 부강리 1251-15 ,1246-5,1301-1,1308-1 1동 1층 119호","560,000,000","192,080,000",낙찰,"218,000,000",38.9%,2021-07-21,2021_3Q,3
대전 2계 2020-6221,중기,기타토지,기타토지,세종,세종시,세종 세종시 연동면 응암리 925 채권자 메리츠캐피탈에게 보관,"100,000,000","49,000,000",낙찰,"63,750,000",63.7%,2021-07-05,2021_3Q,3
대전 6계 2020-6467,단독주택,단독,단독주택,세종,세종시,세종 세종시 장군면 대교리 326-6,"302,356,440","148,155,000",낙찰,"191,111,000",63.2%,2021-08-25,2021_3Q,3
대전 7계 2020-6634,임야,임야,임야,세종,세종시,세종 세종시 전의면 유천리 산134,"344,729,000","118,242,000",낙찰,"153,939,000",44.7%,2021-10-12,2021_4Q,3
대전 5계 2020-7071,다가구,다가구,다가구,세종,세종시,세종 세종시 조치원읍 서창리 42-260 1동,"784,694,640","384,500,000",낙찰,"612,100,000",78.0%,2021-07-21,2021_3Q,3
대전 8계 2020-8234,임야,임야,임야,세종,세종시,세종 세종시 금남면 원봉리 99-29,"1,012,302,000","708,611,000",낙찰,"802,999,000",79.3%,2021-09-06,2021_3Q,3
대전 9계 2020-8715,근린상가,근린상가,근린상가,세종,세종시,세종 세종시 보람동 711 금강베네치아 4층 407호,"466,000,000","228,340,000",낙찰,"311,000,000",66.7%,2021-11-02,2021_4Q,3
대전 6계 2020-11490,다세대,다세대주택,다세대,세종,세종시,"세종 세종시 전의면 관정리 262-1 ,259-2,262-11,259-14 정원빌리지 1동 2층 202호","58,000,000","40,600,000",낙찰,"46,520,000",80.2%,2021-08-25,2021_3Q,3
대전 9계 2020-11520,다세대,다세대주택,다세대,세종,세종시,"세종 세종시 전의면 관정리 262-1 ,-11,259-2,-14 정원빌리지 1동 4층 401호","62,000,000","30,380,000",낙찰,"30,382,000",49.0%,2021-09-28,2021_3Q,3
대전 5계 2020-11568,근린상가,근린상가,근린상가,세종,세종시,세종 세종시 한솔동 927 한솔빌딩 1동 2층 203호,"492,000,000","241,080,000",낙찰,"339,000,000",68.9%,2021-07-21,2021_3Q,3
대전 5계 2020-12547,임야,임야,임야,세종,세종시,세종 세종시 부강면 행산리 산25,"13,697,940","9,589,000",낙찰,"11,100,000",81.0%,2021-07-21,2021_3Q,3
대전 7계 2020-13458(2),전,전,전,세종,세종시,세종 세종시 연서면 청라리 155-1,"31,433,000","31,433,000",낙찰,"35,525,600",113.0%,2021-07-20,2021_3Q,3
대전 8계 2020-13786,단독주택,단독,단독주택,세종,세종시,세종 세종시 부강면 문곡리 849-12 1동,"222,598,280","155,819,000",낙찰,"156,900,000",70.5%,2021-12-20,2021_4Q,3
대전 9계 2020-13946(1),임야,임야,임야,세종,세종시,세종 세종시 장군면 송문리 232-11,"60,481,500","42,337,000",낙찰,"48,687,990",80.5%,2021-07-06,2021_3Q,3
대전 9계 2020-13946(2),임야,임야,임야,세종,세종시,세종 세종시 장군면 송문리 232-12,"54,036,750","37,826,000",낙찰,"45,391,900",84.0%,2021-07-06,2021_3Q,3
대전 6계 2020-14062(1),근린상가,근린상가,근린상가,세종,세종시,세종 세종시 고운동 1373 고운에듀프라자 3층 305호,"584,422,000","286,367,000",낙찰,"362,341,640",62.0%,2021-09-29,2021_3Q,3
대전 6계 2020-14062(2),근린상가,근린상가,근린상가,세종,세종시,세종 세종시 고운동 1373 고운에듀프라자 6층 601호,"1,827,732,000","895,588,000",낙찰,"1,188,025,800",65.0%,2021-09-29,2021_3Q,3
대전 6계 2020-14062(3),근린상가,근린상가,근린상가,세종,세종시,세종 세종시 고운동 1373 고운에듀프라자 7층 701호,"242,228,000","83,084,000",낙찰,"138,100,000",57.0%,2021-11-03,2021_4Q,3
대전 6계 2020-14062(4),근린상가,근린상가,근린상가,세종,세종시,세종 세종시 고운동 1373 고운에듀프라자 7층 702호,"259,966,000","89,168,000",낙찰,"138,000,000",53.1%,2021-11-03,2021_4Q,3
대전 6계 2020-14062(5),근린상가,근린상가,근린상가,세종,세종시,세종 세종시 고운동 1373 고운에듀프라자 7층 703호,"349,227,000","119,785,000",낙찰,"186,300,000",53.3%,2021-11-03,2021_4Q,3
대전 6계 2020-14062(6),근린상가,근린상가,근린상가,세종,세종시,세종 세종시 고운동 1373 고운에듀프라자 7층 704호,"404,145,000","198,031,000",낙찰,"200,041,000",49.5%,2021-09-29,2021_3Q,3
대전 6계 2020-14062(7),근린상가,근린상가,근린상가,세종,세종시,세종 세종시 고운동 1373 고운에듀프라자 7층 705호,"572,368,000","196,323,000",낙찰,"274,740,000",48.0%,2021-11-03,2021_4Q,3
대전 1계 2020-14154,임야,임야,임야,세종,세종시,세종 세종시 전의면 양곡리 산57,"990,000,000","339,570,000",낙찰,"370,060,000",37.4%,2021-08-30,2021_3Q,3
대전 2계 2020-103214,중기,기타토지,기타토지,세종,세종시,세종 세종시 연동면 응암리 925 (채권자메리츠캐피탈)내 보관,"55,000,000","13,206,000",낙찰,"21,000,000",38.2%,2021-07-05,2021_3Q,3
대전 2계 2020-105739,차량,기타토지,기타토지,세종,세종시,세종 세종시 연동면 응암리 925 채권자 메리츠캐피탈(주)에게 보관,"23,000,000","16,100,000",낙찰,"20,911,000",90.9%,2021-07-05,2021_3Q,3
대전 3계 2020-105937,다세대,다세대주택,다세대,세종,세종시,세종 세종시 나성동 730 에스알파크시티 1층 101호,"939,000,000","460,110,000",낙찰,"630,123,000",67.1%,2021-09-13,2021_3Q,3
대전 8계 2020-106077,대지,나대지,나대지,세종,세종시,세종 세종시 전동면 송곡리 214-10,"403,100,000","282,170,000",낙찰,"368,000,000",91.3%,2021-10-19,2021_4Q,3
대전 6계 2020-106435,근린상가,근린상가,근린상가,세종,세종시,세종 세종시 소담동 544 아크레타아이콤스타타워 1층 104호,"939,000,000","657,300,000",낙찰,"686,210,000",73.1%,2021-11-03,2021_4Q,3
대전 2계 2020-106633,차량,기타토지,기타토지,세종,세종시,세종 세종시 연동면 응암리 454-9 1층주차장내 보관,"55,000,000","38,500,000",낙찰,"38,580,000",70.1%,2021-09-27,2021_3Q,3
대전 5계 2020-107575,전,전,전,세종,세종시,세종 세종시 연서면 용암리 252,"316,214,000","316,214,000",낙찰,"317,150,000",100.3%,2021-11-17,2021_4Q,3
대전 8계 2020-108509,임야,임야,임야,세종,세종시,세종 세종시 전동면 노장리 산87,"4,905,000","3,434,000",낙찰,"8,200,000",167.2%,2021-12-20,2021_4Q,3
대전 2계 2020-108592,중기,기타토지,기타토지,세종,세종시,세종 세종시 연동면 응암리 925 1층주차장내 보관,"50,000,000","24,500,000",낙찰,"27,010,000",54.0%,2021-09-27,2021_3Q,3
대전 2계 2020-108646,중기,기타토지,기타토지,세종,세종시,세종 세종시 연동면 응암리 454-9 1층주차장내 보관,"43,000,000","30,100,000",낙찰,"30,200,000",70.2%,2021-08-23,2021_3Q,3
대전 1계 2020-108783,근린상가,근린상가,근린상가,세종,세종시,세종 세종시 새롬동 579 해피라움더블유 1층 135호,"1,060,000,000","742,000,000",낙찰,"830,010,000",78.3%,2021-11-08,2021_4Q,3
대전 2계 2020-109526(1),중기,기타토지,기타토지,세종,세종시,세종 세종시 연동면 응암리 925 신성한울림주차장내 보관,"25,000,000","17,500,000",낙찰,"20,077,000",80.3%,2021-08-23,2021_3Q,3
대전 2계 2020-109526(2),중기,기타토지,기타토지,세종,세종시,세종 세종시 연동면 응암리 925 신성한울림주차장내 보관,"25,000,000","17,500,000",낙찰,"18,500,000",74.0%,2021-08-23,2021_3Q,3
대전 2계 2020-110083,중기,기타토지,기타토지,세종,세종시,세종 세종시 연동면 응암리 925 중부복합물류터미널 ICD동내 보관(채권자 효성캐피탈(주)에게 보관(채권자가 신성한울림주차장 임동철에게 재보관시킴)),"38,500,000","18,865,000",낙찰,"23,411,000",60.8%,2021-07-05,2021_3Q,3
대전 2계 2020-110328,차량,기타토지,기타토지,세종,세종시,세종 세종시 연동면 응암리 925 아이씨디동 1층내 보관(채권자 롯데오토리스(주)에게 보관),"42,000,000","4,941,000",낙찰,"5,280,000",12.6%,2021-12-06,2021_4Q,3
대전 2계 2020-110793,차량,기타토지,기타토지,세종,세종시,세종 세종시 연동면 응암리 925 아이씨디동 1층내 보관(채권자 롯데오토리스(주)에게 보관),"6,200,000","4,340,000",낙찰,"4,512,000",72.8%,2021-07-05,2021_3Q,3
대전 2계 2020-110809,중기,기타토지,기타토지,세종,세종시,세종 세종시 연동면 응암리 925 아이씨디동 1층내 보관(채권자 롯데오토리스(주)에게 보관),"19,000,000","9,310,000",낙찰,"12,050,000",63.4%,2021-08-23,2021_3Q,3
대전 7계 2020-111222(1),근린상가,근린상가,근린상가,세종,세종시,세종 세종시 조치원읍 번암리 61-6 세종메디컬센터 1동 2층 202호,"1,019,000,000","349,517,000",낙찰,"471,300,000",46.3%,2021-10-12,2021_4Q,3
대전 7계 2020-111222(2),근린상가,근린상가,근린상가,세종,세종시,세종 세종시 조치원읍 번암리 61-6 세종메디컬센터 1동 2층 201호,"862,000,000","295,666,000",낙찰,"398,700,000",46.3%,2021-10-12,2021_4Q,3
대전 7계 2020-111222(3),근린상가,근린상가,근린상가,세종,세종시,세종 세종시 조치원읍 번암리 61-6 세종메디컬센터 1동 2층 203호,"1,072,000,000","367,696,000",낙찰,"495,800,000",46.3%,2021-10-12,2021_4Q,3
대전 9계 2020-111246(1),근린상가,근린상가,근린상가,세종,세종시,세종 세종시 조치원읍 번암리 61-6 1동 4층 401호,"930,000,000","455,700,000",낙찰,"460,100,000",49.5%,2021-11-02,2021_4Q,3
대전 9계 2020-111246(2),근린상가,근린상가,근린상가,세종,세종시,세종 세종시 조치원읍 번암리 61-6 1동 4층 403호,"556,000,000","272,440,000",낙찰,"277,100,000",49.8%,2021-11-02,2021_4Q,3
대전 5계 2021-275(1),임야,임야,임야,세종,세종시,세종 세종시 전동면 노장리 산52-4,"1,042,282,000","357,503,000",낙찰,"421,505,500",40.4%,2021-12-22,2021_4Q,3
대전 5계 2021-763(1),숙박시설,숙박시설,숙박시설,세종,세종시,세종 세종시 조치원읍 원리 9-32,"679,369,400","679,369,400",낙찰,"731,100,000",107.6%,2021-07-21,2021_3Q,3
대전 6계 2021-954(1),근린상가,근린상가,근린상가,세종,세종시,세종 세종시 소담동 529 도경프라자 3층 302호,"563,000,000","275,870,000",낙찰,"350,000,000",62.2%,2021-09-29,2021_3Q,3
대전 6계 2021-954(2),근린상가,근린상가,근린상가,세종,세종시,세종 세종시 소담동 529 도경프라자 5층 504호,"370,000,000","181,300,000",낙찰,"230,000,000",62.2%,2021-09-29,2021_3Q,3
대전 4계 2021-1100,근린상가,근린상가,근린상가,세종,세종시,세종 세종시 나성동 767 갤러리세종프라자 2층 211호,"356,000,000","174,440,000",낙찰,"222,200,000",62.4%,2021-10-05,2021_4Q,3
대전 5계 2021-1117(1),근린상가,근린상가,근린상가,세종,세종시,세종 세종시 대평동 685 씨티오브드림 5층 514호,"212,000,000","72,716,000",낙찰,"100,000,000",47.2%,2021-12-22,2021_4Q,3
대전 5계 2021-1117(2),근린상가,근린상가,근린상가,세종,세종시,세종 세종시 대평동 685 씨티오브드림 5층 515호,"207,000,000","71,001,000",낙찰,"100,000,000",48.3%,2021-12-22,2021_4Q,3
대전 1계 2021-1179,임야,임야,임야,세종,세종시,세종 세종시 전동면 송곡리 산6-16,"5,808,000","2,846,000",낙찰,"6,797,990",117.0%,2021-11-08,2021_4Q,3
대전 8계 2021-1254(2),전,전,전,세종,세종시,세종 세종시 전동면 봉대리 393,"264,017,000","184,812,000",낙찰,"193,455,000",73.3%,2021-10-19,2021_4Q,3
대전 8계 2021-1254(3),전,전,전,세종,세종시,세종 세종시 전동면 봉대리 433,"269,557,000","269,557,000",낙찰,"271,200,000",100.6%,2021-12-20,2021_4Q,3
대전 1계 2021-1285,임야,임야,임야,세종,세종시,세종 세종시 장군면 송문리 281-10,"255,357,100","125,125,000",낙찰,"165,357,100",64.8%,2021-10-06,2021_4Q,3
대전 9계 2021-1865,단독주택,단독,단독주택,세종,세종시,세종 세종시 금남면 원봉리 423-1,"641,454,000","449,018,000",낙찰,"556,000,000",86.7%,2021-11-02,2021_4Q,3
대전 3계 2021-1971,다세대,다세대주택,다세대,세종,세종시,"세종 세종시 금남면 도남리 95 ,96 B동 3층 301호","243,000,000","83,349,000",낙찰,"122,210,000",50.3%,2021-11-22,2021_4Q,3
대전 5계 2021-2349,임야,임야,임야,세종,세종시,세종 세종시 장군면 송학리 479-16,"283,360,000","283,360,000",낙찰,"383,888,000",135.5%,2021-09-08,2021_3Q,3
대전 8계 2021-2509(2),근린상가,근린상가,근린상가,세종,세종시,세종 세종시 조치원읍 번암리 61-6 세종메티컬센터 1동 1층 107호,"415,000,000","142,345,000",낙찰,"142,350,000",34.3%,2021-12-20,2021_4Q,3
대전 8계 2021-2981,임야,임야,임야,세종,세종시,세종 세종시 부강면 노호리 산112,"330,638,800","285,586,400",낙찰,"411,553,000",124.5%,2021-10-19,2021_4Q,3
대전 3계 2021-3120,단독주택,단독,단독주택,세종,세종시,세종 세종시 연동면 문주리 152-12 1동호,"642,771,000","449,940,000",낙찰,"539,999,000",84.0%,2021-10-18,2021_4Q,3
대전 3계 2021-3526,자동차시설,기타건물,기타건물,세종,세종시,세종 세종시 부강면 노호리 360 주건축물 1동,"357,100,540","357,100,540",낙찰,"430,000,000",120.4%,2021-10-18,2021_4Q,3
대전 3계 2021-3717(1),답,답,답,세종,세종시,세종 세종시 부강면 행산리 237-7,"3,514,000","3,514,000",낙찰,"4,270,000",121.5%,2021-10-18,2021_4Q,3
대전 3계 2021-3717(2),답,답,답,세종,세종시,세종 세종시 부강면 행산리 237-9,"27,255,000","27,255,000",낙찰,"27,270,000",100.1%,2021-10-18,2021_4Q,3
대전 3계 2021-3717(3),답,답,답,세종,세종시,세종 세종시 부강면 행산리 237-11,"1,757,000","1,757,000",낙찰,"2,000,000",113.8%,2021-10-18,2021_4Q,3
대전 4계 2021-4611,임야,임야,임야,세종,세종시,세종 세종시 연기면 눌왕리 산83-9,"34,720,000","34,720,000",낙찰,"43,000,000",123.8%,2021-11-09,2021_4Q,3
대전 1계 2021-4703,임야,임야,임야,세종,세종시,세종 세종시 장군면 대교리 산43-9,"281,050,000","281,050,000",낙찰,"310,200,000",110.4%,2021-11-08,2021_4Q,3
대전 4계 2021-4734,아파트,아파트,아파트,세종,세종시,세종 세종시 조치원읍 죽림리 396 자이 124동 15층 1503호,"594,000,000","415,800,000",낙찰,"550,100,000",92.6%,2021-12-14,2021_4Q,3
대전 8계 2021-5133,다세대,다세대주택,다세대,세종,세종시,"세종 세종시 전의면 관정리 262-1 ,-11,259-2,-14 2동 1층 102호","61,000,000","42,700,000",낙찰,"50,907,000",83.5%,2021-12-20,2021_4Q,3
대전 2계 2021-6136,차량,기타토지,기타토지,세종,세종시,세종 세종시 연동면 응암리 925 신성한울림주차장내보관,"16,000,000","11,200,000",낙찰,"11,900,000",74.4%,2021-11-01,2021_4Q,3
대전 5계 2021-6808,답,답,답,세종,세종시,세종 세종시 금남면 대박리 311-1,"72,716,800","72,716,800",낙찰,"97,777,000",134.5%,2021-12-22,2021_4Q,3
대전 2계 2021-100069(1),중기,기타토지,기타토지,세종,세종시,세종 세종시 전동면 노장리 404-8 진화금속내 보관,"9,000,000","6,300,000",낙찰,"8,710,000",96.8%,2021-08-23,2021_3Q,3
대전 2계 2021-100069(2),중기,기타토지,기타토지,세종,세종시,세종 세종시 전동면 노장리 404-8 진화금속내 보관,"7,000,000","7,000,000",낙찰,"8,580,000",122.6%,2021-08-23,2021_3Q,3
대전 8계 2021-100090(2),임야,임야,임야,세종,세종시,세종 세종시 장군면 송학리 산27-1,"184,761,000","129,333,000",낙찰,"190,000,000",102.8%,2021-10-19,2021_4Q,3
대전 7계 2021-100700,근린상가,근린상가,근린상가,세종,세종시,세종 세종시 조치원읍 번암리 61-6 세종메디컬센터 1동 5층 501호,"1,272,000,000","436,296,000",낙찰,"535,000,000",42.1%,2021-12-21,2021_4Q,3
대전 2계 2021-101222,중기,기타토지,기타토지,세종,세종시,세종 세종시 연동면 응암리 925 신성한울림주차장내 보관,"45,000,000","10,805,000",낙찰,"18,610,000",41.4%,2021-11-01,2021_4Q,3
대전 2계 2021-101307,중기,기타토지,기타토지,세종,세종시,세종 세종시 연동면 응암리 925 신성한울림주차장내 보관,"19,000,000","13,300,000",낙찰,"14,000,000",73.7%,2021-09-27,2021_3Q,3
대전 2계 2021-101598,중기,기타토지,기타토지,세종,세종시,세종 세종시 연동면 응암리 925 신성한울림주차장내 보관,"50,300,000","35,210,000",낙찰,"35,310,000",70.2%,2021-08-23,2021_3Q,3
대전 5계 2021-101680,다가구,다가구,다가구,세종,세종시,세종 세종시 전동면 노장리 606-6,"294,430,800","294,430,800",낙찰,"412,960,000",140.3%,2021-10-13,2021_4Q,3
대전 7계 2021-101734,아파트,아파트,아파트,세종,세종시,세종 세종시 부강면 부강리 976-2 대광 나동 5층 504호,"66,000,000","66,000,000",낙찰,"68,105,000",103.2%,2021-09-07,2021_3Q,3
대전 9계 2021-101796,전,전,전,세종,세종시,세종 세종시 조치원읍 번암리 198,"56,964,000","56,964,000",낙찰,"59,279,000",104.1%,2021-09-28,2021_3Q,3
대전 2계 2021-101833,차량,기타토지,기타토지,세종,세종시,세종 세종시 연동면 응암리 925 신성한울림주차장내 보관,"13,000,000","6,370,000",낙찰,"9,699,999",74.6%,2021-12-06,2021_4Q,3
대전 2계 2021-101970,차량,기타토지,기타토지,세종,세종시,세종 세종시 연동면 응암리 925 신성한울림주차장내 보관,"23,700,000","11,613,000",낙찰,"13,670,000",57.7%,2021-09-27,2021_3Q,3
대전 2계 2021-102164,차량,기타토지,기타토지,세종,세종시,세종 세종시 연동면 응암리 925 신성한울림주차장내 보관,"8,600,000","6,020,000",낙찰,"7,359,000",85.6%,2021-08-23,2021_3Q,3
대전 9계 2021-102539,임야,임야,임야,세종,세종시,세종 세종시 전의면 관정리 산95-1,"43,795,200","30,657,000",낙찰,"33,030,000",75.4%,2021-12-07,2021_4Q,3
대전 4계 2021-102690,답,답,답,세종,세종시,세종 세종시 장군면 송문리 625-5,"395,170,900","276,620,000",낙찰,"353,830,000",89.5%,2021-10-05,2021_4Q,3
대전 4계 2021-102843,대지,나대지,나대지,세종,세종시,세종 세종시 장군면 금암리 203-8,"202,826,000","98,481,000",낙찰,"131,888,000",65.0%,2021-10-05,2021_4Q,3
대전 9계 2021-103020,전,전,전,세종,세종시,세종 세종시 소정면 고등리 440,"347,530,000","170,290,000",낙찰,"187,790,000",54.0%,2021-11-02,2021_4Q,3
대전 2계 2021-103396,중기,기타토지,기타토지,세종,세종시,세종 세종시 연동면 응암리 925 신성한울림내 보관,"58,000,000","40,600,000",낙찰,"44,999,000",77.6%,2021-09-27,2021_3Q,3
대전 2계 2021-103457,중기,기타토지,기타토지,세종,세종시,세종 세종시 연동면 응암리 925 신성한울림주차장내 보관,"35,000,000","17,150,000",낙찰,"23,200,000",66.3%,2021-12-06,2021_4Q,3
대전 5계 2021-103617(2),임야,임야,임야,세종,세종시,세종 세종시 부강면 문곡리 산67,"40,617,460","36,622,300",낙찰,"41,100,010",101.2%,2021-10-13,2021_4Q,3
대전 5계 2021-103617(4),임야,임야,임야,세종,세종시,세종 세종시 부강면 문곡리 산144,"46,556,790","32,501,910",낙찰,"33,300,000",71.5%,2021-10-13,2021_4Q,3
대전 1계 2021-103679,답,답,답,세종,세종시,세종 세종시 장군면 은용리 112-25,"340,800,000","340,800,000",낙찰,"436,666,000",128.1%,2021-12-13,2021_4Q,3
대전 4계 2021-103693,대지,나대지,나대지,세종,세종시,세종 세종시 소정면 소정리 492-7,"152,243,000","121,800,000",낙찰,"122,800,000",80.7%,2021-10-05,2021_4Q,3
대전 2계 2021-103723,차량,기타토지,기타토지,세종,세종시,세종 세종시 연동면 응암리 925 신성한울림주차장내 보관,"11,000,000","5,390,000",낙찰,"7,200,000",65.5%,2021-09-27,2021_3Q,3
대전 2계 2021-104115,중기,기타토지,기타토지,세종,세종시,세종 세종시 연동면 응암리 925 신성한울림주차장내 보관,"75,000,000","52,500,000",낙찰,"62,770,000",83.7%,2021-08-23,2021_3Q,3
대전 2계 2021-104122,중기,기타토지,기타토지,세종,세종시,세종 세종시 연동면 응암리 925 신성한울림주차장내 보관,"80,000,000","56,000,000",낙찰,"73,842,200",92.3%,2021-08-23,2021_3Q,3
대전 2계 2021-104320,차량,기타토지,기타토지,세종,세종시,세종 세종시 연동면 응암리 925 신성한울림주차장내 보관,"11,500,000","5,635,000",낙찰,"6,645,000",57.8%,2021-11-01,2021_4Q,3
대전 3계 2021-104948(1),전,전,전,세종,세종시,세종 세종시 금남면 금천리 181,"11,888,330","11,888,330",낙찰,"12,330,000",103.7%,2021-11-22,2021_4Q,3
대전 3계 2021-104948(2),임야,임야,임야,세종,세종시,세종 세종시 금남면 금천리 181-2,"4,840,000","4,840,000",낙찰,"5,490,000",113.4%,2021-11-22,2021_4Q,3
대전 8계 2021-105170,대지,나대지,나대지,세종,세종시,세종 세종시 조치원읍 침산리 1-1,"9,930,920","4,866,000",낙찰,"5,969,000",60.1%,2021-12-20,2021_4Q,3
대전 2계 2021-106838,차량,기타토지,기타토지,세종,세종시,세종 세종시 연동면 응암리 925 신성한울림내 보관,"12,100,000","8,470,000",낙찰,"10,010,000",82.7%,2021-12-06,2021_4Q,3
대전 2계 2021-107503,차량,기타토지,기타토지,세종,세종시,세종 세종시 연동면 응암리 925 신성한울림주차장내 보관,"5,400,000","5,400,000",낙찰,"5,612,000",103.9%,2021-12-06,2021_4Q,3
대전 1계 2019-2247,근린상가,근린상가,근린상가,세종,세종시,세종 세종시 아름동 1358 세종센터빌딩 주건축물 1동 1층 101호,"16,954,000,000","8,307,460,000",낙찰,"10,510,000,000",62.0%,2022-01-17,2022_1Q,3
대전 8계 2020-9770,단독주택,단독,단독주택,세종,세종시,세종 세종시 부강면 문곡리 849-11,"227,398,480","227,398,480",낙찰,"240,000,000",105.5%,2022-01-24,2022_1Q,3
대전 4계 2020-12745,근린상가,근린상가,근린상가,세종,세종시,세종 세종시 나성동 758 노블비즈니스타운 7층 720호,"143,000,000","100,100,000",낙찰,"100,100,000",70.0%,2022-01-18,2022_1Q,3
대전 4계 2020-12752,근린상가,근린상가,근린상가,세종,세종시,세종 세종시 나성동 758 노블비즈니스타운 6층 615호,"140,000,000","68,600,000",낙찰,"86,300,000",61.6%,2022-05-10,2022_2Q,3
대전 4계 2020-12769,근린상가,근린상가,근린상가,세종,세종시,세종 세종시 나성동 758 노블비즈니스타운 4층 412호,"233,000,000","163,100,000",낙찰,"164,200,000",70.5%,2022-01-18,2022_1Q,3
대전 4계 2020-12776,근린상가,근린상가,근린상가,세종,세종시,세종 세종시 나성동 758 노블비즈니스타운 6층 620호,"142,000,000","69,580,000",낙찰,"82,355,000",58.0%,2022-03-02,2022_1Q,3
대전 4계 2020-12783,근린상가,근린상가,근린상가,세종,세종시,세종 세종시 나성동 758 노블비즈니스타운 6층 619호,"145,000,000","71,050,000",낙찰,"84,355,000",58.2%,2022-03-02,2022_1Q,3
대전 4계 2020-12790,근린상가,근린상가,근린상가,세종,세종시,세종 세종시 나성동 758 노블비즈니스타운 6층 614호,"140,000,000","68,600,000",낙찰,"84,500,000",60.4%,2022-03-02,2022_1Q,3
대전 6계 2020-111208,근린상가,근린상가,근린상가,세종,세종시,세종 세종시 조치원읍 번암리 61-6 세종메디컬센터 1동 1층 103호,"767,000,000","263,081,000",낙찰,"314,000,000",40.9%,2022-02-23,2022_1Q,3
대전 8계 2020-111239,근린상가,근린상가,근린상가,세종,세종시,세종 세종시 조치원읍 번암리 61-6 세종메디컬센터 1동 1층 105호,"470,000,000","78,993,000",낙찰,"112,300,000",23.9%,2022-01-24,2022_1Q,3
대전 4계 2021-824,축사,기타토지,기타토지,세종,세종시,"세종 세종시 소정면 대곡리 7 ,-3 1동호","3,113,404,570","1,525,568,000",낙찰,"1,530,000,000",49.1%,2022-04-05,2022_2Q,3
대전 9계 2021-978(1),근린상가,근린상가,근린상가,세종,세종시,세종 세종시 고운동 2091 더리치 1층 101호,"369,000,000","180,810,000",낙찰,"214,260,000",58.1%,2022-06-07,2022_2Q,3
대전 9계 2021-978(2),근린상가,근린상가,근린상가,세종,세종시,세종 세종시 고운동 2091 더리치 1층 102호,"324,000,000","158,760,000",낙찰,"188,130,000",58.1%,2022-06-07,2022_2Q,3
대전 9계 2021-978(3),근린상가,근린상가,근린상가,세종,세종시,세종 세종시 고운동 2091 더리치 1층 103호,"466,000,000","228,340,000",낙찰,"270,580,000",58.1%,2022-06-07,2022_2Q,3
대전 9계 2021-978(4),근린상가,근린상가,근린상가,세종,세종시,세종 세종시 고운동 2091 더리치 1층 104호,"382,000,000","187,180,000",낙찰,"221,800,000",58.1%,2022-06-07,2022_2Q,3
대전 9계 2021-978(5),근린상가,근린상가,근린상가,세종,세종시,세종 세종시 고운동 2091 더리치 1층 105호,"548,000,000","268,520,000",낙찰,"318,200,000",58.1%,2022-06-07,2022_2Q,3
대전 9계 2021-978(6),근린상가,근린상가,근린상가,세종,세종시,세종 세종시 고운동 2091 더리치 1층 106호,"545,000,000","267,050,000",낙찰,"316,400,000",58.1%,2022-06-07,2022_2Q,3
대전 9계 2021-978(7),근린상가,근린상가,근린상가,세종,세종시,세종 세종시 고운동 2091 더리치 1층 107호,"654,000,000","320,460,000",낙찰,"379,750,000",58.1%,2022-06-07,2022_2Q,3
대전 9계 2021-978(8),근린상가,근린상가,근린상가,세종,세종시,세종 세종시 고운동 2091 더리치 1층 108호,"551,000,000","269,990,000",낙찰,"320,010,000",58.1%,2022-06-07,2022_2Q,3
대전 9계 2021-978(9),근린상가,근린상가,근린상가,세종,세종시,세종 세종시 고운동 2091 더리치 1층 109호,"581,000,000","284,690,000",낙찰,"337,360,000",58.1%,2022-06-07,2022_2Q,3
대전 9계 2021-978(10),근린상가,근린상가,근린상가,세종,세종시,세종 세종시 고운동 2091 더리치 1층 110호,"318,000,000","155,820,000",낙찰,"184,650,000",58.1%,2022-06-07,2022_2Q,3
대전 9계 2021-978(11),근린상가,근린상가,근린상가,세종,세종시,세종 세종시 고운동 2091 더리치 2층 201호,"344,000,000","168,560,000",낙찰,"200,010,000",58.1%,2022-06-07,2022_2Q,3
대전 9계 2021-978(12),근린상가,근린상가,근린상가,세종,세종시,세종 세종시 고운동 2091 더리치 2층 202호,"352,000,000","172,480,000",낙찰,"204,400,000",58.1%,2022-06-07,2022_2Q,3
대전 9계 2021-978(13),근린상가,근린상가,근린상가,세종,세종시,세종 세종시 고운동 2091 더리치 2층 203호,"567,000,000","277,830,000",낙찰,"329,230,000",58.1%,2022-06-07,2022_2Q,3
대전 9계 2021-978(14),근린상가,근린상가,근린상가,세종,세종시,세종 세종시 고운동 2091 더리치 2층 204호,"649,000,000","318,010,000",낙찰,"376,850,000",58.1%,2022-06-07,2022_2Q,3
대전 9계 2021-978(15),근린상가,근린상가,근린상가,세종,세종시,세종 세종시 고운동 2091 더리치 2층 205호,"456,000,000","223,440,000",낙찰,"264,780,000",58.1%,2022-06-07,2022_2Q,3
대전 9계 2021-978(16),근린상가,근린상가,근린상가,세종,세종시,세종 세종시 고운동 2091 더리치 2층 206호,"450,000,000","220,500,000",낙찰,"261,300,000",58.1%,2022-06-07,2022_2Q,3
대전 9계 2021-978(17),근린상가,근린상가,근린상가,세종,세종시,세종 세종시 고운동 2091 더리치 3층 301호,"230,000,000","112,700,000",낙찰,"133,550,000",58.1%,2022-06-07,2022_2Q,3
대전 9계 2021-978(18),근린상가,근린상가,근린상가,세종,세종시,세종 세종시 고운동 2091 더리치 3층 302호,"232,000,000","113,680,000",낙찰,"134,720,000",58.1%,2022-06-07,2022_2Q,3
대전 9계 2021-978(19),근린상가,근린상가,근린상가,세종,세종시,세종 세종시 고운동 2091 더리치 3층 303호,"380,000,000","186,200,000",낙찰,"220,650,000",58.1%,2022-06-07,2022_2Q,3
대전 9계 2021-978(20),근린상가,근린상가,근린상가,세종,세종시,세종 세종시 고운동 2091 더리치 3층 304호,"360,000,000","176,400,000",낙찰,"209,030,000",58.1%,2022-06-07,2022_2Q,3
대전 9계 2021-978(21),근린상가,근린상가,근린상가,세종,세종시,세종 세종시 고운동 2091 더리치 3층 305호,"249,000,000","122,010,000",낙찰,"144,580,000",58.1%,2022-06-07,2022_2Q,3
대전 9계 2021-978(22),근린상가,근린상가,근린상가,세종,세종시,세종 세종시 고운동 2091 더리치 3층 306호,"245,000,000","120,050,000",낙찰,"142,260,000",58.1%,2022-06-07,2022_2Q,3
대전 9계 2021-978(23),근린상가,근린상가,근린상가,세종,세종시,세종 세종시 고운동 2091 더리치 4층 401호,"366,000,000","179,340,000",낙찰,"212,520,000",58.1%,2022-06-07,2022_2Q,3
대전 9계 2021-978(24),근린상가,근린상가,근린상가,세종,세종시,세종 세종시 고운동 2091 더리치 4층 402호,"241,000,000","118,090,000",낙찰,"140,010,000",58.1%,2022-06-07,2022_2Q,3
대전 9계 2021-978(25),근린상가,근린상가,근린상가,세종,세종시,세종 세종시 고운동 2091 더리치 4층 403호,"475,000,000","232,750,000",낙찰,"275,800,000",58.1%,2022-06-07,2022_2Q,3
대전 8계 2021-1254(1),전,전,전,세종,세종시,세종 세종시 전동면 봉대리 218,"101,357,000","70,950,000",낙찰,"76,219,900",75.2%,2022-01-24,2022_1Q,3
대전 8계 2021-2080,공장,공장(지식산업센터 업무시설),공장,세종,세종시,세종 세종시 장군면 봉안리 150 1동호,"1,204,243,680","842,971,000",낙찰,"1,112,000,000",92.3%,2022-04-11,2022_2Q,3
대전 6계 2021-2356,오피스텔,오피스텔,오피스텔(업무용),세종,세종시,세종 세종시 어진동 648 2차푸르지오시티 11층 1126호,"95,000,000","66,500,000",낙찰,"86,750,000",91.3%,2022-01-12,2022_1Q,3
대전 8계 2021-2509(1),근린상가,근린상가,근린상가,세종,세종시,세종 세종시 조치원읍 번암리 61-6 세종메티컬센터 1동 1층 106호,"482,000,000","115,728,000",낙찰,"152,000,000",31.5%,2022-01-24,2022_1Q,3
대전 8계 2021-2790,근린상가,근린상가,근린상가,세종,세종시,세종 세종시 소담동 544 아크레타아이콤스타타워 3층 308호,"470,000,000","329,000,000",낙찰,"342,000,000",72.8%,2022-04-11,2022_2Q,3
대전 3계 2021-2813,주상복합(상가),기타토지,기타토지,세종,세종시,"세종 세종시 나성동 775 ,776 더리치세종의아침 1층 121호","865,000,000","423,850,000",낙찰,"525,000,000",60.7%,2022-02-14,2022_1Q,3
대전 4계 2021-2820(3),아파트상가,아파트상가,기타토지,세종,세종시,세종 세종시 대평동 668 해들마을6단지 판매시설-2동 1층 A124호,"1,143,000,000","560,070,000",낙찰,"625,700,000",54.7%,2022-01-18,2022_1Q,3
대전 4계 2021-2820(4),아파트상가,아파트상가,기타토지,세종,세종시,세종 세종시 대평동 668 해들마을6단지 판매시설-2동 1층 A131호,"522,000,000","255,780,000",낙찰,"276,000,000",52.9%,2022-01-18,2022_1Q,3
대전 4계 2021-2820(5),아파트상가,아파트상가,기타토지,세종,세종시,세종 세종시 대평동 668 해들마을6단지 판매시설-2동 1층 A132호,"522,000,000","255,780,000",낙찰,"327,000,000",62.6%,2022-01-18,2022_1Q,3
대전 1계 2021-3908(1),근린상가,근린상가,근린상가,세종,세종시,세종 세종시 소담동 524 법조타운A 1층 109호,"721,000,000","247,303,000",낙찰,"377,500,000",52.4%,2022-01-17,2022_1Q,3
대전 1계 2021-3908(2),근린상가,근린상가,근린상가,세종,세종시,세종 세종시 소담동 524 법조타운A 1층 110호,"731,000,000","250,733,000",낙찰,"383,000,000",52.4%,2022-01-17,2022_1Q,3
대전 7계 2021-3960,임야,임야,임야,세종,세종시,세종 세종시 전동면 봉대리 산107,"31,680,000","5,324,000",낙찰,"8,980,000",28.3%,2022-04-19,2022_2Q,3
대전 8계 2021-4482,오피스텔,오피스텔,오피스텔(업무용),세종,세종시,세종 세종시 어진동 648 2차푸르지오시티 6층 615호,"100,000,000","70,000,000",낙찰,"71,000,000",71.0%,2022-03-07,2022_1Q,3
대전 3계 2021-4949(1),주상복합(상가),기타토지,기타토지,세종,세종시,세종 세종시 반곡동 771-68 더스테이빌딩 2층 206-1호,"300,000,000","147,000,000",낙찰,"169,999,999",56.7%,2022-02-14,2022_1Q,3
대전 3계 2021-4949(2),주상복합(주거),기타토지,기타토지,세종,세종시,세종 세종시 반곡동 771-68 더스테이빌딩 4층 407-1호,"198,000,000","97,020,000",낙찰,"106,999,999",54.0%,2022-02-14,2022_1Q,3
대전 5계 2021-4963,근린상가,근린상가,근린상가,세종,세종시,세종 세종시 연서면 월하리 138-1 세종패션타운1차 1동 1층 105호,"720,000,000","246,960,000",낙찰,"400,999,900",55.7%,2022-05-18,2022_2Q,3
대전 4계 2021-5096(1),근린상가,근린상가,근린상가,세종,세종시,세종 세종시 고운동 1370 고운프라자 3층 303호,"329,000,000","161,210,000",낙찰,"209,000,000",63.5%,2022-01-18,2022_1Q,3
대전 4계 2021-5096(2),근린상가,근린상가,근린상가,세종,세종시,세종 세종시 고운동 1370 고운프라자 3층 306호,"288,000,000","141,120,000",낙찰,"187,000,000",64.9%,2022-01-18,2022_1Q,3
대전 7계 2021-5218,임야,임야,임야,세종,세종시,세종 세종시 금남면 영대리 498-1,"11,901,780","11,901,780",낙찰,"12,901,780",108.4%,2022-03-15,2022_1Q,3
대전 8계 2021-5669,아파트,아파트,아파트,세종,세종시,세종 세종시 나성동 727 SR파크센텀 4층 452호,"135,000,000","94,500,000",낙찰,"122,000,000",90.4%,2022-01-24,2022_1Q,3
대전 1계 2021-5966,근린상가,근린상가,근린상가,세종,세종시,세종 세종시 보람동 710 금강르네상스 2층 207호,"570,000,000","195,510,000",낙찰,"308,670,000",54.2%,2022-02-28,2022_1Q,3
대전 3계 2021-6167,임야,임야,임야,세종,세종시,세종 세종시 장군면 대교리 90-12,"29,700,000","29,700,000",낙찰,"52,777,000",177.7%,2022-01-04,2022_1Q,3
대전 4계 2021-6389,답,답,답,세종,세종시,세종 세종시 조치원읍 신안리 436-1,"473,937,000","232,229,000",낙찰,"346,510,000",73.1%,2022-05-10,2022_2Q,3
대전 3계 2021-6860,임야,임야,임야,세종,세종시,세종 세종시 연기면 수산리 578-63,"24,262,000","16,983,000",낙찰,"23,499,900",96.9%,2022-02-14,2022_1Q,3
대전 8계 2021-7023,임야,임야,임야,세종,세종시,세종 세종시 연기면 눌왕리 산105,"17,372,000","10,944,000",낙찰,"12,600,000",72.5%,2022-03-07,2022_1Q,3
대전 7계 2021-7139,아파트,아파트,아파트,세종,세종시,"세종 세종시 전의면 유천리 528 ,530,531 민석그린 106동 3층 301호","87,000,000","60,900,000",낙찰,"78,236,000",89.9%,2022-03-15,2022_1Q,3
대전 4계 2021-7160,근린상가,근린상가,근린상가,세종,세종시,세종 세종시 나성동 746 SJ타워 6층 608호,"472,000,000","231,280,000",낙찰,"308,989,000",65.5%,2022-04-05,2022_2Q,3
대전 7계 2021-7207,근린상가,근린상가,근린상가,세종,세종시,"세종 세종시 조치원읍 죽림리 102 ,99-5 조치원GR빌딩 4층 401호","313,000,000","219,100,000",낙찰,"235,200,000",75.1%,2022-03-15,2022_1Q,3
대전 2계 2021-7405,중기,기타토지,기타토지,세종,세종시,세종 세종시 연동면 응암리 925 신성한울림주차장내 보관,"40,000,000","19,600,000",낙찰,"28,010,000",70.0%,2022-01-10,2022_1Q,3
대전 5계 2021-7481,아파트,아파트,아파트,세종,세종시,"세종 세종시 조치원읍 서창리 239-2 ,240-1,133-10 두진한라 1동 2층 203호","90,000,000","63,000,000",낙찰,"86,500,000",96.1%,2022-03-08,2022_1Q,3
대전 8계 2021-7566(3),답,답,답,세종,세종시,세종 세종시 금남면 영대리 682,"43,713,600","21,420,000",낙찰,"30,600,000",70.0%,2022-06-20,2022_2Q,3
대전 8계 2021-7566(4),대지,나대지,나대지,세종,세종시,세종 세종시 금남면 영대리 713,"74,304,000","52,012,800",낙찰,"52,777,000",71.0%,2022-04-11,2022_2Q,3
대전 8계 2021-7566(1),답,답,답,세종,세종시,세종 세종시 금남면 영대리 652,"45,770,400","32,039,000",낙찰,"38,800,000",84.8%,2022-06-20,2022_2Q,3
대전 2계 2021-7825,차량,기타토지,기타토지,세종,세종시,세종 세종시 연동면 응암리 925 신성한울림주차장내 보관,"20,000,000","9,800,000",낙찰,"10,200,000",51.0%,2022-02-21,2022_1Q,3
대전 7계 2021-7948,근린상가,근린상가,근린상가,세종,세종시,세종 세종시 보람동 708 세종드림빌딩 3층 312호,"467,000,000","160,181,000",낙찰,"194,000,000",41.5%,2022-06-28,2022_2Q,3
대전 2계 2021-7955,차량,기타토지,기타토지,세종,세종시,세종 세종시 소정면 대곡리 342-2 현진화물자동차매매상사주차장내 보관,"12,000,000","8,400,000",낙찰,"11,000,000",91.7%,2022-03-28,2022_1Q,3
대전 1계 2021-7993,전,전,전,세종,세종시,세종 세종시 장군면 하봉리 181,"648,990,000","648,990,000",낙찰,"720,130,000",111.0%,2022-04-04,2022_2Q,3
대전 2계 2021-8101,차량,기타토지,기타토지,세종,세종시,세종 세종시 소정면 대곡리 342-2 한국캐피탈주차장내 보관,"12,000,000","8,400,000",낙찰,"9,770,000",81.4%,2022-01-10,2022_1Q,3
대전 3계 2021-8682,점포,근린상가,점포상가,세종,세종시,"세종 세종시 조치원읍 원리 6-14 1,2층 3호","84,697,500","84,697,500",낙찰,"101,000,000",119.2%,2022-04-25,2022_2Q,3
대전 8계 2021-8767,근린상가,근린상가,근린상가,세종,세종시,세종 세종시 새롬동 592 새뜸프라자 3층 310호,"297,000,000","297,000,000",낙찰,"320,000,000",107.7%,2022-05-16,2022_2Q,3
대전 5계 2021-9210(2),근린상가,근린상가,근린상가,세종,세종시,세종 세종시 도담동 670 황금빌딩 1동 3층 302호,"482,000,000","337,400,000",낙찰,"337,400,000",70.0%,2022-05-18,2022_2Q,3
대전 4계 2021-9265,임야,임야,임야,세종,세종시,세종 세종시 연동면 노송리 산9-45,"69,111,000","48,378,000",낙찰,"71,200,000",103.0%,2022-05-10,2022_2Q,3
대전 1계 2021-9760,단독주택,단독,단독주택,세종,세종시,세종 세종시 연서면 월하리 883,"1,008,196,160","705,737,000",낙찰,"800,110,000",79.4%,2022-06-13,2022_2Q,3
대전 5계 2021-102973(2),근린상가,근린상가,근린상가,세종,세종시,세종 세종시 아름동 1309 동행주차타워주건축물 1동 1층 105호,"732,000,000","358,680,000",낙찰,"358,735,000",49.0%,2022-05-18,2022_2Q,3
대전 5계 2021-102973(5),근린상가,근린상가,근린상가,세종,세종시,세종 세종시 고운동 1370 고운프라자 8층 804호,"313,000,000","153,370,000",낙찰,"168,880,880",54.0%,2022-05-18,2022_2Q,3
대전 5계 2021-102973(6),근린상가,근린상가,근린상가,세종,세종시,세종 세종시 고운동 1370 고운프라자 8층 805호,"454,000,000","222,460,000",낙찰,"240,620,000",53.0%,2022-05-18,2022_2Q,3
대전 5계 2021-102973(8),근린상가,근린상가,근린상가,세종,세종시,세종 세종시 아름동 1309 동행주차타워주건축물 1동 3층 301호,"51,000,000","24,990,000",낙찰,"25,770,000",50.5%,2022-05-18,2022_2Q,3
대전 8계 2021-104900,연구소,기타건물,기타건물,세종,세종시,"세종 세종시 연동면 노송리 429-9 ,426-3,427-1 1동호","6,949,780,400","4,864,846,000",낙찰,"5,388,888,000",77.5%,2022-04-11,2022_2Q,3
대전 3계 2021-105408(2),임야,임야,임야,세종,세종시,세종 세종시 전의면 관정리 산69,"2,731,673,000","936,964,000",낙찰,"1,249,800,000",45.8%,2022-03-21,2022_1Q,3
대전 3계 2021-105408(3),답,답,답,세종,세종시,세종 세종시 전의면 관정리 157,"1,194,608,000","585,358,000",낙찰,"625,888,000",52.4%,2022-02-14,2022_1Q,3
대전 3계 2021-105408(1),답,답,답,세종,세종시,세종 세종시 전의면 관정리 212,"253,795,000","177,657,000",낙찰,"251,550,000",99.1%,2022-04-25,2022_2Q,3
대전 2계 2021-105866,차량,기타토지,기타토지,세종,세종시,세종 세종시 연동면 응암리 925 신성한울림주차장내 보관,"50,000,000","5,883,000",낙찰,"10,255,000",20.5%,2022-03-28,2022_1Q,3
대전 4계 2021-106227,주상복합(주거),기타토지,기타토지,세종,세종시,세종 세종시 부강면 부강리 970-3 청솔 14층 1402호,"98,000,000","68,600,000",낙찰,"88,555,000",90.4%,2022-03-02,2022_1Q,3
대전 2계 2021-106869,중기,기타토지,기타토지,세종,세종시,세종 세종시 연동면 응암리 925 신성한울림주차장내 보관,"18,000,000","8,820,000",낙찰,"11,660,000",64.8%,2022-01-10,2022_1Q,3
대전 8계 2021-107237,오피스텔,오피스텔,오피스텔(업무용),세종,세종시,세종 세종시 어진동 656 푸르지오시티 8층 846호,"95,000,000","95,000,000",낙찰,"99,891,900",105.1%,2022-03-07,2022_1Q,3
대전 6계 2021-107756,다세대,다세대주택,다세대,세종,세종시,세종 세종시 소정면 대곡리 314-11 학수그린빌라 1동 3층 302호,"64,000,000","44,800,000",낙찰,"48,810,900",76.3%,2022-06-08,2022_2Q,3
대전 7계 2021-107763,아파트,아파트,아파트,세종,세종시,세종 세종시 연서면 봉암리 622 대원네스트빌 105동 3층 302호,"265,000,000","185,500,000",낙찰,"190,440,000",71.9%,2022-04-19,2022_2Q,3
대전 1계 2021-107794,전,전,전,세종,세종시,세종 세종시 전의면 동교리 198-5,"10,902,200","7,632,000",낙찰,"8,132,000",74.6%,2022-05-09,2022_2Q,3
대전 2계 2021-108001,차량,기타토지,기타토지,세종,세종시,세종 세종시 연동면 응암리 925 신성한울림주차장내 보관,"9,000,000","4,410,000",낙찰,"6,380,000",70.9%,2022-01-10,2022_1Q,3
대전 2계 2021-108155,차량,기타토지,기타토지,세종,세종시,세종 세종시 연동면 응암리 925 신성한울림(044-868-9190)내 보관,"17,000,000","11,900,000",낙찰,"12,100,000",71.2%,2022-01-10,2022_1Q,3
대전 1계 2021-108216,답,답,답,세종,세종시,세종 세종시 금남면 장재리 254,"159,500,000","159,500,000",낙찰,"191,500,000",120.1%,2022-04-04,2022_2Q,3
대전 2계 2021-108742,중기,기타토지,기타토지,세종,세종시,세종 세종시 연동면 응암리 925 신성한울림(044-868-9190)내 보관,"30,000,000","21,000,000",낙찰,"25,000,000",83.3%,2022-02-21,2022_1Q,3
대전 7계 2021-108926,아파트,아파트,아파트,세종,세종시,"세종 세종시 도담동 664 ,665 라온프라이빗시티Ⅰ 5층 521호","92,000,000","64,400,000",낙찰,"83,100,000",90.3%,2022-04-19,2022_2Q,3
대전 4계 2021-109042,전,전,전,세종,세종시,세종 세종시 조치원읍 신흥리 14-7,"1,791,335,000","1,253,935,000",낙찰,"1,616,000,000",90.2%,2022-05-10,2022_2Q,3
대전 2계 2021-109349,중기,기타토지,기타토지,세종,세종시,세종 세종시 연동면 응암리 925 신성한울림주차장내 보관,"33,000,000","23,100,000",낙찰,"28,611,000",86.7%,2022-01-10,2022_1Q,3
대전 2계 2021-109356,중기,기타토지,기타토지,세종,세종시,세종 세종시 연동면 응암리 925 신성한울림주차장내 보관,"37,000,000","37,000,000",낙찰,"38,500,000",104.1%,2022-01-10,2022_1Q,3
대전 5계 2021-109431,아파트,아파트,아파트,세종,세종시,"세종 세종시 한솔동 1045 ,971 첫마을 503동 26층 2603호","654,000,000","457,800,000",낙찰,"512,790,000",78.4%,2022-04-13,2022_2Q,3
대전 8계 2021-109899,아파트,아파트,아파트,세종,세종시,"세종 세종시 도담동 664 ,665 라온프라이빗시티1 5층 522호","100,000,000","70,000,000",낙찰,"87,399,000",87.4%,2022-06-20,2022_2Q,3
대전 4계 2021-109936(1),오피스텔(상가),오피스텔,오피스텔(업무용),세종,세종시,"세종 세종시 도담동 660 ,661,662 세종한신휴시티 2층 233호","430,000,000","210,700,000",낙찰,"220,000,000",51.2%,2022-06-14,2022_2Q,3
대전 4계 2021-109936(2),주상복합(상가),기타토지,기타토지,세종,세종시,"세종 세종시 도담동 666 ,667 라온프라이빗시티Ⅱ 1동 1층 103호","469,000,000","229,810,000",낙찰,"260,030,000",55.4%,2022-06-14,2022_2Q,3
대전 2계 2021-110042,차량,기타토지,기타토지,세종,세종시,세종 세종시 연동면 응암리 925 신성한울림내 보관,"13,000,000","13,000,000",낙찰,"13,888,000",106.8%,2022-02-21,2022_1Q,3
대전 2계 2021-110059,중기,기타토지,기타토지,세종,세종시,세종 세종시 연동면 응암리 925 신성한울림(044-868-9190)내 보관,"80,000,000","56,000,000",낙찰,"61,700,000",77.1%,2022-02-21,2022_1Q,3
대전 2계 2021-110226,중기,기타토지,기타토지,세종,세종시,세종 세종시 연동면 응암리 925 신성한울림(044-868-9190)내 보관,"220,000,000","107,800,000",낙찰,"120,010,000",54.5%,2022-03-28,2022_1Q,3
대전 2계 2021-110356,차량,기타토지,기타토지,세종,세종시,세종 세종시 연동면 응암리 925 신성한울림(044-868-9190)내 보관,"12,800,000","8,960,000",낙찰,"8,990,000",70.2%,2022-02-21,2022_1Q,3
대전 2계 2021-110660,차량,기타토지,기타토지,세종,세종시,세종 세종시 연동면 응암리 925 신성한울림(044-868-9190)내 보관,"18,000,000","12,600,000",낙찰,"12,610,000",70.1%,2022-03-28,2022_1Q,3
대전 4계 2021-110745,아파트,아파트,아파트,세종,세종시,세종 세종시 고운동 1400 가락마을10단지 1004동 8층 803호,"587,000,000","410,900,000",낙찰,"420,000,000",71.6%,2022-06-14,2022_2Q,3
대전 8계 2021-111120,답,답,답,세종,세종시,세종 세종시 금남면 성덕리 87-4,"153,454,000","153,454,000",낙찰,"173,478,000",113.0%,2022-05-16,2022_2Q,3
대전 2계 2022-100943,중기,기타토지,기타토지,세종,세종시,세종 세종시 연동면 응암리 925 신성한울림(044-868-9190)내 보관,"17,200,000","4,130,000",낙찰,"5,312,000",30.9%,2022-06-10,2022_2Q,3
대전 2계 2022-101755(1),중기,기타토지,기타토지,세종,세종시,세종 세종시 연동면 응암리 925 신성한울림주차장(제3자임동철)에게 보관,"40,000,000","28,000,000",낙찰,"30,100,000",75.3%,2022-06-10,2022_2Q,3
대전 3계 2020-7378,아파트,아파트,아파트,세종,세종시,세종 세종시 새롬동 601 새뜸마을1단지 109동 14층 1403호,"971,000,000","679,700,000",낙찰,"845,100,000",87.0%,2022-08-22,2022_3Q,3
대전 6계 2021-1544(1),답,답,답,세종,세종시,세종 세종시 전의면 유천리 436-1,"291,555,000","204,089,000",낙찰,"237,000,000",81.3%,2022-07-13,2022_3Q,3
대전 6계 2021-1544(2),답,답,답,세종,세종시,세종 세종시 전의면 유천리 442,"492,492,000","241,321,000",낙찰,"401,222,222",81.5%,2022-08-31,2022_3Q,3
대전 6계 2021-1544(3),전,전,전,세종,세종시,세종 세종시 전의면 읍내리 9,"149,820,000","73,412,000",낙찰,"73,450,000",49.0%,2022-08-31,2022_3Q,3
대전 6계 2021-4925(1),근린상가,근린상가,근린상가,세종,세종시,세종 세종시 소담동 529 도경프라자 3층 301호,"565,000,000","276,850,000",낙찰,"300,000,000",53.1%,2022-11-09,2022_4Q,3
대전 6계 2021-4925(5),근린상가,근린상가,근린상가,세종,세종시,세종 세종시 소담동 529 도경프라자 4층 401호,"528,000,000","258,720,000",낙찰,"280,000,000",53.0%,2022-11-09,2022_4Q,3
대전 6계 2021-4925(6),근린상가,근린상가,근린상가,세종,세종시,세종 세종시 소담동 529 도경프라자 4층 402호,"530,000,000","259,700,000",낙찰,"283,000,000",53.4%,2022-11-09,2022_4Q,3
대전 6계 2021-4925(7),근린상가,근린상가,근린상가,세종,세종시,세종 세종시 소담동 529 도경프라자 4층 403호,"499,000,000","244,510,000",낙찰,"265,000,000",53.1%,2022-11-09,2022_4Q,3
대전 6계 2021-4925(8),근린상가,근린상가,근린상가,세종,세종시,세종 세종시 소담동 529 도경프라자 4층 406호,"594,000,000","291,060,000",낙찰,"320,000,000",53.9%,2022-11-09,2022_4Q,3
대전 6계 2021-4925(9),근린상가,근린상가,근린상가,세종,세종시,세종 세종시 소담동 529 도경프라자 4층 407호,"428,000,000","209,720,000",낙찰,"221,000,000",51.6%,2022-11-09,2022_4Q,3
대전 8계 2021-6631(2),답,답,답,세종,세종시,세종 세종시 조치원읍 신안리 418-10,"164,800,000","164,800,000",낙찰,"166,000,000",100.7%,2022-12-01,2022_4Q,3
대전 8계 2021-7771,주상복합(상가),기타토지,기타토지,세종,세종시,세종 세종시 소담동 575 퍼스트시티 5층 510호,"155,000,000","75,950,000",낙찰,"87,500,000",56.5%,2022-09-21,2022_3Q,3
대전 8계 2021-8460,임야,임야,임야,세종,세종시,세종 세종시 장군면 금암리 318-3,"1,502,880,000","1,352,592,000",낙찰,"1,372,000,000",91.3%,2022-09-21,2022_3Q,3
대전 1계 2021-8866,대지,나대지,나대지,세종,세종시,세종 세종시 도담동 573,"2,094,400,000","1,466,080,000",낙찰,"1,580,100,000",75.4%,2022-09-05,2022_3Q,3
대전 8계 2021-8927,임야,임야,임야,세종,세종시,세종 세종시 부강면 문곡리 산106,"224,426,400","76,978,000",낙찰,"103,700,000",46.2%,2022-10-17,2022_4Q,3
대전 1계 2021-9678,아파트,아파트,아파트,세종,세종시,세종 세종시 고운동 1387 가락마을22단지 2204동 3층 302호,"678,000,000","332,220,000",낙찰,"443,660,000",65.4%,2022-07-18,2022_3Q,3
대전 5계 2021-9791,다세대,다세대주택,다세대,세종,세종시,"세종 세종시 금남면 도남리 95 ,96 금강의휴양림마을 B동 4층 401호","301,000,000","103,243,000",낙찰,"130,100,000",43.2%,2022-11-23,2022_4Q,3
대전 4계 2021-10029,근린상가,근린상가,근린상가,세종,세종시,세종 세종시 어진동 608 세종일번가 3층 A-304호,"290,000,000","142,100,000",낙찰,"153,900,000",53.1%,2022-07-19,2022_3Q,3
대전 3계 2021-105767,근린상가,근린상가,근린상가,세종,세종시,세종 세종시 나성동 767 갤러리세종프라자 1층 101호,"894,000,000","438,060,000",낙찰,"494,000,000",55.3%,2022-07-04,2022_3Q,3
대전 4계 2021-105774,근린상가,근린상가,근린상가,세종,세종시,세종 세종시 나성동 767 갤러리세종프라자 2층 213호,"535,000,000","262,150,000",낙찰,"335,000,000",62.6%,2022-08-23,2022_3Q,3
대전 1계 2021-106289,임야,임야,임야,세종,세종시,세종 세종시 소정면 대곡리 산32-3,"36,355,000","8,729,000",낙찰,"9,500,000",26.1%,2022-12-19,2022_4Q,3
대전 3계 2021-107268(1),근린상가,근린상가,근린상가,세종,세종시,세종 세종시 보람동 703 금강노을 1동 3층 309호,"585,000,000","200,655,000",낙찰,"205,900,000",35.2%,2022-07-04,2022_3Q,3
대전 3계 2021-107268(2),근린상가,근린상가,근린상가,세종,세종시,세종 세종시 보람동 703 금강노을 1동 3층 308호,"585,000,000","200,655,000",낙찰,"233,981,111",40.0%,2022-07-04,2022_3Q,3
대전 1계 2021-107701(1),오피스텔(상가),오피스텔,오피스텔(업무용),세종,세종시,세종 세종시 어진동 669 세종파이낸스센터1 3층 302-1호,"444,000,000","217,560,000",낙찰,"222,050,000",50.0%,2022-07-18,2022_3Q,3
대전 1계 2021-107701(2),오피스텔(상가),오피스텔,오피스텔(업무용),세종,세종시,세종 세종시 어진동 669 세종파이낸스센터1 5층 518호,"518,000,000","253,820,000",낙찰,"254,010,000",49.0%,2022-07-18,2022_3Q,3
대전 1계 2021-108858,임야,임야,임야,세종,세종시,세종 세종시 전의면 관정리 산50-3,"12,500,000","8,750,000",낙찰,"12,799,999",102.4%,2022-07-18,2022_3Q,3
대전 7계 2021-109547,아파트,아파트,아파트,세종,세종시,세종 세종시 반곡동 143-1 수루배마을6단지 616동 3층 303호,"575,000,000","281,750,000",낙찰,"383,619,000",66.7%,2022-08-17,2022_3Q,3
대전 7계 2021-110318,주상복합(상가),기타토지,기타토지,세종,세종시,세종 세종시 어진동 664 세종모닝시티 1층 109호,"448,000,000","153,664,000",낙찰,"166,000,000",37.1%,2022-08-17,2022_3Q,3
대전 7계 2022-67(1),아파트상가,아파트상가,기타토지,세종,세종시,세종 세종시 대평동 668 해들마을6단지 판매시설-3동 2층 C216호,"189,000,000","92,610,000",낙찰,"92,700,000",49.0%,2022-09-22,2022_3Q,3
대전 7계 2022-81,아파트상가,아파트상가,기타토지,세종,세종시,세종 세종시 새롬동 564 새뜸마을13단지 1층 B-120호,"1,662,000,000","814,380,000",낙찰,"1,300,000,000",78.2%,2022-08-17,2022_3Q,3
대전 1계 2022-173,아파트,아파트,아파트,세종,세종시,세종 세종시 아름동 1277 범지기마을10단지 1015동 4층 401호,"578,000,000","404,600,000",낙찰,"454,600,000",78.7%,2022-07-18,2022_3Q,3
대전 3계 2022-180,근린상가,근린상가,근린상가,세종,세종시,세종 세종시 어진동 657 세종비지니스센터 1층 A137호,"1,080,000,000","370,440,000",낙찰,"473,490,000",43.8%,2022-09-26,2022_3Q,3
대전 4계 2022-197,근린상가,근린상가,근린상가,세종,세종시,세종 세종시 소담동 540 코끼리타워 1층 101호,"938,639,000","459,933,000",낙찰,"525,000,000",55.9%,2022-10-04,2022_4Q,3
대전 5계 2022-203(1),근린상가,근린상가,근린상가,세종,세종시,세종 세종시 보람동 708 세종드림빌딩 1층 102호,"893,000,000","437,570,000",낙찰,"440,505,000",49.3%,2022-09-14,2022_3Q,3
대전 5계 2022-203(2),근린상가,근린상가,근린상가,세종,세종시,세종 세종시 보람동 708 세종드림빌딩 1층 101호,"1,559,000,000","534,737,000",낙찰,"618,000,000",39.6%,2022-10-19,2022_4Q,3
대전 3계 2022-272,주상복합(상가),기타토지,기타토지,세종,세종시,세종 세종시 나성동 764 세종갤러리밸류시티 2층 208호,"664,000,000","227,752,000",낙찰,"278,990,000",42.0%,2022-09-26,2022_3Q,3
대전 1계 2022-340,아파트,아파트,아파트,세종,세종시,세종 세종시 새롬동 614 새뜸마을12단지 1204동 6층 605호,"903,000,000","632,100,000",낙찰,"702,500,000",77.8%,2022-07-18,2022_3Q,3
대전 4계 2022-364,임야,임야,임야,세종,세종시,세종 세종시 장군면 금암리 283-43,"296,274,000","145,174,000",낙찰,"166,000,100",56.0%,2022-11-08,2022_4Q,3
대전 6계 2022-388(1),근린상가,근린상가,근린상가,세종,세종시,세종 세종시 보람동 757 위너스타워 3층 303호,"584,000,000","286,160,000",낙찰,"322,000,000",55.1%,2022-10-05,2022_4Q,3
대전 6계 2022-388(2),근린상가,근린상가,근린상가,세종,세종시,세종 세종시 보람동 757 위너스타워 3층 304호,"876,000,000","300,468,000",낙찰,"461,500,000",52.7%,2022-11-09,2022_4Q,3
대전 6계 2022-388(3),근린상가,근린상가,근린상가,세종,세종시,세종 세종시 보람동 757 위너스타워 4층 403호,"508,000,000","355,600,000",낙찰,"361,188,000",71.1%,2022-08-31,2022_3Q,3
대전 6계 2022-388(4),근린상가,근린상가,근린상가,세종,세종시,세종 세종시 보람동 757 위너스타워 4층 404호,"511,000,000","357,700,000",낙찰,"405,777,000",79.4%,2022-08-31,2022_3Q,3
대전 6계 2022-388(5),근린상가,근린상가,근린상가,세종,세종시,세종 세종시 보람동 757 위너스타워 5층 503호,"484,000,000","237,160,000",낙찰,"283,919,000",58.7%,2022-10-05,2022_4Q,3
대전 6계 2022-388(6),근린상가,근린상가,근린상가,세종,세종시,세종 세종시 보람동 757 위너스타워 6층 602호,"436,000,000","305,200,000",낙찰,"322,335,000",73.9%,2022-08-31,2022_3Q,3
대전 6계 2022-388(7),근린상가,근린상가,근린상가,세종,세종시,세종 세종시 보람동 757 위너스타워 6층 603호,"484,000,000","237,160,000",낙찰,"279,990,000",57.8%,2022-10-05,2022_4Q,3
대전 6계 2022-470(1),아파트상가,아파트상가,기타토지,세종,세종시,세종 세종시 대평동 668 해들마을6단지 판매시설-3동 2층 C218호,"174,000,000","59,682,000",낙찰,"70,888,000",40.7%,2022-12-14,2022_4Q,3
대전 6계 2022-470(2),아파트상가,아파트상가,기타토지,세종,세종시,세종 세종시 대평동 668 해들마을6단지 판매시설-3동 2층 C219호,"174,000,000","59,682,000",낙찰,"70,888,000",40.7%,2022-12-14,2022_4Q,3
대전 6계 2022-470(3),아파트상가,아파트상가,기타토지,세종,세종시,세종 세종시 대평동 668 해들마을6단지 판매시설-3동 2층 C220호,"176,000,000","60,368,000",낙찰,"76,790,000",43.6%,2022-12-14,2022_4Q,3
대전 6계 2022-470(4),아파트상가,아파트상가,기타토지,세종,세종시,세종 세종시 대평동 668 해들마을6단지 판매시설-3동 2층 C221호,"176,000,000","60,368,000",낙찰,"71,888,000",40.8%,2022-12-14,2022_4Q,3
대전 6계 2022-470(5),아파트상가,아파트상가,기타토지,세종,세종시,세종 세종시 대평동 668 해들마을6단지 판매시설-3동 2층 C222호,"185,000,000","90,650,000",낙찰,"92,765,000",50.1%,2022-11-09,2022_4Q,3
대전 7계 2022-494(2),근린상가,근린상가,근린상가,세종,세종시,세종 세종시 도담동 670 황금빌딩 1동 2층 205호,"482,000,000","236,180,000",낙찰,"237,138,000",49.2%,2022-09-22,2022_3Q,3
대전 5계 2022-1091,오피스텔(상가),오피스텔,오피스텔(업무용),세종,세종시,세종 세종시 어진동 648 2차푸르지오시티 1층 119호,"202,000,000","98,980,000",낙찰,"102,121,000",50.6%,2022-10-19,2022_4Q,3
대전 5계 2022-1152,아파트,아파트,아파트,세종,세종시,"세종 세종시 한솔동 950 ,947 첫마을 307동 7층 712호","827,000,000","405,230,000",낙찰,"480,880,000",58.1%,2022-12-28,2022_4Q,3
대전 3계 2022-1923,근린상가,근린상가,근린상가,세종,세종시,세종 세종시 고운동 1717 세종스마트큐브1 1층 111호,"580,000,000","284,200,000",낙찰,"320,000,000",55.2%,2022-10-31,2022_4Q,3
대전 1계 2022-1992,목장용지,기타토지,목장용지,세종,세종시,세종 세종시 금남면 도남리 116-55,"217,064,000","151,945,000",낙찰,"192,000,100",88.5%,2022-10-11,2022_4Q,3
대전 3계 2022-2001,임야,임야,임야,세종,세종시,세종 세종시 전의면 관정리 산3-4,"14,850,000","10,395,000",낙찰,"10,509,000",70.8%,2022-09-26,2022_3Q,3
대전 5계 2022-2612,근린상가,근린상가,근린상가,세종,세종시,세종 세종시 어진동 670 세종에비뉴힐A 3층 3009호,"156,000,000","76,440,000",낙찰,"92,111,800",59.0%,2022-11-23,2022_4Q,3
대전 5계 2022-2926(1),답,답,답,세종,세종시,세종 세종시 장군면 금암리 408-1,"205,942,000","144,159,000",낙찰,"175,000,000",85.0%,2022-11-23,2022_4Q,3
대전 5계 2022-2926(2),답,답,답,세종,세종시,세종 세종시 장군면 금암리 408-5,"313,770,600","219,639,000",낙찰,"270,000,000",86.1%,2022-11-23,2022_4Q,3
대전 5계 2022-2926(3),답,답,답,세종,세종시,세종 세종시 장군면 금암리 413-9,"4,890,000","3,423,000",낙찰,"3,500,000",71.6%,2022-11-23,2022_4Q,3
대전 6계 2022-2933,전,전,전,세종,세종시,세종 세종시 금남면 달전리 581,"126,587,170","88,611,000",낙찰,"88,988,000",70.3%,2022-12-14,2022_4Q,3
대전 1계 2022-3387,근린상가,근린상가,근린상가,세종,세종시,세종 세종시 고운동 2094 세종중앙타워 1층 113호,"813,000,000","398,370,000",낙찰,"437,600,000",53.8%,2022-12-19,2022_4Q,3
대전 6계 2022-3516,전,전,전,세종,세종시,세종 세종시 장군면 금암리 134,"439,458,000","439,458,000",낙찰,"440,000,000",100.1%,2022-11-09,2022_4Q,3
대전 5계 2022-3981,아파트,아파트,아파트,세종,세종시,세종 세종시 아름동 1284 범지기마을7단지 호반베르디움에코시티 709동 10층 1002호,"600,000,000","420,000,000",낙찰,"451,500,000",75.3%,2022-11-23,2022_4Q,3
대전 2계 2022-5000,차량,기타토지,기타토지,세종,세종시,세종 세종시 연동면 응암리 925 신성한울림내 (044-868-9190) 보관,"18,000,000","12,600,000",낙찰,"14,280,000",79.3%,2022-12-12,2022_4Q,3
대전 5계 2022-100165,오피스텔,오피스텔,오피스텔(업무용),세종,세종시,세종 세종시 어진동 669 세종파이낸스센터1 3층 309-1호,"442,000,000","216,580,000",낙찰,"230,400,000",52.1%,2022-09-14,2022_3Q,3
대전 3계 2022-100233,근린상가,근린상가,근린상가,세종,세종시,세종 세종시 고운동 1717 세종스마트큐브1 1층 113호,"1,522,000,000","745,780,000",낙찰,"810,000,000",53.2%,2022-08-22,2022_3Q,3
대전 3계 2022-100622,아파트,아파트,아파트,세종,세종시,"세종 세종시 조치원읍 죽림리 72 ,-1,-2 죽림우방유쉘 108동 9층 903호","416,000,000","291,200,000",낙찰,"320,000,000",76.9%,2022-07-04,2022_3Q,3
대전 5계 2022-100646,근린주택,근린주택,근린주택,세종,세종시,세종 세종시 조치원읍 원리 8-7,"76,613,700","53,630,000",낙찰,"62,812,000",82.0%,2022-09-14,2022_3Q,3
대전 2계 2022-100875,차량,기타토지,기타토지,세종,세종시,세종 세종시 연동면 응암리 925 신성한울림주차장(044-868-9190)내 보관,"8,000,000","3,920,000",낙찰,"5,688,000",71.1%,2022-07-11,2022_3Q,3
대전 8계 2022-101328(1),답,답,답,세종,세종시,세종 세종시 금남면 발산리 256,"284,110,000","284,110,000",낙찰,"301,000,000",105.9%,2022-08-08,2022_3Q,3
대전 8계 2022-101328(2),전,전,전,세종,세종시,세종 세종시 금남면 영치리 313-1,"9,720,000","9,720,000",낙찰,"20,880,000",214.8%,2022-08-08,2022_3Q,3
대전 2계 2022-101625,중기,기타토지,기타토지,세종,세종시,세종 세종시 연동면 응암리 925 신성한울림주차장(044-868-9190)내 보관,"150,000,000","73,500,000",낙찰,"98,300,000",65.5%,2022-07-11,2022_3Q,3
대전 2계 2022-101755(2),중기,기타토지,기타토지,세종,세종시,세종 세종시 연동면 응암리 925 신성한울림주차장(제3자임동철)에게 보관,"8,000,000","1,921,000",낙찰,"2,568,000",32.1%,2022-08-29,2022_3Q,3
대전 1계 2022-101762,아파트,아파트,아파트,세종,세종시,세종 세종시 반곡동 행정중심복합도시4-1생활권엠2블록 수루배마을3단지 323동 5층 504호,"832,000,000","582,400,000",낙찰,"583,000,000",70.1%,2022-09-05,2022_3Q,3
대전 6계 2022-101809,아파트,아파트,아파트,세종,세종시,"세종 세종시 조치원읍 죽림리 72 ,72-1,72-2 죽림우방유쉘 102동 2층 203호","454,000,000","317,800,000",낙찰,"350,000,000",77.1%,2022-10-05,2022_4Q,3
대전 4계 2022-102406,임야,임야,임야,세종,세종시,세종 세종시 연동면 명학리 621-1,"72,046,260","72,046,260",낙찰,"74,000,100",102.7%,2022-08-23,2022_3Q,3
대전 5계 2022-102543,아파트,아파트,아파트,세종,세종시,세종 세종시 조치원읍 신안리 542 이편한세상세종 112동 6층 602호,"566,000,000","277,340,000",낙찰,"352,000,000",62.2%,2022-11-23,2022_4Q,3
대전 2계 2022-103539,차량,기타토지,기타토지,세종,세종시,세종 세종시 연동면 응암리 925 신성한울림(044-868-9190)내보관,"9,000,000","4,410,000",낙찰,"5,600,000",62.2%,2022-08-29,2022_3Q,3
대전 2계 2022-103553,차량,기타토지,기타토지,세종,세종시,세종 세종시 연동면 응암리 925 신성한울림(044-868-9190)내보관,"7,000,000","4,900,000",낙찰,"5,730,000",81.9%,2022-07-11,2022_3Q,3
대전 5계 2022-103638,임야,임야,임야,세종,세종시,세종 세종시 장군면 봉안리 295-11,"629,254,000","629,254,000",낙찰,"1,005,100,000",159.7%,2022-10-19,2022_4Q,3
대전 2계 2022-103782,차량,기타토지,기타토지,세종,세종시,세종 세종시 연동면 응암리 925 신성한울림(044-868-9190)내보관,"11,000,000","11,000,000",낙찰,"12,210,000",111.0%,2022-07-11,2022_3Q,3
대전 2계 2022-103799,차량,기타토지,기타토지,세종,세종시,세종 세종시 연동면 응암리 925 신성한울림(044-868-9190)내 보관,"23,000,000","11,270,000",낙찰,"15,599,900",67.8%,2022-10-07,2022_4Q,3
대전 2계 2022-104181,차량,기타토지,기타토지,세종,세종시,세종 세종시 연동면 응암리 925 신성한울림(044-868-9190)내 보관,"6,000,000","2,940,000",낙찰,"4,371,200",72.9%,2022-10-07,2022_4Q,3
대전 8계 2022-104518,아파트,아파트,아파트,세종,세종시,세종 세종시 조치원읍 신흥리 398 신흥푸르지오 106동 2층 204호,"428,000,000","299,600,000",낙찰,"325,060,000",75.9%,2022-12-01,2022_4Q,3
대전 6계 2022-104693,전,전,전,세종,세종시,세종 세종시 연서면 부동리 214-3,"1,881,380,000","1,881,380,000",낙찰,"2,069,000,000",110.0%,2022-10-05,2022_4Q,3
대전 2계 2022-104877,차량,기타토지,기타토지,세종,세종시,세종 세종시 연동면 응암리 925 신성한울림주차장내(044-868-9190) 보관,"12,800,000","8,960,000",낙찰,"9,000,500",70.3%,2022-10-07,2022_4Q,3
대전 6계 2022-105269,점포,근린상가,점포상가,세종,세종시,세종 세종시 금남면 용포리 205-12,"675,165,600","472,616,000",낙찰,"511,327,000",75.7%,2022-12-14,2022_4Q,3
대전 3계 2022-105344,아파트,아파트,아파트,세종,세종시,세종 세종시 어진동 673 한뜰마을6단지 602동 17층 1706호,"894,000,000","625,800,000",낙찰,"667,000,000",74.6%,2022-12-05,2022_4Q,3
대전 6계 2022-105382,답,답,답,세종,세종시,세종 세종시 연서면 봉암리 16,"57,209,620","40,047,000",낙찰,"40,050,000",70.0%,2022-12-14,2022_4Q,3
대전 2계 2022-105443,중기,기타토지,기타토지,세종,세종시,세종 세종시 연동면 응암리 925 신성한울림(044-868-9190)내 보관,"70,000,000","49,000,000",낙찰,"63,799,000",91.1%,2022-08-29,2022_3Q,3
대전 2계 2022-106774,중기,기타토지,기타토지,세종,세종시,세종 세종시 연동면 응암리 925 신성한울림내(044-868-9190) 보관,"110,000,000","77,000,000",낙찰,"78,607,000",71.5%,2022-10-07,2022_4Q,3
대전 2계 2022-106965,차량,기타토지,기타토지,세종,세종시,세종 세종시 연동면 응암리 925 신성한울림(044-868-9190)내 보관,"5,900,000","4,130,000",낙찰,"4,500,000",76.3%,2022-11-07,2022_4Q,3
대전 2계 2022-107029,차량,기타토지,기타토지,세종,세종시,세종 세종시 연동면 응암리 925 신성한울림주차장내(제3자 임동철) 보관,"14,000,000","9,800,000",낙찰,"10,133,000",72.4%,2022-10-07,2022_4Q,3
대전 8계 2021-6631(1),단독주택,단독,단독주택,세종,세종시,"세종 세종시 조치원읍 신안리 418-1 ,-13 1동","636,197,800","218,216,000",낙찰,"328,000,000",51.6%,2023-01-12,2023_1Q,3
대전 6계 2021-100052(1),단독주택,단독,단독주택,세종,세종시,세종 세종시 금남면 영곡리 278,"420,473,480","294,331,000",낙찰,"297,110,000",70.7%,2023-05-09,2023_2Q,3
대전 8계 2022-74,아파트상가,아파트상가,기타토지,세종,세종시,세종 세종시 새롬동 564 새뜸마을13단지 1층 B-122호,"827,000,000","198,563,000",낙찰,"255,000,000",30.8%,2023-06-29,2023_2Q,3
대전 8계 2022-241(1),근린상가,근린상가,근린상가,세종,세종시,세종 세종시 아름동 1332 영토빌딩 1층 111호,"762,000,000","261,366,000",낙찰,"264,000,000",34.6%,2023-05-18,2023_2Q,3
대전 7계 2022-2070(7),근린상가,근린상가,근린상가,세종,세종시,세종 세종시 보람동 757 위너스타워 2층 201호,"1,107,000,000","542,430,000",낙찰,"605,000,000",54.7%,2023-03-21,2023_1Q,3
대전 6계 2022-2674,근린상가,근린상가,근린상가,세종,세종시,세종 세종시 보람동 708 세종드림빌딩 지하1층 B102호,"1,013,000,000","243,221,000",낙찰,"309,890,000",30.6%,2023-04-04,2023_2Q,3
대전 7계 2022-2681(1),근린상가,근린상가,근린상가,세종,세종시,"세종 세종시 조치원읍 죽림리 114-1 ,114-3,115,116,117-1,117-3,118,118-2,121-2 세종럭스스퀘어 1동 6층 604호","317,000,000","155,330,000",낙찰,"211,299,000",66.7%,2023-02-14,2023_1Q,3
대전 7계 2022-2681(2),근린상가,근린상가,근린상가,세종,세종시,"세종 세종시 조치원읍 죽림리 114-1 ,114-3,115-116,117-1,117-3,118,118-2,121-2 세종럭스스퀘어 1동 6층 605호","319,000,000","109,417,000",낙찰,"182,000,000",57.1%,2023-03-21,2023_1Q,3
대전 7계 2022-2681(3),근린상가,근린상가,근린상가,세종,세종시,"세종 세종시 조치원읍 죽림리 114-1 ,114-3,115,116,117-1,117-3,118,118-2,121-2 세종럭스스퀘어 1동 6층 606호","266,000,000","130,340,000",낙찰,"141,444,400",53.2%,2023-02-14,2023_1Q,3
대전 8계 2022-2698,근린상가,근린상가,근린상가,세종,세종시,"세종 세종시 조치원읍 죽림리 114-1 ,114-3,115,116,117-1,117-3,118,118-2,121-2 1동 2층 235호","626,000,000","214,718,000",낙찰,"306,740,000",49.0%,2023-02-23,2023_1Q,3
대전 8계 2022-2896,아파트,아파트,아파트,세종,세종시,세종 세종시 새롬동 611 새뜸마을9단지 903동 7층 701호,"1,232,000,000","603,680,000",낙찰,"851,000,000",69.1%,2023-01-12,2023_1Q,3
대전 4계 2022-3110,아파트,아파트,아파트,세종,세종시,세종 세종시 반곡동 143-1 수루배마을6단지 614동 4층 401호,"580,000,000","284,200,000",낙찰,"350,001,000",60.3%,2023-02-24,2023_1Q,3
대전 8계 2022-4007(1),전,전,전,세종,세종시,세종 세종시 전의면 동교리 152-5,"186,042,000","63,812,000",낙찰,"90,160,000",48.5%,2023-04-06,2023_2Q,3
대전 8계 2022-4007(2),임야,임야,임야,세종,세종시,세종 세종시 전의면 동교리 152-16,"73,953,000","36,237,000",낙찰,"46,871,600",63.4%,2023-02-23,2023_1Q,3
대전 1계 2022-4113,대지,나대지,나대지,세종,세종시,세종 세종시 조치원읍 남리 12-10,"44,814,000","31,370,000",낙찰,"32,440,000",72.4%,2023-01-30,2023_1Q,3
대전 6계 2022-4144,점포,근린상가,점포상가,세종,세종시,세종 세종시 금남면 대박리 313-22 주건축물 1동,"553,038,850","270,989,000",낙찰,"316,681,000",57.3%,2023-06-13,2023_2Q,3
대전 6계 2022-4151,임야,임야,임야,세종,세종시,세종 세종시 금남면 대박리 313-26,"472,454,700","231,503,000",낙찰,"291,525,000",61.7%,2023-06-13,2023_2Q,3
대전 5계 2022-4212,아파트,아파트,아파트,세종,세종시,세종 세종시 나성동 2-4생활권피4구역에이치오3블록 나릿재마을2단지 207동 18층 1801호,"1,400,000,000","980,000,000",낙찰,"1,000,610,000",71.5%,2023-03-15,2023_1Q,3
대전 4계 2022-4298,근린상가,근린상가,근린상가,세종,세종시,세종 세종시 한솔동 927 한솔빌딩 1동 2층 201호,"389,000,000","190,610,000",낙찰,"265,777,000",68.3%,2023-03-29,2023_1Q,3
대전 1계 2022-4625,아파트,아파트,아파트,세종,세종시,"세종 세종시 도담동 666 ,667 라온프라이빗시티2 1동 5층 521호","99,000,000","69,300,000",낙찰,"75,000,000",75.8%,2023-03-06,2023_1Q,3
대전 1계 2022-4779,아파트,아파트,아파트,세종,세종시,세종 세종시 새롬동 605 새뜸마을5단지 509동 16층 1604호,"819,000,000","573,300,000",낙찰,"626,424,000",76.5%,2023-01-30,2023_1Q,3
대전 8계 2022-4823,아파트상가,아파트상가,기타토지,세종,세종시,세종 세종시 새롬동 554 새뜸마을4단지근린생활시설3 지1층 129호,"459,000,000","157,437,000",낙찰,"176,171,000",38.4%,2023-04-06,2023_2Q,3
대전 1계 2022-4830,아파트상가,아파트상가,기타토지,세종,세종시,세종 세종시 새롬동 554 새뜸마을4단지 1층 110호,"450,000,000","220,500,000",낙찰,"238,510,000",53.0%,2023-03-06,2023_1Q,3
대전 3계 2022-4847,아파트상가,아파트상가,기타토지,세종,세종시,세종 세종시 새롬동 554 새뜸마을4단지근린생활시설3 지1층 128호,"472,000,000","161,896,000",낙찰,"203,650,000",43.1%,2023-04-05,2023_2Q,3
대전 4계 2022-4854,아파트상가,아파트상가,기타토지,세종,세종시,세종 세종시 새롬동 554 새뜸마을4단지 근린생활시설3 지1층 126호,"452,000,000","155,036,000",낙찰,"176,550,000",39.1%,2023-06-07,2023_2Q,3
대전 1계 2022-4984,아파트,아파트,아파트,세종,세종시,세종 세종시 한솔동 939 첫마을 110동 25층 2504호,"1,490,000,000","730,100,000",낙찰,"891,219,000",59.8%,2023-03-06,2023_1Q,3
대전 1계 2022-5086,근린상가,근린상가,근린상가,세종,세종시,세종 세종시 고운동 1716 참샘빌딩 3층 303호,"439,000,000","150,577,000",낙찰,"209,000,000",47.6%,2023-06-19,2023_2Q,3
대전 5계 2022-5253,임야,임야,임야,세종,세종시,세종 세종시 장군면 봉안리 4-9,"4,433,688,660","1,520,755,000",낙찰,"1,830,000,000",41.3%,2023-04-19,2023_2Q,3
대전 2계 2022-5659,중기,기타토지,기타토지,세종,세종시,세종 세종시 연동면 응암리 925 신성한울림내(044-868-9190) 보관,"85,000,000","41,650,000",낙찰,"57,850,000",68.1%,2023-01-16,2023_1Q,3
대전 8계 2022-5710,답,답,답,세종,세종시,세종 세종시 전동면 보덕리 314-3,"558,513,000","390,959,000",낙찰,"600,000,000",107.4%,2023-02-23,2023_1Q,3
대전 5계 2022-6188,근린상가,근린상가,근린상가,세종,세종시,세종 세종시 고운동 1373 고운에듀프라자 1층 101호,"865,000,000","423,850,000",낙찰,"480,000,000",55.5%,2023-04-19,2023_2Q,3
대전 5계 2022-6461,아파트,아파트,아파트,세종,세종시,세종 세종시 고운동 1728 가락마을6단지 608동 17층 1702호,"402,000,000","281,400,000",낙찰,"329,300,000",81.9%,2023-03-15,2023_1Q,3
대전 3계 2022-6560,임야,임야,임야,세종,세종시,세종 세종시 부강면 금호리 80-1,"2,606,980,330","707,478,000",낙찰,"1,156,000,000",44.3%,2023-06-14,2023_2Q,3
대전 8계 2022-6591,전,전,전,세종,세종시,세종 세종시 전동면 송정리 294-1,"372,960,000","182,750,000",낙찰,"210,100,000",56.3%,2023-06-29,2023_2Q,3
대전 6계 2022-8337(4),답,답,답,세종,세종시,세종 세종시 전동면 송성리 648,"213,647,000","213,647,000",낙찰,"214,880,000",100.6%,2023-05-09,2023_2Q,3
대전 8계 2022-8450(1),근린상가,근린상가,근린상가,세종,세종시,"세종 세종시 조치원읍 죽림리 114-1 ,114-3,115,116,117-1,117-3,118,118-2,121-2 세종럭스스퀘어 1동 3층 319호","381,000,000","186,690,000",낙찰,"225,990,000",59.3%,2023-06-29,2023_2Q,3
대전 8계 2022-8450(2),근린상가,근린상가,근린상가,세종,세종시,"세종 세종시 조치원읍 죽림리 114-1 ,114-3,115,116,117-1,117-3,118,118-2,121-2 세종럭스스퀘어 1동 1층 130호","386,000,000","189,140,000",낙찰,"190,140,000",49.3%,2023-06-29,2023_2Q,3
대전 8계 2022-8450(3),근린상가,근린상가,근린상가,세종,세종시,"세종 세종시 조치원읍 죽림리 114-1 ,114-3,115,116,117-1,117-3,118,118-2,121-2 세종럭스스퀘어 1동 1층 131호","382,000,000","187,180,000",낙찰,"220,200,000",57.6%,2023-06-29,2023_2Q,3
대전 5계 2022-8740,아파트,아파트,아파트,세종,세종시,세종 세종시 조치원읍 침산리 89 욱일 111동 17층 1702호,"408,000,000","285,600,000",낙찰,"295,000,000",72.3%,2023-06-28,2023_2Q,3
대전 1계 2022-101588,과수원,과수원,과수원,세종,세종시,세종 세종시 연동면 내판리 251-2,"373,950,000","183,236,000",낙찰,"266,200,000",71.2%,2023-04-10,2023_2Q,3
대전 1계 2022-102000,아파트,아파트,아파트,세종,세종시,세종 세종시 소담동 531 새샘마을8단지 803동 13층 1302호,"922,000,000","451,780,000",낙찰,"630,000,000",68.3%,2023-05-15,2023_2Q,3
대전 1계 2022-102277,아파트,아파트,아파트,세종,세종시,세종 세종시 보람동 786 호려울마을1단지 101동 13층 1302호,"621,000,000","304,290,000",낙찰,"442,299,000",71.2%,2023-03-06,2023_1Q,3
대전 6계 2022-102390,아파트,아파트,아파트,세종,세종시,세종 세종시 조치원읍 죽림리 92 신동아 101동 5층 509호,"196,000,000","137,200,000",낙찰,"158,880,000",81.1%,2023-01-26,2023_1Q,3
대전 7계 2022-103027,과수원,과수원,과수원,세종,세종시,세종 세종시 연서면 월하리 954-51,"12,468,480","8,728,000",낙찰,"10,550,000",84.6%,2023-01-10,2023_1Q,3
대전 7계 2022-103201,아파트,아파트,아파트,세종,세종시,세종 세종시 고운동 1729 가락마을1단지 108동 2층 202호,"886,000,000","434,140,000",낙찰,"593,690,000",67.0%,2023-02-14,2023_1Q,3
대전 8계 2022-103416,임야,임야,임야,세종,세종시,세종 세종시 전의면 금사리 산23-2,"9,900,000","3,396,000",낙찰,"4,055,000",41.0%,2023-01-12,2023_1Q,3
대전 4계 2022-103584,다세대,다세대주택,다세대,세종,세종시,세종 세종시 조치원읍 서창리 154-4 서창리예원드림빌 9층 905호,"119,000,000","83,300,000",낙찰,"105,000,000",88.2%,2023-01-18,2023_1Q,3
대전 8계 2022-103706,임야,임야,임야,세종,세종시,세종 세종시 전동면 송성리 742-3,"25,070,000","6,019,000",낙찰,"6,020,000",24.0%,2023-04-06,2023_2Q,3
대전 5계 2022-103737,근린상가,근린상가,근린상가,세종,세종시,세종 세종시 아름동 1314 아이콤타워 7층 701호,"1,520,000,000","744,800,000",낙찰,"793,000,000",52.2%,2023-02-08,2023_1Q,3
대전 5계 2022-105238,아파트,아파트,아파트,세종,세종시,세종 세종시 새롬동 554 새뜸마을4단지 412동 10층 1001호,"892,000,000","624,400,000",낙찰,"701,000,000",78.6%,2023-02-08,2023_1Q,3
대전 1계 2022-105436,아파트,아파트,아파트,세종,세종시,세종 세종시 새롬동 593 새뜸마을6단지 608동 2층 201호,"1,180,000,000","826,000,000",낙찰,"833,345,000",70.6%,2023-01-30,2023_1Q,3
대전 6계 2022-105528,아파트,아파트,아파트,세종,세종시,세종 세종시 조치원읍 신안리 542 이편한세상세종 108동 11층 1101호,"202,000,000","98,980,000",낙찰,"121,001,004",59.9%,2023-01-26,2023_1Q,3
대전 7계 2022-105931,아파트,아파트,아파트,세종,세종시,세종 세종시 아름동 1297 범지기마을3단지 302동 24층 2401호,"750,000,000","525,000,000",낙찰,"526,110,000",70.1%,2023-03-21,2023_1Q,3
대전 6계 2022-106330,아파트,아파트,아파트,세종,세종시,세종 세종시 종촌동 640 가재마을4단지 412동 25층 2502호,"641,000,000","314,090,000",낙찰,"445,777,000",69.5%,2023-02-28,2023_1Q,3
대전 4계 2022-106545,임야,임야,임야,세종,세종시,세종 세종시 장군면 용암리 산49-8,"20,160,500","14,112,000",낙찰,"16,128,700",80.0%,2023-05-03,2023_2Q,3
대전 3계 2022-106736,전,전,전,세종,세종시,세종 세종시 전의면 서정리 261-3,"105,980,000","25,446,000",낙찰,"30,840,000",29.1%,2023-05-10,2023_2Q,3
대전 4계 2022-107272,단독주택,단독,단독주택,세종,세종시,세종 세종시 소정면 운당리 206-3,"60,380,220","42,266,000",낙찰,"45,000,100",74.5%,2023-03-29,2023_1Q,3
대전 8계 2022-107456,아파트,아파트,아파트,세종,세종시,세종 세종시 어진동 613 한뜰마을3단지 308동 7층 705호,"800,000,000","560,000,000",낙찰,"641,111,100",80.1%,2023-04-06,2023_2Q,3
대전 7계 2022-107586,대지,나대지,나대지,세종,세종시,세종 세종시 조치원읍 신안리 157-3,"635,160,000","311,228,000",낙찰,"316,990,000",49.9%,2023-05-30,2023_2Q,3
대전 1계 2022-107647,아파트,아파트,아파트,세종,세종시,"세종 세종시 전의면 유천리 528 ,530,531 민석그린 110동 4층 402호","99,000,000","48,510,000",낙찰,"75,249,900",76.0%,2023-05-15,2023_2Q,3
대전 2계 2022-107791,차량,기타토지,기타토지,세종,세종시,세종 세종시 연동면 응암리 925 신성한울림주차장(제3자 임동철)내 보관,"9,000,000","3,087,000",낙찰,"5,099,900",56.7%,2023-02-20,2023_1Q,3
대전 1계 2022-107814(1),임야,임야,임야,세종,세종시,세종 세종시 전동면 미곡리 산79-7,"17,940,000","17,940,000",낙찰,"19,700,000",109.8%,2023-05-15,2023_2Q,3
대전 5계 2022-108329,대지,나대지,나대지,세종,세종시,세종 세종시 연서면 신대리 95-20,"113,424,000","79,397,000",낙찰,"80,000,000",70.5%,2023-02-08,2023_1Q,3
대전 3계 2022-108411,아파트,아파트,아파트,세종,세종시,세종 세종시 반곡동 59-7 수루배마을4단지 412동 7층 701호,"1,005,000,000","703,500,000",낙찰,"745,700,000",74.2%,2023-03-02,2023_1Q,3
대전 2계 2022-108657,중기,기타토지,기타토지,세종,세종시,세종 세종시 연동면 응암리 925 신성한울림주차장내(제3자 임동철) 보관,"42,000,000","20,580,000",낙찰,"30,900,000",73.6%,2023-01-16,2023_1Q,3
대전 2계 2022-108954,차량,기타토지,기타토지,세종,세종시,세종 세종시 연동면 응암리 925 신성한울림주차장내 보관(제3자임동철에게보관),"50,000,000","24,500,000",낙찰,"28,679,000",57.4%,2023-02-20,2023_1Q,3
대전 3계 2022-109766,대지,나대지,나대지,세종,세종시,세종 세종시 금남면 용포리 99-1,"1,683,360,000","1,683,360,000",낙찰,"1,701,100,000",101.1%,2023-03-02,2023_1Q,3
대전 5계 2022-110032,아파트,아파트,아파트,세종,세종시,세종 세종시 도담동 632 도램마을13단지 1301동 6층 602호,"434,000,000","303,800,000",낙찰,"371,780,000",85.7%,2023-03-15,2023_1Q,3
대전 4계 2022-110148,아파트,아파트,아파트,세종,세종시,세종 세종시 대평동 704 해들마을4단지 409동 14층 1405호,"708,000,000","495,600,000",낙찰,"621,470,000",87.8%,2023-05-03,2023_2Q,3
대전 8계 2022-110179,오피스텔,오피스텔,오피스텔(업무용),세종,세종시,세종 세종시 대평동 680 해피라움페스타 6층 C605호,"138,000,000","96,600,000",낙찰,"103,800,000",75.2%,2023-05-18,2023_2Q,3
대전 4계 2022-110254,아파트,아파트,아파트,세종,세종시,세종 세종시 고운동 1731 가락마을2단지 201동 4층 402호,"640,000,000","448,000,000",낙찰,"562,200,000",87.8%,2023-06-07,2023_2Q,3
대전 8계 2022-110346,아파트,아파트,아파트,세종,세종시,"세종 세종시 한솔동 947 ,950 첫마을3단지 퍼스트프라임 303동 5층 502호","1,130,000,000","553,700,000",낙찰,"736,666,666",65.2%,2023-05-18,2023_2Q,3
대전 4계 2022-110377,아파트,아파트,아파트,세종,세종시,세종 세종시 조치원읍 신흥리 393 주공 205동 1층 106호,"47,333,000","33,133,000",낙찰,"38,888,800",82.2%,2023-06-07,2023_2Q,3
대전 5계 2022-111257,오피스텔,오피스텔,오피스텔(업무용),세종,세종시,세종 세종시 어진동 669 세종파이낸스센터1 5층 509-1호,"422,000,000","206,780,000",낙찰,"241,900,000",57.3%,2023-05-24,2023_2Q,3
대전 8계 2022-111301,임야,임야,임야,세종,세종시,세종 세종시 소정면 대곡리 385-5,"7,280,000","5,096,000",낙찰,"6,660,000",91.5%,2023-05-18,2023_2Q,3
대전 8계 2022-111660,아파트,아파트,아파트,세종,세종시,세종 세종시 종촌동 640 가재마을 4단지 410동 18층 1801호,"530,000,000","371,000,000",낙찰,"473,999,000",89.4%,2023-05-18,2023_2Q,3
대전 6계 2022-111936,아파트,아파트,아파트,세종,세종시,세종 세종시 한솔동 1226 첫마을 4단지푸르지오 404동 15층 1501호,"550,000,000","385,000,000",낙찰,"430,000,000",78.2%,2023-05-09,2023_2Q,3
대전 4계 2022-112106,임야,임야,임야,세종,세종시,세종 세종시 부강면 등곡리 산20-13,"4,367,000","4,367,000",낙찰,"4,500,000",103.0%,2023-06-07,2023_2Q,3
대전 2계 2022-112113,차량,기타토지,기타토지,세종,세종시,세종 세종시 연동면 응암리 925 보조보관자 신성한울림(044-868-9190)내 보관,"31,200,000","15,288,000",낙찰,"21,130,000",67.7%,2023-03-27,2023_1Q,3
대전 8계 2022-112243(1),임야,임야,임야,세종,세종시,세종 세종시 연서면 고복리 산34-6,"226,524,500","110,997,000",낙찰,"117,792,740",52.0%,2023-06-29,2023_2Q,3
대전 8계 2022-112243(2),임야,임야,임야,세종,세종시,세종 세종시 전의면 달전리 290-17,"17,820,000","12,474,000",낙찰,"13,500,000",75.8%,2023-05-18,2023_2Q,3
대전 5계 2022-112533,근린상가,근린상가,근린상가,세종,세종시,세종 세종시 아름동 1314 아이콤타워 4층 405호,"662,000,000","227,066,000",낙찰,"280,001,200",42.3%,2023-06-28,2023_2Q,3
대전 2계 2022-113390,차량,기타토지,기타토지,세종,세종시,세종 세종시 연동면 응암리 925 신성한울림내 보관(제3자신성한울림에게보관),"5,500,000","3,850,000",낙찰,"3,900,000",70.9%,2023-06-05,2023_2Q,3
대전 2계 2022-113598,중기,기타토지,기타토지,세종,세종시,세종 세종시 연동면 응암리 925 (제3자신성한울림)내 보관,"6,000,000","6,000,000",낙찰,"7,210,000",120.2%,2023-03-27,2023_1Q,3
대전 2계 2022-113659,중기,기타토지,기타토지,세종,세종시,세종 세종시 연동면 응암리 925 제3자신성한울림내 보관,"67,000,000","46,900,000",낙찰,"47,600,000",71.0%,2023-03-27,2023_1Q,3
대전 2계 2022-113680,중기,기타토지,기타토지,세종,세종시,세종 세종시 연동면 응암리 925 제3자신성한울림주차장내 보관,"95,000,000","66,500,000",낙찰,"67,200,000",70.7%,2023-03-27,2023_1Q,3
대전 5계 2022-113697,아파트,아파트,아파트,세종,세종시,세종 세종시 도담동 853 도램마을10단지 1007동 7층 701호,"707,000,000","494,900,000",낙찰,"653,700,000",92.5%,2023-06-28,2023_2Q,3
대전 2계 2022-113918,중기,기타토지,기타토지,세종,세종시,세종 세종시 연동면 응암리 925 신성한울림내 보관,"90,000,000","30,870,000",낙찰,"31,589,000",35.1%,2023-03-27,2023_1Q,3
대전 2계 2023-100285,중기,기타토지,기타토지,세종,세종시,세종 세종시 연동면 응암리 925 중부복합물류(이든컴퍼니)내 보관,"75,000,000","36,750,000",낙찰,"47,370,000",63.2%,2023-06-05,2023_2Q,3
대전 2계 2023-100605(1),차량,기타토지,기타토지,세종,세종시,"세종 세종시 연동면 응암리 925 ICD동1층이든컴퍼니(044-868-9190,제3자임동철)내 보관","2,800,000","1,372,000",낙찰,"1,618,800",57.8%,2023-06-05,2023_2Q,3
대전 2계 2023-100605(4),차량,기타토지,기타토지,세종,세종시,"세종 세종시 연동면 응암리 925 ICD동1층이든컴퍼니(044-868-9190,제3자임동철)내 보관","3,500,000","1,201,000",낙찰,"1,250,000",35.7%,2023-05-01,2023_2Q,3
대전 2계 2023-100612,차량,기타토지,기타토지,세종,세종시,"세종 세종시 연동면 응암리 925 신성한울림주차장(044-868-9190,제3자임동철)내 보관","12,000,000","5,880,000",낙찰,"7,888,800",65.7%,2023-05-01,2023_2Q,3
대전 2계 2023-100629(1),차량,기타토지,기타토지,세종,세종시,"세종 세종시 연동면 응암리 925 ICD동1층이든컴퍼니(044-868-9190,제3자임동철)내 보관","12,000,000","2,017,000",낙찰,"3,111,100",25.9%,2023-06-05,2023_2Q,3
대전 2계 2023-100636(2),차량,기타토지,기타토지,세종,세종시,"세종 세종시 연동면 응암리 925 ICD동1층이든컴퍼니(044-868-9190,제3자임동철)내 보관","5,000,000","2,450,000",낙찰,"2,758,700",55.2%,2023-05-01,2023_2Q,3
대전 2계 2023-102564,중기,기타토지,기타토지,세종,세종시,"세종 세종시 연동면 응암리 925 IDC동1층(044-868-9190,제3자신성한울림)내 보관","40,000,000","28,000,000",낙찰,"33,100,000",82.8%,2023-05-01,2023_2Q,3
대전 2계 2023-103505,차량,기타토지,기타토지,세종,세종시,세종 세종시 연동면 응암리 925 신성한울림내 보관(제3자신성한울림에게보관),"17,000,000","11,900,000",낙찰,"14,510,000",85.4%,2023-06-05,2023_2Q,3
대전 1계 2020-7521,아파트,아파트,아파트,세종,세종시,세종 세종시 아름동 1363 범지기마을11단지 1109동 7층 702호,"680,000,000","333,200,000",낙찰,"460,109,000",67.7%,2023-12-11,2023_4Q,3
대전 6계 2021-8811,아파트,아파트,아파트,세종,세종시,세종 세종시 반곡동 1035 수루배마을6단지 612동 5층 502호,"674,000,000","330,260,000",낙찰,"437,799,000",65.0%,2023-12-19,2023_4Q,3
대전 6계 2021-100052(2),단독주택,단독,단독주택,세종,세종시,세종 세종시 금남면 영곡리 278-2 1동,"330,589,520","113,392,000",낙찰,"151,900,000",45.9%,2023-07-17,2023_3Q,3
대전 8계 2022-4014,임야,임야,임야,세종,세종시,세종 세종시 전동면 노장리 129-5,"1,323,300,000","648,417,000",낙찰,"749,149,100",56.6%,2023-08-10,2023_3Q,3
대전 8계 2022-4205,아파트,아파트,아파트,세종,세종시,세종 세종시 아름동 1363 범지기마을11단지 1103동 10층 1001호,"600,000,000","420,000,000",낙찰,"463,000,000",77.2%,2023-09-14,2023_3Q,3
대전 3계 2022-4458,아파트,아파트,아파트,세종,세종시,세종 세종시 아름동 1363 범지기마을11단지 1108동 11층 1104호,"600,000,000","420,000,000",낙찰,"459,001,000",76.5%,2023-08-23,2023_3Q,3
대전 7계 2022-4670,아파트,아파트,아파트,세종,세종시,세종 세종시 반곡동 143-1 수루배마을6단지 611동 6층 602호,"643,000,000","315,070,000",낙찰,"457,999,000",71.2%,2023-09-19,2023_3Q,3
대전 7계 2022-5154,아파트,아파트,아파트,세종,세종시,세종 세종시 아름동 1363 범지기마을11단지 1109동 24층 2401호,"603,000,000","422,100,000",낙찰,"456,789,100",75.8%,2023-12-05,2023_4Q,3
대전 7계 2022-5611,아파트상가,아파트상가,기타토지,세종,세종시,세종 세종시 새롬동 597 새뜸마을3단지근린생활시설1 1층 109호,"456,000,000","156,408,000",낙찰,"205,300,000",45.0%,2023-07-11,2023_3Q,3
대전 3계 2022-5819,아파트,아파트,아파트,세종,세종시,세종 세종시 아름동 1363 범지기마을11단지 1102동 11층 1102호,"610,000,000","427,000,000",낙찰,"501,200,000",82.2%,2023-08-23,2023_3Q,3
대전 7계 2022-6072,답,답,답,세종,세종시,세종 세종시 장군면 산학리 126,"582,390,000","199,760,000",낙찰,"220,000,000",37.8%,2023-08-16,2023_3Q,3
대전 8계 2022-6607,아파트,아파트,아파트,세종,세종시,세종 세종시 고운동 2112 가락마을18단지 1814동 3층 303호,"670,000,000","469,000,000",낙찰,"585,500,000",87.4%,2023-09-14,2023_3Q,3
대전 5계 2022-6720,아파트,아파트,아파트,세종,세종시,"세종 세종시 금남면 용포리 320 ,89-10,237-31,325-1,325-2,350-3,454-84,493-4 금남두진리버빌 103동 3층 305호","282,000,000","197,400,000",낙찰,"230,055,000",81.6%,2023-08-09,2023_3Q,3
대전 3계 2022-7143,아파트,아파트,아파트,세종,세종시,세종 세종시 집현동 883-139 새나루마을1단지 세종자이이편한세상 107동 17층 1703호,"771,000,000","539,700,000",낙찰,"602,682,000",78.2%,2023-07-19,2023_3Q,3
대전 8계 2022-7624,단독주택,단독,단독주택,세종,세종시,세종 세종시 장군면 금암리 334,"1,049,649,430","514,329,000",낙찰,"625,430,000",59.6%,2023-08-10,2023_3Q,3
대전 3계 2022-7938,답,답,답,세종,세종시,세종 세종시 금남면 달전리 516-3,"683,984,000","335,152,000",낙찰,"420,650,160",61.5%,2023-07-19,2023_3Q,3
대전 7계 2022-7969,아파트,아파트,아파트,세종,세종시,세종 세종시 조치원읍 신안리 542 이편한세상세종 104동 1층 104호,"432,000,000","211,680,000",낙찰,"255,075,000",59.0%,2023-07-11,2023_3Q,3
대전 1계 2022-8146,아파트,아파트,아파트,세종,세종시,세종 세종시 고운동 1396 가락마을20단지 2005동 10층 1001호,"560,000,000","392,000,000",낙찰,"416,500,000",74.4%,2023-11-06,2023_4Q,3
대전 6계 2022-8337(1),답,답,답,세종,세종시,세종 세종시 전동면 송성리 643,"235,582,000","80,805,000",낙찰,"83,511,000",35.4%,2023-08-29,2023_3Q,3
대전 6계 2022-8337(2),전,전,전,세종,세종시,세종 세종시 전동면 송성리 643-1,"67,980,000","16,322,000",낙찰,"16,451,000",24.2%,2023-10-10,2023_4Q,3
대전 6계 2022-8337(3),답,답,답,세종,세종시,세종 세종시 전동면 송성리 645,"882,789,000","432,566,000",낙찰,"433,000,000",49.0%,2023-07-17,2023_3Q,3
대전 4계 2022-8498(1),근린상가,근린상가,근린상가,세종,세종시,"세종 세종시 아름동 1361 ,1362 해피라움4 1층 120호","1,372,000,000","672,280,000",낙찰,"853,302,100",62.2%,2023-08-17,2023_3Q,3
대전 4계 2022-8498(2),근린상가,근린상가,근린상가,세종,세종시,"세종 세종시 아름동 1359 ,1360 해피라움3 1층 121호","559,000,000","273,910,000",낙찰,"396,890,000",71.0%,2023-08-17,2023_3Q,3
대전 7계 2022-8627,임야,임야,임야,세종,세종시,세종 세종시 금남면 신촌리 산5-5,"103,705,000","50,816,000",낙찰,"74,777,000",72.1%,2023-12-05,2023_4Q,3
대전 6계 2022-100356,아파트,아파트,아파트,세종,세종시,세종 세종시 종촌동 640 가재마을4단지 410동 14층 1401호,"648,000,000","453,600,000",낙찰,"461,000,000",71.1%,2023-08-29,2023_3Q,3
대전 1계 2022-103560,아파트,아파트,아파트,세종,세종시,세종 세종시 아름동 1363 범지기마을11단지 영무예다음 1102동 7층 702호,"533,000,000","373,100,000",낙찰,"442,000,000",82.9%,2023-09-25,2023_3Q,3
대전 3계 2022-109124,아파트,아파트,아파트,세종,세종시,세종 세종시 고운동 1728 가락마을6단지 602동 3층 303호,"390,000,000","273,000,000",낙찰,"342,200,000",87.7%,2023-08-23,2023_3Q,3
대전 6계 2022-109223(1),아파트,아파트,아파트,세종,세종시,세종 세종시 새롬동 597 새뜸마을3단지 303동 13층 1305호,"988,000,000","691,600,000",낙찰,"851,500,000",86.2%,2023-10-10,2023_4Q,3
대전 6계 2022-109223(2),아파트,아파트,아파트,세종,세종시,세종 세종시 새롬동 597 새뜸마을3단지 303동 15층 1504호,"750,000,000","525,000,000",낙찰,"740,777,900",98.8%,2023-10-10,2023_4Q,3
대전 1계 2022-109438,아파트,아파트,아파트,세종,세종시,세종 세종시 대평동 668 해들마을6단지 602동 10층 1003호,"1,130,000,000","791,000,000",낙찰,"852,636,500",75.5%,2023-09-25,2023_3Q,3
대전 1계 2022-109612,아파트,아파트,아파트,세종,세종시,세종 세종시 조치원읍 번암리 75-2 주공 108동 5층 506호,"200,000,000","98,000,000",낙찰,"141,000,000",70.5%,2023-07-24,2023_3Q,3
대전 6계 2022-109940,전,전,전,세종,세종시,세종 세종시 금남면 도남리 207,"1,237,842,600","606,543,000",낙찰,"610,500,000",49.3%,2023-07-17,2023_3Q,3
대전 4계 2022-110995,답,답,답,세종,세종시,세종 세종시 부강면 부강리 1090-1,"393,442,000","275,409,000",낙찰,"351,111,000",89.2%,2023-09-20,2023_3Q,3
대전 6계 2022-112038,전,전,전,세종,세종시,세종 세종시 부강면 금호리 697-1,"889,656,000","435,931,000",낙찰,"519,900,000",58.4%,2023-12-19,2023_4Q,3
대전 1계 2022-112359,근린상가,근린상가,근린상가,세종,세종시,세종 세종시 나성동 730 에스알파크시티 1층 141호,"557,000,000","191,051,000",낙찰,"268,000,000",48.1%,2023-07-24,2023_3Q,3
대전 4계 2022-112397,근린상가,근린상가,근린상가,세종,세종시,세종 세종시 아름동 1314 아이콤타워 4층 404호,"629,000,000","308,210,000",낙찰,"315,130,000",50.1%,2023-07-12,2023_3Q,3
대전 8계 2022-112427,아파트,아파트,아파트,세종,세종시,세종 세종시 소담동 586 새샘마을6단지 607동 2층 204호,"380,000,000","266,000,000",낙찰,"370,019,000",97.4%,2023-09-14,2023_3Q,3
대전 7계 2022-112564,대지,나대지,나대지,세종,세종시,세종 세종시 금남면 용포리 180-24,"166,320,000","81,497,000",낙찰,"103,099,000",62.0%,2023-08-16,2023_3Q,3
대전 4계 2022-112809,아파트,아파트,아파트,세종,세종시,세종 세종시 다정동 969 가온마을10단지 1008동 1층 101호,"760,000,000","372,400,000",낙찰,"620,999,999",81.7%,2023-08-17,2023_3Q,3
대전 5계 2022-112915,근린상가,근린상가,근린상가,세종,세종시,세종 세종시 대평동 684 스타뷰타워 2층 205호,"538,000,000","184,534,000",낙찰,"189,999,000",35.3%,2023-08-09,2023_3Q,3
대전 4계 2022-113123,답,답,답,세종,세종시,세종 세종시 연동면 내판리 320-3,"3,251,484,000","1,115,259,000",낙찰,"1,200,000,000",36.9%,2023-11-29,2023_4Q,3
대전 1계 2022-113543,아파트,아파트,아파트,세종,세종시,세종 세종시 고운동 1408 가락마을9단지 907동 10층 1003호,"463,000,000","226,870,000",낙찰,"306,100,000",66.1%,2023-11-06,2023_4Q,3
대전 8계 2022-113642,근린상가,근린상가,근린상가,세종,세종시,세종 세종시 조치원읍 번암리 61-6 세종메디컬센터 1동 1층 101호,"252,000,000","86,436,000",낙찰,"112,000,000",44.4%,2023-09-14,2023_3Q,3
대전 5계 2022-113819,공장,공장(지식산업센터 업무시설),공장,세종,세종시,"세종 세종시 전동면 송성리 679 ,684-2","383,638,150","268,547,000",낙찰,"330,000,000",86.0%,2023-08-09,2023_3Q,3
대전 1계 2022-113956(1),단독주택,단독,단독주택,세종,세종시,세종 세종시 부강면 노호리 307,"188,238,800","131,767,000",낙찰,"177,500,000",94.3%,2023-08-28,2023_3Q,3
대전 1계 2022-113956(2),전,전,전,세종,세종시,세종 세종시 부강면 노호리 307-1,"234,702,000","164,291,000",낙찰,"187,500,000",79.9%,2023-08-28,2023_3Q,3
대전 5계 2023-361,아파트,아파트,아파트,세종,세종시,세종 세종시 연서면 봉암리 622 대원네스트빌 102동 3층 306호,"287,000,000","140,630,000",낙찰,"200,911,000",70.0%,2023-09-13,2023_3Q,3
대전 4계 2023-453,주상복합(상가),기타토지,기타토지,세종,세종시,세종 세종시 나성동 763 행복의아침 1층 108호,"989,000,000","484,610,000",낙찰,"534,150,000",54.0%,2023-11-29,2023_4Q,3
대전 1계 2023-507(2),도로,기타토지,기타토지,세종,세종시,세종 세종시 장군면 대교리 323-13,"14,616,000","10,231,000",낙찰,"11,100,000",75.9%,2023-07-24,2023_3Q,3
대전 7계 2023-705,아파트,아파트,아파트,세종,세종시,세종 세종시 도담동 636 도램마을18단지 1803동 7층 701호,"632,000,000","442,400,000",낙찰,"474,100,000",75.0%,2023-08-16,2023_3Q,3
대전 8계 2023-1067,아파트,아파트,아파트,세종,세종시,세종 세종시 전의면 동교리 121-6 재동 1동 1층 111호,"80,000,000","56,000,000",낙찰,"68,500,000",85.6%,2023-08-10,2023_3Q,3
대전 2계 2023-1128,중기,기타토지,기타토지,세종,세종시,세종 세종시 연동면 응암리 925 신성한울림주차장내 보관( 제3자임동철에게보관),"38,000,000","9,124,000",낙찰,"9,566,800",25.2%,2023-09-18,2023_3Q,3
대전 7계 2023-1302,아파트,아파트,아파트,세종,세종시,세종 세종시 조치원읍 신안리 542 이편한세상세종 112동 6층 601호,"500,000,000","350,000,000",낙찰,"396,590,000",79.3%,2023-09-19,2023_3Q,3
대전 6계 2023-1968,아파트,아파트,아파트,세종,세종시,세종 세종시 고운동 1731 가락마을2단지 208동 4층 405호,"626,000,000","438,200,000",낙찰,"601,000,000",96.0%,2023-08-29,2023_3Q,3
대전 5계 2023-2190,아파트,아파트,아파트,세종,세종시,"세종 세종시 한솔동 971 ,1045 첫마을 505동 23층 2301호","495,000,000","346,500,000",낙찰,"427,500,000",86.4%,2023-10-18,2023_4Q,3
대전 7계 2023-2206,아파트,아파트,아파트,세종,세종시,"세종 세종시 한솔동 974 ,984 첫마을 612동 24층 2404호","495,000,000","495,000,000",낙찰,"505,878,500",102.2%,2023-08-16,2023_3Q,3
대전 4계 2023-2305,아파트,아파트,아파트,세종,세종시,세종 세종시 소담동 597 새샘마을1단지 104동 4층 405호,"721,000,000","504,700,000",낙찰,"674,510,000",93.6%,2023-10-25,2023_4Q,3
대전 6계 2023-2329(3),임야,임야,임야,세종,세종시,세종 세종시 전동면 송정리 72-10,"110,219,000","110,219,000",낙찰,"110,500,000",100.3%,2023-08-29,2023_3Q,3
대전 5계 2023-2633,근린상가,근린상가,근린상가,세종,세종시,세종 세종시 나성동 747 에스알파크원 8층 801호,"365,000,000","255,500,000",낙찰,"257,500,000",70.5%,2023-10-18,2023_4Q,3
대전 1계 2023-2947,근린상가,근린상가,근린상가,세종,세종시,세종 세종시 나성동 797 세종엔에스타워2 5층 501호,"272,000,000","133,280,000",낙찰,"148,000,000",54.4%,2023-11-06,2023_4Q,3
대전 8계 2023-3001,근린상가,근린상가,근린상가,세종,세종시,세종 세종시 나성동 767 갤러리세종프라자 3층 312-1호,"293,000,000","143,570,000",낙찰,"170,000,000",58.0%,2023-11-02,2023_4Q,3
대전 7계 2023-3896,아파트,아파트,아파트,세종,세종시,세종 세종시 반곡동 행정중심복합도시4-1생활권엠2블록 수루배마을3단지 303동 11층 1101호,"650,000,000","650,000,000",낙찰,"767,990,000",118.2%,2023-12-05,2023_4Q,3
대전 3계 2023-3919(2),근린상가,근린상가,근린상가,세종,세종시,세종 세종시 나성동 791 애플타워 1동 6층 603호,"171,000,000","83,790,000",낙찰,"85,000,000",49.7%,2023-12-13,2023_4Q,3
대전 8계 2023-4196,전,전,전,세종,세종시,세종 세종시 연서면 봉암리 236-1,"162,123,440","79,440,000",낙찰,"96,000,000",59.2%,2023-12-14,2023_4Q,3
대전 8계 2023-4417,단독주택,단독,단독주택,세종,세종시,세종 세종시 장군면 봉안리 205-6,"338,362,000","338,362,000",낙찰,"366,680,000",108.4%,2023-11-02,2023_4Q,3
대전 3계 2023-4424,아파트,아파트,아파트,세종,세종시,세종 세종시 아름동 1282 범지기마을9단지 902동 1층 102호,"502,000,000","351,400,000",낙찰,"473,333,000",94.3%,2023-11-08,2023_4Q,3
대전 1계 2023-4684,아파트,아파트,아파트,세종,세종시,세종 세종시 집현동 883-52 새나루마을3단지 302동 12층 1203호,"683,000,000","478,100,000",낙찰,"629,500,000",92.2%,2023-12-11,2023_4Q,3
대전 2계 2023-100032,차량,기타토지,기타토지,세종,세종시,세종 세종시 연동면 응암리 925 신성한울림주차장내 보관(044-868-9190),"10,000,000","4,900,000",낙찰,"5,100,000",51.0%,2023-07-10,2023_3Q,3
대전 5계 2023-100162,아파트,아파트,아파트,세종,세종시,세종 세종시 다정동 953 가온마을2단지 221동 2층 203호,"735,000,000","514,500,000",낙찰,"681,000,000",92.7%,2023-09-13,2023_3Q,3
대전 6계 2023-100360,아파트,아파트,아파트,세종,세종시,세종 세종시 조치원읍 신안리 542 이편한세상세종 108동 6층 603호,"412,000,000","201,880,000",낙찰,"310,100,000",75.3%,2023-08-29,2023_3Q,3
대전 2계 2023-100605(2),차량,기타토지,기타토지,세종,세종시,"세종 세종시 연동면 응암리 925 ICD동1층이든컴퍼니(044-868-9190,제3자임동철)내 보관","3,500,000","841,000",낙찰,"1,350,000",38.6%,2023-08-14,2023_3Q,3
대전 2계 2023-100605(3),차량,기타토지,기타토지,세종,세종시,"세종 세종시 연동면 응암리 925 ICD동1층이든컴퍼니(044-868-9190,제3자임동철)내 보관","2,200,000","259,000",낙찰,"350,000",15.9%,2023-07-10,2023_3Q,3
대전 2계 2023-100629(2),차량,기타토지,기타토지,세종,세종시,"세종 세종시 연동면 응암리 925 ICD동1층이든컴퍼니(044-868-9190,제3자임동철)내 보관","14,000,000","6,860,000",낙찰,"7,120,000",50.9%,2023-07-10,2023_3Q,3
대전 2계 2023-100636(1),차량,기타토지,기타토지,세종,세종시,"세종 세종시 연동면 응암리 925 ICD동1층이든컴퍼니(044-868-9190,제3자임동철)내 보관","3,300,000","1,132,000",낙찰,"1,133,900",34.4%,2023-07-10,2023_3Q,3
대전 2계 2023-100636(3),차량,기타토지,기타토지,세종,세종시,"세종 세종시 연동면 응암리 925 ICD동1층이든컴퍼니(044-868-9190,제3자임동철)내 보관","5,300,000","2,597,000",낙찰,"3,570,000",67.4%,2023-07-10,2023_3Q,3
대전 4계 2023-100766,아파트,아파트,아파트,세종,세종시,세종 세종시 종촌동 679 가재마을 3단지 304동 12층 1201호,"600,000,000","420,000,000",낙찰,"484,000,000",80.7%,2023-09-20,2023_3Q,3
대전 5계 2023-101325,아파트,아파트,아파트,세종,세종시,세종 세종시 어진동 603 한뜰마을2단지 더샵센트럴시티 206동 17층 1702호,"1,350,000,000","945,000,000",낙찰,"1,013,500,000",75.1%,2023-09-13,2023_3Q,3
대전 4계 2023-101646,아파트,아파트,아파트,세종,세종시,세종 세종시 대평동 668 해들마을 6단지 613동 5층 501호,"865,000,000","605,500,000",낙찰,"755,715,320",87.4%,2023-09-20,2023_3Q,3
대전 3계 2023-101776,임야,임야,임야,세종,세종시,세종 세종시 장군면 송학리 산10-14,"222,494,000","76,315,000",낙찰,"77,100,000",34.7%,2023-11-08,2023_4Q,3
대전 5계 2023-101868,아파트,아파트,아파트,세종,세종시,세종 세종시 종촌동 640 가재마을4단지 414동 20층 2004호,"402,000,000","402,000,000",낙찰,"407,000,070",101.2%,2023-08-09,2023_3Q,3
대전 4계 2023-102182(1),대지,나대지,나대지,세종,세종시,세종 세종시 장군면 평기리 170,"1,850,000","1,850,000",낙찰,"2,521,000",136.3%,2023-09-20,2023_3Q,3
대전 4계 2023-102182(2),전,전,전,세종,세종시,세종 세종시 장군면 봉안리 149,"7,437,190","5,206,000",낙찰,"5,500,000",74.0%,2023-10-25,2023_4Q,3
대전 4계 2023-102182(3),답,답,답,세종,세종시,세종 세종시 장군면 송문리 655-4,"1,211,080","594,000",낙찰,"600,000",49.5%,2023-11-29,2023_4Q,3
대전 4계 2023-102182(4),답,답,답,세종,세종시,세종 세종시 장군면 송문리 657-3,"1,984,580","972,000",낙찰,"1,500,000",75.6%,2023-11-29,2023_4Q,3
대전 7계 2023-102281,아파트,아파트,아파트,세종,세종시,세종 세종시 도담동 632 도램마을13단지 1301동 4층 401호,"436,000,000","305,200,000",낙찰,"376,000,777",86.2%,2023-09-19,2023_3Q,3
대전 8계 2023-102380,아파트,아파트,아파트,세종,세종시,"세종 세종시 한솔동 974 ,984 첫마을 607동 15층 1501호","497,000,000","347,900,000",낙찰,"485,000,000",97.6%,2023-08-10,2023_3Q,3
대전 5계 2023-102601,아파트,아파트,아파트,세종,세종시,세종 세종시 반곡동 851 수루배마을1단지 104동 3층 301호,"615,000,000","430,500,000",낙찰,"622,000,000",101.1%,2023-09-13,2023_3Q,3
대전 2계 2023-102618,차량,기타토지,기타토지,세종,세종시,세종 세종시 연동면 응암리 925 중부북부물류터미널 IDC동내(제3자:신성한울림(044-868-9190)) 보관,"15,000,000","10,500,000",낙찰,"11,000,000",73.3%,2023-08-14,2023_3Q,3
대전 3계 2023-102717,답,답,답,세종,세종시,세종 세종시 전동면 송성리 200,"278,166,000","136,301,000",낙찰,"154,382,100",55.5%,2023-10-04,2023_4Q,3
대전 8계 2023-102793,단독주택,단독,단독주택,세종,세종시,세종 세종시 금남면 도남리 116-54,"420,712,500","144,304,000",낙찰,"181,799,000",43.2%,2023-12-14,2023_4Q,3
대전 3계 2023-103055(1),전,전,전,세종,세종시,세종 세종시 금남면 부용리 271,"212,058,000","103,909,000",낙찰,"118,000,000",55.6%,2023-11-08,2023_4Q,3
대전 3계 2023-103055(2),답,답,답,세종,세종시,세종 세종시 금남면 부용리 346,"331,270,000","162,322,000",낙찰,"170,000,000",51.3%,2023-11-08,2023_4Q,3
대전 1계 2023-103222,아파트,아파트,아파트,세종,세종시,세종 세종시 보람동 774 호려울마을9단지 907동 22층 2201호,"614,000,000","429,800,000",낙찰,"557,100,000",90.7%,2023-08-28,2023_3Q,3
대전 3계 2023-103239,근린상가,근린상가,근린상가,세종,세종시,세종 세종시 소담동 541 타임빌딩 2층 204호,"950,000,000","465,500,000",낙찰,"600,111,000",63.2%,2023-12-13,2023_4Q,3
대전 6계 2023-103277,아파트,아파트,아파트,세종,세종시,세종 세종시 해밀동 118 해밀마을2단지 209동 13층 1302호,"676,000,000","473,200,000",낙찰,"631,111,000",93.4%,2023-12-19,2023_4Q,3
대전 7계 2023-103529,하천,기타토지,기타토지,세종,세종시,세종 세종시 장군면 은용리 335-8,"416,872,000","416,872,000",낙찰,"1,151,000,000",276.1%,2023-09-19,2023_3Q,3
대전 8계 2023-103710,단독주택,단독,단독주택,세종,세종시,"세종 세종시 소정면 대곡리 425-3 ,425-10,425-11,425-12","361,885,980","253,320,000",낙찰,"265,000,000",73.2%,2023-09-14,2023_3Q,3
대전 2계 2023-103758,중기,기타토지,기타토지,세종,세종시,세종 세종시 연동면 응암리 925 제3자신성한울림(044-868-9190)내 보관,"75,000,000","52,500,000",낙찰,"61,400,000",81.9%,2023-09-18,2023_3Q,3
대전 8계 2023-104119,근린상가,근린상가,근린상가,세종,세종시,세종 세종시 나성동 811 더센트럴 1층 175호,"502,000,000","245,980,000",낙찰,"247,010,000",49.2%,2023-11-02,2023_4Q,3
대전 8계 2023-104348,근린상가,근린상가,근린상가,세종,세종시,세종 세종시 보람동 708 세종드림빌딩 2층 204호,"835,000,000","286,405,000",낙찰,"370,011,000",44.3%,2023-12-14,2023_4Q,3
대전 2계 2023-104355,차량,기타토지,기타토지,세종,세종시,세종 세종시 연동면 응암리 925 ICD동 1층 이든컴퍼니(제3자:신성한울림)내 보관,"18,000,000","18,000,000",낙찰,"18,188,000",101.0%,2023-08-14,2023_3Q,3
대전 1계 2023-104362,근린상가,근린상가,근린상가,세종,세종시,세종 세종시 보람동 721 세종 스마트허브2 8층 801호,"195,000,000","136,500,000",낙찰,"140,600,000",72.1%,2023-09-25,2023_3Q,3
대전 7계 2023-104669(1),근린상가,근린상가,근린상가,세종,세종시,세종 세종시 어진동 657 세종비지니스센터 1층 B128호,"586,000,000","200,998,000",낙찰,"250,500,000",42.7%,2023-12-05,2023_4Q,3
대전 7계 2023-104669(2),근린상가,근린상가,근린상가,세종,세종시,세종 세종시 어진동 657 세종비지니스센터 1층 B108호,"745,000,000","255,535,000",낙찰,"321,000,000",43.1%,2023-12-05,2023_4Q,3
대전 4계 2023-104843(1),임야,임야,임야,세종,세종시,세종 세종시 연서면 고복리 180,"80,811,000","56,568,000",낙찰,"83,720,000",103.6%,2023-11-29,2023_4Q,3
대전 8계 2023-104898(1),오피스텔,오피스텔,오피스텔(업무용),세종,세종시,세종 세종시 아름동 1328 마드리드A 7층 701호,"200,000,000","98,000,000",낙찰,"98,700,000",49.4%,2023-11-02,2023_4Q,3
대전 8계 2023-104898(2),오피스텔,오피스텔,오피스텔(업무용),세종,세종시,세종 세종시 아름동 1328 마드리드A 7층 702호,"200,000,000","68,600,000",낙찰,"78,790,000",39.4%,2023-12-14,2023_4Q,3
대전 2계 2023-105075,차량,기타토지,기타토지,세종,세종시,세종 세종시 연동면 응암리 925 제3자신성한울림(044-868-9190)내 보관,"40,000,000","19,600,000",낙찰,"24,970,000",62.4%,2023-10-23,2023_4Q,3
대전 1계 2023-105303(1),과수원,과수원,과수원,세종,세종시,세종 세종시 연기면 눌왕리 213-1,"36,654,360","17,961,000",낙찰,"18,550,000",50.6%,2023-12-11,2023_4Q,3
대전 1계 2023-105303(2),답,답,답,세종,세종시,세종 세종시 연기면 눌왕리 199,"73,162,960","35,850,000",낙찰,"36,150,000",49.4%,2023-12-11,2023_4Q,3
대전 7계 2023-105594,아파트,아파트,아파트,세종,세종시,세종 세종시 해밀동 행정중심복합도시6-4생활권엘1 해밀마을1단지 119동 1층 102호,"640,000,000","448,000,000",낙찰,"533,680,000",83.4%,2023-12-05,2023_4Q,3
대전 1계 2023-105693,아파트,아파트,아파트,세종,세종시,"세종 세종시 한솔동 947 ,950 첫마을 301동 6층 616호","600,000,000","420,000,000",낙찰,"491,100,000",81.8%,2023-11-06,2023_4Q,3
대전 2계 2023-106108,차량,기타토지,기타토지,세종,세종시,세종 세종시 연동면 응암리 925 제3자신성한울림(044-868-9190)내 보관,"13,200,000","6,468,000",낙찰,"8,621,000",65.3%,2023-10-23,2023_4Q,3
대전 8계 2023-106559,아파트,아파트,아파트,세종,세종시,세종 세종시 조치원읍 번암리 75-2 주공 108동 3층 307호,"151,000,000","105,700,000",낙찰,"114,887,550",76.1%,2023-11-02,2023_4Q,3
대전 8계 2023-107194,전,전,전,세종,세종시,세종 세종시 장군면 금암리 134,"518,076,000","518,076,000",낙찰,"520,000,000",100.4%,2023-09-14,2023_3Q,3
대전 2계 2023-107576,중기,기타토지,기타토지,세종,세종시,세종 세종시 연동면 응암리 925 제3자신성한울림(044-868-9190)내 보관,"130,000,000","91,000,000",낙찰,"114,450,000",88.0%,2023-09-18,2023_3Q,3
대전 5계 2023-108074,임야,임야,임야,세종,세종시,세종 세종시 연기면 수산리 31-28,"87,296,000","61,107,000",낙찰,"68,890,000",78.9%,2023-11-22,2023_4Q,3
대전 8계 2023-108104(4),답,답,답,세종,세종시,세종 세종시 전동면 송성리 688,"187,200,000","131,040,000",낙찰,"132,000,000",70.5%,2023-12-14,2023_4Q,3
대전 2계 2023-108562,중기,기타토지,기타토지,세종,세종시,세종 세종시 연동면 응암리 925 제3자신성한울림내 보관,"30,000,000","10,290,000",낙찰,"10,310,000",34.4%,2023-10-23,2023_4Q,3
대전 6계 2023-108647,아파트,아파트,아파트,세종,세종시,세종 세종시 대평동 668 해들마을6단지 608동 15층 1504호,"866,000,000","606,200,000",낙찰,"780,000,000",90.1%,2023-12-19,2023_4Q,3
대전 5계 2023-108722,전,전,전,세종,세종시,세종 세종시 장군면 송학리 182,"444,130,000","310,891,000",낙찰,"324,120,000",73.0%,2023-11-22,2023_4Q,3
대전 2계 2023-111070,중기,기타토지,기타토지,세종,세종시,세종 세종시 연동면 응암리 925 신성한울림내 보관,"55,000,000","26,950,000",낙찰,"30,780,000",56.0%,2023-11-27,2023_4Q,3
대전 2계 2023-111568,중기,기타토지,기타토지,세종,세종시,세종 세종시 연동면 응암리 925 신성한울림내 보관,"80,000,000","80,000,000",낙찰,"82,820,000",103.5%,2023-11-27,2023_4Q,3
충주 2계 2023-30610,차량,기타토지,기타토지,세종,세종시,세종 세종시 연동면 응암리 925 신성한울림내 보관,"16,000,000","10,240,000",낙찰,"12,990,000",81.2%,2023-08-28,2023_3Q,3
대전 4계 2022-2643,아파트,아파트,아파트,세종,세종시,세종 세종시 아름동 1363 범지기마을11단지 1108동 1층 102호,"550,000,000","385,000,000",낙찰,"397,800,000",72.3%,2024-04-25,2024_2Q,3
대전 5계 2022-4724,아파트,아파트,아파트,세종,세종시,세종 세종시 아름동 1363 범지기마을11단지 1107동 3층 302호,"560,000,000","392,000,000",낙찰,"408,970,000",73.0%,2024-01-10,2024_1Q,3
대전 6계 2022-5048,아파트,아파트,아파트,세종,세종시,세종 세종시 아름동 1356 범지기마을4단지 405동 17층 1701호,"603,000,000","422,100,000",낙찰,"464,310,000",77.0%,2024-02-27,2024_1Q,3
대전 5계 2022-7372,단독주택,단독,단독주택,세종,세종시,"세종 세종시 전의면 유천리 147-1 ,147-2,147-3 1동","3,460,442,840","2,422,310,000",낙찰,"3,261,450,000",94.2%,2024-05-29,2024_2Q,3
대전 7계 2022-7884,아파트,아파트,아파트,세종,세종시,세종 세종시 도담동 859 도램마을15단지 1509동 14층 1402호,"780,000,000","546,000,000",낙찰,"614,000,000",78.7%,2024-02-20,2024_1Q,3
대전 8계 2022-7891(1),근린상가,근린상가,근린상가,세종,세종시,세종 세종시 대평동 674 해피라움블루 7층 702호,"388,000,000","93,159,000",낙찰,"144,000,000",37.1%,2024-04-04,2024_2Q,3
대전 8계 2022-7891(2),근린상가,근린상가,근린상가,세종,세종시,세종 세종시 대평동 674 해피라움블루 7층 703호,"379,000,000","90,998,000",낙찰,"140,000,000",36.9%,2024-04-04,2024_2Q,3
대전 8계 2022-7891(3),근린상가,근린상가,근린상가,세종,세종시,세종 세종시 대평동 674 해피라움블루 7층 704호,"260,000,000","62,426,000",낙찰,"100,000,000",38.5%,2024-04-04,2024_2Q,3
대전 8계 2022-7891(4),근린상가,근린상가,근린상가,세종,세종시,세종 세종시 대평동 674 해피라움블루 7층 705호,"379,000,000","90,998,000",낙찰,"140,000,000",36.9%,2024-04-04,2024_2Q,3
대전 8계 2022-7891(5),근린상가,근린상가,근린상가,세종,세종시,세종 세종시 대평동 674 해피라움블루 7층 706호,"635,000,000","217,805,000",낙찰,"305,000,000",48.0%,2024-02-29,2024_1Q,3
대전 5계 2022-8603,단독주택,단독,단독주택,세종,세종시,세종 세종시 장군면 하봉리 296-24 4동호,"5,966,859,000","2,923,761,000",낙찰,"2,923,761,000",49.0%,2024-03-20,2024_1Q,3
대전 7계 2022-102468,아파트,아파트,아파트,세종,세종시,세종 세종시 고운동 1408 가락마을9단지 907동 9층 906호,"474,000,000","232,260,000",낙찰,"305,999,999",64.6%,2024-03-26,2024_1Q,3
대전 5계 2022-105689,아파트,아파트,아파트,세종,세종시,세종 세종시 반곡동 행정중심복합도시4-1생활권 L4블록 수루배마을 6단지 615동 8층 802호,"624,000,000","305,760,000",낙찰,"361,111,225",57.9%,2024-01-10,2024_1Q,3
대전 7계 2022-106149(2),근린상가,근린상가,근린상가,세종,세종시,세종 세종시 보람동 711 금강베네치아 3층 309호,"727,000,000","249,361,000",낙찰,"258,580,000",35.6%,2024-04-30,2024_2Q,3
대전 6계 2022-111813(1),근린상가,근린상가,근린상가,세종,세종시,세종 세종시 나성동 784 세종에이스타워주건축물 1동 6층 601-1호,"335,000,000","114,905,000",낙찰,"116,500,000",34.8%,2024-06-11,2024_2Q,3
대전 6계 2022-111813(2),근린상가,근린상가,근린상가,세종,세종시,세종 세종시 나성동 784 세종에이스타워주건축물 1동 6층 601-2호,"610,000,000","209,230,000",낙찰,"215,500,000",35.3%,2024-06-11,2024_2Q,3
대전 6계 2022-111813(3),근린상가,근린상가,근린상가,세종,세종시,세종 세종시 나성동 784 세종에이스타워주건축물 1동 6층 602호,"2,335,000,000","1,144,150,000",낙찰,"1,205,000,000",51.6%,2024-05-07,2024_2Q,3
대전 6계 2022-111813(4),근린상가,근린상가,근린상가,세종,세종시,세종 세종시 나성동 784 세종에이스타워주건축물 1동 6층 605호,"464,000,000","159,152,000",낙찰,"159,500,000",34.4%,2024-06-11,2024_2Q,3
대전 1계 2022-112083,아파트,아파트,아파트,세종,세종시,세종 세종시 어진동 664 세종모닝시티 2층 206호,"135,000,000","7,783,000",낙찰,"7,883,000",5.8%,2024-04-29,2024_2Q,3
대전 5계 2023-231(1),주상복합(상가),기타토지,기타토지,세종,세종시,"세종 세종시 나성동 775 ,776 더리치세종의아침 1층 124호","1,115,000,000","267,712,000",낙찰,"350,000,000",31.4%,2024-03-20,2024_1Q,3
대전 5계 2023-231(2),주상복합(상가),기타토지,기타토지,세종,세종시,"세종 세종시 나성동 775 ,776 더리치세종의아침 2층 215호","1,175,000,000","282,118,000",낙찰,"375,000,000",31.9%,2024-03-20,2024_1Q,3
대전 1계 2023-507(1),임야,임야,임야,세종,세종시,세종 세종시 장군면 대교리 323-6,"711,020,000","170,716,000",낙찰,"257,770,000",36.3%,2024-04-29,2024_2Q,3
대전 7계 2023-569(1),대지,나대지,나대지,세종,세종시,세종 세종시 조치원읍 서창리 37-39,"945,923,000","324,451,000",낙찰,"356,000,000",37.6%,2024-01-16,2024_1Q,3
대전 7계 2023-569(2),전,전,전,세종,세종시,세종 세종시 조치원읍 신안리 3-6,"830,471,000","284,852,000",낙찰,"301,000,000",36.2%,2024-01-16,2024_1Q,3
대전 8계 2023-576,주상복합(상가),기타토지,기타토지,세종,세종시,"세종 세종시 나성동 775 ,776 더리치세종의아침 1층 123호","1,514,000,000","254,458,000",낙찰,"465,000,000",30.7%,2024-04-04,2024_2Q,3
대전 7계 2023-965,아파트,아파트,아파트,세종,세종시,세종 세종시 반곡동 897 수루배마을2단지 205동 2층 203호,"483,000,000","338,100,000",낙찰,"390,100,000",80.8%,2024-02-20,2024_1Q,3
대전 6계 2023-1142(1),주상복합(상가),기타토지,기타토지,세종,세종시,세종 세종시 어진동 649 호수의아침 1층 101호,"900,000,000","216,090,000",낙찰,"276,700,000",30.7%,2024-04-02,2024_2Q,3
대전 6계 2023-1142(2),주상복합(상가),기타토지,기타토지,세종,세종시,세종 세종시 어진동 649 호수의아침 1층 114호,"770,000,000","129,414,000",낙찰,"171,230,000",22.2%,2024-05-07,2024_2Q,3
대전 1계 2023-1593,단독주택,단독,단독주택,세종,세종시,세종 세종시 금남면 원봉리 548-20,"643,223,760","315,180,000",낙찰,"358,800,000",55.8%,2024-01-15,2024_1Q,3
대전 8계 2023-1609(1),연립,연립주택,연립·빌라,세종,세종시,세종 세종시 조치원읍 정리 112 세진시티빌 1동 2층 201호,"71,000,000","34,790,000",낙찰,"37,190,000",52.4%,2024-06-13,2024_2Q,3
대전 8계 2023-1609(2),연립,연립주택,연립·빌라,세종,세종시,세종 세종시 조치원읍 정리 112 세진시티빌 1동 2층 202호,"56,000,000","27,440,000",낙찰,"29,980,000",53.5%,2024-06-13,2024_2Q,3
대전 8계 2023-1609(3),연립,연립주택,연립·빌라,세종,세종시,세종 세종시 조치원읍 정리 112 세진시티빌 1동 2층 203호,"56,000,000","27,440,000",낙찰,"29,980,000",53.5%,2024-06-13,2024_2Q,3
대전 8계 2023-1609(4),연립,연립주택,연립·빌라,세종,세종시,세종 세종시 조치원읍 정리 112 세진시티빌 1동 2층 204호,"56,000,000","27,440,000",낙찰,"35,170,000",62.8%,2024-06-13,2024_2Q,3
대전 8계 2023-1609(5),연립,연립주택,연립·빌라,세종,세종시,세종 세종시 조치원읍 정리 112 세진시티빌 1동 2층 205호,"75,000,000","36,750,000",낙찰,"39,890,000",53.2%,2024-06-13,2024_2Q,3
대전 8계 2023-1609(6),연립,연립주택,연립·빌라,세종,세종시,세종 세종시 조치원읍 정리 112 세진시티빌 1동 2층 206호,"68,000,000","33,320,000",낙찰,"35,790,000",52.6%,2024-06-13,2024_2Q,3
대전 8계 2023-1609(7),연립,연립주택,연립·빌라,세종,세종시,세종 세종시 조치원읍 정리 112 세진시티빌 1동 2층 207호,"59,000,000","28,910,000",낙찰,"33,190,000",56.3%,2024-06-13,2024_2Q,3
대전 8계 2023-1609(8),연립,연립주택,연립·빌라,세종,세종시,세종 세종시 조치원읍 정리 112 세진시티빌 1동 2층 208호,"59,000,000","28,910,000",낙찰,"31,190,000",52.9%,2024-06-13,2024_2Q,3
대전 8계 2023-1609(9),연립,연립주택,연립·빌라,세종,세종시,세종 세종시 조치원읍 정리 112 세진시티빌 1동 2층 209호,"59,000,000","28,910,000",낙찰,"31,190,000",52.9%,2024-06-13,2024_2Q,3
대전 8계 2023-1609(10),연립,연립주택,연립·빌라,세종,세종시,세종 세종시 조치원읍 정리 112 세진시티빌 1동 2층 210호,"59,000,000","28,910,000",낙찰,"31,890,000",54.1%,2024-06-13,2024_2Q,3
대전 8계 2023-1609(11),연립,연립주택,연립·빌라,세종,세종시,세종 세종시 조치원읍 정리 112 세진시티빌 1동 2층 211호,"59,000,000","28,910,000",낙찰,"31,890,000",54.1%,2024-06-13,2024_2Q,3
대전 8계 2023-1609(12),연립,연립주택,연립·빌라,세종,세종시,세종 세종시 조치원읍 정리 112 세진시티빌 1동 2층 212호,"59,000,000","28,910,000",낙찰,"31,890,000",54.1%,2024-06-13,2024_2Q,3
대전 8계 2023-1609(13),연립,연립주택,연립·빌라,세종,세종시,세종 세종시 조치원읍 정리 112 세진시티빌 1동 2층 213호,"59,000,000","28,910,000",낙찰,"31,890,000",54.1%,2024-06-13,2024_2Q,3
대전 8계 2023-1609(14),연립,연립주택,연립·빌라,세종,세종시,세종 세종시 조치원읍 정리 112 세진시티빌 1동 2층 214호,"59,000,000","28,910,000",낙찰,"31,890,000",54.1%,2024-06-13,2024_2Q,3
대전 8계 2023-1609(15),연립,연립주택,연립·빌라,세종,세종시,세종 세종시 조치원읍 정리 112 세진시티빌 1동 2층 215호,"86,000,000","42,140,000",낙찰,"45,890,000",53.4%,2024-06-13,2024_2Q,3
대전 8계 2023-1609(16),연립,연립주택,연립·빌라,세종,세종시,세종 세종시 조치원읍 정리 112 세진시티빌 1동 2층 216호,"80,000,000","39,200,000",낙찰,"42,790,000",53.5%,2024-06-13,2024_2Q,3
대전 8계 2023-1609(17),연립,연립주택,연립·빌라,세종,세종시,세종 세종시 조치원읍 정리 112 세진시티빌 1동 2층 217호,"59,000,000","28,910,000",낙찰,"31,890,000",54.1%,2024-06-13,2024_2Q,3
대전 8계 2023-1609(18),연립,연립주택,연립·빌라,세종,세종시,세종 세종시 조치원읍 정리 112 세진시티빌 1동 2층 218호,"59,000,000","28,910,000",낙찰,"35,160,000",59.6%,2024-06-13,2024_2Q,3
대전 8계 2023-1609(19),연립,연립주택,연립·빌라,세종,세종시,세종 세종시 조치원읍 정리 112 세진시티빌 1동 2층 219호,"59,000,000","28,910,000",낙찰,"31,890,000",54.1%,2024-06-13,2024_2Q,3
대전 8계 2023-1609(20),연립,연립주택,연립·빌라,세종,세종시,세종 세종시 조치원읍 정리 112 세진시티빌 1동 2층 220호,"71,000,000","34,790,000",낙찰,"37,590,000",52.9%,2024-06-13,2024_2Q,3
대전 8계 2023-1609(21),연립,연립주택,연립·빌라,세종,세종시,세종 세종시 조치원읍 정리 112 세진시티빌 1동 2층 221호,"73,000,000","35,770,000",낙찰,"37,590,000",51.5%,2024-06-13,2024_2Q,3
대전 8계 2023-1609(22),연립,연립주택,연립·빌라,세종,세종시,세종 세종시 조치원읍 정리 112 세진시티빌 1동 2층 222호,"80,000,000","39,200,000",낙찰,"43,290,000",54.1%,2024-06-13,2024_2Q,3
대전 8계 2023-1609(23),연립,연립주택,연립·빌라,세종,세종시,세종 세종시 조치원읍 정리 112 세진시티빌 1동 3층 301호,"71,000,000","34,790,000",낙찰,"38,790,000",54.6%,2024-06-13,2024_2Q,3
대전 8계 2023-1609(24),연립,연립주택,연립·빌라,세종,세종시,세종 세종시 조치원읍 정리 112 세진시티빌 1동 3층 302호,"56,000,000","27,440,000",낙찰,"30,790,000",55.0%,2024-06-13,2024_2Q,3
대전 8계 2023-1609(25),연립,연립주택,연립·빌라,세종,세종시,세종 세종시 조치원읍 정리 112 세진시티빌 1동 3층 303호,"56,000,000","27,440,000",낙찰,"30,790,000",55.0%,2024-06-13,2024_2Q,3
대전 8계 2023-1609(26),연립,연립주택,연립·빌라,세종,세종시,세종 세종시 조치원읍 정리 112 세진시티빌 1동 3층 304호,"96,000,000","47,040,000",낙찰,"52,790,000",55.0%,2024-06-13,2024_2Q,3
대전 8계 2023-1609(27),연립,연립주택,연립·빌라,세종,세종시,세종 세종시 조치원읍 정리 112 세진시티빌 1동 3층 305호,"76,000,000","37,240,000",낙찰,"41,790,000",55.0%,2024-06-13,2024_2Q,3
대전 8계 2023-1609(28),연립,연립주택,연립·빌라,세종,세종시,세종 세종시 조치원읍 정리 112 세진시티빌 1동 3층 306호,"66,000,000","32,340,000",낙찰,"36,790,000",55.7%,2024-06-13,2024_2Q,3
대전 8계 2023-1609(29),연립,연립주택,연립·빌라,세종,세종시,세종 세종시 조치원읍 정리 112 세진시티빌 1동 3층 307호,"66,000,000","32,340,000",낙찰,"36,790,000",55.7%,2024-06-13,2024_2Q,3
대전 8계 2023-1609(30),연립,연립주택,연립·빌라,세종,세종시,세종 세종시 조치원읍 정리 112 세진시티빌 1동 3층 308호,"66,000,000","32,340,000",낙찰,"36,790,000",55.7%,2024-06-13,2024_2Q,3
대전 8계 2023-1609(31),연립,연립주택,연립·빌라,세종,세종시,세종 세종시 조치원읍 정리 112 세진시티빌 1동 3층 309호,"81,000,000","39,690,000",낙찰,"44,790,000",55.3%,2024-06-13,2024_2Q,3
대전 8계 2023-1609(32),연립,연립주택,연립·빌라,세종,세종시,세종 세종시 조치원읍 정리 112 세진시티빌 1동 3층 310호,"80,000,000","39,200,000",낙찰,"42,790,000",53.5%,2024-06-13,2024_2Q,3
대전 8계 2023-1609(33),연립,연립주택,연립·빌라,세종,세종시,세종 세종시 조치원읍 정리 112 세진시티빌 1동 3층 311호,"106,000,000","51,940,000",낙찰,"55,790,000",52.6%,2024-06-13,2024_2Q,3
대전 8계 2023-1609(34),연립,연립주택,연립·빌라,세종,세종시,세종 세종시 조치원읍 정리 112 세진시티빌 1동 3층 312호,"59,000,000","28,910,000",낙찰,"32,890,000",55.7%,2024-06-13,2024_2Q,3
대전 8계 2023-1609(35),연립,연립주택,연립·빌라,세종,세종시,세종 세종시 조치원읍 정리 112 세진시티빌 1동 3층 313호,"71,000,000","34,790,000",낙찰,"38,990,000",54.9%,2024-06-13,2024_2Q,3
대전 8계 2023-1609(36),연립,연립주택,연립·빌라,세종,세종시,세종 세종시 조치원읍 정리 112 세진시티빌 1동 3층 314호,"73,000,000","35,770,000",낙찰,"38,990,000",53.4%,2024-06-13,2024_2Q,3
대전 8계 2023-1609(37),연립,연립주택,연립·빌라,세종,세종시,세종 세종시 조치원읍 정리 112 세진시티빌 1동 3층 315호,"80,000,000","39,200,000",낙찰,"42,390,000",53.0%,2024-06-13,2024_2Q,3
대전 8계 2023-1609(38),연립,연립주택,연립·빌라,세종,세종시,세종 세종시 조치원읍 정리 112 세진시티빌 1동 4층 401호,"71,000,000","34,790,000",낙찰,"39,051,000",55.0%,2024-06-13,2024_2Q,3
대전 8계 2023-1609(39),연립,연립주택,연립·빌라,세종,세종시,세종 세종시 조치원읍 정리 112 세진시티빌 1동 4층 402호,"56,000,000","27,440,000",낙찰,"29,980,000",53.5%,2024-06-13,2024_2Q,3
대전 8계 2023-1609(40),연립,연립주택,연립·빌라,세종,세종시,세종 세종시 조치원읍 정리 112 세진시티빌 1동 4층 403호,"56,000,000","27,440,000",낙찰,"29,980,000",53.5%,2024-06-13,2024_2Q,3
대전 8계 2023-1609(41),연립,연립주택,연립·빌라,세종,세종시,세종 세종시 조치원읍 정리 112 세진시티빌 1동 4층 404호,"80,000,000","39,200,000",낙찰,"44,100,000",55.1%,2024-06-13,2024_2Q,3
대전 8계 2023-1609(42),연립,연립주택,연립·빌라,세종,세종시,세종 세종시 조치원읍 정리 112 세진시티빌 1동 4층 405호,"80,000,000","39,200,000",낙찰,"44,100,000",55.1%,2024-06-13,2024_2Q,3
대전 8계 2023-1609(44),연립,연립주택,연립·빌라,세종,세종시,세종 세종시 조치원읍 정리 112 세진시티빌 1동 4층 407호,"55,000,000","26,950,000",낙찰,"30,250,000",55.0%,2024-06-13,2024_2Q,3
대전 8계 2023-1609(45),연립,연립주택,연립·빌라,세종,세종시,세종 세종시 조치원읍 정리 112 세진시티빌 1동 4층 408호,"72,000,000","35,280,000",낙찰,"39,610,000",55.0%,2024-06-13,2024_2Q,3
대전 8계 2023-1609(46),연립,연립주택,연립·빌라,세종,세종시,세종 세종시 조치원읍 정리 112 세진시티빌 1동 4층 409호,"84,000,000","41,160,000",낙찰,"46,200,000",55.0%,2024-06-13,2024_2Q,3
대전 8계 2023-1609(47),연립,연립주택,연립·빌라,세종,세종시,세종 세종시 조치원읍 정리 112 세진시티빌 1동 5층 501호,"71,000,000","34,790,000",낙찰,"38,890,000",54.8%,2024-06-13,2024_2Q,3
대전 8계 2023-1609(48),연립,연립주택,연립·빌라,세종,세종시,세종 세종시 조치원읍 정리 112 세진시티빌 1동 5층 502호,"56,000,000","27,440,000",낙찰,"30,790,000",55.0%,2024-06-13,2024_2Q,3
대전 8계 2023-1609(49),연립,연립주택,연립·빌라,세종,세종시,세종 세종시 조치원읍 정리 112 세진시티빌 1동 5층 503호,"56,000,000","27,440,000",낙찰,"30,790,000",55.0%,2024-06-13,2024_2Q,3
대전 8계 2023-1609(50),연립,연립주택,연립·빌라,세종,세종시,세종 세종시 조치원읍 정리 112 세진시티빌 1동 5층 504호,"80,000,000","39,200,000",낙찰,"42,790,000",53.5%,2024-06-13,2024_2Q,3
대전 8계 2023-1609(51),연립,연립주택,연립·빌라,세종,세종시,세종 세종시 조치원읍 정리 112 세진시티빌 1동 5층 505호,"80,000,000","39,200,000",낙찰,"42,790,000",53.5%,2024-06-13,2024_2Q,3
대전 8계 2023-1609(52),연립,연립주택,연립·빌라,세종,세종시,세종 세종시 조치원읍 정리 112 세진시티빌 1동 5층 506호,"61,000,000","29,890,000",낙찰,"33,190,000",54.4%,2024-06-13,2024_2Q,3
대전 8계 2023-1609(53),연립,연립주택,연립·빌라,세종,세종시,세종 세종시 조치원읍 정리 112 세진시티빌 1동 5층 507호,"59,000,000","28,910,000",낙찰,"33,190,000",56.3%,2024-06-13,2024_2Q,3
대전 8계 2023-1609(54),연립,연립주택,연립·빌라,세종,세종시,세종 세종시 조치원읍 정리 112 세진시티빌 1동 5층 508호,"120,000,000","58,800,000",낙찰,"67,790,000",56.5%,2024-06-13,2024_2Q,3
대전 4계 2023-1692,임야,임야,임야,세종,세종시,세종 세종시 연서면 성제리 산15-15,"20,498,000","4,922,000",낙찰,"5,019,000",24.5%,2024-04-25,2024_2Q,3
대전 5계 2023-2015,근린상가,근린상가,근린상가,세종,세종시,세종 세종시 고운동 2088 삼성프라자 1층 105호,"623,000,000","213,689,000",낙찰,"222,222,000",35.7%,2024-01-10,2024_1Q,3
대전 7계 2023-2121(1),대지,나대지,나대지,세종,세종시,세종 세종시 한솔동 1016,"685,470,000","335,880,000",낙찰,"380,000,000",55.4%,2024-01-16,2024_1Q,3
대전 7계 2023-2121(2),대지,나대지,나대지,세종,세종시,세종 세종시 한솔동 1039,"696,420,000","341,246,000",낙찰,"443,999,900",63.8%,2024-02-20,2024_1Q,3
대전 4계 2023-2459,근린상가,근린상가,근린상가,세종,세종시,세종 세종시 아름동 1089 1-2생활권근생5-1,"2,096,448,735","1,027,260,000",낙찰,"1,100,000,000",52.5%,2024-01-11,2024_1Q,3
대전 4계 2023-2824,주상복합(상가),기타토지,기타토지,세종,세종시,세종 세종시 어진동 649 호수의아침 1층 112호,"671,000,000","161,107,000",낙찰,"193,000,000",28.8%,2024-05-30,2024_2Q,3
대전 4계 2023-2961,아파트,아파트,아파트,세종,세종시,세종 세종시 새롬동 605 새뜸마을5단지 508동 4층 401호,"737,000,000","515,900,000",낙찰,"663,300,000",90.0%,2024-01-11,2024_1Q,3
대전 3계 2023-3032,임야,임야,임야,세종,세종시,세종 세종시 부강면 금호리 산41-6,"546,882,000","267,972,000",낙찰,"312,000,000",57.1%,2024-01-17,2024_1Q,3
대전 8계 2023-3094(1),근린상가,근린상가,근린상가,세종,세종시,세종 세종시 반곡동 848 비오케이아트센터 주건축물 1동 2층 210호,"440,000,000","73,951,000",낙찰,"77,400,000",17.6%,2024-06-13,2024_2Q,3
대전 8계 2023-3094(2),근린상가,근린상가,근린상가,세종,세종시,세종 세종시 반곡동 848 비오케이아트센터 주건축물 1동 2층 211호,"440,000,000","73,951,000",낙찰,"92,400,000",21.0%,2024-06-13,2024_2Q,3
대전 8계 2023-3094(3),근린상가,근린상가,근린상가,세종,세종시,세종 세종시 반곡동 848 비오케이아트센터 주건축물 1동 2층 212호,"930,000,000","156,305,000",낙찰,"194,400,000",20.9%,2024-06-13,2024_2Q,3
대전 8계 2023-3094(4),근린상가,근린상가,근린상가,세종,세종시,세종 세종시 반곡동 848 비오케이아트센터 주건축물 1동 2층 216호,"260,000,000","62,426,000",낙찰,"70,190,000",27.0%,2024-05-09,2024_2Q,3
대전 4계 2023-3124,근린상가,근린상가,근린상가,세종,세종시,세종 세종시 고운동 2094 세종중앙타워 1층 102호,"643,000,000","220,549,000",낙찰,"269,000,000",41.8%,2024-04-25,2024_2Q,3
대전 8계 2023-3162,전,전,전,세종,세종시,세종 세종시 전의면 신정리 486-2,"2,218,191,000","760,840,000",낙찰,"990,000,000",44.6%,2024-02-29,2024_1Q,3
대전 4계 2023-3681,근린상가,근린상가,근린상가,세종,세종시,세종 세종시 보람동 705 강남프라자 2층 205호,"1,264,000,000","433,552,000",낙찰,"461,100,000",36.5%,2024-03-21,2024_1Q,3
대전 4계 2023-3803,아파트,아파트,아파트,세종,세종시,세종 세종시 종촌동 690 가재마을5단지 507동 5층 503호,"560,000,000","392,000,000",낙찰,"477,100,000",85.2%,2024-01-11,2024_1Q,3
대전 1계 2023-3841,임야,임야,임야,세종,세종시,세종 세종시 전의면 관정리 145-5,"1,385,164,000","475,112,000",낙찰,"530,010,000",38.3%,2024-03-25,2024_1Q,3
대전 3계 2023-3919(1),근린상가,근린상가,근린상가,세종,세종시,세종 세종시 나성동 791 애플타워 1동 6층 602호,"238,000,000","81,634,000",낙찰,"150,000,000",63.0%,2024-01-17,2024_1Q,3
대전 3계 2023-4127,아파트,아파트,아파트,세종,세종시,세종 세종시 아름동 1363 범지기마을 11단지 1108동 11층 1101호,"485,000,000","339,500,000",낙찰,"471,100,000",97.1%,2024-03-27,2024_1Q,3
대전 4계 2023-4134,아파트,아파트,아파트,세종,세종시,세종 세종시 아름동 1363 범지기마을11단지 1104동 19층 1901호,"517,000,000","361,900,000",낙찰,"463,770,000",89.7%,2024-02-15,2024_1Q,3
대전 7계 2023-4189,아파트상가,아파트상가,기타토지,세종,세종시,세종 세종시 대평동 706 해들마을2단지 상가1동 2층 202호,"302,000,000","72,510,000",낙찰,"100,100,000",33.1%,2024-03-26,2024_1Q,3
대전 3계 2023-4240,아파트,아파트,아파트,세종,세종시,세종 세종시 아름동 1276 범지기마을 12단지 1208동 11층 1102호,"639,000,000","447,300,000",낙찰,"553,890,000",86.7%,2024-06-05,2024_2Q,3
대전 7계 2023-4509,아파트,아파트,아파트,세종,세종시,세종 세종시 고운동 1706 가락마을8단지 807동 10층 1003호,"495,000,000","346,500,000",낙찰,"421,000,000",85.1%,2024-01-16,2024_1Q,3
대전 8계 2023-4530,아파트,아파트,아파트,세종,세종시,세종 세종시 고운동 1395 가락마을16단지 1602동 10층 1002호,"440,000,000","308,000,000",낙찰,"429,713,000",97.7%,2024-01-25,2024_1Q,3
대전 5계 2023-4578,근린상가,근린상가,근린상가,세종,세종시,세종 세종시 소담동 540 코끼리타워 1층 114호,"923,000,000","452,270,000",낙찰,"558,910,000",60.6%,2024-01-10,2024_1Q,3
대전 8계 2023-5021(1),근린상가,근린상가,근린상가,세종,세종시,세종 세종시 새롬동 574 크리스마스빌딩 3층 308호,"900,000,000","441,000,000",낙찰,"565,270,000",62.8%,2024-01-25,2024_1Q,3
대전 8계 2023-5274(1),근린상가,근린상가,근린상가,세종,세종시,세종 세종시 나성동 741 새롬씨티 1층 106호,"1,064,000,000","521,360,000",낙찰,"583,000,000",54.8%,2024-05-09,2024_2Q,3
대전 8계 2023-5274(2),근린상가,근린상가,근린상가,세종,세종시,세종 세종시 나성동 741 새롬씨티 1층 107호,"912,000,000","446,880,000",낙찰,"497,000,000",54.5%,2024-05-09,2024_2Q,3
대전 6계 2023-5335,근린상가,근린상가,근린상가,세종,세종시,세종 세종시 나성동 741 새롬씨티 7층 704호,"418,000,000","204,820,000",낙찰,"206,530,000",49.4%,2024-01-23,2024_1Q,3
대전 7계 2023-5342,근린상가,근린상가,근린상가,세종,세종시,세종 세종시 나성동 741 새롬씨티 7층 701호,"474,000,000","331,800,000",낙찰,"333,333,000",70.3%,2024-03-26,2024_1Q,3
대전 1계 2023-5359,근린상가,근린상가,근린상가,세종,세종시,세종 세종시 나성동 741 새롬씨티 3층 306호,"531,000,000","260,190,000",낙찰,"273,327,000",51.5%,2024-02-19,2024_1Q,3
대전 3계 2023-5366,근린상가,근린상가,근린상가,세종,세종시,세종 세종시 나성동 741 새롬씨티 2층 201호,"920,000,000","315,560,000",낙찰,"458,250,000",49.8%,2024-03-27,2024_1Q,3
대전 1계 2023-5571(1),단독주택,단독,단독주택,세종,세종시,세종 세종시 다정동 841 주건축물 1동,"1,018,547,120","712,983,000",낙찰,"745,000,000",73.1%,2024-01-15,2024_1Q,3
대전 1계 2023-5571(2),근린상가,근린상가,근린상가,세종,세종시,세종 세종시 나성동 786 신영드림타워 6층 601호,"525,000,000","257,250,000",낙찰,"267,750,000",51.0%,2024-02-19,2024_1Q,3
대전 6계 2023-5618(1),근린상가,근린상가,근린상가,세종,세종시,세종 세종시 대평동 674 해피라움블루 4층 419호,"564,000,000","135,416,000",낙찰,"142,660,000",25.3%,2024-05-07,2024_2Q,3
대전 6계 2023-5618(2),근린상가,근린상가,근린상가,세종,세종시,세종 세종시 대평동 674 해피라움블루 3층 317호,"361,000,000","86,676,000",낙찰,"124,899,000",34.6%,2024-05-07,2024_2Q,3
대전 1계 2023-5656,아파트,아파트,아파트,세종,세종시,"세종 세종시 나성동 775 ,776 더리치세종의아침 4층 417호","123,000,000","60,270,000",낙찰,"114,590,000",93.2%,2024-02-19,2024_1Q,3
대전 5계 2023-5892,근린상가,근린상가,근린상가,세종,세종시,세종 세종시 고운동 2094 세종중앙타워 2층 201호,"720,000,000","352,800,000",낙찰,"401,800,000",55.8%,2024-02-14,2024_1Q,3
대전 7계 2023-5984,단독주택,단독,단독주택,세종,세종시,세종 세종시 소정면 소정리 429,"23,970,000","23,970,000",낙찰,"24,000,000",100.1%,2024-03-26,2024_1Q,3
대전 8계 2023-6390,아파트,아파트,아파트,세종,세종시,세종 세종시 다정동 960 가온마을1단지 116동 26층 2602호,"595,000,000","416,500,000",낙찰,"530,100,000",89.1%,2024-01-25,2024_1Q,3
대전 7계 2023-6659,아파트,아파트,아파트,세종,세종시,세종 세종시 아름동 1363 범지기마을11단지 1108동 2층 202호,"466,000,000","326,200,000",낙찰,"402,345,000",86.3%,2024-04-30,2024_2Q,3
대전 6계 2023-6802,전,전,전,세종,세종시,세종 세종시 소정면 대곡리 43-1,"244,400,000","119,756,000",낙찰,"122,200,000",50.0%,2024-05-07,2024_2Q,3
대전 6계 2023-7409,임야,임야,임야,세종,세종시,세종 세종시 연기면 수산리 572-3,"21,193,840","7,270,000",낙찰,"8,310,000",39.2%,2024-06-11,2024_2Q,3
대전 1계 2023-7775,대지,나대지,나대지,세종,세종시,세종 세종시 다정동 884,"1,044,100,000","511,609,000",낙찰,"520,800,000",49.9%,2024-06-03,2024_2Q,3
대전 8계 2023-7904,주상복합(상가),기타토지,기타토지,세종,세종시,세종 세종시 어진동 649 호수의아침 1층 102호,"623,000,000","305,270,000",낙찰,"315,900,000",50.7%,2024-06-13,2024_2Q,3
대전 3계 2023-8389,근린상가,근린상가,근린상가,세종,세종시,세종 세종시 아름동 1344 아름씨티 3층 305호,"606,000,000","207,858,000",낙찰,"220,000,000",36.3%,2024-06-05,2024_2Q,3
대전 6계 2023-8952,답,답,답,세종,세종시,세종 세종시 부강면 행산리 237-9,"54,252,000","54,252,000",낙찰,"54,300,000",100.1%,2024-06-11,2024_2Q,3
대전 5계 2023-9047,아파트,아파트,아파트,세종,세종시,세종 세종시 새롬동 554 새뜸마을4단지 414동 11층 1104호,"825,000,000","577,500,000",낙찰,"664,125,000",80.5%,2024-04-24,2024_2Q,3
대전 5계 2023-9375,아파트,아파트,아파트,세종,세종시,세종 세종시 조치원읍 신흥리 398 신흥푸르지오 109동 7층 702호,"432,000,000","302,400,000",낙찰,"341,999,000",79.2%,2024-04-24,2024_2Q,3
대전 1계 2023-100667,근린상가,근린상가,근린상가,세종,세종시,세종 세종시 한솔동 1063 1동,"3,956,541,330","1,357,094,000",낙찰,"1,685,019,000",42.6%,2024-04-29,2024_2Q,3
대전 5계 2023-101844,근린상가,근린상가,근린상가,세종,세종시,세종 세종시 보람동 704 해오름빌딩 1동 3층 313호,"521,000,000","125,092,000",낙찰,"162,110,000",31.1%,2024-04-24,2024_2Q,3
대전 3계 2023-102816,아파트,아파트,아파트,세종,세종시,세종 세종시 도담동 651 도램마을12단지 1202동 16층 1602호,"567,000,000","396,900,000",낙찰,"481,111,110",84.9%,2024-05-01,2024_2Q,3
대전 3계 2023-103055(3),단독주택,단독,단독주택,세종,세종시,세종 세종시 금남면 부용리 533-2,"507,446,000","174,054,000",낙찰,"200,100,000",39.4%,2024-02-21,2024_1Q,3
대전 2계 2023-104584,중기,기타토지,기타토지,세종,세종시,"세종 세종시 연동면 응암리 925 ICD동 1층 이든컴퍼티(제3자 신성한울림,044-868-9190)내 보관","36,800,000","6,185,000",낙찰,"6,500,000",17.7%,2024-02-05,2024_1Q,3
대전 2계 2023-104614,중기,기타토지,기타토지,세종,세종시,"세종 세종시 연동면 응암리 925 ICD동 1층 이든컴퍼티(제3자 신성한울림,044-868-9190)내 보관","60,000,000","29,400,000",낙찰,"37,740,000",62.9%,2024-01-08,2024_1Q,3
대전 8계 2023-104676(1),주상복합(상가),기타토지,기타토지,세종,세종시,세종 세종시 나성동 764 세종갤러리밸류시티 1층 118호,"402,000,000","67,564,000",낙찰,"72,000,000",17.9%,2024-04-04,2024_2Q,3
대전 8계 2023-104676(3),주상복합(상가),기타토지,기타토지,세종,세종시,세종 세종시 나성동 764 세종갤러리밸류시티 1층 120호,"358,000,000","42,118,000",낙찰,"63,030,000",17.6%,2024-05-09,2024_2Q,3
대전 8계 2023-104676(4),주상복합(상가),기타토지,기타토지,세종,세종시,세종 세종시 나성동 764 세종갤러리밸류시티 1층 119호,"402,000,000","67,564,000",낙찰,"70,220,000",17.5%,2024-04-04,2024_2Q,3
대전 4계 2023-104751,답,답,답,세종,세종시,세종 세종시 연서면 월하리 1122-1,"252,697,200","86,675,000",낙찰,"124,111,000",49.1%,2024-01-11,2024_1Q,3
대전 5계 2023-104768,답,답,답,세종,세종시,세종 세종시 연서면 월하리 1070-1,"245,750,400","59,005,000",낙찰,"66,620,000",27.1%,2024-02-14,2024_1Q,3
대전 4계 2023-104843(2),과수원,과수원,과수원,세종,세종시,세종 세종시 연서면 고복리 174-1,"138,455,000","33,243,000",낙찰,"36,111,000",26.1%,2024-03-21,2024_1Q,3
대전 7계 2023-104881,아파트,아파트,아파트,세종,세종시,세종 세종시 반곡동 897 수루배마을2단지 207동 6층 607호,"471,000,000","329,700,000",낙찰,"430,000,000",91.3%,2024-02-20,2024_1Q,3
대전 8계 2023-105280,과수원,과수원,과수원,세종,세종시,세종 세종시 연동면 송용리 80,"64,031,520","15,374,000",낙찰,"16,200,000",25.3%,2024-01-25,2024_1Q,3
대전 3계 2023-105624(2),근린상가,근린상가,근린상가,세종,세종시,세종 세종시 새롬동 579 해피라움더블유 1층 108호,"734,000,000","513,800,000",낙찰,"514,000,000",70.0%,2024-06-05,2024_2Q,3
대전 2계 2023-105914,차량,기타토지,기타토지,세종,세종시,세종 세종시 연동면 응암리 925 신성한울림주차장내 보관(제3자 신성한울림(044-868-9190)에게 보관),"15,000,000","7,350,000",낙찰,"7,560,000",50.4%,2024-02-05,2024_1Q,3
대전 6계 2023-106061,과수원,과수원,과수원,세종,세종시,세종 세종시 연서면 쌍류리 98-5,"249,000,000","122,010,000",낙찰,"172,800,000",69.4%,2024-05-07,2024_2Q,3
대전 1계 2023-106177,아파트,아파트,아파트,세종,세종시,세종 세종시 반곡동 857 수루배마을4단지 421동 20층 2002호,"670,000,000","469,000,000",낙찰,"588,880,000",87.9%,2024-01-15,2024_1Q,3
대전 7계 2023-107330,아파트,아파트,아파트,세종,세종시,세종 세종시 어진동 673 한뜰마을6단지 중흥S클래스센텀뷰 604동 24층 2405호,"1,670,000,000","1,169,000,000",낙찰,"1,518,382,000",90.9%,2024-02-20,2024_1Q,3
대전 4계 2023-107682,대지,나대지,나대지,세종,세종시,세종 세종시 부강면 부강리 336-1,"221,192,000","108,384,000",낙찰,"142,000,007",64.2%,2024-02-15,2024_1Q,3
대전 8계 2023-107859(2),근린상가,근린상가,근린상가,세종,세종시,세종 세종시 어진동 671 세종에비뉴힐비 1층 1116호,"273,000,000","133,770,000",낙찰,"134,660,000",49.3%,2024-01-25,2024_1Q,3
대전 8계 2023-108104(1),전,전,전,세종,세종시,세종 세종시 전동면 송성리 482,"47,600,000","23,324,000",낙찰,"25,000,000",52.5%,2024-01-25,2024_1Q,3
대전 8계 2023-108104(2),전,전,전,세종,세종시,세종 세종시 전동면 송성리 511,"5,874,000","2,878,000",낙찰,"3,000,000",51.1%,2024-01-25,2024_1Q,3
대전 8계 2023-108104(5),답,답,답,세종,세종시,세종 세종시 전동면 송성리 688-2,"199,560,000","97,784,000",낙찰,"123,200,000",61.7%,2024-01-25,2024_1Q,3
대전 3계 2023-108210,다세대,다세대주택,다세대,세종,세종시,"세종 세종시 금남면 도남리 95 ,96 주건축물 A동 1층 101호","220,000,000","75,460,000",낙찰,"103,500,000",47.0%,2024-01-17,2024_1Q,3
대전 3계 2023-108500,답,답,답,세종,세종시,세종 세종시 연서면 월하리 1114-2,"533,887,200","261,605,000",낙찰,"275,111,000",51.5%,2024-01-17,2024_1Q,3
대전 4계 2023-108715(1),답,답,답,세종,세종시,세종 세종시 전동면 노장리 205-2,"228,594,000","112,011,000",낙찰,"115,100,000",50.4%,2024-02-15,2024_1Q,3
대전 6계 2023-108869,아파트,아파트,아파트,세종,세종시,"세종 세종시 조치원읍 남리 456 ,457,480 다원파크리안 103동 4층 404호","258,000,000","126,420,000",낙찰,"155,333,330",60.2%,2024-02-27,2024_1Q,3
대전 8계 2023-109022,단독주택,단독,단독주택,세종,세종시,세종 세종시 연서면 부동리 92-2,"304,615,670","149,262,000",낙찰,"151,110,000",49.6%,2024-02-29,2024_1Q,3
대전 3계 2023-109046,대지,나대지,나대지,세종,세종시,세종 세종시 고운동 1524,"1,387,527,000","679,888,000",낙찰,"757,099,999",54.6%,2024-05-01,2024_2Q,3
대전 6계 2023-109497,아파트,아파트,아파트,세종,세종시,"세종 세종시 조치원읍 남리 456 ,457,480 다원파크리안 101동 9층 902호","255,000,000","124,950,000",낙찰,"181,999,000",71.4%,2024-05-07,2024_2Q,3
대전 7계 2023-110145,아파트,아파트,아파트,세종,세종시,세종 세종시 아름동 1284 범지기마을7단지 705동 4층 401호,"490,000,000","343,000,000",낙찰,"448,000,000",91.4%,2024-02-20,2024_1Q,3
대전 4계 2023-110190,아파트,아파트,아파트,세종,세종시,"세종 세종시 한솔동 971 ,1045 첫마을 503동 1층 102호","430,000,000","301,000,000",낙찰,"354,000,000",82.3%,2024-02-15,2024_1Q,3
대전 3계 2023-110572,아파트,아파트,아파트,세종,세종시,세종 세종시 아름동 1363 범지기마을11단지 1104동 5층 502호,"490,000,000","343,000,000",낙찰,"423,400,000",86.4%,2024-05-01,2024_2Q,3
대전 8계 2023-110657,아파트,아파트,아파트,세종,세종시,세종 세종시 금남면 용포리 263 신성연기미소지움 104동 9층 904호,"431,000,000","301,700,000",낙찰,"310,500,000",72.0%,2024-05-09,2024_2Q,3
대전 6계 2023-110978,아파트,아파트,아파트,세종,세종시,세종 세종시 도담동 632 도램마을13단지 중흥S-클래스그린카운티 1315동 20층 2001호,"439,000,000","307,300,000",낙찰,"376,150,000",85.7%,2024-01-23,2024_1Q,3
대전 3계 2023-111131,아파트,아파트,아파트,세종,세종시,세종 세종시 도담동 632 도램마을13단지 중흥S-클래스그린카운티 1314동 9층 901호,"440,000,000","308,000,000",낙찰,"373,800,000",85.0%,2024-01-17,2024_1Q,3
대전 1계 2023-111353,아파트,아파트,아파트,세종,세종시,"세종 세종시 도담동 666 ,667 라온프라이빗시티2 1동 7층 734호","102,000,000","71,400,000",낙찰,"72,440,000",71.0%,2024-02-19,2024_1Q,3
대전 2계 2023-111360,중기,기타토지,기타토지,세종,세종시,세종 세종시 연동면 응암리 454-9 내 보관(채권자 대리인 황원하에게 보관),"150,000,000","73,500,000",낙찰,"110,600,000",73.7%,2024-01-08,2024_1Q,3
대전 4계 2023-111506,근린상가,근린상가,근린상가,세종,세종시,세종 세종시 고운동 1372 고운메디프라자 1동 1층 102호,"400,000,000","196,000,000",낙찰,"200,000,000",50.0%,2024-04-25,2024_2Q,3
대전 5계 2023-111629,임야,임야,임야,세종,세종시,세종 세종시 장군면 송문리 355-8,"1,544,472,000","529,754,000",낙찰,"750,000,000",48.6%,2024-04-24,2024_2Q,3
대전 4계 2023-111759,창고,기타건물,창고,세종,세종시,세종 세종시 연동면 송용리 960-3 1동,"861,548,860","603,084,000",낙찰,"670,000,000",77.8%,2024-04-25,2024_2Q,3
대전 1계 2023-111902,대지,나대지,나대지,세종,세종시,세종 세종시 금남면 호탄리 140,"539,343,250","264,278,000",낙찰,"320,500,000",59.4%,2024-06-03,2024_2Q,3
대전 6계 2023-111995,철도용지,기타토지,기타토지,세종,세종시,세종 세종시 부강면 노호리 산55-13,"59,671,200","29,239,000",낙찰,"32,670,000",54.8%,2024-02-27,2024_1Q,3
대전 5계 2023-112134,아파트,아파트,아파트,세종,세종시,세종 세종시 어진동 603 한뜰마을2단지 204동 15층 1504호,"720,000,000","504,000,000",낙찰,"629,999,000",87.5%,2024-02-14,2024_1Q,3
대전 5계 2023-112370,아파트,아파트,아파트,세종,세종시,세종 세종시 아름동 1276 범지기마을12단지 1201동 1층 101호,"663,000,000","464,100,000",낙찰,"487,700,000",73.6%,2024-02-14,2024_1Q,3
대전 6계 2023-112387,아파트,아파트,아파트,세종,세종시,세종 세종시 대평동 704 해들마을4단지 405동 12층 1202호,"782,000,000","547,400,000",낙찰,"633,000,000",80.9%,2024-06-11,2024_2Q,3
대전 2계 2023-112653,차량,기타토지,기타토지,세종,세종시,세종 세종시 연동면 응암리 925 신성한울림내 보관,"14,000,000","2,353,000",낙찰,"2,810,000",20.1%,2024-04-22,2024_2Q,3
대전 4계 2023-113168,대지,나대지,나대지,세종,세종시,세종 세종시 금남면 영대리 456-4,"206,400,000","144,480,000",낙찰,"144,481,000",70.0%,2024-04-25,2024_2Q,3
대전 2계 2023-113236,차량,기타토지,기타토지,세종,세종시,세종 세종시 연동면 응암리 925 신성한울림(044-868-9190)내 보관,"12,000,000","8,400,000",낙찰,"9,510,000",79.3%,2024-01-08,2024_1Q,3
대전 2계 2023-113557,중기,기타토지,기타토지,세종,세종시,세종 세종시 연동면 응암리 925 제3자 신성한울림에게 보관,"65,000,000","31,850,000",낙찰,"32,350,000",49.8%,2024-02-05,2024_1Q,3
대전 7계 2023-113595,아파트,아파트,아파트,세종,세종시,세종 세종시 조치원읍 침산리 89 욱일 108동 15층 1504호,"213,000,000","149,100,000",낙찰,"155,000,000",72.8%,2024-04-30,2024_2Q,3
대전 6계 2023-113656,아파트,아파트,아파트,세종,세종시,세종 세종시 도담동 633 도램마을 20단지 2004동 9층 903호,"573,000,000","401,100,000",낙찰,"479,777,000",83.7%,2024-05-07,2024_2Q,3
대전 4계 2023-113847,오피스텔,오피스텔,오피스텔(업무용),세종,세종시,세종 세종시 어진동 649 호수의아침 17층 1722호,"100,000,000","70,000,000",낙찰,"70,000,000",70.0%,2024-04-25,2024_2Q,3
대전 2계 2023-114048,차량,기타토지,기타토지,세종,세종시,세종 세종시 연동면 응암리 925 신성한울림내 보관(044-868-9190)(제3자 신성한울림에게 보관),"38,300,000","18,767,000",낙찰,"24,800,000",64.8%,2024-03-18,2024_1Q,3
대전 1계 2023-114826,아파트,아파트,아파트,세종,세종시,세종 세종시 나성동 757 세종마루투주건축물 1동 5층 516호,"137,000,000","95,900,000",낙찰,"104,038,400",75.9%,2024-06-03,2024_2Q,3
대전 4계 2023-114970(1),대지,나대지,나대지,세종,세종시,세종 세종시 전의면 달전리 43-4,"93,043,000","93,043,000",낙찰,"95,371,000",102.5%,2024-04-25,2024_2Q,3
대전 1계 2023-115690,아파트,아파트,아파트,세종,세종시,"세종 세종시 도담동 664 ,665 라온프라이빗시티Ⅰ 6층 612호","105,000,000","73,500,000",낙찰,"73,500,000",70.0%,2024-06-03,2024_2Q,3
대전 8계 2023-116877,아파트,아파트,아파트,세종,세종시,세종 세종시 소담동 576 펠리체타워2 7층 716호,"143,000,000","100,100,000",낙찰,"100,100,000",70.0%,2024-06-13,2024_2Q,3
대전 5계 2023-117566,아파트,아파트,아파트,세종,세종시,"세종 세종시 한솔동 978 ,976 첫마을 706동 16층 1603호","822,000,000","575,400,000",낙찰,"663,500,000",80.7%,2024-05-29,2024_2Q,3
대전 2계 2023-118163,차량,기타토지,기타토지,세종,세종시,세종 세종시 연동면 응암리 925 신성한울림내 보관(044-868-9190)(제3자 신성한울림에게 보관),"10,000,000","7,000,000",낙찰,"7,110,000",71.1%,2024-03-18,2024_1Q,3
대전 3계 2023-118170,아파트,아파트,아파트,세종,세종시,세종 세종시 아름동 1363 범지기마을 11단지 1107동 12층 1204호,"498,000,000","348,600,000",낙찰,"431,811,000",86.7%,2024-06-05,2024_2Q,3
대전 5계 2023-118514,아파트,아파트,아파트,세종,세종시,세종 세종시 도담동 858 도램마을14단지 1410동 19층 1901호,"1,086,000,000","760,200,000",낙찰,"900,999,000",83.0%,2024-05-29,2024_2Q,3
대전 2계 2023-118798,차량,기타토지,기타토지,세종,세종시,세종 세종시 연동면 응암리 925 신성한울림(044-868-9190)내 보관(제3자 신성한울림에게 보관),"14,000,000","9,800,000",낙찰,"11,478,000",82.0%,2024-05-27,2024_2Q,3
대전 5계 2023-119210,아파트,아파트,아파트,세종,세종시,세종 세종시 아름동 1363 범지기마을11단지 영무예다음 1108동 7층 701호,"473,000,000","331,100,000",낙찰,"455,678,900",96.3%,2024-05-29,2024_2Q,3
대전 2계 2023-120609,차량,기타토지,기타토지,세종,세종시,세종 세종시 연동면 응암리 925 제3자 신성한울림에게 보관,"30,000,000","21,000,000",낙찰,"22,500,000",75.0%,2024-04-22,2024_2Q,3
대전 2계 2023-121183,중기,기타토지,기타토지,세종,세종시,세종 세종시 연동면 응암리 925 화물컨테이너주차장내(제3자 신성한울림) 보관,"55,000,000","26,950,000",낙찰,"29,100,000",52.9%,2024-05-27,2024_2Q,3
대전 2계 2023-121657,차량,기타토지,기타토지,세종,세종시,세종 세종시 연동면 응암리 925 제3자 신성한울림에게 보관,"17,000,000","11,900,000",낙찰,"13,032,000",76.7%,2024-04-22,2024_2Q,3
대전 2계 2024-100039,차량,기타토지,기타토지,세종,세종시,세종 세종시 연동면 응암리 925 신성한울림(044-868-9190)내 보관(제3자 신성한울림에게 보관),"13,000,000","9,100,000",낙찰,"10,740,000",82.6%,2024-05-27,2024_2Q,3
대전 2계 2024-100671,차량,기타토지,기타토지,세종,세종시,세종 세종시 연동면 응암리 925 제3자 신성한울림에게 보관,"22,000,000","15,400,000",낙찰,"17,322,000",78.7%,2024-04-22,2024_2Q,3
대전 2계 2024-100855,차량,기타토지,기타토지,세종,세종시,세종 세종시 연동면 응암리 925 제3자 신성한울림에게 보관,"28,300,000","19,810,000",낙찰,"21,278,900",75.2%,2024-04-22,2024_2Q,3
대전 2계 2024-102042,차량,기타토지,기타토지,세종,세종시,세종 세종시 연동면 응암리 925 신성한울림(044-868-9190)내 보관(제3자 신성한울림에게 보관),"15,000,000","15,000,000",낙찰,"15,510,000",103.4%,2024-05-27,2024_2Q,3
대전 7계 2022-67(2),아파트상가,아파트상가,기타토지,세종,세종시,세종 세종시 대평동 668 해들마을6단지 판매시설-3동 2층 C217호,"186,000,000","31,261,000",낙찰,"51,500,000",27.7%,2024-10-22,2024_4Q,3
대전 2계 2022-7242(1),근린상가,근린상가,근린상가,세종,세종시,세종 세종시 소담동 529 도경프라자 2층 205호,"594,000,000","203,742,000",낙찰,"220,000,000",37.0%,2024-09-09,2024_3Q,3
대전 2계 2022-7242(2),근린상가,근린상가,근린상가,세종,세종시,세종 세종시 소담동 529 도경프라자 2층 206호,"967,000,000","331,681,000",낙찰,"331,700,000",34.3%,2024-09-09,2024_3Q,3
대전 2계 2022-7242(3),근린상가,근린상가,근린상가,세종,세종시,세종 세종시 소담동 529 도경프라자 2층 207호,"719,000,000","246,617,000",낙찰,"246,700,000",34.3%,2024-09-09,2024_3Q,3
대전 2계 2022-111271(2),근린상가,근린상가,근린상가,세종,세종시,세종 세종시 소담동 529 도경프라자 6층 601호,"491,000,000","240,590,000",낙찰,"250,000,000",50.9%,2024-08-12,2024_3Q,3
대전 8계 2022-112342,단독주택,단독,단독주택,세종,세종시,세종 세종시 부강면 부강리 482-1,"1,422,923,100","697,232,000",낙찰,"900,127,000",63.3%,2024-10-10,2024_4Q,3
대전 6계 2022-112403,아파트,아파트,아파트,세종,세종시,세종 세종시 한솔동 939 첫마을 110동 23층 2302호,"370,000,000","259,000,000",낙찰,"315,500,000",85.3%,2024-07-16,2024_3Q,3
대전 6계 2022-113833,아파트,아파트,아파트,세종,세종시,세종 세종시 고운동 1400 가락마을10단지 1001동 8층 804호,"470,000,000","230,300,000",낙찰,"320,000,000",68.1%,2024-10-29,2024_4Q,3
대전 8계 2023-1609(43),연립,연립주택,연립·빌라,세종,세종시,세종 세종시 조치원읍 정리 112 세진시티빌 1동 4층 406호,"78,000,000","38,220,000",낙찰,"41,100,000",52.7%,2024-11-14,2024_4Q,3
대전 5계 2023-3131,임야,임야,임야,세종,세종시,세종 세종시 연서면 신대리 산64-13,"2,211,765,000","758,636,000",낙찰,"951,210,000",43.0%,2024-07-10,2024_3Q,3
대전 5계 2023-4165,아파트,아파트,아파트,세종,세종시,세종 세종시 어진동 520 한뜰마을4단지 401동 15층 1501호,"852,000,000","292,236,000",낙찰,"366,670,000",43.0%,2024-08-21,2024_3Q,3
대전 4계 2023-4783,임야,임야,임야,세종,세종시,세종 세종시 전동면 석곡리 산29-1,"1,775,112,000","1,242,578,000",낙찰,"1,700,000,000",95.8%,2024-09-26,2024_3Q,3
대전 3계 2023-4905,근린상가,근린상가,근린상가,세종,세종시,세종 세종시 조치원읍 번암리 61-6 세종메디컬센터 1동 1층 102호,"2,490,000,000","292,946,000",낙찰,"342,000,000",13.7%,2024-11-27,2024_4Q,3
대전 1계 2023-5038,근린상가,근린상가,근린상가,세종,세종시,세종 세종시 나성동 811 더센트럴 1층 125호,"560,000,000","134,456,000",낙찰,"163,000,000",29.1%,2024-10-28,2024_4Q,3
대전 9계 2023-5526,근린상가,근린상가,근린상가,세종,세종시,세종 세종시 아름동 1344 아름씨티 1층 107호,"670,000,000","229,810,000",낙찰,"241,000,000",36.0%,2024-09-11,2024_3Q,3
대전 3계 2023-5663,근린주택,근린주택,근린주택,세종,세종시,세종 세종시 금남면 대박리 97,"872,730,200","427,638,000",낙찰,"480,000,000",55.0%,2024-07-17,2024_3Q,3
대전 8계 2023-6109,임야,임야,임야,세종,세종시,세종 세종시 장군면 봉안리 45-10,"515,647,585","360,953,000",낙찰,"369,090,000",71.6%,2024-08-29,2024_3Q,3
대전 1계 2023-6116,근린상가,근린상가,근린상가,세종,세종시,세종 세종시 나성동 741 새롬씨티 1층 108호,"875,000,000","428,750,000",낙찰,"490,000,000",56.0%,2024-07-15,2024_3Q,3
대전 1계 2023-6161(1),근린상가,근린상가,근린상가,세종,세종시,세종 세종시 종촌동 673 몰리브 5층 515호,"390,000,000","133,770,000",낙찰,"135,660,000",34.8%,2024-08-19,2024_3Q,3
대전 1계 2023-6161(3),근린상가,근린상가,근린상가,세종,세종시,세종 세종시 종촌동 673 몰리브 7층 703-3호,"373,000,000","62,690,000",낙찰,"73,700,000",19.8%,2024-12-02,2024_4Q,3
대전 6계 2023-7591,근린상가,근린상가,근린상가,세종,세종시,세종 세종시 소담동 555 리치타워2 3층 315호,"574,000,000","196,882,000",낙찰,"231,000,000",40.2%,2024-07-16,2024_3Q,3
대전 6계 2023-7881,공장,공장(지식산업센터 업무시설),공장,세종,세종시,"세종 세종시 금남면 국곡리 15-2 ,15-3,15-4,15-5 주1동","2,527,893,000","1,769,525,000",낙찰,"1,811,111,000",71.6%,2024-07-16,2024_3Q,3
대전 10계 2023-7935,아파트,아파트,아파트,세종,세종시,세종 세종시 반곡동 851 수루배마을1단지 113동 14층 1402호,"878,000,000","614,600,000",낙찰,"721,299,999",82.2%,2024-12-19,2024_4Q,3
대전 6계 2023-8037,아파트상가,아파트상가,기타토지,세종,세종시,세종 세종시 반곡동 857 수루배마을4단지 근린생활시설3(417동)동 1층 11호,"168,000,000","57,624,000",낙찰,"65,000,000",38.7%,2024-09-24,2024_3Q,3
대전 5계 2023-8402,근린상가,근린상가,근린상가,세종,세종시,세종 세종시 어진동 657 세종비지니스센터 3층 에이314호,"205,000,000","49,221,000",낙찰,"67,300,000",32.8%,2024-07-10,2024_3Q,3
대전 1계 2023-8655,임야,임야,임야,세종,세종시,세종 세종시 연서면 고복리 산102-10,"715,022,000","196,202,000",낙찰,"219,103,560",30.6%,2024-10-28,2024_4Q,3
대전 4계 2023-8730,아파트,아파트,아파트,세종,세종시,세종 세종시 해밀동 행정중심복합도시6-4생활권엠1블록 해밀마을2단지 212동 4층 403호,"922,000,000","645,400,000",낙찰,"756,501,000",82.0%,2024-07-11,2024_3Q,3
대전 2계 2023-8754,임야,임야,임야,세종,세종시,세종 세종시 장군면 봉안리 4-21,"322,410,100","225,687,000",낙찰,"294,220,000",91.3%,2024-08-12,2024_3Q,3
대전 10계 2023-9412,답,답,답,세종,세종시,세종 세종시 조치원읍 봉산리 232,"457,380,000","156,881,000",낙찰,"201,000,000",43.9%,2024-11-14,2024_4Q,3
대전 9계 2023-9528,단독주택,단독,단독주택,세종,세종시,"세종 세종시 조치원읍 신안리 418-1 ,418-13 1동","736,359,920","360,816,000",낙찰,"460,000,000",62.5%,2024-10-16,2024_4Q,3
대전 6계 2023-9573,아파트,아파트,아파트,세종,세종시,세종 세종시 고운동 1400 가락마을10단지 1016동 14층 1402호,"599,000,000","419,300,000",낙찰,"477,800,000",79.8%,2024-07-16,2024_3Q,3
대전 9계 2023-9962,대지,나대지,나대지,세종,세종시,세종 세종시 반곡동 986,"1,027,616,000","503,532,000",낙찰,"552,600,000",53.8%,2024-09-11,2024_3Q,3
대전 10계 2023-10085,다세대,다세대주택,다세대,세종,세종시,세종 세종시 연기면 연기리 3-15 4층 401호,"171,000,000","119,700,000",낙찰,"123,729,990",72.4%,2024-11-14,2024_4Q,3
대전 1계 2023-10122,아파트,아파트,아파트,세종,세종시,세종 세종시 종촌동 692 가재마을8단지 802동 17층 1701호,"450,000,000","220,500,000",낙찰,"355,555,555",79.0%,2024-08-19,2024_3Q,3
대전 7계 2023-10238,단독주택,단독,단독주택,세종,세종시,세종 세종시 장군면 송문리 429-22 1동,"620,837,720","304,210,000",낙찰,"350,000,000",56.4%,2024-10-22,2024_4Q,3
대전 8계 2023-10788,단독주택,단독,단독주택,세종,세종시,세종 세종시 부강면 문곡리 885,"991,678,500","694,175,000",낙찰,"730,270,000",73.6%,2024-10-10,2024_4Q,3
대전 4계 2023-10887,도로,기타토지,기타토지,세종,세종시,세종 세종시 연서면 고복리 3-3,"89,902,000","44,052,000",낙찰,"46,500,000",51.7%,2024-08-22,2024_3Q,3
대전 6계 2023-10986,축사,기타토지,기타토지,세종,세종시,"세종 세종시 연서면 기룡리 180-1 ,180-5","773,442,000","378,986,000",낙찰,"388,987,199",50.3%,2024-10-29,2024_4Q,3
대전 7계 2023-11071,아파트,아파트,아파트,세종,세종시,세종 세종시 새롬동 554 새뜸마을4단지 414동 4층 403호,"763,000,000","534,100,000",낙찰,"545,545,000",71.5%,2024-08-13,2024_3Q,3
대전 3계 2023-11330,아파트,아파트,아파트,세종,세종시,"세종 세종시 한솔동 984 ,974 첫마을 606동 7층 704호","587,000,000","410,900,000",낙찰,"431,030,000",73.4%,2024-07-17,2024_3Q,3
대전 5계 2023-11347(1),전,전,전,세종,세종시,세종 세종시 장군면 하봉리 45-15,"1,094,639,000","375,461,000",낙찰,"450,110,000",41.1%,2024-12-04,2024_4Q,3
대전 6계 2023-11354,아파트,아파트,아파트,세종,세종시,세종 세종시 소담동 586 새샘마을6단지 617동 1층 102호,"409,000,000","286,300,000",낙찰,"320,299,000",78.3%,2024-09-24,2024_3Q,3
대전 7계 2023-11446,아파트,아파트,아파트,세종,세종시,"세종 세종시 한솔동 984 ,974 첫마을 612동 3층 304호","460,000,000","322,000,000",낙찰,"376,464,000",81.8%,2024-11-19,2024_4Q,3
대전 5계 2023-102021,근린상가,근린상가,근린상가,세종,세종시,세종 세종시 종촌동 673 몰리브 3층 324호,"360,000,000","42,354,000",낙찰,"52,641,670",14.6%,2024-09-25,2024_3Q,3
대전 8계 2023-102298,아파트,아파트,아파트,세종,세종시,세종 세종시 새롬동 554 새뜸마을4단지 404동 8층 804호,"756,000,000","529,200,000",낙찰,"668,150,000",88.4%,2024-07-18,2024_3Q,3
대전 5계 2023-102847,오피스텔,오피스텔,오피스텔(업무용),세종,세종시,세종 세종시 대평동 680 해피라움페스타 4층 B402호,"195,000,000","3,856,000",낙찰,"3,976,000",2.0%,2024-12-04,2024_4Q,3
대전 4계 2023-103864,전,전,전,세종,세종시,세종 세종시 장군면 봉안리 25-5,"2,096,100,000","1,027,089,000",낙찰,"1,062,500,000",50.7%,2024-08-22,2024_3Q,3
대전 1계 2023-104904(1),근린상가,근린상가,근린상가,세종,세종시,세종 세종시 어진동 657 세종비지니스센터 6층 A626호,"366,000,000","179,340,000",낙찰,"224,400,000",61.3%,2024-10-28,2024_4Q,3
대전 1계 2023-104904(2),근린상가,근린상가,근린상가,세종,세종시,세종 세종시 어진동 657 세종비지니스센터 6층 A627호,"1,324,000,000","648,760,000",낙찰,"795,600,000",60.1%,2024-10-28,2024_4Q,3
대전 9계 2023-105365,임야,임야,임야,세종,세종시,세종 세종시 부강면 문곡리 산162-5,"41,828,000","7,030,000",낙찰,"7,620,000",18.2%,2024-08-07,2024_3Q,3
대전 4계 2023-105440,아파트,아파트,아파트,세종,세종시,"세종 세종시 한솔동 940 ,946 첫마을 202동 9층 901호","520,000,000","364,000,000",낙찰,"407,060,000",78.3%,2024-07-11,2024_3Q,3
대전 3계 2023-105624(1),근린상가,근린상가,근린상가,세종,세종시,세종 세종시 새롬동 579 해피라움더블유 1층 137호,"1,382,000,000","677,180,000",낙찰,"871,650,000",63.1%,2024-07-17,2024_3Q,3
대전 3계 2023-105624(3),근린상가,근린상가,근린상가,세종,세종시,세종 세종시 새롬동 579 해피라움더블유 2층 221호,"527,000,000","180,761,000",낙찰,"233,788,800",44.4%,2024-08-14,2024_3Q,3
대전 3계 2023-105624(4),근린상가,근린상가,근린상가,세종,세종시,세종 세종시 새롬동 579 해피라움더블유 1층 140호,"607,000,000","208,201,000",낙찰,"231,000,000",38.1%,2024-08-14,2024_3Q,3
대전 9계 2023-106719,아파트,아파트,아파트,세종,세종시,세종 세종시 고운동 1390 가락마을21단지 2103동 11층 1101호,"575,000,000","402,500,000",낙찰,"441,111,000",76.7%,2024-10-16,2024_4Q,3
대전 10계 2023-107378(1),근린상가,근린상가,근린상가,세종,세종시,세종 세종시 도담동 672 해피라움5 4층 402-2호,"431,000,000","211,190,000",낙찰,"215,000,000",49.9%,2024-09-12,2024_3Q,3
대전 10계 2023-107378(2),근린상가,근린상가,근린상가,세종,세종시,세종 세종시 도담동 672 해피라움5 4층 402-1호,"359,000,000","123,137,000",낙찰,"128,660,000",35.8%,2024-10-17,2024_4Q,3
대전 1계 2023-107767,임야,임야,임야,세종,세종시,세종 세종시 전동면 노장리 산140-6,"86,292,000","14,503,000",낙찰,"17,600,000",20.4%,2024-07-15,2024_3Q,3
대전 9계 2023-108654,근린상가,근린상가,근린상가,세종,세종시,세종 세종시 고운동 1379 고운드림 1층 112호,"688,000,000","235,984,000",낙찰,"307,000,000",44.6%,2024-10-16,2024_4Q,3
대전 4계 2023-108715(2),답,답,답,세종,세종시,세종 세종시 전동면 노장리 202-2,"117,738,000","57,692,000",낙찰,"66,000,000",56.1%,2024-07-11,2024_3Q,3
대전 10계 2023-110664,아파트,아파트,아파트,세종,세종시,세종 세종시 새롬동 597 새뜸마을3단지 305동 2층 201호,"627,000,000","438,900,000",낙찰,"567,700,000",90.5%,2024-10-17,2024_4Q,3
대전 4계 2023-110848,아파트,아파트,아파트,세종,세종시,세종 세종시 아름동 1277 범지기마을10단지 1001동 21층 2101호,"527,000,000","368,900,000",낙찰,"445,699,800",84.6%,2024-07-11,2024_3Q,3
대전 5계 2023-111315,단독주택,단독,단독주택,세종,세종시,세종 세종시 조치원읍 죽림리 65-10,"313,848,500","107,650,000",낙찰,"120,010,000",38.2%,2024-09-25,2024_3Q,3
대전 9계 2023-111926,답,답,답,세종,세종시,세종 세종시 연서면 청라리 180-1,"268,380,000","64,438,000",낙찰,"84,000,000",31.3%,2024-11-13,2024_4Q,3
대전 7계 2023-112547,점포,근린상가,점포상가,세종,세종시,"세종 세종시 금남면 부용리 41-2 ,41-3","2,123,901,800","2,123,901,800",낙찰,"2,124,000,000",100.0%,2024-08-13,2024_3Q,3
대전 9계 2023-113076,임야,임야,임야,세종,세종시,세종 세종시 장군면 봉안리 22-254,"567,760,000","278,202,000",낙찰,"342,100,000",60.3%,2024-12-18,2024_4Q,3
대전 4계 2023-113311,아파트,아파트,아파트,세종,세종시,세종 세종시 고운동 2112 가락마을18단지 1805동 10층 1001호,"660,000,000","462,000,000",낙찰,"515,030,000",78.0%,2024-09-26,2024_3Q,3
대전 9계 2023-113670,전,전,전,세종,세종시,세종 세종시 연서면 쌍류리 452,"60,512,000","29,651,000",낙찰,"43,190,000",71.4%,2024-08-07,2024_3Q,3
대전 10계 2023-113717,아파트,아파트,아파트,세종,세종시,세종 세종시 전의면 동교리 213-28 성호늘푸른 101동 3층 310호,"91,000,000","63,700,000",낙찰,"68,260,000",75.0%,2024-10-17,2024_4Q,3
대전 9계 2023-113892,주상복합(상가),기타토지,기타토지,세종,세종시,세종 세종시 소담동 572 아크레타아이콤스타시티 2층 204-2호,"352,000,000","120,736,000",낙찰,"132,809,600",37.7%,2024-08-07,2024_3Q,3
대전 10계 2023-114055,아파트,아파트,아파트,세종,세종시,세종 세종시 나성동 727 에스알파크센텀 6층 628호,"125,000,000","87,500,000",낙찰,"110,000,000",88.0%,2024-08-08,2024_3Q,3
대전 8계 2023-114413,과수원,과수원,과수원,세종,세종시,세종 세종시 연기면 눌왕리 484-9,"120,667,100","59,127,000",낙찰,"67,770,000",56.2%,2024-08-29,2024_3Q,3
대전 9계 2023-114420,전,전,전,세종,세종시,세종 세종시 소정면 대곡리 10-1,"663,803,000","325,263,000",낙찰,"368,880,000",55.6%,2024-08-07,2024_3Q,3
대전 6계 2023-114468,아파트,아파트,아파트,세종,세종시,세종 세종시 종촌동 697 가재마을9단지 906동 3층 303호,"783,000,000","548,100,000",낙찰,"579,990,000",74.1%,2024-07-16,2024_3Q,3
대전 6계 2023-114666,아파트,아파트,아파트,세종,세종시,세종 세종시 고운동 1396 가락마을20단지 2005동 9층 901호,"503,000,000","352,100,000",낙찰,"394,100,000",78.3%,2024-07-16,2024_3Q,3
대전 8계 2023-114741,오피스텔(상가),오피스텔,오피스텔(업무용),세종,세종시,세종 세종시 아름동 1329 다올비즈니스센터 지1층 비101호,"5,230,000,000","1,255,723,000",낙찰,"1,715,000,000",32.8%,2024-12-19,2024_4Q,3
대전 3계 2023-114833,아파트,아파트,아파트,세종,세종시,세종 세종시 나성동 748 한스웰시티 4층 420호,"122,000,000","59,780,000",낙찰,"85,399,900",70.0%,2024-10-23,2024_4Q,3
대전 9계 2023-114970(2),답,답,답,세종,세종시,세종 세종시 전의면 달전리 99,"154,602,000","53,029,000",낙찰,"57,777,000",37.4%,2024-09-11,2024_3Q,3
대전 2계 2023-114987,근린상가,근린상가,근린상가,세종,세종시,세종 세종시 나성동 746 에스제이타워 8층 801호,"341,410,000","167,291,000",낙찰,"226,600,000",66.4%,2024-09-09,2024_3Q,3
대전 8계 2023-115010,단독주택,단독,단독주택,세종,세종시,세종 세종시 소정면 대곡리 466-1,"112,752,000","38,674,000",낙찰,"57,111,000",50.7%,2024-10-10,2024_4Q,3
대전 8계 2023-115935,근린상가,근린상가,근린상가,세종,세종시,세종 세종시 보람동 722 세종스마트허브1 6층 601호,"538,000,000","263,620,000",낙찰,"323,000,000",60.0%,2024-08-29,2024_3Q,3
대전 4계 2023-115966,전,전,전,세종,세종시,세종 세종시 소정면 대곡리 139-2,"199,652,000","47,936,000",낙찰,"51,777,000",25.9%,2024-10-31,2024_4Q,3
대전 3계 2023-115980,전,전,전,세종,세종시,세종 세종시 연서면 기룡리 615,"147,256,000","50,509,000",낙찰,"54,100,000",36.7%,2024-07-17,2024_3Q,3
대전 4계 2023-116129,단독주택,단독,단독주택,세종,세종시,세종 세종시 조치원읍 신흥리 1-16,"56,112,480","39,279,000",낙찰,"39,329,000",70.1%,2024-07-11,2024_3Q,3
대전 4계 2023-116273,아파트,아파트,아파트,세종,세종시,세종 세종시 다정동 960 가온마을1단지 102동 1층 102호,"709,000,000","496,300,000",낙찰,"629,000,000",88.7%,2024-09-26,2024_3Q,3
대전 6계 2023-116402,아파트,아파트,아파트,세종,세종시,세종 세종시 소담동 539 새샘마을7단지 701동 23층 2302호,"750,000,000","525,000,000",낙찰,"685,000,000",91.3%,2024-07-16,2024_3Q,3
대전 7계 2023-116952,아파트,아파트,아파트,세종,세종시,세종 세종시 새롬동 554 새뜸마을4단지 405동 12층 1204호,"778,000,000","544,600,000",낙찰,"691,999,990",88.9%,2024-07-09,2024_3Q,3
대전 8계 2023-117009(1),아파트상가,아파트상가,기타토지,세종,세종시,세종 세종시 반곡동 852 수루배마을3단지 상가403동 1층 108호,"97,000,000","33,271,000",낙찰,"35,320,000",36.4%,2024-12-19,2024_4Q,3
대전 8계 2023-117009(2),아파트상가,아파트상가,기타토지,세종,세종시,세종 세종시 반곡동 852 수루배마을3단지 상가403동 1층 102호,"203,000,000","99,470,000",낙찰,"132,100,000",65.1%,2024-08-29,2024_3Q,3
대전 10계 2023-117184,아파트,아파트,아파트,세종,세종시,세종 세종시 해밀동 334 해밀마을1단지 128동 8층 803호,"462,000,000","323,400,000",낙찰,"395,190,000",85.5%,2024-11-14,2024_4Q,3
대전 5계 2023-117207,점포,근린상가,점포상가,세종,세종시,세종 세종시 조치원읍 죽림리 108,"231,293,200","161,905,000",낙찰,"187,000,000",80.8%,2024-08-21,2024_3Q,3
대전 6계 2023-118316,임야,임야,임야,세종,세종시,세종 세종시 연서면 와촌리 1084-34,"29,946,000","5,033,000",낙찰,"7,200,000",24.0%,2024-12-03,2024_4Q,3
대전 10계 2023-118439,오피스텔,오피스텔,오피스텔(업무용),세종,세종시,세종 세종시 어진동 656 푸르지오시티 10층 1065호,"93,000,000","93,000,000",낙찰,"93,000,000",100.0%,2024-11-14,2024_4Q,3
대전 2계 2023-118460,중기,기타토지,기타토지,세종,세종시,세종 세종시 연동면 응암리 925 신성한울림주차장(제3자신성한울림)내 보관,"50,000,000","24,500,000",낙찰,"26,600,000",53.2%,2024-08-12,2024_3Q,3
대전 8계 2023-118552,아파트,아파트,아파트,세종,세종시,세종 세종시 조치원읍 죽림리 396 자이 110동 13층 1304호,"318,000,000","222,600,000",낙찰,"231,110,000",72.7%,2024-11-14,2024_4Q,3
대전 4계 2023-118637,아파트,아파트,아파트,세종,세종시,세종 세종시 소담동 597 새샘마을1단지 104동 14층 1403호,"733,000,000","513,100,000",낙찰,"643,700,000",87.8%,2024-07-11,2024_3Q,3
대전 6계 2023-118675,아파트,아파트,아파트,세종,세종시,세종 세종시 새롬동 605 새뜸마을5단지 507동 6층 603호,"533,000,000","373,100,000",낙찰,"465,000,000",87.2%,2024-10-29,2024_4Q,3
대전 6계 2023-118781,아파트,아파트,아파트,세종,세종시,"세종 세종시 조치원읍 남리 456 ,457,480 다원파크리안 103동 4층 409호","259,000,000","126,910,000",낙찰,"159,000,000",61.4%,2024-10-29,2024_4Q,3
대전 4계 2023-119746,아파트,아파트,아파트,세종,세종시,세종 세종시 고운동 1728 가락마을6단지 604동 9층 903호,"392,000,000","274,400,000",낙찰,"338,999,999",86.5%,2024-07-11,2024_3Q,3
대전 9계 2023-119999(4),전,전,전,세종,세종시,세종 세종시 부강면 문곡리 965-1,"18,052,500","18,052,500",낙찰,"26,800,000",148.5%,2024-11-13,2024_4Q,3
대전 2계 2023-120012,아파트,아파트,아파트,세종,세종시,세종 세종시 나성동 831 나릿재마을4단지 404동 8층 801호,"1,080,000,000","756,000,000",낙찰,"931,888,000",86.3%,2024-09-09,2024_3Q,3
대전 8계 2023-120197,아파트,아파트,아파트,세종,세종시,세종 세종시 고운동 1390 가락마을21단지 2102동 7층 702호,"454,000,000","317,800,000",낙찰,"391,890,000",86.3%,2024-10-10,2024_4Q,3
대전 10계 2023-120326,아파트,아파트,아파트,세종,세종시,세종 세종시 고운동 2111 가락마을19단지 파라곤 1909동 8층 804호,"522,000,000","365,400,000",낙찰,"426,900,000",81.8%,2024-12-19,2024_4Q,3
대전 10계 2023-120388,아파트,아파트,아파트,세종,세종시,세종 세종시 고운동 1408 가락마을9단지 902동 1층 105호,"448,000,000","313,600,000",낙찰,"335,060,000",74.8%,2024-12-19,2024_4Q,3
대전 3계 2023-120401,근린상가,근린상가,근린상가,세종,세종시,세종 세종시 고운동 2088 삼성프라자 1층 102호,"750,000,000","126,053,000",낙찰,"136,500,000",18.2%,2024-11-27,2024_4Q,3
대전 5계 2023-120630,오피스텔,오피스텔,오피스텔(업무용),세종,세종시,세종 세종시 대평동 680 해피라움페스타 6층 씨609호,"100,000,000","100,000,000",낙찰,"100,000,000",100.0%,2024-10-30,2024_4Q,3
대전 6계 2023-120647,아파트,아파트,아파트,세종,세종시,세종 세종시 조치원읍 죽림리 396 자이 109동 3층 301호,"332,000,000","162,680,000",낙찰,"220,646,000",66.5%,2024-12-03,2024_4Q,3
대전 4계 2023-121084,아파트,아파트,아파트,세종,세종시,세종 세종시 고운동 2112 가락마을18단지 1807동 11층 1101호,"675,000,000","472,500,000",낙찰,"542,500,000",80.4%,2024-08-22,2024_3Q,3
대전 4계 2023-121169,아파트,아파트,아파트,세종,세종시,세종 세종시 고운동 1396 가락마을20단지 2001동 10층 1003호,"366,000,000","256,200,000",낙찰,"281,200,000",76.8%,2024-09-26,2024_3Q,3
대전 3계 2023-121466,아파트,아파트,아파트,세종,세종시,세종 세종시 고운동 1387 가락마을22단지 2205동 7층 702호,"533,000,000","373,100,000",낙찰,"435,210,000",81.7%,2024-07-17,2024_3Q,3
대전 9계 2023-121503,아파트,아파트,아파트,세종,세종시,세종 세종시 종촌동 649 가재마을7단지 710동 7층 702호,"710,000,000","497,000,000",낙찰,"571,600,000",80.5%,2024-11-13,2024_4Q,3
대전 10계 2023-121541,아파트,아파트,아파트,세종,세종시,세종 세종시 반곡동 857 수루배마을4단지 413동 17층 1701호,"846,000,000","592,200,000",낙찰,"674,000,000",79.7%,2024-12-19,2024_4Q,3
대전 7계 2023-121572,단독주택,단독,단독주택,세종,세종시,세종 세종시 소정면 소정리 427-3,"245,860,080","120,471,000",낙찰,"146,999,000",59.8%,2024-10-22,2024_4Q,3
대전 5계 2023-121763,근린상가,근린상가,근린상가,세종,세종시,세종 세종시 어진동 648 2차푸르지오시티 1층 111호,"625,000,000","214,375,000",낙찰,"251,110,000",40.2%,2024-09-25,2024_3Q,3
대전 9계 2024-23,전,전,전,세종,세종시,세종 세종시 연기면 눌왕리 93-1,"809,425,540","566,598,000",낙찰,"566,598,000",70.0%,2024-11-13,2024_4Q,3
대전 5계 2024-54,아파트,아파트,아파트,세종,세종시,세종 세종시 집현동 883-139 새나루마을1단지 세종자이이편한세상 109동 10층 1006호,"632,000,000","442,400,000",낙찰,"539,999,000",85.4%,2024-07-10,2024_3Q,3
대전 5계 2024-184,답,답,답,세종,세종시,세종 세종시 부강면 산수리 153,"1,073,592,000","368,242,000",낙찰,"369,241,000",34.4%,2024-09-25,2024_3Q,3
대전 8계 2024-214(1),답,답,답,세종,세종시,세종 세종시 부강면 부강리 450-1,"884,800,000","303,486,000",낙찰,"356,600,000",40.3%,2024-12-19,2024_4Q,3
대전 8계 2024-214(2),답,답,답,세종,세종시,세종 세종시 부강면 부강리 450-5,"949,760,000","325,767,000",낙찰,"363,650,000",38.3%,2024-12-19,2024_4Q,3
대전 6계 2024-665,아파트,아파트,아파트,세종,세종시,세종 세종시 보람동 779 호려울마을6단지 602동 1층 102호,"920,000,000","644,000,000",낙찰,"665,000,000",72.3%,2024-10-29,2024_4Q,3
대전 5계 2024-962,아파트,아파트,아파트,세종,세종시,세종 세종시 종촌동 652 가재마을12단지 1219동 2층 203호,"573,000,000","401,100,000",낙찰,"444,400,000",77.6%,2024-09-25,2024_3Q,3
대전 6계 2024-1064,아파트,아파트,아파트,세종,세종시,세종 세종시 해밀동 118-2 행정중심복합도시6-4생활권엠1블록 해밀마을2단지 206동 4층 401호,"739,000,000","517,300,000",낙찰,"581,500,000",78.7%,2024-12-03,2024_4Q,3
대전 8계 2024-1088,근린상가,근린상가,근린상가,세종,세종시,세종 세종시 아름동 1314 아이콤타워 4층 403호,"436,000,000","149,548,000",낙찰,"155,000,000",35.6%,2024-12-19,2024_4Q,3
대전 7계 2024-1231,아파트,아파트,아파트,세종,세종시,세종 세종시 조치원읍 신흥리 399 조치원신흥이편한세상 105동 3층 302호,"356,000,000","249,200,000",낙찰,"267,000,000",75.0%,2024-09-10,2024_3Q,3
대전 1계 2024-1545,아파트,아파트,아파트,세종,세종시,세종 세종시 한솔동 939 첫마을 111동 16층 1604호,"744,000,000","520,800,000",낙찰,"633,110,000",85.1%,2024-10-28,2024_4Q,3
대전 5계 2024-1583,근린상가,근린상가,근린상가,세종,세종시,세종 세종시 새롬동 579 해피라움더블유 2층 218호,"750,000,000","525,000,000",낙찰,"529,999,999",70.7%,2024-09-25,2024_3Q,3
대전 3계 2024-2180,아파트,아파트,아파트,세종,세종시,세종 세종시 도담동 632 도램마을13단지 1306동 12층 1201호,"435,000,000","304,500,000",낙찰,"363,110,000",83.5%,2024-11-27,2024_4Q,3
대전 4계 2024-2579,아파트,아파트,아파트,세종,세종시,세종 세종시 고운동 2111 가락마을19단지 파라곤 1905동 18층 1801호,"1,400,000,000","980,000,000",낙찰,"1,131,600,000",80.8%,2024-12-05,2024_4Q,3
대전 4계 2024-2746,아파트,아파트,아파트,세종,세종시,"세종 세종시 한솔동 1045 ,971 첫마을 503동 6층 602호","475,000,000","332,500,000",낙찰,"378,740,000",79.7%,2024-10-31,2024_4Q,3
대전 1계 2024-2791,아파트,아파트,아파트,세종,세종시,세종 세종시 도담동 632 도램마을13단지 1315동 8층 801호,"430,000,000","301,000,000",낙찰,"358,760,800",83.4%,2024-10-28,2024_4Q,3
대전 8계 2024-3367,아파트,아파트,아파트,세종,세종시,세종 세종시 종촌동 692 가재마을8단지 801동 25층 2501호,"433,000,000","303,100,000",낙찰,"347,520,000",80.3%,2024-11-14,2024_4Q,3
대전 7계 2024-3497,답,답,답,세종,세종시,세종 세종시 연동면 송용리 960-13,"1,484,861,700","509,307,000",낙찰,"660,100,000",44.5%,2024-12-24,2024_4Q,3
대전 7계 2024-3565,임야,임야,임야,세종,세종시,세종 세종시 부강면 부강리 1301,"513,864,000","359,705,000",낙찰,"367,200,000",71.5%,2024-10-22,2024_4Q,3
대전 7계 2024-3916,아파트,아파트,아파트,세종,세종시,세종 세종시 고운동 2112 가락마을18단지 1813동 5층 501호,"618,000,000","432,600,000",낙찰,"550,000,000",89.0%,2024-11-19,2024_4Q,3
대전 5계 2024-5035,아파트,아파트,아파트,세종,세종시,세종 세종시 고운동 1724 가락마을7단지 705동 6층 601호,"490,000,000","343,000,000",낙찰,"407,798,000",83.2%,2024-10-30,2024_4Q,3
대전 7계 2024-5103,아파트,아파트,아파트,세종,세종시,"세종 세종시 한솔동 974 ,984 첫마을 614동 2층 204호","619,000,000","433,300,000",낙찰,"522,250,300",84.4%,2024-12-24,2024_4Q,3
대전 5계 2024-6885,아파트,아파트,아파트,세종,세종시,세종 세종시 조치원읍 신안리 542 이편한세상세종 110동 10층 1002호,"466,000,000","326,200,000",낙찰,"333,910,000",71.7%,2024-12-04,2024_4Q,3
대전 2계 2024-8881,차량,기타토지,기타토지,세종,세종시,세종 세종시 연동면 응암리 925 제3자신성한울림내 보관,"12,000,000","8,400,000",낙찰,"9,790,000",81.6%,2024-11-11,2024_4Q,3
대전 10계 2024-100169,아파트,아파트,아파트,세종,세종시,"세종 세종시 한솔동 974 ,984 첫마을 603동 18층 1801호","480,000,000","336,000,000",낙찰,"348,900,000",72.7%,2024-08-08,2024_3Q,3
대전 8계 2024-100190,오피스텔(주거),오피스텔,오피스텔(업무용),세종,세종시,세종 세종시 어진동 648 2차푸르지오시티 5층 519호,"87,000,000","60,900,000",낙찰,"86,000,000",98.9%,2024-10-10,2024_4Q,3
대전 4계 2024-100220,답,답,답,세종,세종시,세종 세종시 연동면 내판리 179-5,"692,310,000","339,232,000",낙찰,"353,111,000",51.0%,2024-10-31,2024_4Q,3
대전 2계 2024-100367,차량,기타토지,기타토지,세종,세종시,세종 세종시 연동면 응암리 925 신성한울림주차장(제3자신성한울림)내 보관,"7,000,000","1,681,000",낙찰,"2,611,000",37.3%,2024-10-14,2024_4Q,3
대전 7계 2024-100770(1),근린상가,근린상가,근린상가,세종,세종시,세종 세종시 다정동 932 다정메디프라자 4층 404호,"618,000,000","302,820,000",낙찰,"310,798,000",50.3%,2024-10-22,2024_4Q,3
대전 2계 2024-101025,차량,기타토지,기타토지,세종,세종시,세종 세종시 연동면 응암리 925 신성한울림주차장내 보관,"24,000,000","11,760,000",낙찰,"15,919,000",66.3%,2024-08-12,2024_3Q,3
대전 7계 2024-101049,아파트,아파트,아파트,세종,세종시,세종 세종시 조치원읍 죽림리 158 신동아 102동 1층 101호,"190,000,000","65,170,000",낙찰,"81,650,000",43.0%,2024-11-19,2024_4Q,3
대전 3계 2024-101292,아파트,아파트,아파트,세종,세종시,세종 세종시 고운동 1724 가락마을7단지 708동 6층 601호,"480,000,000","336,000,000",낙찰,"405,999,999",84.6%,2024-08-14,2024_3Q,3
대전 9계 2024-101513,아파트,아파트,아파트,세종,세종시,세종 세종시 소담동 572 아크레타아이콤스타시티 8층 816호,"148,000,000","103,600,000",낙찰,"130,000,000",87.8%,2024-12-18,2024_4Q,3
대전 7계 2024-101544,아파트,아파트,아파트,세종,세종시,세종 세종시 한솔동 1226 첫마을 401동 8층 801호,"520,000,000","364,000,000",낙찰,"400,000,000",76.9%,2024-09-10,2024_3Q,3
대전 2계 2024-101827,아파트,아파트,아파트,세종,세종시,세종 세종시 조치원읍 죽림리 396 자이 106동 7층 702호,"340,000,000","238,000,000",낙찰,"238,000,000",70.0%,2024-10-14,2024_4Q,3
대전 10계 2024-101834,아파트,아파트,아파트,세종,세종시,세종 세종시 보람동 777 호려울마을8단지 803동 18층 1801호,"650,000,000","455,000,000",낙찰,"525,500,000",80.8%,2024-12-19,2024_4Q,3
대전 2계 2024-102127,차량,기타토지,기타토지,세종,세종시,세종 세종시 연동면 응암리 925 제3자 신성한울림에게 보관,"12,000,000","4,116,000",낙찰,"4,416,900",36.8%,2024-07-08,2024_3Q,3
대전 5계 2024-102486,아파트,아파트,아파트,세종,세종시,세종 세종시 어진동 649 호수의아침 5층 511호,"105,000,000","105,000,000",낙찰,"105,000,000",100.0%,2024-08-21,2024_3Q,3
대전 3계 2024-102882,근린상가,근린상가,근린상가,세종,세종시,세종 세종시 보람동 751 골드타워 5층 510호,"283,000,000","97,069,000",낙찰,"122,000,000",43.1%,2024-11-27,2024_4Q,3
대전 7계 2024-103120,근린상가,근린상가,근린상가,세종,세종시,세종 세종시 보람동 755 네이버타워 4층 409호,"401,000,000","196,490,000",낙찰,"245,000,000",61.1%,2024-10-22,2024_4Q,3
대전 1계 2024-103304,오피스텔(주거),오피스텔,오피스텔(업무용),세종,세종시,세종 세종시 어진동 656 푸르지오시티 6층 650호,"85,000,000","59,500,000",낙찰,"80,000,000",94.1%,2024-10-28,2024_4Q,3
대전 2계 2024-103335,차량,기타토지,기타토지,세종,세종시,세종 세종시 연동면 응암리 925 내 보관(제3자 신성한울림에게 보관),"17,000,000","8,330,000",낙찰,"10,050,000",59.1%,2024-07-08,2024_3Q,3
대전 4계 2024-103731,아파트,아파트,아파트,세종,세종시,세종 세종시 종촌동 692 가재마을8단지 803동 14층 1402호,"446,000,000","312,200,000",낙찰,"342,000,000",76.7%,2024-10-31,2024_4Q,3
대전 3계 2024-104505,아파트,아파트,아파트,세종,세종시,세종 세종시 조치원읍 침산리 89 욱일 107동 3층 303호,"231,000,000","113,190,000",낙찰,"165,165,000",71.5%,2024-11-27,2024_4Q,3
대전 1계 2024-104680,아파트,아파트,아파트,세종,세종시,세종 세종시 반곡동 857 수루배마을4단지(수루배4단지더샵예미지) 421동 12층 1201호,"652,000,000","456,400,000",낙찰,"570,091,000",87.4%,2024-10-28,2024_4Q,3
대전 5계 2024-104956,아파트,아파트,아파트,세종,세종시,세종 세종시 고운동 1396 가락마을20단지 2004동 1층 103호,"327,000,000","228,900,000",낙찰,"240,999,999",73.7%,2024-09-25,2024_3Q,3
대전 8계 2024-105171,아파트,아파트,아파트,세종,세종시,세종 세종시 종촌동 640 가재마을4단지 419동 2층 201호,"414,000,000","289,800,000",낙찰,"338,499,999",81.8%,2024-12-19,2024_4Q,3
대전 3계 2024-105201,아파트,아파트,아파트,세종,세종시,세종 세종시 새롬동 554 새뜸마을4단지 411동 11층 1105호,"665,000,000","465,500,000",낙찰,"560,728,000",84.3%,2024-11-27,2024_4Q,3
대전 8계 2024-105508,아파트,아파트,아파트,세종,세종시,세종 세종시 나성동 739 세진팰리스 6층 624호,"130,000,000","44,590,000",낙찰,"46,300,000",35.6%,2024-12-19,2024_4Q,3
대전 5계 2024-105553,아파트,아파트,아파트,세종,세종시,세종 세종시 소담동 531 새샘마을8단지 803동 7층 701호,"832,000,000","582,400,000",낙찰,"624,000,000",75.0%,2024-09-25,2024_3Q,3
대전 2계 2024-106396,중기,기타토지,기타토지,세종,세종시,세종 세종시 연동면 응암리 925 (제3자신성한울림)내 보관,"33,000,000","16,170,000",낙찰,"19,300,000",58.5%,2024-09-09,2024_3Q,3
대전 7계 2024-106570,아파트,아파트,아파트,세종,세종시,세종 세종시 한솔동 1226 첫마을 404동 17층 1701호,"527,000,000","368,900,000",낙찰,"419,999,900",79.7%,2024-10-22,2024_4Q,3
대전 2계 2024-107061,아파트,아파트,아파트,세종,세종시,세종 세종시 대평동 704 해들마을4단지 411동 12층 1201호,"739,000,000","517,300,000",낙찰,"635,010,000",85.9%,2024-10-14,2024_4Q,3
대전 2계 2024-107184,중기,기타토지,기타토지,세종,세종시,세종 세종시 연동면 응암리 925 (제3자신성한울림)내 보관,"90,000,000","63,000,000",낙찰,"75,500,000",83.9%,2024-08-12,2024_3Q,3
대전 2계 2024-107191,중기,기타토지,기타토지,세종,세종시,세종 세종시 연동면 응암리 925 신성한울림주차장(제3자신성한울림)내 보관,"22,000,000","10,780,000",낙찰,"13,210,000",60.0%,2024-10-14,2024_4Q,3
대전 8계 2024-107238,오피스텔,오피스텔,오피스텔(업무용),세종,세종시,"세종 세종시 도담동 660 ,661,662 세종한신휴시티 5층 558호","100,000,000","70,000,000",낙찰,"70,000,000",70.0%,2024-12-19,2024_4Q,3
대전 2계 2024-107429,중기,기타토지,기타토지,세종,세종시,"세종 세종시 연동면 응암리 925 신성한울림(044-868-9190,제3자신성한울림)내 보관","50,000,000","24,500,000",낙찰,"27,780,000",55.6%,2024-09-09,2024_3Q,3
대전 7계 2024-107689,답,답,답,세종,세종시,세종 세종시 전의면 원성리 94,"17,028,000","8,344,000",낙찰,"8,500,000",49.9%,2024-12-24,2024_4Q,3
대전 4계 2024-108187,아파트,아파트,아파트,세종,세종시,세종 세종시 종촌동 654 가재마을11단지 1102동 3층 301호,"396,000,000","277,200,000",낙찰,"338,660,000",85.5%,2024-12-05,2024_4Q,3
대전 2계 2024-108316,중기,기타토지,기타토지,세종,세종시,세종 세종시 연동면 응암리 925 대전지법지정주차장(제3자신성한울림)내 보관,"18,000,000","12,600,000",낙찰,"14,777,000",82.1%,2024-08-12,2024_3Q,3
대전 7계 2024-108996,아파트,아파트,아파트,세종,세종시,세종 세종시 반곡동 857 수루배마을4단지 420동 13층 1303호,"650,000,000","455,000,000",낙찰,"557,900,000",85.8%,2024-11-19,2024_4Q,3
대전 7계 2024-110128,아파트,아파트,아파트,세종,세종시,세종 세종시 다정동 960 가온마을1단지 104동 6층 604호,"744,000,000","520,800,000",낙찰,"668,160,000",89.8%,2024-11-19,2024_4Q,3
대전 5계 2024-110753,아파트,아파트,아파트,세종,세종시,세종 세종시 고운동 1390 가락마을21단지 2103동 14층 1403호,"527,000,000","368,900,000",낙찰,"447,800,000",85.0%,2024-12-04,2024_4Q,3
대전 5계 2024-111107,오피스텔,오피스텔,오피스텔(업무용),세종,세종시,"세종 세종시 도담동 660 ,661,662 세종한신휴시티 5층 507호","152,000,000","152,000,000",낙찰,"152,000,000",100.0%,2024-12-04,2024_4Q,3
대전 2계 2024-112056,차량,기타토지,기타토지,세종,세종시,세종 세종시 연동면 응암리 925 (제3자신성한울림)내 보관,"21,000,000","14,700,000",낙찰,"15,190,000",72.3%,2024-09-09,2024_3Q,3
대전 2계 2024-112452,중기,기타토지,기타토지,세종,세종시,세종 세종시 연동면 응암리 925 제3자신성한울림내 보관,"29,500,000","14,455,000",낙찰,"15,888,000",53.9%,2024-12-23,2024_4Q,3
대전 2계 2024-113622,차량,기타토지,기타토지,세종,세종시,세종 세종시 연동면 응암리 925 내 보관(제3자 신성한울림에게 보관),"19,000,000","13,300,000",낙찰,"14,130,000",74.4%,2024-10-14,2024_4Q,3
대전 2계 2024-113639,중기,기타토지,기타토지,세종,세종시,세종 세종시 연동면 응암리 925 제3자신성한울림내 보관,"25,000,000","12,250,000",낙찰,"12,540,000",50.2%,2024-11-11,2024_4Q,3
대전 2계 2024-115192,차량,기타토지,기타토지,세종,세종시,세종 세종시 연동면 응암리 925 제3자신성한울림내 보관,"65,000,000","45,500,000",낙찰,"45,623,000",70.2%,2024-11-11,2024_4Q,3
대전 2계 2024-115383,차량,기타토지,기타토지,세종,세종시,세종 세종시 연동면 응암리 925 제3자신성한울림내 보관,"23,000,000","11,270,000",낙찰,"17,230,000",74.9%,2024-11-11,2024_4Q,3
대전 2계 2024-115772,차량,기타토지,기타토지,세종,세종시,세종 세종시 연동면 응암리 925 신성한울림내 보관,"12,000,000","8,400,000",낙찰,"8,425,500",70.2%,2024-11-11,2024_4Q,3
대전 2계 2024-117082,차량,기타토지,기타토지,세종,세종시,세종 세종시 연동면 응암리 925 제3자신성한울림내 보관,"35,000,000","24,500,000",낙찰,"27,300,000",78.0%,2024-11-11,2024_4Q,3
대전 2계 2024-117327,차량,기타토지,기타토지,세종,세종시,세종 세종시 연동면 응암리 925 제3자신성한울림내 보관,"12,000,000","12,000,000",낙찰,"12,319,999",102.7%,2024-11-11,2024_4Q,3
대전 2계 2024-118436,차량,기타토지,기타토지,세종,세종시,세종 세종시 연동면 응암리 925 제3자 신성한울림내 보관,"13,500,000","9,450,000",낙찰,"11,210,000",83.0%,2024-12-23,2024_4Q,3
대전 4계 2019-110834(1),임야,임야,임야,세종,세종시,세종 세종시 금남면 대박리 367-32,"8,056,660,000","3,947,763,000",낙찰,"4,200,000,000",52.1%,2025-05-01,2025_2Q,2
대전 3계 2020-13731(1),답,답,답,세종,세종시,세종 세종시 금남면 영치리 233,"482,126,000","165,369,000",낙찰,"165,530,000",34.3%,2025-04-23,2025_2Q,2
대전 3계 2020-13731(2),답,답,답,세종,세종시,세종 세종시 금남면 영치리 272-2,"416,750,000","142,946,000",낙찰,"256,100,000",61.5%,2025-04-23,2025_2Q,2
대전 3계 2020-13731(3),전,전,전,세종,세종시,세종 세종시 금남면 영치리 287-3,"229,520,000","112,465,000",낙찰,"121,010,000",52.7%,2025-03-19,2025_1Q,2
대전 3계 2020-13731(4),전,전,전,세종,세종시,세종 세종시 금남면 영치리 287-6,"291,348,000","142,761,000",낙찰,"153,020,000",52.5%,2025-03-19,2025_1Q,2
대전 3계 2020-13731(5),전,전,전,세종,세종시,세종 세종시 금남면 영치리 376,"868,940,000","298,047,000",낙찰,"361,010,000",41.5%,2025-04-23,2025_2Q,2
대전 5계 2021-111250(6),오피스텔,오피스텔,오피스텔(업무용),세종,세종시,"세종 세종시 도담동 660 ,661,662 세종한신휴시티 7층 752호","97,000,000","67,900,000",낙찰,"73,100,000",75.4%,2025-04-30,2025_2Q,2
대전 10계 2022-4380,단독주택,단독,단독주택,세종,세종시,세종 세종시 도담동 875 주건축물 1동,"1,414,027,500","692,873,000",낙찰,"750,000,000",53.0%,2025-03-13,2025_1Q,3
대전 1계 2023-3964,아파트,아파트,아파트,세종,세종시,세종 세종시 조치원읍 신흥리 399 조치원신흥이편한세상 101동 1층 103호,"567,000,000","396,900,000",낙찰,"431,100,000",76.0%,2025-02-03,2025_1Q,3
대전 3계 2023-4066,대지,나대지,나대지,세종,세종시,세종 세종시 고운동 894-1,"650,845,590","224,005,000",낙찰,"321,500,000",49.4%,2025-04-23,2025_2Q,2
대전 4계 2023-5403(1),근린상가,근린상가,근린상가,세종,세종시,"세종 세종시 조치원읍 죽림리 114-1 ,114-3,115,116,117-1,117-3,118,118-2,121-2 세종럭스스퀘어 1동 6층 607호","271,000,000","92,953,000",낙찰,"118,000,000",43.5%,2025-02-20,2025_1Q,3
대전 4계 2023-5403(2),근린상가,근린상가,근린상가,세종,세종시,"세종 세종시 조치원읍 죽림리 114-1 ,114-3,115,116,117-1,117-3,118,118-2,121-2 세종럭스스퀘어 1동 6층 608호","328,000,000","112,504,000",낙찰,"142,000,000",43.3%,2025-02-20,2025_1Q,3
대전 4계 2023-5403(3),근린상가,근린상가,근린상가,세종,세종시,"세종 세종시 조치원읍 죽림리 114-1 ,114-3,115,116,117-1,117-3,118,118-2,121-2 세종럭스스퀘어 1동 6층 609호","271,000,000","92,953,000",낙찰,"118,000,000",43.5%,2025-02-20,2025_1Q,3
대전 4계 2023-5403(4),근린상가,근린상가,근린상가,세종,세종시,"세종 세종시 조치원읍 죽림리 114-1 ,114-3,115,116,117-1,117-3,118,118-2,121-2 세종럭스스퀘어 1동 6층 610호","290,000,000","99,470,000",낙찰,"126,000,000",43.4%,2025-02-20,2025_1Q,3
대전 4계 2023-5403(5),근린상가,근린상가,근린상가,세종,세종시,"세종 세종시 조치원읍 죽림리 114-1 ,114-3,115,116,117-1,117-3,118,118-2,121-2 세종럭스스퀘어 1동 6층 611호","293,000,000","100,499,000",낙찰,"110,000,000",37.5%,2025-02-20,2025_1Q,3
대전 4계 2023-5403(6),근린상가,근린상가,근린상가,세종,세종시,"세종 세종시 조치원읍 죽림리 114-1 ,114-3,115,116,117-1,117-3,118,118-2,121-2 세종럭스스퀘어 1동 6층 612호","171,000,000","41,057,000",낙찰,"46,600,999",27.3%,2025-03-27,2025_1Q,2
대전 5계 2023-5755,근린상가,근린상가,근린상가,세종,세종시,세종 세종시 금남면 국곡리 266-25 1동,"4,334,729,000","1,486,812,000",낙찰,"2,137,000,000",49.3%,2025-01-15,2025_1Q,3
대전 1계 2023-6161(2),근린상가,근린상가,근린상가,세종,세종시,세종 세종시 종촌동 673 몰리브 6층 602-2호,"433,000,000","50,942,000",낙찰,"56,789,000",13.1%,2025-01-06,2025_1Q,3
대전 7계 2023-7829,임야,임야,임야,세종,세종시,세종 세종시 연서면 월하리 산43-8,"2,944,469,000","1,009,952,000",낙찰,"1,111,150,000",37.7%,2025-05-20,2025_2Q,2
대전 1계 2023-8327,근린상가,근린상가,근린상가,세종,세종시,"세종 세종시 조치원읍 죽림리 114-1 ,114-3,115,116,117-1,117-3,118,118-2,121-2 세종럭스스퀘어 1동 6층 613호","352,000,000","84,515,000",낙찰,"110,990,000",31.5%,2025-04-14,2025_2Q,2
대전 1계 2023-8723(1),답,답,답,세종,세종시,세종 세종시 금남면 성강리 187,"519,008,000","124,614,000",낙찰,"171,000,000",32.9%,2025-05-19,2025_2Q,2
대전 1계 2023-8723(2),답,답,답,세종,세종시,세종 세종시 금남면 성강리 188-4,"155,428,000","53,312,000",낙찰,"76,200,000",49.0%,2025-05-19,2025_2Q,2
대전 1계 2023-8723(3),임야,임야,임야,세종,세종시,세종 세종시 금남면 성강리 188-5,"105,020,000","36,022,000",낙찰,"51,200,000",48.8%,2025-05-19,2025_2Q,2
대전 1계 2023-8723(4),임야,임야,임야,세종,세종시,세종 세종시 금남면 성강리 188-6,"26,196,000","12,836,000",낙찰,"13,500,000",51.5%,2025-04-14,2025_2Q,2
대전 7계 2023-10108,근린상가,근린상가,근린상가,세종,세종시,세종 세종시 대평동 679 센트럴테라스 1층 105호,"1,199,000,000","201,515,000",낙찰,"261,000,000",21.8%,2025-05-20,2025_2Q,2
대전 12계 2023-11187,단독주택,단독,단독주택,세종,세종시,세종 세종시 고운동 1451 주건축물 1동,"1,608,360,000","551,667,000",낙찰,"818,200,000",50.9%,2025-02-25,2025_1Q,3
대전 1계 2023-11323,주상복합(상가),기타토지,기타토지,세종,세종시,세종 세종시 반곡동 849 씨즈파크뷰 2층 205호,"245,000,000","58,825,000",낙찰,"61,100,000",24.9%,2025-06-23,2025_2Q,2
대전 5계 2023-11347(2),전,전,전,세종,세종시,세종 세종시 장군면 하봉리 144-5,"1,115,909,000","267,930,000",낙찰,"381,000,000",34.1%,2025-01-15,2025_1Q,3
대전 3계 2023-11552,아파트,아파트,아파트,세종,세종시,세종 세종시 보람동 713 호려울마을10단지 1006동 8층 802호,"1,190,000,000","583,100,000",낙찰,"885,000,000",74.4%,2025-01-08,2025_1Q,3
대전 9계 2023-11873,근린상가,근린상가,근린상가,세종,세종시,세종 세종시 금남면 도남리 199 1동,"748,499,840","256,736,000",낙찰,"411,400,000",55.0%,2025-04-02,2025_2Q,2
대전 7계 2023-108081(2),답,답,답,세종,세종시,세종 세종시 부강면 금호리 341-1,"665,280,000","228,190,000",낙찰,"256,988,800",38.6%,2025-05-20,2025_2Q,2
대전 1계 2023-109664(2),근린상가,근린상가,근린상가,세종,세종시,세종 세종시 고운동 1373 고운에듀프라자 5층 505호,"557,000,000","133,736,000",낙찰,"177,999,900",32.0%,2025-03-10,2025_1Q,3
대전 10계 2023-110183,아파트,아파트,아파트,세종,세종시,"세종 세종시 한솔동 946 ,940 첫마을 202동 23층 2313호","612,000,000","428,400,000",낙찰,"471,230,000",77.0%,2025-04-17,2025_2Q,2
대전 10계 2023-110299,아파트,아파트,아파트,세종,세종시,세종 세종시 나성동 759 블루지움 4층 403호,"124,000,000","5,003,000",낙찰,"120,000,000",96.8%,2025-04-17,2025_2Q,2
대전 11계 2023-110701,다세대,다세대주택,다세대,세종,세종시,"세종 세종시 반곡동 841 ,840 더스테이빌딩 5층 503호","188,000,000","5,310,000",낙찰,"145,500,000",77.4%,2025-04-24,2025_2Q,2
대전 3계 2023-110732(3),단독주택,단독,단독주택,세종,세종시,세종 세종시 장군면 하봉리 45-29 주건축물 1동,"1,764,764,000","864,735,000",낙찰,"915,000,000",51.8%,2025-03-19,2025_1Q,2
대전 6계 2023-114383,근린상가,근린상가,근린상가,세종,세종시,세종 세종시 아름동 1332 영토빌딩 1층 112호,"706,000,000","118,658,000",낙찰,"135,000,000",19.1%,2025-03-18,2025_1Q,2
대전 8계 2023-115201,아파트,아파트,아파트,세종,세종시,세종 세종시 나성동 732 세종모닝시티2차 8층 808호,"127,000,000","14,941,000",낙찰,"110,425,000",86.9%,2025-06-12,2025_2Q,2
대전 8계 2023-115546,근린상가,근린상가,근린상가,세종,세종시,세종 세종시 어진동 657 세종비지니스센터 1층 씨103호,"911,000,000","153,111,000",낙찰,"183,333,000",20.1%,2025-05-08,2025_2Q,2
대전 3계 2023-115560(1),근린상가,근린상가,근린상가,세종,세종시,세종 세종시 반곡동 848 비오케이아트센터 1동 3층 316호,"189,000,000","64,827,000",낙찰,"65,830,000",34.8%,2025-04-23,2025_2Q,2
대전 3계 2023-115560(2),근린상가,근린상가,근린상가,세종,세종시,세종 세종시 반곡동 848 비오케이아트센터 1동 3층 317호,"189,000,000","45,378,000",낙찰,"60,300,000",31.9%,2025-05-28,2025_2Q,2
대전 10계 2023-115850,공장,공장(지식산업센터 업무시설),공장,세종,세종시,세종 세종시 전동면 미곡리 450,"1,197,388,950","410,704,000",낙찰,"422,000,000",35.2%,2025-03-13,2025_1Q,3
대전 5계 2023-115997,근린상가,근린상가,근린상가,세종,세종시,세종 세종시 나성동 730 에스알파크시티 2층 201호,"764,000,000","262,052,000",낙찰,"300,817,340",39.4%,2025-06-04,2025_2Q,2
대전 5계 2023-116051(1),근린상가,근린상가,근린상가,세종,세종시,세종 세종시 도담동 675 새한빌딩 1동 4층 402-2호,"368,000,000","126,224,000",낙찰,"181,500,000",49.3%,2025-06-04,2025_2Q,2
대전 5계 2023-116051(2),근린상가,근린상가,근린상가,세종,세종시,세종 세종시 도담동 675 새한빌딩 1동 4층 403호,"359,000,000","123,137,000",낙찰,"176,500,000",49.2%,2025-06-04,2025_2Q,2
대전 5계 2023-116051(3),근린상가,근린상가,근린상가,세종,세종시,세종 세종시 도담동 675 새한빌딩 1동 4층 404호,"465,000,000","159,495,000",낙찰,"228,500,000",49.1%,2025-06-04,2025_2Q,2
대전 9계 2023-117498,답,답,답,세종,세종시,세종 세종시 연서면 와촌리 917-1,"212,921,560","104,332,000",낙찰,"132,000,000",62.0%,2025-04-02,2025_2Q,2
대전 12계 2023-118903,단독주택,단독,단독주택,세종,세종시,"세종 세종시 조치원읍 신안리 377-5 ,378","768,612,960","263,634,000",낙찰,"345,999,900",45.0%,2025-04-01,2025_2Q,2
대전 5계 2023-119920,단독주택,단독,단독주택,세종,세종시,세종 세종시 부강면 부강리 530-10,"18,412,920","4,421,000",낙찰,"6,325,300",34.4%,2025-02-19,2025_1Q,3
대전 5계 2023-120432,근린상가,근린상가,근린상가,세종,세종시,"세종 세종시 금남면 도남리 97 ,97-1,98-2,98-3 근린시설동 지1층 상가102호","302,000,000","50,757,000",낙찰,"55,440,000",18.4%,2025-01-15,2025_1Q,3
대전 6계 2023-120449,답,답,답,세종,세종시,세종 세종시 금남면 용포리 236-3,"628,320,000","215,514,000",낙찰,"287,770,000",45.8%,2025-03-18,2025_1Q,2
대전 8계 2023-120661(1),아파트상가,아파트상가,기타토지,세종,세종시,세종 세종시 대평동 668 해들마을6단지 판매시설-1동 1층 에이107호,"402,000,000","137,886,000",낙찰,"140,690,000",35.0%,2025-01-23,2025_1Q,3
대전 8계 2023-120661(2),아파트상가,아파트상가,기타토지,세종,세종시,세종 세종시 대평동 668 해들마을6단지 판매시설-1동 1층 에이108호,"798,000,000","191,599,000",낙찰,"210,100,000",26.3%,2025-04-03,2025_2Q,2
대전 9계 2023-120722(1),단독주택,단독,단독주택,세종,세종시,세종 세종시 금남면 도암리 253,"131,117,800","31,481,000",낙찰,"47,325,300",36.1%,2025-06-11,2025_2Q,2
대전 9계 2023-120722(2),답,답,답,세종,세종시,세종 세종시 금남면 도암리 125,"57,716,750","19,797,000",낙찰,"20,110,000",34.8%,2025-04-02,2025_2Q,2
대전 9계 2023-120722(3),임야,임야,임야,세종,세종시,세종 세종시 금남면 도암리 191-7,"23,809,500","5,717,000",낙찰,"6,314,000",26.5%,2025-04-02,2025_2Q,2
대전 6계 2023-121671,오피스텔(상가),오피스텔,오피스텔(업무용),세종,세종시,세종 세종시 나성동 821 세종가로수길 1층 에이102호,"951,000,000","228,335,000",낙찰,"230,120,000",24.2%,2025-02-11,2025_1Q,3
대전 5계 2023-121862,근린상가,근린상가,근린상가,세종,세종시,세종 세종시 금남면 대박리 367-6 1동,"5,245,279,120","1,799,130,000",낙찰,"2,103,300,000",40.1%,2025-04-30,2025_2Q,2
대전 8계 2024-146,아파트상가,아파트상가,기타토지,세종,세종시,세종 세종시 종촌동 653 세종퍼스트아이존(상가동) 2층 학원2-02호,"237,000,000","116,130,000",낙찰,"150,000,000",63.3%,2025-04-03,2025_2Q,2
대전 8계 2024-757,오피스텔,오피스텔,오피스텔(업무용),세종,세종시,세종 세종시 어진동 657 세종비지니스센터 5층 비521호,"341,000,000","116,963,000",낙찰,"121,100,000",35.5%,2025-06-12,2025_2Q,2
대전 6계 2024-771,아파트,아파트,아파트,세종,세종시,세종 세종시 새롬동 561 새뜸마을11단지 1101동 20층 2004호,"1,310,000,000","641,900,000",낙찰,"960,000,000",73.3%,2025-01-07,2025_1Q,3
대전 9계 2024-948,단독주택,단독,단독주택,세종,세종시,세종 세종시 금남면 도남리 194-2,"1,623,316,400","1,136,321,000",낙찰,"1,140,010,000",70.2%,2025-06-11,2025_2Q,2
대전 3계 2024-2265,근린상가,근린상가,근린상가,세종,세종시,세종 세종시 나성동 789 제이빌딩 1층 107호,"921,000,000","451,290,000",낙찰,"576,595,000",62.6%,2025-02-12,2025_1Q,3
대전 3계 2024-2357,대지,나대지,나대지,세종,세종시,세종 세종시 조치원읍 상리 98,"1,221,220,000","418,879,000",낙찰,"451,000,000",36.9%,2025-01-08,2025_1Q,3
대전 6계 2024-2760,문화집회시설,기타건물,기타건물,세종,세종시,"세종 세종시 조치원읍 남리 401 ,402,410,411","4,973,512,000","1,705,915,000",낙찰,"2,500,000,000",50.3%,2025-05-27,2025_2Q,2
대전 7계 2024-2869,아파트상가,아파트상가,기타토지,세종,세종시,세종 세종시 고운동 2112 가락마을18단지 상가7동 1층 102호,"347,000,000","119,021,000",낙찰,"150,022,200",43.2%,2025-05-20,2025_2Q,2
대전 6계 2024-3275(1),근린상가,근린상가,근린상가,세종,세종시,세종 세종시 보람동 711 금강베네치아 4층 403호,"1,614,000,000","271,265,000",낙찰,"358,870,000",22.2%,2025-05-27,2025_2Q,2
대전 6계 2024-3275(2),근린상가,근린상가,근린상가,세종,세종시,세종 세종시 보람동 711 금강베네치아 5층 501호,"1,027,000,000","246,583,000",낙찰,"260,000,000",25.3%,2025-04-22,2025_2Q,2
대전 7계 2024-3282,대지,나대지,나대지,세종,세종시,세종 세종시 장군면 봉안리 216-13,"910,430,000","312,278,000",낙찰,"370,100,000",40.7%,2025-03-11,2025_1Q,3
대전 5계 2024-3473(1),근린상가,근린상가,근린상가,세종,세종시,세종 세종시 보람동 703 금강노을 주건축물 1동 4층 401호,"903,000,000","442,470,000",낙찰,"506,000,000",56.0%,2025-01-15,2025_1Q,3
대전 5계 2024-3473(2),근린상가,근린상가,근린상가,세종,세종시,세종 세종시 보람동 703 금강노을 주건축물 1동 4층 402호,"923,000,000","452,270,000",낙찰,"506,000,000",54.8%,2025-01-15,2025_1Q,3
대전 3계 2024-3510,단독주택,단독,단독주택,세종,세종시,세종 세종시 부강면 부강리 125-1,"1,173,881,600","575,202,000",낙찰,"576,200,200",49.1%,2025-04-23,2025_2Q,2
대전 1계 2024-3862(1),단독주택,단독,단독주택,세종,세종시,세종 세종시 전동면 심중리 178,"260,035,200","89,193,000",낙찰,"107,777,000",41.4%,2025-04-14,2025_2Q,2
대전 1계 2024-3862(2),전,전,전,세종,세종시,세종 세종시 전동면 심중리 178-1,"101,231,000","34,722,000",낙찰,"42,000,000",41.5%,2025-04-14,2025_2Q,2
대전 8계 2024-4568,아파트,아파트,아파트,세종,세종시,세종 세종시 금남면 용포리 263 신성연기미소지움 104동 4층 401호,"370,000,000","181,300,000",낙찰,"261,230,000",70.6%,2025-04-03,2025_2Q,2
대전 10계 2024-4704,아파트,아파트,아파트,세종,세종시,세종 세종시 소담동 597 새샘마을1단지 105동 4층 403호,"640,000,000","448,000,000",낙찰,"566,250,000",88.5%,2025-03-13,2025_1Q,3
대전 5계 2024-4803,근린상가,근린상가,근린상가,세종,세종시,세종 세종시 어진동 671 세종에비뉴힐비 1층 1109호,"585,000,000","98,321,000",낙찰,"104,220,000",17.8%,2025-06-04,2025_2Q,2
대전 8계 2024-4995,공장,공장(지식산업센터 업무시설),공장,세종,세종시,세종 세종시 전의면 유천리 453 A동,"545,825,270","382,077,000",낙찰,"461,000,000",84.5%,2025-05-08,2025_2Q,2
대전 4계 2024-5134,근린상가,근린상가,근린상가,세종,세종시,세종 세종시 종촌동 673 몰리브 1층 130호,"809,000,000","566,300,000",낙찰,"648,000,000",80.1%,2025-05-01,2025_2Q,2
대전 12계 2024-5189,아파트,아파트,아파트,세종,세종시,세종 세종시 고운동 1729 가락마을1단지 104동 지1층 티104호,"898,000,000","628,600,000",낙찰,"730,500,000",81.3%,2025-06-17,2025_2Q,2
대전 4계 2024-5448,아파트,아파트,아파트,세종,세종시,세종 세종시 고운동 1728 가락마을6단지 610동 9층 905호,"401,000,000","280,700,000",낙찰,"333,300,000",83.1%,2025-01-16,2025_1Q,3
대전 1계 2024-5851,임야,임야,임야,세종,세종시,세종 세종시 전동면 보덕리 산10-1,"420,648,000","113,728,000",낙찰,"115,000,000",27.3%,2025-03-10,2025_1Q,3
대전 4계 2024-6083,근린상가,근린상가,근린상가,세종,세종시,세종 세종시 도담동 670 황금빌딩 1동 3층 301호,"431,000,000","103,483,000",낙찰,"121,200,000",28.1%,2025-05-01,2025_2Q,2
대전 10계 2024-6090,아파트,아파트,아파트,세종,세종시,세종 세종시 소담동 531 새샘마을8단지 803동 43층 4303호,"716,000,000","501,200,000",낙찰,"710,730,000",99.3%,2025-05-22,2025_2Q,2
대전 8계 2024-6113,아파트,아파트,아파트,세종,세종시,세종 세종시 보람동 713 호려울마을10단지 1005동 5층 502호,"1,150,000,000","805,000,000",낙찰,"857,820,000",74.6%,2025-04-03,2025_2Q,2
대전 5계 2024-6311,아파트,아파트,아파트,세종,세종시,세종 세종시 집현동 4-2생활권엘4블록 새나루마을1단지 세종자이이편한세상 102동 9층 901호,"611,500,000","428,050,000",낙찰,"577,000,000",94.4%,2025-06-04,2025_2Q,2
대전 8계 2024-6342,아파트,아파트,아파트,세종,세종시,세종 세종시 다정동 926 가온마을12단지 1207동 9층 901호,"912,000,000","638,400,000",낙찰,"837,777,750",91.9%,2025-04-03,2025_2Q,2
대전 12계 2024-6403(1),답,답,답,세종,세종시,세종 세종시 연서면 월하리 1070-1,"454,863,600","318,404,000",낙찰,"330,000,000",72.5%,2025-06-17,2025_2Q,2
대전 12계 2024-6403(2),답,답,답,세종,세종시,세종 세종시 연서면 월하리 1114-2,"519,631,200","363,741,000",낙찰,"390,000,000",75.1%,2025-06-17,2025_2Q,2
대전 8계 2024-6670,아파트,아파트,아파트,세종,세종시,세종 세종시 집현동 883-139 새나루마을1단지세종자이이편한세상 108동 9층 904호,"621,000,000","434,700,000",낙찰,"512,270,000",82.5%,2025-04-03,2025_2Q,2
대전 4계 2024-6861,대지,나대지,나대지,세종,세종시,세종 세종시 조치원읍 서창리 42-109,"481,134,000","235,756,000",낙찰,"261,000,000",54.2%,2025-06-05,2025_2Q,2
대전 1계 2024-7055(1),답,답,답,세종,세종시,세종 세종시 부강면 금호리 160-3,"205,408,000","70,455,000",낙찰,"86,100,000",41.9%,2025-06-23,2025_2Q,2
대전 1계 2024-7055(2),대지,나대지,나대지,세종,세종시,세종 세종시 부강면 금호리 161-6,"623,025,000","213,698,000",낙찰,"269,999,900",43.3%,2025-06-23,2025_2Q,2
대전 5계 2024-7079,답,답,답,세종,세종시,세종 세종시 부강면 금호리 161-4,"525,546,000","180,262,000",낙찰,"242,280,000",46.1%,2025-04-30,2025_2Q,2
대전 7계 2024-8003,아파트,아파트,아파트,세종,세종시,세종 세종시 도담동 632 도램마을13단지 1313동 9층 903호,"408,000,000","285,600,000",낙찰,"353,860,000",86.7%,2025-03-11,2025_1Q,3
대전 5계 2024-8393,아파트,아파트,아파트,세종,세종시,세종 세종시 새롬동 564 새뜸마을13단지 1303동 11층 1102호,"835,000,000","584,500,000",낙찰,"709,500,000",85.0%,2025-02-19,2025_1Q,3
대전 5계 2024-8614,근린상가,근린상가,근린상가,세종,세종시,세종 세종시 나성동 796 조이타워 4층 406호,"292,000,000","70,109,000",낙찰,"102,000,000",34.9%,2025-06-04,2025_2Q,2
대전 8계 2024-9518,대지,나대지,나대지,세종,세종시,세종 세종시 다정동 889,"927,520,000","454,485,000",낙찰,"454,985,000",49.1%,2025-05-08,2025_2Q,2
대전 5계 2024-11047,아파트,아파트,아파트,세종,세종시,세종 세종시 소담동 598 새샘마을5단지 506동 3층 301호,"517,000,000","517,000,000",낙찰,"521,100,000",100.8%,2025-03-26,2025_1Q,2
대전 8계 2024-11351,오피스텔(주거),오피스텔,오피스텔(업무용),세종,세종시,세종 세종시 어진동 656 푸르지오시티 12층 1261호,"95,000,000","95,000,000",낙찰,"110,000,000",115.8%,2025-05-08,2025_2Q,2
대전 9계 2024-100268,아파트,아파트,아파트,세종,세종시,세종 세종시 도담동 656 까사리움 3층 320호,"98,000,000","68,600,000",낙찰,"79,065,000",80.7%,2025-05-07,2025_2Q,2
대전 9계 2024-100718(2),전,전,전,세종,세종시,세종 세종시 부강면 금호리 340-1,"378,200,000","185,318,000",낙찰,"195,100,000",51.6%,2025-01-22,2025_1Q,3
대전 10계 2024-100749,단독주택,단독,단독주택,세종,세종시,세종 세종시 전동면 심중리 142-3 2동호,"752,010,900","257,940,000",낙찰,"281,100,000",37.4%,2025-04-17,2025_2Q,2
대전 12계 2024-100770(2),근린상가,근린상가,근린상가,세종,세종시,세종 세종시 소담동 555 리치타워Ⅱ 1층 109호,"833,000,000","200,003,000",낙찰,"282,600,000",33.9%,2025-02-25,2025_1Q,3
대전 5계 2024-100862(1),축사,기타토지,기타토지,세종,세종시,"세종 세종시 연서면 와촌리 608-1 ,608-3,608-4 함박농장 A동","3,175,968,750","2,223,178,000",낙찰,"2,632,333,000",82.9%,2025-02-19,2025_1Q,3
대전 3계 2024-100916,아파트,아파트,아파트,세종,세종시,세종 세종시 소담동 597 새샘마을1단지 114동 6층 602호,"896,000,000","627,200,000",낙찰,"663,170,000",74.0%,2025-01-08,2025_1Q,3
대전 6계 2024-100954,답,답,답,세종,세종시,세종 세종시 전의면 양곡리 35,"338,656,000","56,918,000",낙찰,"79,500,000",23.5%,2025-03-18,2025_1Q,2
대전 8계 2024-101278(1),근린상가,근린상가,근린상가,세종,세종시,세종 세종시 어진동 608 세종일번가 1층 에이-105호,"690,000,000","236,670,000",낙찰,"276,667,000",40.1%,2025-02-27,2025_1Q,3
대전 8계 2024-101278(2),근린상가,근린상가,근린상가,세종,세종시,세종 세종시 어진동 608 세종일번가 1층 에이-106호,"665,000,000","228,095,000",낙찰,"261,100,000",39.3%,2025-02-27,2025_1Q,3
대전 11계 2024-101780,아파트,아파트,아파트,세종,세종시,세종 세종시 조치원읍 침산리 89 욱일 113동 6층 601호,"209,000,000","146,300,000",낙찰,"165,550,000",79.2%,2025-04-24,2025_2Q,2
대전 8계 2024-102028,아파트,아파트,아파트,세종,세종시,세종 세종시 조치원읍 번암리 75-2 주공 109동 4층 407호,"145,000,000","71,050,000",낙찰,"98,100,000",67.7%,2025-01-23,2025_1Q,3
대전 12계 2024-102035(1),근린상가,근린상가,근린상가,세종,세종시,"세종 세종시 반곡동 862 ,863 왕관빌딩 1층 126호","984,000,000","337,512,000",낙찰,"450,000,000",45.7%,2025-05-13,2025_2Q,2
대전 1계 2024-102653,임야,임야,임야,세종,세종시,세종 세종시 연서면 국촌리 산34-3,"4,234,943,980","2,075,123,000",낙찰,"2,801,645,675",66.2%,2025-03-10,2025_1Q,3
대전 4계 2024-102752,아파트상가,아파트상가,기타토지,세종,세종시,세종 세종시 대평동 668 해들마을6단지 2동 2층 에이230호,"169,000,000","40,576,000",낙찰,"55,810,000",33.0%,2025-05-01,2025_2Q,2
대전 3계 2024-103021(1),아파트,아파트,아파트,세종,세종시,세종 세종시 도담동 651 도램마을12단지 1201동 3층 301호,"706,000,000","494,200,000",낙찰,"534,650,000",75.7%,2025-02-12,2025_1Q,3
대전 3계 2024-103021(2),아파트,아파트,아파트,세종,세종시,세종 세종시 한솔동 939 첫마을 109동 4층 403호,"613,000,000","429,100,000",낙찰,"499,750,000",81.5%,2025-02-12,2025_1Q,3
대전 3계 2024-103021(3),아파트,아파트,아파트,세종,세종시,"세종 세종시 한솔동 974 ,984 첫마을 612동 29층 2901호","979,000,000","685,300,000",낙찰,"902,540,000",92.2%,2025-02-12,2025_1Q,3
대전 3계 2024-103021(4),아파트,아파트,아파트,세종,세종시,세종 세종시 도담동 651 도램마을12단지 1202동 7층 702호,"551,000,000","385,700,000",낙찰,"518,000,000",94.0%,2025-02-12,2025_1Q,3
대전 10계 2024-103052,임야,임야,임야,세종,세종시,세종 세종시 연서면 기룡리 595-2,"61,809,000","21,200,000",낙찰,"23,200,000",37.5%,2025-04-17,2025_2Q,2
대전 3계 2024-103083,근린상가,근린상가,근린상가,세종,세종시,세종 세종시 보람동 755 네이버타워 8층 801호,"464,000,000","159,152,000",낙찰,"175,000,000",37.7%,2025-04-23,2025_2Q,2
대전 9계 2024-103144,근린상가,근린상가,근린상가,세종,세종시,세종 세종시 어진동 671 세종에비뉴힐비 1층 1160호,"527,000,000","88,572,000",낙찰,"90,770,000",17.2%,2025-05-07,2025_2Q,2
대전 3계 2024-103465,아파트,아파트,아파트,세종,세종시,세종 세종시 아름동 1282 범지기마을9단지 세종한신휴플러스엘리트파크 908동 14층 1402호,"547,000,000","382,900,000",낙찰,"465,200,000",85.0%,2025-02-12,2025_1Q,3
대전 3계 2024-103632,아파트,아파트,아파트,세종,세종시,"세종 세종시 도담동 666 ,667 라온프라이빗시티2 1동 7층 712호","100,000,000","70,000,000",낙찰,"85,000,000",85.0%,2025-02-12,2025_1Q,3
대전 6계 2024-104116,오피스텔(상가),오피스텔,오피스텔(업무용),세종,세종시,"세종 세종시 나성동 775 ,776 더리치세종의아침 2층 216호","1,370,000,000","230,256,000",낙찰,"273,111,111",19.9%,2025-04-22,2025_2Q,2
대전 5계 2024-104536,답,답,답,세종,세종시,세종 세종시 전동면 봉대리 417-1,"25,179,000","4,232,000",낙찰,"7,025,000",27.9%,2025-04-30,2025_2Q,2
대전 2계 2024-104543,임야,임야,임야,세종,세종시,세종 세종시 장군면 평기리 226-6,"2,073,282,000","706,263,000",낙찰,"1,300,000,000",62.7%,2025-05-12,2025_2Q,2
대전 9계 2024-104659,오피스텔,오피스텔,오피스텔(업무용),세종,세종시,세종 세종시 대평동 680 해피라움페스타 7층 씨731호,"148,000,000","72,520,000",낙찰,"100,000,000",67.6%,2025-02-26,2025_1Q,3
대전 11계 2024-104703,대지,나대지,나대지,세종,세종시,세종 세종시 연동면 내판리 95-2,"119,000,000","58,310,000",낙찰,"61,299,000",51.5%,2025-05-29,2025_2Q,2
대전 12계 2024-104888,아파트,아파트,아파트,세종,세종시,세종 세종시 다정동 918 가온마을6단지 618동 14층 1406호,"886,000,000","620,200,000",낙찰,"750,999,000",84.8%,2025-02-25,2025_1Q,3
대전 4계 2024-105218(1),근린상가,근린상가,근린상가,세종,세종시,세종 세종시 어진동 513 세종엠브릿지2 2층 212호,"383,000,000","45,060,000",낙찰,"46,780,000",12.2%,2025-05-01,2025_2Q,2
대전 5계 2024-105225,아파트,아파트,아파트,세종,세종시,세종 세종시 대평동 668 해들마을6단지 610동 11층 1103호,"836,000,000","585,200,000",낙찰,"711,000,000",85.0%,2025-02-19,2025_1Q,3
대전 9계 2024-105324,임야,임야,임야,세종,세종시,세종 세종시 장군면 용암리 산49-8,"30,835,650","13,895,000",낙찰,"14,100,000",45.7%,2025-02-26,2025_1Q,3
대전 3계 2024-105942,근린주택,근린주택,근린주택,세종,세종시,세종 세종시 조치원읍 서창리 291-9,"874,109,050","428,313,000",낙찰,"535,000,000",61.2%,2025-05-28,2025_2Q,2
대전 4계 2024-106297,임야,임야,임야,세종,세종시,세종 세종시 연기면 수산리 72-10,"1,444,711,000","1,011,297,000",낙찰,"1,069,620,000",74.0%,2025-06-05,2025_2Q,2
대전 10계 2024-106457,오피스텔(주거),오피스텔,오피스텔(업무용),세종,세종시,세종 세종시 어진동 648 2차푸르지오시티 16층 1653호,"91,000,000","63,700,000",낙찰,"71,898,000",79.0%,2025-02-06,2025_1Q,3
대전 3계 2024-107030,아파트,아파트,아파트,세종,세종시,세종 세종시 조치원읍 신흥리 393 신흥주공2단지 209동 10층 1004호,"237,000,000","165,900,000",낙찰,"187,230,000",79.0%,2025-03-19,2025_1Q,2
대전 1계 2024-107580,오피스텔(주거),오피스텔,오피스텔(업무용),세종,세종시,세종 세종시 대평동 680 해피라움페스타 4층 씨416호,"284,000,000","139,160,000",낙찰,"139,160,000",49.0%,2025-02-03,2025_1Q,3
대전 10계 2024-107597,아파트,아파트,아파트,세종,세종시,"세종 세종시 한솔동 971 ,1045 첫마을 521동 9층 904호","362,000,000","253,400,000",낙찰,"312,100,000",86.2%,2025-03-13,2025_1Q,3
대전 5계 2024-107825,아파트,아파트,아파트,세종,세종시,세종 세종시 어진동 664 세종모닝시티 3층 343호,"130,000,000","31,213,000",낙찰,"125,000,000",96.2%,2025-04-30,2025_2Q,2
대전 3계 2024-107900(2),근린상가,근린상가,근린상가,세종,세종시,세종 세종시 아름동 1310 하나타워 1동 4층 406호,"393,000,000","134,799,000",낙찰,"239,730,000",61.0%,2025-05-28,2025_2Q,2
대전 3계 2024-107900(3),근린상가,근린상가,근린상가,세종,세종시,세종 세종시 아름동 1310 하나타워 1동 5층 501호,"290,000,000","99,470,000",낙찰,"112,000,000",38.6%,2025-05-28,2025_2Q,2
대전 3계 2024-107900(4),근린상가,근린상가,근린상가,세종,세종시,세종 세종시 아름동 1310 하나타워 1동 5층 502호,"215,000,000","73,745,000",낙찰,"81,700,000",38.0%,2025-05-28,2025_2Q,2
대전 3계 2024-107900(5),근린상가,근린상가,근린상가,세종,세종시,세종 세종시 아름동 1310 하나타워 1동 5층 503호,"215,000,000","73,745,000",낙찰,"81,700,000",38.0%,2025-05-28,2025_2Q,2
대전 3계 2024-107900(6),근린상가,근린상가,근린상가,세종,세종시,세종 세종시 아름동 1310 하나타워 1동 5층 504호,"232,000,000","79,576,000",낙찰,"88,160,000",38.0%,2025-05-28,2025_2Q,2
대전 3계 2024-107900(7),근린상가,근린상가,근린상가,세종,세종시,세종 세종시 아름동 1310 하나타워 1동 5층 505호,"232,000,000","79,576,000",낙찰,"88,160,000",38.0%,2025-05-28,2025_2Q,2
대전 3계 2024-107900(8),근린상가,근린상가,근린상가,세종,세종시,세종 세종시 아름동 1310 하나타워 1동 5층 506호,"171,000,000","58,653,000",낙찰,"64,980,000",38.0%,2025-05-28,2025_2Q,2
대전 3계 2024-107900(9),근린상가,근린상가,근린상가,세종,세종시,세종 세종시 아름동 1310 하나타워 1동 5층 507호,"202,000,000","69,286,000",낙찰,"76,760,000",38.0%,2025-05-28,2025_2Q,2
대전 12계 2024-108040,오피스텔(주거),오피스텔,오피스텔(업무용),세종,세종시,세종 세종시 어진동 656 푸르지오시티 10층 1028호,"101,000,000","70,700,000",낙찰,"70,701,000",70.0%,2025-06-17,2025_2Q,2
대전 12계 2024-108255,아파트,아파트,아파트,세종,세종시,세종 세종시 나성동 750 세종마루 4층 406호,"114,000,000","79,800,000",낙찰,"97,615,000",85.6%,2025-06-17,2025_2Q,2
대전 9계 2024-108507,아파트,아파트,아파트,세종,세종시,세종 세종시 새롬동 554 새뜸마을4단지 410동 5층 503호,"758,000,000","530,600,000",낙찰,"720,990,000",95.1%,2025-06-11,2025_2Q,2
대전 1계 2024-108637,아파트,아파트,아파트,세종,세종시,세종 세종시 소담동 550 새샘마을3단지 309동 25층 2502호,"714,000,000","499,800,000",낙찰,"676,000,000",94.7%,2025-06-23,2025_2Q,2
대전 5계 2024-108675,임야,임야,임야,세종,세종시,세종 세종시 연동면 명학리 산65-13,"41,945,890","14,387,000",낙찰,"15,631,250",37.3%,2025-02-19,2025_1Q,3
대전 6계 2024-108682,아파트,아파트,아파트,세종,세종시,세종 세종시 소담동 598 새샘마을5단지 507동 2층 203호,"376,000,000","263,200,000",낙찰,"314,082,300",83.5%,2025-01-07,2025_1Q,3
대전 1계 2024-109784(5),근린상가,근린상가,근린상가,세종,세종시,세종 세종시 아름동 1327 마드리드알 6층 606호,"283,000,000","97,069,000",낙찰,"107,770,000",38.1%,2025-04-14,2025_2Q,2
대전 1계 2024-109968,아파트,아파트,아파트,세종,세종시,세종 세종시 종촌동 656 가재마을10단지 1006동 8층 805호,"784,000,000","548,800,000",낙찰,"562,000,000",71.7%,2025-01-06,2025_1Q,3
대전 12계 2024-110432,아파트,아파트,아파트,세종,세종시,세종 세종시 도담동 674 까사누보 4층 419호,"116,000,000","81,200,000",낙찰,"109,000,000",94.0%,2025-02-25,2025_1Q,3
대전 5계 2024-110654,아파트,아파트,아파트,세종,세종시,"세종 세종시 금남면 용포리 320 ,89-10,237-31,325-1,325-2,350-3,454-84,493-4 금남두진리버빌 101동 4층 413호","159,000,000","77,910,000",낙찰,"121,250,000",76.3%,2025-06-04,2025_2Q,2
대전 1계 2024-110722(1),임야,임야,임야,세종,세종시,세종 세종시 전의면 유천리 산163-2,"12,900,000","4,425,000",낙찰,"5,001,000",38.8%,2025-03-10,2025_1Q,3
대전 1계 2024-110722(2),임야,임야,임야,세종,세종시,세종 세종시 전의면 달전리 산66-1,"5,590,000","3,913,000",낙찰,"4,000,000",71.6%,2025-01-06,2025_1Q,3
대전 6계 2024-110937,아파트,아파트,아파트,세종,세종시,세종 세종시 나성동 827 나릿재마을5단지 504동 7층 703호,"945,000,000","945,000,000",낙찰,"945,510,000",100.1%,2025-04-22,2025_2Q,2
대전 8계 2024-110944,아파트,아파트,아파트,세종,세종시,세종 세종시 조치원읍 신안리 542 이편한세상세종 108동 19층 1905호,"340,000,000","238,000,000",낙찰,"285,090,000",83.9%,2025-05-08,2025_2Q,2
대전 2계 2024-111114,근린상가,근린상가,근린상가,세종,세종시,"세종 세종시 조치원읍 죽림리 114-1 ,114-3,115,116,117-1,117-3,118,118-2,121-2 세종럭스스퀘어 1동 7층 702호","406,000,000","139,258,000",낙찰,"142,100,000",35.0%,2025-03-31,2025_1Q,2
대전 5계 2024-111176,아파트,아파트,아파트,세종,세종시,세종 세종시 반곡동 857 수루배마을4단지 421동 12층 1204호,"641,000,000","448,700,000",낙찰,"583,000,000",91.0%,2025-01-15,2025_1Q,3
대전 7계 2024-111381,아파트,아파트,아파트,세종,세종시,세종 세종시 조치원읍 신안리 244-1 조형 107동 4층 405호,"143,000,000","70,070,000",낙찰,"76,123,000",53.2%,2025-02-04,2025_1Q,3
대전 5계 2024-111473,아파트,아파트,아파트,세종,세종시,세종 세종시 소담동 550 새샘마을3단지 301동 26층 2601호,"883,000,000","618,100,000",낙찰,"701,000,000",79.4%,2025-01-15,2025_1Q,3
대전 6계 2024-111480,임야,임야,임야,세종,세종시,세종 세종시 연서면 국촌리 산34-1,"733,881,440","251,721,000",낙찰,"301,110,000",41.0%,2025-04-22,2025_2Q,2
대전 3계 2024-111725,아파트,아파트,아파트,세종,세종시,세종 세종시 조치원읍 번암리 75-2 주공 105동 4층 406호,"121,000,000","59,290,000",낙찰,"88,449,000",73.1%,2025-04-23,2025_2Q,2
대전 6계 2024-111961,아파트,아파트,아파트,세종,세종시,세종 세종시 다정동 946 가온마을5단지 505동 2층 201호,"639,000,000","447,300,000",낙찰,"553,900,000",86.7%,2025-02-11,2025_1Q,3
대전 6계 2024-111978,아파트,아파트,아파트,세종,세종시,세종 세종시 아름동 1363 범지기마을11단지 1101동 11층 1101호,"483,000,000","338,100,000",낙찰,"418,000,000",86.5%,2025-02-11,2025_1Q,3
대전 11계 2024-112018,임야,임야,임야,세종,세종시,세종 세종시 장군면 봉안리 4-32,"10,791,350","10,791,350",낙찰,"12,000,000",111.2%,2025-05-29,2025_2Q,2
대전 9계 2024-112230,다세대,다세대주택,다세대,세종,세종시,세종 세종시 소담동 576 펠리체타워2 7층 711호,"121,000,000","121,000,000",낙찰,"125,000,000",103.3%,2025-05-07,2025_2Q,2
대전 4계 2024-112308,오피스텔(주거),오피스텔,오피스텔(업무용),세종,세종시,세종 세종시 어진동 648 2차푸르지오시티 7층 714호,"86,000,000","60,200,000",낙찰,"63,999,000",74.4%,2025-01-16,2025_1Q,3
대전 6계 2024-112407,답,답,답,세종,세종시,세종 세종시 전의면 동교리 103-5,"1,284,426,000","440,558,000",낙찰,"532,220,000",41.4%,2025-05-27,2025_2Q,2
대전 7계 2024-112490,오피스텔(주거),오피스텔,오피스텔(업무용),세종,세종시,세종 세종시 어진동 648 2차푸르지오시티 15층 1512호,"118,000,000","57,820,000",낙찰,"80,360,000",68.1%,2025-02-04,2025_1Q,3
대전 3계 2024-112520,오피스텔(주거),오피스텔,오피스텔(업무용),세종,세종시,세종 세종시 어진동 656 푸르지오시티 4층 452호,"110,000,000","77,000,000",낙찰,"77,000,000",70.0%,2025-04-23,2025_2Q,2
대전 11계 2024-113158,아파트,아파트,아파트,세종,세종시,세종 세종시 보람동 744 스타힐타워2 8층 813호,"98,000,000","68,600,000",낙찰,"94,500,000",96.4%,2025-05-29,2025_2Q,2
대전 7계 2024-113172,아파트,아파트,아파트,세종,세종시,세종 세종시 고운동 1705 가락마을5단지 503동 9층 902호,"337,000,000","235,900,000",낙찰,"285,100,000",84.6%,2025-03-11,2025_1Q,3
대전 10계 2024-113226,아파트,아파트,아파트,세종,세종시,세종 세종시 어진동 649 호수의아침 3층 305호,"136,000,000","95,200,000",낙찰,"110,500,000",81.3%,2025-05-22,2025_2Q,2
대전 3계 2024-113745,오피스텔(주거),오피스텔,오피스텔(업무용),세종,세종시,세종 세종시 어진동 656 푸르지오시티 4층 408호,"90,000,000","90,000,000",낙찰,"90,000,000",100.0%,2025-03-19,2025_1Q,2
대전 5계 2024-113776,오피스텔,오피스텔,오피스텔(업무용),세종,세종시,세종 세종시 어진동 648 2차푸르지오시티 9층 918호,"95,000,000","66,500,000",낙찰,"80,000,000",84.2%,2025-01-15,2025_1Q,3
대전 4계 2024-113981,아파트,아파트,아파트,세종,세종시,세종 세종시 나성동 727 에스알파크센텀 4층 411호,"117,000,000","81,900,000",낙찰,"110,000,000",94.0%,2025-02-20,2025_1Q,3
대전 5계 2024-113998,아파트,아파트,아파트,세종,세종시,세종 세종시 보람동 783 호려울마을5단지 501동 6층 607호,"720,000,000","504,000,000",낙찰,"672,150,000",93.4%,2025-01-15,2025_1Q,3
대전 4계 2024-114090,아파트,아파트,아파트,세종,세종시,세종 세종시 나성동 757 세종마루투 1동 5층 505호,"125,000,000","61,250,000",낙찰,"61,250,000",49.0%,2025-03-27,2025_1Q,2
대전 5계 2024-114106,오피스텔(주거),오피스텔,오피스텔(업무용),세종,세종시,세종 세종시 어진동 656 푸르지오시티 10층 1062호,"95,000,000","46,550,000",낙찰,"105,000,000",110.5%,2025-02-19,2025_1Q,3
대전 8계 2024-114137,아파트,아파트,아파트,세종,세종시,세종 세종시 나성동 730 에스알파크시티 4층 435호,"150,000,000","105,000,000",낙찰,"105,000,000",70.0%,2025-04-03,2025_2Q,2
대전 4계 2024-114205,아파트,아파트,아파트,세종,세종시,세종 세종시 나성동 738 세종포레뷰원 1동 4층 421호,"135,000,000","135,000,000",낙찰,"135,000,000",100.0%,2025-01-16,2025_1Q,3
대전 5계 2024-114212,다세대,다세대주택,다세대,세종,세종시,세종 세종시 도담동 674 까사누보 4층 418호,"107,000,000","74,900,000",낙찰,"81,000,000",75.7%,2025-01-15,2025_1Q,3
대전 6계 2024-114229,오피스텔(주거),오피스텔,오피스텔(업무용),세종,세종시,"세종 세종시 도담동 660 ,661,662 세종한신휴시티 3층 340호","95,000,000","46,550,000",낙찰,"80,000,000",84.2%,2025-05-27,2025_2Q,2
대전 10계 2024-114267,아파트,아파트,아파트,세종,세종시,세종 세종시 다정동 953 가온마을2단지 221동 7층 702호,"688,000,000","481,600,000",낙찰,"666,600,000",96.9%,2025-05-22,2025_2Q,2
대전 5계 2024-114663,다세대,다세대주택,다세대,세종,세종시,세종 세종시 나성동 738 세종포레뷰원주건축물 1동 5층 508호,"138,000,000","96,600,000",낙찰,"96,600,000",70.0%,2025-01-15,2025_1Q,3
대전 6계 2024-114793,단독주택,단독,단독주택,세종,세종시,세종 세종시 도담동 451 주건축물 1동,"1,388,883,600","972,219,000",낙찰,"980,240,913",70.6%,2025-04-22,2025_2Q,2
대전 2계 2024-115185,차량,기타토지,기타토지,세종,세종시,세종 세종시 연동면 응암리 925 제3자 신성한울림에게 보관,"17,000,000","8,330,000",낙찰,"11,050,000",65.0%,2025-03-31,2025_1Q,2
대전 7계 2024-116157,주상복합(상가),기타토지,기타토지,세종,세종시,세종 세종시 나성동 732 세종모닝시티2차 지하1층 비101호,"851,000,000","204,325,000",낙찰,"215,325,000",25.3%,2025-06-24,2025_2Q,2
대전 7계 2024-116553,아파트,아파트,아파트,세종,세종시,"세종 세종시 조치원읍 남리 457 ,456,480 다원파크리안 102동 11층 1103호","216,000,000","105,840,000",낙찰,"159,000,000",73.6%,2025-04-15,2025_2Q,2
대전 8계 2024-116782,대지,나대지,나대지,세종,세종시,세종 세종시 고운동 1840,"1,222,740,800","599,143,000",낙찰,"642,000,000",52.5%,2025-05-08,2025_2Q,2
대전 2계 2024-117112,대지,나대지,나대지,세종,세종시,세종 세종시 부강면 문곡리 290-4,"14,161,160","6,939,000",낙찰,"7,880,000",55.6%,2025-05-12,2025_2Q,2
대전 8계 2024-118030,다세대,다세대주택,다세대,세종,세종시,세종 세종시 도담동 674 까사누보 5층 504호,"107,000,000","52,430,000",낙찰,"70,299,000",65.7%,2025-06-12,2025_2Q,2
대전 7계 2024-118726,아파트,아파트,아파트,세종,세종시,세종 세종시 아름동 1363 범지기마을11단지 1105동 14층 1401호,"475,000,000","475,000,000",낙찰,"485,500,000",102.2%,2025-05-20,2025_2Q,2
대전 2계 2024-119132,차량,기타토지,기타토지,세종,세종시,세종 세종시 연동면 응암리 925 제3자신성한울림에게 보관,"13,000,000","6,370,000",낙찰,"8,319,900",64.0%,2025-05-12,2025_2Q,2
대전 7계 2024-119569,아파트,아파트,아파트,세종,세종시,세종 세종시 조치원읍 죽림리 21-2 삼일 101동 14층 1401호,"142,000,000","99,400,000",낙찰,"107,900,000",76.0%,2025-04-15,2025_2Q,2
대전 2계 2024-119750,차량,기타토지,기타토지,세종,세종시,세종 세종시 연동면 응암리 925 제3자 신성한울림에게 보관,"7,000,000","4,900,000",낙찰,"6,288,000",89.8%,2025-02-24,2025_1Q,3
대전 10계 2024-119873,아파트,아파트,아파트,세종,세종시,"세종 세종시 도담동 664 ,665 라온프라이빗시티1 5층 516호","91,000,000","91,000,000",낙찰,"91,001,000",100.0%,2025-06-26,2025_2Q,2
대전 2계 2024-119972,중기,기타토지,기타토지,세종,세종시,세종 세종시 연동면 응암리 925 산성한울림(제3자 임동철)내 보관,"84,000,000","58,800,000",낙찰,"73,525,000",87.5%,2025-02-24,2025_1Q,3
대전 9계 2024-120019,아파트,아파트,아파트,세종,세종시,세종 세종시 나성동 715 우빈가온 7층 714호,"106,000,000","74,200,000",낙찰,"91,670,000",86.5%,2025-06-11,2025_2Q,2
대전 2계 2024-120170,차량,기타토지,기타토지,세종,세종시,세종 세종시 연동면 응암리 925 제3자 신성한울림에게 보관,"10,000,000","7,000,000",낙찰,"7,110,000",71.1%,2025-02-24,2025_1Q,3
대전 4계 2024-120422,아파트,아파트,아파트,세종,세종시,세종 세종시 어진동 664 세종모닝시티 4층 420호,"121,000,000","59,290,000",낙찰,"102,430,000",84.7%,2025-06-05,2025_2Q,2
대전 2계 2024-121920,차량,기타토지,기타토지,세종,세종시,세종 세종시 연동면 응암리 925 제3자 임동철에게 보관,"10,000,000","7,000,000",낙찰,"7,330,000",73.3%,2025-02-24,2025_1Q,3
대전 8계 2024-122886,아파트,아파트,아파트,세종,세종시,세종 세종시 다정동 969 가온마을10단지 1008동 6층 601호,"746,000,000","522,200,000",낙찰,"738,110,000",98.9%,2025-06-12,2025_2Q,2
대전 2계 2024-123766,차량,기타토지,기타토지,세종,세종시,세종 세종시 연동면 응암리 925 주차장(제3자 임동철)내 보관,"20,000,000","14,000,000",낙찰,"15,588,000",77.9%,2025-02-24,2025_1Q,3
대전 2계 2024-124219,차량,기타토지,기타토지,세종,세종시,세종 세종시 연동면 응암리 925 내 보관(제3자 임동철에게 보관),"18,500,000","12,950,000",낙찰,"13,100,000",70.8%,2025-06-16,2025_2Q,2
대전 2계 2024-124509,중기,기타토지,기타토지,세종,세종시,세종 세종시 연동면 응암리 925 신성한울림주차장내 보관,"70,000,000","24,010,000",낙찰,"25,500,000",36.4%,2025-05-12,2025_2Q,2
대전 2계 2024-124813(1),중기,기타토지,기타토지,세종,세종시,세종 세종시 연동면 응암리 925 제3자 임동철에게 보관,"70,000,000","49,000,000",낙찰,"55,500,000",79.3%,2025-03-31,2025_1Q,2
대전 2계 2024-124813(2),중기,기타토지,기타토지,세종,세종시,세종 세종시 연동면 응암리 925 제3자 임동철에게 보관,"25,000,000","25,000,000",낙찰,"26,190,000",104.8%,2025-03-31,2025_1Q,2
대전 2계 2024-124820,차량,기타토지,기타토지,세종,세종시,세종 세종시 연동면 응암리 925 제3자 임동철에게 보관,"13,500,000","6,615,000",낙찰,"8,320,000",61.6%,2025-05-12,2025_2Q,2
대전 2계 2025-500865,차량,기타토지,기타토지,세종,세종시,세종 세종시 연동면 응암리 925 신성한울림(대전지방법원지정주차장)내 보관(제3자 임동철에게 보관),"26,000,000","18,200,000",낙찰,"22,896,000",88.1%,2025-05-12,2025_2Q,2
대전 7계 2025-500971,아파트,아파트,아파트,세종,세종시,세종 세종시 새롬동 556 새뜸마을7단지 704동 1층 103호,"369,000,000","369,000,000",낙찰,"378,450,000",102.6%,2025-05-20,2025_2Q,2
대전 2계 2025-501915,차량,기타토지,기타토지,세종,세종시,세종 세종시 연동면 응암리 925 신성한울림주차장내 보관(제3차 임동철에게 보관),"22,000,000","22,000,000",낙찰,"23,190,000",105.4%,2025-06-16,2025_2Q,2
대전 2계 2025-502050,차량,기타토지,기타토지,세종,세종시,세종 세종시 연동면 응암리 925 신성한울림내 보관(제3자 신성한울림에 보관),"15,000,000","10,500,000",낙찰,"11,589,000",77.3%,2025-06-16,2025_2Q,2
대전 2계 2025-502061,차량,기타토지,기타토지,세종,세종시,세종 세종시 연동면 응암리 925 신성한울림내 보관(제3자 임동철에게 보관),"40,000,000","28,000,000",낙찰,"29,289,000",73.2%,2025-06-16,2025_2Q,2
홍성 5계 2025-15483,중기,기타토지,기타토지,세종,세종시,세종 세종시 연동면 응암리 925 내 보관,"31,000,000","21,700,000",낙찰,"26,800,000",86.5%,2025-06-24,2025_2Q,2
대전 4계 2019-110834(2),임야,임야,임야,세종,세종시,세종 세종시 금남면 대박리 산55-4,"2,429,812,000","285,863,000",낙찰,"341,000,000",14.0%,2025-11-27,2025_4Q,1
대전 8계 2023-8648,아파트,아파트,아파트,세종,세종시,세종 세종시 나성동 829 나릿재마을6단지 603동 20층 2002호,"1,080,000,000","756,000,000",낙찰,"890,599,000",82.5%,2025-12-04,2025_4Q,1
대전 10계 2023-10115,근린상가,근린상가,근린상가,세종,세종시,세종 세종시 반곡동 836 알파타워 1층 102호,"717,000,000","172,151,000",낙찰,"177,797,779",24.8%,2025-11-13,2025_4Q,1
대전 8계 2023-11453,근린상가,근린상가,근린상가,세종,세종시,세종 세종시 고운동 1723 하모니타워1주건축물 1층 101호,"9,931,000,000","3,406,333,000",낙찰,"4,715,000,000",47.5%,2025-08-21,2025_3Q,2
대전 3계 2023-106450,근린주택,근린주택,근린주택,세종,세종시,"세종 세종시 조치원읍 상리 18-8 ,18-9 2호","10,905,340","2,618,000",낙찰,"3,050,000",28.0%,2025-07-02,2025_3Q,2
대전 7계 2023-108081(1),점포,근린상가,점포상가,세종,세종시,세종 세종시 부강면 금호리 339-1,"995,138,100","238,932,000",낙찰,"239,111,000",24.0%,2025-10-14,2025_4Q,1
대전 12계 2023-110541,아파트,아파트,아파트,세종,세종시,세종 세종시 나성동 714 에스알파크 5층 503호,"146,000,000","2,887,000",낙찰,"2,960,000",2.0%,2025-08-26,2025_3Q,2
대전 3계 2023-110732(1),단독주택,단독,단독주택,세종,세종시,세종 세종시 장군면 하봉리 22-1,"965,833,000","331,281,000",낙찰,"355,000,000",36.8%,2025-08-06,2025_3Q,2
대전 3계 2023-110732(2),전,전,전,세종,세종시,세종 세종시 장군면 하봉리 146-3,"547,308,000","187,727,000",낙찰,"201,000,000",36.7%,2025-08-06,2025_3Q,2
대전 11계 2023-112202,아파트,아파트,아파트,세종,세종시,세종 세종시 조치원읍 신흥리 399 조치원신흥이편한세상 109동 14층 1404호,"373,000,000","261,100,000",낙찰,"316,900,000",85.0%,2025-12-11,2025_4Q,1
대전 9계 2023-116266,아파트,아파트,아파트,세종,세종시,세종 세종시 보람동 713 호려울마을10단지 1009동 5층 502호,"826,000,000","578,200,000",낙찰,"653,681,000",79.1%,2025-12-03,2025_4Q,1
대전 4계 2023-116372,아파트,아파트,아파트,세종,세종시,세종 세종시 어진동 664 세종모닝시티 3층 316호,"129,000,000","3,644,000",낙찰,"4,115,000",3.2%,2025-07-10,2025_3Q,2
대전 5계 2023-119838,아파트,아파트,아파트,세종,세종시,세종 세종시 다정동 918 가온마을6단지 606동 10층 1002호,"735,000,000","514,500,000",낙찰,"635,778,230",86.5%,2025-09-17,2025_3Q,2
대전 12계 2023-121695,아파트,아파트,아파트,세종,세종시,세종 세종시 소담동 539 새샘마을7단지 702동 14층 1401호,"1,040,000,000","728,000,000",낙찰,"795,280,000",76.5%,2025-09-30,2025_3Q,1
대전 5계 2024-337,임야,임야,임야,세종,세종시,세종 세종시 금남면 대박리 산55-12,"2,036,540,000","698,532,000",낙찰,"698,532,000",34.3%,2025-07-09,2025_3Q,2
대전 1계 2024-1262,임야,임야,임야,세종,세종시,세종 세종시 금남면 대박리 산55-3,"1,576,740,000","378,574,000",낙찰,"416,000,000",26.4%,2025-09-15,2025_3Q,2
대전 11계 2024-1347(1),임야,임야,임야,세종,세종시,세종 세종시 장군면 평기리 288-57,"410,172,500","200,984,000",낙찰,"222,222,000",54.2%,2025-07-03,2025_3Q,2
대전 11계 2024-1347(2),임야,임야,임야,세종,세종시,세종 세종시 장군면 평기리 288-42,"438,868,250","150,530,000",낙찰,"166,999,000",38.1%,2025-11-06,2025_4Q,1
대전 12계 2024-1385,레져스포츠시설,기타토지,기타토지,세종,세종시,세종 세종시 도담동 673 다옴프라자 5층 504호,"965,000,000","330,995,000",낙찰,"383,200,000",39.7%,2025-09-30,2025_3Q,1
대전 12계 2024-3695,주상복합(상가),기타토지,기타토지,세종,세종시,세종 세종시 어진동 649 호수의아침 1층 106호,"587,000,000","98,657,000",낙찰,"101,616,000",17.3%,2025-07-22,2025_3Q,2
대전 3계 2024-4407,공장,공장(지식산업센터 업무시설),공장,세종,세종시,세종 세종시 전의면 양곡리 597 1동,"4,037,218,900","1,978,237,000",낙찰,"2,220,251,015",55.0%,2025-10-15,2025_4Q,1
대전 12계 2024-4414,주상복합(상가),기타토지,기타토지,세종,세종시,세종 세종시 나성동 737 포레뷰투도시형생활주택 주건축물 1동 2층 203호,"886,000,000","212,728,000",낙찰,"265,880,000",30.0%,2025-11-04,2025_4Q,1
대전 8계 2024-5844(6),오피스텔,오피스텔,오피스텔(업무용),세종,세종시,세종 세종시 나성동 821 세종가로수길 7층 701호,"221,000,000","108,290,000",낙찰,"119,340,000",54.0%,2025-07-17,2025_3Q,2
대전 8계 2024-5844(9),오피스텔,오피스텔,오피스텔(업무용),세종,세종시,세종 세종시 나성동 821 세종가로수길 10층 1001호,"252,000,000","123,480,000",낙찰,"135,500,000",53.8%,2025-07-17,2025_3Q,2
대전 11계 2024-6144,아파트,아파트,아파트,세종,세종시,세종 세종시 종촌동 697 가재마을 9단지 902동 14층 1403호,"556,000,000","389,200,000",낙찰,"495,000,000",89.0%,2025-07-03,2025_3Q,2
대전 6계 2024-6373,아파트,아파트,아파트,세종,세종시,세종 세종시 조치원읍 교리 140 현대 101동 15층 1506호,"232,000,000","113,680,000",낙찰,"142,220,000",61.3%,2025-07-01,2025_3Q,2
대전 9계 2024-6748,아파트,아파트,아파트,세종,세종시,세종 세종시 집현동 1187 새나루마을4단지 406동 8층 802호,"425,000,000","297,500,000",낙찰,"370,000,000",87.1%,2025-07-16,2025_3Q,2
대전 3계 2024-6854,오피스텔(주거),오피스텔,오피스텔(업무용),세종,세종시,세종 세종시 어진동 648 2차푸르지오시티 11층 1133호,"94,000,000","65,800,000",낙찰,"70,300,000",74.8%,2025-07-02,2025_3Q,2
대전 6계 2024-6892(8),근린상가,근린상가,근린상가,세종,세종시,세종 세종시 대평동 674 해피라움블루 6층 614호,"830,000,000","284,690,000",낙찰,"301,000,000",36.3%,2025-12-02,2025_4Q,1
대전 1계 2024-7055(3),답,답,답,세종,세종시,세종 세종시 부강면 금호리 161-5,"356,720,000","85,648,000",낙찰,"85,688,000",24.0%,2025-08-11,2025_3Q,2
대전 4계 2024-7062,잡종지,잡종지,잡종지,세종,세종시,세종 세종시 부강면 금호리 700-15,"1,176,614,000","282,505,000",낙찰,"317,590,000",27.0%,2025-07-10,2025_3Q,2
대전 8계 2024-7277,아파트,아파트,아파트,세종,세종시,세종 세종시 조치원읍 교리 12-1 목화 101동 12층 1205호,"150,000,000","73,500,000",낙찰,"100,555,900",67.0%,2025-08-21,2025_3Q,2
대전 11계 2024-7291,전,전,전,세종,세종시,세종 세종시 연서면 쌍류리 59-1,"37,062,000","37,062,000",낙찰,"51,000,000",137.6%,2025-08-07,2025_3Q,2
대전 8계 2024-7529,축사,기타토지,기타토지,세종,세종시,세종 세종시 부강면 문곡리 778 1동,"66,176,000","7,784,000",낙찰,"7,785,000",11.8%,2025-12-04,2025_4Q,1
대전 8계 2024-7604,과수원,과수원,과수원,세종,세종시,세종 세종시 연서면 성제리 273-7,"443,479,000","217,304,000",낙찰,"258,000,000",58.2%,2025-09-25,2025_3Q,1
대전 10계 2024-7826,아파트,아파트,아파트,세종,세종시,세종 세종시 반곡동 1035 수루배마을6단지 613동 6층 602호,"477,000,000","333,900,000",낙찰,"440,144,700",92.3%,2025-07-31,2025_3Q,2
대전 6계 2024-8140(1),답,답,답,세종,세종시,세종 세종시 전동면 송정리 343-3,"255,000,000","87,465,000",낙찰,"102,500,000",40.2%,2025-12-02,2025_4Q,1
대전 6계 2024-8140(2),답,답,답,세종,세종시,세종 세종시 전동면 송정리 343-4,"336,017,000","164,647,000",낙찰,"164,650,000",49.0%,2025-12-02,2025_4Q,1
대전 3계 2024-8225,임야,임야,임야,세종,세종시,세종 세종시 전동면 청송리 265-12,"202,300,000","69,388,000",낙찰,"75,200,000",37.2%,2025-08-06,2025_3Q,2
대전 3계 2024-8805(1),아파트상가,아파트상가,기타토지,세종,세종시,세종 세종시 반곡동 851 수루배마을1단지 상가C동 1층 씨101호,"793,000,000","190,399,000",낙찰,"235,000,000",29.6%,2025-10-15,2025_4Q,1
대전 3계 2024-8805(2),아파트상가,아파트상가,기타토지,세종,세종시,세종 세종시 반곡동 851 수루배마을1단지 상가C동 1층 씨103호,"569,000,000","195,167,000",낙찰,"217,400,000",38.2%,2025-09-10,2025_3Q,2
대전 12계 2024-9044,근린상가,근린상가,근린상가,세종,세종시,세종 세종시 고운동 1720 에셀프라자 1층 102호,"700,000,000","343,000,000",낙찰,"382,222,000",54.6%,2025-09-30,2025_3Q,1
대전 6계 2024-9129,답,답,답,세종,세종시,세종 세종시 금남면 영곡리 334,"361,340,000","252,938,000",낙찰,"271,550,000",75.2%,2025-07-01,2025_3Q,2
대전 8계 2024-9617,근린상가,근린상가,근린상가,세종,세종시,세종 세종시 나성동 748 한스웰시티 2층 208호,"328,000,000","78,752,000",낙찰,"85,990,000",26.2%,2025-09-25,2025_3Q,1
대전 2계 2024-9648(1),근린상가,근린상가,근린상가,세종,세종시,세종 세종시 대평동 676 쁘띠테라스 7층 703호,"204,000,000","69,972,000",낙찰,"75,000,000",36.8%,2025-07-14,2025_3Q,2
대전 2계 2024-9648(2),근린상가,근린상가,근린상가,세종,세종시,세종 세종시 대평동 676 쁘띠테라스 7층 704호,"204,000,000","69,972,000",낙찰,"70,000,000",34.3%,2025-07-14,2025_3Q,2
대전 3계 2024-9655,대지,나대지,나대지,세종,세종시,세종 세종시 고운동 981,"791,967,000","388,064,000",낙찰,"389,999,000",49.2%,2025-12-24,2025_4Q,0
대전 9계 2024-9723,전,전,전,세종,세종시,세종 세종시 금남면 봉암리 31-3,"899,075,000","438,013,000",낙찰,"439,100,000",48.8%,2025-10-29,2025_4Q,1
대전 1계 2024-9839,아파트,아파트,아파트,세종,세종시,세종 세종시 고운동 1400 가락마을10단지 1011동 16층 1601호,"445,000,000","311,500,000",낙찰,"440,090,000",98.9%,2025-10-13,2025_4Q,1
대전 6계 2024-10099,아파트,아파트,아파트,세종,세종시,"세종 세종시 한솔동 940 ,946 첫마을 201동 6층 612호","292,000,000","204,400,000",낙찰,"261,200,000",89.5%,2025-09-23,2025_3Q,1
대전 3계 2024-10228,대지,나대지,나대지,세종,세종시,세종 세종시 조치원읍 봉산리 391,"2,341,878,000","1,147,521,000",낙찰,"1,340,099,900",57.2%,2025-11-19,2025_4Q,1
대전 5계 2024-10242,다세대,다세대주택,다세대,세종,세종시,"세종 세종시 반곡동 841 ,840 더스테이빌딩 6층 631호","151,000,000","36,255,000",낙찰,"36,255,000",24.0%,2025-08-13,2025_3Q,2
대전 7계 2024-10556(1),임야,임야,임야,세종,세종시,세종 세종시 전의면 관정리 126-4,"11,253,000","3,859,000",낙찰,"4,100,000",36.4%,2025-07-29,2025_3Q,2
대전 7계 2024-10556(2),임야,임야,임야,세종,세종시,세종 세종시 소정면 고등리 31-15,"4,785,000","1,640,000",낙찰,"1,820,000",38.0%,2025-07-29,2025_3Q,2
대전 6계 2024-10587,아파트,아파트,아파트,세종,세종시,세종 세종시 새롬동 554 새뜸마을4단지 410동 2층 205호,"706,000,000","494,200,000",낙찰,"666,699,000",94.4%,2025-09-23,2025_3Q,1
대전 7계 2024-11221,답,답,답,세종,세종시,세종 세종시 전동면 노장리 310-1,"1,192,600,000","409,061,000",낙찰,"501,100,000",42.0%,2025-10-14,2025_4Q,1
대전 12계 2024-11436,전,전,전,세종,세종시,세종 세종시 연서면 월하리 650-13,"3,133,596,000","1,535,461,000",낙찰,"1,777,777,770",56.7%,2025-11-04,2025_4Q,1
대전 7계 2024-11610(1),오피스텔,오피스텔,오피스텔(업무용),세종,세종시,세종 세종시 대평동 680 해피라움페스타 4층 비417호,"124,000,000","60,760,000",낙찰,"76,900,000",62.0%,2025-07-29,2025_3Q,2
대전 4계 2024-11665,아파트,아파트,아파트,세종,세종시,세종 세종시 나성동 764 세종갤러리밸류시티 8층 807호,"113,000,000","55,370,000",낙찰,"113,420,000",100.4%,2025-10-23,2025_4Q,1
대전 10계 2024-11719,아파트,아파트,아파트,세종,세종시,세종 세종시 어진동 673 한뜰마을6단지 602동 6층 601호,"790,000,000","790,000,000",낙찰,"800,000,000",101.3%,2025-10-16,2025_4Q,1
대전 11계 2024-11733,아파트,아파트,아파트,세종,세종시,세종 세종시 보람동 738 호려울마을7단지 702동 15층 1502호,"774,000,000","541,800,000",낙찰,"685,150,000",88.5%,2025-09-11,2025_3Q,2
대전 7계 2024-11771,아파트,아파트,아파트,세종,세종시,세종 세종시 종촌동 692 가재마을8단지 801동 2층 201호,"376,000,000","263,200,000",낙찰,"360,000,000",95.7%,2025-10-14,2025_4Q,1
대전 5계 2024-11924(1),근린상가,근린상가,근린상가,세종,세종시,세종 세종시 나성동 745 에스빌딩 8층 801호,"711,200,000","711,200,000",낙찰,"722,801,000",101.6%,2025-07-09,2025_3Q,2
대전 5계 2024-11924(2),근린상가,근린상가,근린상가,세종,세종시,세종 세종시 나성동 745 에스빌딩 8층 802호,"736,400,000","736,400,000",낙찰,"748,801,000",101.7%,2025-07-09,2025_3Q,2
대전 5계 2024-11924(3),근린상가,근린상가,근린상가,세종,세종시,세종 세종시 나성동 745 에스빌딩 8층 803호,"736,400,000","736,400,000",낙찰,"747,801,000",101.5%,2025-07-09,2025_3Q,2
대전 5계 2024-11924(4),근린상가,근린상가,근린상가,세종,세종시,세종 세종시 나성동 745 에스빌딩 8층 804호,"711,200,000","711,200,000",낙찰,"716,801,000",100.8%,2025-07-09,2025_3Q,2
대전 9계 2024-100718(1),답,답,답,세종,세종시,세종 세종시 부강면 금호리 338-1,"1,125,664,000","270,272,000",낙찰,"305,100,000",27.1%,2025-07-16,2025_3Q,2
대전 5계 2024-101254(1),다세대,다세대주택,다세대,세종,세종시,"세종 세종시 조치원읍 신안리 179-17 ,493-9 1동 1층 101호","298,000,000","102,214,000",낙찰,"110,780,100",37.2%,2025-10-22,2025_4Q,1
대전 5계 2024-101254(2),다세대,다세대주택,다세대,세종,세종시,"세종 세종시 조치원읍 신안리 179-17 ,493-9 1동 4층 401호","313,000,000","107,359,000",낙찰,"110,780,100",35.4%,2025-10-22,2025_4Q,1
대전 5계 2024-101254(3),다세대,다세대주택,다세대,세종,세종시,"세종 세종시 조치원읍 신안리 179-17 ,493-9 1동 2층 201호","307,000,000","105,301,000",낙찰,"141,100,000",46.0%,2025-10-22,2025_4Q,1
대전 5계 2024-101254(4),다세대,다세대주택,다세대,세종,세종시,"세종 세종시 조치원읍 신안리 179-17 ,493-9 1동 3층 301호","307,000,000","105,301,000",낙찰,"141,100,000",46.0%,2025-10-22,2025_4Q,1
대전 6계 2024-101469,오피스텔(주거),오피스텔,오피스텔(업무용),세종,세종시,세종 세종시 나성동 756 리치먼드시티세종 주1 5층 515호,"324,000,000","26,683,000",낙찰,"27,115,000",8.4%,2025-07-01,2025_3Q,2
대전 6계 2024-102080,임야,임야,임야,세종,세종시,세종 세종시 부강면 문곡리 산26,"3,540,290,000","1,734,742,000",낙찰,"1,734,800,000",49.0%,2025-09-23,2025_3Q,1
대전 4계 2024-102899,오피스텔,오피스텔,오피스텔(업무용),세종,세종시,세종 세종시 보람동 742 금강시티타워 7층 702호,"301,000,000","147,490,000",낙찰,"147,560,000",49.0%,2025-09-18,2025_3Q,1
대전 12계 2024-103090,전,전,전,세종,세종시,세종 세종시 연기면 보통리 176-1,"529,320,000","181,556,000",낙찰,"260,000,000",49.1%,2025-07-22,2025_3Q,2
대전 10계 2024-104673,근린상가,근린상가,근린상가,세종,세종시,세종 세종시 장군면 봉안리 377-1,"2,747,808,000","942,498,000",낙찰,"1,131,199,000",41.2%,2025-07-31,2025_3Q,2
대전 4계 2024-105218(2),근린상가,근린상가,근린상가,세종,세종시,세종 세종시 어진동 513 세종엠브릿지2 2층 221호,"548,000,000","31,591,000",낙찰,"35,300,000",6.4%,2025-07-10,2025_3Q,2
대전 6계 2024-105485,근린상가,근린상가,근린상가,세종,세종시,세종 세종시 새롬동 592 새뜸프라자 2층 209호,"1,312,000,000","450,016,000",낙찰,"575,599,000",43.9%,2025-08-19,2025_3Q,2
대전 7계 2024-106488,의료시설,병원,병원,세종,세종시,"세종 세종시 조치원읍 신안리 254-7 ,254-3","3,561,663,790","598,608,000",낙찰,"850,100,000",23.9%,2025-10-14,2025_4Q,1
대전 1계 2024-107108,아파트,아파트,아파트,세종,세종시,세종 세종시 나성동 732 세종모닝시티2차 4층 435호,"120,000,000","84,000,000",낙찰,"115,695,000",96.4%,2025-10-13,2025_4Q,1
대전 1계 2024-107245,오피스텔(주거),오피스텔,오피스텔(업무용),세종,세종시,세종 세종시 어진동 656 푸르지오시티 12층 1262호,"96,000,000","67,200,000",낙찰,"83,490,000",87.0%,2025-08-11,2025_3Q,2
대전 3계 2024-107894,아파트,아파트,아파트,세종,세종시,세종 세종시 보람동 783 호려울마을5단지 506동 16층 1605호,"862,000,000","603,400,000",낙찰,"756,200,000",87.7%,2025-07-02,2025_3Q,2
대전 3계 2024-107900(1),근린상가,근린상가,근린상가,세종,세종시,세종 세종시 아름동 1310 하나타워 1동 4층 403호,"713,000,000","171,191,000",낙찰,"251,100,000",35.2%,2025-07-02,2025_3Q,2
대전 12계 2024-110180,다세대,다세대주택,다세대,세종,세종시,세종 세종시 나성동 750 세종마루 4층 422호,"128,000,000","62,720,000",낙찰,"90,880,000",71.0%,2025-12-09,2025_4Q,1
대전 12계 2024-111145,오피스텔(주거),오피스텔,오피스텔(업무용),세종,세종시,세종 세종시 나성동 756 리치먼드시티세종 주1 8층 815호,"345,000,000","169,050,000",낙찰,"181,110,000",52.5%,2025-07-22,2025_3Q,2
대전 10계 2024-111251,아파트,아파트,아파트,세종,세종시,세종 세종시 나성동 759 블루지움 5층 514호,"140,000,000","11,529,000",낙찰,"11,529,000",8.2%,2025-12-18,2025_4Q,0
대전 12계 2024-111305,잡종지,잡종지,잡종지,세종,세종시,세종 세종시 조치원읍 신안리 35-48,"200,991,000","39,400,000",낙찰,"44,999,000",22.4%,2025-08-26,2025_3Q,2
대전 9계 2024-111442,대지,나대지,나대지,세종,세종시,세종 세종시 연기면 수산리 92-3,"522,160,000","255,858,000",낙찰,"312,900,000",59.9%,2025-12-03,2025_4Q,1
대전 12계 2024-111596,아파트,아파트,아파트,세종,세종시,"세종 세종시 도담동 667 ,666 라온프라이빗시티2 1동 7층 736호","90,000,000","44,100,000",낙찰,"72,500,000",80.6%,2025-07-22,2025_3Q,2
대전 11계 2024-112179,아파트,아파트,아파트,세종,세종시,세종 세종시 나성동 751 세종시리베라아이누리 4층 413호,"122,000,000","122,000,000",낙찰,"125,115,000",102.6%,2025-09-11,2025_3Q,2
대전 11계 2024-112186,오피스텔(주거),오피스텔,오피스텔(업무용),세종,세종시,세종 세종시 어진동 648 2차푸르지오시티 5층 535호,"100,000,000","34,300,000",낙찰,"90,000,000",90.0%,2025-08-07,2025_3Q,2
대전 1계 2024-112285,아파트,아파트,아파트,세종,세종시,세종 세종시 어진동 649 호수의아침 6층 611호,"97,000,000","67,900,000",낙찰,"70,000,000",72.2%,2025-08-11,2025_3Q,2
대전 3계 2024-112292,오피스텔(주거),오피스텔,오피스텔(업무용),세종,세종시,세종 세종시 어진동 656 푸르지오시티 10층 1060호,"110,000,000","53,900,000",낙찰,"68,990,000",62.7%,2025-12-24,2025_4Q,0
대전 8계 2024-112506,아파트,아파트,아파트,세종,세종시,"세종 세종시 도담동 666 ,667 라온프라이빗시티2 1동 3층 350호","102,000,000","71,400,000",낙찰,"77,550,000",76.0%,2025-08-21,2025_3Q,2
대전 9계 2024-112513,오피스텔,오피스텔,오피스텔(업무용),세종,세종시,세종 세종시 어진동 656 푸르지오시티 10층 1064호,"95,000,000","46,550,000",낙찰,"64,770,000",68.2%,2025-08-20,2025_3Q,2
대전 5계 2024-112544,오피스텔(주거),오피스텔,오피스텔(업무용),세종,세종시,세종 세종시 부강면 부강리 127-1 주건축물 1동 7층 706호,"207,000,000","24,353,000",낙찰,"24,353,000",11.8%,2025-07-09,2025_3Q,2
대전 1계 2024-112742,아파트,아파트,아파트,세종,세종시,세종 세종시 도담동 845 도램마을1단지 106동 8층 803호,"600,000,000","420,000,000",낙찰,"554,803,000",92.5%,2025-11-10,2025_4Q,1
대전 8계 2024-112834(1),다세대,다세대주택,다세대,세종,세종시,"세종 세종시 해밀동 6-4생활권비5블럭 리즈데이즈 2동 1,2층 102호","1,790,000,000","877,100,000",낙찰,"890,000,000",49.7%,2025-08-21,2025_3Q,2
대전 8계 2024-112834(7),다세대,다세대주택,다세대,세종,세종시,"세종 세종시 해밀동 6-4생활권비5블럭 리즈데이즈 9동 1,2층 109호","1,910,000,000","935,900,000",낙찰,"952,100,400",49.8%,2025-08-21,2025_3Q,2
대전 8계 2024-112834(8),다세대,다세대주택,다세대,세종,세종시,"세종 세종시 해밀동 6-4생활권비5블럭 리즈데이즈 10동 1,2층 110호","1,910,000,000","935,900,000",낙찰,"954,999,000",50.0%,2025-08-21,2025_3Q,2
대전 1계 2024-112889,아파트,아파트,아파트,세종,세종시,세종 세종시 종촌동 692 가재마을8단지 802동 5층 503호,"382,000,000","267,400,000",낙찰,"352,550,000",92.3%,2025-08-11,2025_3Q,2
대전 4계 2024-112933,임야,임야,임야,세종,세종시,세종 세종시 전동면 봉대리 산62-5,"343,824,000","57,786,000",낙찰,"58,000,000",16.9%,2025-08-14,2025_3Q,2
대전 9계 2024-113219,아파트,아파트,아파트,세종,세종시,"세종 세종시 조치원읍 죽림리 72 ,72-1,72-2 죽림우방유쉘 102동 1층 105호","307,000,000","214,900,000",낙찰,"235,999,999",76.9%,2025-07-16,2025_3Q,2
대전 12계 2024-113448,임야,임야,임야,세종,세종시,세종 세종시 부강면 등곡리 산139-1,"6,765,000","1,544,000",낙찰,"1,545,000",22.8%,2025-11-04,2025_4Q,1
대전 6계 2024-113820,아파트,아파트,아파트,세종,세종시,세종 세종시 해밀동 118-2 행정중심복합도시6-4생활권 M1블록 해밀마을2단지 208동 3층 302호,"830,000,000","581,000,000",낙찰,"713,000,000",85.9%,2025-07-01,2025_3Q,2
대전 3계 2024-113875,아파트,아파트,아파트,세종,세종시,세종 세종시 나성동 748 한스웰시티 6층 628호,"113,000,000","79,100,000",낙찰,"109,215,000",96.7%,2025-09-10,2025_3Q,2
대전 12계 2024-114069,임야,임야,임야,세종,세종시,세종 세종시 전의면 달전리 산37-6,"3,927,000","1,923,000",낙찰,"2,000,000",50.9%,2025-08-26,2025_3Q,2
대전 1계 2024-114182,근린상가,근린상가,근린상가,세종,세종시,"세종 세종시 금남면 도남리 97 ,97-1,98-2,98-3 근린시설동 지1층 상가101호","375,000,000","63,025,000",낙찰,"81,150,000",21.6%,2025-12-15,2025_4Q,1
대전 5계 2024-114335,오피스텔(주거),오피스텔,오피스텔(업무용),세종,세종시,세종 세종시 어진동 656 푸르지오시티 15층 1531호,"132,000,000","64,680,000",낙찰,"119,025,000",90.2%,2025-08-13,2025_3Q,2
대전 3계 2024-114410,답,답,답,세종,세종시,세종 세종시 금남면 두만리 541-1,"638,694,000","153,350,000",낙찰,"171,100,000",26.8%,2025-09-10,2025_3Q,2
대전 9계 2024-114533,아파트,아파트,아파트,세종,세종시,"세종 세종시 도담동 666 ,667 라온프라이빗시티Ⅱ 1동 4층 446호","100,000,000","70,000,000",낙찰,"94,290,000",94.3%,2025-07-16,2025_3Q,2
대전 11계 2024-114564,아파트,아파트,아파트,세종,세종시,세종 세종시 어진동 664 세종모닝시티 4층 435호,"115,000,000","80,500,000",낙찰,"100,000,000",87.0%,2025-07-03,2025_3Q,2
대전 11계 2024-114571,아파트,아파트,아파트,세종,세종시,세종 세종시 나성동 748 한스웰시티 5층 508호,"121,000,000","84,700,000",낙찰,"116,400,000",96.2%,2025-11-06,2025_4Q,1
대전 6계 2024-114670,아파트,아파트,아파트,세종,세종시,세종 세종시 나성동 748 한스웰시티 4층 417호,"113,000,000","79,100,000",낙찰,"110,250,000",97.6%,2025-10-28,2025_4Q,1
대전 10계 2024-114724,아파트,아파트,아파트,세종,세종시,세종 세종시 나성동 751 세종시리베라아이누리 8층 829호,"140,000,000","98,000,000",낙찰,"129,900,000",92.8%,2025-10-16,2025_4Q,1
대전 4계 2024-114755,근린상가,근린상가,근린상가,세종,세종시,세종 세종시 대평동 665 시드니힐 2층 206호,"447,000,000","75,126,000",낙찰,"80,470,000",18.0%,2025-08-14,2025_3Q,2
대전 5계 2024-114779,단독주택,단독,단독주택,세종,세종시,세종 세종시 조치원읍 침산리 187,"31,855,400","7,648,000",낙찰,"9,111,500",28.6%,2025-07-09,2025_3Q,2
대전 3계 2024-114960,아파트,아파트,아파트,세종,세종시,세종 세종시 나성동 748 한스웰시티 5층 505호,"121,000,000","59,290,000",낙찰,"111,315,000",92.0%,2025-07-02,2025_3Q,2
대전 5계 2024-115369,답,답,답,세종,세종시,세종 세종시 금남면 도암리 218,"283,215,000","138,775,000",낙찰,"198,250,000",70.0%,2025-08-13,2025_3Q,2
대전 11계 2024-115543,아파트,아파트,아파트,세종,세종시,세종 세종시 나성동 764 세종갤러리밸류시티 5층 508호,"115,000,000","80,500,000",낙찰,"111,240,000",96.7%,2025-12-11,2025_4Q,1
대전 12계 2024-115642,오피스텔,오피스텔,오피스텔(업무용),세종,세종시,세종 세종시 어진동 656 푸르지오시티 11층 1130호,"105,000,000","105,000,000",낙찰,"105,000,000",100.0%,2025-07-22,2025_3Q,2
대전 6계 2024-115727,근린상가,근린상가,근린상가,세종,세종시,세종 세종시 고운동 1716 참샘빌딩 5층 504호,"217,000,000","52,101,000",낙찰,"54,455,990",25.1%,2025-10-28,2025_4Q,1
대전 12계 2024-115802,근린상가,근린상가,근린상가,세종,세종시,세종 세종시 소담동 544 아크레타아이콤스타타워 1층 110호,"785,000,000","269,255,000",낙찰,"301,000,000",38.3%,2025-11-04,2025_4Q,1
대전 8계 2024-115895,임야,임야,임야,세종,세종시,세종 세종시 장군면 하봉리 산12-72,"654,550,000","157,157,000",낙찰,"162,200,000",24.8%,2025-07-17,2025_3Q,2
대전 10계 2024-116201,아파트,아파트,아파트,세종,세종시,"세종 세종시 도담동 665 ,664 라온프라이빗시티1 5층 546호","94,000,000","22,569,000",낙찰,"23,100,000",24.6%,2025-11-13,2025_4Q,1
대전 11계 2024-116362,아파트,아파트,아파트,세종,세종시,세종 세종시 나성동 764 세종갤러리밸류시티 7층 714호,"141,000,000","98,700,000",낙찰,"121,725,000",86.3%,2025-07-03,2025_3Q,2
대전 10계 2024-116461,아파트,아파트,아파트,세종,세종시,세종 세종시 조치원읍 신흥리 399 조치원신흥이편한세상 104동 1층 104호,"414,000,000","289,800,000",낙찰,"322,900,000",78.0%,2025-07-31,2025_3Q,2
대전 9계 2024-116669,아파트,아파트,아파트,세종,세종시,세종 세종시 나성동 727 SR파크센텀 7층 722호,"122,000,000","122,000,000",낙찰,"122,000,000",100.0%,2025-08-20,2025_3Q,2
대전 12계 2024-116676,아파트,아파트,아파트,세종,세종시,세종 세종시 나성동 732 세종모닝시티2차 5층 512호,"127,000,000","62,230,000",낙찰,"83,999,000",66.1%,2025-09-30,2025_3Q,1
대전 1계 2024-116843,아파트,아파트,아파트,세종,세종시,세종 세종시 종촌동 640 가재마을4단지 401동 15층 1504호,"393,000,000","393,000,000",낙찰,"400,500,000",101.9%,2025-08-11,2025_3Q,2
대전 9계 2024-117051,아파트,아파트,아파트,세종,세종시,세종 세종시 아름동 1276 범지기마을12단지 1206동 15층 1503호,"555,000,000","388,500,000",낙찰,"535,160,000",96.4%,2025-08-20,2025_3Q,2
대전 8계 2024-117235,임야,임야,임야,세종,세종시,세종 세종시 금남면 영대리 735-2,"395,712,000","135,729,000",낙찰,"155,520,000",39.3%,2025-08-21,2025_3Q,2
대전 12계 2024-117440,아파트,아파트,아파트,세종,세종시,세종 세종시 조치원읍 죽림리 396 자이 102동 8층 801호,"318,000,000","222,600,000",낙찰,"270,200,000",85.0%,2025-08-26,2025_3Q,2
대전 6계 2024-117549,단독주택,단독,단독주택,세종,세종시,세종 세종시 연동면 내판리 21-8,"580,179,900","199,001,000",낙찰,"251,009,000",43.3%,2025-12-02,2025_4Q,1
대전 9계 2024-117761,아파트,아파트,아파트,세종,세종시,"세종 세종시 도담동 665 ,664 라온프라이빗시티Ⅰ 8층 812호","96,000,000","96,000,000",낙찰,"105,000,000",109.4%,2025-07-16,2025_3Q,2
대전 10계 2024-117952,아파트,아파트,아파트,세종,세종시,"세종 세종시 조치원읍 서창리 239-2 ,240-1,133-10 두진한라 1동 4층 404호","86,000,000","60,200,000",낙찰,"72,690,000",84.5%,2025-07-31,2025_3Q,2
대전 5계 2024-118023,아파트,아파트,아파트,세종,세종시,세종 세종시 어진동 649 호수의아침 4층 434호,"102,000,000","71,400,000",낙찰,"71,400,000",70.0%,2025-09-17,2025_3Q,2
대전 3계 2024-118092,다세대,다세대주택,다세대,세종,세종시,세종 세종시 나성동 727 에스알파크센텀 6층 654호,"127,000,000","88,900,000",낙찰,"117,450,000",92.5%,2025-08-06,2025_3Q,2
대전 8계 2024-118504,근린상가,근린상가,근린상가,세종,세종시,세종 세종시 아름동 1333 세종조이1 1동 2층 203호,"831,000,000","199,523,000",낙찰,"258,441,000",31.1%,2025-08-21,2025_3Q,2
대전 10계 2024-118603,임야,임야,임야,세종,세종시,세종 세종시 금남면 대박리 산27-1,"245,742,000","84,289,000",낙찰,"85,522,000",34.8%,2025-10-16,2025_4Q,1
대전 12계 2024-118610,오피스텔,오피스텔,오피스텔(업무용),세종,세종시,세종 세종시 해밀동 643 스카이드림 2층 211호,"460,000,000","225,400,000",낙찰,"289,999,999",63.0%,2025-09-30,2025_3Q,1
대전 4계 2024-118788,오피스텔(주거),오피스텔,오피스텔(업무용),세종,세종시,세종 세종시 어진동 648 2차푸르지오시티 9층 939호,"100,000,000","70,000,000",낙찰,"84,835,000",84.8%,2025-08-14,2025_3Q,2
대전 3계 2024-118863,아파트,아파트,아파트,세종,세종시,세종 세종시 조치원읍 침산리 89 욱일 102동 11층 1105호,"261,000,000","127,890,000",낙찰,"197,000,000",75.5%,2025-09-10,2025_3Q,2
대전 3계 2024-119040,다세대,다세대주택,다세대,세종,세종시,세종 세종시 나성동 730 에스알파크시티 6층 650호,"121,000,000","84,700,000",낙찰,"105,455,000",87.2%,2025-08-06,2025_3Q,2
대전 11계 2024-119057,아파트,아파트,아파트,세종,세종시,세종 세종시 고운동 1724 가락마을7단지 710동 13층 1301호,"470,000,000","329,000,000",낙찰,"439,500,000",93.5%,2025-11-06,2025_4Q,1
대전 9계 2024-119279,아파트,아파트,아파트,세종,세종시,"세종 세종시 한솔동 947 ,950 첫마을 301동 14층 1415호","662,000,000","463,400,000",낙찰,"516,000,000",77.9%,2025-09-24,2025_3Q,1
대전 1계 2024-119408,아파트,아파트,아파트,세종,세종시,세종 세종시 고운동 1393 가락마을15단지 1501동 11층 1101호,"327,000,000","228,900,000",낙찰,"322,000,000",98.5%,2025-10-13,2025_4Q,1
대전 7계 2024-119415,아파트,아파트,아파트,세종,세종시,"세종 세종시 한솔동 940 ,946 첫마을 202동 9층 903호","535,000,000","374,500,000",낙찰,"455,285,000",85.1%,2025-09-02,2025_3Q,2
대전 9계 2024-119491,아파트,아파트,아파트,세종,세종시,"세종 세종시 나성동 775 ,776 더리치세종의아침 5층 517호","117,000,000","28,091,000",낙찰,"95,000,000",81.2%,2025-12-03,2025_4Q,1
대전 11계 2024-119774,아파트,아파트,아파트,세종,세종시,세종 세종시 아름동 1356 범지기마을4단지 402동 10층 1001호,"501,000,000","350,700,000",낙찰,"471,300,000",94.1%,2025-09-11,2025_3Q,2
대전 5계 2024-119828,근린상가,근린상가,근린상가,세종,세종시,세종 세종시 고운동 1806 비티빌딩,"2,628,324,200","901,515,000",낙찰,"1,307,000,000",49.7%,2025-07-09,2025_3Q,2
대전 6계 2024-119835,답,답,답,세종,세종시,세종 세종시 연동면 명학리 468,"1,189,040,000","582,629,000",낙찰,"649,990,000",54.7%,2025-10-28,2025_4Q,1
대전 8계 2024-119859,근린상가,근린상가,근린상가,세종,세종시,세종 세종시 아름동 1310 하나타워 1동 2층 204호,"396,000,000","135,828,000",낙찰,"136,100,000",34.4%,2025-08-21,2025_3Q,2
대전 9계 2024-119866,답,답,답,세종,세종시,세종 세종시 부강면 행산리 447,"238,512,000","166,958,000",낙찰,"196,163,180",82.2%,2025-09-24,2025_3Q,1
대전 5계 2024-120033,임야,임야,임야,세종,세종시,세종 세종시 부강면 문곡리 산187,"16,151,140","15,301,080",낙찰,"17,380,000",107.6%,2025-10-22,2025_4Q,1
대전 4계 2024-120217,아파트,아파트,아파트,세종,세종시,세종 세종시 고운동 1731 가락마을2단지 204동 4층 405호,"692,000,000","484,400,000",낙찰,"631,000,000",91.2%,2025-10-23,2025_4Q,1
대전 12계 2024-120583,아파트,아파트,아파트,세종,세종시,세종 세종시 도담동 636 도램마을18단지 1802동 12층 1201호,"563,000,000","394,100,000",낙찰,"503,999,000",89.5%,2025-09-30,2025_3Q,1
대전 10계 2024-120736,아파트,아파트,아파트,세종,세종시,세종 세종시 조치원읍 죽림리 92 신동아 101동 3층 310호,"155,000,000","108,500,000",낙찰,"120,000,000",77.4%,2025-07-31,2025_3Q,2
대전 3계 2024-120750,아파트,아파트,아파트,세종,세종시,세종 세종시 고운동 1705 가락마을5단지 509동 11층 1103호,"465,000,000","325,500,000",낙찰,"435,659,500",93.7%,2025-09-10,2025_3Q,2
대전 4계 2024-121159,답,답,답,세종,세종시,세종 세종시 조치원읍 봉산리 32-2,"200,874,520","98,428,000",낙찰,"99,900,000",49.7%,2025-07-10,2025_3Q,2
대전 12계 2024-121500(1),아파트,아파트,아파트,세종,세종시,세종 세종시 대평동 704 해들마을4단지 418동 25층 2501호,"870,000,000","609,000,000",낙찰,"751,000,000",86.3%,2025-09-30,2025_3Q,1
대전 7계 2024-121586(4),근린상가,근린상가,근린상가,세종,세종시,세종 세종시 소담동 529 도경프라자 6층 606호,"533,000,000","261,170,000",낙찰,"261,250,000",49.0%,2025-10-14,2025_4Q,1
대전 5계 2024-121661,오피스텔(상가),오피스텔,오피스텔(업무용),세종,세종시,세종 세종시 아름동 1329 다올비즈니스센터 1층 105호,"1,301,000,000","312,370,000",낙찰,"500,117,000",38.4%,2025-08-13,2025_3Q,2
대전 4계 2024-122053,아파트,아파트,아파트,세종,세종시,세종 세종시 나성동 737 포레뷰투도시형생활주택 주건축물 1동 7층 719호,"126,000,000","88,200,000",낙찰,"101,100,000",80.2%,2025-11-27,2025_4Q,1
대전 1계 2024-122152,오피스텔,오피스텔,오피스텔(업무용),세종,세종시,세종 세종시 어진동 656 푸르지오시티 20층 2008호,"95,000,000","95,000,000",낙찰,"97,700,000",102.8%,2025-09-15,2025_3Q,2
대전 7계 2024-122213,오피스텔(주거),오피스텔,오피스텔(업무용),세종,세종시,"세종 세종시 도담동 660 ,661,662 세종한신휴시티 5층 577호","95,000,000","66,500,000",낙찰,"94,450,000",99.4%,2025-10-14,2025_4Q,1
대전 12계 2024-122275,아파트,아파트,아파트,세종,세종시,세종 세종시 소담동 521 새샘마을9단지 910동 4층 401호,"640,000,000","448,000,000",낙찰,"643,280,000",100.5%,2025-09-30,2025_3Q,1
대전 3계 2024-122299,아파트,아파트,아파트,세종,세종시,세종 세종시 산울동 152-1 산울마을7단지 701동 4층 401호,"697,000,000","487,900,000",낙찰,"563,950,000",80.9%,2025-12-24,2025_4Q,0
대전 11계 2024-122411(1),전,전,전,세종,세종시,세종 세종시 부강면 행산리 319,"30,371,840","14,882,000",낙찰,"14,882,000",49.0%,2025-12-11,2025_4Q,1
대전 11계 2024-122411(2),대지,나대지,나대지,세종,세종시,세종 세종시 부강면 행산리 316,"15,080,160","7,389,000",낙찰,"9,510,000",63.1%,2025-12-11,2025_4Q,1
대전 10계 2024-122640,아파트,아파트,아파트,세종,세종시,세종 세종시 나성동 763 행복의아침 6층 620호,"131,000,000","91,700,000",낙찰,"119,715,000",91.4%,2025-07-31,2025_3Q,2
대전 1계 2024-122657,아파트,아파트,아파트,세종,세종시,세종 세종시 나성동 759 블루지움 4층 409호,"106,000,000","74,200,000",낙찰,"104,170,000",98.3%,2025-11-10,2025_4Q,1
대전 12계 2024-122954,오피스텔(주거),오피스텔,오피스텔(업무용),세종,세종시,세종 세종시 나성동 730 에스알파크시티 6층 616호,"123,000,000","86,100,000",낙찰,"118,655,000",96.5%,2025-09-30,2025_3Q,1
대전 8계 2024-122961,전,전,전,세종,세종시,세종 세종시 조치원읍 죽림리 335-3,"831,600,000","285,238,000",낙찰,"340,010,000",40.9%,2025-10-30,2025_4Q,1
대전 12계 2024-123391,아파트,아파트,아파트,세종,세종시,"세종 세종시 나성동 775 ,776 더리치세종의아침 6층 623호","136,000,000","66,640,000",낙찰,"150,000,000",110.3%,2025-11-04,2025_4Q,1
대전 10계 2024-123421,임야,임야,임야,세종,세종시,세종 세종시 연기면 수산리 429-12,"121,352,000","84,946,000",낙찰,"84,946,000",70.0%,2025-09-04,2025_3Q,2
대전 2계 2024-123438,아파트,아파트,아파트,세종,세종시,"세종 세종시 나성동 775 ,776 더리치세종의아침 7층 712호","110,000,000","77,000,000",낙찰,"77,000,000",70.0%,2025-07-14,2025_3Q,2
대전 6계 2024-123612,아파트,아파트,아파트,세종,세종시,세종 세종시 보람동 738 호려울마을 7단지 704동 7층 703호,"907,000,000","634,900,000",낙찰,"784,300,000",86.5%,2025-12-02,2025_4Q,1
대전 5계 2024-123728,아파트,아파트,아파트,세종,세종시,세종 세종시 아름동 1276 범지기마을12단지 1201동 5층 501호,"606,000,000","424,200,000",낙찰,"520,009,000",85.8%,2025-07-09,2025_3Q,2
대전 4계 2024-123902,다세대,다세대주택,다세대,세종,세종시,세종 세종시 나성동 759 세종블루지움 4층 405호,"105,000,000","105,000,000",낙찰,"105,000,000",100.0%,2025-08-14,2025_3Q,2
대전 9계 2024-123940,근린상가,근린상가,근린상가,세종,세종시,세종 세종시 다정동 943 더다정빌딩 2층 201호,"633,000,000","310,170,000",낙찰,"383,700,000",60.6%,2025-12-03,2025_4Q,1
대전 12계 2024-124059,오피스텔(주거),오피스텔,오피스텔(업무용),세종,세종시,"세종 세종시 도담동 660 ,661,662 세종한신휴시티 4층 404호","110,000,000","77,000,000",낙찰,"96,000,000",87.3%,2025-11-04,2025_4Q,1
대전 6계 2024-124165,아파트,아파트,아파트,세종,세종시,세종 세종시 나성동 764 세종갤러리밸류시티 3층 315호,"133,000,000","93,100,000",낙찰,"132,340,000",99.5%,2025-12-02,2025_4Q,1
대전 2계 2024-124226,중기,기타토지,기타토지,세종,세종시,세종 세종시 연동면 응암리 925 내 보관(제3자 임동철에게 보관),"30,000,000","14,700,000",낙찰,"19,200,000",64.0%,2025-07-14,2025_3Q,2
대전 11계 2024-124325,근린상가,근린상가,근린상가,세종,세종시,세종 세종시 고운동 2094 세종중앙타워 6층 601호,"402,000,000","196,980,000",낙찰,"232,313,333",57.8%,2025-12-11,2025_4Q,1
대전 2계 2024-124714,차량,기타토지,기타토지,세종,세종시,세종 세종시 연동면 응암리 925 (제3자임동철)내 보관,"20,000,000","9,800,000",낙찰,"13,100,000",65.5%,2025-08-18,2025_3Q,2
대전 8계 2024-124899,아파트,아파트,아파트,세종,세종시,세종 세종시 나성동 748 한스웰시티 4층 409호,"118,000,000","82,600,000",낙찰,"115,825,000",98.2%,2025-10-30,2025_4Q,1
대전 1계 2024-125168,아파트,아파트,아파트,세종,세종시,세종 세종시 종촌동 679 가재마을3단지 310동 3층 303호,"611,000,000","427,700,000",낙찰,"570,030,000",93.3%,2025-12-15,2025_4Q,1
대전 8계 2024-125236,아파트,아파트,아파트,세종,세종시,세종 세종시 조치원읍 신흥리 393 신흥주공2단지 209동 10층 1002호,"235,000,000","164,500,000",낙찰,"189,999,000",80.9%,2025-07-17,2025_3Q,2
대전 10계 2024-125656,오피스텔(주거),오피스텔,오피스텔(업무용),세종,세종시,"세종 세종시 나성동 775 ,776 더리치세종의아침 3층 333호","155,000,000","108,500,000",낙찰,"150,000,000",96.8%,2025-10-16,2025_4Q,1
대전 3계 2025-167,아파트,아파트,아파트,세종,세종시,세종 세종시 나성동 738 세종포레뷰원주건축물 1동 8층 806호,"146,000,000","102,200,000",낙찰,"145,000,000",99.3%,2025-10-15,2025_4Q,1
대전 4계 2025-686,아파트,아파트,아파트,세종,세종시,세종 세종시 고운동 1706 가락마을8단지 803동 6층 601호,"217,000,000","151,900,000",낙찰,"181,000,000",83.4%,2025-08-14,2025_3Q,2
대전 5계 2025-808,전,전,전,세종,세종시,세종 세종시 장군면 은용리 106-1,"940,023,000","444,010,000",낙찰,"558,000,000",59.4%,2025-11-26,2025_4Q,1
대전 4계 2025-1214,대지,나대지,나대지,세종,세종시,세종 세종시 전동면 노장리 519-1,"58,788,000","14,076,000",낙찰,"19,180,000",32.6%,2025-11-27,2025_4Q,1
대전 12계 2025-1320,아파트,아파트,아파트,세종,세종시,세종 세종시 고운동 1409 가락마을11단지 1106동 2층 202호,"396,000,000","277,200,000",낙찰,"371,001,000",93.7%,2025-11-04,2025_4Q,1
대전 7계 2025-1375,아파트,아파트,아파트,세종,세종시,세종 세종시 소담동 550 새샘마을 3단지 308동 4층 401호,"651,000,000","455,700,000",낙찰,"640,000,000",98.3%,2025-09-02,2025_3Q,2
대전 4계 2025-1566,아파트,아파트,아파트,세종,세종시,"세종 세종시 한솔동 971 ,1045 첫마을 521동 3층 302호","331,000,000","331,000,000",낙찰,"331,000,000",100.0%,2025-08-14,2025_3Q,2
대전 4계 2025-1726,대지,나대지,나대지,세종,세종시,세종 세종시 다정동 728,"740,610,000","362,899,000",낙찰,"395,000,000",53.3%,2025-10-23,2025_4Q,1
대전 10계 2025-1788,숙박시설,숙박시설,숙박시설,세종,세종시,세종 세종시 조치원읍 정리 105-20,"674,330,000","472,031,000",낙찰,"477,000,000",70.7%,2025-10-16,2025_4Q,1
대전 4계 2025-1832,근린상가,근린상가,근린상가,세종,세종시,세종 세종시 대평동 699 판타지타워 5층 505호,"168,800,000","82,712,000",낙찰,"84,110,000",49.8%,2025-10-23,2025_4Q,1
대전 7계 2025-2156,아파트,아파트,아파트,세종,세종시,세종 세종시 고운동 2111 가락마을 19단지 1904동 7층 704호,"572,000,000","400,400,000",낙찰,"521,190,000",91.1%,2025-09-02,2025_3Q,2
대전 10계 2025-2279(2),전,전,전,세종,세종시,세종 세종시 연동면 응암리 120-2,"825,270,000","404,382,000",낙찰,"455,110,000",55.1%,2025-12-18,2025_4Q,0
대전 12계 2025-2439,아파트,아파트,아파트,세종,세종시,세종 세종시 아름동 1279 세종시푸르지오엘3블럭 806동 8층 801호,"476,000,000","476,000,000",낙찰,"480,000,000",100.8%,2025-11-04,2025_4Q,1
대전 4계 2025-2477,아파트,아파트,아파트,세종,세종시,세종 세종시 산울동 259 산울마을2단지 208동 3층 303호,"743,000,000","520,100,000",낙찰,"672,899,900",90.6%,2025-10-23,2025_4Q,1
대전 7계 2025-3686,아파트,아파트,아파트,세종,세종시,세종 세종시 고운동 1706 가락마을8단지 810동 13층 1302호,"416,000,000","291,200,000",낙찰,"394,951,000",94.9%,2025-12-23,2025_4Q,0
대전 5계 2025-500063,임야,임야,임야,세종,세종시,세종 세종시 장군면 하봉리 산4-84,"267,044,000","91,596,000",낙찰,"92,000,000",34.5%,2025-11-26,2025_4Q,1
대전 1계 2025-500070,아파트,아파트,아파트,세종,세종시,세종 세종시 어진동 520 한뜰마을4단지 403동 29층 2903호,"906,000,000","906,000,000",낙찰,"907,000,000",100.1%,2025-11-10,2025_4Q,1
대전 5계 2025-500322,아파트,아파트,아파트,세종,세종시,세종 세종시 나성동 764 세종갤러리밸류시티 7층 703호,"102,000,000","71,400,000",낙찰,"101,870,000",99.9%,2025-12-31,2025_4Q,0
대전 5계 2025-500506,아파트,아파트,아파트,세종,세종시,세종 세종시 조치원읍 침산리 89 욱일 110동 11층 1105호,"149,000,000","104,300,000",낙찰,"147,590,000",99.1%,2025-12-31,2025_4Q,0
대전 5계 2025-500575,임야,임야,임야,세종,세종시,세종 세종시 연기면 수산리 578-7,"113,520,000","38,938,000",낙찰,"51,000,000",44.9%,2025-11-26,2025_4Q,1
대전 12계 2025-500667,아파트,아파트,아파트,세종,세종시,세종 세종시 아름동 1297 범지기마을3단지 310동 26층 2602호,"545,000,000","381,500,000",낙찰,"518,100,000",95.1%,2025-11-04,2025_4Q,1
대전 4계 2025-500803,아파트,아파트,아파트,세종,세종시,"세종 세종시 반곡동 840 ,841 더스테이빌딩 5층 523호","157,000,000","109,900,000",낙찰,"138,000,000",87.9%,2025-07-10,2025_3Q,2
대전 5계 2025-500810,대지,나대지,나대지,세종,세종시,세종 세종시 전의면 원성리 113-1,"158,891,200","101,644,000",낙찰,"101,644,000",64.0%,2025-10-22,2025_4Q,1
대전 5계 2025-501196,전,전,전,세종,세종시,세종 세종시 연서면 봉암리 569-1,"520,380,000","254,986,000",낙찰,"321,063,000",61.7%,2025-11-26,2025_4Q,1
대전 5계 2025-501749,아파트,아파트,아파트,세종,세종시,세종 세종시 고운동 1706 가락마을 8단지 808동 2층 202호,"351,000,000","245,700,000",낙찰,"353,010,000",100.6%,2025-09-17,2025_3Q,2
대전 2계 2025-501769,아파트,아파트,아파트,세종,세종시,"세종 세종시 한솔동 974 ,984 첫마을 604동 6층 606호","352,000,000","246,400,000",낙찰,"321,760,000",91.4%,2025-08-18,2025_3Q,2
대전 8계 2025-501793,임야,임야,임야,세종,세종시,세종 세종시 전의면 읍내리 331-5,"2,311,900,000","555,086,000",낙찰,"561,100,000",24.3%,2025-12-04,2025_4Q,1
대전 12계 2025-501797,답,답,답,세종,세종시,세종 세종시 장군면 대교리 565-1,"372,960,000","182,750,000",낙찰,"213,560,000",57.3%,2025-12-09,2025_4Q,1
대전 7계 2025-501821,점포,근린상가,점포상가,세종,세종시,"세종 세종시 전의면 유천리 76-10 ,76-9 1동","1,933,752,500","663,276,000",낙찰,"713,200,000",36.9%,2025-12-23,2025_4Q,0
대전 11계 2025-501825,오피스텔,오피스텔,오피스텔(업무용),세종,세종시,세종 세종시 대평동 680 해피라움페스타 8층 에이809호,"143,000,000","70,070,000",낙찰,"70,070,000",49.0%,2025-12-11,2025_4Q,1
대전 2계 2025-501838,차량,기타토지,기타토지,세종,세종시,세종 세종시 연동면 응암리 925 (제3자임동철)내 보관,"13,000,000","6,370,000",낙찰,"9,600,000",73.8%,2025-08-18,2025_3Q,2
대전 5계 2025-501885,답,답,답,세종,세종시,세종 세종시 금남면 용담리 166-4,"523,432,000","366,402,000",낙찰,"366,600,000",70.0%,2025-11-26,2025_4Q,1
대전 8계 2025-501907,아파트,아파트,아파트,세종,세종시,세종 세종시 조치원읍 죽림리 159-2 신동아 201동 13층 1301호,"209,000,000","102,410,000",낙찰,"150,480,000",72.0%,2025-09-25,2025_3Q,1
대전 8계 2025-501925(6),근린상가,근린상가,근린상가,세종,세종시,세종 세종시 대평동 684 스타뷰타워 6층 601호,"339,000,000","81,393,000",낙찰,"83,560,000",24.6%,2025-12-04,2025_4Q,1
대전 8계 2025-501925(7),근린상가,근린상가,근린상가,세종,세종시,세종 세종시 대평동 684 스타뷰타워 6층 602호,"315,000,000","75,631,000",낙찰,"77,560,000",24.6%,2025-12-04,2025_4Q,1
대전 8계 2025-501925(8),근린상가,근린상가,근린상가,세종,세종시,세종 세종시 대평동 684 스타뷰타워 6층 603호,"315,000,000","75,631,000",낙찰,"77,560,000",24.6%,2025-12-04,2025_4Q,1
대전 8계 2025-501925(10),근린상가,근린상가,근린상가,세종,세종시,세종 세종시 대평동 684 스타뷰타워 6층 607호,"256,000,000","61,465,000",낙찰,"61,500,000",24.0%,2025-12-04,2025_4Q,1
대전 2계 2025-501930,차량,기타토지,기타토지,세종,세종시,세종 세종시 연동면 응암리 925 신성한울림주차장내 보관(제3자 임동철에게 보관),"9,000,000","4,410,000",낙찰,"5,260,000",58.4%,2025-07-14,2025_3Q,2
대전 8계 2025-501966,전,전,전,세종,세종시,세종 세종시 금남면 달전리 221-6,"440,672,920","440,672,920",낙찰,"460,300,000",104.5%,2025-09-25,2025_3Q,1
대전 5계 2025-501974,아파트,아파트,아파트,세종,세종시,세종 세종시 나성동 748 한스웰시티 8층 806호,"115,000,000","56,350,000",낙찰,"119,860,000",104.2%,2025-10-22,2025_4Q,1
대전 12계 2025-501984,아파트,아파트,아파트,세종,세종시,"세종 세종시 금남면 용포리 320 ,89-10,237-31,325-1,325-2,350-3,454-84,493-4 금남두진리버빌 101동 9층 916호","152,000,000","106,400,000",낙찰,"150,000,000",98.7%,2025-12-09,2025_4Q,1
대전 8계 2025-502012,아파트,아파트,아파트,세종,세종시,세종 세종시 조치원읍 죽림리 389 조치원죽림푸르지오 102동 5층 501호,"272,000,000","190,400,000",낙찰,"234,320,000",86.1%,2025-09-25,2025_3Q,1
대전 7계 2025-502038,아파트,아파트,아파트,세종,세종시,세종 세종시 새롬동 599 새뜸마을 2단지 205동 8층 803호,"464,000,000","464,000,000",낙찰,"469,000,000",101.1%,2025-07-29,2025_3Q,2
대전 5계 2025-502042,아파트,아파트,아파트,세종,세종시,세종 세종시 아름동 1363 범지기마을 11단지 1101동 2층 203호,"470,000,000","329,000,000",낙찰,"440,444,400",93.7%,2025-10-22,2025_4Q,1
대전 2계 2025-502071,중기,기타토지,기타토지,세종,세종시,세종 세종시 연동면 응암리 925 신성한울림주차장내 보관(제3자 임동철에게 보관),"65,000,000","31,850,000",낙찰,"35,100,000",54.0%,2025-07-14,2025_3Q,2
대전 2계 2025-502089,차량,기타토지,기타토지,세종,세종시,세종 세종시 연동면 응암리 925 신성한울림내 보관(제3자 임동철에게 보관),"6,500,000","4,550,000",낙찰,"4,622,000",71.1%,2025-07-14,2025_3Q,2
대전 7계 2025-502094,아파트,아파트,아파트,세종,세종시,세종 세종시 나성동 831 나릿재마을 4단지 405동 13층 1306호,"1,010,000,000","707,000,000",낙찰,"892,000,000",88.3%,2025-09-02,2025_3Q,2
대전 5계 2025-502138,아파트,아파트,아파트,세종,세종시,"세종 세종시 연동면 명학리 255 ,256,257,291,292,294,653-2 세종청정 101동 8층 801호","174,000,000","121,800,000",낙찰,"175,111,111",100.6%,2025-11-26,2025_4Q,1
대전 2계 2025-502191,중기,기타토지,기타토지,세종,세종시,세종 세종시 연동면 응암리 925 내 보관,"130,000,000","63,700,000",낙찰,"71,000,000",54.6%,2025-12-01,2025_4Q,1
대전 2계 2025-502211,차량,기타토지,기타토지,세종,세종시,세종 세종시 연동면 응암리 925 내 보관(제3자 임동철에게 보관),"38,000,000","26,600,000",낙찰,"27,150,000",71.4%,2025-07-14,2025_3Q,2
대전 2계 2025-502269,차량,기타토지,기타토지,세종,세종시,세종 세종시 연동면 응암리 925 신성한울림주차장내 보관(제3자 임동철에게 보관),"18,000,000","12,600,000",낙찰,"14,133,000",78.5%,2025-07-14,2025_3Q,2
대전 7계 2025-502326,아파트,아파트,아파트,세종,세종시,세종 세종시 어진동 603 한뜰마을2단지 207동 13층 1304호,"801,000,000","560,700,000",낙찰,"741,200,000",92.5%,2025-10-14,2025_4Q,1
대전 7계 2025-502384,아파트,아파트,아파트,세종,세종시,세종 세종시 도담동 845 도램마을1단지 104동 14층 1403호,"645,000,000","451,500,000",낙찰,"545,888,000",84.6%,2025-10-14,2025_4Q,1
대전 8계 2025-502398,아파트,아파트,아파트,세종,세종시,세종 세종시 조치원읍 신흥리 399 조치원신흥이편한세상 102동 4층 401호,"362,000,000","253,400,000",낙찰,"321,999,999",89.0%,2025-10-30,2025_4Q,1
대전 2계 2025-502399,차량,기타토지,기타토지,세종,세종시,세종 세종시 연동면 응암리 925 (제3자임동철)내 보관,"23,000,000","16,100,000",낙찰,"16,444,000",71.5%,2025-08-18,2025_3Q,2
대전 5계 2025-502413,아파트,아파트,아파트,세종,세종시,세종 세종시 조치원읍 죽림리 396 자이 103동 2층 204호,"290,000,000","203,000,000",낙찰,"246,990,000",85.2%,2025-11-26,2025_4Q,1
대전 8계 2025-502417,아파트,아파트,아파트,세종,세종시,세종 세종시 조치원읍 신안리 542 이편한세상세종 108동 5층 501호,"285,000,000","199,500,000",낙찰,"264,500,000",92.8%,2025-12-04,2025_4Q,1
대전 2계 2025-502418,차량,기타토지,기타토지,세종,세종시,세종 세종시 연동면 응암리 925 (제3자임동철)내 보관,"30,000,000","14,700,000",낙찰,"20,899,000",69.7%,2025-09-22,2025_3Q,1
대전 2계 2025-502470,차량,기타토지,기타토지,세종,세종시,세종 세종시 연동면 응암리 925 신성한울림주차장(제3자임동철)내 보관,"16,000,000","11,200,000",낙찰,"13,070,000",81.7%,2025-08-18,2025_3Q,2
대전 2계 2025-502510,차량,기타토지,기타토지,세종,세종시,세종 세종시 연동면 응암리 925 제3자 임동철에게 보관,"50,000,000","24,500,000",낙찰,"26,075,000",52.1%,2025-10-27,2025_4Q,1
대전 2계 2025-502582,차량,기타토지,기타토지,세종,세종시,세종 세종시 연동면 응암리 925 제3자 임동철에게 보관,"28,000,000","13,720,000",낙찰,"17,777,777",63.5%,2025-10-27,2025_4Q,1
대전 2계 2025-502734,차량,기타토지,기타토지,세종,세종시,세종 세종시 연동면 응암리 925 내 보관(제3자 임동철 보관),"26,500,000","18,550,000",낙찰,"25,388,000",95.8%,2025-10-27,2025_4Q,1
대전 7계 2025-502921,아파트,아파트,아파트,세종,세종시,세종 세종시 아름동 1363 범지기마을11단지 1101동 22층 2203호,"546,000,000","382,200,000",낙찰,"477,800,000",87.5%,2025-12-23,2025_4Q,0
대전 2계 2025-503004,차량,기타토지,기타토지,세종,세종시,"세종 세종시 연동면 응암리 925 (044-868-9190,제3자임동철)내 보관","55,000,000","38,500,000",낙찰,"42,375,000",77.0%,2025-12-01,2025_4Q,1
대전 2계 2025-503069,차량,기타토지,기타토지,세종,세종시,세종 세종시 연동면 응암리 925 (제3자임동철)내 보관,"34,000,000","23,800,000",낙찰,"29,488,000",86.7%,2025-12-01,2025_4Q,1
대전 1계 2022-7723(1),근린상가,근린상가,근린상가,세종,세종시,"세종 세종시 장군면 대교리 231-4 ,228-101 주건축물 1동","2,637,918,200","633,363,000",낙찰,"1,100,000,000",41.7%,2026-02-23,2026_1Q,0
대전 8계 2022-109087,아파트,아파트,아파트,세종,세종시,세종 세종시 새롬동 554 새뜸마을4단지 403동 20층 2001호,"864,000,000","604,800,000",낙찰,"708,232,000",82.0%,2026-02-26,2026_1Q,0
대전 10계 2023-4523,임야,임야,임야,세종,세종시,세종 세종시 장군면 금암리 318-1,"1,553,578,000","532,877,000",낙찰,"800,000,000",51.5%,2026-03-05,2026_1Q,0
대전 11계 2023-4646,아파트,아파트,아파트,세종,세종시,세종 세종시 보람동 779 호려울마을6단지 611동 5층 501호,"825,000,000","577,500,000",낙찰,"693,400,000",84.0%,2026-02-19,2026_1Q,0
대전 12계 2023-4752,답,답,답,세종,세종시,세종 세종시 연동면 문주리 967-2,"280,921,800","137,651,000",낙찰,"162,000,000",57.7%,2026-02-03,2026_1Q,0
대전 2계 2024-3893,임야,임야,임야,세종,세종시,세종 세종시 금남면 영곡리 106-21,"2,014,240,886","338,533,000",낙찰,"361,110,000",17.9%,2026-02-05,2026_1Q,0
대전 9계 2024-4308,공장,공장(지식산업센터 업무시설),공장,세종,세종시,세종 세종시 부강면 갈산리 388,"5,154,869,780","2,525,885,000",낙찰,"2,778,000,000",53.9%,2026-02-24,2026_1Q,0
대전 6계 2024-8140(3),전,전,전,세종,세종시,세종 세종시 전동면 송정리 348-3,"112,404,000","26,987,000",낙찰,"33,140,000",29.5%,2026-02-10,2026_1Q,0
대전 1계 2024-8744,아파트상가,아파트상가,기타토지,세종,세종시,세종 세종시 나성동 835 나릿재마을1단지 2층 에이215호,"603,000,000","206,829,000",낙찰,"233,511,000",38.7%,2026-02-23,2026_1Q,0
대전 4계 2024-8843(1),답,답,답,세종,세종시,세종 세종시 조치원읍 봉산리 109-10,"275,900,000","135,191,000",낙찰,"155,000,000",56.2%,2026-02-12,2026_1Q,0
대전 11계 2024-9365,근린상가,근린상가,근린상가,세종,세종시,세종 세종시 나성동 811 더센트럴 1층 176호,"640,000,000","153,664,000",낙찰,"153,789,000",24.0%,2026-01-13,2026_1Q,0
대전 9계 2024-9426(2),근린상가,근린상가,근린상가,세종,세종시,세종 세종시 종촌동 673 몰리브 6층 606호,"377,000,000","90,518,000",낙찰,"115,500,000",30.6%,2026-02-24,2026_1Q,0
대전 3계 2024-9570,근린상가,근린상가,근린상가,세종,세종시,세종 세종시 도담동 673 다옴프라자 1층 114호,"665,000,000","325,850,000",낙찰,"480,000,000",72.2%,2026-01-28,2026_1Q,0
대전 3계 2024-10808,답,답,답,세종,세종시,세종 세종시 전의면 원성리 258-2,"116,622,000","28,001,000",낙찰,"31,160,000",26.7%,2026-01-28,2026_1Q,0
대전 3계 2024-11023(1),근린상가,근린상가,근린상가,세종,세종시,세종 세종시 보람동 711 금강베네치아 4층 401호,"477,000,000","163,611,000",낙찰,"228,000,000",47.8%,2026-03-04,2026_1Q,0
대전 3계 2024-11023(2),근린상가,근린상가,근린상가,세종,세종시,세종 세종시 보람동 711 금강베네치아 4층 402호,"485,000,000","166,355,000",낙찰,"233,000,000",48.0%,2026-03-04,2026_1Q,0
대전 1계 2024-11283,임야,임야,임야,세종,세종시,세종 세종시 장군면 봉안리 39-9,"1,537,000,000","1,075,900,000",낙찰,"1,081,000,000",70.3%,2026-01-19,2026_1Q,0
대전 4계 2024-11320,아파트,아파트,아파트,세종,세종시,세종 세종시 나성동 748 한스웰시티 7층 715호,"123,000,000","14,470,000",낙찰,"14,470,000",11.8%,2026-01-15,2026_1Q,0
대전 3계 2024-11382(1),임야,임야,임야,세종,세종시,세종 세종시 장군면 봉안리 산40-11,"290,394,000","99,605,000",낙찰,"102,000,000",35.1%,2026-03-04,2026_1Q,0
대전 7계 2024-11610(2),사무실,사무실,사무실,세종,세종시,세종 세종시 아름동 1327 마드리드알 6층 612호,"828,000,000","198,802,000",낙찰,"201,880,000",24.4%,2026-03-03,2026_1Q,0
대전 3계 2024-11849,아파트,아파트,아파트,세종,세종시,세종 세종시 나성동 730 SR파크시티 4층 456호,"118,000,000","28,332,000",낙찰,"102,165,000",86.6%,2026-01-28,2026_1Q,0
대전 8계 2024-103212,다세대,다세대주택,다세대,세종,세종시,세종 세종시 나성동 727 에스알파크센텀 7층 715호,"117,000,000","9,634,000",낙찰,"114,800,000",98.1%,2026-02-26,2026_1Q,0
대전 11계 2024-103588(1),임야,임야,임야,세종,세종시,세종 세종시 금남면 원봉리 99-4,"398,231,000","95,614,000",낙찰,"106,000,000",26.6%,2026-02-19,2026_1Q,0
대전 11계 2024-103588(2),임야,임야,임야,세종,세종시,세종 세종시 금남면 원봉리 99-29,"537,937,560","129,158,000",낙찰,"140,000,000",26.0%,2026-02-19,2026_1Q,0
대전 11계 2024-103588(3),임야,임야,임야,세종,세종시,세종 세종시 금남면 원봉리 99-33,"376,556,300","90,411,000",낙찰,"101,000,000",26.8%,2026-02-19,2026_1Q,0
대전 9계 2024-105577,근린상가,근린상가,근린상가,세종,세종시,"세종 세종시 장군면 봉안리 38 ,38-2,38-3,38-4,39-4,39-6,39-7,39-8 2동 2층 203호","1,010,000,000","169,750,000",낙찰,"500,000,000",49.5%,2026-02-24,2026_1Q,0
대전 6계 2024-106198,단독주택,단독,단독주택,세종,세종시,세종 세종시 연서면 신대리 484-3,"1,861,221,151","911,997,000",낙찰,"1,270,000,000",68.2%,2026-01-06,2026_1Q,0
대전 12계 2024-107870,아파트,아파트,아파트,세종,세종시,세종 세종시 소담동 586 새샘마을6단지 611동 8층 803호,"440,000,000","440,000,000",낙찰,"441,111,112",100.3%,2026-02-03,2026_1Q,0
대전 5계 2024-110470(1),전,전,전,세종,세종시,세종 세종시 연서면 월하리 612-16,"6,664,475,990","4,665,133,000",낙찰,"4,670,000,000",70.1%,2026-03-11,2026_1Q,0
대전 10계 2024-111367,아파트,아파트,아파트,세종,세종시,세종 세종시 다정동 953 가온마을2단지 218동 1층 101호,"987,000,000","690,900,000",낙찰,"731,999,900",74.2%,2026-03-05,2026_1Q,0
대전 6계 2024-114007,다세대,다세대주택,다세대,세종,세종시,세종 세종시 나성동 738 세종포레뷰원주건축물 1동 3층 306호,"162,000,000","113,400,000",낙찰,"131,475,000",81.2%,2026-01-06,2026_1Q,0
대전 7계 2024-114021,아파트,아파트,아파트,세종,세종시,세종 세종시 나성동 715 우빈가온 7층 706호,"100,000,000","49,000,000",낙찰,"87,900,000",87.9%,2026-01-27,2026_1Q,0
대전 10계 2024-114540,아파트,아파트,아파트,세종,세종시,세종 세종시 나성동 715 우빈가온 7층 715호,"100,000,000","70,000,000",낙찰,"93,550,000",93.5%,2026-01-29,2026_1Q,0
대전 10계 2024-116348,오피스텔,오피스텔,오피스텔(업무용),세종,세종시,세종 세종시 나성동 713 세진이너스빌 1동 8층 821호,"130,000,000","15,294,000",낙찰,"124,355,000",95.7%,2026-01-29,2026_1Q,0
대전 1계 2024-117464,아파트상가,아파트상가,기타토지,세종,세종시,세종 세종시 반곡동 851 수루배마을1단지 상가A동 1층 에이104호,"593,000,000","142,379,000",낙찰,"163,889,000",27.6%,2026-01-19,2026_1Q,0
대전 5계 2024-118887,아파트,아파트,아파트,세종,세종시,"세종 세종시 한솔동 974 ,984 첫마을 610동 22층 2201호","257,000,000","179,900,000",낙찰,"202,550,000",78.8%,2026-03-11,2026_1Q,0
대전 9계 2024-121081(8),오피스텔(상가),오피스텔,오피스텔(업무용),세종,세종시,세종 세종시 나성동 821 세종가로수길 6층 비611호,"106,000,000","25,451,000",낙찰,"31,100,000",29.3%,2026-02-24,2026_1Q,0
대전 12계 2024-121500(3),답,답,답,세종,세종시,세종 세종시 조치원읍 신안리 79-8,"494,000,000","242,060,000",낙찰,"310,110,000",62.8%,2026-02-03,2026_1Q,0
대전 12계 2024-121500(4),전,전,전,세종,세종시,세종 세종시 금남면 도남리 11-2,"1,443,644,000","495,169,000",낙찰,"571,000,000",39.6%,2026-03-10,2026_1Q,0
대전 12계 2024-121500(5),전,전,전,세종,세종시,세종 세종시 금남면 도남리 84,"776,353,000","266,288,000",낙찰,"275,100,000",35.4%,2026-03-10,2026_1Q,0
대전 6계 2024-121944,다세대,다세대주택,다세대,세종,세종시,세종 세종시 나성동 759 블루지움 3층 310호,"107,000,000","74,900,000",낙찰,"85,090,000",79.5%,2026-02-10,2026_1Q,0
대전 6계 2024-122060,다세대,다세대주택,다세대,세종,세종시,세종 세종시 소담동 576 펠리체타워2 7층 710호,"132,000,000","92,400,000",낙찰,"94,990,000",72.0%,2026-02-10,2026_1Q,0
대전 4계 2024-122527,아파트,아파트,아파트,세종,세종시,세종 세종시 나성동 748 한스웰시티 8층 802호,"121,000,000","84,700,000",낙찰,"119,860,000",99.1%,2026-01-15,2026_1Q,0
대전 1계 2024-122909,오피스텔(주거),오피스텔,오피스텔(업무용),세종,세종시,세종 세종시 나성동 713 세진이너스빌 주1동 6층 606호,"130,000,000","44,590,000",낙찰,"122,240,000",94.0%,2026-01-19,2026_1Q,0
대전 6계 2024-123377(1),다세대,다세대주택,다세대,세종,세종시,"세종 세종시 해밀동 701 메종블룸 B동 지1,1,2,3층 102호","1,485,000,000","509,355,000",낙찰,"611,030,000",41.1%,2026-03-17,2026_1Q,0
대전 6계 2024-123377(2),다세대,다세대주택,다세대,세종,세종시,"세종 세종시 해밀동 701 메종블룸 B동 지1,1,2,3층 101호","1,474,000,000","505,582,000",낙찰,"656,000,000",44.5%,2026-03-17,2026_1Q,0
대전 6계 2024-123377(3),다세대,다세대주택,다세대,세종,세종시,"세종 세종시 해밀동 701 메종블룸 B동 지1, 1, 2, 3층 103호","1,480,000,000","725,200,000",낙찰,"810,000,000",54.7%,2026-02-10,2026_1Q,0
대전 12계 2024-124561,전,전,전,세종,세종시,세종 세종시 부강면 갈산리 251-1,"753,071,000","258,302,000",낙찰,"350,000,000",46.5%,2026-02-03,2026_1Q,0
대전 8계 2024-124707,아파트,아파트,아파트,세종,세종시,세종 세종시 나성동 730 에스알파크시티 5층 549호,"115,000,000","39,445,000",낙찰,"107,645,000",93.6%,2026-01-22,2026_1Q,0
대전 4계 2024-124837(1),전,전,전,세종,세종시,세종 세종시 장군면 은용리 316,"84,836,980","20,369,000",낙찰,"27,000,000",31.8%,2026-01-15,2026_1Q,0
대전 5계 2024-125618,대지,나대지,나대지,세종,세종시,세종 세종시 전동면 송성리 550-1,"119,140,000","79,212,000",낙찰,"83,000,000",69.7%,2026-02-04,2026_1Q,0
대전 3계 2025-37,근린상가,근린상가,근린상가,세종,세종시,세종 세종시 보람동 710 금강르네상스 3층 303호,"332,000,000","79,713,000",낙찰,"114,500,000",34.5%,2026-01-28,2026_1Q,0
대전 6계 2025-303,아파트,아파트,아파트,세종,세종시,세종 세종시 종촌동 644 가재마을6단지 601동 8층 803호,"368,000,000","257,600,000",낙찰,"322,000,000",87.5%,2026-01-06,2026_1Q,0
대전 11계 2025-556(1),근린상가,근린상가,근린상가,세종,세종시,세종 세종시 도담동 677 해피라움6 6층 601호,"395,000,000","94,840,000",낙찰,"110,140,000",27.9%,2026-02-19,2026_1Q,0
대전 11계 2025-556(2),근린상가,근린상가,근린상가,세종,세종시,세종 세종시 도담동 677 해피라움6 6층 602호,"325,000,000","111,475,000",낙찰,"111,500,000",34.3%,2026-01-13,2026_1Q,0
대전 7계 2025-938,전,전,전,세종,세종시,세종 세종시 전의면 양곡리 189-1,"188,400,000","22,164,000",낙찰,"33,333,000",17.7%,2026-01-27,2026_1Q,0
대전 1계 2025-976,근린상가,근린상가,근린상가,세종,세종시,세종 세종시 보람동 744 스타힐타워2 1층 108호,"518,000,000","253,820,000",낙찰,"262,240,220",50.6%,2026-02-23,2026_1Q,0
대전 12계 2025-2293,근린상가,근린상가,근린상가,세종,세종시,세종 세종시 나성동 767 갤러리세종프라자 7층 709호,"121,000,000","59,290,000",낙찰,"93,000,000",76.9%,2026-02-03,2026_1Q,0
대전 1계 2025-2552,아파트,아파트,아파트,세종,세종시,세종 세종시 아름동 1363 범지기마을11단지 1101동 17층 1701호,"452,000,000","452,000,000",낙찰,"472,280,000",104.5%,2026-01-19,2026_1Q,0
대전 11계 2025-2897,근린상가,근린상가,근린상가,세종,세종시,세종 세종시 고운동 2094 세종중앙타워 1층 112호,"710,000,000","243,530,000",낙찰,"261,060,000",36.8%,2026-01-13,2026_1Q,0
대전 8계 2025-2996,임야,임야,임야,세종,세종시,세종 세종시 장군면 송문리 429-11,"860,222,000","295,055,000",낙찰,"295,055,000",34.3%,2026-01-22,2026_1Q,0
대전 8계 2025-3589,과수원,과수원,과수원,세종,세종시,세종 세종시 연서면 월하리 954-25,"2,082,504,000","714,263,000",낙찰,"771,800,000",37.1%,2026-02-26,2026_1Q,0
대전 7계 2025-3590,임야,임야,임야,세종,세종시,세종 세종시 금남면 용포리 14-2,"157,728,000","77,286,000",낙찰,"99,900,000",63.3%,2026-01-27,2026_1Q,0
대전 5계 2025-3603,아파트,아파트,아파트,세종,세종시,세종 세종시 해밀동 649 해밀마을1단지 117동 14층 1403호,"996,000,000","697,200,000",낙찰,"856,823,000",86.0%,2026-03-11,2026_1Q,0
대전 10계 2025-3608,단독주택,단독,단독주택,세종,세종시,세종 세종시 부강면 문곡리 406,"1,676,192,000","821,333,000",낙찰,"835,500,000",49.8%,2026-03-05,2026_1Q,0
대전 8계 2025-3640,아파트,아파트,아파트,세종,세종시,세종 세종시 소담동 550 새샘마을3단지 314동 11층 1101호,"800,000,000","560,000,000",낙찰,"756,291,000",94.5%,2026-01-22,2026_1Q,0
대전 10계 2025-3656,아파트,아파트,아파트,세종,세종시,세종 세종시 다정동 953 가온마을2단지 218동 20층 2001호,"726,000,000","508,200,000",낙찰,"678,990,000",93.5%,2026-03-05,2026_1Q,0
대전 3계 2025-3673,답,답,답,세종,세종시,세종 세종시 부강면 부강리 307,"572,400,000","280,476,000",낙찰,"323,000,000",56.4%,2026-03-04,2026_1Q,0
대전 7계 2025-3701,아파트,아파트,아파트,세종,세종시,세종 세종시 연서면 봉암리 622 대원네스트빌 101동 9층 904호,"206,000,000","144,200,000",낙찰,"206,199,999",100.1%,2026-01-27,2026_1Q,0
대전 9계 2025-500612,단독주택,단독,단독주택,세종,세종시,세종 세종시 금남면 축산리 400-2,"565,266,500","276,980,000",낙찰,"380,000,000",67.2%,2026-01-12,2026_1Q,0
대전 3계 2025-500742(2),전,전,전,세종,세종시,세종 세종시 전의면 노곡리 21,"149,864,000","73,434,000",낙찰,"73,441,000",49.0%,2026-03-04,2026_1Q,0
대전 7계 2025-501714,아파트,아파트,아파트,세종,세종시,세종 세종시 나성동 759 블루지움 6층 604호,"108,000,000","25,930,000",낙찰,"108,410,000",100.4%,2026-01-27,2026_1Q,0
대전 12계 2025-501784,과수원,과수원,과수원,세종,세종시,세종 세종시 연서면 월하리 876-2,"1,471,360,000","501,356,000",낙찰,"550,110,000",37.4%,2026-03-10,2026_1Q,0
대전 10계 2025-501794,답,답,답,세종,세종시,세종 세종시 전의면 유천리 75-4,"2,757,675,000","662,117,000",낙찰,"665,228,000",24.1%,2026-03-05,2026_1Q,0
대전 5계 2025-501871,임야,임야,임야,세종,세종시,세종 세종시 전동면 청람리 산43,"219,307,200","36,859,000",낙찰,"42,000,000",19.2%,2026-02-04,2026_1Q,0
대전 7계 2025-501906(2),근린상가,근린상가,근린상가,세종,세종시,"세종 세종시 반곡동 862 ,863 왕관빌딩 2층 213호","606,000,000","207,858,000",낙찰,"208,100,000",34.3%,2026-01-27,2026_1Q,0
대전 8계 2025-501925(1),근린상가,근린상가,근린상가,세종,세종시,세종 세종시 대평동 684 스타뷰타워 5층 509호,"390,000,000","65,547,000",낙찰,"81,910,000",21.0%,2026-01-22,2026_1Q,0
대전 8계 2025-501925(2),근린상가,근린상가,근린상가,세종,세종시,세종 세종시 대평동 684 스타뷰타워 5층 510호,"324,000,000","54,454,000",낙찰,"68,050,000",21.0%,2026-01-22,2026_1Q,0
대전 8계 2025-501925(3),근린상가,근린상가,근린상가,세종,세종시,세종 세종시 대평동 684 스타뷰타워 5층 511호,"324,000,000","54,454,000",낙찰,"68,050,000",21.0%,2026-01-22,2026_1Q,0
대전 8계 2025-501925(4),근린상가,근린상가,근린상가,세종,세종시,세종 세종시 대평동 684 스타뷰타워 5층 512호,"303,000,000","50,925,000",낙찰,"63,640,000",21.0%,2026-01-22,2026_1Q,0
대전 8계 2025-501925(5),근린상가,근린상가,근린상가,세종,세종시,세종 세종시 대평동 684 스타뷰타워 5층 513호,"324,000,000","54,454,000",낙찰,"68,050,000",21.0%,2026-01-22,2026_1Q,0
대전 8계 2025-501925(9),근린상가,근린상가,근린상가,세종,세종시,세종 세종시 대평동 684 스타뷰타워 6층 605호,"324,000,000","54,454,000",낙찰,"78,696,900",24.3%,2026-01-22,2026_1Q,0
대전 8계 2025-501925(11),근린상가,근린상가,근린상가,세종,세종시,세종 세종시 대평동 684 스타뷰타워 6층 609호,"365,000,000","61,345,000",낙찰,"94,900,000",26.0%,2026-01-22,2026_1Q,0
대전 8계 2025-501925(12),근린상가,근린상가,근린상가,세종,세종시,세종 세종시 대평동 684 스타뷰타워 6층 610호,"306,000,000","51,429,000",낙찰,"79,560,000",26.0%,2026-01-22,2026_1Q,0
대전 8계 2025-501925(13),근린상가,근린상가,근린상가,세종,세종시,세종 세종시 대평동 684 스타뷰타워 6층 611호,"306,000,000","51,429,000",낙찰,"79,560,000",26.0%,2026-01-22,2026_1Q,0
대전 8계 2025-501925(14),근린상가,근린상가,근린상가,세종,세종시,세종 세종시 대평동 684 스타뷰타워 6층 612호,"306,000,000","51,429,000",낙찰,"78,100,000",25.5%,2026-01-22,2026_1Q,0
대전 8계 2025-501925(15),근린상가,근린상가,근린상가,세종,세종시,세종 세종시 대평동 684 스타뷰타워 6층 613호,"306,000,000","51,429,000",낙찰,"78,100,000",25.5%,2026-01-22,2026_1Q,0
대전 6계 2025-501936,아파트,아파트,아파트,세종,세종시,세종 세종시 고운동 1387 가락마을22단지 2206동 15층 1502호,"475,000,000","332,500,000",낙찰,"411,736,200",86.7%,2026-02-10,2026_1Q,0
대전 5계 2025-502009,근린상가,근린상가,근린상가,세종,세종시,세종 세종시 보람동 708 세종드림빌딩 2층 202호,"542,000,000","185,906,000",낙찰,"270,000,000",49.8%,2026-02-04,2026_1Q,0
대전 9계 2025-502015,아파트,아파트,아파트,세종,세종시,세종 세종시 조치원읍 죽림리 396 자이 106동 10층 1004호,"281,000,000","196,700,000",낙찰,"262,199,000",93.3%,2026-01-12,2026_1Q,0
대전 8계 2025-502048,임야,임야,임야,세종,세종시,세종 세종시 장군면 평기리 산32-26,"69,031,000","16,573,000",낙찰,"17,777,700",25.8%,2026-01-22,2026_1Q,0
대전 8계 2025-502093,오피스텔(주거),오피스텔,오피스텔(업무용),세종,세종시,세종 세종시 어진동 648 2차푸르지오시티 8층 867호,"86,000,000","20,648,000",낙찰,"20,648,000",24.0%,2026-01-22,2026_1Q,0
대전 4계 2025-502099,다세대,다세대주택,다세대,세종,세종시,세종 세종시 나성동 739 세진팰리스 8층 831호,"127,000,000","30,493,000",낙찰,"106,355,000",83.7%,2026-01-15,2026_1Q,0
대전 8계 2025-502113,임야,임야,임야,세종,세종시,세종 세종시 장군면 평기리 산42-62,"355,790,000","77,063,000",낙찰,"82,110,000",23.1%,2026-01-22,2026_1Q,0
대전 8계 2025-502128,아파트,아파트,아파트,세종,세종시,세종 세종시 나성동 730 에스알파크시티 8층 823호,"115,000,000","80,500,000",낙찰,"114,425,000",99.5%,2026-01-22,2026_1Q,0
대전 6계 2025-502139,아파트,아파트,아파트,세종,세종시,"세종 세종시 한솔동 940 ,946 첫마을 202동 5층 502호","467,000,000","467,000,000",낙찰,"467,100,000",100.0%,2026-02-10,2026_1Q,0
대전 5계 2025-502152,아파트상가,아파트상가,기타토지,세종,세종시,세종 세종시 고운동 2112 가락마을18단지 상가4동 1층 118호,"660,000,000","158,466,000",낙찰,"190,099,900",28.8%,2026-02-04,2026_1Q,0
대전 4계 2025-502172,아파트,아파트,아파트,세종,세종시,세종 세종시 장군면 금암리 259-1 영조정보마을 201동 2층 205호,"34,000,000","23,800,000",낙찰,"25,500,000",75.0%,2026-02-12,2026_1Q,0
대전 9계 2025-502228,아파트,아파트,아파트,세종,세종시,세종 세종시 어진동 613 한뜰마을3단지 309동 5층 501호,"723,000,000","506,100,000",낙찰,"601,100,000",83.1%,2026-02-24,2026_1Q,0
대전 8계 2025-502256(2),근린상가,근린상가,근린상가,세종,세종시,세종 세종시 도담동 675 새한빌딩 1동 6층 602호,"305,000,000","104,615,000",낙찰,"128,330,000",42.1%,2026-02-26,2026_1Q,0
대전 8계 2025-502256(3),근린상가,근린상가,근린상가,세종,세종시,세종 세종시 도담동 675 새한빌딩 1동 6층 603호,"297,000,000","101,871,000",낙찰,"118,330,000",39.8%,2026-02-26,2026_1Q,0
대전 8계 2025-502256(4),근린상가,근린상가,근린상가,세종,세종시,세종 세종시 도담동 675 새한빌딩 1동 6층 604호,"326,000,000","111,818,000",낙찰,"114,010,000",35.0%,2026-02-26,2026_1Q,0
대전 9계 2025-502267,아파트,아파트,아파트,세종,세종시,세종 세종시 새롬동 558 새뜸마을 10단지 1009동 27층 2703호,"623,000,000","623,000,000",낙찰,"642,550,000",103.1%,2026-02-24,2026_1Q,0
대전 5계 2025-502328,전,전,전,세종,세종시,세종 세종시 장군면 송학리 355-1,"525,818,000","126,249,000",낙찰,"155,100,000",29.5%,2026-03-11,2026_1Q,0
대전 6계 2025-502337,아파트,아파트,아파트,세종,세종시,세종 세종시 소담동 598 새샘마을5단지 512동 13층 1303호,"411,000,000","287,700,000",낙찰,"383,941,110",93.4%,2026-03-17,2026_1Q,0
대전 3계 2025-502476,아파트,아파트,아파트,세종,세종시,세종 세종시 종촌동 683 가재마을2단지 205동 11층 1103호,"395,000,000","276,500,000",낙찰,"375,147,200",95.0%,2026-01-28,2026_1Q,0
대전 5계 2025-502594,아파트,아파트,아파트,세종,세종시,세종 세종시 조치원읍 신안리 542 이편한세상세종 106동 10층 1005호,"361,000,000","252,700,000",낙찰,"282,727,270",78.3%,2026-02-04,2026_1Q,0
대전 7계 2025-502639,임야,임야,임야,세종,세종시,세종 세종시 연기면 눌왕리 산98-5,"629,145,000","308,280,000",낙찰,"355,110,000",56.4%,2026-01-27,2026_1Q,0
대전 5계 2025-502719(1),오피스텔(주거),오피스텔,오피스텔(업무용),세종,세종시,"세종 세종시 도담동 660 ,661,662 세종한신휴시티 4층 421호","135,000,000","94,500,000",낙찰,"98,300,000",72.8%,2026-02-04,2026_1Q,0
대전 5계 2025-502719(2),오피스텔(주거),오피스텔,오피스텔(업무용),세종,세종시,"세종 세종시 도담동 660 ,661,662 세종한신휴시티 4층 422호","130,000,000","91,000,000",낙찰,"98,765,000",76.0%,2026-02-04,2026_1Q,0
대전 3계 2025-502801,아파트,아파트,아파트,세종,세종시,세종 세종시 한솔동 1226 첫마을 404동 4층 402호,"467,000,000","326,900,000",낙찰,"412,970,000",88.4%,2026-01-28,2026_1Q,0
대전 5계 2025-502826,아파트,아파트,아파트,세종,세종시,세종 세종시 고운동 1724 가락마을7단지 705동 21층 2102호,"534,000,000","373,800,000",낙찰,"459,999,999",86.1%,2026-02-04,2026_1Q,0
대전 8계 2025-502848,아파트,아파트,아파트,세종,세종시,세종 세종시 나성동 739 세진팰리스 6층 629호,"124,000,000","124,000,000",낙찰,"125,000,000",100.8%,2026-01-22,2026_1Q,0
대전 10계 2025-502869,오피스텔(주거),오피스텔,오피스텔(업무용),세종,세종시,세종 세종시 어진동 648 2차푸르지오시티 15층 1562호,"90,000,000","63,000,000",낙찰,"90,000,000",100.0%,2026-01-29,2026_1Q,0
대전 8계 2025-502882,아파트,아파트,아파트,세종,세종시,세종 세종시 조치원읍 죽림리 396 자이 121동 3층 302호,"260,000,000","182,000,000",낙찰,"242,110,000",93.1%,2026-01-22,2026_1Q,0
대전 5계 2025-502890,아파트,아파트,아파트,세종,세종시,세종 세종시 조치원읍 죽림리 396 자이 111동 13층 1306호,"300,000,000","210,000,000",낙찰,"264,720,000",88.2%,2026-03-11,2026_1Q,0
대전 2계 2025-502949,중기,기타토지,기타토지,세종,세종시,세종 세종시 연동면 응암리 925 신성한울림주차장(제3자임동철)내 보관,"35,000,000","17,150,000",낙찰,"17,200,000",49.1%,2026-01-05,2026_1Q,0
대전 10계 2025-502970,아파트,아파트,아파트,세종,세종시,세종 세종시 집현동 1189 새나루마을3단지 304동 6층 602호,"609,000,000","426,300,000",낙찰,"542,010,000",89.0%,2026-03-05,2026_1Q,0
대전 8계 2025-503047,아파트,아파트,아파트,세종,세종시,세종 세종시 나성동 715 우빈가온 4층 410호,"108,000,000","108,000,000",낙찰,"108,000,000",100.0%,2026-01-22,2026_1Q,0
대전 6계 2025-503063,아파트,아파트,아파트,세종,세종시,세종 세종시 다정동 926 가온마을12단지 1210동 14층 1402호,"895,000,000","626,500,000",낙찰,"845,000,000",94.4%,2026-03-17,2026_1Q,0
대전 10계 2025-503067,아파트,아파트,아파트,세종,세종시,세종 세종시 고운동 1408 가락마을9단지 901동 5층 501호,"435,000,000","304,500,000",낙찰,"400,400,000",92.0%,2026-03-05,2026_1Q,0
대전 8계 2025-503119,아파트,아파트,아파트,세종,세종시,세종 세종시 조치원읍 죽림리 158 신동아 102동 17층 1705호,"203,000,000","142,100,000",낙찰,"156,000,000",76.8%,2026-02-26,2026_1Q,0
대전 7계 2025-503137,아파트,아파트,아파트,세종,세종시,세종 세종시 조치원읍 신흥리 399 조치원신흥이편한세상 101동 13층 1304호,"627,000,000","438,900,000",낙찰,"471,890,000",75.3%,2026-03-03,2026_1Q,0
대전 3계 2025-503161,아파트,아파트,아파트,세종,세종시,세종 세종시 해밀동 635 해밀마을2단지 220동 4층 401호,"827,000,000","578,900,000",낙찰,"780,000,000",94.3%,2026-03-04,2026_1Q,0
대전 3계 2025-503206,아파트,아파트,아파트,세종,세종시,세종 세종시 조치원읍 침산리 89 욱일 102동 7층 702호,"308,000,000","215,600,000",낙찰,"270,700,000",87.9%,2026-01-28,2026_1Q,0
대전 2계 2025-503214,차량,기타토지,기타토지,세종,세종시,세종 세종시 연동면 응암리 925 신성한울림(044-868-9190)내 보관(제3자 임동철에게 보관),"21,000,000","14,700,000",낙찰,"16,179,000",77.0%,2026-02-05,2026_1Q,0
대전 3계 2025-503245,아파트,아파트,아파트,세종,세종시,세종 세종시 종촌동 656 가재마을10단지 제일풍경채에듀파크 1008동 1층 101호,"658,000,000","460,600,000",낙찰,"576,020,000",87.5%,2026-01-28,2026_1Q,0
대전 3계 2025-503279,아파트,아파트,아파트,세종,세종시,세종 세종시 고운동 1705 가락마을5단지 502동 3층 304호,"337,000,000","235,900,000",낙찰,"320,900,000",95.2%,2026-01-28,2026_1Q,0
대전 8계 2025-503395,아파트,아파트,아파트,세종,세종시,세종 세종시 나성동 738 세종포레뷰원 주건축물 1동 3층 307호,"132,000,000","92,400,000",낙찰,"92,400,000",70.0%,2026-02-26,2026_1Q,0
대전 2계 2025-503427,차량,기타토지,기타토지,세종,세종시,세종 세종시 연동면 응암리 925 신성한울림(044-868-9190)내 보관(제3자 임동철),"52,500,000","36,750,000",낙찰,"39,590,000",75.4%,2026-03-16,2026_1Q,0
대전 7계 2025-503433,아파트,아파트,아파트,세종,세종시,"세종 세종시 도담동 666 ,667 라온프라이빗시티2 1동 6층 639호","94,000,000","94,000,000",낙찰,"94,000,000",100.0%,2026-01-27,2026_1Q,0
대전 2계 2025-503442,차량,기타토지,기타토지,세종,세종시,세종 세종시 연동면 응암리 925 신성한울림(044-868-9190)내 보관(제3자 임동철),"22,000,000","22,000,000",낙찰,"23,390,000",106.3%,2026-03-16,2026_1Q,0
대전 2계 2025-503596,차량,기타토지,기타토지,세종,세종시,세종 세종시 연동면 응암리 925 신성한울림(044-868-9190)내 보관(제3자 임동철),"28,000,000","19,600,000",낙찰,"21,590,000",77.1%,2026-03-16,2026_1Q,0
