사건번호,용도,LTV_광주,LTV_전북,시도,시군구,소재지,감정가,최저가,결과,낙찰가,낙찰율,매각일,분기,기간구분
울산 6계 2018-8622,주상복합(주거),기타토지,기타토지,울산,남구,울산 남구 신정동 1875 극동스타클래스 19층 101-1904호,"467,000,000","326,900,000",낙찰,"487,000,000",104.3%,2021-06-22,2021_2Q,3
울산 8계 2018-10168,자동차시설,기타건물,기타건물,울산,중구,울산 중구 장현동 162-3 1층 101호,"3,885,000,000","1,332,555,000",낙찰,"1,400,330,000",36.0%,2021-05-11,2021_2Q,3
울산 9계 2019-1147,공장,공장(지식산업센터 업무시설),공장,울산,울주군,울산 울주군 삼남읍 가천리 866-36,"1,375,291,000","962,704,000",낙찰,"990,000,000",72.0%,2021-06-24,2021_2Q,3
울산 7계 2019-3976(5),근린상가,근린상가,근린상가,울산,북구,울산 북구 산하동 303-3 센트럴파크 1층 109호,"417,000,000","100,122,000",낙찰,"135,000,000",32.4%,2021-06-01,2021_2Q,3
울산 6계 2019-8483,다가구,다가구,다가구,울산,동구,울산 동구 화정동 151-20 송림미르빌,"613,338,880","300,536,000",낙찰,"408,978,000",66.7%,2021-06-22,2021_2Q,3
울산 5계 2019-8742(1),근린상가,근린상가,근린상가,울산,울주군,울산 울주군 언양읍 반천리 1106-17,"1,419,192,220","695,405,000",낙찰,"820,000,000",57.8%,2021-06-02,2021_2Q,3
울산 9계 2019-15047(2),답,답,답,울산,울주군,울산 울주군 삼남읍 상천리 118-1,"331,788,000","79,662,000",낙찰,"90,220,000",27.2%,2021-05-25,2021_2Q,3
울산 9계 2019-15320,아파트,아파트,아파트,울산,울주군,울산 울주군 언양읍 동부리 252-8 동부그린힐 1동 2층 202호,"201,000,000","140,700,000",낙찰,"176,330,000",87.7%,2021-05-25,2021_2Q,3
울산 2계 2019-15436,아파트,아파트,아파트,울산,남구,울산 남구 신정동 1680 올림푸스골든맨션 3동 1층 109호,"281,000,000","281,000,000",낙찰,"488,880,000",174.0%,2021-05-12,2021_2Q,3
울산 10계 2019-15481,답,답,답,울산,울주군,울산 울주군 상북면 지내리 606-1,"64,997,800","22,294,000",낙찰,"23,000,000",35.4%,2021-05-13,2021_2Q,3
울산 10계 2019-17432,답,답,답,울산,북구,울산 북구 산하동 764-2,"56,102,000","39,271,000",낙찰,"55,000,000",98.0%,2021-06-17,2021_2Q,3
울산 10계 2019-17579(4),임야,임야,임야,울산,울주군,울산 울주군 상북면 산전리 1104-22,"15,576,000","3,739,000",낙찰,"3,741,000",24.0%,2021-06-17,2021_2Q,3
울산 1계 2019-104701(2),임야,임야,임야,울산,울주군,울산 울주군 웅촌면 고연리 산246-2,"37,260,000","6,262,000",낙찰,"10,300,000",27.6%,2021-06-09,2021_2Q,3
울산 6계 2019-105889,아파트,아파트,아파트,울산,북구,울산 북구 중산동 622 현대 201동 17층 1707호,"79,000,000","38,710,000",낙찰,"55,500,000",70.3%,2021-05-18,2021_2Q,3
울산 8계 2019-109874,아파트,아파트,아파트,울산,북구,울산 북구 천곡동 418 삼성.코아루 115동 6층 606호,"215,000,000","215,000,000",낙찰,"273,100,000",127.0%,2021-06-15,2021_2Q,3
울산 9계 2019-110164(3),임야,임야,임야,울산,울주군,울산 울주군 웅촌면 대대리 745,"12,470,000","8,729,000",낙찰,"8,800,000",70.6%,2021-05-25,2021_2Q,3
울산 9계 2019-111204,아파트,아파트,아파트,울산,남구,울산 남구 야음동 748-2 진달래가든 2층 207호,"175,000,000","85,750,000",낙찰,"90,000,000",51.4%,2021-05-25,2021_2Q,3
울산 8계 2019-113149,아파트,아파트,아파트,울산,북구,울산 북구 신천동 786 울산신천엠코타운 103동 11층 1103호,"313,000,000","219,100,000",낙찰,"361,990,000",115.7%,2021-05-11,2021_2Q,3
울산 3계 2019-113224,단독주택,단독,단독주택,울산,북구,울산 북구 중산동 1285-6,"2,002,539,300","981,245,000",낙찰,"1,221,600,000",61.0%,2021-05-26,2021_2Q,3
울산 10계 2019-113545,아파트,아파트,아파트,울산,중구,"울산 중구 다운동 620 ,515-20 다운동삼성 103동 22층 2202호","177,000,000","123,900,000",낙찰,"180,400,000",101.9%,2021-06-17,2021_2Q,3
울산 2계 2019-113613,임야,임야,임야,울산,울주군,울산 울주군 두서면 차리 산134,"203,814,000","48,936,000",낙찰,"74,835,000",36.7%,2021-05-12,2021_2Q,3
울산 2계 2020-805(7),오피스텔(주거),오피스텔,오피스텔(업무용),울산,중구,울산 중구 반구동 703-1 럭키빌리지 2층 215호,"56,000,000","13,446,000",낙찰,"18,000,000",32.1%,2021-05-12,2021_2Q,3
울산 4계 2020-935,공장용지,공장(지식산업센터 업무시설),공장,울산,남구,울산 남구 용잠동 490-7,"176,946,300","176,946,300",낙찰,"177,760,000",100.5%,2021-05-20,2021_2Q,3
울산 9계 2020-1440,임야,임야,임야,울산,울주군,울산 울주군 삼남읍 교동리 산154-53,"16,600,000","8,134,000",낙찰,"12,010,000",72.3%,2021-05-25,2021_2Q,3
울산 7계 2020-1747,단독주택,단독,단독주택,울산,동구,울산 동구 주전동 127-1,"2,682,331,800","1,314,342,000",낙찰,"1,569,900,000",58.5%,2021-06-01,2021_2Q,3
울산 8계 2020-1938,근린상가,근린상가,근린상가,울산,북구,울산 북구 산하동 31 2층 202호,"260,000,000","89,180,000",낙찰,"114,940,000",44.2%,2021-05-11,2021_2Q,3
울산 7계 2020-2061,다가구,다가구,다가구,울산,울주군,울산 울주군 언양읍 서부리 242-14 1동,"1,028,358,320","503,896,000",낙찰,"605,100,000",58.8%,2021-06-01,2021_2Q,3
울산 8계 2020-2405,다세대,다세대주택,다세대,울산,동구,울산 동구 화정동 607-8 화정플러스빌 3층 302호,"218,000,000","106,820,000",낙찰,"160,200,000",73.5%,2021-05-11,2021_2Q,3
울산 7계 2020-3002,아파트,아파트,아파트,울산,북구,"울산 북구 중산동 621 ,617,622-3,-4,1200-26,-27 현대글로리아 102동 6층 606호","115,000,000","56,350,000",낙찰,"83,756,000",72.8%,2021-06-01,2021_2Q,3
울산 2계 2020-3071,단독주택,단독,단독주택,울산,중구,울산 중구 서동 64-1,"899,334,400","440,674,000",낙찰,"642,780,000",71.5%,2021-06-16,2021_2Q,3
울산 6계 2020-3361,아파트,아파트,아파트,울산,동구,울산 동구 화정동 162 대송현대 104동 13층 1408호,"151,000,000","105,700,000",낙찰,"140,005,200",92.7%,2021-05-18,2021_2Q,3
울산 10계 2020-3545,아파트,아파트,아파트,울산,울주군,울산 울주군 언양읍 어음리 253 장원그랜져맨션 12층 1205호,"92,600,000","64,820,000",낙찰,"75,350,000",81.4%,2021-05-13,2021_2Q,3
울산 7계 2020-4128,아파트,아파트,아파트,울산,동구,"울산 동구 동부동 150 ,-1,218-1,592-20 현대패밀리동부 113동 2층 205호","86,000,000","60,200,000",낙찰,"85,550,000",99.5%,2021-06-01,2021_2Q,3
울산 10계 2020-4159,아파트,아파트,아파트,울산,울주군,울산 울주군 온산읍 덕신리 1329-4 덕신동백 101동 1층 106호,"64,000,000","44,800,000",낙찰,"56,893,000",88.9%,2021-05-13,2021_2Q,3
울산 10계 2020-4470,아파트,아파트,아파트,울산,동구,울산 동구 방어동 505 현대비치 101동 1층 107호,"205,000,000","143,500,000",낙찰,"166,050,000",81.0%,2021-05-13,2021_2Q,3
울산 9계 2020-4739,아파트,아파트,아파트,울산,울주군,울산 울주군 온산읍 덕신리 184 덕신천지 102동 10층 1001호,"120,000,000","84,000,000",낙찰,"105,250,000",87.7%,2021-05-25,2021_2Q,3
울산 7계 2020-4814,전,전,전,울산,북구,울산 북구 신천동 60-1,"3,825,033,300","2,677,523,000",낙찰,"2,900,000,000",75.8%,2021-06-01,2021_2Q,3
울산 10계 2020-4869,아파트,아파트,아파트,울산,동구,울산 동구 전하동 768 늘푸른 101동 15층 1509호,"103,000,000","72,100,000",낙찰,"73,370,000",71.2%,2021-06-17,2021_2Q,3
울산 9계 2020-5022,아파트,아파트,아파트,울산,북구,울산 북구 신천동 244 무지개타운 102동 1층 105호,"92,000,000","64,400,000",낙찰,"90,770,000",98.7%,2021-05-25,2021_2Q,3
울산 10계 2020-5053,아파트,아파트,아파트,울산,북구,"울산 북구 천곡동 940-6 ,-7,-9 농소대동한마음타운 105동 15층 1507호","83,000,000","58,100,000",낙찰,"85,000,000",102.4%,2021-05-13,2021_2Q,3
울산 9계 2020-5190,아파트상가,아파트상가,근린상가,울산,중구,울산 중구 성안동 858-1 성안금호타운 상가동 1층 102호,"65,000,000","31,850,000",낙찰,"38,660,000",59.5%,2021-06-24,2021_2Q,3
울산 10계 2020-5206,아파트,아파트,아파트,울산,북구,울산 북구 중산동 1010-1 약수제일 B-다동 11층 1106호,"83,000,000","58,100,000",낙찰,"64,210,000",77.4%,2021-05-13,2021_2Q,3
울산 10계 2020-5350,답,답,답,울산,울주군,울산 울주군 온산읍 삼평리 854-1,"363,378,000","254,365,000",낙찰,"280,160,000",77.1%,2021-05-13,2021_2Q,3
울산 1계 2020-5367,다세대,다세대주택,다세대,울산,북구,울산 북구 신천동 44-7 신천그린빌라 가동 4층 401호,"101,000,000","49,490,000",낙찰,"71,100,000",70.4%,2021-06-09,2021_2Q,3
울산 5계 2020-5411,오피스텔(주거),오피스텔,오피스텔(업무용),울산,동구,울산 동구 전하동 639-8 전하동에스오션타워 10층 1007호,"134,000,000","93,800,000",낙찰,"98,880,000",73.8%,2021-06-02,2021_2Q,3
울산 10계 2020-5527,다세대,다세대주택,다세대,울산,중구,울산 중구 반구동 592-20 정우빌라 4층 401호,"123,000,000","86,100,000",낙찰,"98,899,000",80.4%,2021-05-13,2021_2Q,3
울산 1계 2020-5541,단독주택,단독,단독주택,울산,중구,울산 중구 반구동 797-5 갤럭시,"1,003,176,400","491,556,000",낙찰,"617,999,999",61.6%,2021-06-09,2021_2Q,3
울산 7계 2020-5619,대지,나대지,나대지,울산,울주군,울산 울주군 청량읍 상남리 799-5,"1,053,500,000","1,053,500,000",낙찰,"1,170,000,000",111.1%,2021-06-01,2021_2Q,3
울산 8계 2020-5657,아파트,아파트,아파트,울산,동구,울산 동구 방어동 480-21 금성국민 3층 307호,"98,000,000","33,614,000",낙찰,"55,170,000",56.3%,2021-05-11,2021_2Q,3
울산 6계 2020-5749,오피스텔,오피스텔,오피스텔(업무용),울산,동구,"울산 동구 방어동 308-3 ,-8,-18,307-3,-8 월드스카이파크 3층 307호","136,000,000","32,654,000",낙찰,"39,000,000",28.7%,2021-05-18,2021_2Q,3
울산 9계 2020-5770,근린상가,근린상가,근린상가,울산,울주군,울산 울주군 상북면 등억알프스리 502-3,"456,224,920","319,357,000",낙찰,"425,000,000",93.2%,2021-05-25,2021_2Q,3
울산 10계 2020-5916,연립,연립주택,연립·빌라,울산,중구,울산 중구 반구동 703-1 럭키빌리지 5층 602호,"121,000,000","84,700,000",낙찰,"93,650,000",77.4%,2021-06-17,2021_2Q,3
울산 10계 2020-6056,근린상가,근린상가,근린상가,울산,울주군,울산 울주군 언양읍 서부리 291-2 우리아동병원 1층 110호,"380,000,000","266,000,000",낙찰,"286,990,000",75.5%,2021-06-17,2021_2Q,3
울산 5계 2020-6605,아파트,아파트,아파트,울산,중구,울산 중구 서동 41-3 광명파크 1층 101호,"97,000,000","67,900,000",낙찰,"83,000,000",85.6%,2021-06-02,2021_2Q,3
울산 2계 2020-6711,아파트,아파트,아파트,울산,남구,울산 남구 삼산동 1459-1 현대 108동 6층 606호,"450,000,000","450,000,000",낙찰,"715,000,000",158.9%,2021-05-12,2021_2Q,3
울산 8계 2020-6780,아파트,아파트,아파트,울산,동구,울산 동구 동부동 350-1 아성오우션맨션 102동 7층 707호,"93,000,000","65,100,000",낙찰,"66,777,000",71.8%,2021-06-15,2021_2Q,3
울산 6계 2020-6797,공장,공장(지식산업센터 업무시설),공장,울산,울주군,울산 울주군 두동면 봉계리 66-1,"1,799,111,700","881,565,000",낙찰,"895,585,000",49.8%,2021-05-18,2021_2Q,3
울산 9계 2020-6834,아파트,아파트,아파트,울산,남구,"울산 남구 신정동 1880 ,1883,1884 태화강풍림엑슬루타워 A동 6층 603호","405,000,000","405,000,000",낙찰,"409,999,000",101.2%,2021-05-25,2021_2Q,3
울산 1계 2020-6872,아파트,아파트,아파트,울산,동구,울산 동구 화정동 851 현대 702동 13층 1408호,"144,000,000","100,800,000",낙찰,"131,799,900",91.5%,2021-06-09,2021_2Q,3
울산 5계 2020-6919,주상복합(주거),기타토지,기타토지,울산,동구,"울산 동구 방어동 366-4 ,-6 임페리얼 7층 703호","147,000,000","102,900,000",낙찰,"103,165,000",70.2%,2021-06-02,2021_2Q,3
울산 10계 2020-6964,주상복합(주거),기타토지,기타토지,울산,남구,"울산 남구 달동 1382-3 ,99-24 대신그린파크 1층 101호","147,000,000","102,900,000",낙찰,"128,890,000",87.7%,2021-05-13,2021_2Q,3
울산 3계 2020-7011,아파트,아파트,아파트,울산,울주군,울산 울주군 범서읍 굴화리 739 문수마을수필 103동 14층 1401호,"319,000,000","319,000,000",낙찰,"390,050,000",122.3%,2021-05-26,2021_2Q,3
울산 9계 2020-7028,근린상가,근린상가,근린상가,울산,남구,"울산 남구 야음동 698-1 수암시장상가 A3동 1,2층 8호","1,150,000,000","805,000,000",낙찰,"1,011,100,000",87.9%,2021-06-24,2021_2Q,3
울산 6계 2020-7196,단독주택,단독,단독주택,울산,울주군,울산 울주군 웅촌면 초천리 59-2,"136,952,280","95,867,000",낙찰,"111,655,500",81.5%,2021-06-22,2021_2Q,3
울산 6계 2020-7233(3),과수원,과수원,과수원,울산,울주군,울산 울주군 서생면 화산리 288-5,"50,286,000","35,200,000",낙찰,"50,354,000",100.1%,2021-06-22,2021_2Q,3
울산 3계 2020-7325,아파트,아파트,아파트,울산,울주군,"울산 울주군 청량읍 삼정리 755 ,-4,-5,753-3,901 쌍용하나빌리지 102동 3층 306호","100,000,000","70,000,000",낙찰,"91,891,000",91.9%,2021-05-26,2021_2Q,3
울산 10계 2020-7479(1),점포,근린상가,점포상가,울산,울주군,울산 울주군 두동면 봉계리 531-8 나동,"459,702,540","321,792,000",낙찰,"356,260,000",77.5%,2021-06-17,2021_2Q,3
울산 2계 2020-7493,아파트,아파트,아파트,울산,북구,"울산 북구 천곡동 940-1 ,-15 우방 101동 15층 1504호","64,000,000","44,800,000",낙찰,"51,230,000",80.0%,2021-05-12,2021_2Q,3
울산 5계 2020-7547,아파트,아파트,아파트,울산,남구,울산 남구 신정동 942-10 영보가든맨션 10층 1003호,"215,000,000","150,500,000",낙찰,"160,500,000",74.7%,2021-06-02,2021_2Q,3
울산 2계 2020-7653,아파트,아파트,아파트,울산,울주군,"울산 울주군 온양읍 운화리 6-6 ,-7,-9,-8 운화 4층 404호","58,000,000","40,600,000",낙찰,"53,500,000",92.2%,2021-06-16,2021_2Q,3
울산 9계 2020-7752,아파트,아파트,아파트,울산,북구,울산 북구 매곡동 855 매곡푸르지오2단지 203동 12층 1202호,"247,000,000","247,000,000",낙찰,"285,111,000",115.4%,2021-05-25,2021_2Q,3
울산 5계 2020-7776(2),주상복합(주거),기타토지,기타토지,울산,동구,울산 동구 방어동 925-10 하우스토리 9층 901호,"325,000,000","227,500,000",낙찰,"280,000,000",86.2%,2021-06-02,2021_2Q,3
울산 2계 2020-7790,아파트,아파트,아파트,울산,남구,울산 남구 신정동 942-10 영보가든맨션 3층 309호,"190,000,000","93,100,000",낙찰,"141,990,000",74.7%,2021-05-12,2021_2Q,3
울산 6계 2020-7820,다가구,다가구,다가구,울산,중구,울산 중구 성안동 826-14,"1,089,165,820","533,691,000",낙찰,"681,999,000",62.6%,2021-06-22,2021_2Q,3
울산 10계 2020-7875,아파트,아파트,아파트,울산,동구,울산 동구 전하동 684-2 삼창파크 B동 5층 509호,"118,000,000","82,600,000",낙찰,"90,770,000",76.9%,2021-06-17,2021_2Q,3
울산 3계 2020-8090,아파트,아파트,아파트,울산,남구,울산 남구 야음동 570-1 번영로롯데인벤스스위트 102동 12층 1204호,"310,000,000","310,000,000",낙찰,"361,500,000",116.6%,2021-05-26,2021_2Q,3
울산 3계 2020-8304,아파트,아파트,아파트,울산,북구,"울산 북구 상안동 381-1 ,369-6,371-11,1204-21,천곡동 409,1022-12 쌍용아진그린타운 210동 2층 206호","144,000,000","144,000,000",낙찰,"155,000,000",107.6%,2021-05-26,2021_2Q,3
울산 2계 2020-8403,아파트,아파트,아파트,울산,중구,울산 중구 동동 470-6 현대골든타워 13층 1305호,"111,000,000","77,700,000",낙찰,"101,290,000",91.3%,2021-05-12,2021_2Q,3
울산 5계 2020-8434(1),과수원,과수원,과수원,울산,울주군,울산 울주군 서생면 나사리 404-6,"1,943,340,000","1,943,340,000",낙찰,"2,041,000,000",105.0%,2021-06-02,2021_2Q,3
울산 5계 2020-8434(3),과수원,과수원,과수원,울산,울주군,울산 울주군 서생면 나사리 405-1,"630,180,000","630,180,000",낙찰,"719,000,000",114.1%,2021-06-02,2021_2Q,3
울산 10계 2020-8496,다세대,다세대주택,다세대,울산,남구,울산 남구 신정동 153-2 정우빌라 3층 302호,"95,000,000","66,500,000",낙찰,"77,777,780",81.9%,2021-06-17,2021_2Q,3
울산 2계 2020-8533,다가구,다가구,다가구,울산,남구,울산 남구 무거동 202-1,"1,180,607,800","826,425,000",낙찰,"910,200,000",77.1%,2021-05-12,2021_2Q,3
울산 10계 2020-8564,차량,기타토지,기타토지,울산,남구,울산 남구 두왕동 453-7 현대주차장내 보관,"25,000,000","17,500,000",낙찰,"22,800,000",91.2%,2021-06-17,2021_2Q,3
울산 10계 2020-8632,단독주택,단독,단독주택,울산,동구,울산 동구 방어동 607-12,"765,259,040","535,681,000",낙찰,"548,888,000",71.7%,2021-06-17,2021_2Q,3
울산 3계 2020-8694,아파트,아파트,아파트,울산,동구,"울산 동구 서부동 238-29 ,-28 현대패밀리명덕 102동 11층 1108호","134,000,000","134,000,000",낙찰,"143,350,000",107.0%,2021-05-26,2021_2Q,3
울산 1계 2020-9024,아파트,아파트,아파트,울산,중구,울산 중구 우정동 369-1 선경2차 201동 3층 301호,"448,000,000","448,000,000",낙찰,"518,000,000",115.6%,2021-06-09,2021_2Q,3
울산 4계 2020-9055,숙박시설,숙박시설,숙박시설,울산,남구,울산 남구 달동 1326-15,"1,295,575,870","906,903,000",낙찰,"1,046,001,000",80.7%,2021-05-20,2021_2Q,3
울산 9계 2020-9147,유지,기타토지,기타토지,울산,울주군,울산 울주군 웅촌면 검단리 162-6,"2,574,000","2,574,000",낙찰,"2,674,000",103.9%,2021-06-24,2021_2Q,3
울산 2계 2020-9222,오피스텔(주거),오피스텔,오피스텔(업무용),울산,남구,울산 남구 야음동 832-3 동광모닝스카이 14층 102-1401호,"146,000,000","102,200,000",낙찰,"121,000,000",82.9%,2021-05-12,2021_2Q,3
울산 5계 2020-9543(1),전,전,전,울산,울주군,울산 울주군 범서읍 척과리 489-1,"65,963,750","65,963,750",낙찰,"70,000,000",106.1%,2021-06-02,2021_2Q,3
울산 5계 2020-9543(2),단독주택,단독,단독주택,울산,울주군,울산 울주군 범서읍 척과리 489-2,"27,637,580","27,637,580",낙찰,"30,000,000",108.5%,2021-06-02,2021_2Q,3
울산 5계 2020-9543(3),대지,나대지,나대지,울산,울주군,울산 울주군 범서읍 척과리 489-3,"2,968,750","2,968,750",낙찰,"3,500,000",117.9%,2021-06-02,2021_2Q,3
울산 6계 2020-9734,단독주택,단독,단독주택,울산,남구,울산 남구 야음동 383-41,"221,897,720","108,730,000",낙찰,"172,080,000",77.5%,2021-06-22,2021_2Q,3
울산 1계 2020-9826,아파트,아파트,아파트,울산,울주군,울산 울주군 범서읍 천상리 666-1 천상벽산 101동 1층 101호,"178,000,000","178,000,000",낙찰,"180,000,000",101.1%,2021-06-09,2021_2Q,3
울산 2계 2020-10017,아파트,아파트,아파트,울산,남구,울산 남구 삼산동 1605-3 현대문화 101동 24층 2407호,"148,000,000","148,000,000",낙찰,"149,399,990",100.9%,2021-06-16,2021_2Q,3
울산 6계 2020-10208,아파트,아파트,아파트,울산,남구,울산 남구 삼산동 172-1 세양청구마을 102동 2층 201호,"269,000,000","269,000,000",낙찰,"310,080,800",115.3%,2021-06-22,2021_2Q,3
울산 6계 2020-10727,근린상가,근린상가,근린상가,울산,남구,울산 남구 삼산동 1542-12,"3,022,473,600","2,115,732,000",낙찰,"2,153,630,000",71.3%,2021-06-22,2021_2Q,3
울산 10계 2020-10802(1),주상복합(주거),기타토지,기타토지,울산,남구,울산 남구 신정동 523-14 인촌리베르 3층 302호,"57,000,000","57,000,000",낙찰,"57,003,800",100.0%,2021-06-17,2021_2Q,3
울산 10계 2020-10819,아파트,아파트,아파트,울산,중구,울산 중구 우정동 172 마제스타워울산 102동 10층 2101호,"435,000,000","435,000,000",낙찰,"456,700,000",105.0%,2021-06-17,2021_2Q,3
울산 2계 2020-10918(1),임야,임야,임야,울산,울주군,울산 울주군 삼동면 하잠리 산34,"9,915,000","9,915,000",낙찰,"12,000,000",121.0%,2021-06-16,2021_2Q,3
울산 2계 2020-10918(2),임야,임야,임야,울산,울주군,울산 울주군 삼동면 하잠리 산34-1,"14,880,000","14,880,000",낙찰,"15,110,000",101.5%,2021-06-16,2021_2Q,3
울산 9계 2020-11027(1),공장용지,공장(지식산업센터 업무시설),공장,울산,북구,울산 북구 신천동 158-7,"1,048,800,000","1,048,800,000",낙찰,"1,053,000,000",100.4%,2021-06-24,2021_2Q,3
울산 9계 2020-11027(2),공장용지,공장(지식산업센터 업무시설),공장,울산,북구,울산 북구 신천동 158-2,"586,960,000","586,960,000",낙찰,"604,810,000",103.0%,2021-06-24,2021_2Q,3
울산 4계 2020-14095(1),답,답,답,울산,울주군,울산 울주군 범서읍 입암리 968-3,"138,780,000","97,146,000",낙찰,"191,490,000",138.0%,2021-05-20,2021_2Q,3
울산 4계 2020-14996,아파트,아파트,아파트,울산,남구,울산 남구 무거동 1520-8 무거신세대3차 9층 903호,"76,000,000","53,200,000",낙찰,"60,000,000",78.9%,2021-05-20,2021_2Q,3
울산 2계 2020-100170,임야,임야,임야,울산,울주군,울산 울주군 두서면 전읍리 산178,"86,280,000","10,151,000",낙찰,"12,330,000",14.3%,2021-06-16,2021_2Q,3
울산 3계 2020-100675,임야,임야,임야,울산,중구,울산 중구 태화동 산26-3,"106,760,000","106,760,000",낙찰,"118,660,000",111.1%,2021-05-26,2021_2Q,3
울산 7계 2020-100897,대지,나대지,나대지,울산,울주군,울산 울주군 두동면 월평리 188,"91,800,000","44,982,000",낙찰,"48,500,000",52.8%,2021-06-01,2021_2Q,3
울산 10계 2020-101081(1),오피스텔(주거),오피스텔,오피스텔(업무용),울산,동구,울산 동구 방어동 1525 골든베이비치 103동 18층 1801호,"331,000,000","162,190,000",낙찰,"211,500,000",63.9%,2021-05-13,2021_2Q,3
울산 10계 2020-101081(2),오피스텔(주거),오피스텔,오피스텔(업무용),울산,동구,울산 동구 방어동 1525 골든베이비치 103동 18층 1802호,"331,000,000","162,190,000",낙찰,"200,510,000",60.6%,2021-05-13,2021_2Q,3
울산 6계 2020-101142,주상복합(주거),기타토지,기타토지,울산,남구,울산 남구 삼산동 1498-4 팔레드상떼 리버동 9층 903호,"401,000,000","401,000,000",낙찰,"473,400,000",118.1%,2021-06-22,2021_2Q,3
울산 8계 2020-101524,아파트,아파트,아파트,울산,중구,울산 중구 태화동 169-4 현대미포조선소직장주택조합 101동 9층 901호,"144,000,000","100,800,000",낙찰,"144,199,990",100.1%,2021-06-15,2021_2Q,3
울산 10계 2020-101883,답,답,답,울산,북구,울산 북구 정자동 382-1,"466,060,000","228,369,000",낙찰,"288,000,000",61.8%,2021-05-13,2021_2Q,3
울산 10계 2020-102169,아파트,아파트,아파트,울산,동구,울산 동구 방어동 1092-4 문현신한다솜 101동 4층 401호,"117,000,000","117,000,000",낙찰,"120,090,000",102.6%,2021-05-13,2021_2Q,3
울산 2계 2020-102848,다세대,다세대주택,다세대,울산,울주군,"울산 울주군 삼남읍 방기리 209 ,208-1 에스에이치뷰 B동 3층 301호","152,000,000","52,136,000",낙찰,"80,399,900",52.9%,2021-05-12,2021_2Q,3
울산 10계 2020-103117,아파트,아파트,아파트,울산,동구,울산 동구 화정동 653-5 여명빌라 6층 601호,"188,000,000","92,120,000",낙찰,"121,600,000",64.7%,2021-06-17,2021_2Q,3
울산 10계 2020-103544,근린주택,근린주택,근린주택,울산,북구,"울산 북구 염포동 157-27 ,-7","94,490,070","46,300,000",낙찰,"71,630,000",75.8%,2021-06-17,2021_2Q,3
울산 10계 2020-103711,근린상가,근린상가,근린상가,울산,중구,울산 중구 서동 599-7 새천년빌딩 4층 402호,"231,000,000","161,700,000",낙찰,"183,780,000",79.6%,2021-05-13,2021_2Q,3
울산 7계 2020-103872,대지,나대지,나대지,울산,울주군,울산 울주군 웅촌면 고연리 262,"31,631,670","22,142,000",낙찰,"33,700,000",106.5%,2021-06-01,2021_2Q,3
울산 9계 2020-104004,주상복합(주거),기타토지,기타토지,울산,동구,울산 동구 전하동 449-6 전하동정림명가의아침 1동 16층 1601호,"243,000,000","170,100,000",낙찰,"230,000,000",94.7%,2021-05-25,2021_2Q,3
울산 7계 2020-104233,아파트,아파트,아파트,울산,울주군,울산 울주군 범서읍 천상리 600 천상그린코아 101동 17층 1707호,"183,000,000","128,100,000",낙찰,"178,730,000",97.7%,2021-06-01,2021_2Q,3
울산 5계 2020-104400,아파트,아파트,아파트,울산,울주군,울산 울주군 언양읍 서부리 236 삼성 101동 19층 1902호,"109,000,000","109,000,000",낙찰,"110,110,000",101.0%,2021-06-02,2021_2Q,3
울산 7계 2020-104424,아파트,아파트,아파트,울산,중구,울산 중구 복산동 319 동덕현대 4동 4층 408호,"138,000,000","138,000,000",낙찰,"143,790,000",104.2%,2021-06-01,2021_2Q,3
울산 8계 2020-104431,아파트,아파트,아파트,울산,남구,울산 남구 신정동 1600-2 한라 1층 105호,"147,000,000","147,000,000",낙찰,"176,919,000",120.4%,2021-05-11,2021_2Q,3
울산 10계 2020-104462,아파트,아파트,아파트,울산,울주군,"울산 울주군 범서읍 구영리 840 ,841-2 일신파크맨션 101동 9층 907호","184,000,000","128,800,000",낙찰,"171,510,000",93.2%,2021-06-17,2021_2Q,3
울산 9계 2020-104721,아파트,아파트,아파트,울산,동구,울산 동구 동부동 350-1 아성오우션맨션 102동 5층 506호,"91,000,000","63,700,000",낙찰,"72,621,000",79.8%,2021-05-25,2021_2Q,3
울산 8계 2020-105311,아파트,아파트,아파트,울산,북구,울산 북구 염포동 326 외28 염포성원상떼빌 122동 8층 802호,"147,000,000","102,900,000",낙찰,"148,019,900",100.7%,2021-06-15,2021_2Q,3
울산 1계 2020-105410,아파트,아파트,아파트,울산,동구,"울산 동구 서부동 238-29 ,-28 현대패밀리명덕 109동 2층 209호","135,000,000","94,500,000",낙찰,"136,400,000",101.0%,2021-06-09,2021_2Q,3
울산 2계 2020-105465(3),대지,나대지,나대지,울산,울주군,울산 울주군 상북면 덕현리 158-16,"67,210,000","67,210,000",낙찰,"81,000,000",120.5%,2021-06-16,2021_2Q,3
울산 2계 2020-105465(6),임야,임야,임야,울산,울주군,울산 울주군 상북면 덕현리 157-5,"49,050,000","49,050,000",낙찰,"71,000,000",144.8%,2021-06-16,2021_2Q,3
울산 5계 2020-105540,아파트,아파트,아파트,울산,북구,"울산 북구 천곡동 410-1 ,410-12,421-2,421-9,1030 쌍용아진그린타운4차 402동 3층 305호","144,000,000","144,000,000",낙찰,"158,311,000",109.9%,2021-06-02,2021_2Q,3
울산 1계 2020-105557,아파트,아파트,아파트,울산,북구,울산 북구 염포동 304 신전 5층 506호,"48,000,000","33,600,000",낙찰,"43,360,000",90.3%,2021-06-09,2021_2Q,3
울산 8계 2020-105625,아파트,아파트,아파트,울산,북구,"울산 북구 천곡동 940-6 ,-7,-9,-14 농소대동한마음타운 103동 5층 508호","80,000,000","80,000,000",낙찰,"82,300,000",102.9%,2021-05-11,2021_2Q,3
울산 8계 2020-105724,아파트,아파트,아파트,울산,남구,울산 남구 삼산동 1605-3 현대문화 101동 5층 507호,"139,000,000","139,000,000",낙찰,"139,000,000",100.0%,2021-05-11,2021_2Q,3
울산 8계 2020-105878,아파트,아파트,아파트,울산,울주군,울산 울주군 범서읍 구영리 796-2 한신 201동 8층 801호,"174,000,000","121,800,000",낙찰,"160,435,000",92.2%,2021-06-15,2021_2Q,3
울산 9계 2020-105892,아파트,아파트,아파트,울산,남구,울산 남구 신정동 1853 신성미소지움 203동 15층 1501호,"414,000,000","414,000,000",낙찰,"475,999,900",115.0%,2021-05-25,2021_2Q,3
울산 5계 2020-105991,아파트,아파트,아파트,울산,북구,울산 북구 천곡동 1136 천곡벽산블루밍 105동 15층 1502호,"314,000,000","314,000,000",낙찰,"366,240,000",116.6%,2021-06-02,2021_2Q,3
울산 10계 2020-106055,주상복합(주거),기타토지,기타토지,울산,동구,울산 동구 방어동 931-5 코엔스오션빌리지6차 13층 1303호,"250,000,000","122,500,000",낙찰,"180,010,000",72.0%,2021-06-17,2021_2Q,3
울산 9계 2020-106079,아파트,아파트,아파트,울산,동구,울산 동구 화정동 162 대송현대 104동 9층 1009호,"151,000,000","105,700,000",낙찰,"141,770,000",93.9%,2021-06-24,2021_2Q,3
울산 2계 2020-106093,대지,나대지,나대지,울산,울주군,울산 울주군 삼남읍 교동리 1499-143,"6,312,990,000","4,419,093,000",낙찰,"5,388,880,000",85.4%,2021-06-16,2021_2Q,3
울산 6계 2020-106215,아파트,아파트,아파트,울산,북구,"울산 북구 천곡동 940-1 ,-15 우방 101동 13층 1312호","66,000,000","46,200,000",낙찰,"54,080,000",81.9%,2021-05-18,2021_2Q,3
울산 9계 2020-106512,전,전,전,울산,울주군,울산 울주군 언양읍 직동리 63-1,"35,850,000","22,575,000",낙찰,"28,999,000",80.9%,2021-06-24,2021_2Q,3
울산 10계 2020-106574,아파트,아파트,아파트,울산,동구,울산 동구 방어동 59-1 대왕암 엘크루 206동 7층 703호,"248,000,000","248,000,000",낙찰,"280,030,000",112.9%,2021-05-13,2021_2Q,3
울산 6계 2020-106659,아파트,아파트,아파트,울산,울주군,울산 울주군 범서읍 천상리 645 신한천상다솜 101동 8층 807호,"211,000,000","147,700,000",낙찰,"194,100,000",92.0%,2021-05-18,2021_2Q,3
울산 10계 2020-107010(1),아파트,아파트,아파트,울산,북구,울산 북구 중산동 중산매곡지구10블록3로트 유-스타시티일동미라주더스타2단지 205동 1층 104호,"371,000,000","259,700,000",낙찰,"387,000,090",104.3%,2021-06-17,2021_2Q,3
울산 10계 2020-107010(2),연립,연립주택,연립·빌라,울산,중구,울산 중구 성안동 829-6 3층 302호,"230,000,000","161,000,000",낙찰,"177,870,000",77.3%,2021-06-17,2021_2Q,3
울산 10계 2020-107256,아파트,아파트,아파트,울산,동구,울산 동구 서부동 238-27 현대패밀리명덕2차 202동 9층 901호,"144,000,000","144,000,000",낙찰,"144,170,000",100.1%,2021-05-13,2021_2Q,3
울산 10계 2020-107386,단독주택,단독,단독주택,울산,남구,울산 남구 상개동 154-23,"106,398,500","74,479,000",낙찰,"74,479,000",70.0%,2021-06-17,2021_2Q,3
울산 2계 2020-107409,전,전,전,울산,북구,울산 북구 당사동 402-3,"7,650,000","7,650,000",낙찰,"8,030,000",105.0%,2021-06-16,2021_2Q,3
울산 5계 2020-107447,임야,임야,임야,울산,울주군,울산 울주군 청량읍 개곡리 산26-13,"14,190,000","14,190,000",낙찰,"15,611,000",110.0%,2021-06-02,2021_2Q,3
울산 5계 2020-107607,아파트,아파트,아파트,울산,울주군,"울산 울주군 청량읍 삼정리 755 ,755-4,755-5,755-7,753-3,901 쌍용하나빌리지 304동 4층 401호","153,000,000","153,000,000",낙찰,"154,100,000",100.7%,2021-06-02,2021_2Q,3
울산 10계 2020-107942,주상복합(주거),기타토지,기타토지,울산,남구,"울산 남구 야음동 695-36 ,-20,-59,-97,-98 대하미르빌 101동 13층 1403호","259,000,000","259,000,000",낙찰,"259,011,100",100.0%,2021-05-13,2021_2Q,3
울산 2계 2020-107980,아파트,아파트,아파트,울산,울주군,"울산 울주군 청량읍 삼정리 755 ,-4,-5,-7,753-3,901 쌍용하나빌리지 206동 7층 701호","145,000,000","101,500,000",낙찰,"160,499,000",110.7%,2021-05-12,2021_2Q,3
울산 2계 2020-108020(3),임야,임야,임야,울산,울주군,울산 울주군 삼동면 둔기리 산282-1,"7,990,190","7,990,190",낙찰,"8,360,000",104.6%,2021-06-16,2021_2Q,3
울산 10계 2020-108372,아파트,아파트,아파트,울산,북구,울산 북구 중산동 200 중산디아채 105동 8층 801호,"187,000,000","187,000,000",낙찰,"210,777,700",112.7%,2021-05-13,2021_2Q,3
울산 6계 2020-108501,아파트,아파트,아파트,울산,남구,울산 남구 달동 1352-4 달동현대 100동 1층 111호,"146,000,000","146,000,000",낙찰,"157,520,000",107.9%,2021-06-22,2021_2Q,3
울산 9계 2020-108921,도로,기타토지,기타토지,울산,남구,울산 남구 상개동 79-1,"27,520,000","27,520,000",낙찰,"47,700,100",173.3%,2021-06-24,2021_2Q,3
울산 10계 2020-110382,아파트,아파트,아파트,울산,중구,울산 중구 우정동 369-1 선경2차 213동 23층 2305호,"285,000,000","285,000,000",낙찰,"346,850,000",121.7%,2021-06-17,2021_2Q,3
울산 10계 2020-110542,주상복합(주거),기타토지,기타토지,울산,남구,울산 남구 신정동 1874 동문아뮤티 101동 12층 1201호,"398,000,000","398,000,000",낙찰,"421,770,000",106.0%,2021-06-17,2021_2Q,3
울산 8계 2020-110894,차량,기타토지,기타토지,울산,울주군,울산 울주군 청량읍 덕하리 415-4 백양주차장내 보관(제3자 이길연에게 보관),"120,000,000","41,160,000",낙찰,"51,600,000",43.0%,2021-05-11,2021_2Q,3
울산 4계 2020-111217,아파트,아파트,아파트,울산,울주군,울산 울주군 웅촌면 대복리 302 한솔그린빌 702동 4층 402호,"54,000,000","37,800,000",낙찰,"43,880,000",81.3%,2021-05-20,2021_2Q,3
울산 8계 2020-112050,차량,기타토지,기타토지,울산,울주군,울산 울주군 언양읍 반천리 534 복산주차장내 보관,"17,500,000","17,500,000",낙찰,"17,590,000",100.5%,2021-05-11,2021_2Q,3
울산 4계 2020-112654,아파트,아파트,아파트,울산,동구,"울산 동구 전하동 660-1 ,-11 울산전하푸르지오 101동 5층 504호","520,000,000","520,000,000",낙찰,"555,550,000",106.8%,2021-05-20,2021_2Q,3
울산 4계 2020-113169,아파트,아파트,아파트,울산,북구,울산 북구 매곡동 865 월드메르디앙월드시티 207동 25층 2505호,"349,000,000","244,300,000",낙찰,"360,000,000",103.2%,2021-05-20,2021_2Q,3
울산 4계 2020-113497,중기,기타토지,기타토지,울산,울주군,울산 울주군 언양읍 반천리 534 복산주차장내 보관,"110,000,000","77,000,000",낙찰,"89,215,000",81.1%,2021-05-20,2021_2Q,3
울산 4계 2020-113640,임야,임야,임야,울산,울주군,울산 울주군 청량읍 개곡리 산140-3,"183,356,000","128,349,000",낙찰,"128,400,000",70.0%,2021-05-20,2021_2Q,3
울산 4계 2020-113831,차량,기타토지,기타토지,울산,울주군,울산 울주군 언양읍 반천리 534 복산주차장내 보관,"27,000,000","18,900,000",낙찰,"27,690,000",102.6%,2021-05-20,2021_2Q,3
울산 2계 2018-6190,공장,공장(지식산업센터 업무시설),공장,울산,울주군,울산 울주군 온산읍 학남리 58-10 A동호,"3,472,037,500","1,701,298,000",낙찰,"2,169,700,000",62.5%,2021-07-21,2021_3Q,3
울산 1계 2018-8288,다세대,다세대주택,다세대,울산,동구,"울산 동구 방어동 1080-7 ,-8 리듬세상 4층 401호","155,000,000","50,790,000",낙찰,"62,500,000",40.3%,2021-10-13,2021_4Q,3
울산 6계 2018-11277(1),아파트,아파트,아파트,울산,중구,울산 중구 우정동 689 우정아이파크 108동 3층 304호,"489,000,000","489,000,000",낙찰,"716,000,000",146.4%,2021-11-16,2021_4Q,3
울산 6계 2018-11949,아파트,아파트,아파트,울산,남구,"울산 남구 옥동 129-6 ,131-26,140-10 동덕현대 102동 2층 212호","181,000,000","181,000,000",낙찰,"314,899,000",174.0%,2021-10-12,2021_4Q,3
울산 3계 2018-12560,공장,공장(지식산업센터 업무시설),공장,울산,울주군,울산 울주군 언양읍 반천리 반천일반산업단지18블럭1롯트 1동,"10,367,700,780","5,080,174,000",낙찰,"5,601,000,000",54.0%,2021-10-06,2021_4Q,3
울산 1계 2018-100962,임야,임야,임야,울산,울주군,울산 울주군 상북면 덕현리 68,"171,754,000","120,228,000",낙찰,"123,738,800",72.0%,2021-11-17,2021_4Q,3
울산 5계 2018-103978,아파트,아파트,아파트,울산,남구,울산 남구 달동 758 달동삼성 202동 23층 2301호,"292,000,000","233,600,000",낙찰,"338,880,000",116.1%,2021-10-19,2021_4Q,3
울산 2계 2019-670(1),답,답,답,울산,울주군,울산 울주군 두서면 미호리 539-1,"334,764,000","114,825,000",낙찰,"121,010,000",36.1%,2021-08-25,2021_3Q,3
울산 2계 2019-670(2),답,답,답,울산,울주군,울산 울주군 두서면 미호리 472,"217,464,000","74,591,000",낙찰,"85,638,000",39.4%,2021-08-25,2021_3Q,3
울산 2계 2019-670(3),답,답,답,울산,울주군,울산 울주군 두서면 미호리 537,"135,558,000","46,497,000",낙찰,"52,210,000",38.5%,2021-08-25,2021_3Q,3
울산 2계 2019-670(4),답,답,답,울산,울주군,울산 울주군 두서면 미호리 541,"125,052,000","42,893,000",낙찰,"44,320,000",35.4%,2021-08-25,2021_3Q,3
울산 2계 2019-670(5),답,답,답,울산,울주군,울산 울주군 두서면 미호리 538,"264,384,000","90,684,000",낙찰,"98,899,000",37.4%,2021-08-25,2021_3Q,3
울산 2계 2019-670(6),답,답,답,울산,울주군,울산 울주군 두서면 미호리 544,"88,332,000","30,297,000",낙찰,"31,720,000",35.9%,2021-08-25,2021_3Q,3
울산 7계 2019-1833(1),근린상가,근린상가,근린상가,울산,동구,울산 동구 전하동 621-2 스타타워 8층 801호,"673,000,000","230,839,000",낙찰,"287,300,000",42.7%,2021-10-20,2021_4Q,3
울산 7계 2019-1833(2),근린상가,근린상가,근린상가,울산,동구,울산 동구 전하동 621-2 스타타워 9층 901호,"1,497,000,000","733,530,000",낙찰,"833,700,000",55.7%,2021-09-08,2021_3Q,3
울산 7계 2019-1833(3),근린상가,근린상가,근린상가,울산,동구,울산 동구 전하동 621-2 스타타워 1층 101호,"3,047,000,000","1,045,121,000",낙찰,"1,528,880,000",50.2%,2021-10-20,2021_4Q,3
울산 9계 2019-1840(1),오피스텔,오피스텔,오피스텔(업무용),울산,동구,울산 동구 전하동 621-2 스타타워 3층 301호,"1,432,000,000","491,176,000",낙찰,"546,361,600",38.2%,2021-09-02,2021_3Q,3
울산 9계 2019-1840(2),오피스텔,오피스텔,오피스텔(업무용),울산,동구,울산 동구 전하동 621-2 스타타워 3층 303호,"716,000,000","245,588,000",낙찰,"251,200,000",35.1%,2021-09-02,2021_3Q,3
울산 9계 2019-1840(3),오피스텔,오피스텔,오피스텔(업무용),울산,동구,울산 동구 전하동 621-2 스타타워 4층 401호,"1,691,000,000","580,013,000",낙찰,"615,200,000",36.4%,2021-09-02,2021_3Q,3
울산 9계 2019-1840(4),오피스텔,오피스텔,오피스텔(업무용),울산,동구,울산 동구 전하동 621-2 스타타워 10층 1001호,"1,569,000,000","538,167,000",낙찰,"622,220,000",39.7%,2021-09-02,2021_3Q,3
울산 9계 2019-6425,아파트,아파트,아파트,울산,울주군,"울산 울주군 청량읍 삼정리 755 ,-4,-5,-7,753-3,901 쌍용하나빌리지 304동 7층 704호","154,000,000","107,800,000",낙찰,"177,100,000",115.0%,2021-09-02,2021_3Q,3
울산 8계 2019-7084,아파트,아파트,아파트,울산,북구,울산 북구 신천동 530-1 극동스타클래스 105동 21층 2104호,"205,000,000","205,000,000",낙찰,"271,300,000",132.3%,2021-09-28,2021_3Q,3
울산 5계 2019-7367(1),묘지,기타토지,기타토지,울산,중구,울산 중구 성안동 996,"343,504,800","240,453,000",낙찰,"261,500,000",76.1%,2021-10-19,2021_4Q,3
울산 5계 2019-7367(2),임야,임야,임야,울산,중구,울산 중구 성안동 998-1,"37,224,000","26,057,000",낙찰,"28,989,000",77.9%,2021-10-19,2021_4Q,3
울산 5계 2019-7367(3),전,전,전,울산,중구,울산 중구 성안동 998-2,"17,238,000","12,067,000",낙찰,"14,900,000",86.4%,2021-10-19,2021_4Q,3
울산 8계 2019-8100,아파트,아파트,아파트,울산,북구,"울산 북구 염포동 282-1 ,-2 성은 A동 4층 411호","105,000,000","51,450,000",낙찰,"61,010,000",58.1%,2021-07-20,2021_3Q,3
울산 7계 2019-11588,아파트,아파트,아파트,울산,울주군,울산 울주군 범서읍 천상리 608-6 아름아이필 101동 8층 803호,"139,000,000","97,300,000",낙찰,"135,059,000",97.2%,2021-11-30,2021_4Q,3
울산 8계 2019-11601,아파트,아파트,아파트,울산,북구,울산 북구 중산동 622 현대 202동 13층 1305호,"118,000,000","82,600,000",낙찰,"94,116,800",79.8%,2021-12-07,2021_4Q,3
울산 4계 2019-12901,공장,공장(지식산업센터 업무시설),공장,울산,남구,"울산 남구 매암동 133-5 ,136,138-6,139-4,663-11","6,629,693,060","4,640,785,000",낙찰,"4,741,900,000",71.5%,2021-08-05,2021_3Q,3
울산 5계 2019-13263,공장,공장(지식산업센터 업무시설),공장,울산,울주군,울산 울주군 삼남읍 가천리 105-3,"2,127,784,630","1,042,614,000",낙찰,"1,700,000,000",79.9%,2021-08-12,2021_3Q,3
울산 2계 2019-14457(1),자동차시설,기타건물,기타건물,울산,북구,울산 북구 명촌동 644-1 바동호,"1,621,072,700","794,326,000",낙찰,"1,221,190,000",75.3%,2021-08-25,2021_3Q,3
울산 2계 2019-14457(2),자동차시설,기타건물,기타건물,울산,북구,울산 북구 명촌동 222 가동호,"4,972,658,280","2,436,603,000",낙찰,"3,111,100,000",62.6%,2021-08-25,2021_3Q,3
울산 9계 2019-14648,숙박시설,숙박시설,숙박시설,울산,동구,울산 동구 일산동 969-3 일산모텔,"4,529,197,590","2,219,307,000",낙찰,"3,170,586,000",70.0%,2021-09-02,2021_3Q,3
울산 4계 2019-14785,공장,공장(지식산업센터 업무시설),공장,울산,울주군,울산 울주군 언양읍 반천리 1104-17 1동,"17,105,702,100","11,973,991,000",낙찰,"12,250,000,000",71.6%,2021-10-14,2021_4Q,3
울산 1계 2019-14990,대지,나대지,나대지,울산,북구,울산 북구 산하동 985-10,"701,260,000","490,882,000",낙찰,"600,000,000",85.6%,2021-10-13,2021_4Q,3
울산 9계 2019-15092,아파트,아파트,아파트,울산,동구,울산 동구 방어동 1042-1 장보해맞이 101동 2층 203호,"173,000,000","121,100,000",낙찰,"166,999,990",96.5%,2021-11-11,2021_4Q,3
울산 7계 2019-16064,다가구,다가구,다가구,울산,남구,울산 남구 무거동 819-29 1동호,"1,393,769,000","682,947,000",낙찰,"862,500,000",61.9%,2021-10-20,2021_4Q,3
울산 4계 2019-16446,다세대,다세대주택,다세대,울산,울주군,울산 울주군 삼남읍 교동리 1575-11 굿파크빌 1동 5층 501호,"143,000,000","5,771,000",낙찰,"5,771,000",4.0%,2021-07-01,2021_3Q,3
울산 5계 2019-16613,아파트,아파트,아파트,울산,북구,울산 북구 명촌동 진장명촌토지구획정리지구115블럭1-1롯트 평창리비에르3차 310동 8층 806호,"220,000,000","220,000,000",낙찰,"292,000,000",132.7%,2021-08-12,2021_3Q,3
울산 10계 2019-16965(1),다세대,다세대주택,다세대,울산,중구,울산 중구 성안동 829-12 한사랑원룸 A동 1층 101호,"67,000,000","46,900,000",낙찰,"54,000,000",80.6%,2021-08-26,2021_3Q,3
울산 10계 2019-16965(2),다세대,다세대주택,다세대,울산,중구,울산 중구 성안동 829-12 한사랑원룸 A동 1층 102호,"61,000,000","42,700,000",낙찰,"50,000,000",82.0%,2021-08-26,2021_3Q,3
울산 10계 2019-16965(3),다세대,다세대주택,다세대,울산,중구,울산 중구 성안동 829-12 한사랑원룸 A동 1층 103호,"61,000,000","42,700,000",낙찰,"50,000,000",82.0%,2021-08-26,2021_3Q,3
울산 10계 2019-16965(4),다세대,다세대주택,다세대,울산,중구,울산 중구 성안동 829-12 한사랑원룸 A동 1층 104호,"67,000,000","46,900,000",낙찰,"54,000,000",80.6%,2021-08-26,2021_3Q,3
울산 10계 2019-16965(5),다세대,다세대주택,다세대,울산,중구,울산 중구 성안동 829-12 한사랑원룸 A동 2층 201호,"69,000,000","48,300,000",낙찰,"55,000,000",79.7%,2021-08-26,2021_3Q,3
울산 10계 2019-16965(6),다세대,다세대주택,다세대,울산,중구,울산 중구 성안동 829-12 한사랑원룸 A동 2층 202호,"63,000,000","44,100,000",낙찰,"54,000,000",85.7%,2021-08-26,2021_3Q,3
울산 10계 2019-16965(7),다세대,다세대주택,다세대,울산,중구,울산 중구 성안동 829-12 한사랑원룸 A동 2층 203호,"63,000,000","44,100,000",낙찰,"51,000,000",81.0%,2021-08-26,2021_3Q,3
울산 10계 2019-16965(8),다세대,다세대주택,다세대,울산,중구,울산 중구 성안동 829-12 한사랑원룸 A동 2층 204호,"69,000,000","48,300,000",낙찰,"51,000,000",73.9%,2021-08-26,2021_3Q,3
울산 10계 2019-16965(9),다세대,다세대주택,다세대,울산,중구,울산 중구 성안동 829-12 한사랑원룸 A동 3층 301호,"69,000,000","48,300,000",낙찰,"51,000,000",73.9%,2021-08-26,2021_3Q,3
울산 10계 2019-16965(10),다세대,다세대주택,다세대,울산,중구,울산 중구 성안동 829-12 한사랑원룸 A동 3층 302호,"63,000,000","30,870,000",낙찰,"52,100,000",82.7%,2021-09-30,2021_3Q,3
울산 10계 2019-16965(11),다세대,다세대주택,다세대,울산,중구,울산 중구 성안동 829-12 한사랑원룸 A동 3층 303호,"63,000,000","44,100,000",낙찰,"51,000,000",81.0%,2021-08-26,2021_3Q,3
울산 10계 2019-16965(12),다세대,다세대주택,다세대,울산,중구,울산 중구 성안동 829-12 한사랑원룸 A동 3층 304호,"69,000,000","48,300,000",낙찰,"55,000,000",79.7%,2021-08-26,2021_3Q,3
울산 10계 2019-16965(13),다세대,다세대주택,다세대,울산,중구,울산 중구 성안동 829-12 한사랑원룸 A동 4층 401호,"67,000,000","46,900,000",낙찰,"55,000,000",82.1%,2021-08-26,2021_3Q,3
울산 10계 2019-16965(14),다세대,다세대주택,다세대,울산,중구,울산 중구 성안동 829-12 한사랑원룸 A동 4층 402호,"61,000,000","42,700,000",낙찰,"51,000,000",83.6%,2021-08-26,2021_3Q,3
울산 10계 2019-16965(15),다세대,다세대주택,다세대,울산,중구,울산 중구 성안동 829-12 한사랑원룸 A동 4층 403호,"61,000,000","42,700,000",낙찰,"51,000,000",83.6%,2021-08-26,2021_3Q,3
울산 10계 2019-16965(16),다세대,다세대주택,다세대,울산,중구,울산 중구 성안동 829-12 한사랑원룸 A동 4층 404호,"67,000,000","46,900,000",낙찰,"55,000,000",82.1%,2021-08-26,2021_3Q,3
울산 10계 2019-16965(17),다세대,다세대주택,다세대,울산,중구,울산 중구 성안동 503-3 다운원룸 1층 101호,"78,000,000","54,600,000",낙찰,"63,000,000",80.8%,2021-08-26,2021_3Q,3
울산 10계 2019-16965(18),다세대,다세대주택,다세대,울산,중구,울산 중구 성안동 503-3 다운원룸 1층 102호,"71,000,000","49,700,000",낙찰,"62,000,000",87.3%,2021-08-26,2021_3Q,3
울산 10계 2019-16965(19),다세대,다세대주택,다세대,울산,중구,울산 중구 성안동 503-3 다운원룸 1층 103호,"71,000,000","49,700,000",낙찰,"58,000,000",81.7%,2021-08-26,2021_3Q,3
울산 10계 2019-16965(20),다세대,다세대주택,다세대,울산,중구,울산 중구 성안동 503-3 다운원룸 1층 104호,"78,000,000","54,600,000",낙찰,"63,000,000",80.8%,2021-08-26,2021_3Q,3
울산 10계 2019-16965(21),다세대,다세대주택,다세대,울산,중구,울산 중구 성안동 503-3 다운원룸 2층 201호,"80,000,000","56,000,000",낙찰,"64,000,000",80.0%,2021-08-26,2021_3Q,3
울산 10계 2019-16965(22),다세대,다세대주택,다세대,울산,중구,울산 중구 성안동 503-3 다운원룸 2층 202호,"73,000,000","51,100,000",낙찰,"59,000,000",80.8%,2021-08-26,2021_3Q,3
울산 10계 2019-16965(23),다세대,다세대주택,다세대,울산,중구,울산 중구 성안동 503-3 다운원룸 2층 203호,"73,000,000","51,100,000",낙찰,"59,000,000",80.8%,2021-08-26,2021_3Q,3
울산 10계 2019-16965(24),다세대,다세대주택,다세대,울산,중구,울산 중구 성안동 503-3 다운원룸 2층 204호,"80,000,000","56,000,000",낙찰,"64,000,000",80.0%,2021-08-26,2021_3Q,3
울산 10계 2019-16965(25),다세대,다세대주택,다세대,울산,중구,울산 중구 성안동 503-3 다운원룸 3층 301호,"80,000,000","56,000,000",낙찰,"64,000,000",80.0%,2021-08-26,2021_3Q,3
울산 10계 2019-16965(26),다세대,다세대주택,다세대,울산,중구,울산 중구 성안동 503-3 다운원룸 3층 302호,"73,000,000","51,100,000",낙찰,"59,000,000",80.8%,2021-08-26,2021_3Q,3
울산 10계 2019-16965(27),다세대,다세대주택,다세대,울산,중구,울산 중구 성안동 503-3 다운원룸 3층 303호,"73,000,000","51,100,000",낙찰,"59,000,000",80.8%,2021-08-26,2021_3Q,3
울산 10계 2019-16965(28),다세대,다세대주택,다세대,울산,중구,울산 중구 성안동 503-3 다운원룸 3층 304호,"80,000,000","56,000,000",낙찰,"64,000,000",80.0%,2021-08-26,2021_3Q,3
울산 10계 2019-16965(29),다세대,다세대주택,다세대,울산,중구,울산 중구 성안동 503-3 다운원룸 4층 401호,"78,000,000","54,600,000",낙찰,"64,000,000",82.1%,2021-08-26,2021_3Q,3
울산 10계 2019-16965(30),다세대,다세대주택,다세대,울산,중구,울산 중구 성안동 503-3 다운원룸 4층 402호,"71,000,000","49,700,000",낙찰,"49,700,000",70.0%,2021-08-26,2021_3Q,3
울산 10계 2019-16965(31),다세대,다세대주택,다세대,울산,중구,울산 중구 성안동 503-3 다운원룸 4층 403호,"71,000,000","49,700,000",낙찰,"59,000,000",83.1%,2021-08-26,2021_3Q,3
울산 10계 2019-16965(32),다세대,다세대주택,다세대,울산,중구,울산 중구 성안동 503-3 다운원룸 4층 404호,"78,000,000","54,600,000",낙찰,"64,000,000",82.1%,2021-08-26,2021_3Q,3
울산 3계 2019-17425,대지,나대지,나대지,울산,북구,울산 북구 산하동 8,"1,032,000,000","722,400,000",낙찰,"751,000,000",72.8%,2021-11-10,2021_4Q,3
울산 10계 2019-17579(1),도로,기타토지,기타토지,울산,울주군,울산 울주군 상북면 산전리 1104-11,"104,038,170","17,486,000",낙찰,"17,500,001",16.8%,2021-11-04,2021_4Q,3
울산 10계 2019-18565,다세대,다세대주택,다세대,울산,울주군,"울산 울주군 서생면 명산리 226 ,227-1 신고리현장타운 2층 201호","3,684,892,000","1,805,597,000",낙찰,"1,911,600,000",51.9%,2021-07-22,2021_3Q,3
울산 5계 2019-18916,임야,임야,임야,울산,울주군,울산 울주군 삼동면 보은리 산207,"190,266,300","31,978,000",낙찰,"41,900,000",22.0%,2021-07-08,2021_3Q,3
울산 10계 2019-19155,답,답,답,울산,울주군,울산 울주군 삼남읍 교동리 385-2,"6,727,120,000","3,296,289,000",낙찰,"3,812,000,000",56.7%,2021-09-30,2021_3Q,3
울산 2계 2019-19193,임야,임야,임야,울산,울주군,울산 울주군 웅촌면 은현리 산210-3,"324,514,700","159,012,000",낙찰,"181,100,000",55.8%,2021-12-08,2021_4Q,3
울산 7계 2019-102675,아파트,아파트,아파트,울산,동구,"울산 동구 동부동 269-2 ,남목1지구2블럭2롯트,2블럭3롯트,2블럭6롯트,2블럭7롯트,2블럭8롯트 삼안파크맨션 101동 6층 609호","150,000,000","73,500,000",낙찰,"92,350,900",61.6%,2021-08-17,2021_3Q,3
울산 4계 2019-105438,주유소,기타건물,주유소,울산,남구,울산 남구 야음동 317-2,"993,751,210","486,938,000",낙찰,"701,000,000",70.5%,2021-08-05,2021_3Q,3
울산 7계 2019-107090,아파트,아파트,아파트,울산,동구,울산 동구 화정동 949 엠코타운이스턴베이 115동 23층 2306호,"290,000,000","203,000,000",낙찰,"381,300,000",131.5%,2021-08-17,2021_3Q,3
울산 5계 2019-108420,공장,공장(지식산업센터 업무시설),공장,울산,울주군,울산 울주군 상북면 거리 1160-3 A동호,"4,740,710,000","2,322,948,000",낙찰,"2,961,200,000",62.5%,2021-08-12,2021_3Q,3
울산 2계 2019-109089,임야,임야,임야,울산,동구,울산 동구 전하동 산99-25,"2,198,210,000","1,538,747,000",낙찰,"1,723,000,000",78.4%,2021-08-25,2021_3Q,3
울산 10계 2019-110003,아파트,아파트,아파트,울산,중구,울산 중구 우정동 689 우정아이파크 103동 8층 803호,"525,000,000","525,000,000",낙찰,"777,000,000",148.0%,2021-09-30,2021_3Q,3
울산 2계 2019-111044,근린상가,근린상가,근린상가,울산,울주군,울산 울주군 언양읍 반천리 1106-15,"1,029,761,280","353,208,000",낙찰,"369,880,000",35.9%,2021-09-29,2021_3Q,3
울산 6계 2019-111136,아파트,아파트,아파트,울산,북구,울산 북구 매곡동 864 월드메르디앙월드시티 106동 9층 902호,"310,000,000","310,000,000",낙찰,"411,100,000",132.6%,2021-09-07,2021_3Q,3
울산 7계 2019-111822,아파트,아파트,아파트,울산,남구,울산 남구 야음동 570-1 번영로롯데인벤스스위트 102동 16층 1601호,"311,000,000","217,700,000",낙찰,"397,410,000",127.8%,2021-09-08,2021_3Q,3
울산 3계 2019-113248,다세대,다세대주택,다세대,울산,중구,"울산 중구 학성동 340-15 ,-6 동원빌라 B동 3층 301호","54,600,000","26,754,000",낙찰,"31,620,000",57.9%,2021-07-07,2021_3Q,3
울산 10계 2019-113262,단독주택,단독,단독주택,울산,울주군,울산 울주군 온산읍 덕신리 1315-32,"728,074,200","509,652,000",낙찰,"591,116,000",81.2%,2021-12-09,2021_4Q,3
울산 6계 2019-113323,아파트,아파트,아파트,울산,북구,"울산 북구 천곡동 674 ,1054-21 천곡웰빙 101동 2층 201호","168,000,000","117,600,000",낙찰,"150,000,000",89.3%,2021-12-21,2021_4Q,3
울산 5계 2019-113514,아파트,아파트,아파트,울산,남구,울산 남구 야음동 383-1 삼한힐파크 102동 4층 406호,"189,000,000","132,300,000",낙찰,"218,999,000",115.9%,2021-12-28,2021_4Q,3
울산 7계 2019-113620,공장,공장(지식산업센터 업무시설),공장,울산,울주군,울산 울주군 웅촌면 은현리 1-35 1동호,"2,279,079,260","1,595,355,000",낙찰,"1,712,100,000",75.1%,2021-08-17,2021_3Q,3
울산 1계 2019-114005,공장,공장(지식산업센터 업무시설),공장,울산,울주군,울산 울주군 온산읍 화산리 397-4 A동,"5,944,842,130","2,912,972,000",낙찰,"3,412,890,000",57.4%,2021-11-17,2021_4Q,3
울산 3계 2019-114135,공장,공장(지식산업센터 업무시설),공장,울산,울주군,울산 울주군 온산읍 학남리 427-3 A동호,"1,747,350,400","1,223,145,000",낙찰,"1,700,000,000",97.3%,2021-08-11,2021_3Q,3
울산 8계 2020-300,다세대,다세대주택,다세대,울산,북구,울산 북구 양정동 530-8 그린빌리지 109동 1층 101호,"105,000,000","73,500,000",낙찰,"98,113,000",93.4%,2021-12-07,2021_4Q,3
울산 2계 2020-805(3),오피스텔(주거),오피스텔,오피스텔(업무용),울산,중구,울산 중구 반구동 703-1 럭키빌리지 1층 114호,"34,000,000","8,163,000",낙찰,"8,610,000",25.3%,2021-07-21,2021_3Q,3
울산 2계 2020-805(5),오피스텔(주거),오피스텔,오피스텔(업무용),울산,중구,울산 중구 반구동 703-1 럭키빌리지 2층 205호,"37,000,000","6,219,000",낙찰,"13,300,000",35.9%,2021-08-25,2021_3Q,3
울산 5계 2020-1013(2),다가구,다가구,다가구,울산,남구,울산 남구 무거동 1257-7,"387,668,100","271,368,000",낙찰,"287,989,000",74.3%,2021-12-28,2021_4Q,3
울산 8계 2020-1396,다세대,다세대주택,다세대,울산,중구,"울산 중구 학성동 340-6 ,340-15 동원빌라 A동 2층 201호","63,600,000","44,520,000",낙찰,"44,520,000",70.0%,2021-07-20,2021_3Q,3
울산 8계 2020-1501,숙박시설,숙박시설,숙박시설,울산,울주군,울산 울주군 상북면 등억알프스리 507-3,"3,144,150,760","1,078,444,000",낙찰,"1,136,160,000",36.1%,2021-09-28,2021_3Q,3
울산 10계 2020-1600(1),관리사,기타건물,기타건물,울산,울주군,"울산 울주군 삼남읍 교동리 150-2 ,-1,-3 다동","1,837,556,240","1,286,289,000",낙찰,"1,712,260,000",93.2%,2021-08-26,2021_3Q,3
울산 10계 2020-1600(2),전,전,전,울산,울주군,울산 울주군 삼남읍 교동리 151-4,"441,440,000","309,008,000",낙찰,"402,000,000",91.1%,2021-08-26,2021_3Q,3
울산 10계 2020-2184,근린상가,근린상가,근린상가,울산,울주군,울산 울주군 범서읍 천상리 654-1,"2,751,536,180","1,348,253,000",낙찰,"1,852,000,000",67.3%,2021-08-26,2021_3Q,3
울산 10계 2020-4043,오피스텔(상가),근린상가,오피스텔(업무용),울산,동구,울산 동구 전하동 639-8 전하동에스오션타워 2층 204호,"262,000,000","62,906,000",낙찰,"89,600,000",34.2%,2021-11-04,2021_4Q,3
울산 1계 2020-4302,아파트,아파트,아파트,울산,남구,"울산 남구 옥동 191-58 ,-59 성도 5층 505호","200,000,000","140,000,000",낙찰,"212,700,000",106.3%,2021-08-19,2021_3Q,3
울산 1계 2020-4647,단독주택,단독,단독주택,울산,동구,울산 동구 주전동 291-10,"1,012,761,800","496,253,000",낙찰,"683,800,000",67.5%,2021-10-13,2021_4Q,3
울산 7계 2020-4692(1),오피스텔(주거),오피스텔,오피스텔(업무용),울산,울주군,울산 울주군 웅촌면 곡천리 895-4 화목캐슬타운1차 2층 204호,"146,000,000","102,200,000",낙찰,"106,279,000",72.8%,2021-11-30,2021_4Q,3
울산 7계 2020-4692(2),오피스텔,오피스텔,오피스텔(업무용),울산,울주군,울산 울주군 웅촌면 곡천리 895-4 화목캐슬타운1차 3층 304호,"146,000,000","71,540,000",낙찰,"85,050,000",58.3%,2021-08-17,2021_3Q,3
울산 1계 2020-4753,아파트,아파트,아파트,울산,남구,울산 남구 신정동 1639-1 문수로아이파크 103동 15층 1504호,"1,250,000,000","612,500,000",낙찰,"988,885,000",79.1%,2021-08-19,2021_3Q,3
울산 1계 2020-5220(1),오피스텔,오피스텔,오피스텔(업무용),울산,남구,울산 남구 무거동 299-10 남운프라자 5층 502호,"555,000,000","190,365,000",낙찰,"329,300,000",59.3%,2021-10-13,2021_4Q,3
울산 1계 2020-5220(2),오피스텔,오피스텔,오피스텔(업무용),울산,남구,울산 남구 무거동 299-10 남운프라자 5층 503호,"220,000,000","75,460,000",낙찰,"116,400,000",52.9%,2021-10-13,2021_4Q,3
울산 1계 2020-5220(3),오피스텔,오피스텔,오피스텔(업무용),울산,남구,울산 남구 무거동 299-10 남운프라자 5층 505호,"119,000,000","83,300,000",낙찰,"83,600,000",70.3%,2021-10-13,2021_4Q,3
울산 3계 2020-5558,단독주택,단독,단독주택,울산,동구,울산 동구 방어동 353-7,"363,900,000","178,311,000",낙찰,"248,699,000",68.3%,2021-10-06,2021_4Q,3
울산 10계 2020-5688,숙박시설,숙박시설,숙박시설,울산,울주군,울산 울주군 상북면 등억알프스리 532-1,"3,023,940,850","1,037,212,000",낙찰,"1,040,000,000",34.4%,2021-07-22,2021_3Q,3
울산 5계 2020-5732,임야,임야,임야,울산,남구,울산 남구 무거동 산90,"52,892,800","37,025,000",낙찰,"37,525,000",70.9%,2021-08-12,2021_3Q,3
울산 8계 2020-5886,단독주택,단독,단독주택,울산,중구,"울산 중구 남외동 328 ,329","262,654,960","128,701,000",낙찰,"163,000,000",62.1%,2021-12-07,2021_4Q,3
울산 1계 2020-6063(2),근린상가,근린상가,근린상가,울산,울주군,울산 울주군 언양읍 서부리 291-2 우리아동병원 1층 111호,"339,000,000","339,000,000",낙찰,"342,000,000",100.9%,2021-10-13,2021_4Q,3
울산 1계 2020-6063(3),근린상가,근린상가,근린상가,울산,울주군,울산 울주군 언양읍 서부리 291-2 우리아동병원 1층 112호,"385,000,000","269,500,000",낙찰,"285,000,000",74.0%,2021-11-17,2021_4Q,3
울산 7계 2020-6179,단독주택,단독,단독주택,울산,동구,울산 동구 화정동 860-24,"339,860,440","166,531,000",낙찰,"203,010,000",59.7%,2021-07-13,2021_3Q,3
울산 10계 2020-6322,다세대,다세대주택,다세대,울산,동구,울산 동구 방어동 910-1 대영빌라 A동 2층 202호,"111,000,000","54,390,000",낙찰,"73,888,000",66.6%,2021-07-22,2021_3Q,3
울산 1계 2020-6339,임야,임야,임야,울산,울주군,울산 울주군 두서면 내와리 산68-25,"790,685,000","387,436,000",낙찰,"455,000,000",57.5%,2021-10-13,2021_4Q,3
울산 3계 2020-6360,답,답,답,울산,울주군,울산 울주군 상북면 지내리 149-3,"328,111,000","160,775,000",낙찰,"210,000,000",64.0%,2021-07-07,2021_3Q,3
울산 7계 2020-6506,아파트,아파트,아파트,울산,남구,울산 남구 선암동 626 강남파크맨션 가동 10층 1008호,"107,000,000","74,900,000",낙찰,"97,199,000",90.8%,2021-07-13,2021_3Q,3
울산 8계 2020-6636,근린상가,근린상가,근린상가,울산,동구,울산 동구 전하동 544-256,"1,851,065,100","1,851,065,100",낙찰,"2,053,280,000",110.9%,2021-11-02,2021_4Q,3
울산 10계 2020-6667,다세대,다세대주택,다세대,울산,북구,울산 북구 진장동 진장명촌지구46블럭5놋트 조은빌리지 2층 201호,"200,000,000","98,000,000",낙찰,"114,190,000",57.1%,2021-07-22,2021_3Q,3
울산 5계 2020-6742(1),과수원,과수원,과수원,울산,울주군,울산 울주군 서생면 신암리 150-7,"335,180,000","335,180,000",낙찰,"432,000,000",128.9%,2021-07-08,2021_3Q,3
울산 5계 2020-6742(2),임야,임야,임야,울산,울주군,울산 울주군 서생면 신암리 150-8,"274,198,000","274,198,000",낙찰,"275,762,000",100.6%,2021-10-19,2021_4Q,3
울산 7계 2020-6759,단독주택,단독,단독주택,울산,울주군,울산 울주군 상북면 이천리 330 1호동호,"288,556,000","201,989,000",낙찰,"262,000,000",90.8%,2021-09-08,2021_3Q,3
울산 6계 2020-6773,전,전,전,울산,동구,울산 동구 방어동 150-3,"979,940,000","685,958,000",낙찰,"750,100,000",76.5%,2021-09-07,2021_3Q,3
울산 5계 2020-6940(2),답,답,답,울산,울주군,울산 울주군 범서읍 척과리 401-2,"335,680,000","335,680,000",낙찰,"612,340,000",182.4%,2021-10-19,2021_4Q,3
울산 5계 2020-6940(3),임야,임야,임야,울산,울주군,울산 울주군 범서읍 척과리 산184-4,"96,210,000","96,210,000",낙찰,"170,000,000",176.7%,2021-10-19,2021_4Q,3
울산 1계 2020-6971(1),단독주택,단독,단독주택,울산,울주군,울산 울주군 상북면 궁근정리 710-1,"321,679,270","225,175,000",낙찰,"280,110,000",87.1%,2021-10-13,2021_4Q,3
울산 1계 2020-6971(2),식물관련시설,기타건물,기타건물,울산,울주군,울산 울주군 상북면 궁근정리 710-8,"275,584,000","192,909,000",낙찰,"203,000,000",73.7%,2021-10-13,2021_4Q,3
울산 8계 2020-7127,답,답,답,울산,울주군,울산 울주군 두서면 내와리 1036,"7,845,860","3,844,000",낙찰,"4,850,000",61.8%,2021-07-20,2021_3Q,3
울산 7계 2020-7257,노유자시설,기타건물,노유자시설,울산,북구,울산 북구 천곡동 542-2,"943,398,000","943,398,000",낙찰,"1,055,500,000",111.9%,2021-09-08,2021_3Q,3
울산 2계 2020-7318(1),임야,임야,임야,울산,울주군,울산 울주군 웅촌면 대복리 산150,"38,080,000","9,143,000",낙찰,"11,500,000",30.2%,2021-09-29,2021_3Q,3
울산 2계 2020-7318(2),임야,임야,임야,울산,울주군,울산 울주군 웅촌면 대복리 산157,"495,870,000","83,341,000",낙찰,"102,030,700",20.6%,2021-11-03,2021_4Q,3
울산 2계 2020-7318(3),임야,임야,임야,울산,울주군,울산 울주군 웅촌면 석천리 산5-1,"80,928,000","19,431,000",낙찰,"23,320,000",28.8%,2021-09-29,2021_3Q,3
울산 2계 2020-7318(4),임야,임야,임야,울산,울주군,울산 울주군 웅촌면 석천리 산6-7,"83,340,000","20,010,000",낙찰,"24,110,000",28.9%,2021-09-29,2021_3Q,3
울산 4계 2020-7332(2),임야,임야,임야,울산,울주군,울산 울주군 범서읍 망성리 278-13,"145,755,000","49,994,000",낙찰,"77,798,000",53.4%,2021-08-05,2021_3Q,3
울산 5계 2020-7400(1),답,답,답,울산,울주군,울산 울주군 상북면 소호리 988-1,"16,698,000","8,182,000",낙찰,"11,891,000",71.2%,2021-10-19,2021_4Q,3
울산 5계 2020-7400(2),임야,임야,임야,울산,울주군,울산 울주군 상북면 소호리 산168,"646,522,900","316,796,000",낙찰,"386,990,000",59.9%,2021-10-19,2021_4Q,3
울산 10계 2020-7479(2),근린상가,근린상가,근린상가,울산,울주군,울산 울주군 두동면 봉계리 531-8 가동,"597,459,000","292,755,000",낙찰,"316,000,000",52.9%,2021-07-22,2021_3Q,3
울산 10계 2020-7561,단독주택,단독,단독주택,울산,북구,울산 북구 양정동 556-4,"215,486,500","73,912,000",낙찰,"102,000,000",47.3%,2021-08-26,2021_3Q,3
울산 6계 2020-7578,단독주택,단독,단독주택,울산,북구,울산 북구 양정동 551-12,"326,893,100","112,125,000",낙찰,"154,100,000",47.1%,2021-08-03,2021_3Q,3
울산 3계 2020-7660(1),임야,임야,임야,울산,울주군,울산 울주군 두동면 구미리 141-8,"256,200,000","179,340,000",낙찰,"215,985,000",84.3%,2021-07-07,2021_3Q,3
울산 3계 2020-7660(2),임야,임야,임야,울산,울주군,울산 울주군 두동면 구미리 141-40,"150,288,000","105,202,000",낙찰,"153,300,000",102.0%,2021-07-07,2021_3Q,3
울산 3계 2020-7684,아파트,아파트,아파트,울산,북구,울산 북구 중산동 622 현대 201동 1층 112호,"60,300,000","42,210,000",낙찰,"51,699,900",85.7%,2021-12-15,2021_4Q,3
울산 7계 2020-7721,대지,나대지,나대지,울산,동구,울산 동구 화정동 646-12,"790,276,200","387,235,000",낙찰,"422,690,000",53.5%,2021-09-08,2021_3Q,3
울산 5계 2020-7776(1),주상복합(주거),기타토지,기타토지,울산,동구,울산 동구 방어동 925-10 하우스토리 2층 202호,"326,000,000","159,740,000",낙찰,"230,000,000",70.6%,2021-07-08,2021_3Q,3
울산 5계 2020-7776(3),주상복합(주거),기타토지,기타토지,울산,동구,울산 동구 방어동 925-10 하우스토리 11층 1101호,"325,000,000","159,250,000",낙찰,"201,234,000",61.9%,2021-07-08,2021_3Q,3
울산 3계 2020-7806,아파트,아파트,아파트,울산,동구,"울산 동구 서부동 257-30 ,269-7 현대패밀리서부2차 201동 6층 608호","102,000,000","71,400,000",낙찰,"105,100,000",103.0%,2021-07-07,2021_3Q,3
울산 7계 2020-7837,아파트,아파트,아파트,울산,중구,울산 중구 반구동 51-11 삼일 3층 305호,"119,000,000","83,300,000",낙찰,"112,000,000",94.1%,2021-09-08,2021_3Q,3
울산 8계 2020-7844,다세대,다세대주택,다세대,울산,중구,울산 중구 반구동 596-9 태웅빌라 A동 2층 201호,"93,000,000","45,570,000",낙찰,"60,600,000",65.2%,2021-07-20,2021_3Q,3
울산 1계 2020-7905,아파트,아파트,아파트,울산,울주군,울산 울주군 서생면 진하리 73-3 진하비취 10층 1005호,"101,000,000","49,490,000",낙찰,"68,159,990",67.5%,2021-07-15,2021_3Q,3
울산 1계 2020-8021,아파트,아파트,아파트,울산,남구,울산 남구 무거동 1184-1 주공 101동 3층 311호,"190,000,000","190,000,000",낙찰,"271,000,000",142.6%,2021-10-13,2021_4Q,3
울산 9계 2020-8052,아파트,아파트,아파트,울산,북구,울산 북구 중산동 1010-1 약수제일 B-다동 15층 1505호,"85,000,000","59,500,000",낙찰,"70,080,000",82.4%,2021-07-29,2021_3Q,3
울산 1계 2020-8175,단독주택,단독,단독주택,울산,중구,울산 중구 반구동 722-7,"265,105,510","185,574,000",낙찰,"216,777,000",81.8%,2021-07-15,2021_3Q,3
울산 10계 2020-8274(1),다세대,다세대주택,다세대,울산,남구,울산 남구 무거동 1166-4 명동빌라 지하층 101호,"31,000,000","15,190,000",낙찰,"16,200,000",52.3%,2021-07-22,2021_3Q,3
울산 10계 2020-8274(2),다세대,다세대주택,다세대,울산,남구,울산 남구 무거동 1166-4 명동빌라 지하층 102호,"34,000,000","16,660,000",낙찰,"17,670,000",52.0%,2021-07-22,2021_3Q,3
울산 2계 2020-8281,다세대,다세대주택,다세대,울산,중구,울산 중구 동동 471-7 고은빌라 4층 401호,"69,000,000","23,667,000",낙찰,"30,610,000",44.4%,2021-07-21,2021_3Q,3
울산 9계 2020-8373,다가구,다가구,다가구,울산,동구,울산 동구 전하동 550-93,"722,537,300","354,043,000",낙찰,"446,000,000",61.7%,2021-09-02,2021_3Q,3
울산 5계 2020-8434(2),과수원,과수원,과수원,울산,울주군,울산 울주군 서생면 나사리 404-7,"3,278,100,000","1,606,269,000",낙찰,"2,058,800,000",62.8%,2021-08-12,2021_3Q,3
울산 9계 2020-8489,다세대,다세대주택,다세대,울산,울주군,울산 울주군 온산읍 덕신리 487-5 글샘빌라2차 3층 301호,"40,000,000","28,000,000",낙찰,"30,050,000",75.1%,2021-07-29,2021_3Q,3
울산 5계 2020-8571,다세대,다세대주택,다세대,울산,중구,울산 중구 서동 45-3 강동빌라 B동 4층 401호,"92,700,000","45,423,000",낙찰,"58,900,000",63.5%,2021-08-12,2021_3Q,3
울산 7계 2020-8601,연립,연립주택,연립·빌라,울산,남구,"울산 남구 무거동 849-6 ,-7,-8 청수빌라 4층 502호","304,000,000","212,800,000",낙찰,"316,000,000",103.9%,2021-11-30,2021_4Q,3
울산 2계 2020-8663,대지,나대지,나대지,울산,울주군,울산 울주군 서생면 진하리 298-20,"299,362,500","209,554,000",낙찰,"225,000,000",75.2%,2021-08-25,2021_3Q,3
울산 5계 2020-8717,아파트,아파트,아파트,울산,울주군,울산 울주군 언양읍 반송리 425-6 반송대방 102동 8층 805호,"137,000,000","67,130,000",낙찰,"97,199,990",70.9%,2021-08-12,2021_3Q,3
울산 5계 2020-8724,임야,임야,임야,울산,울주군,울산 울주군 두서면 구량리 산37,"245,037,780","41,184,000",낙찰,"44,300,000",18.1%,2021-12-28,2021_4Q,3
울산 2계 2020-8793,답,답,답,울산,울주군,울산 울주군 상북면 산전리 1029-3,"26,532,000","18,572,000",낙찰,"21,750,000",82.0%,2021-07-21,2021_3Q,3
울산 7계 2020-8816,임야,임야,임야,울산,울주군,울산 울주군 삼동면 하잠리 산415,"1,442,970,000","494,939,000",낙찰,"568,000,000",39.4%,2021-10-20,2021_4Q,3
울산 1계 2020-8892,답,답,답,울산,울주군,울산 울주군 상북면 산전리 1026-4,"86,850,000","42,557,000",낙찰,"45,300,000",52.2%,2021-08-19,2021_3Q,3
울산 7계 2020-8946,단독주택,단독,단독주택,울산,남구,"울산 남구 장생포동 144-17 ,-30","258,134,140","258,134,140",낙찰,"283,333,000",109.8%,2021-11-30,2021_4Q,3
울산 10계 2020-9017,아파트,아파트,아파트,울산,동구,울산 동구 화정동 876-1 화정동명성블루빌3차 9층 901호,"278,000,000","194,600,000",낙찰,"201,099,000",72.3%,2021-07-22,2021_3Q,3
울산 3계 2020-9048,답,답,답,울산,울주군,울산 울주군 서생면 화산리 638-5,"58,608,000","28,718,000",낙찰,"31,550,000",53.8%,2021-08-11,2021_3Q,3
울산 7계 2020-9130,근린주택,근린주택,근린주택,울산,중구,울산 중구 성안동 403-12,"870,308,900","426,451,000",낙찰,"642,380,000",73.8%,2021-09-08,2021_3Q,3
울산 8계 2020-9161,숙박시설,숙박시설,숙박시설,울산,울주군,울산 울주군 상북면 등억알프스리 516-12,"1,914,492,000","938,101,000",낙찰,"1,041,230,000",54.4%,2021-12-07,2021_4Q,3
울산 3계 2020-9260,아파트,아파트,아파트,울산,동구,울산 동구 동부동 672 남목현대 102동 7층 701호,"79,000,000","55,300,000",낙찰,"66,577,000",84.3%,2021-10-06,2021_4Q,3
울산 6계 2020-9291,단독주택,단독,단독주택,울산,중구,울산 중구 옥교동 316-7,"309,604,800","309,604,800",낙찰,"388,600,000",125.5%,2021-10-12,2021_4Q,3
울산 7계 2020-9321,아파트,아파트,아파트,울산,동구,"울산 동구 서부동 257-30 ,269-7 현대패밀리서부2차 203동 1층 108호","115,000,000","115,000,000",낙찰,"135,500,000",117.8%,2021-10-20,2021_4Q,3
울산 9계 2020-9345,답,답,답,울산,울주군,울산 울주군 두서면 미호리 326-6,"838,053,800","410,647,000",낙찰,"568,800,000",67.9%,2021-09-02,2021_3Q,3
울산 10계 2020-9352,선박,기타토지,기타토지,울산,동구,울산 동구 방어동 방어진항(오션선박)내 보관,"291,385,080","142,779,000",낙찰,"142,779,000",49.0%,2021-07-22,2021_3Q,3
울산 3계 2020-9390,아파트,아파트,아파트,울산,중구,울산 중구 복산동 40-9 번영로드림파크 13층 1302호,"99,000,000","69,300,000",낙찰,"85,150,000",86.0%,2021-10-06,2021_4Q,3
울산 7계 2020-9420,아파트,아파트,아파트,울산,동구,울산 동구 방어동 505 현대비치 101동 10층 1001호,"150,000,000","105,000,000",낙찰,"135,777,000",90.5%,2021-11-30,2021_4Q,3
울산 8계 2020-9468,아파트상가,아파트상가,근린상가,울산,울주군,울산 울주군 온양읍 발리 1311 울산온양서희스타힐스 113동 111호,"261,000,000","182,700,000",낙찰,"208,999,990",80.1%,2021-08-24,2021_3Q,3
울산 9계 2020-9475,답,답,답,울산,울주군,울산 울주군 언양읍 반천리 66-2,"193,050,000","135,135,000",낙찰,"137,100,000",71.0%,2021-07-29,2021_3Q,3
울산 10계 2020-9482,단독주택,단독,단독주택,울산,동구,울산 동구 화정동 607-4,"224,539,440","77,018,000",낙찰,"81,100,000",36.1%,2021-08-26,2021_3Q,3
울산 1계 2020-9499,단독주택,단독,단독주택,울산,동구,울산 동구 화정동 641-22,"344,382,780","168,748,000",낙찰,"181,999,000",52.8%,2021-08-19,2021_3Q,3
울산 3계 2020-9529,아파트,아파트,아파트,울산,북구,"울산 북구 상안동 381-1 ,369-6,371-11,1204-21,천곡동 409,1022-12 쌍용아진그린타운2차 210동 5층 501호","147,000,000","147,000,000",낙찰,"181,890,000",123.7%,2021-08-11,2021_3Q,3
울산 3계 2020-9574,차량,기타토지,기타토지,울산,울주군,울산 울주군 범서읍 굴화리 348-1 복산주차장내 보관,"4,500,000","3,150,000",낙찰,"3,730,000",82.9%,2021-07-07,2021_3Q,3
울산 2계 2020-9673,단독주택,단독,단독주택,울산,울주군,울산 울주군 온산읍 삼평리 931-1,"204,839,000","143,387,000",낙찰,"149,100,000",72.8%,2021-07-21,2021_3Q,3
울산 3계 2020-9840,답,답,답,울산,북구,울산 북구 신명동 282-12,"1,654,843,000","1,158,390,000",낙찰,"1,194,444,447",72.2%,2021-11-10,2021_4Q,3
울산 5계 2020-9888,다세대,다세대주택,다세대,울산,동구,울산 동구 방어동 1161-2 목원빌라 B동 4층 401호,"149,000,000","104,300,000",낙찰,"111,700,000",75.0%,2021-08-12,2021_3Q,3
울산 9계 2020-9963,오피스텔,오피스텔,오피스텔(업무용),울산,동구,울산 동구 전하동 312-7 필레오 11층 1101호,"161,000,000","112,700,000",낙찰,"135,000,000",83.9%,2021-07-29,2021_3Q,3
울산 3계 2020-10048,아파트상가,아파트상가,근린상가,울산,북구,"울산 북구 천곡동 940-6 ,-7,-9 농소대동한마음타운 106동 1층 106호","196,000,000","196,000,000",낙찰,"265,000,000",135.2%,2021-08-11,2021_3Q,3
울산 5계 2020-10062,다세대,다세대주택,다세대,울산,중구,울산 중구 성안동 494-11 더드림힐 3층 301호,"200,000,000","140,000,000",낙찰,"165,000,000",82.5%,2021-07-08,2021_3Q,3
울산 6계 2020-10079,아파트,아파트,아파트,울산,중구,울산 중구 옥교동 319-3 일진 B동 내4층 505호,"138,000,000","138,000,000",낙찰,"280,000,000",202.9%,2021-10-12,2021_4Q,3
울산 7계 2020-10093,근린상가,근린상가,근린상가,울산,북구,"울산 북구 산하동 산61-4 ,226-1 1층 101호","379,000,000","265,300,000",낙찰,"265,500,000",70.1%,2021-11-30,2021_4Q,3
울산 8계 2020-10109,근린상가,근린상가,근린상가,울산,북구,"울산 북구 산하동 산61-4 ,226-1 1층 103호","379,000,000","185,710,000",낙찰,"238,380,000",62.9%,2021-11-02,2021_4Q,3
울산 9계 2020-10116,근린상가,근린상가,근린상가,울산,북구,"울산 북구 산하동 산61-4 ,266-1 1층 106호","379,000,000","185,710,000",낙찰,"299,999,999",79.2%,2021-09-02,2021_3Q,3
울산 3계 2020-10192,아파트,아파트,아파트,울산,중구,울산 중구 반구동 742 금성 B동 4층 403호,"113,000,000","79,100,000",낙찰,"97,111,000",85.9%,2021-10-06,2021_4Q,3
울산 5계 2020-10222,대지,나대지,나대지,울산,북구,울산 북구 신명동 4,"744,820,000","521,374,000",낙찰,"670,400,000",90.0%,2021-07-08,2021_3Q,3
울산 6계 2020-10253,아파트,아파트,아파트,울산,울주군,울산 울주군 범서읍 천상리 605 천상국태그린빌 102동 10층 1012호,"105,000,000","73,500,000",낙찰,"107,777,999",102.6%,2021-08-03,2021_3Q,3
울산 7계 2020-10284,아파트,아파트,아파트,울산,동구,울산 동구 방어동 1031-3 대호하이빌16차 6층 602호,"208,000,000","145,600,000",낙찰,"201,899,000",97.1%,2021-11-30,2021_4Q,3
울산 8계 2020-10291,오피스텔(주거),오피스텔,오피스텔(업무용),울산,남구,울산 남구 야음동 832-3 동광모닝스카이 18층 102-1802호,"143,000,000","100,100,000",낙찰,"100,100,000",70.0%,2021-11-02,2021_4Q,3
울산 9계 2020-10307,근린상가,근린상가,근린상가,울산,중구,울산 중구 우정동 500-5 맨하탄시티 1층 113호,"700,000,000","240,100,000",낙찰,"277,000,000",39.6%,2021-10-05,2021_4Q,3
울산 2계 2020-10352,주상복합(주거),기타토지,기타토지,울산,중구,"울산 중구 학성동 425-5 ,-6,426-9 창우크리스탈 8층 801호","203,000,000","142,100,000",낙찰,"153,111,000",75.4%,2021-09-29,2021_3Q,3
울산 5계 2020-10390,대지,나대지,나대지,울산,남구,울산 남구 상개동 895,"91,068,800","63,748,000",낙찰,"65,113,000",71.5%,2021-08-12,2021_3Q,3
울산 8계 2020-10451,아파트,아파트,아파트,울산,남구,울산 남구 야음동 564-9 무룡파크맨션 3층 303호,"132,000,000","132,000,000",낙찰,"133,999,900",101.5%,2021-09-28,2021_3Q,3
울산 10계 2020-10505,대지,나대지,나대지,울산,북구,울산 북구 신천동 814-1,"1,889,895,000","1,322,927,000",낙찰,"1,452,100,000",76.8%,2021-08-26,2021_3Q,3
울산 1계 2020-10512,오피스텔,오피스텔,오피스텔(업무용),울산,남구,"울산 남구 신정동 167-33 ,-15 동해오피스텔 2동 4층 405호","61,000,000","29,890,000",낙찰,"40,500,000",66.4%,2021-10-13,2021_4Q,3
울산 3계 2020-10536,점포,근린상가,점포상가,울산,북구,"울산 북구 양정동 625-14 ,-11","1,370,359,060","1,370,359,060",낙찰,"1,530,900,000",111.7%,2021-12-15,2021_4Q,3
울산 1계 2020-10574,임야,임야,임야,울산,울주군,울산 울주군 청량읍 개곡리 산92-1,"28,608,000","20,026,000",낙찰,"26,880,000",94.0%,2021-08-19,2021_3Q,3
울산 9계 2020-10604,다세대,다세대주택,다세대,울산,중구,울산 중구 남외동 10-4 성지빌라 3층 301호,"140,000,000","68,600,000",낙찰,"117,999,900",84.3%,2021-09-02,2021_3Q,3
울산 1계 2020-10635,임야,임야,임야,울산,울주군,울산 울주군 상북면 이천리 산66,"98,172,800","98,172,800",낙찰,"125,770,000",128.1%,2021-08-19,2021_3Q,3
울산 4계 2020-10666,아파트,아파트,아파트,울산,동구,울산 동구 방어동 324-4 베스트리움 9층 901호,"245,000,000","120,050,000",낙찰,"145,499,500",59.4%,2021-07-01,2021_3Q,3
울산 3계 2020-10697,아파트,아파트,아파트,울산,동구,울산 동구 서부동 284-1 한아름현대 103동 6층 607호,"92,000,000","64,400,000",낙찰,"82,999,000",90.2%,2021-10-06,2021_4Q,3
울산 9계 2020-10789,임야,임야,임야,울산,남구,울산 남구 두왕동 산16,"99,841,000","48,922,000",낙찰,"49,550,010",49.6%,2021-09-02,2021_3Q,3
울산 1계 2020-10826,주상복합(주거),기타토지,기타토지,울산,중구,울산 중구 학산동 16-7 금광타워3차 2층 203호,"257,000,000","257,000,000",낙찰,"257,001,000",100.0%,2021-07-15,2021_3Q,3
울산 3계 2020-10840,아파트,아파트,아파트,울산,울주군,울산 울주군 온양읍 발리 1307 여울목 106동 7층 701호,"327,000,000","327,000,000",낙찰,"348,530,000",106.6%,2021-08-11,2021_3Q,3
울산 5계 2020-10871,아파트,아파트,아파트,울산,북구,울산 북구 천곡동 1136 벽산블루밍 107동 4층 402호,"336,000,000","336,000,000",낙찰,"378,900,000",112.8%,2021-07-08,2021_3Q,3
울산 6계 2020-10888,아파트,아파트,아파트,울산,중구,울산 중구 남외동 508-1 삼환나우빌2단지 103동 7층 706호,"443,000,000","443,000,000",낙찰,"500,010,000",112.9%,2021-08-03,2021_3Q,3
울산 5계 2020-11041,오피스텔(상가),근린상가,오피스텔(업무용),울산,북구,울산 북구 산하동 33-1 3층 근린시설호,"686,000,000","235,298,000",낙찰,"240,200,000",35.0%,2021-11-23,2021_4Q,3
울산 7계 2020-11089(2),임야,임야,임야,울산,울주군,울산 울주군 온산읍 덕신리 산76-11,"75,620,000","52,934,000",낙찰,"56,725,720",75.0%,2021-11-30,2021_4Q,3
울산 7계 2020-11089(3),임야,임야,임야,울산,울주군,울산 울주군 온산읍 덕신리 69-11,"5,321,000","3,725,000",낙찰,"6,130,000",115.2%,2021-11-30,2021_4Q,3
울산 7계 2020-11096,아파트,아파트,아파트,울산,동구,울산 동구 전하동 768 늘푸른 103동 9층 901호,"80,000,000","80,000,000",낙찰,"90,000,000",112.5%,2021-11-30,2021_4Q,3
울산 9계 2020-11126,아파트,아파트,아파트,울산,남구,울산 남구 신정동 1852 신성미소지움 106동 17층 1704호,"633,000,000","633,000,000",낙찰,"675,200,000",106.7%,2021-07-29,2021_3Q,3
울산 1계 2020-11140,단독주택,단독,단독주택,울산,울주군,울산 울주군 온산읍 덕신리 43-9,"360,934,500","176,858,000",낙찰,"178,900,000",49.6%,2021-10-13,2021_4Q,3
울산 9계 2020-11188,아파트,아파트,아파트,울산,울주군,울산 울주군 범서읍 천상리 605 천상국태그린빌 102동 1층 109호,"100,000,000","70,000,000",낙찰,"110,152,900",110.2%,2021-09-02,2021_3Q,3
울산 10계 2020-11201,다세대,다세대주택,다세대,울산,동구,울산 동구 전하동 544-261 동우빌라 가동 1층 101호,"89,000,000","43,610,000",낙찰,"65,010,000",73.0%,2021-08-26,2021_3Q,3
울산 5계 2020-11256,과수원,과수원,과수원,울산,중구,울산 중구 다운동 890-4,"82,701,000","82,701,000",낙찰,"85,379,900",103.2%,2021-07-08,2021_3Q,3
울산 2계 2020-11348,아파트,아파트,아파트,울산,북구,울산 북구 산하동 968-1 울산블루마시티푸르지오 103동 14층 1401호,"211,000,000","211,000,000",낙찰,"225,500,000",106.9%,2021-07-21,2021_3Q,3
울산 1계 2020-11355,아파트,아파트,아파트,울산,동구,울산 동구 동부동 421 벽산유토피아 102동 13층 1312호,"99,000,000","99,000,000",낙찰,"102,000,000",103.0%,2021-07-15,2021_3Q,3
울산 1계 2020-11454,숙박시설,숙박시설,숙박시설,울산,울주군,울산 울주군 상북면 등억알프스리 534-2,"2,554,665,880","1,251,786,000",낙찰,"1,256,999,900",49.2%,2021-10-13,2021_4Q,3
울산 3계 2020-11478,아파트,아파트,아파트,울산,동구,"울산 동구 방어동 917-3 ,-4 한양코아맨션 9층 906호","87,000,000","87,000,000",낙찰,"107,000,000",123.0%,2021-10-06,2021_4Q,3
울산 9계 2020-11560,오피스텔,오피스텔,오피스텔(업무용),울산,동구,"울산 동구 방어동 359-1 ,-7 태성시티타워 2층 201호","108,000,000","52,920,000",낙찰,"65,675,000",60.8%,2021-10-05,2021_4Q,3
울산 10계 2020-11577(1),대지,나대지,나대지,울산,울주군,울산 울주군 삼동면 조일리 359,"146,960,000","146,960,000",낙찰,"302,400,000",205.8%,2021-07-22,2021_3Q,3
울산 10계 2020-11577(2),임야,임야,임야,울산,울주군,울산 울주군 삼동면 조일리 산288-5,"77,250,000","77,250,000",낙찰,"87,361,000",113.1%,2021-07-22,2021_3Q,3
울산 10계 2020-11577(3),임야,임야,임야,울산,울주군,울산 울주군 삼동면 조일리 산276-2,"52,860,000","52,860,000",낙찰,"61,200,000",115.8%,2021-07-22,2021_3Q,3
울산 1계 2020-11607,아파트,아파트,아파트,울산,남구,울산 남구 달동 119-1 주공 202동 1층 105호,"103,000,000","103,000,000",낙찰,"150,556,000",146.2%,2021-07-15,2021_3Q,3
울산 2계 2020-11614,아파트,아파트,아파트,울산,북구,울산 북구 천곡동 940-1 우방 102동 2층 201호,"54,000,000","37,800,000",낙찰,"53,900,000",99.8%,2021-08-25,2021_3Q,3
울산 6계 2020-11676,대지,나대지,나대지,울산,동구,울산 동구 방어동 150-5,"268,920,000","131,771,000",낙찰,"161,000,000",59.9%,2021-10-12,2021_4Q,3
울산 1계 2020-11720,공장,공장(지식산업센터 업무시설),공장,울산,북구,울산 북구 효문동 816-5,"3,360,138,102","2,352,097,000",낙찰,"3,000,000,000",89.3%,2021-07-15,2021_3Q,3
울산 3계 2020-11850,아파트,아파트,아파트,울산,동구,"울산 동구 동부동 150 ,-1,218-1,592-20 현대패밀리동부 115동 4층 405호","82,000,000","82,000,000",낙찰,"91,111,000",111.1%,2021-10-06,2021_4Q,3
울산 6계 2020-11904,아파트,아파트,아파트,울산,동구,울산 동구 동부동 341-2 B동 4층 505호,"51,000,000","24,990,000",낙찰,"27,388,880",53.7%,2021-10-12,2021_4Q,3
울산 9계 2020-11973,단독주택,단독,단독주택,울산,동구,울산 동구 방어동 125-7 2호,"733,353,700","359,344,000",낙찰,"534,300,000",72.9%,2021-10-05,2021_4Q,3
울산 6계 2020-12051,아파트,아파트,아파트,울산,울주군,울산 울주군 삼남읍 교동리 1522-5 태봉파크 102동 12층 1203호,"87,000,000","60,900,000",낙찰,"71,000,000",81.6%,2021-08-03,2021_3Q,3
울산 2계 2020-12198,아파트상가,아파트상가,근린상가,울산,남구,"울산 남구 신정동 1880 ,1883,1884 태화강풍림엑슬루타워 판매시설동 1층 A-117호","1,420,000,000","695,800,000",낙찰,"701,000,000",49.4%,2021-09-29,2021_3Q,3
울산 5계 2020-12259,아파트,아파트,아파트,울산,동구,울산 동구 서부동 284-1 한아름현대 104동 3층 308호,"109,000,000","76,300,000",낙찰,"105,130,000",96.4%,2021-10-19,2021_4Q,3
울산 4계 2020-12440,아파트,아파트,아파트,울산,울주군,"울산 울주군 청량읍 삼정리 755 ,755-4,755-5,755-7,753-3,901 쌍용하나빌리지 305동 13층 1306호","156,000,000","156,000,000",낙찰,"175,809,000",112.7%,2021-11-18,2021_4Q,3
울산 5계 2020-12587,단독주택,단독,단독주택,울산,동구,울산 동구 서부동 491-42 1호,"200,125,000","98,062,000",낙찰,"111,550,000",55.7%,2021-12-28,2021_4Q,3
울산 9계 2020-12648,아파트,아파트,아파트,울산,동구,울산 동구 화정동 851-3 현대 705동 13층 1409호,"140,000,000","140,000,000",낙찰,"163,000,000",116.4%,2021-07-29,2021_3Q,3
울산 10계 2020-12655,전,전,전,울산,울주군,울산 울주군 범서읍 천상리 112-3,"80,085,000","56,060,000",낙찰,"64,678,900",80.8%,2021-08-26,2021_3Q,3
울산 9계 2020-12754,답,답,답,울산,울주군,울산 울주군 두서면 구량리 1005,"793,215,000","388,676,000",낙찰,"471,000,000",59.4%,2021-11-11,2021_4Q,3
울산 1계 2020-12785,아파트,아파트,아파트,울산,울주군,울산 울주군 삼남읍 교동리 1522-5 태봉파크 102동 9층 902호,"38,000,000","26,600,000",낙찰,"34,200,000",90.0%,2021-11-17,2021_4Q,3
울산 3계 2020-12815,아파트,아파트,아파트,울산,남구,울산 남구 삼산동 1547 평창2차현대 506동 12층 1207호,"326,000,000","326,000,000",낙찰,"385,000,000",118.1%,2021-10-06,2021_4Q,3
울산 6계 2020-12846,다가구,다가구,다가구,울산,동구,울산 동구 방어동 974-10,"965,481,750","675,837,000",낙찰,"679,337,000",70.4%,2021-12-21,2021_4Q,3
울산 2계 2020-12938,아파트,아파트,아파트,울산,울주군,울산 울주군 범서읍 굴화리 758 울산문수산더샵 110동 32층 3201호,"497,000,000","497,000,000",낙찰,"580,200,000",116.7%,2021-08-25,2021_3Q,3
울산 5계 2020-12952,아파트,아파트,아파트,울산,울주군,"울산 울주군 범서읍 천상리 324-2 ,-15,-27 경동태원하이빌 105동 9층 903호","103,000,000","103,000,000",낙찰,"111,999,000",108.7%,2021-10-19,2021_4Q,3
울산 6계 2020-12990,아파트,아파트,아파트,울산,남구,울산 남구 무거동 1553 신복현대 103동 2층 208호,"128,000,000","128,000,000",낙찰,"130,580,000",102.0%,2021-08-03,2021_3Q,3
울산 1계 2020-13061,다세대,다세대주택,다세대,울산,동구,울산 동구 방어동 1033-6 청안로얄빌리지 2층 201호,"165,000,000","80,850,000",낙찰,"120,138,000",72.8%,2021-12-22,2021_4Q,3
울산 3계 2020-13115,연립,연립주택,연립·빌라,울산,북구,울산 북구 중산동 954 태웅그린빌라 1층 103호,"76,000,000","53,200,000",낙찰,"58,450,000",76.9%,2021-12-15,2021_4Q,3
울산 9계 2020-13207,오피스텔,오피스텔,오피스텔(업무용),울산,동구,울산 동구 전하동 639-8 에스오션타워 6층 607호,"135,000,000","66,150,000",낙찰,"68,370,000",50.6%,2021-12-14,2021_4Q,3
울산 2계 2020-13221,아파트,아파트,아파트,울산,울주군,울산 울주군 온양읍 대안리 542 현대 101동 1층 103호,"140,000,000","140,000,000",낙찰,"150,000,000",107.1%,2021-07-21,2021_3Q,3
울산 3계 2020-13375,아파트,아파트,아파트,울산,남구,"울산 남구 야음동 796-17 ,-18 야음신선 101동 6층 602호","114,000,000","114,000,000",낙찰,"130,799,999",114.7%,2021-10-06,2021_4Q,3
울산 4계 2020-13382,묘지,기타토지,기타토지,울산,북구,울산 북구 천곡동 539,"318,308,000","318,308,000",낙찰,"477,000,000",149.9%,2021-07-01,2021_3Q,3
울산 6계 2020-13405(2),임야,임야,임야,울산,울주군,울산 울주군 서생면 대송리 산55-8,"39,393,420","27,575,000",낙찰,"40,700,000",103.3%,2021-12-21,2021_4Q,3
울산 8계 2020-13504,아파트,아파트,아파트,울산,북구,"울산 북구 매곡동 532 ,542-23,-24,-25 매곡현대 103동 7층 707호","87,000,000","87,000,000",낙찰,"90,180,000",103.7%,2021-12-07,2021_4Q,3
울산 10계 2020-13535,주상복합(주거),기타토지,기타토지,울산,동구,울산 동구 화정동 650-3 정우6차센트럴빌 101동 4층 402호,"187,000,000","187,000,000",낙찰,"187,399,990",100.2%,2021-09-30,2021_3Q,3
울산 5계 2020-13542,단독주택,단독,단독주택,울산,중구,울산 중구 옥교동 97-28,"264,342,240","185,040,000",낙찰,"248,000,000",93.8%,2021-11-23,2021_4Q,3
울산 10계 2020-13696,다세대,다세대주택,다세대,울산,울주군,울산 울주군 삼남읍 교동리 1575-11 굿파크빌 3동 2층 201호,"152,000,000","106,400,000",낙찰,"110,000,000",72.4%,2021-11-04,2021_4Q,3
울산 1계 2020-13702,주상복합(주거),기타토지,기타토지,울산,중구,울산 중구 반구동 22-19 해룡타워시티 1층 101호,"155,000,000","108,500,000",낙찰,"110,000,000",71.0%,2021-11-17,2021_4Q,3
울산 6계 2020-13818,단독주택,단독,단독주택,울산,울주군,울산 울주군 두서면 차리 312,"165,545,460","115,882,000",낙찰,"144,100,000",87.0%,2021-10-12,2021_4Q,3
울산 10계 2020-13832,임야,임야,임야,울산,울주군,울산 울주군 두동면 구미리 729-17,"632,766,000","632,766,000",낙찰,"836,000,000",132.1%,2021-09-30,2021_3Q,3
울산 1계 2020-13894,오피스텔(주거),오피스텔,오피스텔(업무용),울산,동구,울산 동구 전하동 639-8 전하동에스오션타워 11층 1105호,"136,000,000","66,640,000",낙찰,"85,880,000",63.1%,2021-12-22,2021_4Q,3
울산 10계 2020-13900,아파트,아파트,아파트,울산,남구,울산 남구 삼산동 1607-1 현대문화 201동 15층 1501호,"155,000,000","108,500,000",낙찰,"151,400,000",97.7%,2021-11-04,2021_4Q,3
울산 2계 2020-14071,아파트,아파트,아파트,울산,남구,울산 남구 삼산동 1564-1 삼산동대성스카이렉스 101동 11층 1101호,"495,000,000","495,000,000",낙찰,"533,880,000",107.9%,2021-11-03,2021_4Q,3
울산 4계 2020-14095(2),답,답,답,울산,울주군,울산 울주군 두동면 봉계리 131,"98,634,000","48,331,000",낙찰,"58,362,000",59.2%,2021-07-01,2021_3Q,3
울산 4계 2020-14095(3),답,답,답,울산,울주군,울산 울주군 두동면 봉계리 131-3,"161,874,000","55,523,000",낙찰,"66,111,000",40.8%,2021-08-05,2021_3Q,3
울산 9계 2020-14262,아파트,아파트,아파트,울산,북구,"울산 북구 중산동 617 ,621,622-3,-4,1200-26,-27 현대글로리아 101동 7층 714호","113,000,000","79,100,000",낙찰,"105,610,000",93.5%,2021-10-05,2021_4Q,3
울산 10계 2020-14279,아파트,아파트,아파트,울산,남구,울산 남구 삼산동 1538-2 평창3차현대 605동 18층 1801호,"432,000,000","302,400,000",낙찰,"528,888,888",122.4%,2021-11-04,2021_4Q,3
울산 3계 2020-14309,아파트,아파트,아파트,울산,동구,울산 동구 동부동 664 신안그린파크 A동 6층 601호,"161,000,000","112,700,000",낙찰,"145,500,000",90.4%,2021-12-15,2021_4Q,3
울산 6계 2020-14408,답,답,답,울산,북구,울산 북구 신현동 664,"290,448,000","203,314,000",낙찰,"227,800,000",78.4%,2021-11-16,2021_4Q,3
울산 2계 2020-14422(1),공장용지,공장(지식산업센터 업무시설),공장,울산,울주군,울산 울주군 온양읍 망양리 241,"2,708,400,000","1,895,880,000",낙찰,"2,190,000,000",80.9%,2021-12-08,2021_4Q,3
울산 10계 2020-14491,아파트,아파트,아파트,울산,북구,울산 북구 천곡동 940-1 우방 103동 1층 111호,"55,000,000","38,500,000",낙찰,"58,700,000",106.7%,2021-11-04,2021_4Q,3
울산 6계 2020-14521,아파트,아파트,아파트,울산,남구,울산 남구 달동 571-1 삼공맨션 5층 506호,"144,000,000","100,800,000",낙찰,"121,310,000",84.2%,2021-12-21,2021_4Q,3
울산 10계 2020-14569,아파트,아파트,아파트,울산,북구,"울산 북구 중산동 736 ,737-19,1218-5 백산그린타워 102동 3층 302호","76,000,000","53,200,000",낙찰,"81,250,000",106.9%,2021-11-04,2021_4Q,3
울산 2계 2020-14637,전,전,전,울산,북구,울산 북구 무룡동 772,"91,875,000","91,875,000",낙찰,"92,050,000",100.2%,2021-09-29,2021_3Q,3
울산 6계 2020-14743,아파트,아파트,아파트,울산,울주군,"울산 울주군 청량읍 삼정리 755 ,-4,-5,-7,753-3,901 쌍용하나빌리지 207동 2층 205호","143,000,000","143,000,000",낙찰,"151,000,000",105.6%,2021-10-12,2021_4Q,3
울산 9계 2020-14828,오피스텔(주거),오피스텔,오피스텔(업무용),울산,남구,울산 남구 신정동 155-3 펠리시떼 6층 601호,"268,000,000","187,600,000",낙찰,"210,080,000",78.4%,2021-11-11,2021_4Q,3
울산 5계 2020-14910,연립,연립주택,연립·빌라,울산,남구,울산 남구 삼산동 187-5 내일네스트 3층 301호,"250,000,000","250,000,000",낙찰,"263,880,000",105.6%,2021-11-23,2021_4Q,3
울산 4계 2020-14927,공장,공장(지식산업센터 업무시설),공장,울산,울주군,울산 울주군 언양읍 반천리 1116-7 1동,"5,514,720,350","3,860,304,000",낙찰,"4,200,000,000",76.2%,2021-11-18,2021_4Q,3
울산 9계 2020-15005,차량,기타토지,기타토지,울산,울주군,울산 울주군 청량읍 덕하리 414 백양주차장내 보관,"3,700,000","1,269,000",낙찰,"1,915,000",51.8%,2021-09-02,2021_3Q,3
울산 10계 2020-15012,차량,기타토지,기타토지,울산,울주군,울산 울주군 언양읍 반천리 534 복산주차장내 보관,"6,000,000","2,940,000",낙찰,"4,210,000",70.2%,2021-08-26,2021_3Q,3
울산 10계 2020-15227,아파트,아파트,아파트,울산,북구,"울산 북구 중산동 621 ,617,622-3,-4,1200-26,-27 현대글로리아 101동 16층 1606호","91,000,000","91,000,000",낙찰,"91,010,000",100.0%,2021-09-30,2021_3Q,3
울산 2계 2020-15319,아파트,아파트,아파트,울산,북구,울산 북구 상안동 358-1 쌍용아진그린타운 104동 9층 903호,"139,000,000","139,000,000",낙찰,"154,000,000",110.8%,2021-11-03,2021_4Q,3
울산 4계 2020-15326,연립,연립주택,연립·빌라,울산,동구,"울산 동구 방어동 241-1 ,240-6,241-3 테티스 4층 401호","179,000,000","125,300,000",낙찰,"137,700,000",76.9%,2021-09-09,2021_3Q,3
울산 6계 2020-15371,중기,기타토지,기타토지,울산,울주군,울산 울주군 청량읍 덕하리 414 백양주차장내 보관,"140,000,000","68,600,000",낙찰,"100,000,000",71.4%,2021-08-03,2021_3Q,3
울산 9계 2020-15487,아파트,아파트,아파트,울산,동구,"울산 동구 전하동 301-28 ,-29,-30,-31,-65,-66,549-66 전하대경넥스빌 105동 3층 301호","296,000,000","296,000,000",낙찰,"304,100,000",102.7%,2021-10-05,2021_4Q,3
울산 1계 2020-15500,임야,임야,임야,울산,북구,울산 북구 중산동 3-8,"12,584,000","6,166,000",낙찰,"7,421,000",59.0%,2021-12-22,2021_4Q,3
울산 5계 2020-100248(1),답,답,답,울산,울주군,울산 울주군 상북면 길천리 202-10,"121,500,000","85,050,000",낙찰,"118,462,500",97.5%,2021-08-12,2021_3Q,3
울산 5계 2020-100248(2),하천,기타토지,기타토지,울산,울주군,울산 울주군 상북면 길천리 202-1,"69,006,400","33,813,000",낙찰,"38,600,000",55.9%,2021-07-08,2021_3Q,3
울산 5계 2020-100248(3),답,답,답,울산,울주군,울산 울주군 상북면 길천리 202-4,"93,615,000","45,872,000",낙찰,"63,000,000",67.3%,2021-10-19,2021_4Q,3
울산 10계 2020-100910,아파트,아파트,아파트,울산,울주군,울산 울주군 범서읍 천상리 645 신한천상다솜 101동 1층 124호,"137,000,000","137,000,000",낙찰,"155,399,900",113.4%,2021-12-09,2021_4Q,3
울산 2계 2020-100989,아파트,아파트,아파트,울산,남구,울산 남구 삼산동 1461-1 우성 102동 14층 1403호,"214,000,000","214,000,000",낙찰,"271,880,000",127.0%,2021-09-29,2021_3Q,3
울산 6계 2020-102084,아파트,아파트,아파트,울산,울주군,울산 울주군 온산읍 덕신리 184-1 가화파티오 103동 13층 1303호,"214,000,000","149,800,000",낙찰,"191,250,000",89.4%,2021-11-16,2021_4Q,3
울산 8계 2020-102589,아파트,아파트,아파트,울산,북구,"울산 북구 상안동 381-1 ,369-6,371-11,1204-21,천곡동 409,1022-12 쌍용아진그린타운 214동 12층 1204호","229,000,000","229,000,000",낙찰,"287,999,999",125.8%,2021-09-28,2021_3Q,3
울산 7계 2020-102602,임야,임야,임야,울산,울주군,울산 울주군 상북면 등억알프스리 산170,"14,568,000","7,139,000",낙찰,"7,813,900",53.6%,2021-07-13,2021_3Q,3
울산 6계 2020-103957,점포,근린상가,점포상가,울산,울주군,울산 울주군 온산읍 덕신리 487-13,"440,017,920","308,013,000",낙찰,"376,000,000",85.5%,2021-12-21,2021_4Q,3
울산 2계 2020-104127,다세대,다세대주택,다세대,울산,울주군,"울산 울주군 삼남읍 교동리 247-9 ,-10 유성빌라 A,B,C동 3층 B-301호","71,000,000","49,700,000",낙찰,"63,088,000",88.9%,2021-09-29,2021_3Q,3
울산 1계 2020-104288,아파트,아파트,아파트,울산,동구,울산 동구 방어동 1091-7 성원골드빌리지 7층 701호,"88,000,000","30,184,000",낙찰,"53,200,000",60.5%,2021-07-15,2021_3Q,3
울산 3계 2020-104554,다세대,다세대주택,다세대,울산,울주군,울산 울주군 온산읍 덕신리 446-9 나래골든빌라 2층 202호,"58,000,000","28,420,000",낙찰,"42,000,000",72.4%,2021-08-11,2021_3Q,3
울산 9계 2020-104578(1),임야,임야,임야,울산,북구,울산 북구 양정동 산43,"124,820,380","42,813,000",낙찰,"59,938,000",48.0%,2021-09-02,2021_3Q,3
울산 9계 2020-104578(2),임야,임야,임야,울산,북구,울산 북구 양정동 산66,"139,135,440","68,177,000",낙찰,"70,000,000",50.3%,2021-07-29,2021_3Q,3
울산 5계 2020-104882,아파트,아파트,아파트,울산,중구,울산 중구 우정동 385-2 우진 4층 505호,"106,000,000","74,200,000",낙찰,"85,100,000",80.3%,2021-07-08,2021_3Q,3
울산 7계 2020-104936,아파트,아파트,아파트,울산,북구,울산 북구 중산동 622 현대 202동 9층 908호,"90,000,000","63,000,000",낙찰,"67,000,000",74.4%,2021-07-13,2021_3Q,3
울산 3계 2020-105007,답,답,답,울산,울주군,울산 울주군 청량읍 삼정리 313,"66,848,000","46,794,000",낙찰,"47,000,000",70.3%,2021-07-07,2021_3Q,3
울산 10계 2020-105021,공장,공장(지식산업센터 업무시설),공장,울산,울주군,울산 울주군 두서면 활천리 817-12 가동,"4,443,373,460","2,177,253,000",낙찰,"3,900,000,000",87.8%,2021-12-09,2021_4Q,3
울산 8계 2020-105106,답,답,답,울산,울주군,울산 울주군 두서면 내와리 1035,"30,198,920","14,797,000",낙찰,"14,797,000",49.0%,2021-11-02,2021_4Q,3
울산 9계 2020-105113,임야,임야,임야,울산,동구,울산 동구 서부동 산77,"23,135,000","2,722,000",낙찰,"3,510,000",15.2%,2021-12-14,2021_4Q,3
울산 10계 2020-105151,단독주택,단독,단독주택,울산,울주군,울산 울주군 온산읍 덕신리 1307-2,"727,700,000","356,573,000",낙찰,"379,999,000",52.2%,2021-09-30,2021_3Q,3
울산 5계 2020-105182,아파트,아파트,아파트,울산,중구,울산 중구 태화동 412-2 진영동부 102동 1층 102호,"209,000,000","146,300,000",낙찰,"195,380,000",93.5%,2021-08-12,2021_3Q,3
울산 7계 2020-105236,아파트,아파트,아파트,울산,동구,울산 동구 동부동 327-1 삼성 1동 2층 206호,"71,000,000","71,000,000",낙찰,"73,500,000",103.5%,2021-07-13,2021_3Q,3
울산 3계 2020-105274,공장,공장(지식산업센터 업무시설),공장,울산,울주군,울산 울주군 언양읍 반천리 1105-5 A동,"4,585,228,000","2,246,762,000",낙찰,"3,200,000,000",69.8%,2021-12-15,2021_4Q,3
울산 2계 2020-105465(1),대지,나대지,나대지,울산,울주군,울산 울주군 상북면 덕현리 158-7,"132,587,000","92,811,000",낙찰,"103,500,000",78.1%,2021-07-21,2021_3Q,3
울산 2계 2020-105465(2),대지,나대지,나대지,울산,울주군,울산 울주군 상북면 덕현리 158-14,"183,300,000","128,310,000",낙찰,"130,000,000",70.9%,2021-07-21,2021_3Q,3
울산 2계 2020-105465(4),대지,나대지,나대지,울산,울주군,울산 울주군 상북면 덕현리 158-17,"124,550,000","61,030,000",낙찰,"63,000,000",50.6%,2021-08-25,2021_3Q,3
울산 2계 2020-105465(5),대지,나대지,나대지,울산,울주군,울산 울주군 상북면 덕현리 158-18,"175,851,000","86,167,000",낙찰,"87,654,000",49.8%,2021-08-25,2021_3Q,3
울산 7계 2020-105601,아파트,아파트,아파트,울산,남구,울산 남구 야음동 산124-4 에덴 5층 509호,"103,000,000","72,100,000",낙찰,"85,050,000",82.6%,2021-08-17,2021_3Q,3
울산 7계 2020-105694,전,전,전,울산,중구,울산 중구 태화동 182,"149,539,080","104,677,000",낙찰,"123,000,000",82.3%,2021-11-30,2021_4Q,3
울산 9계 2020-105748,임야,임야,임야,울산,울주군,울산 울주군 청량읍 삼정리 산61-1,"92,315,100","45,235,000",낙찰,"62,223,000",67.4%,2021-07-29,2021_3Q,3
울산 10계 2020-105762,임야,임야,임야,울산,남구,울산 남구 신정동 산178-2,"86,855,400","29,791,000",낙찰,"32,000,000",36.8%,2021-08-26,2021_3Q,3
울산 5계 2020-105793,아파트,아파트,아파트,울산,남구,울산 남구 선암동 650 선암에스케이뷰 101동 13층 1304호,"185,000,000","129,500,000",낙찰,"150,000,000",81.1%,2021-08-12,2021_3Q,3
울산 6계 2020-105830,임야,임야,임야,울산,동구,울산 동구 동부동 산21,"32,066,260","10,998,000",낙찰,"21,110,000",65.8%,2021-11-16,2021_4Q,3
울산 2계 2020-105922,임야,임야,임야,울산,북구,울산 북구 무룡동 산31,"242,040,000","118,600,000",낙찰,"130,120,000",53.8%,2021-07-21,2021_3Q,3
울산 7계 2020-106017,아파트,아파트,아파트,울산,동구,"울산 동구 방어동 971 ,978,979,980 꽃바위현대 101동 6층 601호","107,000,000","74,900,000",낙찰,"108,127,000",101.1%,2021-08-17,2021_3Q,3
울산 1계 2020-106277,대지,나대지,나대지,울산,북구,울산 북구 호계동 268-11,"598,730,000","419,111,000",낙찰,"505,010,000",84.3%,2021-08-19,2021_3Q,3
울산 7계 2020-106307,근린상가,근린상가,근린상가,울산,동구,울산 동구 방어동 1005-15,"635,369,600","444,759,000",낙찰,"481,500,000",75.8%,2021-11-30,2021_4Q,3
울산 5계 2020-106437,아파트,아파트,아파트,울산,남구,"울산 남구 야음동 594-37 ,594-10,신정동 851-20,851-21 신정현대홈타운 105동 19층 1907호","146,000,000","102,200,000",낙찰,"151,262,000",103.6%,2021-08-12,2021_3Q,3
울산 3계 2020-106628,다세대,다세대주택,다세대,울산,남구,울산 남구 무거동 1257-4 신안빌라 3층 302호,"65,000,000","45,500,000",낙찰,"46,816,600",72.0%,2021-07-07,2021_3Q,3
울산 4계 2020-106673,답,답,답,울산,울주군,울산 울주군 두동면 구미리 139,"646,272,000","316,673,000",낙찰,"423,260,000",65.5%,2021-07-01,2021_3Q,3
울산 7계 2020-106741,다세대,다세대주택,다세대,울산,동구,울산 동구 방어동 1014-3 성두하이츠빌라 2동 4층 402호,"105,000,000","73,500,000",낙찰,"78,600,000",74.9%,2021-10-20,2021_4Q,3
울산 7계 2020-106758,아파트,아파트,아파트,울산,중구,울산 중구 남외동 6-2 삼익세라믹 201동 6층 711호,"123,000,000","86,100,000",낙찰,"107,999,900",87.8%,2021-10-20,2021_4Q,3
울산 8계 2020-106765,아파트,아파트,아파트,울산,북구,울산 북구 천곡동 418 삼성코아루 118동 17층 1701호,"216,000,000","151,200,000",낙찰,"201,890,000",93.5%,2021-07-20,2021_3Q,3
울산 9계 2020-106772,아파트,아파트,아파트,울산,중구,울산 중구 성안동 507-5 부명아트빌 5층 501호,"193,000,000","135,100,000",낙찰,"146,000,000",75.6%,2021-07-29,2021_3Q,3
울산 5계 2020-106925,아파트,아파트,아파트,울산,북구,"울산 북구 중산동 546-6 ,-7,-8 대암훼미리 102동 4층 404호","75,000,000","52,500,000",낙찰,"57,375,000",76.5%,2021-08-12,2021_3Q,3
울산 6계 2020-106949,아파트,아파트,아파트,울산,중구,울산 중구 반구동 23-2 대림맨션 3층 307호,"127,000,000","88,900,000",낙찰,"98,397,000",77.5%,2021-12-21,2021_4Q,3
울산 8계 2020-106963,답,답,답,울산,울주군,울산 울주군 삼남읍 교동리 1330-5,"376,607,000","263,625,000",낙찰,"363,625,000",96.6%,2021-09-28,2021_3Q,3
울산 5계 2020-107133,주상복합(주거),기타토지,기타토지,울산,남구,울산 남구 삼산동 1498-4 팔레드상떼 리버동 31층 3102호,"752,000,000","526,400,000",낙찰,"811,000,000",107.8%,2021-07-08,2021_3Q,3
울산 8계 2020-107188,다세대,다세대주택,다세대,울산,동구,울산 동구 방어동 281-11 남진빌라 나동 2층 201호,"86,000,000","60,200,000",낙찰,"64,601,700",75.1%,2021-08-24,2021_3Q,3
울산 5계 2020-107294,아파트,아파트,아파트,울산,동구,울산 동구 화정동 851 현대파라다이스1차 702동 2층 204호,"102,000,000","71,400,000",낙찰,"97,556,000",95.6%,2021-07-08,2021_3Q,3
울산 7계 2020-107478,아파트,아파트,아파트,울산,동구,울산 동구 서부동 248-24 외17 서부성원상떼빌 109동 11층 1104호,"285,000,000","285,000,000",낙찰,"352,471,001",123.7%,2021-09-08,2021_3Q,3
울산 10계 2020-107522,단독주택,단독,단독주택,울산,울주군,울산 울주군 삼남읍 방기리 59-8 가동호,"609,826,520","426,879,000",낙찰,"641,777,000",105.2%,2021-12-09,2021_4Q,3
울산 8계 2020-107539,목장용지,기타토지,목장용지,울산,중구,울산 중구 다운동 426,"29,146,000","9,997,000",낙찰,"10,101,000",34.7%,2021-12-07,2021_4Q,3
울산 1계 2020-107560,아파트,아파트,아파트,울산,북구,울산 북구 산하동 968-1 울산블루마시티푸르지오 105동 29층 2904호,"259,000,000","259,000,000",낙찰,"293,800,000",113.4%,2021-11-17,2021_4Q,3
울산 8계 2020-107621,아파트,아파트,아파트,울산,북구,울산 북구 중산동 1166-18 이화제일그린파크 2층 208호,"77,000,000","37,730,000",낙찰,"48,188,000",62.6%,2021-12-07,2021_4Q,3
울산 10계 2020-107706,공장,공장(지식산업센터 업무시설),공장,울산,울주군,울산 울주군 상북면 거리 1170-6 1동,"6,237,319,600","3,056,287,000",낙찰,"4,300,000,000",68.9%,2021-12-09,2021_4Q,3
울산 2계 2020-107775(1),임야,임야,임야,울산,울주군,울산 울주군 온양읍 발리 산157-7,"105,760,000","36,275,000",낙찰,"48,500,000",45.9%,2021-09-29,2021_3Q,3
울산 2계 2020-107775(2),임야,임야,임야,울산,울주군,울산 울주군 온양읍 발리 산157-12,"68,718,000","48,103,000",낙찰,"51,880,000",75.5%,2021-07-21,2021_3Q,3
울산 3계 2020-107805,아파트,아파트,아파트,울산,북구,"울산 북구 중산동 1277-1 ,-2,-3 울산오토밸리로줌파크 102동 17층 1703호","266,000,000","266,000,000",낙찰,"306,530,000",115.2%,2021-10-06,2021_4Q,3
울산 8계 2020-107928,아파트,아파트,아파트,울산,북구,"울산 북구 천곡동 940-6 ,-7,-9,-14 농소대동한마음타운 103동 16층 1602호","86,000,000","86,000,000",낙찰,"91,750,000",106.7%,2021-08-24,2021_3Q,3
울산 2계 2020-108020(1),전,전,전,울산,울주군,울산 울주군 삼동면 둔기리 361-1,"15,344,640","7,519,000",낙찰,"10,210,000",66.5%,2021-08-25,2021_3Q,3
울산 2계 2020-108020(2),전,전,전,울산,울주군,울산 울주군 삼동면 둔기리 590-4,"6,355,260","4,449,000",낙찰,"4,510,000",71.0%,2021-08-25,2021_3Q,3
울산 6계 2020-108099,주상복합(주거),기타토지,기타토지,울산,울주군,울산 울주군 상북면 궁근정리 916-10 광천그린파크 2동 4층 401호,"46,000,000","22,540,000",낙찰,"30,501,000",66.3%,2021-09-07,2021_3Q,3
울산 10계 2020-108181,아파트,아파트,아파트,울산,남구,울산 남구 달동 1351-1 현우골든맨션 1동 6층 708호,"198,000,000","138,600,000",낙찰,"191,500,000",96.7%,2021-09-30,2021_3Q,3
울산 9계 2020-108365,아파트,아파트,아파트,울산,중구,울산 중구 우정동 172 마제스타워울산 103동 14층 3141호,"368,000,000","257,600,000",낙찰,"391,050,000",106.3%,2021-07-29,2021_3Q,3
울산 5계 2020-108488,근린상가,근린상가,근린상가,울산,중구,울산 중구 성안동 494-11 더드림힐 지1층 B-101호,"192,000,000","134,400,000",낙찰,"157,277,200",81.9%,2021-08-12,2021_3Q,3
울산 6계 2020-108495(1),아파트,아파트,아파트,울산,북구,울산 북구 중산동 566-1 이화한라동아 13층 1309호,"66,000,000","46,200,000",낙찰,"60,490,000",91.7%,2021-08-03,2021_3Q,3
울산 6계 2020-108495(2),아파트,아파트,아파트,울산,북구,울산 북구 중산동 566-1 이화한라동아 4층 408호,"61,000,000","42,700,000",낙찰,"56,779,999",93.1%,2021-08-03,2021_3Q,3
울산 9계 2020-108532,단독주택,단독,단독주택,울산,중구,울산 중구 다운동 510-4,"410,812,000","287,568,000",낙찰,"400,050,000",97.4%,2021-09-02,2021_3Q,3
울산 7계 2020-108587,다세대,다세대주택,다세대,울산,울주군,울산 울주군 웅촌면 대대리 902 벧엘아트빌 A동 4층 401호,"90,000,000","63,000,000",낙찰,"73,199,990",81.3%,2021-10-20,2021_4Q,3
울산 6계 2020-108617,항공기,기타토지,기타토지,울산,북구,울산 북구 송정동 522 울산공항내 보관,"153,780,000","107,646,000",낙찰,"120,100,000",78.1%,2021-12-21,2021_4Q,3
울산 5계 2020-108679,아파트,아파트,아파트,울산,동구,"울산 동구 동부동 150 ,-1,218-1,592-20 현대패밀리동부 101동 4층 403호","76,000,000","76,000,000",낙찰,"85,855,000",113.0%,2021-07-08,2021_3Q,3
울산 10계 2020-108693,단독주택,단독,단독주택,울산,울주군,울산 울주군 온산읍 덕신리 332-24,"72,747,760","35,646,000",낙찰,"59,289,500",81.5%,2021-07-22,2021_3Q,3
울산 7계 2020-108792,아파트,아파트,아파트,울산,동구,울산 동구 동부동 672 남목현대 103동 3층 304호,"85,000,000","59,500,000",낙찰,"75,500,000",88.8%,2021-11-30,2021_4Q,3
울산 8계 2020-108808,오피스텔(주거),오피스텔,오피스텔(업무용),울산,남구,울산 남구 신정동 1877 두산위브더제니스 6층 612호,"206,000,000","144,200,000",낙찰,"195,000,000",94.7%,2021-09-28,2021_3Q,3
울산 8계 2020-108914,임야,임야,임야,울산,남구,울산 남구 황성동 산33-1,"42,247,500","20,701,000",낙찰,"23,350,000",55.3%,2021-12-07,2021_4Q,3
울산 2계 2020-108938,대지,나대지,나대지,울산,울주군,울산 울주군 청량읍 상남리 699-4,"2,966,705,000","2,076,694,000",낙찰,"2,660,000,000",89.7%,2021-08-25,2021_3Q,3
울산 6계 2020-109085,오피스텔,오피스텔,오피스텔(업무용),울산,남구,울산 남구 매암동 1421 한양아이클래스 4층 526호,"82,000,000","57,400,000",낙찰,"58,500,000",71.3%,2021-08-03,2021_3Q,3
울산 7계 2020-109092,아파트,아파트,아파트,울산,울주군,울산 울주군 범서읍 천상리 574-1 천상청구그린타운 201동 9층 913호,"121,000,000","121,000,000",낙찰,"140,000,000",115.7%,2021-10-20,2021_4Q,3
울산 9계 2020-109177,다세대,다세대주택,다세대,울산,중구,울산 중구 성안동 382-4 가나빌라 A동 5층 502호,"149,000,000","73,010,000",낙찰,"111,590,000",74.9%,2021-10-05,2021_4Q,3
울산 10계 2020-109191,오피스텔,오피스텔,오피스텔(업무용),울산,남구,울산 남구 무거동 1527-4 울산대이즈플레이스 11층 1102호,"142,000,000","99,400,000",낙찰,"125,110,000",88.1%,2021-07-22,2021_3Q,3
울산 1계 2020-109207,다세대,다세대주택,다세대,울산,남구,"울산 남구 무거동 568-16 ,-17 우남빌라 B동 4층 401호","100,000,000","49,000,000",낙찰,"81,778,000",81.8%,2021-10-13,2021_4Q,3
울산 10계 2020-109245(1),임야,임야,임야,울산,울주군,울산 울주군 두동면 구미리 1073,"11,686,500","2,806,000",낙찰,"3,200,000",27.4%,2021-09-30,2021_3Q,3
울산 10계 2020-109245(2),임야,임야,임야,울산,울주군,울산 울주군 두동면 구미리 산198-1,"42,780,000","10,271,000",낙찰,"11,100,000",25.9%,2021-09-30,2021_3Q,3
울산 3계 2020-109269,아파트,아파트,아파트,울산,남구,울산 남구 선암동 677-6 한신청실맨션 14층 1404호,"117,000,000","81,900,000",낙찰,"97,999,990",83.8%,2021-11-10,2021_4Q,3
울산 6계 2020-109337,아파트,아파트,아파트,울산,북구,울산 북구 양정동 500-33 양정힐스테이트 115동 15층 1502호,"266,000,000","266,000,000",낙찰,"278,300,000",104.6%,2021-08-03,2021_3Q,3
울산 10계 2020-109405,다세대,다세대주택,다세대,울산,울주군,울산 울주군 언양읍 남부리 124-2 3층 1호,"96,300,000","47,187,000",낙찰,"48,900,000",50.8%,2021-12-09,2021_4Q,3
울산 3계 2020-109528,오피스텔,오피스텔,오피스텔(업무용),울산,동구,울산 동구 방어동 1525 골든베이비치 102동 9층 903호,"337,000,000","235,900,000",낙찰,"237,111,000",70.4%,2021-10-06,2021_4Q,3
울산 5계 2020-109566,아파트,아파트,아파트,울산,울주군,울산 울주군 온양읍 대안리 196 울산온양대우 102동 5층 503호,"166,000,000","166,000,000",낙찰,"181,222,000",109.2%,2021-07-08,2021_3Q,3
울산 6계 2020-109573,근린상가,근린상가,근린상가,울산,동구,"울산 동구 동부동 303-3 ,316 남목시티프라자 2층 206호","9,300,000","9,300,000",낙찰,"9,310,000",100.1%,2021-08-03,2021_3Q,3
울산 3계 2020-109658,중기,기타토지,기타토지,울산,울주군,울산 울주군 언양읍 반천리 1104-19 (주)세경토건내 보관,"140,000,000","33,614,000",낙찰,"50,010,000",35.7%,2021-07-07,2021_3Q,3
울산 2계 2020-109665(1),임야,임야,임야,울산,중구,울산 중구 장현동 산48-1,"243,161,600","83,404,000",낙찰,"85,989,000",35.4%,2021-11-03,2021_4Q,3
울산 2계 2020-109665(2),임야,임야,임야,울산,중구,울산 중구 장현동 산48-11,"1,475,880","1,475,880",낙찰,"2,213,820",150.0%,2021-12-08,2021_4Q,3
울산 2계 2020-109665(3),임야,임야,임야,울산,중구,울산 중구 장현동 산48-12,"8,375,840","8,375,840",낙찰,"9,500,000",113.4%,2021-12-08,2021_4Q,3
울산 5계 2020-109702,아파트,아파트,아파트,울산,북구,울산 북구 화봉동 639-1 효성삼환 109동 9층 901호,"187,000,000","187,000,000",낙찰,"195,000,000",104.3%,2021-08-12,2021_3Q,3
울산 9계 2020-109788,답,답,답,울산,울주군,울산 울주군 웅촌면 검단리 512-1,"50,490,000","24,740,000",낙찰,"25,245,000",50.0%,2021-10-05,2021_4Q,3
울산 10계 2020-109856,아파트,아파트,아파트,울산,동구,울산 동구 화정동 149-1 금강 202동 6층 607호,"95,000,000","66,500,000",낙찰,"100,220,000",105.5%,2021-07-22,2021_3Q,3
울산 2계 2020-109948,아파트,아파트,아파트,울산,동구,울산 동구 방어동 900-2 상록맨션 2층 207호,"89,000,000","62,300,000",낙찰,"68,999,999",77.5%,2021-11-03,2021_4Q,3
울산 5계 2020-110016,답,답,답,울산,울주군,울산 울주군 두동면 은편리 751,"300,667,000","300,667,000",낙찰,"368,999,000",122.7%,2021-08-12,2021_3Q,3
울산 9계 2020-110085,아파트,아파트,아파트,울산,동구,"울산 동구 전하동 549-14 ,-40,550-158,581-2,301-1,-16 현대패밀리전하 104동 8층 801호","187,000,000","130,900,000",낙찰,"183,000,000",97.9%,2021-09-02,2021_3Q,3
울산 1계 2020-110108,아파트,아파트,아파트,울산,북구,울산 북구 명촌동 진장명촌토지구획정리사업지구내126블럭1롯트 리비에르1차 105동 8층 802호,"268,000,000","268,000,000",낙찰,"271,120,000",101.2%,2021-10-13,2021_4Q,3
울산 7계 2020-110313,아파트,아파트,아파트,울산,울주군,울산 울주군 온양읍 발리 1311 울산온양서희스타힐스 105동 3층 304호,"274,000,000","274,000,000",낙찰,"357,399,999",130.4%,2021-11-30,2021_4Q,3
울산 5계 2020-110467,아파트,아파트,아파트,울산,울주군,울산 울주군 범서읍 천상리 578 천상청구그린타운 103동 23층 2302호,"122,000,000","122,000,000",낙찰,"131,000,000",107.4%,2021-11-23,2021_4Q,3
울산 5계 2020-110740,아파트,아파트,아파트,울산,울주군,울산 울주군 삼남읍 교동리 1555-1 울산교동리슈빌 105동 16층 1601호,"266,000,000","266,000,000",낙찰,"271,110,000",101.9%,2021-08-12,2021_3Q,3
울산 8계 2020-110870,아파트,아파트,아파트,울산,울주군,"울산 울주군 청량읍 삼정리 755 ,-4,-5,-7,753-3,901 쌍용하나빌리지 208동 4층 403호","150,000,000","150,000,000",낙찰,"151,750,000",101.2%,2021-12-07,2021_4Q,3
울산 10계 2020-110887,아파트,아파트,아파트,울산,중구,울산 중구 성안동 792-3 대협팔래스 101동 2층 201호,"184,000,000","128,800,000",낙찰,"158,010,000",85.9%,2021-07-22,2021_3Q,3
울산 9계 2020-110917,아파트,아파트,아파트,울산,북구,"울산 북구 신천동 346-5 ,호계동 196 성우현대 102동 12층 1208호","94,000,000","65,800,000",낙찰,"93,667,000",99.6%,2021-09-02,2021_3Q,3
울산 6계 2020-110948,임야,임야,임야,울산,울주군,울산 울주군 청량읍 삼정리 산237-6,"33,861,100","33,861,100",낙찰,"33,900,000",100.1%,2021-11-16,2021_4Q,3
울산 10계 2020-111095,아파트,아파트,아파트,울산,북구,울산 북구 달천동 107-6 그린카운티 403동 12층 1201호,"153,000,000","153,000,000",낙찰,"154,279,000",100.8%,2021-07-22,2021_3Q,3
울산 1계 2020-111101,근린상가,근린상가,근린상가,울산,중구,울산 중구 학산동 75-1 코코타운 지하1층 101호,"123,000,000","60,270,000",낙찰,"78,200,000",63.6%,2021-12-22,2021_4Q,3
울산 1계 2020-111132,아파트,아파트,아파트,울산,동구,울산 동구 방어동 928-13 프라임정림 11층 1101호,"165,000,000","165,000,000",낙찰,"167,250,000",101.4%,2021-10-13,2021_4Q,3
울산 5계 2020-111224,단독주택,단독,단독주택,울산,울주군,울산 울주군 언양읍 다개리 519-18,"232,842,000","114,092,000",낙찰,"153,009,000",65.7%,2021-12-28,2021_4Q,3
울산 6계 2020-111231,오피스텔(주거),오피스텔,오피스텔(업무용),울산,북구,울산 북구 명촌동 진장명촌지구111블럭11롯트 나린리버헤리티지1차 7층 701호,"240,000,000","168,000,000",낙찰,"190,300,000",79.3%,2021-09-07,2021_3Q,3
울산 9계 2020-111323,주상복합(주거),기타토지,기타토지,울산,동구,울산 동구 방어동 1077-13 아네스빌 2층 201호,"192,000,000","134,400,000",낙찰,"162,500,000",84.6%,2021-09-02,2021_3Q,3
울산 10계 2020-111330,다세대,다세대주택,다세대,울산,울주군,울산 울주군 삼남읍 교동리 1635-12 히든빌A동 주건축물제1동 1층 101호,"143,000,000","70,070,000",낙찰,"101,150,000",70.7%,2021-09-30,2021_3Q,3
울산 1계 2020-111354,다세대,다세대주택,다세대,울산,중구,"울산 중구 우정동 420-8 ,430-6 용인빌라 1층 101호","104,000,000","104,000,000",낙찰,"215,000,000",206.7%,2021-10-13,2021_4Q,3
울산 3계 2020-111392,아파트,아파트,아파트,울산,동구,울산 동구 방어동 73-32 크로바맨션 A동 6층 603호,"150,000,000","105,000,000",낙찰,"133,000,000",88.7%,2021-12-15,2021_4Q,3
울산 10계 2020-111521,아파트,아파트,아파트,울산,북구,"울산 북구 중산동 533 ,546-1 대암훼미리 101동 10층 1009호","79,000,000","55,300,000",낙찰,"58,500,000",74.1%,2021-08-26,2021_3Q,3
울산 1계 2020-111545,아파트,아파트,아파트,울산,동구,"울산 동구 서부동 257-30 ,269-7 현대패밀리서부2차 207동 7층 701호","218,000,000","218,000,000",낙찰,"235,625,000",108.1%,2021-10-13,2021_4Q,3
울산 2계 2020-111682,답,답,답,울산,남구,울산 남구 상개동 46,"152,820,000","74,882,000",낙찰,"87,999,000",57.6%,2021-11-03,2021_4Q,3
울산 1계 2020-111880,아파트,아파트,아파트,울산,남구,울산 남구 무거동 563-1 코아아트타운 101동 2층 205호,"156,000,000","156,000,000",낙찰,"165,100,000",105.8%,2021-10-13,2021_4Q,3
울산 2계 2020-111927,다가구,다가구,다가구,울산,동구,울산 동구 방어동 1028-16,"854,052,000","418,485,000",낙찰,"555,870,000",65.1%,2021-11-03,2021_4Q,3
울산 2계 2020-112036(1),아파트,아파트,아파트,울산,울주군,울산 울주군 온양읍 대안리 417 미도파 101동 1층 108호,"120,000,000","120,000,000",낙찰,"146,799,900",122.3%,2021-09-29,2021_3Q,3
울산 2계 2020-112036(3),답,답,답,울산,울주군,울산 울주군 온양읍 삼광리 11,"29,397,000","14,405,000",낙찰,"17,020,000",57.9%,2021-12-08,2021_4Q,3
울산 2계 2020-112036(4),답,답,답,울산,울주군,울산 울주군 온양읍 삼광리 86,"83,706,000","41,016,000",낙찰,"45,601,000",54.5%,2021-12-08,2021_4Q,3
울산 4계 2020-112074,아파트,아파트,아파트,울산,남구,울산 남구 삼산동 1538-2 평창3차현대 606동 13층 1302호,"464,000,000","464,000,000",낙찰,"521,100,000",112.3%,2021-07-01,2021_3Q,3
울산 6계 2020-112104,아파트,아파트,아파트,울산,동구,"울산 동구 방어동 917-3 ,-4 한양코아맨션 4층 405호","78,000,000","78,000,000",낙찰,"105,449,000",135.2%,2021-09-07,2021_3Q,3
울산 7계 2020-112111,아파트,아파트,아파트,울산,울주군,"울산 울주군 범서읍 구영리 370-1 ,-2 구영지구푸르지오1단지 101동 1층 104호","328,000,000","328,000,000",낙찰,"357,000,000",108.8%,2021-08-17,2021_3Q,3
울산 2계 2020-112401,아파트,아파트,아파트,울산,울주군,울산 울주군 범서읍 천상리 600 천상그린코아 101동 4층 402호,"113,000,000","79,100,000",낙찰,"107,888,000",95.5%,2021-11-03,2021_4Q,3
울산 4계 2020-112487,아파트,아파트,아파트,울산,울주군,울산 울주군 상북면 궁근정리 916-10 광천그린파크 1동 2층 205호,"48,000,000","23,520,000",낙찰,"29,000,000",60.4%,2021-07-01,2021_3Q,3
울산 9계 2020-112531,아파트,아파트,아파트,울산,동구,울산 동구 전하동 449-6 전하동정림명가의아침 1동 4층 407호,"225,000,000","157,500,000",낙찰,"200,100,000",88.9%,2021-10-05,2021_4Q,3
울산 10계 2020-112548,아파트,아파트,아파트,울산,울주군,"울산 울주군 청량읍 삼정리 755 ,-4,-5,-7,753-3,901 쌍용하나빌리지 103동 15층 1508호","106,000,000","106,000,000",낙찰,"114,000,000",107.5%,2021-09-30,2021_3Q,3
울산 5계 2020-112579,묘지,기타토지,기타토지,울산,울주군,울산 울주군 온산읍 삼평리 1449-1,"22,250,000","15,575,000",낙찰,"15,730,000",70.7%,2021-12-28,2021_4Q,3
울산 1계 2020-112623,주상복합(주거),기타토지,기타토지,울산,남구,울산 남구 달동 640-20 현대아트리움 8층 801호,"219,000,000","153,300,000",낙찰,"187,700,000",85.7%,2021-12-22,2021_4Q,3
울산 2계 2020-112630,아파트,아파트,아파트,울산,북구,울산 북구 연암동 370 엘지진로 106동 2층 210호,"207,000,000","207,000,000",낙찰,"269,000,000",130.0%,2021-09-29,2021_3Q,3
울산 10계 2020-112845,단독주택,단독,단독주택,울산,중구,울산 중구 학성동 463-11,"445,582,960","311,908,000",낙찰,"408,000,000",91.6%,2021-11-04,2021_4Q,3
울산 9계 2020-112906,아파트,아파트,아파트,울산,북구,울산 북구 달천동 107-1 그린카운티 201동 3층 302호,"205,000,000","205,000,000",낙찰,"215,300,000",105.0%,2021-10-05,2021_4Q,3
울산 1계 2020-113022,아파트,아파트,아파트,울산,북구,울산 북구 신천동 430-1 신동 102동 14층 1403호,"135,000,000","94,500,000",낙찰,"115,080,000",85.2%,2021-12-22,2021_4Q,3
울산 2계 2020-113091,아파트,아파트,아파트,울산,동구,울산 동구 방어동 505 현대비치 104동 8층 811호,"218,000,000","152,600,000",낙찰,"193,878,000",88.9%,2021-11-03,2021_4Q,3
울산 3계 2020-113114,아파트,아파트,아파트,울산,남구,울산 남구 선암동 180-236 삼호 2층 203호,"89,000,000","62,300,000",낙찰,"70,100,000",78.8%,2021-11-10,2021_4Q,3
울산 4계 2020-113206,아파트,아파트,아파트,울산,중구,울산 중구 성안동 790-6 빌화이트 1층 101호,"140,000,000","98,000,000",낙찰,"120,050,000",85.8%,2021-07-01,2021_3Q,3
울산 9계 2020-113312,아파트,아파트,아파트,울산,남구,울산 남구 야음동 564-2 태양한신 2동 12층 1202호,"158,000,000","110,600,000",낙찰,"168,800,000",106.8%,2021-11-11,2021_4Q,3
울산 10계 2020-113343,점포,근린상가,점포상가,울산,남구,울산 남구 무거동 1220-5,"518,384,220","362,869,000",낙찰,"435,110,000",83.9%,2021-12-09,2021_4Q,3
울산 2계 2020-113510,아파트,아파트,아파트,울산,울주군,울산 울주군 온양읍 발리 1307 여울목 106동 2층 202호,"330,000,000","330,000,000",낙찰,"358,000,000",108.5%,2021-11-03,2021_4Q,3
울산 3계 2020-113534,근린상가,근린상가,근린상가,울산,북구,울산 북구 상안동 358-21,"5,825,799,200","4,078,059,000",낙찰,"4,897,770,000",84.1%,2021-07-07,2021_3Q,3
울산 8계 2020-113596,차량,기타토지,기타토지,울산,울주군,울산 울주군 언양읍 반천리 534 내 보관,"24,000,000","16,800,000",낙찰,"17,213,000",71.7%,2021-08-24,2021_3Q,3
울산 5계 2020-113657,아파트,아파트,아파트,울산,남구,"울산 남구 신정동 851-20 ,-21,야음동 594-10,-37,신정동 851-40 신정현대홈타운 301동 4층 401호","407,000,000","407,000,000",낙찰,"482,022,000",118.4%,2021-11-23,2021_4Q,3
울산 6계 2020-113671,단독주택,단독,단독주택,울산,울주군,울산 울주군 언양읍 직동리 1056-1,"116,519,450","116,519,450",낙찰,"117,515,000",100.9%,2021-11-16,2021_4Q,3
울산 6계 2020-114001(2),아파트,아파트,아파트,울산,울주군,"울산 울주군 범서읍 굴화리 734 ,736,737,무거동 1591 문수마을 동문굿모닝힐 104동 9층 901호","570,000,000","570,000,000",낙찰,"645,300,000",113.2%,2021-11-16,2021_4Q,3
울산 6계 2020-114001(3),다세대,다세대주택,다세대,울산,북구,"울산 북구 화봉동 831-2 ,647-6 행복빌라 B동 3층 302호","118,000,000","82,600,000",낙찰,"100,400,000",85.1%,2021-12-21,2021_4Q,3
울산 4계 2021-31,다세대,다세대주택,다세대,울산,동구,울산 동구 방어동 480-47 해성빌라 나동 3층 301호,"104,000,000","72,800,000",낙찰,"88,421,000",85.0%,2021-08-05,2021_3Q,3
울산 5계 2021-48,아파트,아파트,아파트,울산,북구,"울산 북구 신천동 317-2 ,-5,318-12,319-4,-5,320-5,338-1,337-3,-36,760-3,772-1,-2,377-11 문화청솔 101동 3층 304호","93,000,000","93,000,000",낙찰,"93,010,000",100.0%,2021-12-28,2021_4Q,3
울산 6계 2021-192,대지,나대지,나대지,울산,울주군,울산 울주군 청량읍 율리 34,"326,745,000","326,745,000",낙찰,"339,720,000",104.0%,2021-12-21,2021_4Q,3
울산 2계 2021-284,선박,기타토지,기타토지,울산,울주군,울산 울주군 서생면 대송리 51-13 평동항내부두(채권자)내 보관,"64,431,080","31,571,000",낙찰,"32,500,000",50.4%,2021-09-29,2021_3Q,3
울산 4계 2021-291,선박,기타토지,기타토지,울산,울주군,울산 울주군 온산읍 강양신항내부두내 보관,"127,683,000","43,796,000",낙찰,"50,800,000",39.8%,2021-10-14,2021_4Q,3
울산 4계 2021-611,오피스텔(주거),오피스텔,오피스텔(업무용),울산,중구,울산 중구 유곡동 205 리더스 8층 812호,"118,000,000","82,600,000",낙찰,"96,666,000",81.9%,2021-08-05,2021_3Q,3
울산 4계 2021-772,도로,기타토지,기타토지,울산,남구,울산 남구 신정동 519-28,"122,653,300","60,100,000",낙찰,"75,090,000",61.2%,2021-09-09,2021_3Q,3
울산 1계 2021-833,아파트,아파트,아파트,울산,울주군,울산 울주군 범서읍 굴화리 742 청우하이클래스1 12층 1201호,"256,000,000","256,000,000",낙찰,"281,000,000",109.8%,2021-12-22,2021_4Q,3
울산 3계 2021-1393,공장,공장(지식산업센터 업무시설),공장,울산,북구,울산 북구 중산동 1268-1 A동,"3,338,446,440","2,336,913,000",낙찰,"3,101,000,000",92.9%,2021-12-15,2021_4Q,3
울산 9계 2021-1461,아파트,아파트,아파트,울산,중구,"울산 중구 복산동 320 ,322 동덕현대 5동 14층 1402호","205,000,000","143,500,000",낙찰,"201,999,990",98.5%,2021-12-14,2021_4Q,3
울산 10계 2021-1515,다세대,다세대주택,다세대,울산,중구,울산 중구 남외동 463-22 동일빌라 가동 1층 102호,"132,000,000","92,400,000",낙찰,"110,880,000",84.0%,2021-12-09,2021_4Q,3
울산 9계 2021-1829,아파트,아파트,아파트,울산,울주군,울산 울주군 온산읍 덕신리 184 덕신천지 102동 10층 1004호,"126,000,000","88,200,000",낙찰,"112,678,000",89.4%,2021-12-14,2021_4Q,3
울산 4계 2021-1867,다세대,다세대주택,다세대,울산,울주군,울산 울주군 웅촌면 석천리 98 나비채 C동 1층 102호,"481,000,000","235,690,000",낙찰,"366,670,000",76.2%,2021-10-14,2021_4Q,3
울산 4계 2021-2211,아파트,아파트,아파트,울산,동구,울산 동구 동부동 664 신안그린파크 B동 9층 901호,"113,000,000","79,100,000",낙찰,"90,879,000",80.4%,2021-12-23,2021_4Q,3
울산 8계 2021-2303,단독주택,단독,단독주택,울산,북구,울산 북구 염포동 152,"387,449,880","189,851,000",낙찰,"208,885,000",53.9%,2021-12-07,2021_4Q,3
울산 10계 2021-3214,전,전,전,울산,울주군,울산 울주군 웅촌면 대대리 1601-1,"62,252,000","62,252,000",낙찰,"62,310,000",100.1%,2021-11-04,2021_4Q,3
울산 5계 2021-3788,차량,기타토지,기타토지,울산,울주군,울산 울주군 언양읍 반천리 534 복산주차장내 보관(010-3852-4467),"10,000,000","7,000,000",낙찰,"9,165,000",91.6%,2021-10-19,2021_4Q,3
울산 6계 2021-3795,차량,기타토지,기타토지,울산,울주군,울산 울주군 청량읍 덕하리 414-3 주차장내 보관,"13,100,000","9,170,000",낙찰,"13,200,100",100.8%,2021-12-21,2021_4Q,3
울산 7계 2021-3962,중기,기타토지,기타토지,울산,남구,울산 남구 두왕동 453-7 현대주차장내 보관,"110,000,000","53,900,000",낙찰,"71,500,000",65.0%,2021-10-20,2021_4Q,3
울산 4계 2021-4316,아파트,아파트,아파트,울산,북구,울산 북구 매곡동 864 월드메르디앙 월드시티 108동 8층 806호,"312,000,000","312,000,000",낙찰,"337,300,000",108.1%,2021-08-05,2021_3Q,3
울산 4계 2021-6077,차량,기타토지,기타토지,울산,울주군,울산 울주군 언양읍 반천리 534 복산주차장내 보관,"4,000,000","1,960,000",낙찰,"2,610,000",65.3%,2021-11-18,2021_4Q,3
울산 4계 2021-7506,중기,기타토지,기타토지,울산,울주군,울산 울주군 언양읍 반천리 534 복산주차장내 보관,"15,000,000","15,000,000",낙찰,"17,500,000",116.7%,2021-12-23,2021_4Q,3
울산 2계 2021-100115,아파트,아파트,아파트,울산,울주군,"울산 울주군 범서읍 천상리 324-2 ,-15,-27 경동태원하이빌 107동 7층 703호","112,000,000","112,000,000",낙찰,"112,766,600",100.7%,2021-11-03,2021_4Q,3
울산 4계 2021-100146,아파트,아파트,아파트,울산,남구,울산 남구 달동 1352-5 달동현대 104동 15층 1503호,"366,000,000","366,000,000",낙찰,"375,000,000",102.5%,2021-07-01,2021_3Q,3
울산 6계 2021-100467,차량,기타토지,기타토지,울산,남구,울산 남구 두왕동 453-7 현대주차장내 보관,"21,000,000","21,000,000",낙찰,"21,620,000",103.0%,2021-09-07,2021_3Q,3
울산 2계 2021-100696,차량,기타토지,기타토지,울산,울주군,울산 울주군 청량읍 덕하리 414 백양주차장내 보관(제3자 이길연),"9,000,000","6,300,000",낙찰,"7,870,000",87.4%,2021-07-21,2021_3Q,3
울산 4계 2021-100948,임야,임야,임야,울산,북구,울산 북구 무룡동 산33-4,"49,650,000","17,030,000",낙찰,"22,040,000",44.4%,2021-10-14,2021_4Q,3
울산 7계 2021-100986,차량,기타토지,기타토지,울산,남구,울산 남구 두왕동 453-7 현대주차장내 보관,"6,800,000","6,800,000",낙찰,"7,580,000",111.5%,2021-07-13,2021_3Q,3
울산 9계 2021-101194,아파트,아파트,아파트,울산,남구,"울산 남구 달동 1371-1 ,1372-3,1375-2,1376-1 현대 102동 3층 306호","225,000,000","157,500,000",낙찰,"213,000,000",94.7%,2021-12-14,2021_4Q,3
울산 10계 2021-101217,아파트,아파트,아파트,울산,북구,울산 북구 천곡동 940-10 대동황토방 203동 13층 1301호,"75,000,000","75,000,000",낙찰,"81,700,000",108.9%,2021-09-30,2021_3Q,3
울산 4계 2021-101361,대지,나대지,나대지,울산,울주군,울산 울주군 상북면 등억알프스리 527-5,"241,395,000","168,977,000",낙찰,"220,000,000",91.1%,2021-10-14,2021_4Q,3
울산 4계 2021-101453,차량,기타토지,기타토지,울산,울주군,울산 울주군 언양읍 반천리 534 복산주차장내 보관,"14,000,000","6,860,000",낙찰,"8,190,000",58.5%,2021-09-09,2021_3Q,3
울산 6계 2021-101491,차량,기타토지,기타토지,울산,울주군,울산 울주군 언양읍 반천리 534 내 보관,"12,000,000","8,400,000",낙찰,"11,600,000",96.7%,2021-12-21,2021_4Q,3
울산 10계 2021-101507,오피스텔,오피스텔,오피스텔(업무용),울산,북구,울산 북구 진장동 285-3 울산 진장디플렉스 1동 3층 3115호,"68,300,000","47,810,000",낙찰,"52,222,000",76.5%,2021-12-09,2021_4Q,3
울산 7계 2021-101545,차량,기타토지,기타토지,울산,울주군,울산 울주군 언양읍 반천리 534 복산주차장내 보관,"110,000,000","53,900,000",낙찰,"57,200,000",52.0%,2021-08-17,2021_3Q,3
울산 4계 2021-101576,아파트,아파트,아파트,울산,북구,울산 북구 염포동 145-2 미도 A동 4층 410호,"39,000,000","39,000,000",낙찰,"51,150,000",131.2%,2021-08-05,2021_3Q,3
울산 10계 2021-101866,아파트,아파트,아파트,울산,중구,울산 중구 성안동 509-3 성안에일린2차 5층 502호,"244,000,000","170,800,000",낙찰,"190,500,000",78.1%,2021-12-09,2021_4Q,3
울산 4계 2021-102227,아파트,아파트,아파트,울산,울주군,울산 울주군 온산읍 덕신리 1329-4 덕신동백 102동 15층 1511호,"80,000,000","56,000,000",낙찰,"61,599,000",77.0%,2021-11-18,2021_4Q,3
울산 4계 2021-102395,다세대,다세대주택,다세대,울산,울주군,울산 울주군 범서읍 구영리 392-2 대동하이츠빌 3층 302호,"162,000,000","113,400,000",낙찰,"128,199,999",79.1%,2021-11-18,2021_4Q,3
울산 7계 2021-102470,차량,기타토지,기타토지,울산,울주군,울산 울주군 언양읍 반천리 534 복산주차장내 보관,"11,500,000","8,050,000",낙찰,"11,660,000",101.4%,2021-08-17,2021_3Q,3
울산 9계 2021-102531,아파트,아파트,아파트,울산,중구,울산 중구 태화동 200-1 선경맨션 102동 12층 1205호,"179,000,000","179,000,000",낙찰,"181,999,990",101.7%,2021-12-14,2021_4Q,3
울산 10계 2021-102548,아파트,아파트,아파트,울산,남구,"울산 남구 야음동 730-6 ,868-2 한라훼미리 201동 5층 508호","190,000,000","133,000,000",낙찰,"207,001,000",108.9%,2021-12-09,2021_4Q,3
울산 4계 2021-102692,아파트,아파트,아파트,울산,북구,울산 북구 천곡동 940-1 우방 102동 6층 607호,"63,000,000","44,100,000",낙찰,"65,170,000",103.4%,2021-11-18,2021_4Q,3
울산 9계 2021-103084,차량,기타토지,기타토지,울산,울주군,울산 울주군 언양읍 반천리 534 북산주차장내 보관(제3자 이성학에게 보관),"12,000,000","8,400,000",낙찰,"11,080,000",92.3%,2021-09-02,2021_3Q,3
울산 1계 2021-103114,차량,기타토지,기타토지,울산,울주군,울산 울주군 언양읍 반천리 534 복산주차장내 보관,"8,500,000","8,500,000",낙찰,"10,780,000",126.8%,2021-07-15,2021_3Q,3
울산 7계 2021-103428,차량,기타토지,기타토지,울산,남구,울산 남구 삼산동 1622-1 농수산물유통센터주차장내보관,"120,000,000","120,000,000",낙찰,"122,400,000",102.0%,2021-10-20,2021_4Q,3
울산 4계 2021-104124,연립,연립주택,연립·빌라,울산,동구,울산 동구 전하동 681-3 동해 B동 1층 102호,"55,000,000","38,500,000",낙찰,"53,000,000",96.4%,2021-11-18,2021_4Q,3
울산 2계 2021-104582,차량,기타토지,기타토지,울산,울주군,울산 울주군 언양읍 반천리 534 복산주차장내 보관(제3자 이성학에게 보관),"13,500,000","9,450,000",낙찰,"12,520,000",92.7%,2021-09-29,2021_3Q,3
울산 6계 2021-104759,차량,기타토지,기타토지,울산,울주군,울산 울주군 언양읍 반천리 534 내 보관,"15,000,000","10,500,000",낙찰,"13,219,000",88.1%,2021-12-21,2021_4Q,3
울산 8계 2021-105196,차량,기타토지,기타토지,울산,남구,울산 남구 두왕동 453-7 현대주차장내 보관(제3자손영숙에게보관),"11,000,000","7,700,000",낙찰,"8,690,000",79.0%,2021-11-02,2021_4Q,3
울산 5계 2021-106045,연립,연립주택,연립·빌라,울산,남구,울산 남구 달동 583-1 달동 나동 2층 202호,"128,000,000","128,000,000",낙찰,"141,000,110",110.2%,2021-11-23,2021_4Q,3
울산 9계 2021-106090,차량,기타토지,기타토지,울산,울주군,울산 울주군 언양읍 반천리 534 복산주차장(제3자이성학)보관,"10,000,000","10,000,000",낙찰,"10,001,000",100.0%,2021-10-05,2021_4Q,3
울산 9계 2021-106502,차량,기타토지,기타토지,울산,울주군,울산 울주군 언양읍 반천리 534 내 보관,"15,000,000","7,350,000",낙찰,"10,500,000",70.0%,2021-12-14,2021_4Q,3
울산 2계 2021-107048,중기,기타토지,기타토지,울산,울주군,울산 울주군 청량읍 덕하리 414 백양주차장(제3자이길년)내 보관,"90,000,000","63,000,000",낙찰,"80,710,000",89.7%,2021-12-08,2021_4Q,3
울산 9계 2021-107673,차량,기타토지,기타토지,울산,울주군,울산 울주군 언양읍 반천리 534 복산주차장내 보관,"7,300,000","7,300,000",낙찰,"8,700,000",119.2%,2021-12-14,2021_4Q,3
울산 3계 2018-1430,근린주택,근린주택,근린주택,울산,울주군,울산 울주군 온산읍 덕신리 334-16,"577,420,400","369,549,056",낙찰,"422,770,000",73.2%,2022-01-19,2022_1Q,3
울산 3계 2018-8158,점포,근린상가,점포상가,울산,북구,"울산 북구 무룡동 268-1 ,-2,269-6 1호","300,494,790","300,494,790",낙찰,"451,000,000",150.1%,2022-03-02,2022_1Q,3
울산 6계 2018-14597,근린상가,근린상가,근린상가,울산,북구,"울산 북구 천곡동 879-1 ,866-1,875-1,878,879,880 1동","3,118,354,150","1,021,822,000",낙찰,"2,437,000,000",78.2%,2022-03-16,2022_1Q,3
울산 5계 2018-101521,공장,공장(지식산업센터 업무시설),공장,울산,울주군,울산 울주군 온산읍 학남리 427-10 1동호,"13,347,575,320","6,833,958,000",낙찰,"7,570,500,300",56.7%,2022-02-23,2022_1Q,3
울산 3계 2018-106038,아파트,아파트,아파트,울산,중구,울산 중구 성안동 794-11 아드리안 3층 302호,"205,000,000","131,200,000",낙찰,"179,999,000",87.8%,2022-04-06,2022_2Q,3
울산 5계 2019-1963,아파트,아파트,아파트,울산,중구,울산 중구 서동 65-1 신라맨션 B동 8층 805호,"163,000,000","79,870,000",낙찰,"148,330,000",91.0%,2022-02-23,2022_1Q,3
울산 3계 2019-6272,공장,공장(지식산업센터 업무시설),공장,울산,울주군,울산 울주군 웅촌면 고연리 1178-18 A동호,"2,461,348,580","1,206,061,000",낙찰,"1,620,000,000",65.8%,2022-05-18,2022_2Q,3
울산 6계 2019-9509,연립,연립주택,연립·빌라,울산,중구,울산 중구 성안동 871-17 이지빌 2층 201호,"208,000,000","145,600,000",낙찰,"158,330,000",76.1%,2022-03-16,2022_1Q,3
울산 10계 2019-10028,종교시설,기타건물,기타건물,울산,울주군,울산 울주군 범서읍 굴화리 355-1,"3,921,067,350","2,744,747,000",낙찰,"3,710,000,000",94.6%,2022-05-12,2022_2Q,3
울산 10계 2019-15764,단독주택,단독,단독주택,울산,북구,울산 북구 진장동 687-5 A동호,"2,377,160,890","571,927,000",낙찰,"1,020,000,000",42.9%,2022-01-27,2022_1Q,3
울산 7계 2019-102927,전,전,전,울산,울주군,울산 울주군 두서면 내와리 132,"21,132,000","3,552,000",낙찰,"4,099,999",19.4%,2022-01-11,2022_1Q,3
울산 8계 2019-104527,아파트,아파트,아파트,울산,동구,"울산 동구 서부동 남목일단의주택조성사업지구1블럭2롯트,3롯트,4롯트,5롯트,6롯트,7롯트,8롯트,9롯트,10롯트,11롯트 서영골든타워 15층 1507호","156,000,000","109,200,000",낙찰,"142,899,999",91.6%,2022-02-22,2022_1Q,3
울산 6계 2019-106264,아파트,아파트,아파트,울산,남구,"울산 남구 선암동 681-1 ,-4,680-8,681-10,-11,-14,-16,-17 힐그린파크 3층 301호","202,000,000","202,000,000",낙찰,"223,000,000",110.4%,2022-04-19,2022_2Q,3
울산 2계 2019-107175,아파트,아파트,아파트,울산,중구,울산 중구 태화동 123-7 새운임대 C동 3층 309호,"113,000,000","79,100,000",낙찰,"114,180,000",101.0%,2022-04-27,2022_2Q,3
울산 9계 2019-110461,답,답,답,울산,울주군,울산 울주군 삼동면 조일리 26,"21,420,000","10,496,000",낙찰,"17,220,000",80.4%,2022-04-12,2022_2Q,3
울산 1계 2019-111846,공장,공장(지식산업센터 업무시설),공장,울산,북구,울산 북구 달천동 203-1 A동호,"3,296,137,000","1,615,107,000",낙찰,"2,101,000,000",63.7%,2022-06-28,2022_2Q,3
울산 7계 2019-113750,아파트,아파트,아파트,울산,북구,"울산 북구 신천동 346-5 ,호계동 196 성우현대 102동 1층 102호","75,000,000","52,500,000",낙찰,"101,900,000",135.9%,2022-06-15,2022_2Q,3
울산 1계 2020-225,다세대,다세대주택,다세대,울산,중구,울산 중구 성안동 382-15 가나빌라 B동 3층 301호,"150,000,000","73,500,000",낙찰,"114,110,000",76.1%,2022-04-13,2022_2Q,3
울산 8계 2020-874,연립,연립주택,연립·빌라,울산,중구,울산 중구 반구동 703-1 럭키빌리지 4층 503호,"122,000,000","85,400,000",낙찰,"90,100,000",73.9%,2022-06-14,2022_2Q,3
울산 5계 2020-1013(1),단독주택,단독,단독주택,울산,남구,울산 남구 무거동 1257-6,"399,463,840","195,738,000",낙찰,"271,989,900",68.1%,2022-01-18,2022_1Q,3
울산 1계 2020-1785,점포,근린상가,점포상가,울산,울주군,울산 울주군 온산읍 덕신리 539 A동,"476,699,750","476,699,750",낙찰,"603,338,000",126.6%,2022-03-10,2022_1Q,3
울산 1계 2020-4920,아파트,아파트,아파트,울산,북구,울산 북구 중산동 200 중산디아채 207동 3층 301호,"184,000,000","184,000,000",낙찰,"228,880,000",124.4%,2022-05-25,2022_2Q,3
울산 9계 2020-5343,아파트,아파트,아파트,울산,동구,울산 동구 서부동 493-2 남목우주 3동 4층 405호,"64,000,000","44,800,000",낙찰,"61,810,000",96.6%,2022-01-25,2022_1Q,3
울산 10계 2020-5497,단독주택,단독,단독주택,울산,남구,울산 남구 야음동 385-19,"241,925,800","118,544,000",낙찰,"170,199,900",70.4%,2022-03-03,2022_1Q,3
울산 6계 2020-5589,아파트,아파트,아파트,울산,울주군,울산 울주군 웅촌면 대복리 302 한솔그린빌 702동 6층 608호,"68,000,000","47,600,000",낙찰,"53,210,010",78.3%,2022-01-20,2022_1Q,3
울산 4계 2020-5725,아파트,아파트,아파트,울산,남구,울산 남구 달동 119-1 주공 202동 13층 1303호,"105,000,000","105,000,000",낙찰,"156,800,000",149.3%,2022-02-10,2022_1Q,3
울산 1계 2020-6063(1),근린상가,근린상가,근린상가,울산,울주군,울산 울주군 언양읍 서부리 291-2 우리아동병원 1층 109호,"191,000,000","65,513,000",낙찰,"102,010,000",53.4%,2022-01-26,2022_1Q,3
울산 1계 2020-6377,아파트,아파트,아파트,울산,울주군,"울산 울주군 범서읍 천상리 324-2 ,-15,-27 경동태원하이빌 102동 4층 405호","112,000,000","112,000,000",낙찰,"120,100,000",107.2%,2022-03-10,2022_1Q,3
울산 5계 2020-6940(1),임야,임야,임야,울산,울주군,울산 울주군 범서읍 척과리 산184-1,"204,120,000","204,120,000",낙찰,"537,000,000",263.1%,2022-01-18,2022_1Q,3
울산 8계 2020-7264,주상복합(주거),기타토지,기타토지,울산,남구,울산 남구 무거동 1532-1 현대프리빌 11층 1102호,"88,000,000","61,600,000",낙찰,"72,100,000",81.9%,2022-01-13,2022_1Q,3
울산 5계 2020-8007,아파트,아파트,아파트,울산,북구,"울산 북구 산하동 969-1 ,-2 울산블루마시티 서희스타힐스블루원 108동 3층 301호","259,000,000","259,000,000",낙찰,"311,100,000",120.1%,2022-06-09,2022_2Q,3
울산 6계 2020-8045,오피스텔(주거),오피스텔,오피스텔(업무용),울산,울주군,울산 울주군 두서면 활천리 815-22,"553,724,960","189,928,000",낙찰,"269,570,000",48.7%,2022-06-22,2022_2Q,3
울산 3계 2020-8809,종교시설,기타건물,기타건물,울산,울주군,울산 울주군 상북면 덕현리 725-1,"124,996,800","42,874,000",낙찰,"46,111,000",36.9%,2022-04-06,2022_2Q,3
울산 1계 2020-9376(1),주상복합(상가),기타토지,기타토지,울산,남구,울산 남구 삼산동 1498-4 팔레드상떼 1층 106호,"381,000,000","186,690,000",낙찰,"228,660,000",60.0%,2022-04-13,2022_2Q,3
울산 1계 2020-9376(2),주상복합(상가),기타토지,기타토지,울산,남구,울산 남구 삼산동 1498-4 팔레드상떼 1층 107호,"707,000,000","242,501,000",낙찰,"335,600,000",47.5%,2022-05-25,2022_2Q,3
울산 10계 2020-9642,아파트,아파트,아파트,울산,북구,"울산 북구 중산동 621 ,617,622-3,-4,1200-26,-27,617-2 현대글로리아 101동 3층 301호","67,000,000","32,830,000",낙찰,"58,800,000",87.8%,2022-03-03,2022_1Q,3
울산 8계 2020-9758,대지,나대지,나대지,울산,북구,울산 북구 산하동 1016-26,"2,205,390,000","1,080,641,000",낙찰,"1,387,300,000",62.9%,2022-02-22,2022_1Q,3
울산 3계 2020-10369,답,답,답,울산,북구,울산 북구 산하동 842,"252,720,000","176,904,000",낙찰,"176,910,000",70.0%,2022-05-18,2022_2Q,3
울산 7계 2020-10758,근린주택,근린주택,근린주택,울산,남구,울산 남구 무거동 1444-14,"732,549,380","512,785,000",낙찰,"630,000,000",86.0%,2022-03-22,2022_1Q,3
울산 7계 2020-11089(1),답,답,답,울산,울주군,울산 울주군 온산읍 덕신리 65,"269,059,000","131,839,000",낙찰,"150,000,000",55.7%,2022-03-22,2022_1Q,3
울산 8계 2020-11102,단독주택,단독,단독주택,울산,동구,울산 동구 화정동 148-16,"334,838,960","114,850,000",낙찰,"156,990,000",46.9%,2022-01-13,2022_1Q,3
울산 7계 2020-11287,답,답,답,울산,울주군,울산 울주군 상북면 산전리 343-8,"108,899,000","53,360,000",낙찰,"57,400,000",52.7%,2022-02-15,2022_1Q,3
울산 7계 2020-11393,단독주택,단독,단독주택,울산,울주군,"울산 울주군 웅촌면 곡천리 833-2 ,834-1","167,122,680","116,986,000",낙찰,"168,010,000",100.5%,2022-01-11,2022_1Q,3
울산 2계 2020-11461,숙박시설,숙박시설,숙박시설,울산,울주군,울산 울주군 상북면 덕현리 219-9,"1,521,350,180","521,823,000",낙찰,"539,000,000",35.4%,2022-01-12,2022_1Q,3
울산 8계 2020-11553,오피스텔,오피스텔,오피스텔(업무용),울산,동구,울산 동구 전하동 639-8 전하동에스오션타워 2층 201호,"238,000,000","81,634,000",낙찰,"96,419,000",40.5%,2022-01-13,2022_1Q,3
울산 8계 2020-11737,답,답,답,울산,북구,울산 북구 신현동 385,"451,233,000","221,104,000",낙찰,"245,600,000",54.4%,2022-02-22,2022_1Q,3
울산 8계 2020-11966,대지,나대지,나대지,울산,동구,울산 동구 방어동 617-55,"218,750,000","107,188,000",낙찰,"163,000,000",74.5%,2022-05-03,2022_2Q,3
울산 3계 2020-12013,아파트,아파트,아파트,울산,중구,울산 중구 우정동 385 선경 4동 12층 1201호,"394,000,000","394,000,000",낙찰,"395,010,000",100.3%,2022-04-06,2022_2Q,3
울산 8계 2020-12129,단독주택,단독,단독주택,울산,중구,울산 중구 반구동 38-16,"296,392,500","145,233,000",낙찰,"206,370,000",69.6%,2022-03-29,2022_1Q,3
울산 7계 2020-12280,아파트,아파트,아파트,울산,울주군,울산 울주군 서생면 진하리 300-12 우정팰리스 1층 101호,"160,000,000","78,400,000",낙찰,"123,000,000",76.9%,2022-02-15,2022_1Q,3
울산 8계 2020-12495,아파트,아파트,아파트,울산,중구,울산 중구 성안동 868-6 네오빌8차 2층 202호,"261,000,000","182,700,000",낙찰,"218,880,000",83.9%,2022-01-13,2022_1Q,3
울산 6계 2020-12600,임야,임야,임야,울산,북구,울산 북구 대안동 산164,"138,845,000","138,845,000",낙찰,"153,000,000",110.2%,2022-02-17,2022_1Q,3
울산 7계 2020-12624,아파트,아파트,아파트,울산,북구,"울산 북구 중산동 736 ,737-19,1218-5 백산그린타워 102동 2층 201호","62,000,000","43,400,000",낙찰,"57,790,000",93.2%,2022-02-15,2022_1Q,3
울산 7계 2020-12686,단독주택,단독,단독주택,울산,동구,울산 동구 전하동 637-6,"120,585,000","59,087,000",낙찰,"63,980,000",53.1%,2022-04-20,2022_2Q,3
울산 3계 2020-12693,답,답,답,울산,울주군,울산 울주군 언양읍 직동리 774-1,"269,348,000","269,348,000",낙찰,"275,100,000",102.1%,2022-06-29,2022_2Q,3
울산 10계 2020-12761,단독주택,단독,단독주택,울산,동구,울산 동구 방어동 462-17,"1,603,200,500","549,898,000",낙찰,"650,221,000",40.6%,2022-01-27,2022_1Q,3
울산 8계 2020-13016,주상복합(상가),기타토지,기타토지,울산,울주군,울산 울주군 언양읍 서부리 242-13 언양신한빌리지 2층 상가2호,"87,000,000","60,900,000",낙찰,"70,500,100",81.0%,2022-01-13,2022_1Q,3
울산 2계 2020-13337,근린주택,근린주택,근린주택,울산,동구,울산 동구 방어동 1128-4,"659,526,980","323,168,000",낙찰,"466,889,000",70.8%,2022-02-16,2022_1Q,3
울산 7계 2020-13443,아파트,아파트,아파트,울산,남구,울산 남구 상개동 152-6 상개목화 101동 5층 B510호,"83,000,000","58,100,000",낙찰,"78,730,000",94.9%,2022-02-15,2022_1Q,3
울산 7계 2020-13603,주상복합(주거),기타토지,기타토지,울산,중구,울산 중구 우정동 172-5 진흥마제스타워울산 26층 2226호,"462,000,000","462,000,000",낙찰,"476,669,000",103.2%,2022-01-11,2022_1Q,3
울산 8계 2020-13610(1),임야,임야,임야,울산,울주군,울산 울주군 두동면 삼정리 산20-2,"1,829,510","628,000",낙찰,"628,000",34.3%,2022-06-14,2022_2Q,3
울산 8계 2020-13610(2),임야,임야,임야,울산,울주군,울산 울주군 두동면 삼정리 산22-1,"4,418,000","1,516,000",낙찰,"2,500,000",56.6%,2022-03-29,2022_1Q,3
울산 7계 2020-13672,아파트,아파트,아파트,울산,중구,울산 중구 태화동 412-2 진영동부 104동 6층 608호,"166,000,000","116,200,000",낙찰,"155,150,000",93.5%,2022-02-15,2022_1Q,3
울산 8계 2020-13719,과수원,과수원,과수원,울산,울주군,울산 울주군 서생면 위양리 1097-1,"1,478,548,000","724,489,000",낙찰,"728,000,000",49.2%,2022-03-29,2022_1Q,3
울산 3계 2020-13795,주유소,기타건물,주유소,울산,울주군,울산 울주군 두서면 활천리 666-2,"960,634,000","329,498,000",낙찰,"563,899,000",58.7%,2022-05-18,2022_2Q,3
울산 5계 2020-13801,답,답,답,울산,울주군,울산 울주군 두서면 구량리 46,"436,896,000","214,079,000",낙찰,"300,000,000",68.7%,2022-01-18,2022_1Q,3
울산 7계 2020-13986,아파트,아파트,아파트,울산,북구,울산 북구 중산동 622 현대 202동 1층 108호,"75,000,000","52,500,000",낙찰,"64,100,000",85.5%,2022-02-15,2022_1Q,3
울산 5계 2020-14101,임야,임야,임야,울산,울주군,울산 울주군 범서읍 두산리 산238,"342,744,000","117,562,000",낙찰,"135,100,000",39.4%,2022-06-09,2022_2Q,3
울산 8계 2020-14255,아파트,아파트,아파트,울산,동구,"울산 동구 동부동 150 ,-1,218-1,592-20 현대패밀리동부 106동 1층 102호","72,000,000","72,000,000",낙찰,"80,770,000",112.2%,2022-02-22,2022_1Q,3
울산 7계 2020-14415,아파트,아파트,아파트,울산,동구,"울산 동구 방어동 1024-7 ,-8 동아비너스 4층 402호","190,000,000","133,000,000",낙찰,"158,880,000",83.6%,2022-02-15,2022_1Q,3
울산 2계 2020-14422(2),도로,기타토지,기타토지,울산,울주군,울산 울주군 온양읍 망양리 262-1,"5,616,000","2,752,000",낙찰,"3,188,000",56.8%,2022-01-12,2022_1Q,3
울산 2계 2020-14422(3),점포,근린상가,점포상가,울산,울주군,울산 울주군 온산읍 산암리 143-21,"21,650,000","10,609,000",낙찰,"12,000,000",55.4%,2022-01-12,2022_1Q,3
울산 9계 2020-14453,아파트,아파트,아파트,울산,북구,울산 북구 달천동 107-6 그린카운티 401동 15층 1502호,"215,000,000","150,500,000",낙찰,"213,258,000",99.2%,2022-03-08,2022_1Q,3
울산 3계 2020-14514,답,답,답,울산,울주군,울산 울주군 두서면 미호리 312-7,"239,895,000","117,549,000",낙찰,"163,100,000",68.0%,2022-01-19,2022_1Q,3
울산 6계 2020-14538,임야,임야,임야,울산,울주군,울산 울주군 범서읍 천상리 산52,"515,522,400","176,824,000",낙찰,"180,000,000",34.9%,2022-01-20,2022_1Q,3
울산 8계 2020-14545(1),임야,임야,임야,울산,울주군,울산 울주군 두서면 구량리 산79-2,"171,360,000","83,966,000",낙찰,"94,966,000",55.4%,2022-06-14,2022_2Q,3
울산 3계 2020-14644,오피스텔(주거),오피스텔,오피스텔(업무용),울산,남구,울산 남구 신정동 1875 극동스타클래스 3층 311호,"197,000,000","137,900,000",낙찰,"148,799,000",75.5%,2022-05-18,2022_2Q,3
울산 5계 2020-14705,오피스텔,오피스텔,오피스텔(업무용),울산,북구,울산 북구 산하동 248-4 이진블루시티 9층 901호,"206,000,000","100,940,000",낙찰,"133,000,000",64.6%,2022-01-18,2022_1Q,3
울산 8계 2020-14798,아파트,아파트,아파트,울산,동구,"울산 동구 서부동 257-4 ,249-8 현대패밀리서부 121동 1층 103호","119,000,000","119,000,000",낙찰,"125,560,000",105.5%,2022-02-22,2022_1Q,3
울산 2계 2020-14972,아파트,아파트,아파트,울산,울주군,울산 울주군 온양읍 망양리 481-101 성우빌리지 12층 1205호,"100,000,000","49,000,000",낙찰,"70,399,990",70.4%,2022-02-16,2022_1Q,3
울산 7계 2020-15029,임야,임야,임야,울산,울주군,울산 울주군 상북면 산전리 208-11,"991,468,000","694,028,000",낙찰,"706,000,000",71.2%,2022-05-19,2022_2Q,3
울산 8계 2020-15036,아파트,아파트,아파트,울산,북구,울산 북구 신천동 244 무지개타운 101동 3층 309호,"119,000,000","119,000,000",낙찰,"121,380,000",102.0%,2022-02-22,2022_1Q,3
울산 10계 2020-15043,아파트,아파트,아파트,울산,북구,울산 북구 매곡동 542-22 정림은하수타운 9층 903호,"92,000,000","64,400,000",낙찰,"91,500,000",99.5%,2022-04-07,2022_2Q,3
울산 3계 2020-15142,아파트,아파트,아파트,울산,중구,울산 중구 동동 470-6 현대골든타워 13층 1302호,"122,000,000","85,400,000",낙찰,"120,199,900",98.5%,2022-01-19,2022_1Q,3
울산 1계 2020-15234(1),답,답,답,울산,울주군,울산 울주군 상북면 양등리 451-1,"370,240,000","126,993,000",낙찰,"150,100,000",40.5%,2022-06-28,2022_2Q,3
울산 1계 2020-15234(2),임야,임야,임야,울산,울주군,울산 울주군 상북면 양등리 451-2,"47,628,000","16,337,000",낙찰,"17,500,000",36.7%,2022-06-28,2022_2Q,3
울산 5계 2020-15333,연립,연립주택,연립·빌라,울산,동구,"울산 동구 방어동 241-1 ,240-6,241-3 테티스 5층 502호","188,000,000","131,600,000",낙찰,"163,800,000",87.1%,2022-01-18,2022_1Q,3
울산 7계 2020-15357,오피스텔(주거),오피스텔,오피스텔(업무용),울산,울주군,울산 울주군 삼남읍 신화리 1609 금아드림팰리스 202동 27층 2702호,"321,000,000","224,700,000",낙찰,"261,322,200",81.4%,2022-03-22,2022_1Q,3
울산 8계 2020-15463(1),임야,임야,임야,울산,남구,울산 남구 무거동 산101,"116,160,000","39,843,000",낙찰,"45,100,000",38.8%,2022-06-14,2022_2Q,3
울산 8계 2020-15463(2),임야,임야,임야,울산,남구,울산 남구 무거동 산102,"134,600,000","46,168,000",낙찰,"52,100,000",38.7%,2022-06-14,2022_2Q,3
울산 7계 2020-100415,근린상가,근린상가,근린상가,울산,북구,울산 북구 산하동 414-2 씨엘마린 1층 102호,"587,000,000","140,939,000",낙찰,"202,000,000",34.4%,2022-05-19,2022_2Q,3
울산 5계 2020-103230,아파트,아파트,아파트,울산,울주군,"울산 울주군 범서읍 천상리 5블록2놋트,5블록2-2놋트 대승이너블 4층 402호","178,000,000","124,600,000",낙찰,"151,000,000",84.8%,2022-06-09,2022_2Q,3
울산 3계 2020-103773,주상복합(주거),기타토지,기타토지,울산,동구,울산 동구 방어동 1077-13 아네스빌 2층 202호,"198,000,000","138,600,000",낙찰,"160,100,000",80.9%,2022-03-02,2022_1Q,3
울산 6계 2020-104264,오피스텔(주거),오피스텔,오피스텔(업무용),울산,남구,울산 남구 삼산동 1624-1 코아루벨라채 12층 1215호,"117,000,000","6,745,000",낙찰,"13,355,500",11.4%,2022-06-22,2022_2Q,3
울산 4계 2020-104387,아파트,아파트,아파트,울산,동구,울산 동구 전하동 682-1 삼전아이필하모니 102동 13층 1301호,"224,000,000","156,800,000",낙찰,"210,378,000",93.9%,2022-05-26,2022_2Q,3
울산 3계 2020-105304(1),아파트,아파트,아파트,울산,남구,울산 남구 삼산동 1461-1 우성 105동 4층 401호,"365,000,000","365,000,000",낙찰,"400,000,000",109.6%,2022-01-19,2022_1Q,3
울산 3계 2020-105304(2),답,답,답,울산,중구,울산 중구 학산동 61-2,"188,817,250","92,520,000",낙찰,"126,200,000",66.8%,2022-04-06,2022_2Q,3
울산 3계 2020-105489(1),근린상가,근린상가,근린상가,울산,남구,울산 남구 달동 1365-13,"18,120,878,400","12,684,615,000",낙찰,"17,029,999,000",94.0%,2022-04-06,2022_2Q,3
울산 3계 2020-105489(2),근린상가,근린상가,근린상가,울산,중구,울산 중구 성남동 219-106,"2,076,330,890","2,076,330,890",낙찰,"2,890,000,000",139.2%,2022-03-02,2022_1Q,3
울산 3계 2020-105489(3),근린상가,근린상가,근린상가,울산,중구,"울산 중구 옥교동 275-10 ,276-8","706,695,400","706,695,400",낙찰,"809,000,000",114.5%,2022-03-02,2022_1Q,3
울산 6계 2020-105564,아파트,아파트,아파트,울산,북구,"울산 북구 중산동 621 ,617,622-3,-4,1200-26,-27 현대글로리아 102동 1층 101호","73,000,000","51,100,000",낙찰,"57,289,000",78.5%,2022-05-24,2022_2Q,3
울산 10계 2020-105908,점포,근린상가,점포상가,울산,울주군,울산 울주군 온양읍 망양리 462-7,"168,029,130","40,344,000",낙찰,"45,800,900",27.3%,2022-01-27,2022_1Q,3
울산 8계 2020-106031,다세대,다세대주택,다세대,울산,울주군,울산 울주군 온산읍 덕신리 423-17 길림빌라 B동 3층 301호,"64,000,000","44,800,000",낙찰,"45,120,000",70.5%,2022-03-29,2022_1Q,3
울산 6계 2020-106178,공장,공장(지식산업센터 업무시설),공장,울산,울주군,"울산 울주군 웅촌면 고연리 952-23 ,477-18,-22,-35 1동호","4,375,193,870","2,143,845,000",낙찰,"2,711,111,000",62.0%,2022-06-22,2022_2Q,3
울산 1계 2020-106802,아파트,아파트,아파트,울산,동구,울산 동구 동부동 672 남목현대 102동 7층 710호,"99,000,000","69,300,000",낙찰,"85,800,000",86.7%,2022-01-26,2022_1Q,3
울산 3계 2020-107102(1),오피스텔(주거),오피스텔,오피스텔(업무용),울산,동구,울산 동구 방어동 1031-3 대호하이빌16차 1층 101호,"77,000,000","26,411,000",낙찰,"38,650,000",50.2%,2022-06-29,2022_2Q,3
울산 3계 2020-107102(2),오피스텔(주거),오피스텔,오피스텔(업무용),울산,동구,울산 동구 방어동 1031-3 대호하이빌16차 1층 105호,"78,000,000","26,754,000",낙찰,"38,650,000",49.6%,2022-06-29,2022_2Q,3
울산 3계 2020-107102(6),오피스텔(주거),오피스텔,오피스텔(업무용),울산,동구,울산 동구 방어동 1031-3 대호하이빌16차 1층 106호,"78,000,000","38,220,000",낙찰,"39,600,000",50.8%,2022-03-02,2022_1Q,3
울산 7계 2020-107164,주상복합(상가),기타토지,기타토지,울산,남구,울산 남구 무거동 825-1 무거시장 2층 20호,"7,800,000","3,822,000",낙찰,"6,337,990",81.3%,2022-02-15,2022_1Q,3
울산 1계 2020-107768,주상복합(주거),기타토지,기타토지,울산,남구,울산 남구 신정동 628-1 도해노블빌2차 9층 903호,"218,000,000","152,600,000",낙찰,"228,373,000",104.8%,2022-03-10,2022_1Q,3
울산 9계 2020-108143,아파트,아파트,아파트,울산,남구,"울산 남구 옥동 129-6 ,131-26,140-10 동덕현대 102동 8층 805호","271,000,000","271,000,000",낙찰,"392,005,631",144.7%,2022-05-17,2022_2Q,3
울산 8계 2020-108334,아파트,아파트,아파트,울산,북구,"울산 북구 중산동 621 ,617,622-3,-4,1200-26,-27 현대글로리아 102동 16층 1601호","72,000,000","50,400,000",낙찰,"60,500,000",84.0%,2022-01-13,2022_1Q,3
울산 6계 2020-108860,답,답,답,울산,울주군,울산 울주군 상북면 거리 320-1,"226,648,000","111,058,000",낙찰,"135,436,000",59.8%,2022-01-20,2022_1Q,3
울산 4계 2020-109047,아파트,아파트,아파트,울산,북구,울산 북구 산하동 95-2 울산블루마시티 서희스타힐스블루원 103동 32층 3203호,"484,000,000","484,000,000",낙찰,"537,600,000",111.1%,2022-03-17,2022_1Q,3
울산 7계 2020-109139(2),임야,임야,임야,울산,북구,울산 북구 산하동 산7,"18,942,300","9,282,000",낙찰,"13,777,700",72.7%,2022-02-15,2022_1Q,3
울산 1계 2020-109429(1),대지,나대지,나대지,울산,울주군,울산 울주군 언양읍 다개리 163,"22,069,550","7,570,000",낙찰,"11,820,000",53.6%,2022-01-26,2022_1Q,3
울산 1계 2020-109429(2),전,전,전,울산,울주군,울산 울주군 언양읍 다개리 165,"21,952,800","7,530,000",낙찰,"8,190,000",37.3%,2022-01-26,2022_1Q,3
울산 7계 2020-109733,다세대,다세대주택,다세대,울산,울주군,울산 울주군 언양읍 서부리 257-11 덕진빌라 가동 4층 401호,"90,000,000","63,000,000",낙찰,"66,660,000",74.1%,2022-02-15,2022_1Q,3
울산 7계 2020-109740,임야,임야,임야,울산,울주군,울산 울주군 언양읍 다개리 산9,"32,283,000","15,819,000",낙찰,"16,285,000",50.4%,2022-04-20,2022_2Q,3
울산 10계 2020-109795(2),임야,임야,임야,울산,동구,울산 동구 동부동 산164-4,"87,609,000","21,035,000",낙찰,"25,195,000",28.8%,2022-05-12,2022_2Q,3
울산 7계 2020-109979,연립,연립주택,연립·빌라,울산,중구,울산 중구 동동 113-2 보광그린빌라 1층 103호,"66,000,000","32,340,000",낙찰,"60,000,000",90.9%,2022-02-15,2022_1Q,3
울산 8계 2020-110023(1),임야,임야,임야,울산,울주군,울산 울주군 두서면 미호리 산153,"7,855,200","2,694,000",낙찰,"2,770,000",35.3%,2022-02-22,2022_1Q,3
울산 8계 2020-110023(2),임야,임야,임야,울산,울주군,울산 울주군 두서면 미호리 산15,"24,592,000","8,435,000",낙찰,"10,750,000",43.7%,2022-02-22,2022_1Q,3
울산 8계 2020-110054,주상복합(상가),기타토지,기타토지,울산,남구,울산 남구 무거동 1527-4 울산대이즈플레이스 1층 122호,"811,000,000","397,390,000",낙찰,"620,000,000",76.4%,2022-05-03,2022_2Q,3
울산 6계 2020-110276,아파트,아파트,아파트,울산,동구,울산 동구 서부동 238-27 현대패밀리명덕2차 204동 10층 1006호,"117,000,000","117,000,000",낙찰,"128,200,000",109.6%,2022-03-16,2022_1Q,3
울산 8계 2020-110320,임야,임야,임야,울산,울주군,울산 울주군 상북면 지내리 산64-19,"39,660,000","13,603,000",낙찰,"14,500,000",36.6%,2022-03-29,2022_1Q,3
울산 6계 2020-110351,임야,임야,임야,울산,울주군,울산 울주군 서생면 화산리 산167-5,"29,288,400","20,502,000",낙찰,"21,000,000",71.7%,2022-05-24,2022_2Q,3
울산 7계 2020-110528(1),임야,임야,임야,울산,울주군,울산 울주군 온양읍 고산리 산177,"240,691,000","82,557,000",낙찰,"95,250,000",39.6%,2022-03-22,2022_1Q,3
울산 8계 2020-110566,오피스텔,오피스텔,오피스텔(업무용),울산,중구,울산 중구 성남동 190-239 성남프라자 8층 803호,"84,000,000","41,160,000",낙찰,"60,000,000",71.4%,2022-02-22,2022_1Q,3
울산 7계 2020-110856,공장,공장(지식산업센터 업무시설),공장,울산,울주군,"울산 울주군 삼동면 작동리 823-3 ,822-7 A동","1,747,584,020","1,223,309,000",낙찰,"1,480,000,000",84.7%,2022-03-22,2022_1Q,3
울산 7계 2020-110863,아파트,아파트,아파트,울산,동구,울산 동구 화정동 175 대송현대 101동 3층 410호,"128,000,000","89,600,000",낙찰,"115,410,000",90.2%,2022-02-15,2022_1Q,3
울산 5계 2020-110986,아파트,아파트,아파트,울산,동구,"울산 동구 동부동 150 ,-1,218-1,592-20 현대패밀리동부 105동 1층 107호","80,000,000","80,000,000",낙찰,"80,880,000",101.1%,2022-06-09,2022_2Q,3
울산 7계 2020-111057,대지,나대지,나대지,울산,동구,울산 동구 화정동 849-10,"325,516,800","227,862,000",낙찰,"233,883,800",71.8%,2022-03-22,2022_1Q,3
울산 8계 2020-111071,오피스텔,오피스텔,오피스텔(업무용),울산,남구,"울산 남구 신정동 1880 ,1883,1884 태화강풍림엑슬루타워 오피스텔동 2층 201호","181,000,000","88,690,000",낙찰,"118,880,000",65.7%,2022-06-14,2022_2Q,3
울산 8계 2020-111293,다세대,다세대주택,다세대,울산,중구,울산 중구 반구동 44-5 성진빌라 1동 2층 202호,"113,000,000","79,100,000",낙찰,"97,538,000",86.3%,2022-03-29,2022_1Q,3
울산 6계 2020-111408,아파트,아파트,아파트,울산,중구,울산 중구 성안동 871-15 태인제이드빌 3층 302호,"185,000,000","129,500,000",낙찰,"167,770,000",90.7%,2022-05-24,2022_2Q,3
울산 8계 2020-111507,다세대,다세대주택,다세대,울산,중구,"울산 중구 성안동 382-1 ,-2 공주마을 B동 4층 502호","140,000,000","68,600,000",낙찰,"110,060,000",78.6%,2022-05-03,2022_2Q,3
울산 3계 2020-111699,다세대,다세대주택,다세대,울산,남구,울산 남구 무거동 1233-4 정민빌라 4층 501호,"97,000,000","67,900,000",낙찰,"81,400,000",83.9%,2022-01-19,2022_1Q,3
울산 5계 2020-111712,답,답,답,울산,울주군,울산 울주군 상북면 산전리 450,"966,456,000","473,563,000",낙찰,"612,440,000",63.4%,2022-06-09,2022_2Q,3
울산 7계 2020-111750,아파트,아파트,아파트,울산,울주군,"울산 울주군 삼남읍 교동리 1678 ,1679 경동우신알프스타운 114동 8층 802호","87,000,000","60,900,000",낙찰,"68,860,500",79.1%,2022-02-15,2022_1Q,3
울산 5계 2020-111804,도로,기타토지,기타토지,울산,중구,울산 중구 학산동 80-24,"8,590,400","6,013,000",낙찰,"7,500,000",87.3%,2022-03-24,2022_1Q,3
울산 8계 2020-112371,단독주택,단독,단독주택,울산,북구,울산 북구 염포동 522-3,"26,846,400","18,792,000",낙찰,"18,900,000",70.4%,2022-03-29,2022_1Q,3
울산 1계 2020-112395,아파트,아파트,아파트,울산,남구,"울산 남구 신정동 851-20 ,-21,-40,야음동 594-10,-37 신정현대홈타운 403동 2층 203호","155,000,000","108,500,000",낙찰,"138,910,000",89.6%,2022-01-26,2022_1Q,3
울산 7계 2020-112500,아파트,아파트,아파트,울산,북구,"울산 북구 매곡동 422-2 ,559,572 현대파크맨션 103동 1층 112호","116,000,000","116,000,000",낙찰,"118,210,000",101.9%,2022-02-15,2022_1Q,3
울산 2계 2020-112739,공장,공장(지식산업센터 업무시설),공장,울산,울주군,울산 울주군 온양읍 외광리 573-3 1동,"3,654,491,760","2,558,144,000",낙찰,"2,611,100,000",71.4%,2022-01-12,2022_1Q,3
울산 7계 2020-112807,아파트,아파트,아파트,울산,북구,울산 북구 신천동 394-1 한라신천지타운 101동 9층 914호,"94,000,000","65,800,000",낙찰,"88,227,700",93.9%,2022-03-22,2022_1Q,3
울산 3계 2020-112876,아파트,아파트,아파트,울산,남구,울산 남구 달동 1352-5 달동현대 104동 4층 404호,"335,000,000","335,000,000",낙찰,"405,000,000",120.9%,2022-04-06,2022_2Q,3
울산 6계 2020-113008,임야,임야,임야,울산,울주군,울산 울주군 두동면 만화리 산174,"92,034,400","31,568,000",낙찰,"36,000,100",39.1%,2022-01-20,2022_1Q,3
울산 1계 2020-113121(1),임야,임야,임야,울산,울주군,울산 울주군 삼동면 조일리 산118,"12,893,300","3,096,000",낙찰,"6,181,000",47.9%,2022-05-25,2022_2Q,3
울산 5계 2020-113213,아파트,아파트,아파트,울산,북구,울산 북구 신천동 786 울산신천엠코타운 109동 1층 102호,"382,000,000","382,000,000",낙찰,"430,300,000",112.6%,2022-04-26,2022_2Q,3
울산 1계 2020-113367,주상복합(주거),기타토지,기타토지,울산,동구,울산 동구 방어동 124-5 등대상가아파트 6층 601호,"151,000,000","105,700,000",낙찰,"113,800,000",75.4%,2022-04-13,2022_2Q,3
울산 1계 2020-113800,도로,기타토지,기타토지,울산,남구,울산 남구 선암동 180-257,"29,212,500","14,314,000",낙찰,"19,000,000",65.0%,2022-03-10,2022_1Q,3
울산 3계 2020-113855,아파트,아파트,아파트,울산,울주군,울산 울주군 온양읍 대안리 418 미도파 107동 5층 508호,"92,000,000","92,000,000",낙찰,"92,000,000",100.0%,2022-06-29,2022_2Q,3
울산 8계 2020-113930,단독주택,단독,단독주택,울산,울주군,울산 울주군 범서읍 척과리 498-1,"61,085,070","61,085,070",낙찰,"62,304,000",102.0%,2022-05-03,2022_2Q,3
울산 5계 2020-113985(1),다세대,다세대주택,다세대,울산,울주군,"울산 울주군 삼남읍 방기리 209 ,-2 SH뷰 B동 1층 101호","151,000,000","73,990,000",낙찰,"78,100,000",51.7%,2022-02-23,2022_1Q,3
울산 5계 2020-113985(2),다세대,다세대주택,다세대,울산,울주군,"울산 울주군 삼남읍 방기리 209 ,-2 SH뷰 A동 1층 101호","151,000,000","73,990,000",낙찰,"76,100,000",50.4%,2022-02-23,2022_1Q,3
울산 6계 2021-161,아파트,아파트,아파트,울산,중구,울산 중구 태화동 110 한라궁전 B동 12층 1201호,"215,000,000","150,500,000",낙찰,"187,595,000",87.3%,2022-02-17,2022_1Q,3
울산 8계 2021-406,단독주택,단독,단독주택,울산,울주군,울산 울주군 범서읍 망성리 137 가동호,"612,205,580","428,544,000",낙찰,"610,191,000",99.7%,2022-06-14,2022_2Q,3
울산 6계 2021-482,아파트,아파트,아파트,울산,북구,울산 북구 신천동 317-2 외11 문화청솔 102동 10층 1004호,"150,000,000","105,000,000",낙찰,"140,321,010",93.5%,2022-01-20,2022_1Q,3
울산 3계 2021-567,주상복합(주거),기타토지,기타토지,울산,동구,"울산 동구 방어동 308-3 ,-8,-18,307-3,-8 월드스카이파크 17층 1903호","217,000,000","151,900,000",낙찰,"187,500,000",86.4%,2022-06-29,2022_2Q,3
울산 5계 2021-703,답,답,답,울산,울주군,울산 울주군 웅촌면 검단리 83-28,"21,052,000","7,221,000",낙찰,"7,610,000",36.1%,2022-03-24,2022_1Q,3
울산 7계 2021-727,대지,나대지,나대지,울산,울주군,울산 울주군 언양읍 남부리 25-3,"189,129,000","189,129,000",낙찰,"236,666,000",125.1%,2022-03-22,2022_1Q,3
울산 8계 2021-734(1),아파트,아파트,아파트,울산,북구,울산 북구 천곡동 418 삼성코아루 118동 4층 401호,"210,000,000","147,000,000",낙찰,"198,600,000",94.6%,2022-06-14,2022_2Q,3
울산 8계 2021-734(2),근린상가,근린상가,근린상가,울산,북구,울산 북구 상안동 367-7 맑은샘빌딩 2층 204호,"195,000,000","195,000,000",낙찰,"242,400,000",124.3%,2022-05-03,2022_2Q,3
울산 8계 2021-734(3),근린상가,근린상가,근린상가,울산,북구,울산 북구 상안동 367-7 맑은샘빌딩 3층 301호,"328,000,000","328,000,000",낙찰,"373,200,000",113.8%,2022-05-03,2022_2Q,3
울산 2계 2021-758,단독주택,단독,단독주택,울산,중구,울산 중구 동동 248-19,"287,534,200","140,892,000",낙찰,"195,601,000",68.0%,2022-02-16,2022_1Q,3
울산 7계 2021-864,아파트,아파트,아파트,울산,중구,"울산 중구 학성동 156-5 ,-15 제일베스트빌 8층 801호","229,000,000","160,300,000",낙찰,"208,380,000",91.0%,2022-04-20,2022_2Q,3
울산 8계 2021-871,답,답,답,울산,북구,울산 북구 상안동 82-2,"190,320,000","133,224,000",낙찰,"150,590,000",79.1%,2022-05-03,2022_2Q,3
울산 2계 2021-895,오피스텔(주거),오피스텔,오피스텔(업무용),울산,남구,"울산 남구 달동 1326-2 ,1326-3 동산 13층 1308호","61,000,000","42,700,000",낙찰,"44,160,000",72.4%,2022-01-12,2022_1Q,3
울산 3계 2021-901,도로,기타토지,기타토지,울산,울주군,울산 울주군 서생면 명산리 227-3,"13,068,000","13,068,000",낙찰,"14,570,000",111.5%,2022-06-29,2022_2Q,3
울산 5계 2021-918,과수원,과수원,과수원,울산,울주군,울산 울주군 서생면 명산리 267-2,"1,071,967,700","525,264,000",낙찰,"635,000,000",59.2%,2022-06-09,2022_2Q,3
울산 8계 2021-994,아파트,아파트,아파트,울산,북구,울산 북구 염포동 326 외28필지 염포성원상떼빌 101동 5층 501호,"181,000,000","126,700,000",낙찰,"177,378,000",98.0%,2022-05-03,2022_2Q,3
울산 2계 2021-1010,임야,임야,임야,울산,울주군,울산 울주군 언양읍 반연리 산123-1,"4,505,894,520","1,081,865,000",낙찰,"1,400,700,000",31.1%,2022-06-08,2022_2Q,3
울산 5계 2021-1089(3),도로,기타토지,기타토지,울산,북구,울산 북구 신현동 552-1,"11,466,000","3,933,000",낙찰,"4,300,000",37.5%,2022-06-09,2022_2Q,3
울산 5계 2021-1089(6),다세대,다세대주택,다세대,울산,북구,울산 북구 신현동 538 센텀빌 B동 4층 401호,"193,000,000","94,570,000",낙찰,"105,410,000",54.6%,2022-04-26,2022_2Q,3
울산 5계 2021-1089(11),다세대,다세대주택,다세대,울산,북구,울산 북구 신현동 538 센텀빌 C동 3층 302호,"193,000,000","94,570,000",낙찰,"121,000,000",62.7%,2022-04-26,2022_2Q,3
울산 6계 2021-1096(1),대지,나대지,나대지,울산,울주군,울산 울주군 언양읍 반송리 671-1,"193,266,000","94,700,000",낙찰,"127,200,000",65.8%,2022-03-16,2022_1Q,3
울산 6계 2021-1096(2),대지,나대지,나대지,울산,울주군,울산 울주군 삼남읍 신화리 855-3,"61,614,000","61,614,000",낙찰,"65,120,000",105.7%,2022-01-20,2022_1Q,3
울산 4계 2021-1249,주상복합(주거),기타토지,기타토지,울산,남구,"울산 남구 신정동 527-19 동신타워펠리스 1,2동 9층 1동901호","205,000,000","205,000,000",낙찰,"221,019,999",107.8%,2022-04-21,2022_2Q,3
울산 1계 2021-1324,아파트,아파트,아파트,울산,북구,"울산 북구 중산동 676-1 ,1166-68,1200-20 현우파크맨션 2층 203호","79,000,000","55,300,000",낙찰,"58,199,900",73.7%,2022-03-10,2022_1Q,3
울산 2계 2021-1331,아파트,아파트,아파트,울산,중구,울산 중구 복산동 671 신한그린맨션 3층 308호,"168,000,000","117,600,000",낙찰,"122,890,000",73.1%,2022-01-12,2022_1Q,3
울산 7계 2021-1669,아파트,아파트,아파트,울산,동구,울산 동구 전하동 768 늘푸른 103동 15층 1501호,"97,000,000","67,900,000",낙찰,"89,990,000",92.8%,2022-05-19,2022_2Q,3
울산 8계 2021-1676,주상복합(주거),기타토지,기타토지,울산,동구,"울산 동구 방어동 308-3 ,-8,-18,307-3,-8 월드스카이파크 10층 1105호","223,000,000","156,100,000",낙찰,"196,989,000",88.3%,2022-05-03,2022_2Q,3
울산 3계 2021-1751,임야,임야,임야,울산,북구,울산 북구 무룡동 산47,"273,052,000","191,136,000",낙찰,"191,139,900",70.0%,2022-06-29,2022_2Q,3
울산 3계 2021-1850,골프장,기타건물,기타건물,울산,울주군,울산 울주군 언양읍 서부리 243-4 주건축물 1동,"2,378,218,000","1,664,753,000",낙찰,"2,019,990,000",84.9%,2022-03-02,2022_1Q,3
울산 4계 2021-1881,전,전,전,울산,중구,울산 중구 복산동 302,"361,424,000","252,997,000",낙찰,"257,269,000",71.2%,2022-02-10,2022_1Q,3
울산 7계 2021-1942,임야,임야,임야,울산,울주군,울산 울주군 웅촌면 고연리 1132-128,"935,561,000","458,425,000",낙찰,"650,000,000",69.5%,2022-06-15,2022_2Q,3
울산 2계 2021-2075,연립,연립주택,연립·빌라,울산,중구,울산 중구 서동 147 동도 C동 1층 102호,"83,000,000","40,670,000",낙찰,"43,652,400",52.6%,2022-03-23,2022_1Q,3
울산 10계 2021-2174,전,전,전,울산,울주군,울산 울주군 상북면 거리 847,"950,632,000","465,809,000",낙찰,"466,000,000",49.0%,2022-01-27,2022_1Q,3
울산 6계 2021-2228,다세대,다세대주택,다세대,울산,남구,울산 남구 무거동 1243-6 오성빌라 2층 201호,"62,000,000","43,400,000",낙찰,"57,740,000",93.1%,2022-03-16,2022_1Q,3
울산 8계 2021-2266,오피스텔(주거),오피스텔,오피스텔(업무용),울산,남구,울산 남구 신정동 1875 극동스타클래스 4층 417호,"152,000,000","106,400,000",낙찰,"138,880,000",91.4%,2022-06-14,2022_2Q,3
울산 2계 2021-2419,단독주택,단독,단독주택,울산,울주군,울산 울주군 온산읍 덕신리 439-17,"810,595,120","397,192,000",낙찰,"541,888,000",66.9%,2022-04-27,2022_2Q,3
울산 10계 2021-2488,아파트,아파트,아파트,울산,북구,울산 북구 산하동 968-1 울산블루마시티푸르지오 101동 10층 1004호,"289,000,000","289,000,000",낙찰,"313,000,000",108.3%,2022-04-07,2022_2Q,3
울산 4계 2021-2525,대지,나대지,나대지,울산,동구,울산 동구 방어동 615,"178,400,000","61,191,000",낙찰,"82,700,000",46.4%,2022-04-21,2022_2Q,3
울산 4계 2021-2532,아파트,아파트,아파트,울산,남구,울산 남구 신정동 1443-1 삼부 B동 5층 505호,"338,000,000","236,600,000",낙찰,"316,999,000",93.8%,2022-02-10,2022_1Q,3
울산 6계 2021-2556,아파트,아파트,아파트,울산,동구,울산 동구 화정동 851-6 대하크리스탈 101동 12층 1207호,"159,000,000","111,300,000",낙찰,"144,610,500",91.0%,2022-04-19,2022_2Q,3
울산 9계 2021-2648,오피스텔(주거),오피스텔,오피스텔(업무용),울산,중구,"울산 중구 학성동 430-7 ,-1 천지아파트 101동 3층 312호","60,000,000","29,400,000",낙찰,"45,100,000",75.2%,2022-03-08,2022_1Q,3
울산 10계 2021-2662,다세대,다세대주택,다세대,울산,남구,울산 남구 달동 1280-1 진영파크빌라 A동 2층 201호,"122,000,000","85,400,000",낙찰,"108,300,000",88.8%,2022-03-03,2022_1Q,3
울산 1계 2021-2679,아파트,아파트,아파트,울산,울주군,울산 울주군 언양읍 서부리 263-5 월드빌 6층 602호,"148,000,000","103,600,000",낙찰,"115,511,000",78.0%,2022-03-10,2022_1Q,3
울산 2계 2021-2709(1),임야,임야,임야,울산,울주군,울산 울주군 상북면 등억알프스리 산220-6,"1,092,282,600","764,598,000",낙찰,"764,598,000",70.0%,2022-06-08,2022_2Q,3
울산 2계 2021-2709(2),임야,임야,임야,울산,울주군,울산 울주군 상북면 등억알프스리 692,"18,356,000","18,356,000",낙찰,"56,000,000",305.1%,2022-04-27,2022_2Q,3
울산 2계 2021-2877,임야,임야,임야,울산,울주군,울산 울주군 범서읍 서사리 산206-3,"23,100,000","23,100,000",낙찰,"23,800,000",103.0%,2022-02-16,2022_1Q,3
울산 9계 2021-3009(2),임야,임야,임야,울산,울주군,울산 울주군 서생면 화산리 산117-5,"33,046,000","11,334,000",낙찰,"12,010,000",36.3%,2022-05-17,2022_2Q,3
울산 1계 2021-3023,단독주택,단독,단독주택,울산,남구,울산 남구 신정동 135-3,"349,250,180","349,250,180",낙찰,"411,100,000",117.7%,2022-04-13,2022_2Q,3
울산 2계 2021-3054,아파트,아파트,아파트,울산,울주군,"울산 울주군 범서읍 굴화리 734 ,736,737,무거동 1591 문수마을동문굿모닝힐 105동 12층 1204호","579,000,000","579,000,000",낙찰,"641,000,000",110.7%,2022-02-16,2022_1Q,3
울산 2계 2021-3061,아파트,아파트,아파트,울산,동구,"울산 동구 서부동 257-4 ,249-8 현대패밀리서부 102동 5층 511호","118,000,000","82,600,000",낙찰,"104,999,990",89.0%,2022-06-08,2022_2Q,3
울산 4계 2021-3085,아파트,아파트,아파트,울산,북구,"울산 북구 신천동 196 ,신천동 346-5 성우현대 101동 11층 1108호","172,000,000","120,400,000",낙찰,"172,330,000",100.2%,2022-03-17,2022_1Q,3
울산 9계 2021-3207,전,전,전,울산,울주군,울산 울주군 서생면 서생리 228-3,"70,455,000","49,319,000",낙찰,"63,600,000",90.3%,2022-05-17,2022_2Q,3
울산 1계 2021-3221,전,전,전,울산,울주군,울산 울주군 웅촌면 대대리 1612-5,"90,620,000","63,434,000",낙찰,"83,880,000",92.6%,2022-05-25,2022_2Q,3
울산 2계 2021-3238,대지,나대지,나대지,울산,울주군,울산 울주군 서생면 용리 79-2,"103,200,000","50,568,000",낙찰,"78,780,000",76.3%,2022-04-27,2022_2Q,3
울산 3계 2021-3245,답,답,답,울산,울주군,울산 울주군 두동면 구미리 340-2,"86,166,000","86,166,000",낙찰,"94,045,500",109.1%,2022-06-29,2022_2Q,3
울산 7계 2021-3269,차량,기타토지,기타토지,울산,울주군,울산 울주군 언양읍 반천리 534 복산주차장내 보관,"11,000,000","11,000,000",낙찰,"11,210,000",101.9%,2022-02-15,2022_1Q,3
울산 6계 2021-3351,전,전,전,울산,남구,울산 남구 장생포동 218-5,"113,948,000","39,085,000",낙찰,"45,100,000",39.6%,2022-05-24,2022_2Q,3
울산 9계 2021-3412,대지,나대지,나대지,울산,북구,울산 북구 어물동 1228,"206,094,000","49,483,000",낙찰,"71,099,900",34.5%,2022-06-21,2022_2Q,3
울산 6계 2021-3528(1),아파트,아파트,아파트,울산,동구,울산 동구 방어동 1064 현대중공업(주)외국인 104동 6층 601호,"417,000,000","291,900,000",낙찰,"328,800,000",78.8%,2022-04-19,2022_2Q,3
울산 6계 2021-3528(2),아파트,아파트,아파트,울산,동구,울산 동구 방어동 1064 현대중공업(주)외국인 104동 6층 602호,"417,000,000","291,900,000",낙찰,"329,000,000",78.9%,2022-04-19,2022_2Q,3
울산 7계 2021-3542,답,답,답,울산,울주군,울산 울주군 온양읍 동상리 246-5,"743,265,000","364,200,000",낙찰,"441,000,000",59.3%,2022-06-15,2022_2Q,3
울산 9계 2021-3559,공장,공장(지식산업센터 업무시설),공장,울산,울주군,울산 울주군 상북면 거리 1175-4 1동,"3,784,392,780","2,649,075,000",낙찰,"3,035,555,000",80.2%,2022-03-08,2022_1Q,3
울산 9계 2021-3573,오피스텔,오피스텔,오피스텔(업무용),울산,남구,울산 남구 신정동 663-7 이든바인하츠 15층 1504호,"217,000,000","106,330,000",낙찰,"175,770,000",81.0%,2022-05-17,2022_2Q,3
울산 10계 2021-3580,전,전,전,울산,북구,울산 북구 산하동 166-3,"98,276,000","98,276,000",낙찰,"100,000,000",101.8%,2022-03-03,2022_1Q,3
울산 4계 2021-3641,아파트,아파트,아파트,울산,남구,울산 남구 달동 879-1 늘안애 10층 1002호,"339,000,000","237,300,000",낙찰,"270,590,000",79.8%,2022-03-17,2022_1Q,3
울산 2계 2021-3832,아파트,아파트,아파트,울산,울주군,울산 울주군 청량읍 덕하리 404-7 유림 101동 17층 1705호,"116,000,000","116,000,000",낙찰,"123,800,000",106.7%,2022-03-23,2022_1Q,3
울산 5계 2021-3887,아파트,아파트,아파트,울산,울주군,"울산 울주군 삼남읍 교동리 1678 ,1679 영남알프스타운 102동 2층 204호","82,000,000","57,400,000",낙찰,"67,380,000",82.2%,2022-06-09,2022_2Q,3
울산 2계 2021-3948,답,답,답,울산,울주군,울산 울주군 상북면 양등리 648,"321,758,000","225,231,000",낙찰,"231,000,000",71.8%,2022-04-27,2022_2Q,3
울산 4계 2021-3986,단독주택,단독,단독주택,울산,울주군,울산 울주군 삼동면 하잠리 692-2,"712,423,700","498,697,000",낙찰,"505,100,000",70.9%,2022-05-26,2022_2Q,3
울산 5계 2021-4002,아파트,아파트,아파트,울산,북구,"울산 북구 매곡동 682 ,800-1 대하그린파크 101동 4층 403호","113,000,000","79,100,000",낙찰,"110,000,000",97.3%,2022-06-09,2022_2Q,3
울산 9계 2021-4057,아파트,아파트,아파트,울산,남구,울산 남구 야음동 490-2 보라 1동 6층 613호,"124,000,000","124,000,000",낙찰,"124,100,000",100.1%,2022-03-08,2022_1Q,3
울산 6계 2021-4217,오피스텔(주거),오피스텔,오피스텔(업무용),울산,울주군,울산 울주군 서생면 진하리 78-6 진하썬힐하우스텔 7층 703호,"130,000,000","91,000,000",낙찰,"120,000,000",92.3%,2022-04-19,2022_2Q,3
울산 9계 2021-4354,임야,임야,임야,울산,울주군,울산 울주군 온양읍 외광리 산23,"37,195,400","18,226,000",낙찰,"30,250,000",81.3%,2022-05-17,2022_2Q,3
울산 4계 2021-4446,아파트,아파트,아파트,울산,울주군,울산 울주군 언양읍 동부리 498 신울산경남아너스빌 106동 15층 1502호,"290,000,000","203,000,000",낙찰,"291,685,000",100.6%,2022-03-17,2022_1Q,3
울산 8계 2021-4606,아파트,아파트,아파트,울산,울주군,"울산 울주군 범서읍 천상리 324-2 ,324-15,324-27 경동태원하이빌 101동 1층 101호","109,000,000","109,000,000",낙찰,"116,014,000",106.4%,2022-05-03,2022_2Q,3
울산 1계 2021-4644,임야,임야,임야,울산,북구,울산 북구 효문동 산40-2,"33,708,000","23,596,000",낙찰,"23,700,000",70.3%,2022-06-28,2022_2Q,3
울산 7계 2021-4705,아파트,아파트,아파트,울산,중구,울산 중구 성안동 388-1 개벽이루마빌 5층 601호,"178,000,000","124,600,000",낙찰,"168,880,000",94.9%,2022-06-15,2022_2Q,3
울산 2계 2021-4767,아파트,아파트,아파트,울산,울주군,울산 울주군 상북면 천전리 532-19 경동청구타운 103동 13층 1308호,"85,000,000","59,500,000",낙찰,"70,099,000",82.5%,2022-04-27,2022_2Q,3
울산 4계 2021-4804,아파트,아파트,아파트,울산,중구,울산 중구 태화동 412-2 진영동부 103동 16층 1601호,"290,000,000","203,000,000",낙찰,"277,710,000",95.8%,2022-03-17,2022_1Q,3
울산 6계 2021-4842,아파트,아파트,아파트,울산,울주군,울산 울주군 삼남읍 교동리 1369 부일맨션 가동 5층 502호,"69,000,000","33,810,000",낙찰,"46,190,000",66.9%,2022-06-22,2022_2Q,3
울산 6계 2021-4866,주상복합(주거),기타토지,기타토지,울산,동구,울산 동구 방어동 316 엘리제 2층 202호,"201,000,000","201,000,000",낙찰,"207,999,900",103.5%,2022-04-19,2022_2Q,3
울산 7계 2021-4897,아파트,아파트,아파트,울산,남구,울산 남구 신정동 872-14 알뜰 5층 504호,"112,000,000","112,000,000",낙찰,"113,999,990",101.8%,2022-05-19,2022_2Q,3
울산 9계 2021-4934,단독주택,단독,단독주택,울산,울주군,울산 울주군 두동면 월평리 582,"227,280,180","111,367,000",낙찰,"143,310,000",63.1%,2022-06-21,2022_2Q,3
울산 3계 2021-4958,다세대,다세대주택,다세대,울산,울주군,울산 울주군 삼남읍 교동리 1575-2 굿파크빌 1동 5층 502호,"158,000,000","110,600,000",낙찰,"118,500,000",75.0%,2022-05-18,2022_2Q,3
울산 1계 2021-4989,아파트,아파트,아파트,울산,남구,"울산 남구 달동 1371-1 ,1372-3,1375-2,1376-1 현대 104동 7층 706호","118,000,000","82,600,000",낙찰,"98,744,000",83.7%,2022-06-28,2022_2Q,3
울산 4계 2021-5029(1),답,답,답,울산,북구,울산 북구 무룡동 10-2,"109,356,000","109,356,000",낙찰,"110,000,000",100.6%,2022-02-10,2022_1Q,3
울산 4계 2021-5029(2),답,답,답,울산,북구,울산 북구 무룡동 34,"246,480,000","246,480,000",낙찰,"248,267,100",100.7%,2022-02-10,2022_1Q,3
울산 6계 2021-5050,단독주택,단독,단독주택,울산,울주군,울산 울주군 두서면 미호리 107 2호,"377,832,600","185,138,000",낙찰,"251,090,000",66.5%,2022-05-24,2022_2Q,3
울산 1계 2021-5111,아파트,아파트,아파트,울산,울주군,울산 울주군 삼남읍 교동리 1646-7 이지스타운 3층 301호,"121,000,000","121,000,000",낙찰,"131,899,990",109.0%,2022-05-25,2022_2Q,3
울산 9계 2021-5180,아파트,아파트,아파트,울산,남구,"울산 남구 야음동 796-17 ,-18 야음신선 103동 4층 403호","140,000,000","140,000,000",낙찰,"142,500,000",101.8%,2022-04-12,2022_2Q,3
울산 1계 2021-5210,아파트,아파트,아파트,울산,울주군,울산 울주군 범서읍 구영리 1008 동양아트맨션 4층 410호,"138,000,000","96,600,000",낙찰,"104,600,000",75.8%,2022-06-28,2022_2Q,3
울산 4계 2021-5258,단독주택,단독,단독주택,울산,동구,울산 동구 방어동 1046-3 A동호,"2,035,520,820","698,184,000",낙찰,"907,890,000",44.6%,2022-02-10,2022_1Q,3
울산 5계 2021-5272(1),선박,기타토지,기타토지,울산,남구,울산 남구 장생포동 장생포항(소형선부두)내 정박,"103,443,550","17,386,000",낙찰,"19,125,000",18.5%,2022-06-09,2022_2Q,3
울산 5계 2021-5272(2),선박,기타토지,기타토지,울산,남구,울산 남구 장생포동 장생포항(소형선부두)내 정박,"373,322,670","89,635,000",낙찰,"95,880,000",25.7%,2022-04-26,2022_2Q,3
울산 4계 2021-5548,근린상가,근린상가,근린상가,울산,북구,울산 북구 산하동 강동산하지구69블록6로트 1층 102호,"459,000,000","157,437,000",낙찰,"168,880,000",36.8%,2022-06-30,2022_2Q,3
울산 2계 2021-5661,다세대,다세대주택,다세대,울산,동구,울산 동구 화정동 142-30 삼성그랜드빌라 B동 3층 302호,"134,000,000","93,800,000",낙찰,"105,999,999",79.1%,2022-06-08,2022_2Q,3
울산 6계 2021-5715,아파트,아파트,아파트,울산,북구,울산 북구 매곡동 864 월드메르디앙 월드시티 102동 2층 202호,"424,000,000","296,800,000",낙찰,"385,700,000",91.0%,2022-06-22,2022_2Q,3
울산 4계 2021-5890,아파트,아파트,아파트,울산,동구,울산 동구 서부동 491-32 한양 C동 3층 302호,"76,000,000","53,200,000",낙찰,"58,120,000",76.5%,2022-04-21,2022_2Q,3
울산 4계 2021-6060,전,전,전,울산,울주군,울산 울주군 삼남읍 가천리 1084,"93,786,000","93,786,000",낙찰,"108,210,000",115.4%,2022-03-17,2022_1Q,3
울산 7계 2021-6244,전,전,전,울산,중구,울산 중구 서동 154-45,"29,450,000","29,450,000",낙찰,"36,000,000",122.2%,2022-05-19,2022_2Q,3
울산 6계 2021-6299,도로,기타토지,기타토지,울산,남구,울산 남구 신정동 296-15,"16,872,000","16,872,000",낙찰,"16,920,000",100.3%,2022-05-24,2022_2Q,3
울산 2계 2021-6350,아파트,아파트,아파트,울산,남구,울산 남구 달동 819-6 이진빌라 2동 3층 304호,"245,000,000","171,500,000",낙찰,"224,190,000",91.5%,2022-06-08,2022_2Q,3
울산 3계 2021-6497,다가구,다가구,다가구,울산,울주군,울산 울주군 온산읍 덕신리 438-2,"541,445,000","379,012,000",낙찰,"405,989,000",75.0%,2022-04-06,2022_2Q,3
울산 6계 2021-6510,중기,기타토지,기타토지,울산,남구,울산 남구 삼산동 1622-1 농수산물주차장내보관,"50,000,000","17,150,000",낙찰,"25,130,000",50.3%,2022-06-22,2022_2Q,3
울산 7계 2021-6664,차량,기타토지,기타토지,울산,울주군,울산 울주군 언양읍 반천리 534 복산주차장내 보관,"6,500,000","4,550,000",낙찰,"5,600,333",86.2%,2022-01-11,2022_1Q,3
울산 6계 2021-6787,근린주택,근린주택,근린주택,울산,동구,울산 동구 화정동 608-12,"94,073,640","94,073,640",낙찰,"97,220,000",103.3%,2022-05-24,2022_2Q,3
울산 9계 2021-6985,중기,기타토지,기타토지,울산,울주군,울산 울주군 언양읍 반천리 534 복산주차장내 보관,"70,000,000","49,000,000",낙찰,"51,112,000",73.0%,2022-03-08,2022_1Q,3
울산 6계 2021-6992,아파트,아파트,아파트,울산,중구,울산 중구 학성동 436-3 태산아이빌 아파트동 13층 1302호,"311,000,000","217,700,000",낙찰,"287,000,000",92.3%,2022-05-24,2022_2Q,3
울산 4계 2021-7131,다세대,다세대주택,다세대,울산,북구,"울산 북구 염포동 994-5 ,994-11 유정빌라 3층 302호","91,000,000","63,700,000",낙찰,"78,888,000",86.7%,2022-06-30,2022_2Q,3
울산 9계 2021-7360,근린상가,근린상가,근린상가,울산,남구,울산 남구 신정동 1600-3 신정평화시장,"46,000,000","46,000,000",낙찰,"47,930,000",104.2%,2022-06-21,2022_2Q,3
울산 4계 2021-7551,차량,기타토지,기타토지,울산,울주군,울산 울주군 언양읍 반천리 534 복산주차장내보관,"28,000,000","19,600,000",낙찰,"23,450,000",83.8%,2022-03-17,2022_1Q,3
울산 3계 2021-7742,차량,기타토지,기타토지,울산,울주군,울산 울주군 언양읍 반천리 534 복산주차장내 보관,"18,000,000","12,600,000",낙찰,"16,000,000",88.9%,2022-03-02,2022_1Q,3
울산 1계 2021-7957,대지,나대지,나대지,울산,남구,울산 남구 옥동 289-6,"392,700,000","392,700,000",낙찰,"657,000,000",167.3%,2022-01-26,2022_1Q,3
울산 6계 2021-8226,차량,기타토지,기타토지,울산,울주군,울산 울주군 언양읍 반천리 534 복산주차장(제3자 이성학)내 보관,"13,000,000","9,100,000",낙찰,"12,345,600",95.0%,2022-05-24,2022_2Q,3
울산 6계 2021-8608,차량,기타토지,기타토지,울산,울주군,울산 울주군 언양읍 반천리 534 복산주차장내 보관(제3자 이성학),"13,000,000","9,100,000",낙찰,"9,554,700",73.5%,2022-06-22,2022_2Q,3
울산 1계 2021-8820(1),임야,임야,임야,울산,울주군,울산 울주군 청량읍 동천리 산30-2,"30,381,540","21,267,000",낙찰,"21,267,000",70.0%,2022-04-13,2022_2Q,3
울산 1계 2021-8820(2),임야,임야,임야,울산,울주군,울산 울주군 청량읍 동천리 산30-6,"10,090,500","10,090,500",낙찰,"10,090,500",100.0%,2022-03-10,2022_1Q,3
울산 1계 2021-8820(3),전,전,전,울산,남구,울산 남구 장생포동 194,"17,427,200","8,539,000",낙찰,"13,333,330",76.5%,2022-05-25,2022_2Q,3
울산 1계 2021-8820(4),전,전,전,울산,남구,울산 남구 장생포동 194-1,"142,134,020","69,646,000",낙찰,"70,020,000",49.3%,2022-05-25,2022_2Q,3
울산 7계 2021-100078,아파트,아파트,아파트,울산,울주군,울산 울주군 언양읍 어음리 253 장원그랜져맨션 9층 905호,"93,500,000","65,450,000",낙찰,"85,700,000",91.7%,2022-04-20,2022_2Q,3
울산 5계 2021-100153,아파트,아파트,아파트,울산,남구,울산 남구 무거동 844-2 홍일유토피아 1층 106호,"170,000,000","119,000,000",낙찰,"135,570,000",79.7%,2022-01-18,2022_1Q,3
울산 2계 2021-100368(3),답,답,답,울산,울주군,울산 울주군 온양읍 망양리 311,"438,227,000","438,227,000",낙찰,"443,380,000",101.2%,2022-06-08,2022_2Q,3
울산 8계 2021-100382,다세대,다세대주택,다세대,울산,남구,울산 남구 무거동 587-1 평화하이츠빌라 4층 401호,"64,000,000","31,360,000",낙찰,"48,600,000",75.9%,2022-06-14,2022_2Q,3
울산 5계 2021-100481,아파트,아파트,아파트,울산,남구,"울산 남구 야음동 455-4 ,-38 지산오차드힐 102동 20층 2002호","280,000,000","196,000,000",낙찰,"215,000,000",76.8%,2022-03-24,2022_1Q,3
울산 8계 2021-100535,아파트,아파트,아파트,울산,동구,울산 동구 화정동 851-3 현대 704동 9층 902호,"125,000,000","87,500,000",낙찰,"131,511,000",105.2%,2022-05-03,2022_2Q,3
울산 3계 2021-100580,아파트,아파트,아파트,울산,남구,울산 남구 신정동 1852 신성미소지움 106동 7층 704호,"667,000,000","466,900,000",낙찰,"689,911,000",103.4%,2022-04-06,2022_2Q,3
울산 6계 2021-100597(1),임야,임야,임야,울산,울주군,울산 울주군 삼동면 둔기리 산13,"118,343,784","40,592,000",낙찰,"42,779,990",36.1%,2022-03-16,2022_1Q,3
울산 2계 2021-100795,단독주택,단독,단독주택,울산,동구,울산 동구 화정동 866-4 1호,"1,405,610,760","337,488,000",낙찰,"357,100,000",25.4%,2022-06-08,2022_2Q,3
울산 5계 2021-100818,임야,임야,임야,울산,울주군,울산 울주군 상북면 산전리 921,"687,960,000","687,960,000",낙찰,"750,000,000",109.0%,2022-01-18,2022_1Q,3
울산 5계 2021-100887,공장,공장(지식산업센터 업무시설),공장,울산,북구,울산 북구 중산동 1266-7 피알테크중산공장,"2,318,266,000","1,622,786,000",낙찰,"2,318,266,000",100.0%,2022-04-26,2022_2Q,3
울산 1계 2021-100894(2),답,답,답,울산,울주군,울산 울주군 청량읍 개곡리 363,"101,018,000","49,499,000",낙찰,"70,000,000",69.3%,2022-06-28,2022_2Q,3
울산 1계 2021-100894(4),대지,나대지,나대지,울산,울주군,울산 울주군 청량읍 개곡리 181-2,"156,520,000","156,520,000",낙찰,"156,600,000",100.1%,2022-04-13,2022_2Q,3
울산 1계 2021-100894(5),답,답,답,울산,울주군,울산 울주군 청량읍 개곡리 361,"721,728,000","353,647,000",낙찰,"472,800,000",65.5%,2022-06-28,2022_2Q,3
울산 1계 2021-100894(6),전,전,전,울산,울주군,울산 울주군 청량읍 개곡리 179-3,"16,430,000","8,051,000",낙찰,"9,190,000",55.9%,2022-06-28,2022_2Q,3
울산 1계 2021-100894(7),전,전,전,울산,울주군,울산 울주군 청량읍 개곡리 181-1,"150,930,000","150,930,000",낙찰,"150,930,000",100.0%,2022-04-13,2022_2Q,3
울산 2계 2021-100900,아파트,아파트,아파트,울산,동구,울산 동구 일산동 462-22 무림 1층 104호,"85,000,000","59,500,000",낙찰,"72,500,000",85.3%,2022-03-23,2022_1Q,3
울산 6계 2021-101057,아파트,아파트,아파트,울산,울주군,울산 울주군 서생면 진하리 82-10 삼신진하그린파크 7층 702호,"80,000,000","56,000,000",낙찰,"63,137,000",78.9%,2022-06-22,2022_2Q,3
울산 7계 2021-101156,아파트,아파트,아파트,울산,울주군,"울산 울주군 청량읍 삼정리 755 ,-4,-5,-7,753-3,901 쌍용하나빌리지 107동 6층 603호","158,000,000","158,000,000",낙찰,"165,990,000",105.1%,2022-03-22,2022_1Q,3
울산 2계 2021-101255,주상복합(상가),기타토지,기타토지,울산,중구,"울산 중구 반구동 449-16 ,-4,-29,-28 유로캐슬 2층 206호","270,000,000","132,300,000",낙찰,"137,730,000",51.0%,2022-03-23,2022_1Q,3
울산 7계 2021-101460,아파트,아파트,아파트,울산,동구,"울산 동구 서부동 257-4 ,249-8 현대패밀리서부 102동 4층 404호","116,000,000","81,200,000",낙찰,"104,255,000",89.9%,2022-05-19,2022_2Q,3
울산 8계 2021-101477,아파트,아파트,아파트,울산,북구,울산 북구 신천동 530-1 극동스타클래스 105동 18층 1803호,"152,000,000","106,400,000",낙찰,"125,125,000",82.3%,2022-06-14,2022_2Q,3
울산 8계 2021-101828,아파트,아파트,아파트,울산,남구,울산 남구 달동 118-1 현대 206동 6층 606호,"425,000,000","425,000,000",낙찰,"449,000,000",105.6%,2022-05-03,2022_2Q,3
울산 9계 2021-101835,아파트,아파트,아파트,울산,북구,울산 북구 천곡동 1020-21 일지리버 16층 1607호,"70,600,000","49,420,000",낙찰,"56,200,000",79.6%,2022-01-25,2022_1Q,3
울산 1계 2021-101910,아파트,아파트,아파트,울산,동구,울산 동구 방어동 1080-12 동인아트빌 5층 501호,"165,000,000","115,500,000",낙찰,"147,000,000",89.1%,2022-04-13,2022_2Q,3
울산 2계 2021-101934,아파트,아파트,아파트,울산,동구,울산 동구 동부동 672 남목현대 102동 11층 1108호,"100,000,000","49,000,000",낙찰,"68,110,000",68.1%,2022-03-23,2022_1Q,3
울산 4계 2021-102029,근린상가,근린상가,근린상가,울산,울주군,울산 울주군 청량읍 상남리 905-8,"1,004,020,000","702,814,000",낙찰,"885,240,000",88.2%,2022-02-10,2022_1Q,3
울산 10계 2021-102081,아파트,아파트,아파트,울산,동구,울산 동구 화정동 851 현대 701동 1층 208호,"128,000,000","128,000,000",낙찰,"136,680,000",106.8%,2022-05-12,2022_2Q,3
울산 4계 2021-102128,임야,임야,임야,울산,남구,울산 남구 무거동 산140,"104,618,800","73,233,000",낙찰,"80,000,000",76.5%,2022-04-21,2022_2Q,3
울산 3계 2021-102173,아파트,아파트,아파트,울산,남구,울산 남구 옥동 196 한양코아 102동 6층 603호,"367,000,000","256,900,000",낙찰,"300,000,000",81.7%,2022-06-29,2022_2Q,3
울산 4계 2021-102234,연립,연립주택,연립·빌라,울산,중구,울산 중구 서동 147 동도 C동 2층 205호,"85,000,000","29,155,000",낙찰,"36,520,000",43.0%,2022-02-10,2022_1Q,3
울산 2계 2021-102258,임야,임야,임야,울산,울주군,울산 울주군 청량읍 덕하리 산32-2,"59,184,000","59,184,000",낙찰,"69,000,000",116.6%,2022-02-16,2022_1Q,3
울산 6계 2021-102265,아파트,아파트,아파트,울산,울주군,"울산 울주군 삼남읍 교동리 1678 ,1679 영남알프스타운 101동 16층 1606호","128,000,000","89,600,000",낙찰,"113,750,000",88.9%,2022-03-16,2022_1Q,3
울산 9계 2021-102319,오피스텔(주거),오피스텔,오피스텔(업무용),울산,중구,울산 중구 유곡동 205 리더스 4층 417호,"135,000,000","66,150,000",낙찰,"88,410,000",65.5%,2022-03-08,2022_1Q,3
울산 4계 2021-102401,아파트,아파트,아파트,울산,북구,"울산 북구 천곡동 940-6 ,-7,-9,-14 농소대동한마음타운 103동 1층 106호","88,000,000","88,000,000",낙찰,"92,800,000",105.5%,2022-02-10,2022_1Q,3
울산 7계 2021-102463,다세대,다세대주택,다세대,울산,북구,울산 북구 연암동 489-5 트윈빌라 B동 2층 201호,"97,000,000","67,900,000",낙찰,"78,610,000",81.0%,2022-05-19,2022_2Q,3
울산 1계 2021-102579,아파트,아파트,아파트,울산,북구,울산 북구 진장동 827-1 미소드리움 4층 401호,"243,000,000","170,100,000",낙찰,"222,419,000",91.5%,2022-03-10,2022_1Q,3
울산 2계 2021-102609,아파트,아파트,아파트,울산,동구,울산 동구 방어동 1007-3 아람씨사이드빌라 3층 301호,"131,000,000","91,700,000",낙찰,"95,206,000",72.7%,2022-03-23,2022_1Q,3
울산 6계 2021-102746(1),임야,임야,임야,울산,울주군,울산 울주군 청량읍 개곡리 산89,"20,113,200","9,855,000",낙찰,"16,000,000",79.5%,2022-05-24,2022_2Q,3
울산 8계 2021-102845,주상복합(주거),기타토지,기타토지,울산,중구,울산 중구 태화동 425-1 오성사랑채 8층 901호,"346,000,000","242,200,000",낙찰,"287,999,990",83.2%,2022-06-14,2022_2Q,3
울산 2계 2021-102876,근린상가,근린상가,근린상가,울산,울주군,울산 울주군 언양읍 서부리 291-2 2층 201호,"575,000,000","402,500,000",낙찰,"451,210,000",78.5%,2022-03-23,2022_1Q,3
울산 9계 2021-103121,다세대,다세대주택,다세대,울산,동구,울산 동구 방어동 1097-5 청송빌라 3층 302호,"121,000,000","59,290,000",낙찰,"81,100,000",67.0%,2022-04-12,2022_2Q,3
울산 8계 2021-103176,아파트,아파트,아파트,울산,남구,울산 남구 옥동 127-1 그랜드파크 2층 205호,"132,000,000","92,400,000",낙찰,"120,200,000",91.1%,2022-06-14,2022_2Q,3
울산 9계 2021-103190,임야,임야,임야,울산,울주군,울산 울주군 서생면 서생리 산3-3,"43,635,680","43,635,680",낙찰,"55,250,000",126.6%,2022-05-17,2022_2Q,3
울산 7계 2021-103312,아파트,아파트,아파트,울산,동구,"울산 동구 서부동 257-4 ,249-8 현대패밀리서부 115동 15층 1502호","149,000,000","104,300,000",낙찰,"146,034,900",98.0%,2022-05-19,2022_2Q,3
울산 9계 2021-103374,아파트,아파트,아파트,울산,중구,울산 중구 태화동 200-17 범진그린파크 2층 211호,"118,000,000","82,600,000",낙찰,"96,730,000",82.0%,2022-03-08,2022_1Q,3
울산 5계 2021-103527,아파트,아파트,아파트,울산,남구,울산 남구 삼산동 1607-1 현대문화 201동 7층 702호,"152,000,000","152,000,000",낙찰,"153,333,500",100.9%,2022-06-09,2022_2Q,3
울산 1계 2021-103558,전,전,전,울산,중구,울산 중구 교동 186,"37,840,000","37,840,000",낙찰,"44,500,000",117.6%,2022-05-25,2022_2Q,3
울산 7계 2021-103572,아파트,아파트,아파트,울산,북구,울산 북구 신천동 786 울산신천엠코타운 104동 21층 2103호,"459,000,000","321,300,000",낙찰,"373,790,000",81.4%,2022-05-19,2022_2Q,3
울산 9계 2021-103602,아파트,아파트,아파트,울산,울주군,울산 울주군 온산읍 덕신리 1329-4 덕신동백 103동 11층 1107호,"39,000,000","39,000,000",낙찰,"41,785,200",107.1%,2022-01-25,2022_1Q,3
울산 1계 2021-103671,아파트,아파트,아파트,울산,울주군,"울산 울주군 범서읍 구영리 840 ,841-2 일신파크맨션 101동 3층 305호","99,000,000","99,000,000",낙찰,"111,500,000",112.6%,2022-04-13,2022_2Q,3
울산 2계 2021-103763,아파트,아파트,아파트,울산,동구,울산 동구 화정동 161-1 대송현대 202동 1층 111호,"152,000,000","106,400,000",낙찰,"138,800,000",91.3%,2022-04-27,2022_2Q,3
울산 3계 2021-103787,다세대,다세대주택,다세대,울산,남구,울산 남구 옥동 1397-6 삼화그린빌라 1층 101호,"130,000,000","130,000,000",낙찰,"159,330,000",122.6%,2022-06-29,2022_2Q,3
울산 4계 2021-103930,아파트,아파트,아파트,울산,북구,"울산 북구 중산동 736 ,737-19,1218-5 백산그린타워 101동 15층 1501호","100,000,000","70,000,000",낙찰,"83,700,000",83.7%,2022-02-10,2022_1Q,3
울산 6계 2021-103978,다세대,다세대주택,다세대,울산,중구,울산 중구 서동 430 선진다정빌라 지하층 B101호,"64,000,000","21,952,000",낙찰,"31,130,000",48.6%,2022-04-19,2022_2Q,3
울산 7계 2021-103985,주상복합(주거),기타토지,기타토지,울산,동구,울산 동구 전하동 449-6 전하동정림명가의아침 1동 8층 805호,"235,000,000","164,500,000",낙찰,"188,792,000",80.3%,2022-05-19,2022_2Q,3
울산 7계 2021-104001,전,전,전,울산,중구,울산 중구 성안동 848,"19,516,000","13,661,000",낙찰,"21,000,000",107.6%,2022-05-19,2022_2Q,3
울산 10계 2021-104032,아파트,아파트,아파트,울산,울주군,울산 울주군 범서읍 천상리 646 한라그린피스맨션 102동 18층 1805호,"131,000,000","91,700,000",낙찰,"124,001,000",94.7%,2022-06-16,2022_2Q,3
울산 1계 2021-104063(1),단독주택,단독,단독주택,울산,중구,울산 중구 학산동 13-10,"306,394,120","306,394,120",낙찰,"335,999,999",109.7%,2022-05-25,2022_2Q,3
울산 1계 2021-104063(2),다세대,다세대주택,다세대,울산,울주군,"울산 울주군 삼남읍 교동리 509 ,510-1,517 교동빌라텔 B동 2층 201호","75,000,000","52,500,000",낙찰,"68,880,000",91.8%,2022-06-28,2022_2Q,3
울산 1계 2021-104117,아파트,아파트,아파트,울산,북구,울산 북구 매곡동 895 드림인시티에일린의뜰2차 202동 19층 1903호,"730,000,000","511,000,000",낙찰,"610,000,000",83.6%,2022-05-25,2022_2Q,3
울산 7계 2021-104186,답,답,답,울산,북구,울산 북구 산하동 779,"375,402,000","262,781,000",낙찰,"283,150,000",75.4%,2022-05-19,2022_2Q,3
울산 9계 2021-104230,아파트,아파트,아파트,울산,동구,울산 동구 동부동 산146 현대하이야트맨션 102동 6층 610호,"88,400,000","61,880,000",낙찰,"76,400,000",86.4%,2022-04-12,2022_2Q,3
울산 1계 2021-104292,임야,임야,임야,울산,울주군,울산 울주군 서생면 신암리 산6-5,"246,078,000","246,078,000",낙찰,"260,000,000",105.7%,2022-05-25,2022_2Q,3
울산 2계 2021-104407,대지,나대지,나대지,울산,울주군,울산 울주군 온산읍 덕신리 1314-19,"27,723,360","27,723,360",낙찰,"29,155,000",105.2%,2022-03-23,2022_1Q,3
울산 4계 2021-104452,주상복합(주거),기타토지,기타토지,울산,남구,울산 남구 무거동 1520-8 무거신세대3차 9층 901호,"70,000,000","49,000,000",낙찰,"65,580,000",93.7%,2022-03-17,2022_1Q,3
울산 9계 2021-104551(2),도로,기타토지,기타토지,울산,중구,울산 중구 북정동 116-3,"6,726,680","6,726,680",낙찰,"8,100,000",120.4%,2022-04-12,2022_2Q,3
울산 6계 2021-104575,아파트,아파트,아파트,울산,울주군,울산 울주군 온양읍 대안리 196 울산온양대우 104동 6층 602호,"136,000,000","95,200,000",낙찰,"130,377,800",95.9%,2022-06-22,2022_2Q,3
울산 4계 2021-104681,아파트,아파트,아파트,울산,북구,울산 북구 매곡동 542-22 정림은하수타운 18층 1812호,"96,000,000","67,200,000",낙찰,"88,000,000",91.7%,2022-02-10,2022_1Q,3
울산 6계 2021-104728,아파트,아파트,아파트,울산,북구,"울산 북구 매곡동 682 ,800-1 대하그린파크 102동 6층 608호","124,000,000","86,800,000",낙찰,"118,300,000",95.4%,2022-04-19,2022_2Q,3
울산 7계 2021-104865,다세대,다세대주택,다세대,울산,중구,울산 중구 태화동 426-6 청호빌라 B동 3층 301호,"29,500,000","20,650,000",낙찰,"22,350,000",75.8%,2022-05-19,2022_2Q,3
울산 4계 2021-105028,아파트,아파트,아파트,울산,울주군,"울산 울주군 청량읍 삼정리 755 ,-4,-5,-7,753-3,901 쌍용하나빌리지 103동 1층 104호","102,000,000","49,980,000",낙찰,"86,800,000",85.1%,2022-03-17,2022_1Q,3
울산 7계 2021-105042,아파트,아파트,아파트,울산,북구,울산 북구 중산동 622 현대 201동 3층 307호,"16,750,000","16,750,000",낙찰,"19,900,900",118.8%,2022-05-19,2022_2Q,3
울산 7계 2021-105134(2),임야,임야,임야,울산,울주군,울산 울주군 청량읍 율리 산258-34,"96,237,000","96,237,000",낙찰,"131,235,000",136.4%,2022-05-19,2022_2Q,3
울산 4계 2021-105332,아파트,아파트,아파트,울산,남구,울산 남구 선암동 559-12 선암서광 105동 16층 1601호,"136,000,000","136,000,000",낙찰,"136,100,000",100.1%,2022-06-30,2022_2Q,3
울산 6계 2021-105509,아파트,아파트,아파트,울산,울주군,"울산 울주군 삼남읍 교동리 1678 ,1679 영남알프스타운 106동 11층 1103호","102,000,000","71,400,000",낙찰,"85,100,000",83.4%,2022-06-22,2022_2Q,3
울산 9계 2021-105585,임야,임야,임야,울산,북구,울산 북구 당사동 산105,"7,305,750","3,580,000",낙찰,"3,941,000",53.9%,2022-06-21,2022_2Q,3
울산 4계 2021-105745,근린상가,근린상가,근린상가,울산,동구,울산 동구 전하동 639-8 전하동에스오션타워 3층 304호,"241,000,000","168,700,000",낙찰,"217,000,000",90.0%,2022-04-21,2022_2Q,3
울산 6계 2021-106038,아파트,아파트,아파트,울산,중구,울산 중구 성안동 854-2 경동햇빛마을 101동 2층 205호,"190,000,000","190,000,000",낙찰,"193,800,000",102.0%,2022-05-24,2022_2Q,3
울산 6계 2021-106069,아파트,아파트,아파트,울산,동구,울산 동구 화정동 869-13 풍진명가빌 4층 402호,"225,000,000","157,500,000",낙찰,"158,800,000",70.6%,2022-06-22,2022_2Q,3
울산 9계 2021-106137,아파트,아파트,아파트,울산,동구,"울산 동구 서부동 257-4 ,249-8 현대패밀리서부 105동 12층 1205호","103,000,000","103,000,000",낙찰,"103,503,000",100.5%,2022-05-17,2022_2Q,3
울산 9계 2021-106410,다세대,다세대주택,다세대,울산,울주군,울산 울주군 삼남읍 교동리 1641-11 주안로즈빌 102동 2층 201호,"85,000,000","59,500,000",낙찰,"72,410,000",85.2%,2022-06-21,2022_2Q,3
울산 6계 2021-106557,아파트,아파트,아파트,울산,울주군,"울산 울주군 온양읍 망양리 2지구 5블럭1롯트,2롯트,9블럭1롯트,2롯트,3롯트,4롯트,5롯트 회야리버 104동 11층 1110호","75,000,000","52,500,000",낙찰,"70,799,999",94.4%,2022-06-22,2022_2Q,3
울산 4계 2021-106984,아파트,아파트,아파트,울산,북구,울산 북구 신천동 244 무지개타운 102동 2층 208호,"102,000,000","71,400,000",낙찰,"89,100,000",87.4%,2022-06-30,2022_2Q,3
울산 4계 2021-107260,아파트,아파트,아파트,울산,동구,울산 동구 화정동 149-1 금강 201동 4층 414호,"120,000,000","84,000,000",낙찰,"105,790,000",88.2%,2022-06-30,2022_2Q,3
울산 4계 2021-107949,연립,연립주택,연립·빌라,울산,동구,울산 동구 화정동 872-5 신원화이트빌라 3층 301호,"143,000,000","100,100,000",낙찰,"110,990,000",77.6%,2022-06-30,2022_2Q,3
울산 9계 2021-108010,차량,기타토지,기타토지,울산,울주군,울산 울주군 언양읍 반천리 534 복산주차장내 보관,"20,000,000","14,000,000",낙찰,"17,250,000",86.3%,2022-01-25,2022_1Q,3
울산 10계 2021-108058,차량,기타토지,기타토지,울산,울주군,울산 울주군 언양읍 반천리 534 내 보관,"10,000,000","4,900,000",낙찰,"7,070,000",70.7%,2022-05-12,2022_2Q,3
울산 4계 2021-108300,다가구,다가구,다가구,울산,북구,울산 북구 염포동 1004-2,"318,843,200","156,233,000",낙찰,"157,260,000",49.3%,2022-05-26,2022_2Q,3
울산 6계 2021-108324,아파트,아파트,아파트,울산,중구,울산 중구 태화동 150-7 삼익세라믹 3동 8층 807호,"225,000,000","157,500,000",낙찰,"211,600,000",94.0%,2022-06-22,2022_2Q,3
울산 1계 2021-108379,차량,기타토지,기타토지,울산,울주군,울산 울주군 청량읍 덕하리 414 백양주차장내보관,"20,000,000","14,000,000",낙찰,"17,020,000",85.1%,2022-04-13,2022_2Q,3
울산 6계 2021-108423,아파트,아파트,아파트,울산,북구,"울산 북구 매곡동 682 ,800-1 대하그린파크 102동 2층 202호","114,000,000","79,800,000",낙찰,"95,999,999",84.2%,2022-06-22,2022_2Q,3
울산 10계 2021-108805,주상복합(주거),기타토지,기타토지,울산,동구,울산 동구 방어동 929-7 동구미소지움 28층 2806호,"294,000,000","205,800,000",낙찰,"248,880,000",84.7%,2022-06-16,2022_2Q,3
울산 1계 2021-108812,차량,기타토지,기타토지,울산,울주군,울산 울주군 언양읍 반천리 534 복산주차장내보관,"15,000,000","15,000,000",낙찰,"16,590,000",110.6%,2022-03-10,2022_1Q,3
울산 1계 2021-109150,차량,기타토지,기타토지,울산,울주군,울산 울주군 언양읍 반천리 534 주차장내 보관,"15,000,000","10,500,000",낙찰,"13,232,300",88.2%,2022-01-26,2022_1Q,3
울산 3계 2021-109174,차량,기타토지,기타토지,울산,울주군,울산 울주군 언양읍 반천리 534 복산주차장내 보관,"19,000,000","13,300,000",낙찰,"15,679,800",82.5%,2022-04-06,2022_2Q,3
울산 7계 2021-109327,차량,기타토지,기타토지,울산,울주군,울산 울주군 언양읍 반천리 534 복산주차장내보관,"10,000,000","10,000,000",낙찰,"10,267,000",102.7%,2022-01-11,2022_1Q,3
울산 6계 2021-109389,차량,기타토지,기타토지,울산,남구,울산 남구 삼산동 1622-1 농수산물주차장내 보관,"11,000,000","7,700,000",낙찰,"8,150,000",74.1%,2022-05-24,2022_2Q,3
울산 6계 2021-109525,차량,기타토지,기타토지,울산,울주군,울산 울주군 언양읍 반천리 534 복산주차장내 보관,"30,000,000","21,000,000",낙찰,"28,510,000",95.0%,2022-06-22,2022_2Q,3
울산 6계 2021-109747,차량,기타토지,기타토지,울산,남구,울산 남구 삼산동 1622-1 농수산물주차장내 보관,"13,000,000","9,100,000",낙찰,"9,189,000",70.7%,2022-05-24,2022_2Q,3
울산 5계 2021-109778,차량,기타토지,기타토지,울산,울주군,울산 울주군 청량읍 덕하리 414-3 내 보관,"38,000,000","26,600,000",낙찰,"31,600,000",83.2%,2022-04-26,2022_2Q,3
울산 4계 2021-109952,차량,기타토지,기타토지,울산,울주군,울산 울주군 청량읍 덕하리 414-3 백양주차장내 보관,"8,000,000","5,600,000",낙찰,"6,880,000",86.0%,2022-04-21,2022_2Q,3
울산 4계 2021-110594,다세대,다세대주택,다세대,울산,울주군,울산 울주군 삼남읍 교동리 1575-11 굿파크빌 3동 4층 401호,"136,000,000","95,200,000",낙찰,"97,510,010",71.7%,2022-06-30,2022_2Q,3
울산 4계 2021-110983,중기,기타토지,기타토지,울산,남구,울산 남구 삼산동 1622-1 농수산물주차장내 보관,"70,000,000","49,000,000",낙찰,"66,677,000",95.3%,2022-04-21,2022_2Q,3
울산 4계 2021-111023,중기,기타토지,기타토지,울산,울주군,울산 울주군 언양읍 반천리 534 내 보관,"100,000,000","70,000,000",낙찰,"70,400,000",70.4%,2022-04-21,2022_2Q,3
울산 6계 2021-111054,중기,기타토지,기타토지,울산,울주군,울산 울주군 언양읍 반천리 534 복산주차장(제3자이성학(010-3852-4467))보관,"40,000,000","28,000,000",낙찰,"35,880,000",89.7%,2022-04-19,2022_2Q,3
울산 5계 2021-112149,차량,기타토지,기타토지,울산,울주군,울산 울주군 언양읍 반천리 534 주차장내 보관,"17,000,000","11,900,000",낙찰,"14,459,000",85.1%,2022-04-26,2022_2Q,3
울산 7계 2021-112170,차량,기타토지,기타토지,울산,울주군,울산 울주군 언양읍 반천리 534 복산주차장(이성학)내 보관,"30,000,000","30,000,000",낙찰,"33,570,000",111.9%,2022-04-20,2022_2Q,3
울산 10계 2021-112491,차량,기타토지,기타토지,울산,울주군,울산 울주군 언양읍 반천리 534 복산주차장내 보관,"6,000,000","6,000,000",낙찰,"7,020,000",117.0%,2022-04-07,2022_2Q,3
울산 9계 2022-100112,차량,기타토지,기타토지,울산,울주군,울산 울주군 온산읍 우봉리 313-8 동경주차장내 보관,"32,000,000","32,000,000",낙찰,"32,378,000",101.2%,2022-06-21,2022_2Q,3
울산 1계 2022-100556,차량,기타토지,기타토지,울산,울주군,울산 울주군 언양읍 반천리 534 복산주차장(제3자이성학)내 보관,"17,500,000","12,250,000",낙찰,"17,500,000",100.0%,2022-06-28,2022_2Q,3
울산 1계 2022-101191,차량,기타토지,기타토지,울산,울주군,울산 울주군 언양읍 반천리 534 복산주차장(제3자이성학)내 보관,"19,000,000","13,300,000",낙찰,"16,600,000",87.4%,2022-06-28,2022_2Q,3
울산 8계 2016-12078,아파트,아파트,아파트,울산,남구,"울산 남구 야음동 789-6 ,-9 동부 303동 13층 1305호","315,000,000","252,000,000",낙찰,"391,000,000",124.1%,2022-09-27,2022_3Q,3
울산 8계 2018-16906,아파트,아파트,아파트,울산,동구,울산 동구 동부동 664 신안그린파크 B동 7층 703호,"110,000,000","56,320,000",낙찰,"87,510,000",79.6%,2022-09-27,2022_3Q,3
울산 10계 2018-107659,오피스텔(주거),오피스텔,오피스텔(업무용),울산,북구,"울산 북구 당사동 365-1 ,-4 1층 101호","1,998,000,000","479,720,000",낙찰,"540,000,000",27.0%,2022-12-08,2022_4Q,3
울산 1계 2018-107697,오피스텔,오피스텔,오피스텔(업무용),울산,북구,"울산 북구 당사동 365-5 ,-4,-6,363 1층 101호","2,563,000,000","615,376,000",낙찰,"616,190,000",24.0%,2022-10-11,2022_4Q,3
울산 6계 2019-9615,아파트,아파트,아파트,울산,동구,울산 동구 화정동 851-6 대하크리스탈 102동 6층 605호,"143,000,000","100,100,000",낙찰,"125,010,000",87.4%,2022-09-22,2022_3Q,3
울산 6계 2019-11229,아파트,아파트,아파트,울산,남구,울산 남구 삼산동 1529-2 울산삼산푸르지오 101동 1층 104호,"229,000,000","229,000,000",낙찰,"281,090,000",122.7%,2022-08-18,2022_3Q,3
울산 2계 2019-13539(2),대지,나대지,나대지,울산,울주군,울산 울주군 범서읍 천상리 639-5,"499,291,000","171,257,000",낙찰,"183,000,000",36.7%,2022-11-30,2022_4Q,3
울산 4계 2019-17906,아파트,아파트,아파트,울산,울주군,울산 울주군 언양읍 동부리 498 신울산경남아너스빌 102동 2층 202호,"253,000,000","253,000,000",낙찰,"261,000,000",103.2%,2022-08-04,2022_3Q,3
울산 5계 2020-1822,다가구,다가구,다가구,울산,동구,울산 동구 방어동 1038-1,"705,594,400","345,741,000",낙찰,"420,000,000",59.5%,2022-07-12,2022_3Q,3
울산 7계 2020-3859,다세대,다세대주택,다세대,울산,남구,울산 남구 무거동 1211-1 로얄파크 4층 502호,"73,000,000","35,770,000",낙찰,"48,370,000",66.3%,2022-09-28,2022_3Q,3
울산 3계 2020-4777,다세대,다세대주택,다세대,울산,중구,울산 중구 서동 313-1 우진빌라 B동 4층 401호,"72,000,000","24,696,000",낙찰,"37,199,000",51.7%,2022-08-03,2022_3Q,3
울산 7계 2020-8748,아파트,아파트,아파트,울산,북구,울산 북구 양정동 533-1 삼창에이스파크 4층 408호,"109,204,200","6,296,000",낙찰,"6,300,000",5.8%,2022-10-25,2022_4Q,3
울산 1계 2020-10321(1),임야,임야,임야,울산,울주군,울산 울주군 웅촌면 검단리 539-12,"16,203,810","5,558,000",낙찰,"7,450,000",46.0%,2022-09-06,2022_3Q,3
울산 7계 2020-12488,주상복합(주거),기타토지,기타토지,울산,중구,울산 중구 서동 35-14 정준타워 4층 402호,"190,000,000","15,647,000",낙찰,"16,210,000",8.5%,2022-07-14,2022_3Q,3
울산 3계 2020-12778,공장,공장(지식산업센터 업무시설),공장,울산,울주군,울산 울주군 웅촌면 고연리 341-2 A동,"1,458,411,400","1,020,888,000",낙찰,"1,201,000,000",82.3%,2022-08-03,2022_3Q,3
울산 3계 2020-12914(1),오피스텔,오피스텔,오피스텔(업무용),울산,중구,울산 중구 남외동 280 나나빌리지 2층 202호,"319,000,000","109,417,000",낙찰,"156,000,000",48.9%,2022-11-23,2022_4Q,3
울산 3계 2020-12914(2),다세대,다세대주택,다세대,울산,중구,울산 중구 남외동 280 나나빌리지 2층 204호,"310,000,000","106,330,000",낙찰,"151,000,000",48.7%,2022-11-23,2022_4Q,3
울산 3계 2020-12914(3),다세대,다세대주택,다세대,울산,중구,울산 중구 남외동 280 나나빌리지 3층 301호,"251,000,000","86,093,000",낙찰,"122,000,000",48.6%,2022-11-23,2022_4Q,3
울산 3계 2020-12914(4),오피스텔,오피스텔,오피스텔(업무용),울산,중구,울산 중구 남외동 280 나나빌리지 3층 302호,"319,000,000","109,417,000",낙찰,"156,000,000",48.9%,2022-11-23,2022_4Q,3
울산 3계 2020-12914(5),다세대,다세대주택,다세대,울산,중구,울산 중구 남외동 280 나나빌리지 4층 401호,"249,000,000","85,407,000",낙찰,"122,000,000",49.0%,2022-11-23,2022_4Q,3
울산 3계 2020-12914(6),다세대,다세대주택,다세대,울산,중구,울산 중구 남외동 280 나나빌리지 4층 402호,"270,000,000","92,610,000",낙찰,"132,000,000",48.9%,2022-11-23,2022_4Q,3
울산 10계 2020-13351,점포,근린상가,점포상가,울산,울주군,울산 울주군 두동면 봉계리 544-11,"181,918,280","62,398,000",낙찰,"81,010,000",44.5%,2022-09-29,2022_3Q,3
울산 6계 2020-13405(1),임야,임야,임야,울산,울주군,울산 울주군 서생면 대송리 산55-6,"181,804,000","62,359,000",낙찰,"71,210,000",39.2%,2022-12-21,2022_4Q,3
울산 5계 2020-13641,단독주택,단독,단독주택,울산,울주군,"울산 울주군 삼남읍 가천리 660-4 ,-73,-168,-183","577,747,200","283,096,000",낙찰,"363,777,000",63.0%,2022-07-12,2022_3Q,3
울산 6계 2020-13658,점포,근린상가,점포상가,울산,울주군,"울산 울주군 언양읍 구수리 783-2 ,-5,772-2","3,404,704,000","1,668,305,000",낙찰,"1,950,000,000",57.3%,2022-12-21,2022_4Q,3
울산 1계 2020-14330,공장,공장(지식산업센터 업무시설),공장,울산,울주군,울산 울주군 언양읍 반천리 1116-4 1동,"3,314,608,160","2,320,226,000",낙찰,"2,502,375,138",75.5%,2022-12-27,2022_4Q,3
울산 8계 2020-14545(2),답,답,답,울산,울주군,울산 울주군 두서면 구량리 320,"417,756,000","143,290,000",낙찰,"145,010,000",34.7%,2022-09-27,2022_3Q,3
울산 6계 2020-100842(1),근린상가,근린상가,근린상가,울산,남구,"울산 남구 신정동 1126-5 ,-6,-9,1127-51 패션밸리씨.1020 3층 3-12호","12,400,000","2,977,000",낙찰,"3,169,000",25.6%,2022-10-27,2022_4Q,3
울산 6계 2020-100842(2),근린상가,근린상가,근린상가,울산,남구,"울산 남구 신정동 1126-5 ,-6,-9,1127-51 패션밸리씨.1020 3층 3-13호","10,700,000","2,569,000",낙찰,"2,719,000",25.4%,2022-10-27,2022_4Q,3
울산 9계 2020-101876,다세대,다세대주택,다세대,울산,북구,울산 북구 양정동 484-25 리빙빌리지 4층 401호,"15,000,000","424,000",낙찰,"456,000",3.0%,2022-07-26,2022_3Q,3
울산 2계 2020-104110,주상복합(주거),기타토지,기타토지,울산,남구,울산 남구 달동 1412 삼환아르누보 7층 705호,"451,000,000","315,700,000",낙찰,"391,000,000",86.7%,2022-07-13,2022_3Q,3
울산 2계 2020-106550,아파트,아파트,아파트,울산,중구,울산 중구 남외동 500 일신에일린의뜰 110동 2층 201호,"372,000,000","372,000,000",낙찰,"389,990,900",104.8%,2022-08-17,2022_3Q,3
울산 3계 2020-107102(3),오피스텔(주거),오피스텔,오피스텔(업무용),울산,동구,울산 동구 방어동 1031-3 대호하이빌16차 1층 104호,"77,000,000","26,411,000",낙찰,"30,989,000",40.2%,2022-09-14,2022_3Q,3
울산 3계 2020-107102(4),오피스텔(주거),오피스텔,오피스텔(업무용),울산,동구,울산 동구 방어동 1031-3 대호하이빌16차 1층 103호,"69,000,000","23,667,000",낙찰,"29,989,000",43.5%,2022-09-14,2022_3Q,3
울산 3계 2020-107102(5),오피스텔(주거),오피스텔,오피스텔(업무용),울산,동구,울산 동구 방어동 1031-3 대호하이빌16차 1층 102호,"69,000,000","23,667,000",낙찰,"29,989,000",43.5%,2022-09-14,2022_3Q,3
울산 7계 2020-107614(1),골프장,기타건물,기타건물,울산,울주군,"울산 울주군 삼동면 조일리 1075-2 ,-1,-3,-4,-5,1092-3","4,597,666,240","3,218,366,000",낙찰,"3,860,000,000",84.0%,2022-08-24,2022_3Q,3
울산 7계 2020-107614(2),답,답,답,울산,울주군,울산 울주군 삼동면 조일리 1092-5,"19,828,160","13,880,000",낙찰,"13,880,000",70.0%,2022-07-14,2022_3Q,3
울산 7계 2020-107614(3),전,전,전,울산,울주군,울산 울주군 삼동면 조일리 1074-5,"72,442,960","50,710,000",낙찰,"50,710,000",70.0%,2022-07-14,2022_3Q,3
울산 3계 2020-107935,아파트,아파트,아파트,울산,동구,"울산 동구 서부동 257-4 ,249-8 현대패밀리서부 101동 4층 406호","90,000,000","90,000,000",낙찰,"90,170,000",100.2%,2022-08-03,2022_3Q,3
울산 1계 2020-108709,단독주택,단독,단독주택,울산,울주군,울산 울주군 서생면 화산리 288-31,"182,432,300","89,392,000",낙찰,"103,210,000",56.6%,2022-11-22,2022_4Q,3
울산 5계 2020-109900,아파트,아파트,아파트,울산,남구,울산 남구 신정동 1890 문수로2차아이파크 201동 9층 901호,"1,150,000,000","805,000,000",낙찰,"953,900,000",82.9%,2022-11-15,2022_4Q,3
울산 7계 2020-110047,주상복합(상가),기타토지,기타토지,울산,남구,울산 남구 무거동 1527-4 울산대이즈플레이스 1층 120호,"1,184,000,000","580,160,000",낙찰,"627,000,000",53.0%,2022-07-14,2022_3Q,3
울산 3계 2020-110306(1),근린상가,근린상가,근린상가,울산,남구,울산 남구 야음동 789-14 타임스퀘어 1층 119호,"665,000,000","325,850,000",낙찰,"330,100,000",49.6%,2022-09-14,2022_3Q,3
울산 3계 2020-110306(2),근린상가,근린상가,근린상가,울산,남구,울산 남구 야음동 789-14 타임스퀘어 1층 120호,"665,000,000","325,850,000",낙찰,"367,003,000",55.2%,2022-09-14,2022_3Q,3
울산 7계 2020-110528(2),임야,임야,임야,울산,남구,울산 남구 무거동 산96,"306,720,000","73,644,000",낙찰,"87,000,000",28.4%,2022-07-14,2022_3Q,3
울산 2계 2020-110979,아파트,아파트,아파트,울산,울주군,울산 울주군 웅촌면 대복리 302 한솔그린빌 705동 2층 210호,"50,000,000","50,000,000",낙찰,"52,030,000",104.1%,2022-08-17,2022_3Q,3
울산 3계 2020-111170(5),근린상가,근린상가,근린상가,울산,울주군,울산 울주군 웅촌면 곡천리 282-31 태웅빌 4층 401호,"75,000,000","36,750,000",낙찰,"37,000,000",49.3%,2022-10-19,2022_4Q,3
울산 5계 2020-112937(2),전,전,전,울산,울주군,울산 울주군 삼동면 조일리 137-2,"47,822,460","5,626,000",낙찰,"7,000,000",14.6%,2022-10-06,2022_4Q,3
울산 5계 2020-112937(1),임야,임야,임야,울산,울주군,울산 울주군 삼동면 조일리 137-1,"1,786,600","1,251,000",낙찰,"5,555,000",310.9%,2022-12-20,2022_4Q,3
울산 1계 2020-113121(2),임야,임야,임야,울산,울주군,울산 울주군 삼동면 조일리 산214,"82,710,000","13,901,000",낙찰,"15,002,510",18.1%,2022-10-11,2022_4Q,3
울산 3계 2020-113152,전,전,전,울산,북구,울산 북구 천곡동 764,"139,042,800","47,692,000",낙찰,"51,000,000",36.7%,2022-10-19,2022_4Q,3
울산 7계 2020-113480,아파트,아파트,아파트,울산,중구,울산 중구 약사동 861 미소 2층 202호,"255,000,000","42,858,000",낙찰,"48,864,000",19.2%,2022-09-28,2022_3Q,3
울산 3계 2021-24,다세대,다세대주택,다세대,울산,울주군,울산 울주군 언양읍 서부리 251-6 유림빌리지 가동 5층 502호,"131,000,000","91,700,000",낙찰,"110,200,000",84.1%,2022-08-03,2022_3Q,3
울산 3계 2021-123(1),임야,임야,임야,울산,울주군,울산 울주군 웅촌면 대복리 산209-8,"197,971,500","67,904,000",낙찰,"69,100,000",34.9%,2022-10-19,2022_4Q,3
울산 3계 2021-123(2),임야,임야,임야,울산,울주군,울산 울주군 웅촌면 대복리 산209-16,"189,433,800","64,976,000",낙찰,"66,100,000",34.9%,2022-10-19,2022_4Q,3
울산 5계 2021-185,임야,임야,임야,울산,울주군,울산 울주군 웅촌면 은현리 193-28,"235,271,400","39,542,000",낙찰,"51,100,000",21.7%,2022-10-06,2022_4Q,3
울산 3계 2021-260,단독주택,단독,단독주택,울산,중구,울산 중구 동동 493 A동호,"215,453,490","105,572,000",낙찰,"125,000,000",58.0%,2022-09-14,2022_3Q,3
울산 8계 2021-529,근린상가,근린상가,근린상가,울산,남구,울산 남구 선암동 589-13,"1,611,681,330","1,128,177,000",낙찰,"1,388,880,000",86.2%,2022-09-27,2022_3Q,3
울산 3계 2021-1041,근린상가,근린상가,근린상가,울산,북구,"울산 북구 산하동 974-18 2층, 2종근린생활시설호","1,025,000,000","351,575,000",낙찰,"378,990,000",37.0%,2022-10-19,2022_4Q,3
울산 8계 2021-1218,공장,공장(지식산업센터 업무시설),공장,울산,울주군,울산 울주군 삼남읍 신화리 1499-1,"2,615,809,800","1,281,747,000",낙찰,"1,555,500,000",59.5%,2022-12-06,2022_4Q,3
울산 5계 2021-1607,목욕시설,기타건물,기타건물,울산,중구,울산 중구 반구동 57-5 이주아트빌 2층 201호,"887,000,000","304,241,000",낙찰,"387,000,000",43.6%,2022-10-06,2022_4Q,3
울산 10계 2021-1836,답,답,답,울산,북구,울산 북구 신천동 630-1,"846,005,000","414,543,000",낙찰,"531,651,000",62.8%,2022-12-08,2022_4Q,3
울산 3계 2021-2082,아파트,아파트,아파트,울산,남구,울산 남구 선암동 537-1 삼익세라믹 1동 2층 203호,"210,000,000","102,900,000",낙찰,"135,890,000",64.7%,2022-09-14,2022_3Q,3
울산 8계 2021-2129,단독주택,단독,단독주택,울산,중구,울산 중구 반구동 442-14,"292,973,040","143,557,000",낙찰,"213,000,000",72.7%,2022-07-19,2022_3Q,3
울산 2계 2021-2198,오피스텔(주거),오피스텔,오피스텔(업무용),울산,동구,울산 동구 방어동 1525 골든베이비치 104동 15층 1502호,"327,000,000","160,230,000",낙찰,"165,000,000",50.5%,2022-07-13,2022_3Q,3
울산 1계 2021-2686,점포,근린상가,점포상가,울산,동구,울산 동구 동부동 340-3 1호,"525,432,000","180,223,000",낙찰,"263,888,000",50.2%,2022-12-27,2022_4Q,3
울산 5계 2021-2754,단독주택,단독,단독주택,울산,동구,울산 동구 전하동 302-50,"282,168,500","138,263,000",낙찰,"157,000,000",55.6%,2022-07-12,2022_3Q,3
울산 9계 2021-2921,주상복합(주거),기타토지,기타토지,울산,동구,"울산 동구 방어동 150-11 ,-12,-13,-16 조양빌라트 13층 1301호","178,000,000","20,942,000",낙찰,"26,220,000",14.7%,2022-10-05,2022_4Q,3
울산 1계 2021-3627,다세대,다세대주택,다세대,울산,동구,"울산 동구 주전동 132-1 ,131-1,136-7 빌라드씨 103동 3층 302호","159,000,000","77,910,000",낙찰,"120,000,000",75.5%,2022-10-11,2022_4Q,3
울산 3계 2021-3634,다세대,다세대주택,다세대,울산,중구,울산 중구 남외동 330-1 삼흥빌라 2층 202호,"69,000,000","48,300,000",낙찰,"53,500,000",77.5%,2022-09-14,2022_3Q,3
울산 5계 2021-3665,다세대,다세대주택,다세대,울산,중구,"울산 중구 동동 471-2 ,-3,-22 선지빌라 가동 3층 301호","105,000,000","36,015,000",낙찰,"53,999,999",51.4%,2022-10-06,2022_4Q,3
울산 8계 2021-3771,임야,임야,임야,울산,울주군,울산 울주군 두동면 봉계리 산221-4,"130,246,400","63,820,000",낙찰,"84,000,000",64.5%,2022-12-06,2022_4Q,3
울산 3계 2021-3955,답,답,답,울산,울주군,울산 울주군 상북면 등억알프스리 458,"169,455,000","169,455,000",낙찰,"170,100,000",100.4%,2022-08-03,2022_3Q,3
울산 5계 2021-4026,주상복합(주거),기타토지,기타토지,울산,동구,울산 동구 방어동 363-4 트윈 2층 202호,"112,000,000","54,880,000",낙찰,"74,100,001",66.2%,2022-11-15,2022_4Q,3
울산 10계 2021-4064,오피스텔(주거),오피스텔,오피스텔(업무용),울산,중구,울산 중구 유곡동 205 리더스 6층 611호,"117,000,000","81,900,000",낙찰,"95,000,000",81.2%,2022-07-21,2022_3Q,3
울산 7계 2021-4224,아파트,아파트,아파트,울산,중구,울산 중구 성안동 482-9 신기아트빌리지 3층 202호,"169,000,000","118,300,000",낙찰,"125,100,000",74.0%,2022-08-24,2022_3Q,3
울산 10계 2021-4286(2),전,전,전,울산,중구,울산 중구 성안동 815,"170,150,000","40,853,000",낙찰,"52,600,000",30.9%,2022-12-08,2022_4Q,3
울산 3계 2021-4439,임야,임야,임야,울산,중구,울산 중구 성안동 산123,"99,603,230","48,805,000",낙찰,"52,000,000",52.2%,2022-10-19,2022_4Q,3
울산 3계 2021-4491,다세대,다세대주택,다세대,울산,중구,울산 중구 서동 192-1 우현에덴맨션 6층 703호,"108,000,000","52,920,000",낙찰,"53,700,000",49.7%,2022-11-23,2022_4Q,3
울산 5계 2021-4576,단독주택,단독,단독주택,울산,북구,"울산 북구 정자동 434-14 ,-6,-7,-13,-15,-18,-19,-23 2동호","4,966,766,430","3,476,737,000",낙찰,"3,727,000,000",75.0%,2022-12-20,2022_4Q,3
울산 1계 2021-4743,임야,임야,임야,울산,울주군,울산 울주군 두동면 구미리 산281-1,"148,907,500","72,965,000",낙찰,"73,353,300",49.3%,2022-08-02,2022_3Q,3
울산 10계 2021-4750,아파트,아파트,아파트,울산,울주군,울산 울주군 온양읍 운화리 14 영원 8층 807호,"77,000,000","53,900,000",낙찰,"71,100,000",92.3%,2022-07-21,2022_3Q,3
울산 5계 2021-4835,오피스텔(주거),오피스텔,오피스텔(업무용),울산,중구,울산 중구 유곡동 205 리더스 6층 608호,"119,000,000","83,300,000",낙찰,"83,300,000",70.0%,2022-07-12,2022_3Q,3
울산 8계 2021-4927,아파트,아파트,아파트,울산,남구,울산 남구 상개동 152-6 상개목화 101동 6층 B611호,"94,000,000","65,800,000",낙찰,"81,550,000",86.8%,2022-07-19,2022_3Q,3
울산 5계 2021-5036,아파트,아파트,아파트,울산,울주군,"울산 울주군 온양읍 망양리 2지구5블럭1롯트,2롯트,2지구9블럭1롯트,2롯트,3롯트,4롯트,5롯트 회야리버 106동 15층 1511호","70,000,000","49,000,000",낙찰,"67,900,000",97.0%,2022-08-11,2022_3Q,3
울산 10계 2021-5104,전,전,전,울산,북구,울산 북구 호계동 570-25,"94,950,000","94,950,000",낙찰,"135,100,000",142.3%,2022-07-21,2022_3Q,3
울산 5계 2021-5142,아파트,아파트,아파트,울산,북구,울산 북구 중산동 1010-1 약수제일 A-가동 12층 1201호,"65,000,000","45,500,000",낙찰,"55,080,000",84.7%,2022-08-11,2022_3Q,3
울산 10계 2021-5197,과수원,과수원,과수원,울산,울주군,울산 울주군 서생면 화산리 705-8,"322,770,000","158,157,000",낙찰,"159,800,000",49.5%,2022-11-03,2022_4Q,3
울산 5계 2021-5265,임야,임야,임야,울산,울주군,울산 울주군 청량읍 개곡리 산26-13,"7,438,050","5,207,000",낙찰,"5,300,000",71.3%,2022-08-11,2022_3Q,3
울산 9계 2021-5333,임야,임야,임야,울산,울주군,울산 울주군 웅촌면 고연리 산139,"48,658,600","11,683,000",낙찰,"15,000,000",30.8%,2022-10-05,2022_4Q,3
울산 3계 2021-5371,다세대,다세대주택,다세대,울산,동구,울산 동구 방어동 975-5 성진빌라 4층 401호,"103,000,000","50,470,000",낙찰,"61,888,000",60.1%,2022-10-19,2022_4Q,3
울산 8계 2021-5432,아파트,아파트,아파트,울산,북구,"울산 북구 매곡동 233 ,238 현대으뜸타운 103동 3층 307호","98,000,000","68,600,000",낙찰,"83,300,000",85.0%,2022-08-23,2022_3Q,3
울산 10계 2021-5470,아파트,아파트,아파트,울산,울주군,울산 울주군 웅촌면 대복리 302 한솔그린빌 701동 5층 503호,"69,000,000","48,300,000",낙찰,"49,990,000",72.4%,2022-09-29,2022_3Q,3
울산 3계 2021-5524,아파트,아파트,아파트,울산,동구,울산 동구 방어동 918-2 정우비치맨션 1층 105호,"112,000,000","78,400,000",낙찰,"97,220,000",86.8%,2022-11-23,2022_4Q,3
울산 6계 2021-5562,근린상가,근린상가,근린상가,울산,북구,울산 북구 산하동 31 서진타워 1층 103호,"443,000,000","151,949,000",낙찰,"168,980,000",38.1%,2022-08-18,2022_3Q,3
울산 1계 2021-5654,단독주택,단독,단독주택,울산,울주군,울산 울주군 두서면 미호리 776-4 나동,"334,027,000","114,571,000",낙찰,"138,690,000",41.5%,2022-10-11,2022_4Q,3
울산 5계 2021-5708,아파트,아파트,아파트,울산,동구,"울산 동구 방어동 971 ,978,979,980 꽃바위현대 102동 7층 707호","117,000,000","81,900,000",낙찰,"108,600,000",92.8%,2022-10-06,2022_4Q,3
울산 7계 2021-5722,과수원,과수원,과수원,울산,울주군,울산 울주군 서생면 신암리 153-9,"72,421,110","50,695,000",낙찰,"52,150,000",72.0%,2022-08-24,2022_3Q,3
울산 9계 2021-5746,오피스텔(주거),오피스텔,오피스텔(업무용),울산,동구,울산 동구 전하동 449-6 전하동정림명가의아침 1동 12층 1209호,"129,000,000","63,210,000",낙찰,"81,400,000",63.1%,2022-07-26,2022_3Q,3
울산 1계 2021-5821,아파트,아파트,아파트,울산,중구,울산 중구 태화동 200-1 선경맨션 102동 2층 202호,"190,000,000","93,100,000",낙찰,"140,199,990",73.8%,2022-12-27,2022_4Q,3
울산 2계 2021-5845,오피스텔(주거),오피스텔,오피스텔(업무용),울산,동구,울산 동구 일산동 456-3 명진파크빌3차 2층 201호,"208,000,000","101,920,000",낙찰,"102,000,000",49.0%,2022-09-21,2022_3Q,3
울산 3계 2021-5852,아파트,아파트,아파트,울산,동구,울산 동구 전하동 625-3 대성고늘맨션 3층 301호,"169,000,000","82,810,000",낙찰,"93,796,000",55.5%,2022-11-23,2022_4Q,3
울산 5계 2021-5906,아파트,아파트,아파트,울산,동구,울산 동구 화정동 175 대송현대 101동 8층 908호,"128,000,000","89,600,000",낙찰,"123,888,000",96.8%,2022-10-06,2022_4Q,3
울산 7계 2021-5937,과수원,과수원,과수원,울산,울주군,울산 울주군 서생면 위양리 70,"125,020,000","30,017,000",낙찰,"31,000,000",24.8%,2022-11-29,2022_4Q,3
울산 1계 2021-6008,아파트,아파트,아파트,울산,동구,"울산 동구 동부동 150 ,-1,218-1,592-20 현대패밀리동부 115동 13층 1306호","102,000,000","71,400,000",낙찰,"89,880,000",88.1%,2022-08-02,2022_3Q,3
울산 9계 2021-6084,단독주택,단독,단독주택,울산,중구,울산 중구 반구동 776-17,"425,697,000","208,592,000",낙찰,"328,592,000",77.2%,2022-10-05,2022_4Q,3
울산 1계 2021-6343,아파트,아파트,아파트,울산,울주군,울산 울주군 언양읍 동부리 360-1 언양동부주공 105동 3층 301호,"132,000,000","92,400,000",낙찰,"110,100,000",83.4%,2022-08-02,2022_3Q,3
울산 3계 2021-6374,아파트,아파트,아파트,울산,중구,울산 중구 성안동 371-2 벽산이빌리지 106동 7층 701호,"215,000,000","150,500,000",낙찰,"190,380,000",88.5%,2022-10-19,2022_4Q,3
울산 6계 2021-6466(1),임야,임야,임야,울산,울주군,울산 울주군 두동면 천전리 산18-1,"51,039,300","35,728,000",낙찰,"40,010,000",78.4%,2022-08-18,2022_3Q,3
울산 6계 2021-6466(2),전,전,전,울산,울주군,울산 울주군 두동면 천전리 602,"90,569,000","31,065,000",낙찰,"34,010,000",37.6%,2022-10-27,2022_4Q,3
울산 7계 2021-6480,임야,임야,임야,울산,북구,울산 북구 어물동 산150-27,"40,307,520","9,678,000",낙찰,"15,300,000",38.0%,2022-11-29,2022_4Q,3
울산 8계 2021-6527,임야,임야,임야,울산,남구,울산 남구 상개동 산76,"1,203,896,000","842,727,000",낙찰,"850,000,000",70.6%,2022-11-01,2022_4Q,3
울산 3계 2021-6589,아파트,아파트,아파트,울산,동구,"울산 동구 서부동 257-30 ,269-7 현대패밀리서부2차 201동 10층 1007호","120,000,000","84,000,000",낙찰,"93,600,000",78.0%,2022-12-28,2022_4Q,3
울산 4계 2021-6596,다세대,다세대주택,다세대,울산,동구,울산 동구 방어동 281-11 남진빌라 가동 4층 402호,"74,000,000","36,260,000",낙찰,"37,362,600",50.5%,2022-08-04,2022_3Q,3
울산 5계 2021-6602,다세대,다세대주택,다세대,울산,동구,울산 동구 방어동 986-18 원진아트빌5차 1층 101호,"127,000,000","62,230,000",낙찰,"77,910,000",61.3%,2022-12-20,2022_4Q,3
울산 1계 2021-6688,다세대,다세대주택,다세대,울산,북구,"울산 북구 양정동 607 ,-1,-4,-5,-6 더트리스빌 3층 303호","143,000,000","100,100,000",낙찰,"106,770,000",74.7%,2022-09-06,2022_3Q,3
울산 4계 2021-6725(2),대지,나대지,나대지,울산,동구,울산 동구 일산동 951-4,"1,747,350,000","1,223,145,000",낙찰,"1,415,120,000",81.0%,2022-12-22,2022_4Q,3
울산 6계 2021-6770,전,전,전,울산,울주군,울산 울주군 범서읍 굴화리 277-2,"517,112,000","253,385,000",낙찰,"273,330,000",52.9%,2022-09-22,2022_3Q,3
울산 7계 2021-6800,아파트,아파트,아파트,울산,동구,울산 동구 동부동 산147 목화 101동 4층 410호,"200,000,000","140,000,000",낙찰,"166,777,700",83.4%,2022-08-24,2022_3Q,3
울산 9계 2021-6855,아파트,아파트,아파트,울산,울주군,울산 울주군 범서읍 천상리 578 천상청구그린타운 102동 1층 106호,"203,000,000","142,100,000",낙찰,"170,040,000",83.8%,2022-07-26,2022_3Q,3
울산 5계 2021-6886,공장,공장(지식산업센터 업무시설),공장,울산,북구,울산 북구 달천동 210-6,"2,802,242,800","2,802,242,800",낙찰,"2,903,333,000",103.6%,2022-10-06,2022_4Q,3
울산 5계 2021-6947,아파트,아파트,아파트,울산,동구,울산 동구 화정동 149-1 금강 202동 1층 113호,"108,000,000","75,600,000",낙찰,"103,880,000",96.2%,2022-11-15,2022_4Q,3
울산 7계 2021-7001,근린상가,근린상가,근린상가,울산,울주군,울산 울주군 언양읍 반천리 1106-7,"2,630,922,300","1,289,152,000",낙찰,"1,548,000,000",58.8%,2022-09-28,2022_3Q,3
울산 9계 2021-7070,임야,임야,임야,울산,울주군,울산 울주군 상북면 거리 산36-1,"52,553,600","36,788,000",낙찰,"37,210,000",70.8%,2022-07-26,2022_3Q,3
울산 8계 2021-7094,잡종지,잡종지,잡종지,울산,울주군,울산 울주군 온산읍 덕신리 324-8,"21,780,000","10,672,000",낙찰,"10,673,000",49.0%,2022-12-06,2022_4Q,3
울산 2계 2021-7124(1),아파트상가,아파트상가,근린상가,울산,울주군,울산 울주군 범서읍 천상리 666-1 천상벽산 상가동 3층 311호,"194,500,000","95,305,000",낙찰,"100,100,000",51.5%,2022-11-30,2022_4Q,3
울산 2계 2021-7124(2),아파트상가,아파트상가,근린상가,울산,울주군,울산 울주군 범서읍 천상리 666-1 천상벽산 상가동 2층 210호,"33,000,000","23,100,000",낙찰,"23,400,000",70.9%,2022-10-26,2022_4Q,3
울산 9계 2021-7261(1),임야,임야,임야,울산,울주군,울산 울주군 온산읍 덕신리 103-5,"798,597,000","273,919,000",낙찰,"447,111,111",56.0%,2022-10-05,2022_4Q,3
울산 9계 2021-7261(2),임야,임야,임야,울산,울주군,울산 울주군 온산읍 덕신리 103-12,"343,860,000","168,491,000",낙찰,"181,491,000",52.8%,2022-08-30,2022_3Q,3
울산 1계 2021-7476,아파트,아파트,아파트,울산,울주군,울산 울주군 삼남읍 교동리 1522-5 태봉파크 102동 12층 1208호,"91,000,000","63,700,000",낙찰,"69,000,000",75.8%,2022-11-22,2022_4Q,3
울산 7계 2021-7537,답,답,답,울산,울주군,울산 울주군 온양읍 삼광리 346-1,"192,392,400","65,991,000",낙찰,"68,000,000",35.3%,2022-11-29,2022_4Q,3
울산 6계 2021-7575,전,전,전,울산,울주군,울산 울주군 삼동면 둔기리 244,"290,143,000","142,170,000",낙찰,"162,580,000",56.0%,2022-08-18,2022_3Q,3
울산 2계 2021-7582,아파트,아파트,아파트,울산,동구,"울산 동구 동부동 산147-1 ,산146-5,산5-16,산5-17 목화 102동 1층 117호","114,000,000","55,860,000",낙찰,"67,580,000",59.3%,2022-11-30,2022_4Q,3
울산 9계 2021-7636,근린상가,근린상가,근린상가,울산,남구,울산 남구 신정동 1414-16,"1,203,302,300","589,618,000",낙찰,"869,100,000",72.2%,2022-11-08,2022_4Q,3
울산 1계 2021-7704,다세대,다세대주택,다세대,울산,중구,울산 중구 성안동 872-9 썬시티빌 3층 302호,"278,000,000","136,220,000",낙찰,"171,990,000",61.9%,2022-12-27,2022_4Q,3
울산 9계 2021-7834,단독주택,단독,단독주택,울산,북구,울산 북구 양정동 564-20,"180,395,500","88,394,000",낙찰,"106,900,000",59.3%,2022-08-30,2022_3Q,3
울산 10계 2021-7841,답,답,답,울산,북구,울산 북구 산하동 525-3,"1,057,472,000","740,230,000",낙찰,"793,330,000",75.0%,2022-11-03,2022_4Q,3
울산 1계 2021-7865,아파트,아파트,아파트,울산,동구,"울산 동구 방어동 971-1 ,972 삼전아이필2차 101동 4층 402호","144,000,000","100,800,000",낙찰,"118,800,000",82.5%,2022-12-27,2022_4Q,3
울산 6계 2021-7919,아파트,아파트,아파트,울산,동구,"울산 동구 동부동 269-2 ,남목1지구 2블럭-2롯트,-3롯트,-6롯트,-7롯트,-8롯트 삼안파크맨션 101동 12층 1201호","157,000,000","109,900,000",낙찰,"135,078,000",86.0%,2022-09-22,2022_3Q,3
울산 8계 2021-7933,다세대,다세대주택,다세대,울산,울주군,"울산 울주군 범서읍 굴화리 363-12 ,-14 문수빌라 A동 2층 201호","159,000,000","111,300,000",낙찰,"168,888,000",106.2%,2022-09-27,2022_3Q,3
울산 2계 2021-7964,아파트,아파트,아파트,울산,울주군,"울산 울주군 두동면 봉계리 618-2 ,618-3 화목팰리스 1동 6층 602호","179,000,000","87,710,000",낙찰,"88,110,000",49.2%,2022-11-30,2022_4Q,3
울산 9계 2021-8011,아파트,아파트,아파트,울산,중구,울산 중구 성안동 490-3 대신드림빌 3층 302호,"207,000,000","144,900,000",낙찰,"158,880,000",76.8%,2022-08-30,2022_3Q,3
울산 1계 2021-8158,아파트,아파트,아파트,울산,울주군,울산 울주군 온양읍 발리 1311 울산온양서희스타힐스 107동 5층 504호,"373,000,000","261,100,000",낙찰,"320,900,000",86.0%,2022-11-22,2022_4Q,3
울산 8계 2021-8189,연립,연립주택,연립·빌라,울산,동구,울산 동구 전하동 651-4 산성연립 E동 1층 103호,"57,000,000","27,930,000",낙찰,"31,120,000",54.6%,2022-11-01,2022_4Q,3
울산 9계 2021-8264,오피스텔(주거),오피스텔,오피스텔(업무용),울산,동구,울산 동구 방어동 1525 골든베이비치 104동 7층 701호,"322,000,000","157,780,000",낙찰,"202,382,640",62.9%,2022-10-05,2022_4Q,3
울산 1계 2021-8288,아파트,아파트,아파트,울산,북구,울산 북구 연암동 370 엘지진로 110동 5층 509호,"215,000,000","150,500,000",낙찰,"163,040,000",75.8%,2022-12-27,2022_4Q,3
울산 7계 2021-8318,도로,기타토지,기타토지,울산,남구,울산 남구 신정동 1402-22,"52,896,000","37,027,000",낙찰,"53,363,550",100.9%,2022-09-28,2022_3Q,3
울산 9계 2021-8394,단독주택,단독,단독주택,울산,동구,울산 동구 전하동 764-6,"329,380,590","230,566,000",낙찰,"237,000,000",72.0%,2022-08-30,2022_3Q,3
울산 6계 2021-8462,대지,나대지,나대지,울산,울주군,울산 울주군 두동면 은편리 856,"510,875,000","250,329,000",낙찰,"292,980,000",57.3%,2022-10-27,2022_4Q,3
울산 6계 2021-8486(2),전,전,전,울산,울주군,울산 울주군 상북면 등억알프스리 429,"41,420,600","41,420,600",낙찰,"41,420,600",100.0%,2022-10-27,2022_4Q,3
울산 6계 2021-8677,오피스텔(주거),오피스텔,오피스텔(업무용),울산,동구,"울산 동구 전하동 308-36 ,308-30,308-35 동천로하스빌 B동 9층 901호","220,000,000","154,000,000",낙찰,"160,540,000",73.0%,2022-10-27,2022_4Q,3
울산 9계 2021-8769,다세대,다세대주택,다세대,울산,동구,울산 동구 방어동 1163-11 대성빌라트 4층 401호,"146,000,000","71,540,000",낙찰,"78,220,000",53.6%,2022-11-08,2022_4Q,3
울산 4계 2021-8783,아파트,아파트,아파트,울산,울주군,"울산 울주군 두동면 봉계리 618-2 ,-3 화목팰리스 1동 9층 902호","169,000,000","82,810,000",낙찰,"83,770,000",49.6%,2022-09-08,2022_3Q,3
울산 10계 2021-8882,차량,기타토지,기타토지,울산,울주군,울산 울주군 언양읍 반천리 534 복산주차장내 보관,"16,500,000","8,085,000",낙찰,"11,808,500",71.6%,2022-07-21,2022_3Q,3
울산 6계 2021-8905,아파트,아파트,아파트,울산,울주군,울산 울주군 언양읍 서부리 401 서울산두산위브 104동 8층 802호,"342,000,000","239,400,000",낙찰,"305,800,000",89.4%,2022-10-27,2022_4Q,3
울산 7계 2021-8912,아파트,아파트,아파트,울산,남구,"울산 남구 달동 775-6 ,792-1,1373-2,1374-1 달동금호타운 101동 14층 1406호","378,000,000","264,600,000",낙찰,"272,333,000",72.0%,2022-09-28,2022_3Q,3
울산 3계 2021-9052,오피스텔(주거),오피스텔,오피스텔(업무용),울산,남구,울산 남구 삼산동 1612-2 나인파크삼산 12층 1227호,"215,000,000","150,500,000",낙찰,"167,160,420",77.7%,2022-12-28,2022_4Q,3
울산 4계 2021-9267,아파트,아파트,아파트,울산,남구,울산 남구 야음동 868-1 한라전원 106동 5층 502호,"150,000,000","105,000,000",낙찰,"119,100,000",79.4%,2022-08-04,2022_3Q,3
울산 6계 2021-9274,대지,나대지,나대지,울산,울주군,울산 울주군 두서면 내와리 262-1,"257,337,000","126,095,000",낙찰,"133,700,000",52.0%,2022-11-24,2022_4Q,3
울산 7계 2021-9281,오피스텔(주거),오피스텔,오피스텔(업무용),울산,울주군,울산 울주군 서생면 진하리 78-5 센트로드 10층 1006호,"139,000,000","68,110,000",낙찰,"82,300,000",59.2%,2022-11-29,2022_4Q,3
울산 1계 2021-9373,아파트,아파트,아파트,울산,동구,울산 동구 화정동 161-1 대송현대 202동 9층 910호,"165,000,000","115,500,000",낙찰,"123,999,990",75.2%,2022-12-27,2022_4Q,3
울산 7계 2021-9380,공장,공장(지식산업센터 업무시설),공장,울산,울주군,울산 울주군 웅촌면 은현리 49-72 A동호,"1,035,188,540","724,632,000",낙찰,"741,500,000",71.6%,2022-10-25,2022_4Q,3
울산 4계 2021-9472,아파트,아파트,아파트,울산,북구,울산 북구 신천동 530-1 극동스타클래스 110동 13층 1302호,"290,000,000","203,000,000",낙찰,"266,900,000",92.0%,2022-09-08,2022_3Q,3
울산 10계 2021-9571,아파트,아파트,아파트,울산,동구,울산 동구 화정동 162 대송현대 104동 12층 1308호,"168,000,000","117,600,000",낙찰,"130,000,000",77.4%,2022-12-08,2022_4Q,3
울산 4계 2021-9601,아파트,아파트,아파트,울산,북구,울산 북구 천곡동 1020-21 일지리버 12층 1207호,"73,000,000","25,039,000",낙찰,"25,040,000",34.3%,2022-11-17,2022_4Q,3
울산 4계 2021-9618,아파트,아파트,아파트,울산,북구,울산 북구 중산동 1166-18 이화제일그린파크 14층 1406호,"70,000,000","49,000,000",낙찰,"54,999,990",78.6%,2022-09-08,2022_3Q,3
울산 7계 2021-9649,아파트,아파트,아파트,울산,남구,울산 남구 신정동 1617 복지 A동 2층 203호,"500,000,000","245,000,000",낙찰,"339,900,000",68.0%,2022-11-29,2022_4Q,3
울산 8계 2021-9656,아파트,아파트,아파트,울산,북구,울산 북구 천곡동 1020-21 일지리버 16층 1608호,"103,000,000","72,100,000",낙찰,"77,090,000",74.8%,2022-11-01,2022_4Q,3
울산 10계 2021-9670,대지,나대지,나대지,울산,울주군,울산 울주군 상북면 덕현리 158,"588,744,000","288,485,000",낙찰,"381,700,100",64.8%,2022-12-08,2022_4Q,3
울산 4계 2021-9724(1),임야,임야,임야,울산,남구,울산 남구 무거동 산153,"61,099,200","61,099,200",낙찰,"61,099,200",100.0%,2022-08-04,2022_3Q,3
울산 4계 2021-9724(2),임야,임야,임야,울산,남구,울산 남구 무거동 산154,"61,099,200","61,099,200",낙찰,"61,099,200",100.0%,2022-08-04,2022_3Q,3
울산 6계 2021-9748,단독주택,단독,단독주택,울산,동구,울산 동구 방어동 1141-16,"423,828,720","207,676,000",낙찰,"250,000,000",59.0%,2022-12-21,2022_4Q,3
울산 9계 2021-9854(2),아파트,아파트,아파트,울산,동구,울산 동구 방어동 1064 현대중공업(주)외국인 104동 2층 202호,"400,000,000","196,000,000",낙찰,"223,750,000",55.9%,2022-12-13,2022_4Q,3
울산 1계 2021-9892,다세대,다세대주택,다세대,울산,북구,"울산 북구 명촌동 870-1 ,591-4 씨앤펠리스파크 6층 602호","286,000,000","140,140,000",낙찰,"220,000,000",76.9%,2022-08-02,2022_3Q,3
울산 10계 2021-10274,아파트,아파트,아파트,울산,북구,울산 북구 염포동 326 외28 염포성원상떼빌 111동 23층 2301호,"243,000,000","170,100,000",낙찰,"241,000,000",99.2%,2022-11-03,2022_4Q,3
울산 8계 2021-10335,다세대,다세대주택,다세대,울산,북구,울산 북구 양정동 776-6 화이트빌 4층 501호,"114,000,000","79,800,000",낙찰,"85,500,000",75.0%,2022-12-06,2022_4Q,3
울산 7계 2021-10397,아파트,아파트,아파트,울산,남구,울산 남구 무거동 927-6 남운그린힐 2층 220호,"100,000,000","70,000,000",낙찰,"83,710,000",83.7%,2022-11-29,2022_4Q,3
울산 7계 2021-10434,아파트,아파트,아파트,울산,북구,"울산 북구 천곡동 1152 새천곡한신휴플러스 102동 18,19층 1804호","443,000,000","310,100,000",낙찰,"375,500,000",84.8%,2022-11-29,2022_4Q,3
울산 8계 2021-100085,다세대,다세대주택,다세대,울산,울주군,울산 울주군 온양읍 망양리 464-1 제니스아트빌 5층 502호,"196,000,000","137,200,000",낙찰,"140,880,000",71.9%,2022-09-27,2022_3Q,3
울산 2계 2021-100368(1),답,답,답,울산,울주군,울산 울주군 온양읍 망양리 352,"951,673,000","326,424,000",낙찰,"417,600,000",43.9%,2022-09-21,2022_3Q,3
울산 2계 2021-100368(2),단독주택,단독,단독주택,울산,울주군,울산 울주군 온양읍 망양리 339-2,"2,322,453,000","796,601,000",낙찰,"917,600,000",39.5%,2022-09-21,2022_3Q,3
울산 3계 2021-100443,근린상가,근린상가,근린상가,울산,남구,울산 남구 삼산동 1649-9,"925,613,370","647,929,000",낙찰,"811,000,000",87.6%,2022-08-03,2022_3Q,3
울산 1계 2021-100559,주상복합(주거),기타토지,기타토지,울산,동구,울산 동구 방어동 416-37 리버빌 2층 202호,"218,000,000","106,820,000",낙찰,"113,265,000",52.0%,2022-12-27,2022_4Q,3
울산 1계 2021-100894(3),전,전,전,울산,울주군,울산 울주군 청량읍 덕하리 320,"95,590,000","16,066,000",낙찰,"18,521,000",19.4%,2022-12-27,2022_4Q,3
울산 3계 2021-101262,주상복합(상가),기타토지,기타토지,울산,중구,"울산 중구 반구동 449-16 ,-4,-29,-28 유로캐슬 2층 207호","465,000,000","159,495,000",낙찰,"221,100,000",47.5%,2022-09-14,2022_3Q,3
울산 3계 2021-101989,아파트,아파트,아파트,울산,남구,울산 남구 선암동 559-12 선암서광 105동 25층 2503호,"143,000,000","100,100,000",낙찰,"143,999,990",100.7%,2022-09-14,2022_3Q,3
울산 3계 2021-102388,임야,임야,임야,울산,울주군,울산 울주군 상북면 산전리 산123-2,"71,591,430","24,556,000",낙찰,"25,000,000",34.9%,2022-11-23,2022_4Q,3
울산 7계 2021-102494,주상복합(주거),기타토지,기타토지,울산,남구,울산 남구 신정동 350 제니스타워 12층 1205호,"101,000,000","49,490,000",낙찰,"51,800,000",51.3%,2022-07-14,2022_3Q,3
울산 3계 2021-102623,아파트,아파트,아파트,울산,중구,울산 중구 학성동 432-426 남경해밀턴 3층 303호,"291,000,000","203,700,000",낙찰,"262,888,000",90.3%,2022-09-14,2022_3Q,3
울산 9계 2021-102722,단독주택,단독,단독주택,울산,울주군,울산 울주군 온양읍 내광리 산97-14,"189,563,000","31,860,000",낙찰,"35,150,000",18.5%,2022-10-05,2022_4Q,3
울산 6계 2021-102746(2),임야,임야,임야,울산,울주군,울산 울주군 청량읍 개곡리 산131,"69,976,800","16,801,000",낙찰,"18,500,000",26.4%,2022-08-18,2022_3Q,3
울산 3계 2021-102852,임야,임야,임야,울산,울주군,울산 울주군 범서읍 굴화리 160-5,"19,614,000","4,710,000",낙찰,"4,711,000",24.0%,2022-12-28,2022_4Q,3
울산 4계 2021-102890,단독주택,단독,단독주택,울산,울주군,울산 울주군 언양읍 구수리 433-6,"554,169,800","554,169,800",낙찰,"620,210,000",111.9%,2022-08-04,2022_3Q,3
울산 2계 2021-103183,단독주택,단독,단독주택,울산,동구,울산 동구 방어동 218-2,"1,081,350,000","756,945,000",낙찰,"816,900,000",75.5%,2022-09-21,2022_3Q,3
울산 3계 2021-103237,아파트,아파트,아파트,울산,동구,울산 동구 서부동 290-6 신광그린파크 14층 1401호,"151,000,000","105,700,000",낙찰,"108,770,000",72.0%,2022-11-23,2022_4Q,3
울산 10계 2021-103244,답,답,답,울산,남구,울산 남구 상개동 13-6,"29,736,000","20,815,000",낙찰,"22,610,000",76.0%,2022-07-21,2022_3Q,3
울산 10계 2021-103619(2),답,답,답,울산,울주군,울산 울주군 삼동면 작동리 558,"83,517,000","40,923,000",낙찰,"41,100,000",49.2%,2022-11-03,2022_4Q,3
울산 5계 2021-103947,아파트,아파트,아파트,울산,울주군,울산 울주군 언양읍 반송리 425-6 반송대방 102동 6층 603호,"120,000,000","84,000,000",낙찰,"96,100,000",80.1%,2022-07-12,2022_3Q,3
울산 9계 2021-104049,축사,기타토지,기타토지,울산,울주군,울산 울주군 두서면 인보리 318 1동,"667,187,500","228,845,000",낙찰,"333,330,000",50.0%,2022-12-13,2022_4Q,3
울산 2계 2021-104070,다세대,다세대주택,다세대,울산,울주군,울산 울주군 삼남읍 방기리 974-8 방기하이츠빌 B동 3층 301호,"86,500,000","60,550,000",낙찰,"67,200,000",77.7%,2022-08-17,2022_3Q,3
울산 3계 2021-104100,아파트,아파트,아파트,울산,북구,"울산 북구 천곡동 674 ,1054-21 천곡웰빙 101동 4층 401호","205,000,000","143,500,000",낙찰,"158,480,000",77.3%,2022-08-03,2022_3Q,3
울산 3계 2021-104421,도로,기타토지,기타토지,울산,남구,울산 남구 두왕동 90-2,"82,469,000","57,728,000",낙찰,"61,199,990",74.2%,2022-10-19,2022_4Q,3
울산 10계 2021-104599,다세대,다세대주택,다세대,울산,울주군,울산 울주군 온산읍 덕신리 229-37 달림빌7차 3층 202호,"116,000,000","81,200,000",낙찰,"96,610,000",83.3%,2022-11-03,2022_4Q,3
울산 2계 2021-104674,단독주택,단독,단독주택,울산,동구,울산 동구 방어동 125-17,"538,106,000","263,672,000",낙찰,"391,500,000",72.8%,2022-09-21,2022_3Q,3
울산 6계 2021-104858,임야,임야,임야,울산,중구,울산 중구 다운동 산173,"440,914,000","51,874,000",낙찰,"62,220,000",14.1%,2022-12-21,2022_4Q,3
울산 10계 2021-104919,대지,나대지,나대지,울산,울주군,울산 울주군 서생면 대송리 75-4,"50,880,000","50,880,000",낙찰,"61,300,000",120.5%,2022-08-25,2022_3Q,3
울산 3계 2021-104988,아파트,아파트,아파트,울산,울주군,울산 울주군 범서읍 구영리 796-2 한신 202동 6층 606호,"222,000,000","155,400,000",낙찰,"223,888,000",100.9%,2022-10-19,2022_4Q,3
울산 5계 2021-105097,아파트,아파트,아파트,울산,중구,울산 중구 성안동 502-10 장한리치빌4차 102동 2층 201호,"192,000,000","94,080,000",낙찰,"141,180,000",73.5%,2022-08-11,2022_3Q,3
울산 7계 2021-105134(1),임야,임야,임야,울산,울주군,울산 울주군 청량읍 율리 산258-46,"14,564,000","7,137,000",낙찰,"11,000,000",75.5%,2022-07-14,2022_3Q,3
울산 1계 2021-105288,다세대,다세대주택,다세대,울산,중구,울산 중구 서동 207 진양 A동 지층 101호,"88,000,000","43,120,000",낙찰,"51,000,000",58.0%,2022-09-06,2022_3Q,3
울산 3계 2021-105318,아파트,아파트,아파트,울산,동구,울산 동구 화정동 851 현대 702동 2층 311호,"140,000,000","98,000,000",낙찰,"136,399,000",97.4%,2022-08-03,2022_3Q,3
울산 3계 2021-105479,아파트,아파트,아파트,울산,남구,울산 남구 야음동 490-2 보라 1동 2층 212호,"137,000,000","95,900,000",낙찰,"124,800,000",91.1%,2022-10-19,2022_4Q,3
울산 5계 2021-105493,주상복합(주거),기타토지,기타토지,울산,동구,울산 동구 방어동 324-5 신세계파크 2층 202호,"173,000,000","84,770,000",낙찰,"102,000,000",59.0%,2022-08-11,2022_3Q,3
울산 1계 2021-105622,답,답,답,울산,울주군,울산 울주군 온양읍 동상리 715-3,"718,662,000","352,144,000",낙찰,"504,280,000",70.2%,2022-08-02,2022_3Q,3
울산 4계 2021-105639,공장,공장(지식산업센터 업무시설),공장,울산,북구,울산 북구 매곡동 347-8 A동호,"2,989,579,160","2,989,579,160",낙찰,"3,800,000,000",127.1%,2022-11-17,2022_4Q,3
울산 7계 2021-105912,다세대,다세대주택,다세대,울산,동구,울산 동구 방어동 1047-1 CL드림힐 4층 401호,"146,000,000","71,540,000",낙찰,"103,199,990",70.7%,2022-07-14,2022_3Q,3
울산 8계 2021-105950,임야,임야,임야,울산,울주군,울산 울주군 서생면 화정리 산5-4,"1,324,568,000","454,327,000",낙찰,"503,000,000",38.0%,2022-11-01,2022_4Q,3
울산 3계 2021-105998,아파트,아파트,아파트,울산,북구,"울산 북구 천곡동 411 ,412,1022-15,상안동 773-13 쌍용아진그린타운 310동 4층 401호","256,000,000","179,200,000",낙찰,"231,199,000",90.3%,2022-10-19,2022_4Q,3
울산 7계 2021-106076,전,전,전,울산,울주군,울산 울주군 언양읍 반송리 344-7,"26,992,000","13,226,000",낙찰,"19,500,000",72.2%,2022-07-14,2022_3Q,3
울산 2계 2021-106205,아파트,아파트,아파트,울산,남구,울산 남구 신정동 319 강변센트럴하이츠 101동 5층 502호,"933,000,000","653,100,000",낙찰,"693,100,000",74.3%,2022-08-17,2022_3Q,3
울산 5계 2021-106243,아파트,아파트,아파트,울산,울주군,울산 울주군 범서읍 천상리 574-1 천상청구그린타운 201동 18층 1813호,"135,000,000","94,500,000",낙찰,"132,070,000",97.8%,2022-10-06,2022_4Q,3
울산 4계 2021-106311,대지,나대지,나대지,울산,울주군,울산 울주군 서생면 진하리 220,"17,000,000","11,900,000",낙찰,"13,440,000",79.1%,2022-09-08,2022_3Q,3
울산 9계 2021-106434,임야,임야,임야,울산,울주군,울산 울주군 언양읍 태기리 산53,"67,372,200","23,109,000",낙찰,"26,000,000",38.6%,2022-08-30,2022_3Q,3
울산 3계 2021-106472,대지,나대지,나대지,울산,남구,울산 남구 장생포동 320-3,"54,723,200","18,770,000",낙찰,"20,000,000",36.5%,2022-12-28,2022_4Q,3
울산 5계 2021-106540,연립,연립주택,연립·빌라,울산,동구,울산 동구 전하동 312-10 동남로얄하이츠빌라 1층 109호,"69,000,000","48,300,000",낙찰,"51,000,000",73.9%,2022-11-15,2022_4Q,3
울산 1계 2021-106649,아파트,아파트,아파트,울산,동구,"울산 동구 서부동 257-4 ,249-8 현대패밀리서부 120동 2층 201호","121,000,000","84,700,000",낙찰,"86,770,000",71.7%,2022-08-02,2022_3Q,3
울산 3계 2021-106694,다세대,다세대주택,다세대,울산,북구,울산 북구 양정동 484-71 강동빌라 2층 201호,"105,000,000","73,500,000",낙찰,"76,700,777",73.0%,2022-11-23,2022_4Q,3
울산 5계 2021-106717,아파트,아파트,아파트,울산,동구,울산 동구 방어동 1122 문현아이파크 104동 3층 304호,"310,000,000","217,000,000",낙찰,"250,010,010",80.6%,2022-10-06,2022_4Q,3
울산 7계 2021-106755,아파트,아파트,아파트,울산,동구,울산 동구 전하동 768 늘푸른 101동 12층 1201호,"85,000,000","59,500,000",낙찰,"81,888,000",96.3%,2022-08-24,2022_3Q,3
울산 10계 2021-106823,아파트,아파트,아파트,울산,동구,"울산 동구 동부동 150 ,150-1,218-1,592-20 현대패밀리동부 113동 1층 106호","81,000,000","81,000,000",낙찰,"81,990,000",101.2%,2022-08-25,2022_3Q,3
울산 2계 2021-106861,아파트,아파트,아파트,울산,울주군,울산 울주군 언양읍 반천리 1023-51 현대 102동 15층 1502호,"136,000,000","95,200,000",낙찰,"135,000,000",99.3%,2022-08-17,2022_3Q,3
울산 9계 2021-106885,다세대,다세대주택,다세대,울산,울주군,"울산 울주군 온산읍 덕신리 295-7 ,-8 광원빌라 2층 202호","88,000,000","61,600,000",낙찰,"67,500,000",76.7%,2022-07-26,2022_3Q,3
울산 10계 2021-106892,단독주택,단독,단독주택,울산,남구,울산 남구 야음동 746-14,"249,614,240","174,730,000",낙찰,"202,070,000",81.0%,2022-09-29,2022_3Q,3
울산 1계 2021-106991(1),근린상가,근린상가,근린상가,울산,중구,울산 중구 우정동 500-5 맨하탄시티 1층 106호,"665,000,000","228,095,000",낙찰,"268,400,000",40.4%,2022-11-22,2022_4Q,3
울산 1계 2021-106991(2),근린상가,근린상가,근린상가,울산,중구,울산 중구 우정동 500-5 맨하탄시티 1층 107호,"665,000,000","228,095,000",낙찰,"257,000,000",38.6%,2022-11-22,2022_4Q,3
울산 7계 2021-107000,아파트,아파트,아파트,울산,울주군,"울산 울주군 범서읍 구영리 870 ,1140-1 현대 202동 6층 606호","157,000,000","109,900,000",낙찰,"138,000,000",87.9%,2022-08-24,2022_3Q,3
울산 8계 2021-107123,아파트,아파트,아파트,울산,울주군,울산 울주군 언양읍 반천리 1023-51 현대 102동 14층 1405호,"149,000,000","104,300,000",낙찰,"112,500,000",75.5%,2022-11-01,2022_4Q,3
울산 9계 2021-107161,아파트,아파트,아파트,울산,울주군,울산 울주군 언양읍 반천리 1023-51 현대 102동 12층 1205호,"130,000,000","91,000,000",낙찰,"121,990,000",93.8%,2022-07-26,2022_3Q,3
울산 2계 2021-107246,아파트,아파트,아파트,울산,북구,울산 북구 중산동 622 현대 201동 6층 606호,"70,000,000","49,000,000",낙찰,"63,990,000",91.4%,2022-08-17,2022_3Q,3
울산 5계 2021-107277,아파트,아파트,아파트,울산,남구,"울산 남구 무거동 832-2 ,842,843 무거현대 101동 4층 407호","150,000,000","105,000,000",낙찰,"139,000,000",92.7%,2022-10-06,2022_4Q,3
울산 4계 2021-107314,임야,임야,임야,울산,울주군,울산 울주군 언양읍 반송리 산137-8,"7,590,000","3,719,000",낙찰,"3,837,000",50.6%,2022-08-04,2022_3Q,3
울산 7계 2021-107376,답,답,답,울산,울주군,울산 울주군 언양읍 직동리 487-5,"400,430,000","400,430,000",낙찰,"408,888,000",102.1%,2022-07-14,2022_3Q,3
울산 6계 2021-107420,오피스텔(주거),오피스텔,오피스텔(업무용),울산,남구,"울산 남구 삼산동 184-2 ,-16 드림팰리스 1동 7층 704호","150,000,000","105,000,000",낙찰,"126,500,000",84.3%,2022-10-27,2022_4Q,3
울산 8계 2021-107635(1),아파트상가,아파트상가,근린상가,울산,울주군,울산 울주군 상북면 궁근정리 916-10 광천그린파크 상가동 지하1층 소10호,"14,000,000","6,860,000",낙찰,"6,900,000",49.3%,2022-12-06,2022_4Q,3
울산 8계 2021-107635(2),아파트상가,아파트상가,근린상가,울산,울주군,울산 울주군 상북면 궁근정리 916-10 광천그린파크 상가동 지하1층 소11호,"14,000,000","6,860,000",낙찰,"7,100,000",50.7%,2022-12-06,2022_4Q,3
울산 9계 2021-107710,전,전,전,울산,울주군,울산 울주군 두동면 이전리 1,"124,570,000","114,492,000",낙찰,"115,200,000",92.5%,2022-08-30,2022_3Q,3
울산 10계 2021-107789,주상복합(주거),기타토지,기타토지,울산,동구,울산 동구 방어동 914-11 해븐빌리지 3층 303호,"165,000,000","80,850,000",낙찰,"111,330,032",67.5%,2022-12-08,2022_4Q,3
울산 1계 2021-107796,아파트,아파트,아파트,울산,남구,울산 남구 신정동 955-2 현대싱그런스위트 101동 3층 304호,"348,000,000","243,600,000",낙찰,"275,381,000",79.1%,2022-09-06,2022_3Q,3
울산 8계 2021-107802,아파트,아파트,아파트,울산,북구,"울산 북구 신천동 303 ,300-9 한성로즈빌라 5층 502호","72,000,000","50,400,000",낙찰,"51,000,000",70.8%,2022-11-01,2022_4Q,3
울산 5계 2021-107970,주상복합(상가),기타토지,기타토지,울산,남구,울산 남구 무거동 1527-4 울산대이즈플레이스 1층 107호,"1,565,000,000","766,850,000",낙찰,"801,200,000",51.2%,2022-12-20,2022_4Q,3
울산 5계 2021-108003,대지,나대지,나대지,울산,중구,울산 중구 약사동 626,"31,140,000","31,140,000",낙찰,"35,643,500",114.5%,2022-11-15,2022_4Q,3
울산 7계 2021-108102,도로,기타토지,기타토지,울산,울주군,울산 울주군 청량읍 상남리 643-1,"292,000,000","292,000,000",낙찰,"351,000,000",120.2%,2022-07-14,2022_3Q,3
울산 2계 2021-108140,아파트,아파트,아파트,울산,북구,울산 북구 중산동 566-1 이화한라동아 13층 1304호,"72,000,000","50,400,000",낙찰,"60,590,000",84.2%,2022-08-17,2022_3Q,3
울산 8계 2021-108232,아파트,아파트,아파트,울산,동구,울산 동구 화정동 851-3 현대 705동 13층 1412호,"186,000,000","130,200,000",낙찰,"161,888,000",87.0%,2022-09-27,2022_3Q,3
울산 9계 2021-108249,아파트,아파트,아파트,울산,울주군,"울산 울주군 청량읍 삼정리 755 ,-4,-5,-7,753-3,901 쌍용하나빌리지 302동 2층 207호","110,000,000","77,000,000",낙찰,"98,000,000",89.1%,2022-07-26,2022_3Q,3
울산 7계 2021-108430,오피스텔(주거),오피스텔,오피스텔(업무용),울산,남구,"울산 남구 신정동 4-8 ,347-16,347-17 태화강리버테라스 16층 1613호","103,000,000","72,100,000",낙찰,"78,100,000",75.8%,2022-09-28,2022_3Q,3
울산 9계 2021-108454,단독주택,단독,단독주택,울산,울주군,울산 울주군 온산읍 덕신리 438-16,"171,283,236","58,750,000",낙찰,"70,200,000",41.0%,2022-11-08,2022_4Q,3
울산 4계 2021-108607,다세대,다세대주택,다세대,울산,동구,울산 동구 방어동 900-4 이-좋은집 3층 301호,"179,000,000","87,710,000",낙찰,"94,770,000",52.9%,2022-10-13,2022_4Q,3
울산 10계 2021-108638,다세대,다세대주택,다세대,울산,울주군,울산 울주군 상북면 궁근정리 572-2 경원아파트 4층 401호,"41,000,000","14,063,000",낙찰,"16,100,000",39.3%,2022-09-29,2022_3Q,3
울산 1계 2021-108645,아파트,아파트,아파트,울산,울주군,울산 울주군 범서읍 천상리 574-1 천상청구그린타운 201동 17층 1707호,"108,000,000","75,600,000",낙찰,"79,000,000",73.1%,2022-12-27,2022_4Q,3
울산 2계 2021-108652,아파트,아파트,아파트,울산,중구,울산 중구 반구동 742 금성 A동 4층 407호,"100,000,000","100,000,000",낙찰,"170,038,000",170.0%,2022-09-21,2022_3Q,3
울산 10계 2021-108751,도로,기타토지,기타토지,울산,울주군,울산 울주군 청량읍 상남리 190-2,"13,167,000","13,167,000",낙찰,"13,899,900",105.6%,2022-08-25,2022_3Q,3
울산 3계 2021-109037,주상복합(주거),기타토지,기타토지,울산,중구,울산 중구 남외동 426-3 동남 4층 405호,"110,000,000","77,000,000",낙찰,"103,880,000",94.4%,2022-12-28,2022_4Q,3
울산 9계 2021-109075,주상복합(주거),기타토지,기타토지,울산,남구,"울산 남구 무거동 625-12 ,-11 문수센트럴빌 6층 602호","277,000,000","277,000,000",낙찰,"280,100,000",101.1%,2022-07-26,2022_3Q,3
울산 5계 2021-109198,아파트,아파트,아파트,울산,북구,울산 북구 중산동 1010-1 약수제일 A-가동 1층 113호,"58,000,000","58,000,000",낙찰,"58,201,000",100.3%,2022-11-15,2022_4Q,3
울산 9계 2021-109235,아파트,아파트,아파트,울산,북구,"울산 북구 천곡동 410-1 ,-12,421-2,-9,1030 쌍용아진그린타운4차 412동 10층 1006호","160,000,000","112,000,000",낙찰,"145,880,000",91.2%,2022-11-08,2022_4Q,3
울산 4계 2021-109297,아파트,아파트,아파트,울산,중구,울산 중구 서동 66-13 하니콤타워 3층 305호,"142,000,000","69,580,000",낙찰,"105,990,000",74.6%,2022-08-04,2022_3Q,3
울산 9계 2021-109341,임야,임야,임야,울산,울주군,울산 울주군 서생면 화정리 852-1,"9,880,000","4,841,000",낙찰,"7,000,000",70.9%,2022-10-05,2022_4Q,3
울산 9계 2021-109419,아파트,아파트,아파트,울산,북구,울산 북구 천곡동 1020-21 일지리버 101동 1층 110호,"90,000,000","63,000,000",낙찰,"78,777,770",87.5%,2022-08-30,2022_3Q,3
울산 2계 2021-109501,연립,연립주택,연립·빌라,울산,중구,울산 중구 성안동 871-17 이지빌 4층 401호,"211,000,000","103,390,000",낙찰,"103,500,000",49.1%,2022-11-30,2022_4Q,3
울산 10계 2021-109587,전,전,전,울산,중구,울산 중구 성안동 144,"120,186,000","58,891,000",낙찰,"71,300,000",59.3%,2022-11-03,2022_4Q,3
울산 7계 2021-109679,임야,임야,임야,울산,중구,울산 중구 성안동 산14,"14,718,330","10,303,000",낙찰,"12,000,000",81.5%,2022-10-25,2022_4Q,3
울산 8계 2021-109686,아파트,아파트,아파트,울산,동구,울산 동구 방어동 505 현대비치 101동 14층 1401호,"170,000,000","119,000,000",낙찰,"142,370,000",83.7%,2022-09-27,2022_3Q,3
울산 6계 2021-109976,아파트,아파트,아파트,울산,남구,울산 남구 무거동 1543-1 무거한라3차 2층 204호,"257,000,000","179,900,000",낙찰,"203,999,999",79.4%,2022-10-27,2022_4Q,3
울산 8계 2021-110013,주상복합(주거),기타토지,기타토지,울산,중구,울산 중구 반구동 57-5 이주아트빌 10층 1001호,"215,000,000","150,500,000",낙찰,"175,200,000",81.5%,2022-11-01,2022_4Q,3
울산 10계 2021-110037,다세대,다세대주택,다세대,울산,북구,"울산 북구 호계동 620-1 ,621-2 동영빌라 1층 102호","138,000,000","47,334,000",낙찰,"65,880,000",47.7%,2022-08-25,2022_3Q,3
울산 8계 2021-110082,다세대,다세대주택,다세대,울산,남구,울산 남구 달동 634-30 동인아트빌5차 4층 301호,"153,000,000","107,100,000",낙찰,"122,200,000",79.9%,2022-11-01,2022_4Q,3
울산 9계 2021-110501,단독주택,단독,단독주택,울산,북구,울산 북구 창평동 448 나동호,"38,067,450","26,647,000",낙찰,"29,132,500",76.5%,2022-10-05,2022_4Q,3
울산 8계 2021-110549,오피스텔,오피스텔,오피스텔(업무용),울산,중구,울산 중구 성안동 798-7 청정위너스빌 101동 2층 202호,"189,000,000","132,300,000",낙찰,"132,300,000",70.0%,2022-09-27,2022_3Q,3
울산 10계 2021-110846,아파트,아파트,아파트,울산,중구,울산 중구 태화동 412-2 진영동부 103동 18층 1803호,"296,000,000","207,200,000",낙찰,"223,999,999",75.7%,2022-09-29,2022_3Q,3
울산 6계 2021-110914,다세대,다세대주택,다세대,울산,동구,울산 동구 방어동 1014-3 성두하이츠빌라 2동 2층 202호,"112,000,000","78,400,000",낙찰,"78,911,111",70.5%,2022-10-27,2022_4Q,3
울산 7계 2021-111016,아파트,아파트,아파트,울산,북구,울산 북구 매곡동 864 월드메르디앙월드시티 111동 9층 902호,"376,000,000","263,200,000",낙찰,"312,000,000",83.0%,2022-10-25,2022_4Q,3
울산 7계 2021-111061,아파트,아파트,아파트,울산,울주군,울산 울주군 범서읍 천상리 600 천상그린코아 101동 19층 1902호,"120,000,000","84,000,000",낙찰,"90,750,000",75.6%,2022-10-25,2022_4Q,3
울산 7계 2021-111252,다세대,다세대주택,다세대,울산,동구,울산 동구 방어동 974-5 수정아트빌 B동 1층 102호,"115,000,000","56,350,000",낙찰,"75,000,000",65.2%,2022-11-29,2022_4Q,3
울산 10계 2021-111450(1),전,전,전,울산,울주군,울산 울주군 청량읍 개곡리 203,"13,168,750","6,453,000",낙찰,"8,820,000",67.0%,2022-12-08,2022_4Q,3
울산 10계 2021-111450(3),전,전,전,울산,울주군,울산 울주군 청량읍 개곡리 199,"14,727,000","10,309,000",낙찰,"11,010,000",74.8%,2022-11-03,2022_4Q,3
울산 10계 2021-111450(4),전,전,전,울산,울주군,울산 울주군 청량읍 개곡리 205-4,"2,107,000","1,033,000",낙찰,"1,444,444",68.6%,2022-12-08,2022_4Q,3
울산 2계 2021-111528,아파트,아파트,아파트,울산,남구,울산 남구 신정동 1316-22 세로본 5층 606호,"136,000,000","95,200,000",낙찰,"111,989,000",82.3%,2022-11-30,2022_4Q,3
울산 3계 2021-111535,다세대,다세대주택,다세대,울산,중구,울산 중구 남외동 71-3 보람빌라 4동 2층 421호,"110,000,000","77,000,000",낙찰,"100,590,000",91.4%,2022-12-28,2022_4Q,3
울산 4계 2021-111610,아파트,아파트,아파트,울산,동구,울산 동구 전하동 303-23 지태빌 2층 201호,"290,000,000","99,470,000",낙찰,"152,500,000",52.6%,2022-11-17,2022_4Q,3
울산 9계 2021-111795(2),다세대,다세대주택,다세대,울산,울주군,울산 울주군 삼남읍 교동리 1575-12 굿파크빌 1동 2층 202호,"137,000,000","95,900,000",낙찰,"96,100,200",70.1%,2022-11-08,2022_4Q,3
울산 5계 2021-111818,대지,나대지,나대지,울산,중구,울산 중구 반구동 444-22,"41,892,030","41,892,030",낙찰,"47,500,000",113.4%,2022-11-15,2022_4Q,3
울산 7계 2021-111832,단독주택,단독,단독주택,울산,중구,울산 중구 교동 278-11,"723,569,400","506,499,000",낙찰,"612,200,000",84.6%,2022-10-25,2022_4Q,3
울산 9계 2021-111856,차량,기타토지,기타토지,울산,남구,울산 남구 두왕동 453-7 내 보관,"17,000,000","11,900,000",낙찰,"15,300,000",90.0%,2022-07-26,2022_3Q,3
울산 2계 2021-111863,다세대,다세대주택,다세대,울산,중구,울산 중구 성안동 505-3 성안빌라 B동 3층 301호,"113,000,000","79,100,000",낙찰,"80,989,000",71.7%,2022-09-21,2022_3Q,3
울산 7계 2021-111894(4),아파트,아파트,아파트,울산,동구,울산 동구 서부동 493-2 남목우주 5동 2층 201호,"58,000,000","40,600,000",낙찰,"50,190,000",86.5%,2022-11-29,2022_4Q,3
울산 2계 2021-111931,아파트,아파트,아파트,울산,남구,울산 남구 달동 119-1 주공 203동 2층 212호,"174,000,000","121,800,000",낙찰,"139,217,400",80.0%,2022-11-30,2022_4Q,3
울산 10계 2021-112088,아파트,아파트,아파트,울산,중구,"울산 중구 복산동 597-1 ,618-16 평창 101동 3층 303호","169,000,000","118,300,000",낙찰,"142,000,000",84.0%,2022-12-08,2022_4Q,3
울산 4계 2021-112224,아파트,아파트,아파트,울산,동구,"울산 동구 동부동 150 ,150-1,218-1,592-20 현대패밀리동부 102동 2층 205호","104,000,000","72,800,000",낙찰,"88,010,000",84.6%,2022-11-17,2022_4Q,3
울산 6계 2021-112361,아파트,아파트,아파트,울산,동구,"울산 동구 전하동 660-2 ,660-4 울산전하푸르지오 201동 3층 301호","377,000,000","184,730,000",낙찰,"241,080,000",63.9%,2022-11-24,2022_4Q,3
울산 10계 2021-112392,아파트,아파트,아파트,울산,동구,울산 동구 동부동 421 벽산유토피아 102동 2층 213호,"137,000,000","95,900,000",낙찰,"111,900,000",81.7%,2022-12-08,2022_4Q,3
울산 7계 2021-112408,아파트,아파트,아파트,울산,북구,울산 북구 천곡동 418 삼성코아루 118동 2층 205호,"226,000,000","158,200,000",낙찰,"191,111,000",84.6%,2022-10-25,2022_4Q,3
울산 4계 2021-112453,차량,기타토지,기타토지,울산,울주군,울산 울주군 언양읍 반천리 534 내 보관,"8,000,000","5,600,000",낙찰,"6,660,000",83.3%,2022-08-04,2022_3Q,3
울산 4계 2021-112521,아파트,아파트,아파트,울산,동구,울산 동구 동부동 672 남목현대 102동 12층 1206호,"90,000,000","63,000,000",낙찰,"79,200,900",88.0%,2022-11-17,2022_4Q,3
울산 4계 2021-112613,아파트,아파트,아파트,울산,북구,"울산 북구 중산동 621 ,617,622-3,622-4,1200-26,1200-27 현대글로리아 101동 17층 1708호","111,000,000","77,700,000",낙찰,"79,289,000",71.4%,2022-12-22,2022_4Q,3
울산 10계 2021-112743,아파트,아파트,아파트,울산,동구,울산 동구 화정동 851-3 현대 704동 15층 1508호,"204,000,000","142,800,000",낙찰,"145,990,000",71.6%,2022-12-08,2022_4Q,3
울산 6계 2021-112750,아파트,아파트,아파트,울산,북구,울산 북구 중산동 622 현대 202동 9층 913호,"120,000,000","84,000,000",낙찰,"105,410,000",87.8%,2022-11-24,2022_4Q,3
울산 8계 2021-112842,차량,기타토지,기타토지,울산,울주군,울산 울주군 언양읍 반천리 534 복산주차장내 보관,"17,000,000","11,900,000",낙찰,"13,566,000",79.8%,2022-07-19,2022_3Q,3
울산 6계 2021-112903,아파트,아파트,아파트,울산,동구,"울산 동구 방어동 971-1 ,972 삼전아이필2차 101동 9층 907호","159,000,000","111,300,000",낙찰,"111,350,000",70.0%,2022-10-27,2022_4Q,3
울산 8계 2021-112910,차량,기타토지,기타토지,울산,남구,울산 남구 두왕동 453-7 현대주차장내 보관,"13,500,000","9,450,000",낙찰,"11,499,990",85.2%,2022-07-19,2022_3Q,3
울산 9계 2021-112927,아파트,아파트,아파트,울산,울주군,"울산 울주군 삼남읍 교동리 1678 ,1679 영남알프스타운 109동 5층 505호","88,000,000","61,600,000",낙찰,"78,588,000",89.3%,2022-11-08,2022_4Q,3
울산 9계 2021-113012,아파트,아파트,아파트,울산,북구,울산 북구 명촌동 790-1 평창리비에르2차 220동 2층 204호,"280,000,000","137,200,000",낙찰,"201,483,000",72.0%,2022-12-13,2022_4Q,3
울산 6계 2021-113081,창고,기타건물,창고,울산,울주군,"울산 울주군 상북면 등억알프스리 14-6 ,14-16","181,394,180","126,976,000",낙찰,"143,500,000",79.1%,2022-12-21,2022_4Q,3
울산 7계 2021-113098,아파트,아파트,아파트,울산,북구,울산 북구 중산동 622 현대 201동 1층 106호,"72,000,000","50,400,000",낙찰,"57,300,000",79.6%,2022-11-29,2022_4Q,3
울산 6계 2022-21,아파트,아파트,아파트,울산,중구,"울산 중구 반구동 290-3 ,290-2,297-4,292 현대그랜드맨션 101동 7층 705호","128,000,000","89,600,000",낙찰,"107,399,990",83.9%,2022-11-24,2022_4Q,3
울산 6계 2022-182,아파트,아파트,아파트,울산,울주군,울산 울주군 온산읍 덕신리 1329-2 온산동원 105동 1층 101호,"162,000,000","113,400,000",낙찰,"120,777,000",74.6%,2022-11-24,2022_4Q,3
울산 9계 2022-205,아파트,아파트,아파트,울산,북구,울산 북구 달천동 887 달천아이파크2차 301동 18층 1806호,"365,000,000","255,500,000",낙찰,"310,827,000",85.2%,2022-12-13,2022_4Q,3
울산 10계 2022-472,아파트,아파트,아파트,울산,울주군,울산 울주군 웅촌면 대복리 302 한솔그린빌 708동 20층 2006호,"71,000,000","49,700,000",낙찰,"49,700,000",70.0%,2022-11-03,2022_4Q,3
울산 9계 2022-779(2),임야,임야,임야,울산,북구,울산 북구 신현동 산41-2,"46,080,000","32,256,000",낙찰,"33,333,000",72.3%,2022-12-13,2022_4Q,3
울산 2계 2022-1055,차량,기타토지,기타토지,울산,울주군,울산 울주군 언양읍 반천리 534 복산주차장(제3자이성학)내 보관,"20,000,000","9,800,000",낙찰,"9,850,000",49.3%,2022-09-21,2022_3Q,3
울산 2계 2022-1178,차량,기타토지,기타토지,울산,남구,울산 남구 두왕동 453-7 현대주차장내(제3자손영숙)내 보관,"13,000,000","13,000,000",낙찰,"14,611,000",112.4%,2022-07-13,2022_3Q,3
울산 4계 2022-1185,차량,기타토지,기타토지,울산,울주군,울산 울주군 청량읍 덕하리 414-3 백양주차장내 보관,"45,000,000","31,500,000",낙찰,"35,000,000",77.8%,2022-12-22,2022_4Q,3
울산 7계 2022-1390,차량,기타토지,기타토지,울산,울주군,울산 울주군 청량읍 덕하리 414-3 백양주차장(이길연)내 보관,"18,000,000","8,820,000",낙찰,"11,060,000",61.4%,2022-09-28,2022_3Q,3
울산 6계 2022-1451,오피스텔(주거),오피스텔,오피스텔(업무용),울산,남구,"울산 남구 신정동 4-8 ,347-16,347-17 태화강리버테라스 20층 2005호","103,000,000","72,100,000",낙찰,"72,110,000",70.0%,2022-11-24,2022_4Q,3
울산 10계 2022-1529,아파트,아파트,아파트,울산,남구,울산 남구 선암동 537-1 삼익세라믹 1동 11층 1103호,"202,000,000","141,400,000",낙찰,"179,500,000",88.9%,2022-11-03,2022_4Q,3
울산 8계 2022-1574,차량,기타토지,기타토지,울산,남구,울산 남구 두왕동 453-7 현대주차장내 보관,"6,000,000","2,058,000",낙찰,"2,950,000",49.2%,2022-11-01,2022_4Q,3
울산 10계 2022-2829,아파트,아파트,아파트,울산,울주군,울산 울주군 언양읍 동부리 498 신울산경남아너스빌 104동 11층 1102호,"324,000,000","226,800,000",낙찰,"252,050,000",77.8%,2022-12-08,2022_4Q,3
울산 4계 2022-2881,차량,기타토지,기타토지,울산,울주군,울산 울주군 언양읍 반천리 534 복산주차장내 보관,"11,500,000","11,500,000",낙찰,"12,050,000",104.8%,2022-11-17,2022_4Q,3
울산 6계 2022-3310,차량,기타토지,기타토지,울산,울주군,울산 울주군 언양읍 반천리 534 복산주차장내 보관,"9,000,000","4,410,000",낙찰,"4,890,000",54.3%,2022-12-21,2022_4Q,3
울산 2계 2022-100044,차량,기타토지,기타토지,울산,남구,울산 남구 삼산동 1622-1 내 보관(제3자 김종한 보관),"8,000,000","5,600,000",낙찰,"5,700,000",71.3%,2022-07-13,2022_3Q,3
울산 5계 2022-100358,차량,기타토지,기타토지,울산,울주군,울산 울주군 청량읍 덕하리 414-3 내 보관,"75,000,000","52,500,000",낙찰,"66,800,000",89.1%,2022-11-15,2022_4Q,3
울산 5계 2022-100457,차량,기타토지,기타토지,울산,울주군,울산 울주군 언양읍 반천리 534 복산주차장내 보관,"17,000,000","11,900,000",낙찰,"12,100,000",71.2%,2022-11-15,2022_4Q,3
울산 7계 2022-101184,차량,기타토지,기타토지,울산,울주군,울산 울주군 언양읍 반천리 534 복산주차장내 보관,"12,000,000","12,000,000",낙찰,"13,260,000",110.5%,2022-08-24,2022_3Q,3
울산 8계 2022-101269,차량,기타토지,기타토지,울산,울주군,울산 울주군 청량읍 덕하리 414-3 백양주차장내 보관,"33,000,000","23,100,000",낙찰,"28,000,000",84.8%,2022-07-19,2022_3Q,3
울산 10계 2022-101283,차량,기타토지,기타토지,울산,남구,울산 남구 삼산동 1622-1 농수산물유통센터주차장내 보관,"17,000,000","17,000,000",낙찰,"17,030,000",100.2%,2022-07-21,2022_3Q,3
울산 7계 2022-101320,차량,기타토지,기타토지,울산,남구,울산 남구 삼산동 1622-1 농수산물유통센터주차장(김종찬)내 보관,"9,600,000","6,720,000",낙찰,"8,180,000",85.2%,2022-07-14,2022_3Q,3
울산 10계 2022-101351,아파트,아파트,아파트,울산,남구,울산 남구 상개동 152-6 상개목화 101동 10층 B1006호,"95,000,000","95,000,000",낙찰,"95,256,900",100.3%,2022-09-29,2022_3Q,3
울산 6계 2022-101504,차량,기타토지,기타토지,울산,울주군,울산 울주군 언양읍 반천리 534 이성학(010-3852-4467)에게보관,"11,500,000","8,050,000",낙찰,"10,153,000",88.3%,2022-08-18,2022_3Q,3
울산 6계 2022-101573,아파트,아파트,아파트,울산,남구,울산 남구 삼산동 1547 평창2차현대 502동 10층 1002호,"258,000,000","126,420,000",낙찰,"205,381,000",79.6%,2022-12-21,2022_4Q,3
울산 10계 2022-102279,중기,기타토지,기타토지,울산,남구,울산 남구 두왕동 453-7 현대주차장내 보관,"150,000,000","105,000,000",낙찰,"145,234,560",96.8%,2022-11-03,2022_4Q,3
울산 1계 2022-102361,차량,기타토지,기타토지,울산,남구,울산 남구 두왕동 453-7 현대주차장내 보관(제3자 손영숙 보관),"6,000,000","4,200,000",낙찰,"4,820,000",80.3%,2022-11-22,2022_4Q,3
울산 10계 2022-103227,차량,기타토지,기타토지,울산,남구,울산 남구 두왕동 453-7 현대주차장내 보관,"14,000,000","14,000,000",낙찰,"15,410,000",110.1%,2022-07-21,2022_3Q,3
울산 10계 2022-103463(7),도로,기타토지,기타토지,울산,중구,울산 중구 옥교동 318-15,"24,192,000","24,192,000",낙찰,"28,990,000",119.8%,2022-09-29,2022_3Q,3
울산 10계 2022-103463(8),단독주택,단독,단독주택,울산,중구,울산 중구 옥교동 311-4,"13,300,420","13,300,420",낙찰,"13,500,000",101.5%,2022-09-29,2022_3Q,3
울산 5계 2022-103647,차량,기타토지,기타토지,울산,울주군,울산 울주군 청량읍 덕하리 414 백양주차장내 보관,"12,000,000","8,400,000",낙찰,"9,100,000",75.8%,2022-08-11,2022_3Q,3
울산 7계 2022-103814,차량,기타토지,기타토지,울산,울주군,울산 울주군 언양읍 반천리 534 복산주차장내(제3자이성학) 보관,"10,000,000","7,000,000",낙찰,"8,440,000",84.4%,2022-09-28,2022_3Q,3
울산 6계 2022-104008,차량,기타토지,기타토지,울산,울주군,"울산 울주군 언양읍 반천리 534 복산주차장(제3자이성학,010-3852-4467)내 보관","5,000,000","3,500,000",낙찰,"3,700,000",74.0%,2022-10-27,2022_4Q,3
울산 1계 2022-104435,차량,기타토지,기타토지,울산,울주군,울산 울주군 언양읍 반천리 534 복산주차장내 보관(제3자 이성학 보관),"3,200,000","3,200,000",낙찰,"3,222,000",100.7%,2022-12-27,2022_4Q,3
울산 6계 2022-104473,차량,기타토지,기타토지,울산,울주군,울산 울주군 청량읍 덕하리 414-3 백양주차장(제3자이길연)내 보관,"6,500,000","3,185,000",낙찰,"4,218,500",64.9%,2022-11-24,2022_4Q,3
울산 5계 2022-105285,차량,기타토지,기타토지,울산,울주군,울산 울주군 언양읍 반천리 534 복산주차장내 보관,"20,000,000","14,000,000",낙찰,"20,220,000",101.1%,2022-11-15,2022_4Q,3
울산 2계 2022-105407,차량,기타토지,기타토지,울산,남구,울산 남구 두왕동 453-7 현대주차장내 보관(제3자 손영숙에게 보관),"34,000,000","23,800,000",낙찰,"29,079,000",85.5%,2022-11-30,2022_4Q,3
울산 7계 2022-105438,차량,기타토지,기타토지,울산,울주군,울산 울주군 청량읍 덕하리 414-3 백양주차장(제3자이길연)내 보관,"10,000,000","7,000,000",낙찰,"9,378,000",93.8%,2022-10-25,2022_4Q,3
울산 8계 2022-106493,차량,기타토지,기타토지,울산,울주군,울산 울주군 청량읍 덕하리 414-3 백양주차장내 보관,"19,000,000","13,300,000",낙찰,"15,777,009",83.0%,2022-12-06,2022_4Q,3
울산 6계 2018-6886,아파트,아파트,아파트,울산,울주군,울산 울주군 삼남읍 교동리 1522-5 태봉파크 102동 9층 901호,"100,000,000","49,000,000",낙찰,"63,100,000",63.1%,2023-03-07,2023_1Q,3
울산 9계 2018-9151,근린주택,근린주택,근린주택,울산,동구,울산 동구 방어동 121-7 A동호,"1,096,621,000","537,345,000",낙찰,"555,555,555",50.7%,2023-03-28,2023_1Q,3
울산 6계 2019-717,근린상가,근린상가,근린상가,울산,중구,울산 중구 반구동 693,"542,757,000","265,951,000",낙찰,"295,500,000",54.4%,2023-03-07,2023_1Q,3
울산 5계 2019-7596,아파트,아파트,아파트,울산,울주군,울산 울주군 범서읍 천상리 299-1 천상동아 102동 25층 2503호,"200,000,000","140,000,000",낙찰,"153,100,000",76.5%,2023-06-14,2023_2Q,3
울산 1계 2019-10738,주상복합(주거),기타토지,기타토지,울산,남구,울산 남구 매암동 1421 한양아이클래스 10층 1108호,"170,000,000","83,300,000",낙찰,"136,500,000",80.3%,2023-02-01,2023_1Q,3
울산 10계 2019-13119(2),다세대,다세대주택,다세대,울산,중구,울산 중구 성안동 867-3 로얄팰리스 104동 2층 202호,"200,000,000","48,020,000",낙찰,"49,000,000",24.5%,2023-03-23,2023_1Q,3
울산 10계 2019-13119(4),다세대,다세대주택,다세대,울산,중구,울산 중구 성안동 867-3 로얄팰리스 104동 3층 302호,"204,000,000","69,972,000",낙찰,"85,500,000",41.9%,2023-01-12,2023_1Q,3
울산 10계 2019-13119(1),다세대,다세대주택,다세대,울산,중구,울산 중구 성안동 867-3 로얄팰리스 104동 2층 201호,"200,000,000","48,020,000",낙찰,"51,770,000",25.9%,2023-04-27,2023_2Q,3
울산 10계 2019-13119(6),다세대,다세대주택,다세대,울산,중구,울산 중구 성안동 867-3 로얄팰리스 104동 4층 402호,"204,000,000","48,980,000",낙찰,"61,550,000",30.2%,2023-04-27,2023_2Q,3
울산 10계 2019-13119(8),다세대,다세대주택,다세대,울산,중구,울산 중구 성안동 867-3 로얄팰리스 104동 5층 502호,"204,000,000","48,980,000",낙찰,"61,500,000",30.1%,2023-04-27,2023_2Q,3
울산 9계 2019-13614,아파트,아파트,아파트,울산,북구,울산 북구 염포동 326 외25 염포성원상떼빌 115동 10층 1001호,"216,000,000","151,200,000",낙찰,"212,200,000",98.2%,2023-01-17,2023_1Q,3
울산 7계 2019-14341(1),단독주택,단독,단독주택,울산,울주군,울산 울주군 언양읍 다개리 519-3,"51,233,820","25,105,000",낙찰,"25,678,980",50.1%,2023-02-23,2023_1Q,3
울산 7계 2019-14341(2),단독주택,단독,단독주택,울산,울주군,울산 울주군 언양읍 다개리 519-8,"51,894,700","12,460,000",낙찰,"17,999,000",34.7%,2023-05-11,2023_2Q,3
울산 7계 2019-14341(3),단독주택,단독,단독주택,울산,울주군,울산 울주군 언양읍 다개리 519-19,"48,270,640","23,652,000",낙찰,"23,800,000",49.3%,2023-02-23,2023_1Q,3
울산 7계 2019-14341(4),단독주택,단독,단독주택,울산,울주군,울산 울주군 언양읍 다개리 519-20,"48,270,640","16,556,000",낙찰,"16,600,000",34.4%,2023-03-30,2023_1Q,3
울산 7계 2019-14341(5),단독주택,단독,단독주택,울산,울주군,울산 울주군 언양읍 다개리 519-21,"40,227,880","9,659,000",낙찰,"12,800,000",31.8%,2023-05-11,2023_2Q,3
울산 7계 2019-14341(6),단독주택,단독,단독주택,울산,울주군,울산 울주군 언양읍 다개리 519-24,"48,647,060","23,837,000",낙찰,"23,841,000",49.0%,2023-02-23,2023_1Q,3
울산 7계 2019-14341(7),단독주택,단독,단독주택,울산,울주군,울산 울주군 언양읍 다개리 519-25,"76,386,970","12,839,000",낙찰,"17,899,990",23.4%,2023-06-15,2023_2Q,3
울산 4계 2020-6599,아파트,아파트,아파트,울산,북구,울산 북구 매곡동 865 월드메르디앙 월드시티 209동 35층 3502호,"389,000,000","389,000,000",낙찰,"389,000,000",100.0%,2023-03-09,2023_1Q,3
울산 7계 2020-7097,대지,나대지,나대지,울산,울주군,울산 울주군 언양읍 서부리 61,"342,461,000","167,806,000",낙찰,"168,100,000",49.1%,2023-02-23,2023_1Q,3
울산 4계 2020-7981,아파트,아파트,아파트,울산,동구,"울산 동구 서부동 257-30 ,269-7 현대패밀리서부2차 209동 7층 706호","240,000,000","168,000,000",낙찰,"171,300,000",71.4%,2023-03-09,2023_1Q,3
울산 9계 2020-8984,아파트,아파트,아파트,울산,울주군,울산 울주군 언양읍 동부리 360-1 언양동부주공 101동 1층 101호,"104,000,000","72,800,000",낙찰,"98,777,000",95.0%,2023-02-21,2023_1Q,3
울산 4계 2020-9857(1),답,답,답,울산,북구,울산 북구 산하동 487-2,"1,756,347,000","860,610,000",낙찰,"1,121,100,000",63.8%,2023-03-09,2023_1Q,3
울산 1계 2020-10321(2),임야,임야,임야,울산,울주군,울산 울주군 두서면 전읍리 산76-11,"20,491,000","1,182,000",낙찰,"2,522,000",12.3%,2023-04-11,2023_2Q,3
울산 1계 2020-12679(1),오피스텔(주거),오피스텔,오피스텔(업무용),울산,북구,울산 북구 산하동 33-1 5층 501A호,"104,000,000","35,672,000",낙찰,"45,210,000",43.5%,2023-02-01,2023_1Q,3
울산 1계 2020-12679(2),오피스텔(주거),오피스텔,오피스텔(업무용),울산,북구,울산 북구 산하동 33-1 4층 401A호,"104,000,000","35,672,000",낙찰,"43,000,000",41.3%,2023-02-01,2023_1Q,3
울산 1계 2020-12679(3),오피스텔(주거),오피스텔,오피스텔(업무용),울산,북구,울산 북구 산하동 33-1 4층 403B호,"106,000,000","36,358,000",낙찰,"55,000,000",51.9%,2023-05-16,2023_2Q,3
울산 1계 2020-12679(4),오피스텔(주거),오피스텔,오피스텔(업무용),울산,북구,울산 북구 산하동 33-1 4층 404C호,"104,000,000","35,672,000",낙찰,"41,500,000",39.9%,2023-05-16,2023_2Q,3
울산 1계 2020-12679(5),오피스텔(주거),오피스텔,오피스텔(업무용),울산,북구,울산 북구 산하동 33-1 4층 402B호,"106,000,000","36,358,000",낙찰,"55,100,000",52.0%,2023-05-16,2023_2Q,3
울산 1계 2020-15098,전,전,전,울산,울주군,울산 울주군 언양읍 반천리 561-9,"13,467,000","6,599,000",낙찰,"7,200,000",53.5%,2023-03-08,2023_1Q,3
울산 3계 2020-15296(1),임야,임야,임야,울산,울주군,울산 울주군 삼남읍 교동리 산142-15,"332,559,000","79,848,000",낙찰,"117,777,770",35.4%,2023-05-10,2023_2Q,3
울산 3계 2020-15296(2),임야,임야,임야,울산,울주군,울산 울주군 상북면 소호리 산171-10,"763,053,000","128,246,000",낙찰,"136,900,000",17.9%,2023-06-07,2023_2Q,3
울산 3계 2020-15296(3),전,전,전,울산,울주군,울산 울주군 상북면 소호리 994,"76,752,000","37,608,000",낙찰,"60,500,000",78.8%,2023-03-02,2023_1Q,3
울산 3계 2020-15296(4),근린상가,근린상가,근린상가,울산,북구,"울산 북구 산하동 971-7 ,971-8 강동산하아이스퀘어 3층 305호","326,000,000","159,740,000",낙찰,"195,600,000",60.0%,2023-03-02,2023_1Q,3
울산 3계 2020-15296(5),근린상가,근린상가,근린상가,울산,북구,"울산 북구 산하동 971-7 ,971-8 강동산하아이스퀘어 3층 306호","186,000,000","91,140,000",낙찰,"111,600,000",60.0%,2023-03-02,2023_1Q,3
울산 3계 2020-15296(6),근린상가,근린상가,근린상가,울산,북구,"울산 북구 산하동 971-7 ,971-8 강동산하아이스퀘어 4층 401호","456,000,000","156,408,000",낙찰,"192,110,000",42.1%,2023-04-06,2023_2Q,3
울산 3계 2020-15296(7),임야,임야,임야,울산,울주군,울산 울주군 삼남읍 교동리 산142-24,"124,300,000","20,892,000",낙찰,"26,330,000",21.2%,2023-06-07,2023_2Q,3
울산 3계 2020-15296(8),답,답,답,울산,울주군,울산 울주군 상북면 소호리 996,"51,799,000","25,381,000",낙찰,"44,500,000",85.9%,2023-03-02,2023_1Q,3
울산 3계 2020-15296(9),전,전,전,울산,울주군,울산 울주군 상북면 소호리 1013,"16,660,000","11,662,000",낙찰,"11,880,000",71.3%,2023-01-25,2023_1Q,3
울산 3계 2020-15296(10),임야,임야,임야,울산,울주군,울산 울주군 상북면 소호리 산171-7,"307,736,000","105,554,000",낙찰,"120,000,000",39.0%,2023-04-06,2023_2Q,3
울산 3계 2020-15296(11),답,답,답,울산,울주군,울산 울주군 상북면 소호리 971,"100,567,000","34,495,000",낙찰,"55,000,000",54.7%,2023-04-06,2023_2Q,3
울산 3계 2020-15296(12),답,답,답,울산,울주군,울산 울주군 상북면 소호리 989,"258,696,000","88,733,000",낙찰,"110,000,000",42.5%,2023-04-06,2023_2Q,3
울산 7계 2020-109139(1),답,답,답,울산,북구,울산 북구 산하동 891,"2,357,600","194,000",낙찰,"194,000",8.2%,2023-01-19,2023_1Q,3
울산 6계 2020-110504,아파트,아파트,아파트,울산,울주군,"울산 울주군 온산읍 덕신리 336-1 ,336 무궁화 111동 2층 208호","56,000,000","39,200,000",낙찰,"50,888,000",90.9%,2023-05-18,2023_2Q,3
울산 1계 2020-112678,공장용지,공장(지식산업센터 업무시설),공장,울산,울주군,울산 울주군 두서면 활천리 817-11,"4,412,052,900","2,161,906,000",낙찰,"3,300,000,000",74.8%,2023-03-08,2023_1Q,3
울산 6계 2020-112692,아파트,아파트,아파트,울산,동구,"울산 동구 동부동 150 ,-1,218-1,592-20 현대패밀리동부 112동 13층 1303호","119,000,000","83,300,000",낙찰,"83,500,000",70.2%,2023-05-18,2023_2Q,3
울산 3계 2020-112746,다세대,다세대주택,다세대,울산,울주군,울산 울주군 온산읍 덕신리 278-15 협성빌 2층 201호,"46,000,000","15,778,000",낙찰,"24,000,000",52.2%,2023-01-25,2023_1Q,3
울산 5계 2021-819,임야,임야,임야,울산,울주군,울산 울주군 서생면 위양리 1047-6,"1,218,667,420","418,003,000",낙찰,"432,399,000",35.5%,2023-03-29,2023_1Q,3
울산 5계 2021-1089(1),도로,기타토지,기타토지,울산,북구,울산 북구 신현동 538-1,"9,316,000","1,566,000",낙찰,"1,888,720",20.3%,2023-05-03,2023_2Q,3
울산 5계 2021-1089(4),다세대,다세대주택,다세대,울산,북구,울산 북구 신현동 538 센텀빌 B동 1층 101호,"193,000,000","46,339,000",낙찰,"53,199,000",27.6%,2023-05-03,2023_2Q,3
울산 5계 2021-1089(5),다세대,다세대주택,다세대,울산,북구,울산 북구 신현동 538 센텀빌 B동 3층 302호,"193,000,000","46,339,000",낙찰,"79,100,000",41.0%,2023-06-14,2023_2Q,3
울산 5계 2021-1089(7),다세대,다세대주택,다세대,울산,북구,울산 북구 신현동 538 센텀빌 B동 4층 402호,"193,000,000","46,339,000",낙찰,"68,800,000",35.6%,2023-05-03,2023_2Q,3
울산 5계 2021-1089(8),다세대,다세대주택,다세대,울산,북구,울산 북구 신현동 538 센텀빌 C동 2층 201호,"193,000,000","46,339,000",낙찰,"68,810,000",35.7%,2023-05-03,2023_2Q,3
울산 5계 2021-1089(9),다세대,다세대주택,다세대,울산,북구,울산 북구 신현동 538 센텀빌 C동 2층 202호,"193,000,000","66,199,000",낙찰,"73,480,000",38.1%,2023-03-29,2023_1Q,3
울산 5계 2021-1089(10),다세대,다세대주택,다세대,울산,북구,울산 북구 신현동 538 센텀빌 C동 3층 301호,"193,000,000","46,339,000",낙찰,"51,910,000",26.9%,2023-03-29,2023_1Q,3
울산 5계 2021-1089(12),다세대,다세대주택,다세대,울산,북구,울산 북구 신현동 538 센텀빌 C동 4층 401호,"193,000,000","46,339,000",낙찰,"68,490,000",35.5%,2023-05-03,2023_2Q,3
울산 5계 2021-1089(13),다세대,다세대주택,다세대,울산,북구,울산 북구 신현동 538 센텀빌 C동 4층 402호,"193,000,000","46,339,000",낙찰,"67,989,000",35.2%,2023-05-03,2023_2Q,3
울산 10계 2021-1485,점포,근린상가,점포상가,울산,중구,"울산 중구 서동 231-1 ,231-2","361,337,000","252,936,000",낙찰,"264,000,100",73.1%,2023-04-27,2023_2Q,3
울산 1계 2021-1492,다세대,다세대주택,다세대,울산,중구,울산 중구 남외동 9-1 현대빌라 4층 402호,"79,000,000","6,507,000",낙찰,"7,100,000",9.0%,2023-06-20,2023_2Q,3
울산 7계 2021-1799,대지,나대지,나대지,울산,울주군,울산 울주군 범서읍 천상리 649-7,"363,286,000","254,300,000",낙찰,"303,770,000",83.6%,2023-06-15,2023_2Q,3
울산 9계 2021-2624,전,전,전,울산,울주군,울산 울주군 청량읍 용암리 782,"13,516,000","1,590,000",낙찰,"3,270,000",24.2%,2023-06-13,2023_2Q,3
울산 3계 2021-3078,임야,임야,임야,울산,울주군,울산 울주군 청량읍 율리 산353,"71,234,275","11,973,000",낙찰,"12,110,000",17.0%,2023-03-02,2023_1Q,3
울산 5계 2021-3092,단독주택,단독,단독주택,울산,중구,울산 중구 성안동 476-6,"513,308,260","251,521,000",낙찰,"333,330,000",64.9%,2023-02-28,2023_1Q,3
울산 6계 2021-3726,전,전,전,울산,남구,울산 남구 장생포동 218-5,"188,480,000","45,254,000",낙찰,"61,500,000",32.6%,2023-05-18,2023_2Q,3
울산 10계 2021-3917,임야,임야,임야,울산,울주군,울산 울주군 범서읍 척과리 산103-1,"292,404,000","24,081,000",낙찰,"29,100,000",10.0%,2023-01-12,2023_1Q,3
울산 9계 2021-3931,전,전,전,울산,울주군,울산 울주군 두동면 월평리 315,"20,592,000","2,423,000",낙찰,"3,655,000",17.7%,2023-02-21,2023_1Q,3
울산 8계 2021-4088,아파트,아파트,아파트,울산,남구,울산 남구 신정동 770-15 유씨티 9층 904호,"90,000,000","63,000,000",낙찰,"68,922,000",76.6%,2023-01-10,2023_1Q,3
울산 5계 2021-4538(1),임야,임야,임야,울산,울주군,울산 울주군 두서면 복안리 68-1,"2,170,972,000","521,250,000",낙찰,"635,000,000",29.2%,2023-02-28,2023_1Q,3
울산 5계 2021-4538(2),전,전,전,울산,울주군,울산 울주군 두서면 복안리 76,"86,272,000","14,500,000",낙찰,"26,500,000",30.7%,2023-03-29,2023_1Q,3
울산 3계 2021-4798,단독주택,단독,단독주택,울산,남구,울산 남구 장생포동 328,"71,870,800","24,652,000",낙찰,"30,150,000",42.0%,2023-03-02,2023_1Q,3
울산 5계 2021-5005,도로,기타토지,기타토지,울산,북구,울산 북구 무룡동 466-2,"29,302,000","10,051,000",낙찰,"10,100,000",34.5%,2023-01-31,2023_1Q,3
울산 2계 2021-5364,주상복합(주거),기타토지,기타토지,울산,남구,"울산 남구 신정동 581-1 ,581-7,581-12 근훈스카이빌2차 2층 204호","290,000,000","203,000,000",낙찰,"250,300,000",86.3%,2023-02-15,2023_1Q,3
울산 5계 2021-5555,근린상가,근린상가,근린상가,울산,북구,울산 북구 산하동 971-6 1층 104호,"401,000,000","96,280,000",낙찰,"120,800,000",30.1%,2023-01-31,2023_1Q,3
울산 6계 2021-5920,근린상가,근린상가,근린상가,울산,울주군,울산 울주군 범서읍 사연리 250,"1,252,058,660","429,456,000",낙찰,"615,100,001",49.1%,2023-01-26,2023_1Q,3
울산 10계 2021-5982(2),임야,임야,임야,울산,울주군,울산 울주군 서생면 화정리 산5-5,"260,756,200","62,607,000",낙찰,"69,600,000",26.7%,2023-01-12,2023_1Q,3
울산 10계 2021-5982(3),임야,임야,임야,울산,울주군,울산 울주군 서생면 화정리 산10-1,"280,798,000","96,314,000",낙찰,"97,271,600",34.6%,2023-02-16,2023_1Q,3
울산 2계 2021-6572(15),대지,나대지,나대지,울산,울주군,울산 울주군 두서면 활천리 815-17,"128,436,000","44,054,000",낙찰,"45,000,000",35.0%,2023-02-15,2023_1Q,3
울산 4계 2021-6718(1),대지,나대지,나대지,울산,동구,울산 동구 일산동 940-2,"301,947,800","72,498,000",낙찰,"117,620,415",39.0%,2023-05-17,2023_2Q,3
울산 4계 2021-6718(2),대지,나대지,나대지,울산,동구,울산 동구 일산동 942-3,"630,041,000","308,720,000",낙찰,"389,999,999",61.9%,2023-02-02,2023_1Q,3
울산 4계 2021-6718(3),대지,나대지,나대지,울산,동구,울산 동구 일산동 967-4,"807,297,700","276,903,000",낙찰,"405,887,000",50.3%,2023-03-09,2023_1Q,3
울산 4계 2021-6718(4),대지,나대지,나대지,울산,동구,울산 동구 일산동 967-9,"612,780,300","210,183,000",낙찰,"316,600,000",51.7%,2023-03-09,2023_1Q,3
울산 4계 2021-6725(1),대지,나대지,나대지,울산,동구,울산 동구 일산동 946-7,"2,611,224,000","1,279,500,000",낙찰,"1,718,265,000",65.8%,2023-02-02,2023_1Q,3
울산 4계 2021-6725(3),대지,나대지,나대지,울산,동구,울산 동구 일산동 950-2,"1,237,005,000","606,133,000",낙찰,"814,265,000",65.8%,2023-02-02,2023_1Q,3
울산 4계 2021-6725(4),대지,나대지,나대지,울산,동구,울산 동구 일산동 976-3,"1,758,735,000","861,781,000",낙찰,"1,003,835,900",57.1%,2023-02-02,2023_1Q,3
울산 4계 2021-6725(5),대지,나대지,나대지,울산,동구,울산 동구 일산동 978-2,"2,100,120,000","720,341,000",낙찰,"1,077,777,770",51.3%,2023-03-09,2023_1Q,3
울산 4계 2021-6725(6),대지,나대지,나대지,울산,동구,울산 동구 일산동 978-4,"4,451,205,000","1,526,764,000",낙찰,"1,972,800,000",44.3%,2023-03-09,2023_1Q,3
울산 5계 2021-6763,답,답,답,울산,울주군,울산 울주군 범서읍 척과리 317-2,"675,540,000","231,711,000",낙찰,"305,660,000",45.2%,2023-01-31,2023_1Q,3
울산 8계 2021-6824,전,전,전,울산,울주군,울산 울주군 삼남읍 방기리 371,"711,888,000","348,825,000",낙찰,"378,210,000",53.1%,2023-06-08,2023_2Q,3
울산 1계 2021-6848,단독주택,단독,단독주택,울산,울주군,울산 울주군 삼남읍 교동리 1634-7,"1,362,155,720","667,456,000",낙찰,"821,000,000",60.3%,2023-02-01,2023_1Q,3
울산 3계 2021-6893,임야,임야,임야,울산,울주군,울산 울주군 삼남읍 신화리 산53-3,"80,184,000","27,503,000",낙찰,"41,000,000",51.1%,2023-03-02,2023_1Q,3
울산 3계 2021-6961(1),전,전,전,울산,울주군,울산 울주군 언양읍 반송리 659,"5,695,360","1,954,000",낙찰,"2,200,000",38.6%,2023-03-02,2023_1Q,3
울산 3계 2021-6961(2),전,전,전,울산,울주군,울산 울주군 언양읍 반송리 685,"5,251,050","1,801,000",낙찰,"2,000,000",38.1%,2023-03-02,2023_1Q,3
울산 3계 2021-6961(3),전,전,전,울산,울주군,울산 울주군 언양읍 반송리 686,"16,168,950","5,546,000",낙찰,"6,000,000",37.1%,2023-03-02,2023_1Q,3
울산 3계 2021-6961(4),임야,임야,임야,울산,울주군,울산 울주군 언양읍 반송리 산92-12,"32,995,400","11,318,000",낙찰,"12,000,000",36.4%,2023-03-02,2023_1Q,3
울산 6계 2021-7339,선박,기타토지,기타토지,울산,남구,울산 남구 장생포동 장생포항부두내(울산수산업협동조합) 보관,"358,316,000","14,459,000",낙찰,"15,620,300",4.4%,2023-03-07,2023_1Q,3
울산 1계 2021-7391,전,전,전,울산,울주군,울산 울주군 상북면 산전리 821,"673,552,000","330,040,000",낙찰,"419,880,000",62.3%,2023-05-16,2023_2Q,3
울산 5계 2021-7513(2),근린상가,근린상가,근린상가,울산,동구,"울산 동구 방어동 281-1 ,283-11 우성현대상가 2층 103호","135,000,000","66,150,000",낙찰,"71,618,000",53.1%,2023-02-28,2023_1Q,3
울산 6계 2021-7520,다가구,다가구,다가구,울산,중구,울산 중구 반구동 440-1,"601,011,880","294,496,000",낙찰,"336,160,000",55.9%,2023-06-22,2023_2Q,3
울산 6계 2021-7629,아파트,아파트,아파트,울산,남구,울산 남구 삼산동 1461-3 현대 106동 9층 906호,"548,000,000","383,600,000",낙찰,"420,600,000",76.8%,2023-05-18,2023_2Q,3
울산 1계 2021-7674,전,전,전,울산,울주군,울산 울주군 언양읍 반천리 784,"42,924,700","30,047,000",낙찰,"35,000,000",81.5%,2023-02-01,2023_1Q,3
울산 1계 2021-7896,다세대,다세대주택,다세대,울산,남구,울산 남구 무거동 1246-5 태일빌라 3층 302호,"94,000,000","46,060,000",낙찰,"53,999,990",57.4%,2023-02-01,2023_1Q,3
울산 7계 2021-7926,단독주택,단독,단독주택,울산,울주군,울산 울주군 서생면 용리 3-4,"521,193,100","364,835,000",낙찰,"388,880,000",74.6%,2023-01-19,2023_1Q,3
울산 9계 2021-8080,아파트,아파트,아파트,울산,울주군,울산 울주군 웅촌면 대복리 302 한솔그린빌 702동 1층 107호,"51,000,000","12,245,000",낙찰,"15,345,000",30.1%,2023-01-17,2023_1Q,3
울산 10계 2021-8097,전,전,전,울산,울주군,울산 울주군 두서면 복안리 519,"228,262,000","78,294,000",낙찰,"78,300,000",34.3%,2023-02-16,2023_1Q,3
울산 1계 2021-8103,목장용지,기타토지,목장용지,울산,울주군,울산 울주군 삼동면 조일리 15-15,"1,175,518,500","822,863,000",낙찰,"1,101,000,000",93.7%,2023-05-16,2023_2Q,3
울산 9계 2021-8196,아파트,아파트,아파트,울산,북구,울산 북구 명촌동 790-1 평창리비에르2차 209동 18층 1801호,"312,000,000","218,400,000",낙찰,"268,334,000",86.0%,2023-03-28,2023_1Q,3
울산 3계 2021-8233,연립,연립주택,연립·빌라,울산,동구,울산 동구 서부동 385-7 동남그린하이츠빌라 1동 4층 402호,"328,000,000","160,720,000",낙찰,"210,990,000",64.3%,2023-03-02,2023_1Q,3
울산 7계 2021-8363,아파트,아파트,아파트,울산,중구,울산 중구 우정동 369-1 선경2차 215동 8층 805호,"327,000,000","160,230,000",낙찰,"221,398,000",67.7%,2023-01-19,2023_1Q,3
울산 4계 2021-8448,단독주택,단독,단독주택,울산,울주군,울산 울주군 두서면 내와리 223,"136,384,700","46,780,000",낙찰,"55,230,000",40.5%,2023-06-21,2023_2Q,3
울산 5계 2021-8530,점포,근린상가,점포상가,울산,울주군,울산 울주군 언양읍 직동리 445-8 1동,"1,043,000,000","730,100,000",낙찰,"900,210,000",86.3%,2023-01-31,2023_1Q,3
울산 6계 2021-8547,아파트,아파트,아파트,울산,남구,울산 남구 무거동 1594 무거위브자이 103동 15층 1503호,"742,000,000","519,400,000",낙찰,"598,100,000",80.6%,2023-03-07,2023_1Q,3
울산 1계 2021-8653,아파트,아파트,아파트,울산,동구,"울산 동구 화정동 875-1 ,875-2,875-3 현대 102동 5층 501호","100,000,000","49,000,000",낙찰,"69,110,000",69.1%,2023-03-08,2023_1Q,3
울산 1계 2021-8707,다세대,다세대주택,다세대,울산,북구,"울산 북구 산하동 994-21 ,994-22 3층 301호","304,000,000","148,960,000",낙찰,"151,019,990",49.7%,2023-02-01,2023_1Q,3
울산 2계 2021-8714,오피스텔(상가),근린상가,오피스텔(업무용),울산,북구,"울산 북구 산하동 972-6 ,972-7 뉴타운오피스텔 1동 1층 103호","435,000,000","104,444,000",낙찰,"134,900,000",31.0%,2023-05-31,2023_2Q,3
울산 5계 2021-8738,다세대,다세대주택,다세대,울산,동구,울산 동구 방어동 900-6 다운주택 A동 4층 502호,"89,000,000","43,610,000",낙찰,"45,780,100",51.4%,2023-01-31,2023_1Q,3
울산 3계 2021-8844,아파트,아파트,아파트,울산,동구,"울산 동구 방어동 281-1 ,283-11 우성현대 6층 601호","120,000,000","58,800,000",낙찰,"67,800,000",56.5%,2023-01-25,2023_1Q,3
울산 9계 2021-8875(1),임야,임야,임야,울산,울주군,울산 울주군 두동면 봉계리 산208-1,"50,688,000","12,170,000",낙찰,"15,200,000",30.0%,2023-01-17,2023_1Q,3
울산 9계 2021-8875(2),답,답,답,울산,울주군,울산 울주군 두동면 봉계리 1268,"319,912,000","76,811,000",낙찰,"77,769,000",24.3%,2023-01-17,2023_1Q,3
울산 9계 2021-8875(3),답,답,답,울산,울주군,울산 울주군 두동면 봉계리 1270,"169,353,000","28,463,000",낙찰,"41,000,000",24.2%,2023-02-21,2023_1Q,3
울산 7계 2021-8974,단독주택,단독,단독주택,울산,울주군,울산 울주군 웅촌면 고연리 113,"267,208,700","130,932,000",낙찰,"145,100,000",54.3%,2023-02-23,2023_1Q,3
울산 8계 2021-8981,임야,임야,임야,울산,울주군,울산 울주군 웅촌면 대복리 산11,"827,106,000","139,012,000",낙찰,"154,180,000",18.6%,2023-06-08,2023_2Q,3
울산 5계 2021-9014,단독주택,단독,단독주택,울산,북구,울산 북구 염포동 299-11,"271,089,250","132,833,000",낙찰,"156,100,000",57.6%,2023-01-31,2023_1Q,3
울산 8계 2021-9298,근린상가,근린상가,근린상가,울산,중구,"울산 중구 성남동 219-119 ,219-156,219-157,219-184 웰컴시티 1층 109호","84,000,000","14,118,000",낙찰,"19,890,000",23.7%,2023-03-21,2023_1Q,3
울산 4계 2021-9311,근린상가,근린상가,근린상가,울산,울주군,"울산 울주군 서생면 명산리 117-4 ,117,117-8","4,316,637,170","2,115,152,000",낙찰,"3,000,000,000",69.5%,2023-06-21,2023_2Q,3
울산 4계 2021-9427(1),다세대,다세대주택,다세대,울산,북구,울산 북구 연암동 472 나나빌리지 401호,"223,000,000","109,270,000",낙찰,"161,380,000",72.4%,2023-03-09,2023_1Q,3
울산 4계 2021-9427(2),다세대,다세대주택,다세대,울산,북구,울산 북구 연암동 472 나나빌리지 501호,"139,000,000","97,300,000",낙찰,"103,800,000",74.7%,2023-02-02,2023_1Q,3
울산 4계 2021-9427(3),다세대,다세대주택,다세대,울산,북구,울산 북구 연암동 472 나나빌리지 502호,"85,000,000","59,500,000",낙찰,"62,080,000",73.0%,2023-02-02,2023_1Q,3
울산 5계 2021-9489(1),잡종지,잡종지,잡종지,울산,울주군,울산 울주군 삼남읍 가천리 304-14,"190,451,000","93,321,000",낙찰,"116,333,000",61.1%,2023-02-28,2023_1Q,3
울산 5계 2021-9489(2),잡종지,잡종지,잡종지,울산,울주군,울산 울주군 삼남읍 가천리 304-22,"391,680,000","274,176,000",낙찰,"281,200,000",71.8%,2023-01-31,2023_1Q,3
울산 4계 2021-9564,단독주택,단독,단독주택,울산,북구,울산 북구 당사동 589,"253,315,920","124,125,000",낙찰,"164,369,000",64.9%,2023-03-09,2023_1Q,3
울산 1계 2021-9588,다세대,다세대주택,다세대,울산,동구,울산 동구 방어동 1117-2 에이원파크빌라 3층 302호,"143,000,000","70,070,000",낙찰,"97,600,000",68.3%,2023-05-16,2023_2Q,3
울산 1계 2021-9687,근린상가,근린상가,근린상가,울산,동구,울산 동구 일산동 945 울산일산동테라스파크 1동 1층 B116호,"287,000,000","140,630,000",낙찰,"179,010,000",62.4%,2023-05-16,2023_2Q,3
울산 8계 2021-9847,오피스텔(주거),오피스텔,오피스텔(업무용),울산,남구,울산 남구 신정동 1911 신정지웰 4층 421호,"105,000,000","73,500,000",낙찰,"85,888,000",81.8%,2023-04-25,2023_2Q,3
울산 6계 2021-9885,주상복합(주거),기타토지,기타토지,울산,동구,울산 동구 방어동 508 장보아이빌 5층 502호,"193,000,000","94,570,000",낙찰,"150,888,000",78.2%,2023-03-07,2023_1Q,3
울산 1계 2021-9984,근린주택,근린주택,근린주택,울산,동구,울산 동구 화정동 632-4,"539,045,060","264,132,000",낙찰,"334,800,000",62.1%,2023-05-16,2023_2Q,3
울산 2계 2021-9991,아파트,아파트,아파트,울산,울주군,"울산 울주군 웅촌면 대복리 302 ,302-11 한솔그린빌 703동 16층 1606호","63,000,000","44,100,000",낙찰,"55,210,000",87.6%,2023-01-11,2023_1Q,3
울산 6계 2021-10007,아파트,아파트,아파트,울산,울주군,울산 울주군 상북면 천전리 532-19 경동청구타운 103동 10층 1009호,"83,000,000","40,670,000",낙찰,"40,700,000",49.0%,2023-06-22,2023_2Q,3
울산 6계 2021-10014,점포,근린상가,점포상가,울산,남구,울산 남구 삼산동 1530-30,"855,063,600","418,982,000",낙찰,"633,481,000",74.1%,2023-03-07,2023_1Q,3
울산 3계 2021-10076,임야,임야,임야,울산,울주군,울산 울주군 언양읍 반천리 산83-3,"212,240,000","72,799,000",낙찰,"73,000,000",34.4%,2023-06-07,2023_2Q,3
울산 5계 2021-10090,임야,임야,임야,울산,울주군,울산 울주군 서생면 대송리 산55-7,"170,940,000","119,658,000",낙찰,"184,800,000",108.1%,2023-01-31,2023_1Q,3
울산 10계 2021-10151(1),전,전,전,울산,울주군,울산 울주군 청량읍 개곡리 170-2,"108,927,000","53,374,000",낙찰,"64,400,000",59.1%,2023-03-23,2023_1Q,3
울산 10계 2021-10151(2),답,답,답,울산,울주군,울산 울주군 청량읍 덕하리 332-3,"137,995,000","67,618,000",낙찰,"86,310,000",62.5%,2023-03-23,2023_1Q,3
울산 1계 2021-10199,아파트,아파트,아파트,울산,울주군,울산 울주군 언양읍 반천리 1023-51 현대 106동 10층 1006호,"135,000,000","94,500,000",낙찰,"103,000,000",76.3%,2023-02-01,2023_1Q,3
울산 3계 2021-10212,답,답,답,울산,울주군,울산 울주군 두동면 구미리 402,"353,717,000","121,325,000",낙찰,"141,500,000",40.0%,2023-06-07,2023_2Q,3
울산 3계 2021-10304,아파트,아파트,아파트,울산,동구,울산 동구 방어동 480-7 백화맨션 4층 506호,"114,000,000","79,800,000",낙찰,"111,510,000",97.8%,2023-04-06,2023_2Q,3
울산 10계 2021-10359,오피스텔(주거),오피스텔,오피스텔(업무용),울산,동구,울산 동구 방어동 930-20 서원아파트 1층 102호,"158,000,000","77,420,000",낙찰,"110,888,000",70.2%,2023-03-23,2023_1Q,3
울산 4계 2021-10366,아파트,아파트,아파트,울산,울주군,울산 울주군 온양읍 대안리 196 울산온양대우 109동 4층 402호,"147,000,000","102,900,000",낙찰,"121,500,000",82.7%,2023-04-12,2023_2Q,3
울산 8계 2021-10465,답,답,답,울산,울주군,울산 울주군 온산읍 강양리 32,"42,760,680","10,266,000",낙찰,"13,900,000",32.5%,2023-03-21,2023_1Q,3
울산 10계 2021-10496,아파트,아파트,아파트,울산,중구,울산 중구 학성동 379 남운학성타운 102동 4층 407호,"335,000,000","234,500,000",낙찰,"264,010,000",78.8%,2023-06-01,2023_2Q,3
울산 1계 2021-10557,아파트,아파트,아파트,울산,북구,"울산 북구 중산동 736 ,737-19,1218-5 백산그린타워 102동 20층 2011호","60,000,000","42,000,000",낙찰,"46,799,999",78.0%,2023-02-01,2023_1Q,3
울산 2계 2021-10564,아파트,아파트,아파트,울산,북구,"울산 북구 천곡동 940-6 ,940-7,940-9,940-14 농소대동한마음타운 103동 3층 310호","101,000,000","70,700,000",낙찰,"75,400,000",74.7%,2023-01-11,2023_1Q,3
울산 10계 2021-10625(1),묘지,기타토지,기타토지,울산,울주군,울산 울주군 웅촌면 대대리 1384-2,"43,785,000","15,019,000",낙찰,"19,799,000",45.2%,2023-03-23,2023_1Q,3
울산 10계 2021-10625(2),전,전,전,울산,울주군,울산 울주군 웅촌면 대대리 1388,"15,552,000","5,334,000",낙찰,"6,799,000",43.7%,2023-03-23,2023_1Q,3
울산 2계 2021-102098,아파트,아파트,아파트,울산,남구,울산 남구 신정동 713-2 운포 B동 5층 510호,"117,000,000","28,092,000",낙찰,"34,200,000",29.2%,2023-01-11,2023_1Q,3
울산 6계 2021-102647,아파트,아파트,아파트,울산,울주군,"울산 울주군 범서읍 천상리 651 ,652 청구제네스 102동 7층 702호","236,000,000","165,200,000",낙찰,"200,600,000",85.0%,2023-01-26,2023_1Q,3
울산 5계 2021-103350,임야,임야,임야,울산,울주군,울산 울주군 온양읍 삼광리 산237,"33,711,000","3,966,000",낙찰,"4,950,000",14.7%,2023-03-29,2023_1Q,3
울산 10계 2021-103619(1),전,전,전,울산,울주군,울산 울주군 삼동면 작동리 393-2,"419,525,000","143,898,000",낙찰,"183,700,000",43.8%,2023-02-16,2023_1Q,3
울산 2계 2021-105295,답,답,답,울산,울주군,울산 울주군 언양읍 송대리 2,"244,442,100","119,776,000",낙찰,"134,780,000",55.1%,2023-03-22,2023_1Q,3
울산 6계 2021-105363,임야,임야,임야,울산,울주군,울산 울주군 온산읍 강양리 산51-2,"675,136,000","162,100,000",낙찰,"171,111,000",25.3%,2023-03-07,2023_1Q,3
울산 2계 2021-105677,주상복합(주거),기타토지,기타토지,울산,울주군,울산 울주군 언양읍 서부리 251-1 유림빌리지 다동 6층 602호,"140,000,000","98,000,000",낙찰,"112,000,000",80.0%,2023-04-26,2023_2Q,3
울산 1계 2021-105820,전,전,전,울산,중구,울산 중구 교동 215-9,"7,822,500","7,822,500",낙찰,"8,099,850",103.5%,2023-03-08,2023_1Q,3
울산 10계 2021-106168(1),임야,임야,임야,울산,울주군,울산 울주군 범서읍 중리 산85-1,"121,386,800","14,281,000",낙찰,"22,000,000",18.1%,2023-04-27,2023_2Q,3
울산 10계 2021-106168(3),임야,임야,임야,울산,울주군,울산 울주군 범서읍 중리 산85-2,"149,035,600","35,784,000",낙찰,"52,000,000",34.9%,2023-04-27,2023_2Q,3
울산 2계 2021-106458,근린상가,근린상가,근린상가,울산,중구,울산 중구 성남동 191-3 지하1층 지하1층호,"120,000,000","58,800,000",낙찰,"58,800,055",49.0%,2023-01-11,2023_1Q,3
울산 8계 2021-106854,아파트,아파트,아파트,울산,동구,울산 동구 방어동 317-2 로하스해비치 11층 1102호,"212,000,000","103,880,000",낙찰,"142,300,000",67.1%,2023-01-10,2023_1Q,3
울산 8계 2021-106878,임야,임야,임야,울산,울주군,울산 울주군 두서면 미호리 산8-5,"35,116,200","24,581,000",낙찰,"26,200,000",74.6%,2023-01-10,2023_1Q,3
울산 5계 2021-107338,아파트,아파트,아파트,울산,울주군,울산 울주군 범서읍 구영리 796-2 한신 203동 2층 206호,"116,000,000","81,200,000",낙찰,"102,511,000",88.4%,2023-01-31,2023_1Q,3
울산 8계 2021-107659,단독주택,단독,단독주택,울산,울주군,울산 울주군 언양읍 서부리 117,"223,009,580","109,275,000",낙찰,"138,210,000",62.0%,2023-06-08,2023_2Q,3
울산 5계 2021-107741(1),단독주택,단독,단독주택,울산,중구,울산 중구 태화동 848-15,"649,944,300","318,473,000",낙찰,"477,770,000",73.5%,2023-02-28,2023_1Q,3
울산 5계 2021-107741(2),대지,나대지,나대지,울산,울주군,울산 울주군 청량읍 율리 1495-6,"872,436,000","427,494,000",낙찰,"641,250,000",73.5%,2023-02-28,2023_1Q,3
울산 3계 2021-107888,오피스텔(주거),오피스텔,오피스텔(업무용),울산,중구,울산 중구 유곡동 205 리더스 8층 809호,"123,000,000","42,189,000",낙찰,"91,000,000",74.0%,2023-03-02,2023_1Q,3
울산 3계 2021-108164,다세대,다세대주택,다세대,울산,울주군,"울산 울주군 범서읍 구영리 871-13 ,878-2 유진강변빌 1동 4층 401호","204,000,000","99,960,000",낙찰,"140,900,000",69.1%,2023-01-25,2023_1Q,3
울산 9계 2021-108256,공장,공장(지식산업센터 업무시설),공장,울산,울주군,울산 울주군 상북면 길천리 1221 A동,"4,054,654,080","2,838,258,000",낙찰,"3,360,000,000",82.9%,2023-03-28,2023_1Q,3
울산 2계 2021-108386,임야,임야,임야,울산,울주군,울산 울주군 범서읍 두산리 산195,"470,080,000","38,713,000",낙찰,"53,000,000",11.3%,2023-05-31,2023_2Q,3
울산 2계 2021-108584,단독주택,단독,단독주택,울산,북구,울산 북구 정자동 337,"696,082,000","341,080,000",낙찰,"443,000,000",63.6%,2023-01-11,2023_1Q,3
울산 5계 2021-108966,다세대,다세대주택,다세대,울산,동구,울산 동구 방어동 1117-5 금동빌라 3층 302호,"140,000,000","68,600,000",낙찰,"82,700,000",59.1%,2023-06-14,2023_2Q,3
울산 8계 2021-109068,다세대,다세대주택,다세대,울산,울주군,울산 울주군 삼남읍 교동리 1575-11 굿파크빌 1동 5층 502호,"145,000,000","71,050,000",낙찰,"87,100,000",60.1%,2023-02-14,2023_1Q,3
울산 1계 2021-109631,아파트,아파트,아파트,울산,동구,울산 동구 화정동 949 힐스테이트 이스턴베이 115동 20층 2001호,"383,000,000","187,670,000",낙찰,"270,238,000",70.6%,2023-05-16,2023_2Q,3
울산 2계 2021-109648,아파트상가,아파트상가,근린상가,울산,울주군,울산 울주군 범서읍 구영리 798-1 현대파크맨션 상가동 2층 2호,"27,000,000","6,483,000",낙찰,"8,110,000",30.0%,2023-04-26,2023_2Q,3
울산 6계 2021-109785,오피스텔(상가),근린상가,오피스텔(업무용),울산,북구,울산 북구 산하동 1003-7 블루마시티더품 2층 202호,"316,000,000","75,872,000",낙찰,"94,900,000",30.0%,2023-04-13,2023_2Q,3
울산 8계 2021-109853,아파트,아파트,아파트,울산,울주군,울산 울주군 온양읍 대안리 409-3 한그린 2층 209호,"11,857,000","11,857,000",낙찰,"11,859,000",100.0%,2023-01-10,2023_1Q,3
울산 5계 2021-109969(1),답,답,답,울산,울주군,울산 울주군 두동면 천전리 493-1,"161,087,500","161,087,500",낙찰,"161,087,500",100.0%,2023-03-29,2023_1Q,3
울산 5계 2021-109969(2),임야,임야,임야,울산,울주군,울산 울주군 상북면 천전리 493-4,"129,220,000","129,220,000",낙찰,"129,220,000",100.0%,2023-03-29,2023_1Q,3
울산 7계 2021-110075(1),도로,기타토지,기타토지,울산,남구,울산 남구 성암동 318-7,"10,441,000","2,507,000",낙찰,"3,227,500",30.9%,2023-01-19,2023_1Q,3
울산 7계 2021-110075(2),전,전,전,울산,남구,울산 남구 성암동 379,"15,950,000","3,830,000",낙찰,"4,100,000",25.7%,2023-06-15,2023_2Q,3
울산 7계 2021-110075(3),전,전,전,울산,남구,울산 남구 성암동 434-2,"69,316,000","16,643,000",낙찰,"23,000,000",33.2%,2023-06-15,2023_2Q,3
울산 1계 2021-110112,전,전,전,울산,울주군,울산 울주군 청량읍 삼정리 251,"12,126,000","8,488,000",낙찰,"9,620,000",79.3%,2023-04-11,2023_2Q,3
울산 1계 2021-110181,다세대,다세대주택,다세대,울산,울주군,울산 울주군 범서읍 천상리 657-4 하나빌리지 주건축물 1동 2층 202호,"153,000,000","74,970,000",낙찰,"105,770,000",69.1%,2023-05-16,2023_2Q,3
울산 1계 2021-110341,아파트,아파트,아파트,울산,남구,"울산 남구 야음동 911 ,912 대현더샵 101동 4층 401호","933,000,000","653,100,000",낙찰,"675,900,000",72.4%,2023-05-16,2023_2Q,3
울산 5계 2021-110600,아파트,아파트,아파트,울산,북구,울산 북구 산하동 1033-1 울산블루마시티2차푸르지오 103동 15층 1503호,"330,000,000","231,000,000",낙찰,"265,555,000",80.5%,2023-01-31,2023_1Q,3
울산 2계 2021-110730,아파트,아파트,아파트,울산,동구,울산 동구 동부동 672 남목현대 102동 4층 410호,"94,000,000","65,800,000",낙찰,"71,500,000",76.1%,2023-01-11,2023_1Q,3
울산 2계 2021-110785,단독주택,단독,단독주택,울산,동구,울산 동구 방어동 902-30,"290,058,430","99,490,000",낙찰,"120,100,000",41.4%,2023-02-15,2023_1Q,3
울산 3계 2021-110792,아파트,아파트,아파트,울산,남구,울산 남구 신정동 950-8 맑은아침 3층 303호,"191,000,000","93,590,000",낙찰,"120,999,000",63.4%,2023-01-25,2023_1Q,3
울산 3계 2021-110976,다세대,다세대주택,다세대,울산,울주군,울산 울주군 삼남읍 교동리 1641-10 클래식타운캐슬 1동 5층 502호,"203,000,000","69,629,000",낙찰,"111,880,000",55.1%,2023-03-02,2023_1Q,3
울산 5계 2021-111047,다세대,다세대주택,다세대,울산,울주군,울산 울주군 상북면 궁근정리 566 대성 A동 1층 102호,"41,000,000","20,090,000",낙찰,"32,100,000",78.3%,2023-05-03,2023_2Q,3
울산 10계 2021-111450(2),전,전,전,울산,울주군,울산 울주군 청량읍 개곡리 170-1,"5,200,000","1,784,000",낙찰,"1,784,100",34.3%,2023-01-12,2023_1Q,3
울산 7계 2021-111498,아파트,아파트,아파트,울산,남구,울산 남구 무거동 477-1 옥현주공1단지 107동 7층 704호,"286,000,000","200,200,000",낙찰,"230,050,000",80.4%,2023-01-19,2023_1Q,3
울산 6계 2021-111566,단독주택,단독,단독주택,울산,동구,울산 동구 화정동 849-23,"216,606,480","106,138,000",낙찰,"108,590,000",50.1%,2023-01-26,2023_1Q,3
울산 10계 2021-111757,답,답,답,울산,울주군,울산 울주군 웅촌면 검단리 467,"287,854,000","98,734,000",낙찰,"113,000,000",39.3%,2023-03-23,2023_1Q,3
울산 6계 2021-111825,답,답,답,울산,울주군,울산 울주군 서생면 나사리 62,"3,410,500,000","1,671,145,000",낙찰,"2,300,000,000",67.4%,2023-03-07,2023_1Q,3
울산 8계 2021-112187,주상복합(주거),기타토지,기타토지,울산,동구,울산 동구 화정동 650-29 씨에스오션빌리4차 4층 401호,"197,000,000","96,530,000",낙찰,"138,880,000",70.5%,2023-02-14,2023_1Q,3
울산 10계 2021-112248,공장,공장(지식산업센터 업무시설),공장,울산,북구,"울산 북구 효문동 503 ,504 1동호","2,766,455,340","1,936,519,000",낙찰,"2,550,000,000",92.2%,2023-03-23,2023_1Q,3
울산 3계 2021-112330,아파트,아파트,아파트,울산,동구,"울산 동구 서부동 257-4 ,249-8 현대패밀리서부 114동 7층 702호","114,000,000","79,800,000",낙찰,"85,590,000",75.1%,2023-03-02,2023_1Q,3
울산 5계 2021-112354,아파트,아파트,아파트,울산,울주군,울산 울주군 범서읍 구영리 391-4 골든빌리지 3층 303호,"182,000,000","127,400,000",낙찰,"130,199,999",71.5%,2023-01-31,2023_1Q,3
울산 8계 2021-112415,아파트,아파트,아파트,울산,북구,"울산 북구 상안동 381-1 ,369-6,371-11,1204-21,천곡동 409,1022-12 쌍용아진그린타운 214동 6층 602호","308,000,000","150,920,000",낙찰,"250,000,000",81.2%,2023-02-14,2023_1Q,3
울산 1계 2021-112422,아파트,아파트,아파트,울산,동구,"울산 동구 방어동 281-1 ,283-11 우성현대 11층 1108호","128,000,000","62,720,000",낙찰,"81,690,000",63.8%,2023-05-16,2023_2Q,3
울산 1계 2021-112507,아파트,아파트,아파트,울산,울주군,울산 울주군 범서읍 천상리 645 신한천상다솜 101동 20층 2010호,"220,000,000","154,000,000",낙찰,"157,320,000",71.5%,2023-04-11,2023_2Q,3
울산 3계 2021-112538,아파트,아파트,아파트,울산,중구,울산 중구 우정동 172 마제스타워울산 101동 13층 1132호,"624,000,000","436,800,000",낙찰,"483,800,000",77.5%,2023-03-02,2023_1Q,3
울산 3계 2021-112606,아파트,아파트,아파트,울산,울주군,울산 울주군 범서읍 천상리 259-5 극동 103동 13층 1302호,"150,000,000","105,000,000",낙찰,"125,600,000",83.7%,2023-04-06,2023_2Q,3
울산 1계 2021-112668,공장,공장(지식산업센터 업무시설),공장,울산,울주군,울산 울주군 웅촌면 은현리 49-100 A동호,"1,712,170,395","1,712,170,395",낙찰,"1,718,000,000",100.3%,2023-05-16,2023_2Q,3
울산 3계 2021-112873,아파트,아파트,아파트,울산,북구,울산 북구 천곡동 418 삼성코아루 118동 3층 305호,"218,000,000","152,600,000",낙찰,"183,490,000",84.2%,2023-04-06,2023_2Q,3
울산 8계 2021-113135,오피스텔,오피스텔,오피스텔(업무용),울산,중구,울산 중구 반구동 448-3 반구신동아파밀리에 105동 9층 910호,"65,000,000","45,500,000",낙찰,"60,730,000",93.4%,2023-01-10,2023_1Q,3
울산 7계 2021-113166,전,전,전,울산,울주군,울산 울주군 두서면 내와리 1028-1,"83,232,000","13,989,000",낙찰,"23,000,000",27.6%,2023-05-11,2023_2Q,3
울산 3계 2022-113,아파트,아파트,아파트,울산,남구,울산 남구 신정동 319 강변센트럴하이츠 102동 24층 2402호,"895,600,000","626,920,000",낙찰,"699,989,000",78.2%,2023-05-10,2023_2Q,3
울산 10계 2022-250,단독주택,단독,단독주택,울산,울주군,울산 울주군 청량읍 동천리 164-6,"245,941,460","120,511,000",낙찰,"156,720,000",63.7%,2023-04-27,2023_2Q,3
울산 4계 2022-304,근린상가,근린상가,근린상가,울산,중구,울산 중구 장현동 162-3 1층 111호,"624,000,000","305,760,000",낙찰,"325,550,000",52.2%,2023-05-17,2023_2Q,3
울산 4계 2022-335(1),전,전,전,울산,울주군,울산 울주군 범서읍 두산리 496,"142,200,000","69,678,000",낙찰,"94,569,000",66.5%,2023-05-17,2023_2Q,3
울산 4계 2022-335(2),전,전,전,울산,울주군,울산 울주군 범서읍 두산리 497,"87,480,000","61,236,000",낙찰,"79,689,000",91.1%,2023-04-12,2023_2Q,3
울산 3계 2022-427,대지,나대지,나대지,울산,남구,울산 남구 신정동 1131-5,"455,170,000","318,619,000",낙찰,"387,000,000",85.0%,2023-06-07,2023_2Q,3
울산 9계 2022-465,아파트,아파트,아파트,울산,울주군,울산 울주군 웅촌면 대복리 302 한솔그린빌 708동 10층 1006호,"66,000,000","46,200,000",낙찰,"49,500,000",75.0%,2023-01-17,2023_1Q,3
울산 1계 2022-489(1),근린상가,근린상가,근린상가,울산,동구,울산 동구 일산동 979-6,"3,290,729,200","1,612,457,000",낙찰,"2,253,960,000",68.5%,2023-06-20,2023_2Q,3
울산 1계 2022-489(2),단독주택,단독,단독주택,울산,동구,울산 동구 방어동 267-1,"853,077,200","418,008,000",낙찰,"492,100,000",57.7%,2023-06-20,2023_2Q,3
울산 2계 2022-496,답,답,답,울산,울주군,울산 울주군 삼동면 조일리 1401-4,"218,735,000","75,027,000",낙찰,"80,020,000",36.6%,2023-04-26,2023_2Q,3
울산 4계 2022-519,중기,기타토지,기타토지,울산,울주군,울산 울주군 언양읍 반천리 534 복산주차장내 보관,"26,000,000","18,200,000",낙찰,"18,500,000",71.2%,2023-03-09,2023_1Q,3
울산 9계 2022-533,대지,나대지,나대지,울산,북구,울산 북구 호계동 685-8,"80,066,000","27,462,000",낙찰,"35,000,000",43.7%,2023-02-21,2023_1Q,3
울산 1계 2022-625,아파트,아파트,아파트,울산,울주군,"울산 울주군 범서읍 천상리 651 ,652 청구제네스 102동 6층 602호","250,000,000","175,000,000",낙찰,"178,999,000",71.6%,2023-05-16,2023_2Q,3
울산 2계 2022-649,아파트,아파트,아파트,울산,동구,"울산 동구 전하동 301-24 ,301-25,301-44,301-53 전하현대홈타운 107동 2층 206호","305,000,000","213,500,000",낙찰,"214,055,000",70.2%,2023-02-15,2023_1Q,3
울산 8계 2022-762,답,답,답,울산,북구,울산 북구 천곡동 1108,"329,076,000","230,353,000",낙찰,"370,000,000",112.4%,2023-01-10,2023_1Q,3
울산 9계 2022-779(1),임야,임야,임야,울산,북구,울산 북구 신현동 산41,"69,608,000","34,108,000",낙찰,"36,090,000",51.8%,2023-01-17,2023_1Q,3
울산 8계 2022-854,아파트,아파트,아파트,울산,울주군,울산 울주군 언양읍 반천리 1023-51 현대 105동 12층 1201호,"95,800,000","67,060,000",낙찰,"83,893,000",87.6%,2023-01-10,2023_1Q,3
울산 5계 2022-885(1),아파트,아파트,아파트,울산,동구,울산 동구 방어동 1082-6 에스코빌9차 2층 201호,"197,000,000","96,530,000",낙찰,"102,200,000",51.9%,2023-03-29,2023_1Q,3
울산 5계 2022-885(2),아파트,아파트,아파트,울산,동구,울산 동구 방어동 1082-6 에스코빌9차 2층 202호,"196,000,000","67,228,000",낙찰,"71,100,000",36.3%,2023-05-03,2023_2Q,3
울산 5계 2022-885(3),아파트,아파트,아파트,울산,동구,울산 동구 방어동 1082-6 에스코빌9차 3층 301호,"197,000,000","67,571,000",낙찰,"88,989,000",45.2%,2023-05-03,2023_2Q,3
울산 8계 2022-908,아파트,아파트,아파트,울산,남구,"울산 남구 옥동 191-58 ,191-59 성도 6층 606호","281,400,000","196,980,000",낙찰,"214,940,000",76.4%,2023-04-25,2023_2Q,3
울산 9계 2022-1000(1),임야,임야,임야,울산,울주군,울산 울주군 청량읍 덕하리 산82,"16,362,500","2,750,000",낙찰,"3,760,000",23.0%,2023-05-02,2023_2Q,3
울산 9계 2022-1000(2),임야,임야,임야,울산,울주군,울산 울주군 청량읍 덕하리 산179,"38,430,000","18,831,000",낙찰,"20,500,000",53.3%,2023-01-17,2023_1Q,3
울산 2계 2022-1024,아파트,아파트,아파트,울산,동구,"울산 동구 전하동 301-28 ,301-29,301-30,301-31,301-65,301-66,549-66 전하대경넥스빌 102동 8층 801호","228,000,000","111,720,000",낙찰,"171,880,000",75.4%,2023-03-22,2023_1Q,3
울산 4계 2022-1079,아파트,아파트,아파트,울산,북구,"울산 북구 천곡동 674 ,1054-21 천곡웰빙 101동 3층 306호","142,000,000","99,400,000",낙찰,"101,555,900",71.5%,2023-04-12,2023_2Q,3
울산 8계 2022-1093,아파트,아파트,아파트,울산,북구,"울산 북구 천곡동 940-1 ,940-15 우방 101동 4층 401호","75,000,000","52,500,000",낙찰,"63,880,000",85.2%,2023-06-08,2023_2Q,3
울산 9계 2022-1109,오피스텔(주거),오피스텔,오피스텔(업무용),울산,북구,울산 북구 산하동 33-1 4층 409D호,"109,000,000","53,410,000",낙찰,"55,300,000",50.7%,2023-01-17,2023_1Q,3
울산 5계 2022-1376,주상복합(주거),기타토지,기타토지,울산,동구,울산 동구 방어동 124-5 등대상가아파트 14층 1403호,"152,000,000","106,400,000",낙찰,"109,600,000",72.1%,2023-03-29,2023_1Q,3
울산 7계 2022-1468,임야,임야,임야,울산,울주군,울산 울주군 온산읍 삼평리 산149-3,"12,743,500","6,244,000",낙찰,"6,755,000",53.0%,2023-02-23,2023_1Q,3
울산 9계 2022-1581,중기,기타토지,기타토지,울산,남구,울산 남구 삼산동 1622-1 농수산주차장내 보관,"30,000,000","10,290,000",낙찰,"14,118,800",47.1%,2023-01-17,2023_1Q,3
울산 6계 2022-1642,임야,임야,임야,울산,울주군,울산 울주군 삼동면 조일리 1071-10,"2,290,238,000","1,603,167,000",낙찰,"2,190,000,000",95.6%,2023-01-26,2023_1Q,3
울산 10계 2022-1666,단독주택,단독,단독주택,울산,울주군,울산 울주군 삼남읍 방기리 955-12,"720,525,700","353,058,000",낙찰,"408,880,000",56.7%,2023-02-16,2023_1Q,3
울산 9계 2022-1826,아파트,아파트,아파트,울산,동구,울산 동구 동부동 산146-7 현대하이야트맨션 201동 14층 1405호,"101,000,000","49,490,000",낙찰,"76,030,000",75.3%,2023-02-21,2023_1Q,3
울산 1계 2022-1840,오피스텔,오피스텔,오피스텔(업무용),울산,중구,"울산 중구 성남동 219-119 ,219-156,219-157,219-184 웰컴시티 10층 1033호","17,200,000","17,200,000",낙찰,"17,201,000",100.0%,2023-04-11,2023_2Q,3
울산 4계 2022-1871,근린상가,근린상가,근린상가,울산,울주군,울산 울주군 언양읍 서부리 291-2 2층 202호,"978,000,000","684,600,000",낙찰,"783,111,110",80.1%,2023-06-21,2023_2Q,3
울산 1계 2022-1895,주상복합(주거),기타토지,기타토지,울산,동구,"울산 동구 방어동 308-3 ,308-8,308-18,307-3,307-8 월드스카이파크 18층 2002호","229,000,000","160,300,000",낙찰,"190,180,000",83.0%,2023-05-16,2023_2Q,3
울산 9계 2022-1956,차량,기타토지,기타토지,울산,울주군,울산 울주군 언양읍 반천리 534 복산주차장내 보관,"14,000,000","9,800,000",낙찰,"11,389,000",81.3%,2023-01-17,2023_1Q,3
울산 10계 2022-2010,아파트,아파트,아파트,울산,남구,울산 남구 무거동 566-1 럭키무거 6층 604호,"193,000,000","135,100,000",낙찰,"157,000,000",81.3%,2023-03-23,2023_1Q,3
울산 9계 2022-2065,다세대,다세대주택,다세대,울산,중구,울산 중구 서동 59-13 남국타운 B동 1층 101호,"88,000,000","61,600,000",낙찰,"68,520,000",77.9%,2023-01-17,2023_1Q,3
울산 3계 2022-2102,아파트,아파트,아파트,울산,남구,울산 남구 선암동 672-4 한신빌라 4층 407호,"138,000,000","67,620,000",낙찰,"87,310,010",63.3%,2023-06-07,2023_2Q,3
울산 5계 2022-2188,근린주택,근린주택,근린주택,울산,남구,울산 남구 무거동 1457-5,"597,532,920","418,273,000",낙찰,"437,000,000",73.1%,2023-06-14,2023_2Q,3
울산 10계 2022-2324,주상복합(주거),기타토지,기타토지,울산,북구,울산 북구 명촌동 672-4 엘리제빌2차 5층 502호,"168,000,000","117,600,000",낙찰,"138,888,000",82.7%,2023-01-12,2023_1Q,3
울산 1계 2022-2423,답,답,답,울산,울주군,울산 울주군 언양읍 반천리 75-2,"479,400,000","234,906,000",낙찰,"256,100,000",53.4%,2023-06-20,2023_2Q,3
울산 10계 2022-2461,임야,임야,임야,울산,울주군,울산 울주군 청량읍 율리 산134-9,"13,200,000","6,468,000",낙찰,"9,300,000",70.5%,2023-02-16,2023_1Q,3
울산 6계 2022-2553,대지,나대지,나대지,울산,울주군,울산 울주군 온양읍 망양리 778-4,"410,770,500","287,539,000",낙찰,"288,732,000",70.3%,2023-03-07,2023_1Q,3
울산 7계 2022-2577,아파트,아파트,아파트,울산,북구,"울산 북구 천곡동 940-6 ,940-7,940-9,940-14 농소대동한마음타운 101동 15층 1508호","115,000,000","80,500,000",낙찰,"83,690,000",72.8%,2023-05-11,2023_2Q,3
울산 1계 2022-2850,연립,연립주택,연립·빌라,울산,남구,울산 남구 신정동 1214-5 힐그린스위트빌 5층 504호,"174,000,000","85,260,000",낙찰,"96,660,000",55.6%,2023-06-20,2023_2Q,3
울산 6계 2022-3112,아파트,아파트,아파트,울산,울주군,울산 울주군 온양읍 대안리 266-2 우주그린가든 102동 2층 206호,"140,000,000","98,000,000",낙찰,"102,330,000",73.1%,2023-04-13,2023_2Q,3
울산 10계 2022-3167,아파트,아파트,아파트,울산,동구,"울산 동구 동부동 150 ,150-1,218-1,592-20 현대패밀리동부 108동 3층 307호","110,000,000","77,000,000",낙찰,"77,180,000",70.2%,2023-06-01,2023_2Q,3
울산 2계 2022-3181,아파트,아파트,아파트,울산,북구,울산 북구 명촌동 895-3 리비에르1차 104동 16층 1604호,"277,000,000","193,900,000",낙찰,"217,500,000",78.5%,2023-04-26,2023_2Q,3
울산 3계 2022-3204,아파트,아파트,아파트,울산,북구,"울산 북구 매곡동 682 ,800-1 대하그린파크 101동 3층 315호","71,000,000","49,700,000",낙찰,"61,750,000",87.0%,2023-06-07,2023_2Q,3
울산 6계 2022-3228,전,전,전,울산,울주군,울산 울주군 두서면 차리 104-1,"296,544,000","145,307,000",낙찰,"155,810,000",52.5%,2023-06-22,2023_2Q,3
울산 2계 2022-3358,아파트,아파트,아파트,울산,남구,울산 남구 선암동 679-3 한라전원 101동 2층 204호,"151,000,000","73,990,000",낙찰,"115,888,000",76.7%,2023-05-31,2023_2Q,3
울산 5계 2022-3556,차량,기타토지,기타토지,울산,남구,울산 남구 두왕동 453-7 현대주차장내 보관,"9,000,000","4,410,000",낙찰,"5,510,000",61.2%,2023-03-29,2023_1Q,3
울산 6계 2022-3563,주상복합(주거),기타토지,기타토지,울산,중구,"울산 중구 성안동 372-7 ,372-8 로얄팰리스 4층 403호","200,000,000","140,000,000",낙찰,"160,538,000",80.3%,2023-05-18,2023_2Q,3
울산 2계 2022-3587,단독주택,단독,단독주택,울산,울주군,"울산 울주군 서생면 진하리 423-7 ,423-8","962,061,850","471,410,000",낙찰,"513,000,000",53.3%,2023-05-31,2023_2Q,3
울산 10계 2022-3600,점포,근린상가,점포상가,울산,울주군,울산 울주군 온산읍 강양리 110-2,"495,431,800","346,802,000",낙찰,"380,000,000",76.7%,2023-04-27,2023_2Q,3
울산 6계 2022-3778,아파트,아파트,아파트,울산,남구,울산 남구 상개동 152-6 상개목화 101동 4층 A406호,"133,000,000","93,100,000",낙찰,"112,160,000",84.3%,2023-06-22,2023_2Q,3
울산 2계 2022-3846,아파트,아파트,아파트,울산,동구,울산 동구 동부동 120-1 한라오로라타워 4층 403호,"122,000,000","59,780,000",낙찰,"86,199,990",70.7%,2023-05-31,2023_2Q,3
울산 1계 2022-3891,아파트,아파트,아파트,울산,중구,울산 중구 서동 61-2 강동그린타워 9층 1007호,"157,000,000","109,900,000",낙찰,"127,550,000",81.2%,2023-06-20,2023_2Q,3
울산 1계 2022-3921,아파트,아파트,아파트,울산,북구,울산 북구 천곡동 1136 벽산블루밍 107동 5층 503호,"402,000,000","281,400,000",낙찰,"321,770,000",80.0%,2023-06-20,2023_2Q,3
울산 6계 2022-3938,선박,기타토지,기타토지,울산,동구,울산 동구 방어동 방어진항앞 보관(제3자(주)와이제이마린대표채영재에게보관),"402,715,360","402,715,360",낙찰,"450,500,000",111.9%,2023-03-07,2023_1Q,3
울산 8계 2022-3969(1),전,전,전,울산,울주군,울산 울주군 두동면 월평리 1059,"25,531,000","17,872,000",낙찰,"17,900,000",70.1%,2023-06-08,2023_2Q,3
울산 8계 2022-3969(2),대지,나대지,나대지,울산,울주군,울산 울주군 두동면 월평리 1060,"116,964,000","81,875,000",낙찰,"83,900,000",71.7%,2023-06-08,2023_2Q,3
울산 8계 2022-4030,차량,기타토지,기타토지,울산,울주군,울산 울주군 언양읍 반천리 534 내 보관,"5,200,000","3,640,000",낙찰,"4,120,000",79.2%,2023-01-10,2023_1Q,3
울산 8계 2022-4245,아파트,아파트,아파트,울산,북구,"울산 북구 천곡동 410-1 ,410-12,421-2,421-9,1030 쌍용아진그린타운4차 404동 1층 105호","183,000,000","128,100,000",낙찰,"148,000,000",80.9%,2023-06-08,2023_2Q,3
울산 1계 2022-4337,다세대,다세대주택,다세대,울산,동구,울산 동구 방어동 1099-2 성광빌라5차 2층 201호,"140,000,000","98,000,000",낙찰,"103,999,990",74.3%,2023-06-20,2023_2Q,3
울산 9계 2022-4368,다세대,다세대주택,다세대,울산,울주군,울산 울주군 삼남읍 교동리 1575-11 굿파크빌(주건축물1동) 3동 3층 302호,"142,000,000","99,400,000",낙찰,"130,000,000",91.5%,2023-05-02,2023_2Q,3
울산 6계 2022-4597,차량,기타토지,기타토지,울산,울주군,울산 울주군 언양읍 반천리 534 복산주차장내 보관(제3자 이성학(010-3852-4467)에게 보관),"32,000,000","22,400,000",낙찰,"25,810,000",80.7%,2023-03-07,2023_1Q,3
울산 6계 2022-4672,연립,연립주택,연립·빌라,울산,중구,울산 중구 우정동 200 우암빌 7층 703호,"138,000,000","96,600,000",낙찰,"128,880,000",93.4%,2023-06-22,2023_2Q,3
울산 10계 2022-4894,아파트,아파트,아파트,울산,북구,울산 북구 매곡동 895 드림인시티에일린의뜰2차 209동 11층 1101호,"481,000,000","336,700,000",낙찰,"351,120,000",73.0%,2023-04-27,2023_2Q,3
울산 2계 2022-4955,대지,나대지,나대지,울산,울주군,울산 울주군 삼남읍 교동리 991-10,"45,179,400","31,626,000",낙찰,"35,390,000",78.3%,2023-05-31,2023_2Q,3
울산 7계 2022-4979,차량,기타토지,기타토지,울산,울주군,울산 울주군 언양읍 반천리 534 복산주차장내 보관(제3자 이성학),"35,000,000","8,404,000",낙찰,"11,900,000",34.0%,2023-06-15,2023_2Q,3
울산 10계 2022-5040,아파트,아파트,아파트,울산,남구,울산 남구 삼산동 1403-3 태화강더뷰 14층 1408호,"94,000,000","65,800,000",낙찰,"79,980,000",85.1%,2023-04-27,2023_2Q,3
울산 6계 2022-5187,차량,기타토지,기타토지,울산,울주군,울산 울주군 언양읍 반천리 534 이성학(010-3852-4467)에게보관,"45,000,000","31,500,000",낙찰,"38,020,000",84.5%,2023-04-13,2023_2Q,3
울산 10계 2022-5637,아파트,아파트,아파트,울산,울주군,"울산 울주군 삼남읍 교동리 1678 ,1679 영남알프스타운 114동 4층 403호","80,000,000","56,000,000",낙찰,"65,245,888",81.6%,2023-03-23,2023_1Q,3
울산 1계 2022-6180,차량,기타토지,기타토지,울산,울주군,울산 울주군 청량읍 덕하리 414-3 백양주차장내 보관,"9,500,000","6,650,000",낙찰,"7,010,000",73.8%,2023-03-08,2023_1Q,3
울산 1계 2022-6333,선박,기타토지,기타토지,울산,북구,울산 북구 정자동 정자항내 정박,"67,809,400","47,467,000",낙찰,"61,900,000",91.3%,2023-05-16,2023_2Q,3
울산 7계 2022-6463(1),차량,기타토지,기타토지,울산,남구,울산 남구 삼산동 1622-1 농수산물주차장내 보관(제3자 김종한),"8,500,000","5,950,000",낙찰,"6,055,000",71.2%,2023-02-23,2023_1Q,3
울산 7계 2022-6463(2),차량,기타토지,기타토지,울산,남구,울산 남구 삼산동 1622-1 농수산물주차장내 보관(제3자 김종한),"8,000,000","3,920,000",낙찰,"4,880,000",61.0%,2023-06-15,2023_2Q,3
울산 7계 2022-6463(3),차량,기타토지,기타토지,울산,남구,울산 남구 삼산동 1622-1 농수산물주차장내 보관(제3자 김종한),"5,000,000","1,715,000",낙찰,"2,552,000",51.0%,2023-05-11,2023_2Q,3
울산 5계 2022-6814,차량,기타토지,기타토지,울산,남구,울산 남구 두왕동 453-7 현대주차장내 보관,"19,000,000","13,300,000",낙찰,"14,889,000",78.4%,2023-05-03,2023_2Q,3
울산 5계 2022-7213(1),중기,기타토지,기타토지,울산,울주군,울산 울주군 언양읍 반천리 534 내보관,"8,000,000","5,600,000",낙찰,"6,150,000",76.9%,2023-06-14,2023_2Q,3
울산 9계 2022-7343,차량,기타토지,기타토지,울산,울주군,울산 울주군 청량읍 덕하리 414-3 백양주차장내 보관,"20,000,000","14,000,000",낙찰,"16,500,000",82.5%,2023-05-02,2023_2Q,3
울산 4계 2022-100075,아파트,아파트,아파트,울산,중구,울산 중구 유곡동 69 울산유곡푸르지오 109동 4층 403호,"853,000,000","597,100,000",낙찰,"651,100,000",76.3%,2023-06-21,2023_2Q,3
울산 2계 2022-100402,근린상가,근린상가,근린상가,울산,남구,울산 남구 신정동 708-10 1동,"1,082,106,520","757,475,000",낙찰,"810,100,000",74.9%,2023-02-15,2023_1Q,3
울산 4계 2022-100419,다세대,다세대주택,다세대,울산,동구,"울산 동구 방어동 1017-4 ,1017-5 씨에스오션빌리지3차 4층 401호","144,000,000","70,560,000",낙찰,"93,888,000",65.2%,2023-03-09,2023_1Q,3
울산 3계 2022-100440,아파트,아파트,아파트,울산,동구,"울산 동구 방어동 281-1 ,283-11 우성현대 1층 105호","116,000,000","81,200,000",낙찰,"82,880,000",71.4%,2023-04-06,2023_2Q,3
울산 4계 2022-100471,답,답,답,울산,북구,울산 북구 창평동 195,"8,701,960","8,701,960",낙찰,"14,799,000",170.1%,2023-04-12,2023_2Q,3
울산 8계 2022-100648,아파트,아파트,아파트,울산,울주군,울산 울주군 범서읍 천상리 299-1 천상동아 102동 17층 1701호,"230,000,000","112,700,000",낙찰,"161,235,000",70.1%,2023-02-14,2023_1Q,3
울산 6계 2022-100815,아파트,아파트,아파트,울산,남구,"울산 남구 달동 1403-1 현대하이야트 13,14층 1308호","319,000,000","223,300,000",낙찰,"250,000,000",78.4%,2023-05-18,2023_2Q,3
울산 3계 2022-100891,다세대,다세대주택,다세대,울산,남구,울산 남구 무거동 1250-2 광화빌라 1층 102호,"56,000,000","27,440,000",낙찰,"35,150,000",62.8%,2023-05-10,2023_2Q,3
울산 2계 2022-100945,아파트,아파트,아파트,울산,남구,울산 남구 상개동 152-6 상개목화 101동 15층 A1506호,"146,000,000","102,200,000",낙찰,"103,190,000",70.7%,2023-02-15,2023_1Q,3
울산 3계 2022-101092,주상복합(주거),기타토지,기타토지,울산,중구,울산 중구 반구동 797-4 남경 102동 4층 404호,"223,000,000","156,100,000",낙찰,"175,220,000",78.6%,2023-05-10,2023_2Q,3
울산 3계 2022-101214,하천,기타토지,기타토지,울산,북구,울산 북구 달천동 401-3,"10,209,000","5,002,000",낙찰,"5,091,000",49.9%,2023-06-07,2023_2Q,3
울산 5계 2022-101306,아파트,아파트,아파트,울산,북구,울산 북구 양정동 533-1 삼창에이스파크 11층 1106호,"109,000,000","76,300,000",낙찰,"85,190,000",78.2%,2023-05-03,2023_2Q,3
울산 2계 2022-101368,아파트,아파트,아파트,울산,중구,울산 중구 성안동 476-1 공주마을 402동 2층 203호,"162,000,000","113,400,000",낙찰,"131,000,000",80.9%,2023-02-15,2023_1Q,3
울산 9계 2022-101641(1),답,답,답,울산,울주군,울산 울주군 삼동면 조일리 552,"86,973,000","42,617,000",낙찰,"53,399,000",61.4%,2023-01-17,2023_1Q,3
울산 9계 2022-101641(2),전,전,전,울산,울주군,울산 울주군 삼동면 조일리 707,"441,560,000","106,019,000",낙찰,"138,766,000",31.4%,2023-03-28,2023_1Q,3
울산 10계 2022-101658,아파트,아파트,아파트,울산,울주군,울산 울주군 삼남읍 방기리 565-2 삼아 102동 4층 406호,"55,000,000","38,500,000",낙찰,"41,500,000",75.5%,2023-01-12,2023_1Q,3
울산 5계 2022-101665,아파트,아파트,아파트,울산,울주군,울산 울주군 범서읍 천상리 605 천상국태그린빌 101동 7층 704호,"127,000,000","62,230,000",낙찰,"82,000,000",64.6%,2023-06-14,2023_2Q,3
울산 6계 2022-101719,축사,기타토지,기타토지,울산,울주군,울산 울주군 삼동면 하잠리 810-1 가동호,"118,991,650","58,306,000",낙찰,"59,000,000",49.6%,2023-06-22,2023_2Q,3
울산 5계 2022-101825,도로,기타토지,기타토지,울산,울주군,울산 울주군 두동면 은편리 423-34,"8,639,000","4,233,000",낙찰,"4,233,000",49.0%,2023-06-14,2023_2Q,3
울산 2계 2022-101887,연립,연립주택,연립·빌라,울산,울주군,울산 울주군 범서읍 천상리 657-12 천상더힐 1동 2층 A203호,"197,000,000","96,530,000",낙찰,"142,110,000",72.1%,2023-03-22,2023_1Q,3
울산 7계 2022-101894,아파트,아파트,아파트,울산,중구,울산 중구 태화동 460-3 희마비아이피맨션 1동 2층 205호,"176,000,000","123,200,000",낙찰,"148,750,000",84.5%,2023-03-30,2023_1Q,3
울산 8계 2022-101900,임야,임야,임야,울산,울주군,울산 울주군 두동면 봉계리 산34,"75,120,890","25,767,000",낙찰,"26,500,000",35.3%,2023-04-25,2023_2Q,3
울산 5계 2022-102088,다가구,다가구,다가구,울산,중구,울산 중구 태화동 727-7,"778,858,620","381,641,000",낙찰,"573,838,000",73.7%,2023-06-14,2023_2Q,3
울산 7계 2022-102163,아파트,아파트,아파트,울산,북구,"울산 북구 중산동 621 ,617,622-3,622-4,1200-26,1200-27 현대글로리아 102동 5층 507호","130,000,000","91,000,000",낙찰,"98,900,000",76.1%,2023-01-19,2023_1Q,3
울산 3계 2022-102187,다가구,다가구,다가구,울산,울주군,울산 울주군 온산읍 덕신리 1292-4,"650,602,740","318,795,000",낙찰,"421,110,000",64.7%,2023-06-07,2023_2Q,3
울산 7계 2022-102248,아파트,아파트,아파트,울산,동구,울산 동구 화정동 175 대송현대 102동 6층 602호,"160,000,000","112,000,000",낙찰,"128,200,000",80.1%,2023-01-19,2023_1Q,3
울산 3계 2022-102453,다세대,다세대주택,다세대,울산,울주군,울산 울주군 온산읍 덕신리 1319-1 천산빌라 1층 102호,"61,000,000","42,700,000",낙찰,"47,090,000",77.2%,2023-05-10,2023_2Q,3
울산 4계 2022-102460,차량,기타토지,기타토지,울산,울주군,울산 울주군 언양읍 반천리 534 복산주차장내 보관,"18,000,000","8,820,000",낙찰,"11,150,000",61.9%,2023-02-02,2023_1Q,3
울산 7계 2022-102484,임야,임야,임야,울산,울주군,울산 울주군 서생면 화정리 672-1,"37,731,000","26,412,000",낙찰,"26,412,000",70.0%,2023-02-23,2023_1Q,3
울산 7계 2022-102637,아파트,아파트,아파트,울산,동구,울산 동구 화정동 649-9 진성라포레 10층 1001호,"242,000,000","118,580,000",낙찰,"145,100,000",60.0%,2023-03-30,2023_1Q,3
울산 1계 2022-103005,아파트,아파트,아파트,울산,동구,울산 동구 화정동 851-6 대하크리스탈 102동 8층 815호,"94,000,000","65,800,000",낙찰,"86,600,000",92.1%,2023-03-08,2023_1Q,3
울산 10계 2022-103036,임야,임야,임야,울산,북구,울산 북구 천곡동 산135-2,"486,356,000","486,356,000",낙찰,"541,000,000",111.2%,2023-02-16,2023_1Q,3
울산 6계 2022-103128(1),전,전,전,울산,울주군,울산 울주군 언양읍 직동리 19-1,"28,300,000","28,300,000",낙찰,"28,900,000",102.1%,2023-04-13,2023_2Q,3
울산 8계 2022-103135,차량,기타토지,기타토지,울산,울주군,울산 울주군 언양읍 반천리 534 복산주차장내 보관,"13,000,000","9,100,000",낙찰,"12,100,000",93.1%,2023-01-10,2023_1Q,3
울산 4계 2022-103180,아파트,아파트,아파트,울산,남구,울산 남구 달동 1330-1 삼산선경 1동 2층 207호,"310,000,000","217,000,000",낙찰,"275,500,000",88.9%,2023-05-17,2023_2Q,3
울산 9계 2022-103210,임야,임야,임야,울산,울주군,울산 울주군 범서읍 서사리 산228,"230,080,000","38,669,000",낙찰,"50,419,000",21.9%,2023-06-13,2023_2Q,3
울산 3계 2022-103241,다세대,다세대주택,다세대,울산,중구,울산 중구 학성동 44-3 세영빌라 1동 4층 402호,"107,000,000","74,900,000",낙찰,"90,099,990",84.2%,2023-05-10,2023_2Q,3
울산 4계 2022-103258,차량,기타토지,기타토지,울산,울주군,울산 울주군 언양읍 반천리 534 복산주차장내 보관,"18,000,000","12,600,000",낙찰,"13,300,000",73.9%,2023-03-09,2023_1Q,3
울산 2계 2022-103487,주상복합(주거),기타토지,기타토지,울산,동구,울산 동구 일산동 456-9 삼성힐스파크 18층 1804호,"336,000,000","235,200,000",낙찰,"238,560,000",71.0%,2023-03-22,2023_1Q,3
울산 6계 2022-103586,연립,연립주택,연립·빌라,울산,동구,울산 동구 전하동 637-4 산성 B동 2층 209호,"81,000,000","27,783,000",낙찰,"37,399,990",46.2%,2023-05-18,2023_2Q,3
울산 3계 2022-103630,아파트,아파트,아파트,울산,울주군,울산 울주군 범서읍 천상리 259-5 극동 103동 11층 1107호,"159,000,000","111,300,000",낙찰,"116,571,004",73.3%,2023-05-10,2023_2Q,3
울산 9계 2022-103685,아파트,아파트,아파트,울산,북구,"울산 북구 매곡동 532 ,542-23,542-24,542-25 매곡현대 101동 2층 201호","101,000,000","70,700,000",낙찰,"84,388,888",83.6%,2023-01-17,2023_1Q,3
울산 9계 2022-103722,아파트,아파트,아파트,울산,남구,"울산 남구 야음동 789-9 ,789-6 동부 206동 3층 302호","315,000,000","220,500,000",낙찰,"263,850,000",83.8%,2023-02-21,2023_1Q,3
울산 4계 2022-103982,아파트,아파트,아파트,울산,동구,울산 동구 서부동 284-1 한아름현대 104동 3층 304호,"138,000,000","96,600,000",낙찰,"96,800,000",70.1%,2023-03-09,2023_1Q,3
울산 2계 2022-104022,오피스텔,오피스텔,오피스텔(업무용),울산,중구,울산 중구 반구동 796-11 한미강변빌리지 2층 205호,"39,000,000","39,000,000",낙찰,"39,000,000",100.0%,2023-02-15,2023_1Q,3
울산 8계 2022-104077,아파트,아파트,아파트,울산,울주군,울산 울주군 웅촌면 대복리 302 한솔그린빌 703동 19층 1907호,"73,000,000","51,100,000",낙찰,"58,899,000",80.7%,2023-03-21,2023_1Q,3
울산 5계 2022-104138,아파트,아파트,아파트,울산,북구,울산 북구 천곡동 1153 새천곡한신휴플러스 203동 8층 801호,"329,000,000","230,300,000",낙찰,"265,050,000",80.6%,2023-06-14,2023_2Q,3
울산 6계 2022-104213,전,전,전,울산,울주군,울산 울주군 삼동면 조일리 143,"14,460,000","3,472,000",낙찰,"3,510,000",24.3%,2023-06-22,2023_2Q,3
울산 3계 2022-104244,임야,임야,임야,울산,울주군,울산 울주군 서생면 화산리 산185-2,"38,740,100","38,740,100",낙찰,"38,740,100",100.0%,2023-05-10,2023_2Q,3
울산 9계 2022-104497,아파트,아파트,아파트,울산,중구,울산 중구 태화동 150-7 삼익세라믹 3동 2층 202호,"205,000,000","143,500,000",낙찰,"180,250,000",87.9%,2023-02-21,2023_1Q,3
울산 2계 2022-104527(1),대지,나대지,나대지,울산,울주군,울산 울주군 삼남읍 방기리 974-2,"237,291,910","116,273,000",낙찰,"116,273,000",49.0%,2023-05-31,2023_2Q,3
울산 2계 2022-104527(2),대지,나대지,나대지,울산,울주군,울산 울주군 삼남읍 방기리 974-5,"1,050,410,330","514,701,000",낙찰,"514,701,000",49.0%,2023-05-31,2023_2Q,3
울산 2계 2022-104527(3),대지,나대지,나대지,울산,울주군,울산 울주군 삼남읍 방기리 975-4,"132,409,660","64,881,000",낙찰,"64,881,000",49.0%,2023-05-31,2023_2Q,3
울산 2계 2022-104527(4),대지,나대지,나대지,울산,울주군,울산 울주군 삼남읍 방기리 947-5,"224,548,740","110,029,000",낙찰,"110,029,000",49.0%,2023-05-31,2023_2Q,3
울산 3계 2022-104534,아파트,아파트,아파트,울산,동구,"울산 동구 서부동 257-4 ,249-8 현대패밀리서부 103동 11층 1104호","113,000,000","79,100,000",낙찰,"86,010,000",76.1%,2023-06-07,2023_2Q,3
울산 3계 2022-104633(1),오피스텔,오피스텔,오피스텔(업무용),울산,중구,울산 중구 우정동 529 타워더모스트우정혁신도시 10층 1010호,"106,000,000","74,200,000",낙찰,"83,160,420",78.5%,2023-06-07,2023_2Q,3
울산 3계 2022-104633(2),아파트,아파트,아파트,울산,울주군,울산 울주군 범서읍 천상리 259-5 극동 102동 1층 106호,"127,000,000","88,900,000",낙찰,"110,980,150",87.4%,2023-06-07,2023_2Q,3
울산 2계 2022-104725,근린상가,근린상가,근린상가,울산,동구,울산 동구 전하동 621-2 스타타워 7층 703호,"559,000,000","273,910,000",낙찰,"305,000,000",54.6%,2023-05-31,2023_2Q,3
울산 8계 2022-104817,오피스텔,오피스텔,오피스텔(업무용),울산,남구,울산 남구 신정동 508-2 신정나이스빌 5층 504호,"49,000,000","34,300,000",낙찰,"41,980,000",85.7%,2023-04-25,2023_2Q,3
울산 7계 2022-104916,차량,기타토지,기타토지,울산,울주군,울산 울주군 청량읍 덕하리 414-3 백양주차장내 보관(제3자이길연에게보관),"8,000,000","3,920,000",낙찰,"5,511,000",68.9%,2023-01-19,2023_1Q,3
울산 1계 2022-105087,연립,연립주택,연립·빌라,울산,남구,울산 남구 달동 638-4 삼흥원룸 A동 5층 504호,"44,000,000","30,800,000",낙찰,"38,110,000",86.6%,2023-06-20,2023_2Q,3
울산 3계 2022-105117,아파트,아파트,아파트,울산,남구,울산 남구 옥동 144-1 영남빌리지 10층 1007호,"295,000,000","206,500,000",낙찰,"212,100,000",71.9%,2023-06-07,2023_2Q,3
울산 2계 2022-105315,도로,기타토지,기타토지,울산,중구,울산 중구 북정동 116-4,"6,483,190","6,483,190",낙찰,"8,109,000",125.1%,2023-03-22,2023_1Q,3
울산 4계 2022-105339,아파트,아파트,아파트,울산,중구,울산 중구 성안동 872-2 윈츠힐2차 102동 4층 404호,"168,000,000","117,600,000",낙찰,"121,053,390",72.1%,2023-05-17,2023_2Q,3
울산 9계 2022-105476,아파트,아파트,아파트,울산,중구,울산 중구 복산동 329 동덕현대 3동 5층 512호,"89,000,000","62,300,000",낙찰,"70,950,000",79.7%,2023-02-21,2023_1Q,3
울산 7계 2022-105520,주상복합(주거),기타토지,기타토지,울산,남구,울산 남구 달동 1364-1 울산센트럴자이 6층 101동605호,"616,000,000","431,200,000",낙찰,"445,990,000",72.4%,2023-05-11,2023_2Q,3
울산 9계 2022-105568,아파트,아파트,아파트,울산,동구,"울산 동구 서부동 238-29 ,238-28 현대패밀리명덕 101동 10층 1007호","170,000,000","119,000,000",낙찰,"120,500,000",70.9%,2023-02-21,2023_1Q,3
울산 9계 2022-105681,아파트,아파트,아파트,울산,울주군,울산 울주군 웅촌면 대복리 302 한솔그린빌 701동 15층 1503호,"75,000,000","52,500,000",낙찰,"58,880,000",78.5%,2023-02-21,2023_1Q,3
울산 1계 2022-105919,차량,기타토지,기타토지,울산,울주군,울산 울주군 언양읍 반천리 534 복산주차장내 보관,"10,000,000","7,000,000",낙찰,"9,138,000",91.4%,2023-05-16,2023_2Q,3
울산 2계 2022-105988,차량,기타토지,기타토지,울산,울주군,울산 울주군 청량읍 덕하리 414-3 백양주차장내 보관(제3자 이길연 보관),"23,000,000","16,100,000",낙찰,"21,800,000",94.8%,2023-01-11,2023_1Q,3
울산 9계 2022-106127,아파트,아파트,아파트,울산,중구,울산 중구 성안동 871-13 대동뷰티파크 8층 801호,"219,000,000","153,300,000",낙찰,"171,000,000",78.1%,2023-06-13,2023_2Q,3
울산 2계 2022-106165,아파트,아파트,아파트,울산,중구,울산 중구 우정동 723-1 청우하이츠맨션 101동 15층 1511호,"210,000,000","147,000,000",낙찰,"173,010,000",82.4%,2023-04-26,2023_2Q,3
울산 5계 2022-106196,아파트,아파트,아파트,울산,울주군,울산 울주군 언양읍 반천리 1023-51 현대 104동 19층 1906호,"89,000,000","62,300,000",낙찰,"70,037,000",78.7%,2023-06-14,2023_2Q,3
울산 2계 2022-106233,다세대,다세대주택,다세대,울산,울주군,울산 울주군 삼남읍 교동리 1575-11 굿파크빌 3동 4층 402호,"139,000,000","97,300,000",낙찰,"100,000,000",71.9%,2023-05-31,2023_2Q,3
울산 10계 2022-106431,공장,공장(지식산업센터 업무시설),공장,울산,울주군,울산 울주군 청량읍 용암리 958-1 1동,"5,281,375,000","5,281,375,000",낙찰,"5,312,000,000",100.6%,2023-04-27,2023_2Q,3
울산 7계 2022-106578,차량,기타토지,기타토지,울산,울주군,울산 울주군 언양읍 반천리 534 복산주차장내 보관(제3자 이성학),"12,000,000","8,400,000",낙찰,"10,530,000",87.8%,2023-02-23,2023_1Q,3
울산 10계 2022-106608,연립,연립주택,연립·빌라,울산,울주군,울산 울주군 언양읍 송대리 379 에이스빌라 102동 2층 202호,"45,000,000","15,435,000",낙찰,"15,710,000",34.9%,2023-04-27,2023_2Q,3
울산 9계 2022-106790,아파트,아파트,아파트,울산,북구,울산 북구 화봉동 1492-2 울산송정한라비발디캠퍼스 101동 1층 105호,"583,000,000","408,100,000",낙찰,"480,010,000",82.3%,2023-05-02,2023_2Q,3
울산 6계 2022-106868,차량,기타토지,기타토지,울산,울주군,"울산 울주군 청량읍 덕하리 414-3 주차장(제3자이길연,010-3830-4609)에게보관","13,500,000","9,450,000",낙찰,"9,500,000",70.4%,2023-04-13,2023_2Q,3
울산 10계 2022-106899,차량,기타토지,기타토지,울산,울주군,울산 울주군 언양읍 반천리 534 복산주차장내보관,"13,000,000","6,370,000",낙찰,"8,010,000",61.6%,2023-01-12,2023_1Q,3
울산 10계 2022-107151,차량,기타토지,기타토지,울산,남구,울산 남구 두왕동 453-7 현대주차장내 보관,"6,000,000","2,940,000",낙찰,"4,297,000",71.6%,2023-03-23,2023_1Q,3
울산 10계 2022-107267,아파트,아파트,아파트,울산,울주군,"울산 울주군 온산읍 덕신리 336 ,336-1 무궁화 117동 3층 308호","104,000,000","72,800,000",낙찰,"78,898,890",75.9%,2023-04-27,2023_2Q,3
울산 6계 2022-107304,차량,기타토지,기타토지,울산,울주군,울산 울주군 언양읍 반천리 534 복산주차장내(제3자 이성학(010-3852-4467)) 보관,"33,000,000","23,100,000",낙찰,"30,199,990",91.5%,2023-05-18,2023_2Q,3
울산 6계 2022-107373,차량,기타토지,기타토지,울산,울주군,울산 울주군 언양읍 반천리 534 복산주차장(이성학010-3852-4467)내 보관,"10,000,000","7,000,000",낙찰,"7,510,000",75.1%,2023-01-26,2023_1Q,3
울산 5계 2022-107427,다세대,다세대주택,다세대,울산,남구,울산 남구 달동 1262-3 개나리빌라 2층 201호,"155,000,000","108,500,000",낙찰,"120,000,000",77.4%,2023-06-14,2023_2Q,3
울산 2계 2022-107441,아파트,아파트,아파트,울산,울주군,울산 울주군 삼남읍 교동리 1369 부일맨션 가동 4층 406호,"71,000,000","49,700,000",낙찰,"55,880,000",78.7%,2023-05-31,2023_2Q,3
울산 4계 2022-107700,아파트,아파트,아파트,울산,북구,울산 북구 송정동 1236-4 울산송정제일풍경채레이크뷰 106동 15층 1505호,"601,000,000","420,700,000",낙찰,"525,075,600",87.4%,2023-05-17,2023_2Q,3
울산 4계 2022-107755,아파트,아파트,아파트,울산,울주군,"울산 울주군 언양읍 서부리 262-1 ,262-10 현대아트빌 7층 701호","175,000,000","122,500,000",낙찰,"124,989,000",71.4%,2023-05-17,2023_2Q,3
울산 9계 2022-107854,아파트,아파트,아파트,울산,울주군,울산 울주군 온양읍 발리 1307 여울목 101동 5층 502호,"420,000,000","294,000,000",낙찰,"386,000,000",91.9%,2023-06-13,2023_2Q,3
울산 9계 2022-107939,아파트,아파트,아파트,울산,북구,울산 북구 매곡동 864 월드메르디앙 월드시티 111동 34층 3405호,"455,000,000","318,500,000",낙찰,"393,000,000",86.4%,2023-06-13,2023_2Q,3
울산 2계 2022-108017,차량,기타토지,기타토지,울산,울주군,울산 울주군 언양읍 반천리 534 복산주차장내 보관(제3자 이성학에게 보관),"31,500,000","22,050,000",낙찰,"30,011,110",95.3%,2023-02-15,2023_1Q,3
울산 2계 2022-108093,차량,기타토지,기타토지,울산,남구,울산 남구 두왕동 453-7 현대주차장내 보관(제3자 박성준 보관),"5,200,000","3,640,000",낙찰,"4,181,000",80.4%,2023-01-11,2023_1Q,3
울산 4계 2022-108116,오피스텔(주거),오피스텔,오피스텔(업무용),울산,중구,울산 중구 유곡동 205 리더스 2층 212호,"117,000,000","57,330,000",낙찰,"85,000,000",72.6%,2023-05-17,2023_2Q,3
울산 4계 2022-108277,대지,나대지,나대지,울산,북구,울산 북구 호계동 1010-9,"22,869,000","16,008,000",낙찰,"18,200,000",79.6%,2023-05-17,2023_2Q,3
울산 5계 2022-108284,아파트,아파트,아파트,울산,북구,울산 북구 화봉동 667-1 한우리 2동 1층 104호,"261,000,000","182,700,000",낙찰,"192,222,222",73.6%,2023-06-14,2023_2Q,3
울산 9계 2022-108307,차량,기타토지,기타토지,울산,울주군,울산 울주군 청량읍 덕하리 414-3 백양주차장내 보관,"11,000,000","5,390,000",낙찰,"6,270,000",57.0%,2023-06-13,2023_2Q,3
울산 10계 2022-108321,답,답,답,울산,북구,울산 북구 상안동 188,"408,834,000","286,184,000",낙찰,"350,360,600",85.7%,2023-04-27,2023_2Q,3
울산 4계 2022-108352,아파트,아파트,아파트,울산,남구,"울산 남구 신정동 1880 ,1883,1884 태화강풍림엑슬루타워 B동 37층 3702호","680,000,000","476,000,000",낙찰,"530,010,000",77.9%,2023-05-17,2023_2Q,3
울산 10계 2022-108390,아파트,아파트,아파트,울산,울주군,울산 울주군 범서읍 천상리 268 문수애시앙 106동 15층 1505호,"464,000,000","324,800,000",낙찰,"385,555,000",83.1%,2023-04-27,2023_2Q,3
울산 3계 2022-108710,차량,기타토지,기타토지,울산,울주군,울산 울주군 언양읍 반천리 534 복산주차장내 보관,"7,800,000","5,460,000",낙찰,"6,740,000",86.4%,2023-01-25,2023_1Q,3
울산 9계 2022-108772,차량,기타토지,기타토지,울산,울주군,울산 울주군 언양읍 반천리 534 복산주차장내 보관,"3,500,000","1,715,000",낙찰,"2,140,000",61.1%,2023-03-28,2023_1Q,3
울산 4계 2022-108840,아파트,아파트,아파트,울산,동구,울산 동구 서부동 290-6 신광그린파크 17층 1710호,"158,000,000","110,600,000",낙찰,"118,770,000",75.2%,2023-06-21,2023_2Q,3
울산 2계 2022-108918,차량,기타토지,기타토지,울산,울주군,울산 울주군 온산읍 우봉리 313-8 내 보관(제3자 오현석 보관),"12,000,000","8,400,000",낙찰,"10,750,000",89.6%,2023-03-22,2023_1Q,3
울산 5계 2022-109492,차량,기타토지,기타토지,울산,울주군,울산 울주군 언양읍 반천리 534 복산주차장내 보관,"5,500,000","2,695,000",낙찰,"2,695,000",49.0%,2023-05-03,2023_2Q,3
울산 5계 2022-109577,차량,기타토지,기타토지,울산,울주군,울산 울주군 언양읍 반천리 534 복산주차장내 보관,"9,000,000","6,300,000",낙찰,"7,510,000",83.4%,2023-05-03,2023_2Q,3
울산 10계 2022-109638,답,답,답,울산,울주군,울산 울주군 삼남읍 가천리 17,"979,020,000","479,720,000",낙찰,"612,889,000",62.6%,2023-06-01,2023_2Q,3
울산 4계 2022-110201,차량,기타토지,기타토지,울산,울주군,울산 울주군 청량읍 덕하리 414-3 백양주차장내 보관,"12,000,000","8,400,000",낙찰,"8,880,000",74.0%,2023-03-09,2023_1Q,3
울산 8계 2022-110669,차량,기타토지,기타토지,울산,남구,울산 남구 두왕동 453-7 현대주차장내 보관,"9,000,000","6,300,000",낙찰,"7,100,000",78.9%,2023-04-25,2023_2Q,3
울산 8계 2022-111785,차량,기타토지,기타토지,울산,울주군,울산 울주군 언양읍 반천리 534 복산주차장내 보관,"15,000,000","10,500,000",낙찰,"11,600,000",77.3%,2023-06-08,2023_2Q,3
울산 2계 2022-111938,차량,기타토지,기타토지,울산,울주군,울산 울주군 언양읍 반천리 534 복산주차장(제3자 이성학)내 보관,"14,000,000","9,800,000",낙찰,"11,500,000",82.1%,2023-04-26,2023_2Q,3
울산 1계 2022-112009,차량,기타토지,기타토지,울산,울주군,울산 울주군 언양읍 반천리 534 복산주차장내 보관,"13,000,000","9,100,000",낙찰,"9,633,000",74.1%,2023-06-20,2023_2Q,3
울산 6계 2022-112399,차량,기타토지,기타토지,울산,울주군,울산 울주군 언양읍 반천리 534 복산주차장내보관,"26,000,000","18,200,000",낙찰,"24,500,000",94.2%,2023-04-13,2023_2Q,3
울산 3계 2022-113187,차량,기타토지,기타토지,울산,울주군,울산 울주군 언양읍 반천리 534 복산주차장내 보관,"16,000,000","11,200,000",낙찰,"14,100,000",88.1%,2023-06-07,2023_2Q,3
울산 3계 2023-80,차량,기타토지,기타토지,울산,울주군,울산 울주군 언양읍 반천리 534 복산주차장내 보관,"9,000,000","6,300,000",낙찰,"7,689,990",85.4%,2023-05-10,2023_2Q,3
울산 6계 2023-100201,차량,기타토지,기타토지,울산,울주군,"울산 울주군 언양읍 반천리 534 복산주차장내(이성학,010-3852-4467) 보관","35,000,000","24,500,000",낙찰,"32,050,000",91.6%,2023-05-18,2023_2Q,3
울산 7계 2023-100218,차량,기타토지,기타토지,울산,울주군,울산 울주군 언양읍 반천리 534 복산주차장내 보관(제3자이성학에게보관010-3852-4467),"13,500,000","9,450,000",낙찰,"11,475,000",85.0%,2023-06-15,2023_2Q,3
울산 6계 2023-100515,차량,기타토지,기타토지,울산,울주군,"울산 울주군 언양읍 반천리 534 복산주차장내(이성한,010-3852-4467) 보관","9,000,000","4,410,000",낙찰,"4,780,000",53.1%,2023-06-22,2023_2Q,3
울산 1계 2023-101341,중기,기타토지,기타토지,울산,울주군,울산 울주군 언양읍 반천리 534 복산주차장내 보관(제3자 이성학에게 보관),"170,000,000","119,000,000",낙찰,"127,770,000",75.2%,2023-06-20,2023_2Q,3
울산 8계 2023-101792,차량,기타토지,기타토지,울산,울주군,울산 울주군 언양읍 반천리 534 복산주차장내 보관,"63,000,000","63,000,000",낙찰,"63,000,000",100.0%,2023-06-08,2023_2Q,3
울산 2계 2023-101969,차량,기타토지,기타토지,울산,울주군,울산 울주군 언양읍 반천리 534 복산주차장내 보관(제3자이성학에게보관),"1,000,000","1,000,000",낙찰,"1,430,000",143.0%,2023-05-31,2023_2Q,3
울산 10계 2019-13119(10),오피스텔,오피스텔,오피스텔(업무용),울산,중구,울산 중구 성안동 867-3 로얄팰리스 104동 제6층 602호,"215,000,000","105,350,000",낙찰,"111,388,000",51.8%,2023-08-10,2023_3Q,3
울산 3계 2020-72,주유소용지,기타토지,주유소,울산,울주군,울산 울주군 두동면 천전리 752,"410,400,000","140,767,000",낙찰,"200,000,000",48.7%,2023-09-19,2023_3Q,3
울산 9계 2020-478,주상복합(상가),기타토지,기타토지,울산,동구,"울산 동구 방어동 139-3 동서아트빌라 2,3층 201호","1,280,000,000","307,328,000",낙찰,"378,770,000",29.6%,2023-07-18,2023_3Q,3
울산 9계 2020-3200,근린상가,근린상가,근린상가,울산,울주군,울산 울주군 서생면 명산리 303-5,"1,031,125,420","505,252,000",낙찰,"619,900,000",60.1%,2023-10-31,2023_4Q,3
울산 3계 2020-3903,숙박시설,숙박시설,숙박시설,울산,울주군,울산 울주군 언양읍 동부리 133-7,"1,988,333,780","974,284,000",낙찰,"975,100,000",49.0%,2023-10-24,2023_4Q,3
울산 2계 2020-4494,단독주택,단독,단독주택,울산,중구,울산 중구 성안동 489-6 주건축물 1동,"1,600,427,000","784,209,000",낙찰,"957,700,000",59.8%,2023-08-09,2023_3Q,3
울산 8계 2020-8472,아파트,아파트,아파트,울산,북구,울산 북구 달천동 107-1 그린카운티 201동 3층 303호,"198,000,000","138,600,000",낙찰,"159,875,999",80.7%,2023-11-30,2023_4Q,3
울산 8계 2020-106499(1),대지,나대지,나대지,울산,울주군,울산 울주군 삼남읍 방기리 950-5,"152,790,560","52,407,000",낙찰,"56,530,000",37.0%,2023-11-30,2023_4Q,3
울산 8계 2020-106499(2),대지,나대지,나대지,울산,울주군,울산 울주군 삼남읍 방기리 951-1,"235,152,680","80,658,000",낙찰,"87,110,000",37.0%,2023-11-30,2023_4Q,3
울산 8계 2020-106499(3),대지,나대지,나대지,울산,울주군,울산 울주군 삼남읍 방기리 965-3,"46,714,910","16,023,000",낙찰,"17,280,000",37.0%,2023-11-30,2023_4Q,3
울산 1계 2020-111347(2),주상복합(주거),기타토지,기타토지,울산,동구,"울산 동구 방어동 308-3 ,-8,-18,307-3,-8 월드스카이파크 19층 2101호","210,000,000","8,475,000",낙찰,"8,507,100",4.1%,2023-12-20,2023_4Q,3
울산 4계 2020-113084(2),공장,공장(지식산업센터 업무시설),공장,울산,울주군,울산 울주군 웅촌면 고연리 1178-21 1동호,"1,981,264,900","1,386,885,000",낙찰,"1,911,180,000",96.5%,2023-08-30,2023_3Q,3
울산 5계 2021-1089(2),임야,임야,임야,울산,북구,울산 북구 신현동 560,"86,376,000","20,739,000",낙찰,"27,778,000",32.2%,2023-08-23,2023_3Q,3
울산 3계 2021-1539,근린주택,근린주택,근린주택,울산,남구,울산 남구 달동 126-9,"1,214,225,580","849,958,000",낙찰,"940,501,580",77.5%,2023-09-19,2023_3Q,3
울산 7계 2021-2150,근린상가,근린상가,근린상가,울산,울주군,울산 울주군 범서읍 천상리 643-5,"986,005,120","483,143,000",낙찰,"636,000,000",64.5%,2023-11-09,2023_4Q,3
울산 5계 2021-3313(1),잡종지,잡종지,잡종지,울산,울주군,울산 울주군 온산읍 처용리 366-1,"5,336,597,000","1,830,453,000",낙찰,"3,606,000,000",67.6%,2023-11-02,2023_4Q,3
울산 5계 2021-3313(2),답,답,답,울산,울주군,울산 울주군 온산읍 처용리 355-5,"81,136,000","27,830,000",낙찰,"60,000,000",73.9%,2023-11-02,2023_4Q,3
울산 10계 2021-3429,다가구,다가구,다가구,울산,북구,울산 북구 중산동 1280-2,"1,150,345,200","563,669,000",낙찰,"746,863,000",64.9%,2023-07-06,2023_3Q,3
울산 8계 2021-6640,공장,공장(지식산업센터 업무시설),공장,울산,울주군,"울산 울주군 온양읍 발리 1030 ,1030-1","4,110,074,700","2,013,936,000",낙찰,"2,310,000,000",56.2%,2023-09-20,2023_3Q,3
울산 3계 2021-6749,임야,임야,임야,울산,울주군,울산 울주군 두동면 이전리 558-5,"128,250,000","43,990,000",낙찰,"49,840,000",38.9%,2023-10-24,2023_4Q,3
울산 3계 2021-7971(1),점포,근린상가,점포상가,울산,북구,울산 북구 당사동 527,"350,188,000","171,592,000",낙찰,"205,000,000",58.5%,2023-09-19,2023_3Q,3
울산 3계 2021-7971(2),점포,근린상가,점포상가,울산,북구,"울산 북구 당사동 533 ,531,531-1","1,201,348,820","412,063,000",낙찰,"560,100,000",46.6%,2023-10-24,2023_4Q,3
울산 3계 2021-8301(3),임야,임야,임야,울산,울주군,울산 울주군 범서읍 굴화리 산90-1,"528,816,000","126,969,000",낙찰,"145,000,000",27.4%,2023-10-24,2023_4Q,3
울산 10계 2021-8691,오피스텔(상가),근린상가,오피스텔(업무용),울산,북구,"울산 북구 산하동 972-7 ,972-6 뉴타운 1동 1층 101호","435,000,000","149,205,000",낙찰,"153,580,000",35.3%,2023-07-06,2023_3Q,3
울산 3계 2021-8721,오피스텔(상가),근린상가,오피스텔(업무용),울산,북구,"울산 북구 산하동 972-6 ,972-7 뉴타운 1동 1층 104호","435,000,000","104,444,000",낙찰,"132,600,000",30.5%,2023-07-12,2023_3Q,3
울산 8계 2021-8752,단독주택,단독,단독주택,울산,울주군,울산 울주군 온산읍 덕신리 1365-8,"607,648,640","297,748,000",낙찰,"297,848,000",49.0%,2023-09-20,2023_3Q,3
울산 2계 2021-9113,임야,임야,임야,울산,울주군,울산 울주군 두동면 만화리 683-13,"153,045,000","52,494,000",낙찰,"54,600,000",35.7%,2023-07-11,2023_3Q,3
울산 1계 2021-9120,숙박시설,숙박시설,숙박시설,울산,울주군,울산 울주군 상북면 덕현리 72-2,"3,880,162,810","1,901,280,000",낙찰,"2,011,000,000",51.8%,2023-08-29,2023_3Q,3
울산 5계 2021-9182(1),아파트상가,아파트상가,근린상가,울산,남구,"울산 남구 신정동 1880 ,1883,1884 태화강풍림엑슬루타워 판매시설동 2층 216-O호","489,000,000","167,727,000",낙찰,"171,100,000",35.0%,2023-11-02,2023_4Q,3
울산 5계 2021-9182(2),아파트상가,아파트상가,근린상가,울산,남구,"울산 남구 신정동 1880 ,1883,1884 태화강풍림엑슬루타워 판매시설동 3층 316-N호","365,000,000","125,195,000",낙찰,"128,300,000",35.2%,2023-11-02,2023_4Q,3
울산 2계 2021-9205(1),근린상가,근린상가,근린상가,울산,남구,"울산 남구 신정동 1880 ,1883,1884 태화강풍림엑슬루타워 판매시설동 3층 316-A호","485,000,000","166,355,000",낙찰,"181,419,000",37.4%,2023-10-25,2023_4Q,3
울산 2계 2021-9205(2),근린상가,근린상가,근린상가,울산,남구,"울산 남구 신정동 1880 ,1883,1884 태화강풍림엑슬루타워 판매시설동 3층 316-O호","409,000,000","140,287,000",낙찰,"141,100,000",34.5%,2023-10-25,2023_4Q,3
울산 10계 2021-9397,다가구,다가구,다가구,울산,동구,울산 동구 방어동 129-1,"1,598,514,200","548,290,000",낙찰,"788,888,000",49.4%,2023-08-10,2023_3Q,3
울산 2계 2021-9410,전,전,전,울산,울주군,울산 울주군 상북면 지내리 826,"315,560,000","154,624,000",낙찰,"221,000,000",70.0%,2023-07-11,2023_3Q,3
울산 4계 2021-10083,임야,임야,임야,울산,울주군,울산 울주군 삼동면 금곡리 산214,"574,540,000","137,948,000",낙찰,"173,777,000",30.2%,2023-07-26,2023_3Q,3
울산 7계 2021-108027,근린상가,근린상가,근린상가,울산,울주군,울산 울주군 언양읍 반천리 1106-6,"980,910,440","235,516,000",낙찰,"310,138,900",31.6%,2023-08-24,2023_3Q,3
울산 7계 2021-108225,아파트,아파트,아파트,울산,남구,울산 남구 신정동 167-36 아느칸빌 B동 6층 601호,"190,000,000","45,619,000",낙찰,"55,000,900",28.9%,2023-07-20,2023_3Q,3
울산 1계 2021-108577,아파트,아파트,아파트,울산,중구,울산 중구 태화동 171 남운파크맨션 9층 906호,"281,000,000","196,700,000",낙찰,"242,100,000",86.2%,2023-12-20,2023_4Q,3
울산 1계 2021-109822(1),단독주택,단독,단독주택,울산,울주군,울산 울주군 두서면 구량리 348-1,"265,946,500","186,163,000",낙찰,"190,500,000",71.6%,2023-07-25,2023_3Q,3
울산 4계 2021-111986,아파트,아파트,아파트,울산,울주군,울산 울주군 범서읍 천상리 646 천상한라그린피스맨션 101동 5층 501호,"92,000,000","45,080,000",낙찰,"58,000,000",63.0%,2023-10-04,2023_4Q,3
울산 4계 2021-111993,근린상가,근린상가,근린상가,울산,중구,울산 중구 성남동 177-1,"946,821,100","946,821,100",낙찰,"1,312,000,000",138.6%,2023-07-26,2023_3Q,3
울산 1계 2021-112033,다세대,다세대주택,다세대,울산,울주군,울산 울주군 온산읍 덕신리 278-15 협성빌 2층 203호,"37,200,000","4,376,000",낙찰,"9,000,000",24.2%,2023-10-10,2023_4Q,3
울산 9계 2021-112071,답,답,답,울산,울주군,울산 울주군 언양읍 반송리 800-2,"667,280,000","228,877,000",낙찰,"267,000,000",40.0%,2023-09-26,2023_3Q,3
울산 4계 2021-112347,다세대,다세대주택,다세대,울산,동구,울산 동구 화정동 157-31 동양빌라 A동 4층 402호,"126,000,000","61,740,000",낙찰,"67,110,000",53.3%,2023-07-26,2023_3Q,3
울산 5계 2021-112460,근린상가,근린상가,근린상가,울산,남구,울산 남구 신정동 588-5,"1,854,455,400","1,298,119,000",낙찰,"1,621,989,000",87.5%,2023-08-23,2023_3Q,3
울산 5계 2021-112545,아파트,아파트,아파트,울산,북구,"울산 북구 천곡동 940-6 ,940-7,940-9,940-14 농소대동한마음타운 102동 15층 1510호","111,000,000","77,700,000",낙찰,"93,088,800",83.9%,2023-08-23,2023_3Q,3
울산 9계 2021-112576,숙박시설,숙박시설,숙박시설,울산,울주군,울산 울주군 상북면 덕현리 1225-15,"1,626,829,200","558,002,000",낙찰,"577,777,000",35.5%,2023-08-22,2023_3Q,3
울산 2계 2021-112736,공장,공장(지식산업센터 업무시설),공장,울산,울주군,울산 울주군 삼동면 작동리 822-6 1동,"1,965,959,320","1,376,172,000",낙찰,"1,680,000,000",85.5%,2023-07-11,2023_3Q,3
울산 4계 2021-112958,공장,공장(지식산업센터 업무시설),공장,울산,북구,울산 북구 달천동 212-4 A동호,"4,237,796,300","4,237,796,300",낙찰,"4,255,000,000",100.4%,2023-07-26,2023_3Q,3
울산 5계 2021-113036,답,답,답,울산,울주군,울산 울주군 온양읍 동상리 878-1,"400,444,000","400,444,000",낙찰,"400,444,000",100.0%,2023-11-02,2023_4Q,3
울산 4계 2021-113067,아파트,아파트,아파트,울산,북구,울산 북구 화봉동 1492-2 울산송정한라비발디캠퍼스 106동 3층 305호,"642,000,000","449,400,000",낙찰,"476,360,000",74.2%,2023-08-30,2023_3Q,3
울산 5계 2021-113227(1),근린상가,근린상가,근린상가,울산,남구,"울산 남구 삼산동 1628-4 ,1628-5","2,812,461,520","1,968,723,000",낙찰,"2,330,000,100",82.8%,2023-07-19,2023_3Q,3
울산 5계 2021-113227(2),단독주택,단독,단독주택,울산,울주군,"울산 울주군 상북면 등억알프스리 625 ,624,626","1,351,925,790","662,444,000",낙찰,"750,000,000",55.5%,2023-08-23,2023_3Q,3
울산 3계 2022-281,주상복합(주거),기타토지,기타토지,울산,동구,울산 동구 방어동 925-10 하우스토리 10층 1001호,"310,000,000","151,900,000",낙찰,"208,888,000",67.4%,2023-08-16,2023_3Q,3
울산 4계 2022-434(1),주상복합(주거),기타토지,기타토지,울산,동구,울산 동구 방어동 324-5 신세계파크 3층 301호,"262,000,000","128,380,000",낙찰,"148,380,000",56.6%,2023-07-26,2023_3Q,3
울산 4계 2022-434(2),주상복합(주거),기타토지,기타토지,울산,동구,울산 동구 방어동 324-5 신세계파크 3층 302호,"262,000,000","128,380,000",낙찰,"158,380,000",60.5%,2023-07-26,2023_3Q,3
울산 4계 2022-434(3),주상복합(주거),기타토지,기타토지,울산,동구,울산 동구 방어동 324-5 신세계파크 4층 402호,"270,000,000","132,300,000",낙찰,"142,770,000",52.9%,2023-07-26,2023_3Q,3
울산 4계 2022-434(4),주상복합(주거),기타토지,기타토지,울산,동구,울산 동구 방어동 324-5 신세계파크 5층 501호,"270,000,000","132,300,000",낙찰,"153,300,000",56.8%,2023-07-26,2023_3Q,3
울산 1계 2022-557,단독주택,단독,단독주택,울산,울주군,"울산 울주군 웅촌면 대대리 430-2 ,-3 1동호","107,265,000","75,086,000",낙찰,"113,880,000",106.2%,2023-11-15,2023_4Q,3
울산 1계 2022-571,단독주택,단독,단독주택,울산,북구,울산 북구 당사동 388,"384,105,980","188,212,000",낙찰,"188,213,000",49.0%,2023-08-29,2023_3Q,3
울산 4계 2022-656(1),임야,임야,임야,울산,울주군,울산 울주군 두동면 봉계리 산221-1,"747,637,100","179,507,000",낙찰,"211,000,000",28.2%,2023-12-13,2023_4Q,3
울산 4계 2022-656(2),임야,임야,임야,울산,울주군,울산 울주군 두동면 봉계리 산221-7,"41,655,600","10,002,000",낙찰,"11,000,000",26.4%,2023-12-13,2023_4Q,3
울산 4계 2022-656(3),임야,임야,임야,울산,울주군,울산 울주군 두동면 봉계리 산221-8,"41,655,600","10,002,000",낙찰,"11,000,000",26.4%,2023-12-13,2023_4Q,3
울산 4계 2022-755,오피스텔(주거),오피스텔,오피스텔(업무용),울산,중구,울산 중구 유곡동 205 리더스 4층 415호,"123,000,000","60,270,000",낙찰,"72,000,000",58.5%,2023-08-30,2023_3Q,3
울산 3계 2022-809,다세대,다세대주택,다세대,울산,동구,울산 동구 서부동 383-10 은빛에베로힐 102동 지하1층 상가1호,"143,000,000","49,049,000",낙찰,"49,059,000",34.3%,2023-07-12,2023_3Q,3
울산 1계 2022-1048,차량,기타토지,기타토지,울산,울주군,울산 울주군 청량읍 덕하리 414-3 백양주차장내(제3자이길연) 보관,"60,000,000","7,059,000",낙찰,"11,550,000",19.3%,2023-08-29,2023_3Q,3
울산 1계 2022-1123,임야,임야,임야,울산,울주군,울산 울주군 서생면 나사리 산34-1,"75,480,000","18,123,000",낙찰,"22,600,000",29.9%,2023-10-10,2023_4Q,3
울산 4계 2022-1260(1),답,답,답,울산,울주군,울산 울주군 삼남읍 상천리 301-3,"58,080,000","28,459,000",낙찰,"33,670,000",58.0%,2023-07-26,2023_3Q,3
울산 4계 2022-1260(2),답,답,답,울산,울주군,울산 울주군 삼남읍 상천리 314-7,"610,190,000","209,295,000",낙찰,"238,888,000",39.1%,2023-08-30,2023_3Q,3
울산 4계 2022-1260(3),답,답,답,울산,울주군,울산 울주군 삼남읍 상천리 1014-5,"325,304,000","159,399,000",낙찰,"166,100,000",51.1%,2023-07-26,2023_3Q,3
울산 3계 2022-1352,아파트,아파트,아파트,울산,울주군,울산 울주군 온양읍 망양리 464-1 제니스아트빌 4층 401호,"207,000,000","71,001,000",낙찰,"108,880,000",52.6%,2023-07-12,2023_3Q,3
울산 4계 2022-1369(1),다세대,다세대주택,다세대,울산,울주군,울산 울주군 온양읍 망양리 464-1 제니스아트빌 2층 201호,"177,000,000","86,730,000",낙찰,"114,100,000",64.5%,2023-07-26,2023_3Q,3
울산 4계 2022-1369(2),다세대,다세대주택,다세대,울산,울주군,울산 울주군 온양읍 망양리 464-1 제니스아트빌 3층 301호,"184,000,000","90,160,000",낙찰,"112,330,000",61.0%,2023-07-26,2023_3Q,3
울산 4계 2022-1369(3),다세대,다세대주택,다세대,울산,울주군,울산 울주군 온양읍 망양리 464-1 제니스아트빌 3층 302호,"180,000,000","88,200,000",낙찰,"105,840,000",58.8%,2023-07-26,2023_3Q,3
울산 7계 2022-1567(2),도로,기타토지,기타토지,울산,북구,울산 북구 천곡동 879-2,"18,700,000","9,163,000",낙찰,"10,000,000",53.5%,2023-11-09,2023_4Q,3
울산 6계 2022-1703(1),임야,임야,임야,울산,남구,울산 남구 장생포동 산12-1,"451,674,000","154,924,000",낙찰,"204,721,000",45.3%,2023-11-16,2023_4Q,3
울산 6계 2022-1703(2),전,전,전,울산,남구,울산 남구 장생포동 38,"101,890,000","34,948,000",낙찰,"46,181,000",45.3%,2023-11-16,2023_4Q,3
울산 9계 2022-2003,아파트,아파트,아파트,울산,남구,울산 남구 신정동 678-2 성원코지빌 3층 B-302호,"278,000,000","194,600,000",낙찰,"230,989,000",83.1%,2023-10-31,2023_4Q,3
울산 7계 2022-2331,아파트,아파트,아파트,울산,동구,울산 동구 전하동 665 전하국민 B동 3층 306호,"97,000,000","67,900,000",낙찰,"68,010,000",70.1%,2023-07-20,2023_3Q,3
울산 6계 2022-2355,다세대,다세대주택,다세대,울산,동구,울산 동구 방어동 307-6 세진빌라 1층 101호,"58,000,000","4,777,000",낙찰,"56,000,000",96.6%,2023-12-21,2023_4Q,3
울산 3계 2022-2522,아파트,아파트,아파트,울산,동구,울산 동구 서부동 238-27 현대패밀리명덕2차 204동 10층 1004호,"152,000,000","106,400,000",낙찰,"135,100,000",88.9%,2023-08-16,2023_3Q,3
울산 4계 2022-2539,주상복합(상가),기타토지,기타토지,울산,남구,울산 남구 무거동 1527-4 울산대이즈플레이스 1층 116호,"1,423,000,000","488,089,000",낙찰,"623,400,000",43.8%,2023-11-08,2023_4Q,3
울산 3계 2022-2645,다세대,다세대주택,다세대,울산,남구,울산 남구 선암동 564-10 청오빌라 1층 102호,"110,000,000","53,900,000",낙찰,"77,999,990",70.9%,2023-07-12,2023_3Q,3
울산 5계 2022-2669,전,전,전,울산,울주군,울산 울주군 삼남읍 방기리 369-1,"2,666,238,000","914,520,000",낙찰,"1,257,890,000",47.2%,2023-08-23,2023_3Q,3
울산 6계 2022-2676(1),전,전,전,울산,울주군,울산 울주군 서생면 용리 281,"126,096,000","61,787,000",낙찰,"77,691,000",61.6%,2023-11-16,2023_4Q,3
울산 6계 2022-2676(2),대지,나대지,나대지,울산,울주군,울산 울주군 서생면 용리 282,"92,644,000","45,396,000",낙찰,"47,495,000",51.3%,2023-11-16,2023_4Q,3
울산 6계 2022-2676(3),단독주택,단독,단독주택,울산,북구,울산 북구 호계동 650-6,"76,528,840","26,249,000",낙찰,"32,727,200",42.8%,2023-12-21,2023_4Q,3
울산 6계 2022-2676(4),답,답,답,울산,북구,울산 북구 호계동 910-10,"272,570,700","93,491,000",낙찰,"103,666,000",38.0%,2023-12-21,2023_4Q,3
울산 7계 2022-2713,임야,임야,임야,울산,울주군,울산 울주군 웅촌면 검단리 146-13,"132,471,000","64,911,000",낙찰,"83,000,000",62.7%,2023-07-20,2023_3Q,3
울산 8계 2022-2805,점포,근린상가,점포상가,울산,동구,울산 동구 화정동 870-11,"984,530,960","482,420,000",낙찰,"550,099,999",55.9%,2023-11-30,2023_4Q,3
울산 7계 2022-2843,아파트,아파트,아파트,울산,동구,"울산 동구 동부동 150 ,150-1,218-1,592-20 현대패밀리동부 115동 8층 806호","101,000,000","70,700,000",낙찰,"76,960,000",76.2%,2023-08-24,2023_3Q,3
울산 6계 2022-2898,임야,임야,임야,울산,울주군,울산 울주군 언양읍 반천리 산189-8,"22,793,000","7,818,000",낙찰,"9,742,850",42.7%,2023-10-12,2023_4Q,3
울산 10계 2022-3044,아파트,아파트,아파트,울산,울주군,울산 울주군 온양읍 대안리 196 울산온양대우 105동 5층 503호,"204,000,000","142,800,000",낙찰,"163,500,000",80.1%,2023-09-14,2023_3Q,3
울산 5계 2022-3242,아파트,아파트,아파트,울산,남구,울산 남구 무거동 478-1 울산옥현2주공 206동 2층 201호,"430,000,000","301,000,000",낙찰,"364,260,000",84.7%,2023-12-06,2023_4Q,3
울산 7계 2022-3266,근린주택,근린주택,근린주택,울산,동구,울산 동구 주전동 317-4,"1,437,515,340","493,068,000",낙찰,"577,777,000",40.2%,2023-08-24,2023_3Q,3
울산 6계 2022-3396,답,답,답,울산,북구,울산 북구 염포동 811,"155,304,000","18,271,000",낙찰,"21,000,000",13.5%,2023-12-21,2023_4Q,3
울산 5계 2022-3488(1),대지,나대지,나대지,울산,울주군,울산 울주군 삼남읍 가천리 998-20,"853,539,000","292,764,000",낙찰,"368,232,000",43.1%,2023-08-23,2023_3Q,3
울산 5계 2022-3488(2),대지,나대지,나대지,울산,울주군,울산 울주군 삼남읍 가천리 998-33,"1,166,180,000","571,428,000",낙찰,"584,949,999",50.2%,2023-07-19,2023_3Q,3
울산 5계 2022-3488(3),임야,임야,임야,울산,울주군,울산 울주군 웅촌면 고연리 477-13,"47,959,000","23,500,000",낙찰,"29,200,000",60.9%,2023-07-19,2023_3Q,3
울산 5계 2022-3488(4),도로,기타토지,기타토지,울산,울주군,울산 울주군 웅촌면 고연리 477-34,"9,853,000","4,828,000",낙찰,"6,800,000",69.0%,2023-07-19,2023_3Q,3
울산 5계 2022-3488(5),임야,임야,임야,울산,울주군,울산 울주군 웅촌면 고연리 477-36,"41,552,000","14,252,000",낙찰,"16,532,000",39.8%,2023-12-06,2023_4Q,3
울산 8계 2022-3686,아파트,아파트,아파트,울산,북구,울산 북구 명촌동 895-3 리비에르1차 105동 7층 701호,"297,000,000","207,900,000",낙찰,"235,999,999",79.5%,2023-10-26,2023_4Q,3
울산 6계 2022-3709,다세대,다세대주택,다세대,울산,남구,울산 남구 달동 1302-14 진주원룸 3층 302호,"48,000,000","33,600,000",낙찰,"34,700,000",72.3%,2023-07-27,2023_3Q,3
울산 3계 2022-3754,답,답,답,울산,울주군,울산 울주군 언양읍 태기리 670,"208,845,000","102,334,000",낙찰,"106,000,000",50.8%,2023-08-16,2023_3Q,3
울산 4계 2022-3815,아파트,아파트,아파트,울산,동구,"울산 동구 서부동 257-4 ,249-8 현대패밀리서부 113동 9층 901호","116,000,000","56,840,000",낙찰,"78,610,000",67.8%,2023-10-04,2023_4Q,3
울산 1계 2022-3839,아파트,아파트,아파트,울산,울주군,울산 울주군 범서읍 천상리 605 천상국태그린빌 102동 13층 1312호,"132,000,000","92,400,000",낙찰,"94,679,990",71.7%,2023-07-25,2023_3Q,3
울산 3계 2022-4009(2),임야,임야,임야,울산,울주군,울산 울주군 웅촌면 석천리 245-7,"24,926,000","12,214,000",낙찰,"13,590,000",54.5%,2023-09-19,2023_3Q,3
울산 5계 2022-4016,답,답,답,울산,울주군,울산 울주군 서생면 위양리 814-2,"722,863,000","173,559,000",낙찰,"255,355,900",35.3%,2023-09-27,2023_3Q,3
울산 10계 2022-4078,창고,기타건물,창고,울산,울주군,울산 울주군 서생면 나사리 336,"1,517,764,000","520,594,000",낙찰,"563,000,000",37.1%,2023-10-19,2023_4Q,3
울산 1계 2022-4177,아파트,아파트,아파트,울산,동구,"울산 동구 서부동 257-4 ,249-8 현대패밀리서부 122동 7층 704호","134,000,000","93,800,000",낙찰,"105,010,000",78.4%,2023-07-25,2023_3Q,3
울산 2계 2022-4344,아파트,아파트,아파트,울산,울주군,울산 울주군 범서읍 천상리 605 천상국태그린빌 102동 2층 208호,"114,000,000","79,800,000",낙찰,"95,130,000",83.4%,2023-07-11,2023_3Q,3
울산 6계 2022-4375,단독주택,단독,단독주택,울산,동구,울산 동구 방어동 424-4 2호,"331,768,600","162,567,000",낙찰,"174,110,000",52.5%,2023-10-12,2023_4Q,3
울산 7계 2022-4382,답,답,답,울산,울주군,울산 울주군 온양읍 고산리 635-10,"372,861,000","182,702,000",낙찰,"350,000,000",93.9%,2023-11-09,2023_4Q,3
울산 8계 2022-4399,임야,임야,임야,울산,울주군,울산 울주군 두동면 구미리 2-11,"73,910,000","25,351,000",낙찰,"36,800,000",49.8%,2023-09-20,2023_3Q,3
울산 6계 2022-4450,답,답,답,울산,울주군,울산 울주군 온산읍 강양리 591,"464,940,000","227,821,000",낙찰,"305,115,000",65.6%,2023-07-27,2023_3Q,3
울산 6계 2022-4542,단독주택,단독,단독주택,울산,울주군,울산 울주군 서생면 진하리 423-3,"539,145,000","264,181,000",낙찰,"312,300,000",57.9%,2023-08-31,2023_3Q,3
울산 4계 2022-4764,아파트,아파트,아파트,울산,북구,울산 북구 달천동 886 달천아이파크2차 201동 2층 206호,"366,000,000","256,200,000",낙찰,"272,100,000",74.3%,2023-08-30,2023_3Q,3
울산 3계 2022-4832,임야,임야,임야,울산,울주군,울산 울주군 상북면 산전리 산55-10,"77,116,000","77,116,000",낙찰,"200,000,000",259.3%,2023-07-12,2023_3Q,3
울산 9계 2022-4948(1),답,답,답,울산,울주군,울산 울주군 언양읍 다개리 612-1,"433,125,000","148,562,000",낙찰,"166,500,000",38.4%,2023-10-31,2023_4Q,3
울산 6계 2022-4962,대지,나대지,나대지,울산,남구,울산 남구 야음동 749-13,"89,269,900","21,433,000",낙찰,"26,425,000",29.6%,2023-10-12,2023_4Q,3
울산 1계 2022-4986,도로,기타토지,기타토지,울산,동구,울산 동구 일산동 159-10,"153,228,000","153,228,000",낙찰,"554,200,000",361.7%,2023-07-25,2023_3Q,3
울산 3계 2022-4993,임야,임야,임야,울산,울주군,울산 울주군 삼동면 하잠리 산402-3,"892,560,000","892,560,000",낙찰,"902,100,000",101.1%,2023-07-12,2023_3Q,3
울산 6계 2022-5149,공장,공장(지식산업센터 업무시설),공장,울산,울주군,울산 울주군 웅촌면 고연리 221 A동,"1,236,552,400","865,587,000",낙찰,"950,281,500",76.8%,2023-10-12,2023_4Q,3
울산 10계 2022-5224,대지,나대지,나대지,울산,동구,울산 동구 방어동 1046-1,"1,293,369,000","443,626,000",낙찰,"561,000,000",43.4%,2023-08-10,2023_3Q,3
울산 5계 2022-5385,임야,임야,임야,울산,울주군,울산 울주군 온산읍 화산리 산99-6,"1,165,098,000","815,569,000",낙찰,"912,000,000",78.3%,2023-07-19,2023_3Q,3
울산 8계 2022-5484,다세대,다세대주택,다세대,울산,중구,울산 중구 남외동 1032-5 영진빌리지 5층 401호,"190,000,000","133,000,000",낙찰,"134,005,230",70.5%,2023-07-13,2023_3Q,3
울산 3계 2022-5491,임야,임야,임야,울산,울주군,울산 울주군 두동면 만화리 산110,"1,138,124,000","796,687,000",낙찰,"813,000,000",71.4%,2023-08-16,2023_3Q,3
울산 5계 2022-5507,다세대,다세대주택,다세대,울산,울주군,울산 울주군 범서읍 구영리 716-3 엣지타워 8층 1502호,"420,000,000","205,800,000",낙찰,"275,100,000",65.5%,2023-08-23,2023_3Q,3
울산 6계 2022-5514(1),오피스텔(주거),오피스텔,오피스텔(업무용),울산,울주군,울산 울주군 범서읍 구영리 716-3 엣지타워 3층 502호,"148,000,000","72,520,000",낙찰,"77,770,000",52.5%,2023-10-12,2023_4Q,3
울산 6계 2022-5514(2),오피스텔(주거),오피스텔,오피스텔(업무용),울산,울주군,울산 울주군 범서읍 구영리 716-3 엣지타워 4층 701호,"148,000,000","72,520,000",낙찰,"77,250,000",52.2%,2023-10-12,2023_4Q,3
울산 6계 2022-5514(3),오피스텔(주거),오피스텔,오피스텔(업무용),울산,울주군,울산 울주군 범서읍 구영리 716-3 엣지타워 4층 702호,"148,000,000","72,520,000",낙찰,"93,499,900",63.2%,2023-10-12,2023_4Q,3
울산 6계 2022-5514(4),오피스텔(주거),오피스텔,오피스텔(업무용),울산,울주군,울산 울주군 범서읍 구영리 716-3 엣지타워 4층 703호,"148,000,000","72,520,000",낙찰,"78,770,000",53.2%,2023-10-12,2023_4Q,3
울산 6계 2022-5514(5),오피스텔(주거),오피스텔,오피스텔(업무용),울산,울주군,울산 울주군 범서읍 구영리 716-3 엣지타워 5층 901호,"148,000,000","72,520,000",낙찰,"100,893,000",68.2%,2023-10-12,2023_4Q,3
울산 6계 2022-5514(6),오피스텔(주거),오피스텔,오피스텔(업무용),울산,울주군,울산 울주군 범서읍 구영리 716-3 엣지타워 5층 902호,"148,000,000","72,520,000",낙찰,"81,770,000",55.3%,2023-10-12,2023_4Q,3
울산 5계 2022-5583,답,답,답,울산,울주군,울산 울주군 상북면 산전리 804,"464,160,000","159,207,000",낙찰,"162,070,000",34.9%,2023-09-27,2023_3Q,3
울산 9계 2022-5606,아파트,아파트,아파트,울산,울주군,울산 울주군 언양읍 서부리 246-8 웨스턴빌 3층 301호,"170,000,000","119,000,000",낙찰,"141,198,900",83.1%,2023-09-26,2023_3Q,3
울산 6계 2022-5668,임야,임야,임야,울산,울주군,울산 울주군 청량읍 개곡리 산148-1,"410,895,000","69,059,000",낙찰,"93,990,000",22.9%,2023-12-21,2023_4Q,3
울산 7계 2022-5675,아파트,아파트,아파트,울산,북구,울산 북구 매곡동 864 월드메르디앙 월드시티 107동 30층 3001호,"568,000,000","397,600,000",낙찰,"450,100,000",79.2%,2023-11-09,2023_4Q,3
울산 2계 2022-5699(1),임야,임야,임야,울산,울주군,울산 울주군 두서면 차리 산132-5,"438,561,000","150,427,000",낙찰,"186,000,000",42.4%,2023-10-25,2023_4Q,3
울산 2계 2022-5699(2),임야,임야,임야,울산,울주군,울산 울주군 두서면 차리 412,"105,300,000","51,597,000",낙찰,"52,000,000",49.4%,2023-09-13,2023_3Q,3
울산 2계 2022-5699(3),전,전,전,울산,울주군,울산 울주군 두서면 차리 412-1,"190,811,000","45,814,000",낙찰,"56,780,000",29.8%,2023-11-29,2023_4Q,3
울산 7계 2022-5736,아파트,아파트,아파트,울산,북구,울산 북구 상안동 358-1 쌍용아진그린타운 104동 3층 303호,"141,000,000","98,700,000",낙찰,"127,000,000",90.1%,2023-11-09,2023_4Q,3
울산 8계 2022-5767,단독주택,단독,단독주택,울산,동구,울산 동구 전하동 752-15,"334,194,700","114,629,000",낙찰,"142,990,000",42.8%,2023-10-26,2023_4Q,3
울산 5계 2022-5804,아파트,아파트,아파트,울산,울주군,울산 울주군 온양읍 대안리 266-2 우주그린가든 101동 5층 510호,"80,000,000","56,000,000",낙찰,"65,000,000",81.3%,2023-07-19,2023_3Q,3
울산 8계 2022-5873,단독주택,단독,단독주택,울산,동구,울산 동구 화정동 150-7,"824,411,950","403,962,000",낙찰,"463,778,000",56.3%,2023-11-30,2023_4Q,3
울산 9계 2022-5880,임야,임야,임야,울산,북구,울산 북구 상안동 산4,"207,876,000","207,876,000",낙찰,"213,009,000",102.5%,2023-08-22,2023_3Q,3
울산 4계 2022-5965,사무실,사무실,사무실,울산,동구,울산 동구 전하동 639-8 전하동에스오션타워 6층 601호,"120,000,000","58,800,000",낙찰,"62,000,000",51.7%,2023-10-04,2023_4Q,3
울산 1계 2022-6067,아파트,아파트,아파트,울산,남구,울산 남구 무거동 1543 무거한라3차 10층 1008호,"175,000,000","122,500,000",낙찰,"149,999,999",85.7%,2023-08-29,2023_3Q,3
울산 5계 2022-6081(2),답,답,답,울산,울주군,울산 울주군 두동면 만화리 988,"480,580,000","115,387,000",낙찰,"156,100,000",32.5%,2023-11-02,2023_4Q,3
울산 5계 2022-6081(3),답,답,답,울산,울주군,울산 울주군 두동면 만화리 996,"247,488,000","121,269,000",낙찰,"148,500,000",60.0%,2023-08-23,2023_3Q,3
울산 5계 2022-6081(4),답,답,답,울산,울주군,울산 울주군 두동면 만화리 1027,"89,280,000","62,496,000",낙찰,"64,210,000",71.9%,2023-07-19,2023_3Q,3
울산 5계 2022-6081(5),답,답,답,울산,울주군,울산 울주군 두동면 만화리 1036,"93,940,000","15,789,000",낙찰,"16,600,000",17.7%,2023-12-06,2023_4Q,3
울산 5계 2022-6081(6),답,답,답,울산,울주군,울산 울주군 두동면 만화리 1050-1,"236,714,000","56,835,000",낙찰,"71,210,000",30.1%,2023-11-02,2023_4Q,3
울산 1계 2022-6111,아파트,아파트,아파트,울산,북구,울산 북구 중산동 622 현대 202동 12층 1206호,"119,000,000","83,300,000",낙찰,"98,330,000",82.6%,2023-11-15,2023_4Q,3
울산 8계 2022-6135,근린상가,근린상가,근린상가,울산,중구,울산 중구 서동 612-2 혁신프라자2 3층 303호,"705,000,000","241,815,000",낙찰,"314,199,000",44.6%,2023-10-26,2023_4Q,3
울산 2계 2022-6166,아파트,아파트,아파트,울산,중구,울산 중구 태화동 412-2 진영동부 104동 16층 1606호,"184,000,000","128,800,000",낙찰,"151,280,000",82.2%,2023-07-11,2023_3Q,3
울산 6계 2022-6173,아파트,아파트,아파트,울산,울주군,"울산 울주군 범서읍 천상리 324-2 ,324-15,324-27 경동태원하이빌 102동 5층 505호","122,000,000","122,000,000",낙찰,"122,000,000",100.0%,2023-07-27,2023_3Q,3
울산 7계 2022-6203,아파트,아파트,아파트,울산,울주군,"울산 울주군 삼남읍 교동리 1678 ,1679 영남알프스타운 104동 7층 702호","80,000,000","56,000,000",낙찰,"63,500,000",79.4%,2023-10-05,2023_4Q,3
울산 3계 2022-6265,다세대,다세대주택,다세대,울산,중구,울산 중구 성안동 860-11 해바라기마을 5층 501호,"179,000,000","125,300,000",낙찰,"127,700,000",71.3%,2023-09-19,2023_3Q,3
울산 1계 2022-6296(1),임야,임야,임야,울산,울주군,울산 울주군 서생면 명산리 산75-7,"881,864,000","432,114,000",낙찰,"542,210,000",61.5%,2023-10-10,2023_4Q,3
울산 1계 2022-6296(2),임야,임야,임야,울산,울주군,울산 울주군 서생면 명산리 산75-8,"429,780,000","429,780,000",낙찰,"537,888,800",125.2%,2023-07-25,2023_3Q,3
울산 3계 2022-6357,아파트,아파트,아파트,울산,남구,울산 남구 삼산동 1459-1 현대 105동 2층 201호,"677,000,000","473,900,000",낙찰,"483,000,000",71.3%,2023-10-24,2023_4Q,3
울산 10계 2022-6425,아파트,아파트,아파트,울산,남구,울산 남구 신정동 319 강변센트럴하이츠 103동 3층 301호,"633,000,000","633,000,000",낙찰,"633,000,100",100.0%,2023-08-10,2023_3Q,3
울산 10계 2022-6470,노유자시설,기타건물,노유자시설,울산,울주군,"울산 울주군 범서읍 입암리 432 ,434,438-3","6,283,062,100","3,078,700,000",낙찰,"4,000,000,000",63.7%,2023-11-23,2023_4Q,3
울산 2계 2022-6548,아파트,아파트,아파트,울산,북구,"울산 북구 염포동 282-1 ,282-2 성은 A동 1층 103호","89,000,000","62,300,000",낙찰,"63,500,000",71.3%,2023-08-09,2023_3Q,3
울산 2계 2022-6609,아파트,아파트,아파트,울산,북구,울산 북구 연암동 415 벽산늘푸른 111동 7층 706호,"233,000,000","163,100,000",낙찰,"179,850,000",77.2%,2023-08-09,2023_3Q,3
울산 2계 2022-6623,아파트,아파트,아파트,울산,울주군,울산 울주군 온양읍 대안리 196 울산온양대우 107동 12층 1202호,"135,000,000","94,500,000",낙찰,"121,999,999",90.4%,2023-08-09,2023_3Q,3
울산 10계 2022-6852,차량,기타토지,기타토지,울산,울주군,울산 울주군 청량읍 덕하리 414-3 백양주차장내 보관,"5,200,000","2,548,000",낙찰,"2,698,000",51.9%,2023-07-06,2023_3Q,3
울산 5계 2022-6883,오피스텔(주거),오피스텔,오피스텔(업무용),울산,동구,울산 동구 방어동 261-13 렉스아파트 5층 504호,"169,000,000","118,300,000",낙찰,"128,499,999",76.0%,2023-07-19,2023_3Q,3
울산 2계 2022-6982,주상복합(주거),기타토지,기타토지,울산,남구,울산 남구 달동 1412 삼환아르누보 19층 1902호,"449,000,000","314,300,000",낙찰,"323,082,815",72.0%,2023-08-09,2023_3Q,3
울산 2계 2022-7008,다세대,다세대주택,다세대,울산,울주군,울산 울주군 언양읍 서부리 257-11 덕진빌라 가동 5층 502호,"86,000,000","42,140,000",낙찰,"55,200,000",64.2%,2023-09-13,2023_3Q,3
울산 9계 2022-7015,아파트,아파트,아파트,울산,중구,울산 중구 우정동 269-2 우성 A동 1층 106호,"114,000,000","114,000,000",낙찰,"121,000,000",106.1%,2023-08-22,2023_3Q,3
울산 9계 2022-7107,아파트,아파트,아파트,울산,울주군,울산 울주군 온양읍 망양리 794 이편한세상울산온양 104동 9층 903호,"271,000,000","189,700,000",낙찰,"226,518,000",83.6%,2023-12-05,2023_4Q,3
울산 1계 2022-7121,전,전,전,울산,울주군,울산 울주군 범서읍 척과리 217,"298,701,000","102,455,000",낙찰,"150,000,000",50.2%,2023-11-15,2023_4Q,3
울산 5계 2022-7152,아파트,아파트,아파트,울산,북구,울산 북구 연암동 415 벽산늘푸른 112동 1층 105호,"225,000,000","157,500,000",낙찰,"170,010,000",75.6%,2023-08-23,2023_3Q,3
울산 8계 2022-7176,단독주택,단독,단독주택,울산,울주군,울산 울주군 범서읍 사연리 188-1,"971,391,120","475,982,000",낙찰,"573,829,000",59.1%,2023-10-26,2023_4Q,3
울산 9계 2022-7183,잡종지,잡종지,잡종지,울산,울주군,울산 울주군 삼남읍 가천리 304-29,"323,478,000","110,954,000",낙찰,"133,090,000",41.1%,2023-10-31,2023_4Q,3
울산 5계 2022-7213(2),중기,기타토지,기타토지,울산,울주군,울산 울주군 언양읍 반천리 534 내보관,"7,000,000","3,430,000",낙찰,"4,300,000",61.4%,2023-07-19,2023_3Q,3
울산 1계 2022-7244,아파트,아파트,아파트,울산,북구,"울산 북구 중산동 621 ,617,622-3,622-4,1200-26,1200-27 현대글로리아 102동 5층 515호","76,000,000","53,200,000",낙찰,"61,580,000",81.0%,2023-08-29,2023_3Q,3
울산 1계 2022-7367,대지,나대지,나대지,울산,동구,울산 동구 방어동 615,"352,340,000","120,853,000",낙찰,"146,370,000",41.5%,2023-11-15,2023_4Q,3
울산 2계 2022-7381,임야,임야,임야,울산,울주군,울산 울주군 두동면 은편리 산47-1,"955,248,000","327,650,000",낙찰,"328,210,000",34.4%,2023-11-29,2023_4Q,3
울산 3계 2022-7435,아파트,아파트,아파트,울산,남구,"울산 남구 무거동 815-1 ,815-18 아성홈토피아 15층 1507호","164,000,000","114,800,000",낙찰,"140,888,000",85.9%,2023-10-24,2023_4Q,3
울산 8계 2022-7527,아파트,아파트,아파트,울산,북구,울산 북구 중산동 566-1 이화한라동아 19층 1904호,"75,000,000","52,500,000",낙찰,"58,990,000",78.7%,2023-09-20,2023_3Q,3
울산 9계 2022-7534,아파트,아파트,아파트,울산,동구,"울산 동구 동부동 150 ,150-1,218-1,592-20 현대패밀리동부 113동 10층 1006호","100,000,000","70,000,000",낙찰,"77,200,000",77.2%,2023-07-18,2023_3Q,3
울산 9계 2022-7589,선박,기타토지,기타토지,울산,북구,울산 북구 정자동 정자항내(제3자 울산수협에게) 정박,"57,044,020","39,931,000",낙찰,"57,000,000",99.9%,2023-08-22,2023_3Q,3
울산 8계 2022-7602,다세대,다세대주택,다세대,울산,북구,"울산 북구 신천동 377-5 ,378-2 청아빌라 A동 4층 401호","98,000,000","68,600,000",낙찰,"73,150,000",74.6%,2023-09-20,2023_3Q,3
울산 10계 2022-7626,단독주택,단독,단독주택,울산,울주군,울산 울주군 온산읍 덕신리 69-8,"432,607,200","148,385,000",낙찰,"253,880,000",58.7%,2023-11-23,2023_4Q,3
울산 8계 2022-7633,다세대,다세대주택,다세대,울산,중구,울산 중구 남외동 506-4 5층 503호,"274,000,000","191,800,000",낙찰,"205,100,000",74.9%,2023-09-20,2023_3Q,3
울산 4계 2022-7749,오피스텔(주거),오피스텔,오피스텔(업무용),울산,동구,울산 동구 방어동 1525 골든베이비치 104동 17층 1701호,"311,000,000","152,390,000",낙찰,"162,000,000",52.1%,2023-12-13,2023_4Q,3
울산 3계 2022-7770,아파트,아파트,아파트,울산,울주군,울산 울주군 온산읍 덕신리 1329-4 덕신동백 105동 4층 408호,"74,000,000","51,800,000",낙찰,"66,789,999",90.3%,2023-10-24,2023_4Q,3
울산 4계 2022-7787,유지,기타토지,기타토지,울산,북구,울산 북구 매곡동 755,"25,586,000","25,586,000",낙찰,"25,700,000",100.4%,2023-11-08,2023_4Q,3
울산 3계 2022-7978(3),근린상가,근린상가,근린상가,울산,중구,"울산 중구 태화동 38-5 ,38-10 울산빌딩 11층","653,000,000","319,970,000",낙찰,"320,000,000",49.0%,2023-11-28,2023_4Q,3
울산 4계 2022-8056,아파트,아파트,아파트,울산,울주군,울산 울주군 온양읍 대안리 419 상아비취맨션 6층 602호,"109,000,000","76,300,000",낙찰,"90,199,000",82.8%,2023-11-08,2023_4Q,3
울산 8계 2022-8063,임야,임야,임야,울산,북구,울산 북구 가대동 산190-4,"23,790,000","11,657,000",낙찰,"12,550,000",52.8%,2023-11-30,2023_4Q,3
울산 9계 2022-8094,아파트,아파트,아파트,울산,울주군,"울산 울주군 삼남읍 교동리 1678 ,1679 영남알프스타운 109동 11층 1101호","80,000,000","56,000,000",낙찰,"64,890,000",81.1%,2023-10-31,2023_4Q,3
울산 5계 2022-8100,다세대,다세대주택,다세대,울산,남구,울산 남구 무거동 1228-4 대성빌라 4층 402호,"78,000,000","38,220,000",낙찰,"50,999,999",65.4%,2023-11-02,2023_4Q,3
울산 6계 2022-8216,대지,나대지,나대지,울산,울주군,울산 울주군 범서읍 천상리 612-8,"124,621,000","124,621,000",낙찰,"151,150,000",121.3%,2023-11-16,2023_4Q,3
울산 4계 2022-8247,창고,기타건물,창고,울산,울주군,울산 울주군 범서읍 입암리 17-21,"575,099,200","575,099,200",낙찰,"820,000,000",142.6%,2023-12-13,2023_4Q,3
울산 2계 2022-8278,아파트,아파트,아파트,울산,남구,울산 남구 옥동 130 대공원롯데인벤스가 103동 10층 1105호,"595,000,000","291,550,000",낙찰,"357,000,000",60.0%,2023-11-29,2023_4Q,3
울산 6계 2022-8391,아파트,아파트,아파트,울산,동구,"울산 동구 동부동 150 ,150-1,218-1,592-20 현대패밀리동부 111동 15층 1504호","106,000,000","74,200,000",낙찰,"77,684,600",73.3%,2023-11-16,2023_4Q,3
울산 10계 2022-8438,아파트,아파트,아파트,울산,동구,울산 동구 화정동 175 대송현대 102동 11층 1101호,"155,000,000","108,500,000",낙찰,"117,500,000",75.8%,2023-10-19,2023_4Q,3
울산 1계 2022-100396,단독주택,단독,단독주택,울산,북구,울산 북구 호계동 876,"877,055,500","429,757,000",낙찰,"658,100,000",75.0%,2023-07-25,2023_3Q,3
울산 4계 2022-100785,임야,임야,임야,울산,울주군,울산 울주군 언양읍 송대리 산6-5,"280,000,000","32,942,000",낙찰,"36,311,100",13.0%,2023-07-26,2023_3Q,3
울산 1계 2022-101498,임야,임야,임야,울산,울주군,울산 울주군 언양읍 반천리 산111-8,"487,630,000","167,257,000",낙찰,"182,222,222",37.4%,2023-07-25,2023_3Q,3
울산 5계 2022-101702,아파트,아파트,아파트,울산,동구,"울산 동구 서부동 257-30 ,269-7 현대패밀리서부2차 202동 17층 1701호","152,000,000","106,400,000",낙찰,"106,888,000",70.3%,2023-08-23,2023_3Q,3
울산 6계 2022-101832,공장,공장(지식산업센터 업무시설),공장,울산,울주군,울산 울주군 청량읍 용암리 978 3동,"5,861,927,840","4,103,349,000",낙찰,"5,810,000,000",99.1%,2023-07-27,2023_3Q,3
울산 1계 2022-101870(1),근린상가,근린상가,근린상가,울산,중구,울산 중구 우정동 512-5 우정혁신타워 9층 907호,"264,000,000","129,360,000",낙찰,"145,180,000",55.0%,2023-12-20,2023_4Q,3
울산 1계 2022-101870(2),근린상가,근린상가,근린상가,울산,중구,울산 중구 우정동 512-5 우정혁신타워 9층 908호,"261,000,000","127,890,000",낙찰,"145,180,000",55.6%,2023-12-20,2023_4Q,3
울산 1계 2022-102286,전,전,전,울산,중구,울산 중구 남외동 328-3,"68,666,080","16,486,000",낙찰,"18,210,000",26.5%,2023-12-20,2023_4Q,3
울산 9계 2022-102651,아파트,아파트,아파트,울산,남구,"울산 남구 신정동 851-21 ,851-20,851-40,야음동 594-10,594-37 신정현대홈타운 304동 10층 1005호","417,000,000","204,330,000",낙찰,"298,988,000",71.7%,2023-12-05,2023_4Q,3
울산 4계 2022-102989(1),전,전,전,울산,울주군,울산 울주군 삼동면 작동리 117,"24,304,800","17,013,000",낙찰,"18,860,100",77.6%,2023-08-30,2023_3Q,3
울산 4계 2022-102989(2),전,전,전,울산,울주군,울산 울주군 삼동면 작동리 118,"7,648,900","5,354,000",낙찰,"5,856,000",76.6%,2023-08-30,2023_3Q,3
울산 5계 2022-102996,임야,임야,임야,울산,울주군,울산 울주군 삼동면 둔기리 산167,"189,578,800","65,026,000",낙찰,"67,550,000",35.6%,2023-07-19,2023_3Q,3
울산 4계 2022-103067,아파트,아파트,아파트,울산,동구,"울산 동구 서부동 257-4 ,249-8 현대패밀리서부 122동 1층 102호","152,000,000","106,400,000",낙찰,"107,000,000",70.4%,2023-08-30,2023_3Q,3
울산 5계 2022-103265,답,답,답,울산,울주군,울산 울주군 언양읍 반송리 585-1,"595,539,000","291,814,000",낙찰,"310,100,000",52.1%,2023-07-19,2023_3Q,3
울산 1계 2022-103616,아파트,아파트,아파트,울산,울주군,울산 울주군 언양읍 동부리 252-9 대원2차 6층 601호,"128,000,000","62,720,000",낙찰,"63,400,000",49.5%,2023-07-25,2023_3Q,3
울산 10계 2022-103883,공장,공장(지식산업센터 업무시설),공장,울산,울주군,울산 울주군 삼남읍 방기리 951-5,"1,245,863,970","610,474,000",낙찰,"950,000,000",76.3%,2023-11-23,2023_4Q,3
울산 4계 2022-103906,연립,연립주택,연립·빌라,울산,중구,울산 중구 서동 295-9 서문 1층 102호,"22,207,410","7,617,000",낙찰,"8,430,000",38.0%,2023-10-04,2023_4Q,3
울산 5계 2022-103944,아파트,아파트,아파트,울산,울주군,울산 울주군 온산읍 덕신리 1329-5 온산덕신사원 110동 6층 602호,"63,000,000","30,870,000",낙찰,"33,100,000",52.5%,2023-08-23,2023_3Q,3
울산 4계 2022-104251,오피스텔(주거),오피스텔,오피스텔(업무용),울산,남구,울산 남구 신정동 156-2 제니스아트빌 6층 601호,"240,000,000","117,600,000",낙찰,"156,160,000",65.1%,2023-10-04,2023_4Q,3
울산 7계 2022-104275,다세대,다세대주택,다세대,울산,중구,울산 중구 학산동 8-25 일원시티빌 5층 502호,"177,000,000","86,730,000",낙찰,"124,888,000",70.6%,2023-10-05,2023_4Q,3
울산 5계 2022-104282,아파트,아파트,아파트,울산,울주군,울산 울주군 범서읍 천상리 605 천상국태그린빌 101동 11층 1112호,"123,000,000","60,270,000",낙찰,"88,888,000",72.3%,2023-07-19,2023_3Q,3
울산 10계 2022-104343(1),단독주택,단독,단독주택,울산,울주군,울산 울주군 두동면 월평리 384,"352,134,000","172,546,000",낙찰,"282,000,000",80.1%,2023-07-06,2023_3Q,3
울산 10계 2022-104343(2),답,답,답,울산,울주군,울산 울주군 두동면 월평리 306,"350,079,000","171,539,000",낙찰,"223,000,000",63.7%,2023-07-06,2023_3Q,3
울산 10계 2022-104343(3),전,전,전,울산,울주군,울산 울주군 두동면 월평리 381,"62,532,000","30,640,000",낙찰,"45,000,000",72.0%,2023-07-06,2023_3Q,3
울산 5계 2022-104350,아파트,아파트,아파트,울산,북구,울산 북구 중산동 622 현대 202동 3층 307호,"89,000,000","62,300,000",낙찰,"72,399,990",81.3%,2023-09-27,2023_3Q,3
울산 4계 2022-104558,공장용지,공장(지식산업센터 업무시설),공장,울산,울주군,울산 울주군 웅촌면 고연리 945-1,"6,848,000","3,356,000",낙찰,"3,500,000",51.1%,2023-08-30,2023_3Q,3
울산 7계 2022-105131,아파트,아파트,아파트,울산,울주군,울산 울주군 온양읍 망양리 794 이편한세상울산온양 109동 5층 504호,"323,000,000","226,100,000",낙찰,"257,990,000",79.9%,2023-07-20,2023_3Q,3
울산 5계 2022-105247(3),임야,임야,임야,울산,울주군,울산 울주군 청량읍 중리 산48-11,"7,365,600","2,526,000",낙찰,"2,526,000",34.3%,2023-11-02,2023_4Q,3
울산 5계 2022-105247(4),임야,임야,임야,울산,울주군,울산 울주군 청량읍 중리 산48-13,"11,875,200","2,851,000",낙찰,"3,200,000",26.9%,2023-12-06,2023_4Q,3
울산 5계 2022-105247(5),임야,임야,임야,울산,동구,울산 동구 방어동 산102-6,"1,919,520","941,000",낙찰,"1,053,800",54.9%,2023-12-06,2023_4Q,3
울산 9계 2022-105377,답,답,답,울산,울주군,울산 울주군 웅촌면 고연리 1018-1,"478,716,000","234,571,000",낙찰,"261,000,000",54.5%,2023-10-31,2023_4Q,3
울산 1계 2022-105391,임야,임야,임야,울산,울주군,울산 울주군 웅촌면 대복리 691,"100,886,000","34,604,000",낙찰,"35,210,000",34.9%,2023-08-29,2023_3Q,3
울산 6계 2022-105537,단독주택,단독,단독주택,울산,동구,울산 동구 전하동 736-29,"271,728,940","133,147,000",낙찰,"142,500,000",52.4%,2023-07-27,2023_3Q,3
울산 7계 2022-105780,임야,임야,임야,울산,중구,울산 중구 다운동 산83-20,"10,989,200","7,692,000",낙찰,"8,486,000",77.2%,2023-08-24,2023_3Q,3
울산 5계 2022-105834,점포,근린상가,점포상가,울산,동구,울산 동구 방어동 922-1,"410,811,060","140,909,000",낙찰,"251,000,000",61.1%,2023-08-23,2023_3Q,3
울산 6계 2022-105940,오피스텔(주거),오피스텔,오피스텔(업무용),울산,중구,울산 중구 유곡동 205 리더스오피스텔 3층 316호,"125,000,000","87,500,000",낙찰,"95,000,000",76.0%,2023-07-27,2023_3Q,3
울산 5계 2022-106219,아파트,아파트,아파트,울산,북구,울산 북구 중산동 1029-1 한라그린맨션 1동 14층 1404호,"67,000,000","32,830,000",낙찰,"43,999,999",65.7%,2023-09-27,2023_3Q,3
울산 2계 2022-106370,아파트,아파트,아파트,울산,울주군,울산 울주군 범서읍 천상리 268 문수애시앙 105동 11층 1103호,"586,000,000","287,140,000",낙찰,"410,000,000",70.0%,2023-10-25,2023_4Q,3
울산 6계 2022-106479(2),임야,임야,임야,울산,북구,울산 북구 중산동 산121-7,"101,943,000","24,476,000",낙찰,"25,111,100",24.6%,2023-10-12,2023_4Q,3
울산 3계 2022-106547,아파트,아파트,아파트,울산,북구,울산 북구 화봉동 667-1 한우리 6동 8층 805호,"280,000,000","196,000,000",낙찰,"250,000,000",89.3%,2023-07-12,2023_3Q,3
울산 5계 2022-106646,오피스텔(주거),오피스텔,오피스텔(업무용),울산,울주군,울산 울주군 언양읍 동부리 379-5 녹원캐슬 1동 6층 601호,"149,000,000","73,010,000",낙찰,"92,770,000",62.3%,2023-07-19,2023_3Q,3
울산 7계 2022-106745,아파트,아파트,아파트,울산,중구,울산 중구 반구동 679 이편한세상강변 106동 18층 1803호,"590,000,000","413,000,000",낙찰,"463,009,000",78.5%,2023-08-24,2023_3Q,3
울산 3계 2022-106783,아파트,아파트,아파트,울산,중구,울산 중구 태화동 412-2 진영동부 102동 10층 1005호,"288,000,000","141,120,000",낙찰,"211,300,000",73.4%,2023-08-16,2023_3Q,3
울산 9계 2022-106882,다세대,다세대주택,다세대,울산,동구,울산 동구 동부동 363 아이엔빌라 3층 301호,"128,000,000","62,720,000",낙찰,"82,120,000",64.2%,2023-12-05,2023_4Q,3
울산 3계 2022-106929,아파트,아파트,아파트,울산,동구,"울산 동구 동부동 150 ,150-1,218-1,592-20 현대패밀리동부 108동 1층 103호","87,000,000","60,900,000",낙찰,"73,100,000",84.0%,2023-07-12,2023_3Q,3
울산 4계 2022-106936,답,답,답,울산,북구,울산 북구 신명동 77,"138,202,000","96,741,000",낙찰,"97,000,000",70.2%,2023-10-04,2023_4Q,3
울산 9계 2022-107182,전,전,전,울산,울주군,울산 울주군 삼남읍 교동리 475-10,"332,280,000","162,817,000",낙찰,"237,520,000",71.5%,2023-08-22,2023_3Q,3
울산 7계 2022-107236,단독주택,단독,단독주택,울산,울주군,울산 울주군 온산읍 덕신리 424-3,"681,194,260","333,785,000",낙찰,"442,000,000",64.9%,2023-10-05,2023_4Q,3
울산 9계 2022-107250,아파트,아파트,아파트,울산,울주군,"울산 울주군 온산읍 덕신리 336-1 ,336 무궁화 111동 5층 610호","71,000,000","34,790,000",낙찰,"50,199,000",70.7%,2023-07-18,2023_3Q,3
울산 2계 2022-107274(2),오피스텔(주거),오피스텔,오피스텔(업무용),울산,북구,울산 북구 명촌동 870-1 씨앤펠리스파크 4층 402호,"278,000,000","194,600,000",낙찰,"210,000,000",75.5%,2023-07-11,2023_3Q,3
울산 9계 2022-107342,단독주택,단독,단독주택,울산,동구,울산 동구 방어동 257-2,"66,985,400","16,083,000",낙찰,"24,100,000",36.0%,2023-12-05,2023_4Q,3
울산 2계 2022-107410,다세대,다세대주택,다세대,울산,울주군,울산 울주군 삼남읍 교동리 1632-2 경동빌 가동 2층 201호,"105,000,000","51,450,000",낙찰,"76,770,000",73.1%,2023-07-11,2023_3Q,3
울산 8계 2022-107663,아파트,아파트,아파트,울산,울주군,울산 울주군 언양읍 서부리 205 스타골든캐슬 101동 2층 202호,"249,000,000","174,300,000",낙찰,"204,320,000",82.1%,2023-07-13,2023_3Q,3
울산 5계 2022-107762,아파트,아파트,아파트,울산,울주군,울산 울주군 범서읍 구영리 881-2 신한디아채 102동 5층 507호,"244,000,000","170,800,000",낙찰,"172,000,000",70.5%,2023-12-06,2023_4Q,3
울산 7계 2022-107786,선박,기타토지,기타토지,울산,북구,울산 북구 정자동 정자항내 보관(제3자어업회사법인(주)오로대표이사강신우게에보관),"221,826,400","76,087,000",낙찰,"98,600,000",44.4%,2023-07-20,2023_3Q,3
울산 3계 2022-107960,아파트,아파트,아파트,울산,북구,울산 북구 중산동 566-1 이화한라동아 5층 502호,"75,000,000","52,500,000",낙찰,"57,883,000",77.2%,2023-08-16,2023_3Q,3
울산 10계 2022-108000,임야,임야,임야,울산,울주군,울산 울주군 삼동면 작동리 산270-5,"55,540,800","13,336,000",낙찰,"14,000,000",25.2%,2023-10-19,2023_4Q,3
울산 4계 2022-108031,아파트,아파트,아파트,울산,중구,울산 중구 교동 219-4 향교 가동 4층 401호,"123,000,000","60,270,000",낙찰,"74,771,000",60.8%,2023-11-08,2023_4Q,3
울산 3계 2022-108109(2),도로,기타토지,기타토지,울산,울주군,울산 울주군 범서읍 사연리 329-6,"2,236,430","1,566,000",낙찰,"3,000,040",134.1%,2023-10-24,2023_4Q,3
울산 3계 2022-108109(3),답,답,답,울산,울주군,울산 울주군 범서읍 사연리 497-1,"1,827,780","627,000",낙찰,"870,000",47.6%,2023-10-24,2023_4Q,3
울산 7계 2022-108260,아파트,아파트,아파트,울산,북구,울산 북구 신천동 799 신천효성해링턴플레이스 103동 23층 2303호,"370,000,000","259,000,000",낙찰,"292,222,200",79.0%,2023-10-05,2023_4Q,3
울산 3계 2022-108345,아파트,아파트,아파트,울산,남구,울산 남구 야음동 564-4 우방유화맨션 3동 8층 803호,"352,000,000","246,400,000",낙찰,"285,000,000",81.0%,2023-08-16,2023_3Q,3
울산 8계 2022-108376,오피스텔(상가),근린상가,오피스텔(업무용),울산,동구,울산 동구 전하동 639-8 전하동에스오션타워 2층 202호,"303,000,000","212,100,000",낙찰,"241,100,000",79.6%,2023-07-13,2023_3Q,3
울산 8계 2022-108437,아파트,아파트,아파트,울산,동구,"울산 동구 동부동 150 ,150-1,218-1,592-20 현대패밀리동부 114동 14층 1409호","156,000,000","109,200,000",낙찰,"112,470,000",72.1%,2023-07-13,2023_3Q,3
울산 3계 2022-108499(1),다세대,다세대주택,다세대,울산,동구,울산 동구 동부동 363 아이엔빌라 2층 201호,"128,000,000","62,720,000",낙찰,"81,270,000",63.5%,2023-11-28,2023_4Q,3
울산 3계 2022-108499(2),다세대,다세대주택,다세대,울산,동구,울산 동구 동부동 363 아이엔빌라 3층 302호,"128,000,000","89,600,000",낙찰,"97,777,000",76.4%,2023-10-24,2023_4Q,3
울산 7계 2022-108550,아파트,아파트,아파트,울산,울주군,"울산 울주군 범서읍 굴화리 734 ,736,737,무거동 1591 문수마을 동문굿모닝힐 101동 3층 301호","686,000,000","480,200,000",낙찰,"530,050,000",77.3%,2023-10-05,2023_4Q,3
울산 8계 2022-108574,단독주택,단독,단독주택,울산,중구,울산 중구 반구동 644-42,"47,001,050","32,901,000",낙찰,"35,111,000",74.7%,2023-08-17,2023_3Q,3
울산 3계 2022-108598,다세대,다세대주택,다세대,울산,남구,울산 남구 달동 871-19 강산아이빌 5층 503호,"68,000,000","33,320,000",낙찰,"45,555,000",67.0%,2023-11-28,2023_4Q,3
울산 5계 2022-108604,아파트,아파트,아파트,울산,남구,울산 남구 옥동 281-1 금오그린 A동 5층 611호,"202,000,000","141,400,000",낙찰,"165,980,000",82.2%,2023-07-19,2023_3Q,3
울산 6계 2022-108680,아파트,아파트,아파트,울산,동구,"울산 동구 전하동 660-1 ,660-11 울산전하푸르지오 106동 7층 701호","598,000,000","418,600,000",낙찰,"486,288,000",81.3%,2023-07-27,2023_3Q,3
울산 8계 2022-108697,아파트,아파트,아파트,울산,북구,"울산 북구 매곡동 682 ,800-1 대하그린파크 101동 12층 1203호","110,000,000","77,000,000",낙찰,"105,988,880",96.4%,2023-09-20,2023_3Q,3
울산 1계 2022-108703,대지,나대지,나대지,울산,동구,울산 동구 방어동 462-2,"10,972,800","5,377,000",낙찰,"7,777,770",70.9%,2023-10-10,2023_4Q,3
울산 6계 2022-108741,아파트,아파트,아파트,울산,북구,"울산 북구 천곡동 410-1 ,410-12,421-2,421-9,1030 쌍용아진그린타운4차 410동 13층 1302호","351,000,000","245,700,000",낙찰,"247,000,000",70.4%,2023-07-27,2023_3Q,3
울산 7계 2022-108758,아파트,아파트,아파트,울산,동구,"울산 동구 동부동 150 ,150-1,218-1,592-20 현대패밀리동부 113동 14층 1401호","101,000,000","70,700,000",낙찰,"77,800,000",77.0%,2023-10-05,2023_4Q,3
울산 8계 2022-108802,연립,연립주택,연립·빌라,울산,동구,울산 동구 화정동 846-16 우진빌라7차 1층 102호,"118,000,000","82,600,000",낙찰,"87,600,000",74.2%,2023-08-17,2023_3Q,3
울산 9계 2022-108819,임야,임야,임야,울산,울주군,울산 울주군 웅촌면 검단리 산49-3,"382,824,000","91,916,000",낙찰,"92,300,000",24.1%,2023-12-05,2023_4Q,3
울산 1계 2022-108956,오피스텔,오피스텔,오피스텔(업무용),울산,남구,울산 남구 달동 1309-11 한영 B동 5층 502호,"150,000,000","105,000,000",낙찰,"117,990,000",78.7%,2023-08-29,2023_3Q,3
울산 7계 2022-109003,아파트,아파트,아파트,울산,북구,울산 북구 매곡동 864 월드메르디앙월드시티 108동 24층 2405호,"505,000,000","353,500,000",낙찰,"395,500,000",78.3%,2023-08-24,2023_3Q,3
울산 9계 2022-109027,아파트,아파트,아파트,울산,울주군,울산 울주군 서생면 진하리 300-12 우정팰리스 3층 302호,"181,000,000","126,700,000",낙찰,"171,950,990",95.0%,2023-10-31,2023_4Q,3
울산 4계 2022-109072,아파트,아파트,아파트,울산,동구,"울산 동구 서부동 257-30 ,269-7 현대패밀리서부2차 201동 4층 410호","113,000,000","79,100,000",낙찰,"83,620,000",74.0%,2023-10-04,2023_4Q,3
울산 2계 2022-109294,아파트,아파트,아파트,울산,남구,울산 남구 선암동 679-2 아성타워맨션 6층 605호,"166,000,000","116,200,000",낙찰,"131,700,000",79.3%,2023-07-11,2023_3Q,3
울산 4계 2022-109300,공장,공장(지식산업센터 업무시설),공장,울산,울주군,울산 울주군 언양읍 반천리 1104-15 1동,"6,464,881,000","4,525,417,000",낙찰,"5,216,300,000",80.7%,2023-11-08,2023_4Q,3
울산 5계 2022-109331,다세대,다세대주택,다세대,울산,중구,울산 중구 동동 791-8 명호빌라 B동 3층 301호,"160,000,000","112,000,000",낙찰,"115,100,000",71.9%,2023-07-19,2023_3Q,3
울산 6계 2022-109348,오피스텔(주거),오피스텔,오피스텔(업무용),울산,중구,울산 중구 학성동 349-19 파란들 2층 203호,"276,000,000","135,240,000",낙찰,"154,190,000",55.9%,2023-08-31,2023_3Q,3
울산 1계 2022-109553,임야,임야,임야,울산,울주군,울산 울주군 온산읍 덕신리 산58,"450,895,000","108,260,000",낙찰,"132,010,000",29.3%,2023-12-20,2023_4Q,3
울산 8계 2022-109683,아파트,아파트,아파트,울산,남구,울산 남구 무거동 276-1 굴화주공 202동 15층 1504호,"182,000,000","127,400,000",낙찰,"153,100,000",84.1%,2023-08-17,2023_3Q,3
울산 10계 2022-109690(1),대지,나대지,나대지,울산,울주군,울산 울주군 언양읍 평리 273-4,"76,842,000","26,356,000",낙찰,"26,900,000",35.0%,2023-09-14,2023_3Q,3
울산 8계 2022-109706,공장,공장(지식산업센터 업무시설),공장,울산,울주군,"울산 울주군 삼동면 조일리 1313-9 ,1313-12","3,804,886,240","1,864,394,000",낙찰,"2,416,666,000",63.5%,2023-10-26,2023_4Q,3
울산 4계 2022-109751,아파트,아파트,아파트,울산,중구,울산 중구 다운동 768 다운 103동 6층 606호,"100,000,000","70,000,000",낙찰,"92,500,000",92.5%,2023-10-04,2023_4Q,3
울산 9계 2022-109874(1),도로,기타토지,기타토지,울산,울주군,울산 울주군 청량읍 상남리 822-7,"1,035,000","1,035,000",낙찰,"1,035,000",100.0%,2023-07-18,2023_3Q,3
울산 9계 2022-109874(2),도로,기타토지,기타토지,울산,울주군,울산 울주군 청량읍 상남리 822-10,"74,052,000","25,400,000",낙찰,"25,720,000",34.7%,2023-10-31,2023_4Q,3
울산 4계 2022-109966,아파트,아파트,아파트,울산,동구,"울산 동구 서부동 257-4 ,249-8 현대패밀리서부 106동 1층 112호","91,000,000","63,700,000",낙찰,"73,250,000",80.5%,2023-10-04,2023_4Q,3
울산 2계 2022-110089,아파트,아파트,아파트,울산,중구,울산 중구 동동 470-6 현대골든타워 7층 710호,"145,000,000","101,500,000",낙찰,"116,700,000",80.5%,2023-08-09,2023_3Q,3
울산 3계 2022-110157,아파트,아파트,아파트,울산,동구,"울산 동구 동부동 150 ,150-1,218-1,592-20 현대패밀리동부 112동 11층 1109호","102,000,000","71,400,000",낙찰,"81,000,000",79.4%,2023-09-19,2023_3Q,3
울산 8계 2022-110287,아파트,아파트,아파트,울산,북구,울산 북구 천곡동 500 코아루2차 203동 5층 502호,"260,000,000","182,000,000",낙찰,"226,666,000",87.2%,2023-09-20,2023_3Q,3
울산 5계 2022-110454,전,전,전,울산,울주군,울산 울주군 웅촌면 검단리 233-4,"81,426,000","27,929,000",낙찰,"41,700,000",51.2%,2023-09-27,2023_3Q,3
울산 10계 2022-110560,아파트,아파트,아파트,울산,북구,울산 북구 천곡동 418 삼성코아루 114동 4층 401호,"360,000,000","252,000,000",낙찰,"325,399,990",90.4%,2023-08-10,2023_3Q,3
울산 8계 2022-110614,아파트,아파트,아파트,울산,울주군,울산 울주군 범서읍 굴화리 353 굴화강변월드메르디앙 103동 6층 601호,"603,000,000","422,100,000",낙찰,"479,100,000",79.5%,2023-09-20,2023_3Q,3
울산 7계 2022-110737,다세대,다세대주택,다세대,울산,중구,울산 중구 서동 45-8 황실파크빌라 101동 1층 102호,"100,000,000","70,000,000",낙찰,"73,999,999",74.0%,2023-11-09,2023_4Q,3
울산 5계 2022-110935,대지,나대지,나대지,울산,남구,울산 남구 두왕동 766-8,"574,051,800","281,285,000",낙찰,"380,000,000",66.2%,2023-08-23,2023_3Q,3
울산 7계 2022-110942,아파트,아파트,아파트,울산,북구,울산 북구 천곡동 1136 천곡벽산블루밍 105동 2층 204호,"390,000,000","273,000,000",낙찰,"298,490,000",76.5%,2023-11-09,2023_4Q,3
울산 9계 2022-110966,아파트,아파트,아파트,울산,울주군,울산 울주군 온산읍 덕신리 1329-2 온산동원 103동 7층 705호,"129,000,000","90,300,000",낙찰,"110,979,000",86.0%,2023-10-31,2023_4Q,3
울산 6계 2022-111006,아파트,아파트,아파트,울산,울주군,울산 울주군 온양읍 운화리 14 영원 5층 511호,"89,000,000","62,300,000",낙찰,"66,009,999",74.2%,2023-08-31,2023_3Q,3
울산 5계 2022-111082,다가구,다가구,다가구,울산,남구,울산 남구 신정동 547-4 가동호,"121,570,200","59,569,000",낙찰,"76,000,000",62.5%,2023-09-27,2023_3Q,3
울산 6계 2022-111228,아파트,아파트,아파트,울산,남구,울산 남구 선암동 181-120 청구그린 7층 704호,"133,000,000","93,100,000",낙찰,"99,910,000",75.1%,2023-08-31,2023_3Q,3
울산 4계 2022-111341,차량,기타토지,기타토지,울산,울주군,울산 울주군 언양읍 반천리 534 복산주차장내 보관,"15,000,000","10,500,000",낙찰,"12,280,000",81.9%,2023-07-26,2023_3Q,3
울산 4계 2022-111433,차량,기타토지,기타토지,울산,울주군,울산 울주군 언양읍 반천리 534 복산주차장내 보관,"17,000,000","11,900,000",낙찰,"12,567,890",73.9%,2023-12-13,2023_4Q,3
울산 4계 2022-111495,아파트,아파트,아파트,울산,북구,울산 북구 산하동 968-2 힐스테이트강동 106동 6층 603호,"359,000,000","251,300,000",낙찰,"296,204,240",82.5%,2023-10-04,2023_4Q,3
울산 8계 2022-111648,아파트,아파트,아파트,울산,중구,울산 중구 우정동 172 마제스타워울산 103동 4층 3041호,"387,000,000","270,900,000",낙찰,"354,440,000",91.6%,2023-09-20,2023_3Q,3
울산 10계 2022-111662(1),임야,임야,임야,울산,울주군,울산 울주군 온산읍 강양리 산33-2,"296,922,000","207,845,000",낙찰,"230,060,000",77.5%,2023-08-10,2023_3Q,3
울산 10계 2022-111662(2),답,답,답,울산,울주군,울산 울주군 온산읍 강양리 171,"219,738,000","153,817,000",낙찰,"160,010,000",72.8%,2023-09-14,2023_3Q,3
울산 1계 2022-111679(1),답,답,답,울산,울주군,울산 울주군 온산읍 강양리 48-1,"410,938,000","201,360,000",낙찰,"247,000,000",60.1%,2023-10-10,2023_4Q,3
울산 1계 2022-111679(2),답,답,답,울산,울주군,울산 울주군 온산읍 강양리 47-1,"76,982,000","53,887,000",낙찰,"55,100,000",71.6%,2023-08-29,2023_3Q,3
울산 9계 2022-111792,차량,기타토지,기타토지,울산,남구,울산 남구 두왕동 453-7 현대주차장내 보관,"7,000,000","4,900,000",낙찰,"5,370,000",76.7%,2023-12-05,2023_4Q,3
울산 10계 2022-111808,임야,임야,임야,울산,북구,울산 북구 대안동 산371,"93,917,000","46,019,000",낙찰,"50,000,000",53.2%,2023-08-10,2023_3Q,3
울산 5계 2022-111822,아파트,아파트,아파트,울산,북구,"울산 북구 중산동 621 ,617,622-3,622-4,1200-26,1200-27 현대글로리아 102동 2층 210호","113,000,000","55,370,000",낙찰,"80,298,000",71.1%,2023-09-27,2023_3Q,3
울산 8계 2022-111853,아파트,아파트,아파트,울산,북구,울산 북구 매곡동 864 월드메르디앙 월드시티 107동 23층 2301호,"564,000,000","394,800,000",낙찰,"447,500,000",79.3%,2023-09-20,2023_3Q,3
울산 10계 2022-112061,주상복합(주거),기타토지,기타토지,울산,남구,울산 남구 달동 578-1 번영로코아루더클래식 2동 21층 2101호,"561,000,000","392,700,000",낙찰,"431,999,000",77.0%,2023-07-06,2023_3Q,3
울산 1계 2022-112351,주상복합(주거),기타토지,기타토지,울산,동구,울산 동구 전하동 303-23 지태빌 7층 701호,"216,000,000","105,840,000",낙찰,"145,880,000",67.5%,2023-12-20,2023_4Q,3
울산 3계 2022-112375,아파트,아파트,아파트,울산,울주군,울산 울주군 언양읍 동부리 498 신울산경남아너스빌 104동 16층 1604호,"415,000,000","290,500,000",낙찰,"343,989,000",82.9%,2023-10-24,2023_4Q,3
울산 9계 2022-112429,아파트,아파트,아파트,울산,울주군,"울산 울주군 삼남읍 교동리 1678 ,1679 영남알프스타운 107동 2층 203호","92,000,000","64,400,000",낙찰,"71,470,000",77.7%,2023-09-26,2023_3Q,3
울산 10계 2022-112436,아파트,아파트,아파트,울산,울주군,"울산 울주군 삼남읍 교동리 1678 ,1679 영남알프스타운 111동 14층 1404호","78,000,000","54,600,000",낙찰,"60,260,000",77.3%,2023-08-10,2023_3Q,3
울산 2계 2022-112450,오피스텔,오피스텔,오피스텔(업무용),울산,중구,울산 중구 우정동 172 마제스타워울산 104동 26층 4264호,"251,000,000","175,700,000",낙찰,"210,200,000",83.7%,2023-09-13,2023_3Q,3
울산 3계 2022-112467,근린상가,근린상가,근린상가,울산,북구,울산 북구 정자동 701,"2,223,670,960","1,556,570,000",낙찰,"1,571,500,000",70.7%,2023-11-28,2023_4Q,3
울산 10계 2022-112504,아파트,아파트,아파트,울산,울주군,울산 울주군 범서읍 구영리 796-2 한신 202동 13층 1308호,"192,000,000","134,400,000",낙찰,"172,010,000",89.6%,2023-08-10,2023_3Q,3
울산 2계 2022-112528,아파트,아파트,아파트,울산,북구,울산 북구 중산동 200 중산디아채 201동 4층 403호,"213,000,000","149,100,000",낙찰,"177,700,000",83.4%,2023-10-25,2023_4Q,3
울산 5계 2022-112535,아파트,아파트,아파트,울산,북구,울산 북구 천곡동 940-1 우방 104동 11층 1112호,"68,000,000","47,600,000",낙찰,"54,630,000",80.3%,2023-08-23,2023_3Q,3
울산 1계 2022-112634,중기,기타토지,기타토지,울산,울주군,울산 울주군 언양읍 반천리 534 복산주차장내 보관(제3자 이성학에게 보관),"44,000,000","21,560,000",낙찰,"24,766,000",56.3%,2023-07-25,2023_3Q,3
울산 2계 2022-112641(2),답,답,답,울산,울주군,울산 울주군 웅촌면 은현리 11,"81,144,000","39,761,000",낙찰,"51,988,550",64.1%,2023-11-29,2023_4Q,3
울산 5계 2022-112658,차량,기타토지,기타토지,울산,남구,울산 남구 두왕동 453-7 현대주차장내 보관,"11,000,000","7,700,000",낙찰,"10,389,000",94.4%,2023-08-23,2023_3Q,3
울산 6계 2022-112702,다세대,다세대주택,다세대,울산,동구,울산 동구 방어동 1034-7 오션빌리지2차 4층 401호,"126,000,000","61,740,000",낙찰,"72,770,000",57.8%,2023-11-16,2023_4Q,3
울산 10계 2022-112740,아파트,아파트,아파트,울산,울주군,울산 울주군 온양읍 대안리 750 울산온양일동미라주 107동 10층 1005호,"408,000,000","285,600,000",낙찰,"375,990,000",92.2%,2023-08-10,2023_3Q,3
울산 1계 2022-112764,아파트,아파트,아파트,울산,남구,울산 남구 야음동 910 울산번영로두산위브 106동 3층 304호,"512,000,000","512,000,000",낙찰,"580,990,000",113.5%,2023-10-10,2023_4Q,3
울산 6계 2022-112788,아파트,아파트,아파트,울산,동구,울산 동구 방어동 1051-4 명성빌라트 5층 602호,"169,000,000","118,300,000",낙찰,"120,770,000",71.5%,2023-11-16,2023_4Q,3
울산 8계 2022-112801,대지,나대지,나대지,울산,울주군,울산 울주군 범서읍 구영리 842-22,"201,465,000","141,026,000",낙찰,"141,500,000",70.2%,2023-09-20,2023_3Q,3
울산 10계 2022-112825,다세대,다세대주택,다세대,울산,중구,울산 중구 반구동 596-9 태웅빌라 B동 3층 301호,"80,000,000","56,000,000",낙찰,"56,115,000",70.1%,2023-08-10,2023_3Q,3
울산 6계 2022-113033,답,답,답,울산,울주군,울산 울주군 웅촌면 은현리 855-1,"262,284,000","128,519,000",낙찰,"143,100,000",54.6%,2023-12-21,2023_4Q,3
울산 4계 2022-113279,아파트,아파트,아파트,울산,울주군,울산 울주군 온산읍 덕신리 1329-2 온산동원 102동 1층 104호,"120,000,000","84,000,000",낙찰,"105,670,000",88.1%,2023-11-08,2023_4Q,3
울산 5계 2022-113378,아파트,아파트,아파트,울산,남구,울산 남구 무거동 1551 무거청구맨션 101동 1층 102호,"240,000,000","168,000,000",낙찰,"190,000,000",79.2%,2023-08-23,2023_3Q,3
울산 5계 2022-113415,아파트,아파트,아파트,울산,남구,울산 남구 신정동 1853 신성미소지움 201동 1층 104호,"404,000,000","282,800,000",낙찰,"315,130,000",78.0%,2023-09-27,2023_3Q,3
울산 8계 2022-113439,차량,기타토지,기타토지,울산,울주군,울산 울주군 언양읍 반천리 534 복산주차장내 보관,"70,000,000","49,000,000",낙찰,"61,220,000",87.5%,2023-09-20,2023_3Q,3
울산 10계 2022-113453,차량,기타토지,기타토지,울산,울주군,울산 울주군 언양읍 반천리 534 내 보관,"18,000,000","12,600,000",낙찰,"12,800,000",71.1%,2023-07-06,2023_3Q,3
울산 8계 2023-11,아파트,아파트,아파트,울산,중구,울산 중구 태화동 200-1 선경맨션 101동 10층 1009호,"190,000,000","133,000,000",낙찰,"163,999,999",86.3%,2023-10-26,2023_4Q,3
울산 8계 2023-42,단독주택,단독,단독주택,울산,울주군,울산 울주군 웅촌면 대복리 352-4 A동호,"300,197,800","210,138,000",낙찰,"230,500,000",76.8%,2023-10-26,2023_4Q,3
울산 10계 2023-219,주상복합(주거),기타토지,기타토지,울산,남구,울산 남구 삼산동 1564-1 삼산동대성스카이렉스 102동 23층 2302호,"503,000,000","352,100,000",낙찰,"500,010,000",99.4%,2023-09-14,2023_3Q,3
울산 10계 2023-356,아파트,아파트,아파트,울산,남구,울산 남구 신정동 526-10 미소드리움 10층 1004호,"276,000,000","193,200,000",낙찰,"240,000,100",87.0%,2023-09-14,2023_3Q,3
울산 1계 2023-363,주상복합(주거),기타토지,기타토지,울산,남구,울산 남구 신정동 526-10 미소드리움 9층 904호,"268,000,000","187,600,000",낙찰,"248,880,000",92.9%,2023-11-15,2023_4Q,3
울산 2계 2023-370,주상복합(주거),기타토지,기타토지,울산,남구,울산 남구 신정동 526-10 미소드리움 9층 903호,"278,000,000","194,600,000",낙찰,"251,989,000",90.6%,2023-10-25,2023_4Q,3
울산 3계 2023-387,주상복합(주거),기타토지,기타토지,울산,남구,울산 남구 신정동 526-10 미소드리움 9층 902호,"278,000,000","194,600,000",낙찰,"253,980,000",91.4%,2023-11-28,2023_4Q,3
울산 4계 2023-394,아파트,아파트,아파트,울산,남구,울산 남구 신정동 526-10 미소드리움 9층 901호,"276,000,000","193,200,000",낙찰,"228,900,000",82.9%,2023-12-13,2023_4Q,3
울산 5계 2023-400,주상복합(주거),기타토지,기타토지,울산,남구,울산 남구 신정동 526-10 미소드리움 8층 804호,"274,000,000","191,800,000",낙찰,"245,888,000",89.7%,2023-09-27,2023_3Q,3
울산 6계 2023-417,주상복합(주거),기타토지,기타토지,울산,남구,울산 남구 신정동 526-10 미소드리움 8층 803호,"260,000,000","182,000,000",낙찰,"227,900,000",87.7%,2023-12-21,2023_4Q,3
울산 6계 2023-523,다가구,다가구,다가구,울산,중구,울산 중구 다운동 762-3,"544,594,000","381,216,000",낙찰,"382,560,000",70.2%,2023-10-12,2023_4Q,3
울산 2계 2023-561,다세대,다세대주택,다세대,울산,울주군,울산 울주군 삼남읍 교동리 1575-11 굿파크빌 1동 3층 301호,"140,000,000","98,000,000",낙찰,"99,100,000",70.8%,2023-10-25,2023_4Q,3
울산 3계 2023-622,차량,기타토지,기타토지,울산,울주군,울산 울주군 언양읍 반천리 534 복산주차장(제3자이성학)내 보관,"4,000,000","1,960,000",낙찰,"2,110,000",52.8%,2023-07-12,2023_3Q,3
울산 8계 2023-653(1),공장,공장(지식산업센터 업무시설),공장,울산,중구,울산 중구 성안동 406-3 1동호,"2,339,943,280","1,637,960,000",낙찰,"1,711,000,000",73.1%,2023-11-30,2023_4Q,3
울산 8계 2023-653(2),아파트,아파트,아파트,울산,남구,울산 남구 삼산동 1538-2 평창3차현대 606동 16층 1606호,"589,000,000","412,300,000",낙찰,"485,000,100",82.3%,2023-11-30,2023_4Q,3
울산 2계 2023-691,연립,연립주택,연립·빌라,울산,동구,울산 동구 방어동 1163-8 대호하이빌7차 2층 105호,"146,000,000","102,200,000",낙찰,"110,000,000",75.3%,2023-11-29,2023_4Q,3
울산 1계 2023-752,다세대,다세대주택,다세대,울산,울주군,울산 울주군 삼남읍 방기리 978-2 한빛하이츠빌라 5층 502호,"85,000,000","41,650,000",낙찰,"55,888,000",65.8%,2023-12-20,2023_4Q,3
울산 3계 2023-776,아파트,아파트,아파트,울산,동구,울산 동구 방어동 929-3 해움 4층 401호,"249,000,000","174,300,000",낙찰,"174,300,000",70.0%,2023-11-28,2023_4Q,3
울산 4계 2023-783,아파트,아파트,아파트,울산,동구,울산 동구 방어동 929-3 해움 7층 701호,"254,000,000","177,800,000",낙찰,"178,800,000",70.4%,2023-12-13,2023_4Q,3
울산 5계 2023-790,아파트,아파트,아파트,울산,동구,울산 동구 방어동 929-3 해움 3층 302호,"249,000,000","122,010,000",낙찰,"157,370,000",63.2%,2023-12-06,2023_4Q,3
울산 6계 2023-806,아파트,아파트,아파트,울산,동구,울산 동구 방어동 929-3 해움 9층 902호,"216,000,000","105,840,000",낙찰,"126,660,000",58.6%,2023-12-21,2023_4Q,3
울산 8계 2023-820,오피스텔(주거),오피스텔,오피스텔(업무용),울산,동구,울산 동구 방어동 929-3 해움 10층 1002호,"228,000,000","159,600,000",낙찰,"165,888,000",72.8%,2023-10-26,2023_4Q,3
울산 9계 2023-837,오피스텔(주거),오피스텔,오피스텔(업무용),울산,동구,울산 동구 방어동 929-3 해움 10층 1001호,"228,000,000","159,600,000",낙찰,"178,899,000",78.5%,2023-10-31,2023_4Q,3
울산 6계 2023-875,아파트,아파트,아파트,울산,동구,"울산 동구 서부동 257-30 ,269-7 현대패밀리서부2차 202동 3층 304호","160,000,000","78,400,000",낙찰,"92,889,999",58.1%,2023-12-21,2023_4Q,3
울산 8계 2023-905,차량,기타토지,기타토지,울산,울주군,울산 울주군 언양읍 반천리 534 복산주차장내보관,"7,500,000","7,500,000",낙찰,"8,750,000",116.7%,2023-07-13,2023_3Q,3
울산 10계 2023-929,아파트,아파트,아파트,울산,남구,울산 남구 야음동 489-18 삼환나띠르빌 102동 10층 1005호,"348,000,000","243,600,000",낙찰,"267,100,000",76.8%,2023-09-14,2023_3Q,3
울산 6계 2023-967,다세대,다세대주택,다세대,울산,중구,울산 중구 서동 58-2 남국빌라 B동 4층 502호,"77,000,000","37,730,000",낙찰,"37,841,990",49.1%,2023-12-21,2023_4Q,3
울산 1계 2023-1014,오피스텔(주거),오피스텔,오피스텔(업무용),울산,남구,울산 남구 신정동 1222-7 신정반트펠리시아 9층 901호,"300,000,000","147,000,000",낙찰,"190,000,000",63.3%,2023-12-20,2023_4Q,3
울산 6계 2023-1069,다세대,다세대주택,다세대,울산,울주군,울산 울주군 삼남읍 교동리 565-3 남주빌리지 주건축물 제1동 2층 201호,"210,000,000","72,030,000",낙찰,"114,800,000",54.7%,2023-07-27,2023_3Q,3
울산 2계 2023-1205,아파트,아파트,아파트,울산,북구,울산 북구 신천동 394-1 한라신천지타운 101동 9층 902호,"151,000,000","105,700,000",낙찰,"108,889,000",72.1%,2023-11-29,2023_4Q,3
울산 4계 2023-1243,아파트,아파트,아파트,울산,남구,울산 남구 달동 1395-13 울산달동우방맨션 1동 24층 2402호,"319,000,000","223,300,000",낙찰,"272,000,000",85.3%,2023-12-13,2023_4Q,3
울산 1계 2023-1311,다세대,다세대주택,다세대,울산,북구,"울산 북구 양정동 514-14 ,514-16 산아래빌 2동 5층 502호","133,000,000","93,100,000",낙찰,"115,100,000",86.5%,2023-12-20,2023_4Q,3
울산 1계 2023-1373,아파트,아파트,아파트,울산,울주군,울산 울주군 언양읍 어음리 175 e편한세상울산역어반스퀘어 109동 13층 1301호,"302,000,000","302,000,000",낙찰,"361,270,000",119.6%,2023-11-15,2023_4Q,3
울산 6계 2023-1489(2),아파트,아파트,아파트,울산,동구,울산 동구 방어동 929-3 해움 5층 502호,"245,000,000","171,500,000",낙찰,"177,999,900",72.7%,2023-12-21,2023_4Q,3
울산 10계 2023-1533,답,답,답,울산,울주군,울산 울주군 삼남읍 상천리 300-8,"463,464,000","227,098,000",낙찰,"261,000,000",56.3%,2023-11-23,2023_4Q,3
울산 5계 2023-1601,주상복합(주거),기타토지,기타토지,울산,동구,울산 동구 화정동 645-11 대호비치 8층 802호,"190,000,000","133,000,000",낙찰,"150,000,000",78.9%,2023-12-06,2023_4Q,3
울산 5계 2023-1649,아파트,아파트,아파트,울산,울주군,울산 울주군 범서읍 구영리 796-2 한신 201동 6층 607호,"176,000,000","123,200,000",낙찰,"140,050,000",79.6%,2023-11-02,2023_4Q,3
울산 5계 2023-1700,아파트,아파트,아파트,울산,북구,울산 북구 연암동 402-1 성원 4동 1층 101호,"131,000,000","91,700,000",낙찰,"112,000,000",85.5%,2023-11-02,2023_4Q,3
울산 1계 2023-1847,아파트,아파트,아파트,울산,북구,"울산 북구 중산동 1317-1 ,1317-2 유-스타시티일동미라주더스타3단지 306동 10층 1001호","343,000,000","240,100,000",낙찰,"310,999,999",90.7%,2023-12-20,2023_4Q,3
울산 10계 2023-2031,아파트상가,아파트상가,근린상가,울산,북구,울산 북구 호계동 264 호계1단지주공 상가동 2층 201호,"202,000,000","69,286,000",낙찰,"90,100,000",44.6%,2023-12-28,2023_4Q,3
울산 6계 2023-2086,단독주택,단독,단독주택,울산,울주군,울산 울주군 웅촌면 석천리 368-4,"776,541,400","543,579,000",낙찰,"593,999,900",76.5%,2023-12-21,2023_4Q,3
울산 10계 2023-2246(1),아파트,아파트,아파트,울산,남구,울산 남구 신정동 319 강변센트럴하이츠 106동 3층 301호,"650,000,000","650,000,000",낙찰,"655,600,000",100.9%,2023-12-28,2023_4Q,3
울산 2계 2023-2260(2),다가구,다가구,다가구,울산,중구,울산 중구 동동 65-25,"263,820,590","184,674,000",낙찰,"185,100,000",70.2%,2023-11-29,2023_4Q,3
울산 1계 2023-2338,아파트,아파트,아파트,울산,동구,"울산 동구 서부동 257-4 ,249-8 현대패밀리서부 122동 6층 609호","102,000,000","71,400,000",낙찰,"76,550,000",75.0%,2023-12-20,2023_4Q,3
울산 6계 2023-2451,다세대,다세대주택,다세대,울산,중구,울산 중구 서동 58-6 우리빌라 3층 301호,"87,000,000","60,900,000",낙찰,"65,000,000",74.7%,2023-12-21,2023_4Q,3
울산 1계 2023-2482,대지,나대지,나대지,울산,북구,울산 북구 화봉동 17,"25,410,000","17,787,000",낙찰,"26,500,000",104.3%,2023-12-20,2023_4Q,3
울산 1계 2023-2727,차량,기타토지,기타토지,울산,남구,울산 남구 두왕동 453-7 현대주차장내 보관(제3자손영숙에게보관),"34,000,000","16,660,000",낙찰,"22,420,000",65.9%,2023-11-15,2023_4Q,3
울산 5계 2023-2888,아파트,아파트,아파트,울산,울주군,"울산 울주군 삼남읍 교동리 1678 ,1679 영남알프스타운 104동 17층 1703호","76,000,000","53,200,000",낙찰,"62,186,000",81.8%,2023-12-06,2023_4Q,3
울산 10계 2023-3317,아파트,아파트,아파트,울산,북구,울산 북구 화봉동 1492-2 울산송정한라비발디캠퍼스 102동 15층 1505호,"482,000,000","482,000,000",낙찰,"510,850,000",106.0%,2023-10-19,2023_4Q,3
울산 10계 2023-3553,오피스텔(주거),오피스텔,오피스텔(업무용),울산,중구,울산 중구 성안동 872-9 썬시티빌 5층 501호,"216,000,000","105,840,000",낙찰,"120,010,000",55.6%,2023-12-28,2023_4Q,3
울산 10계 2023-3614,축사,기타토지,기타토지,울산,울주군,울산 울주군 두서면 인보리 190,"951,159,500","466,068,000",낙찰,"467,000,000",49.1%,2023-12-28,2023_4Q,3
울산 1계 2023-3638(1),차량,기타토지,기타토지,울산,울주군,울산 울주군 언양읍 반천리 534 복산주차장(제3자 이성학)내 보관,"15,000,000","10,500,000",낙찰,"10,637,000",70.9%,2023-11-15,2023_4Q,3
울산 1계 2023-3638(2),차량,기타토지,기타토지,울산,울주군,울산 울주군 언양읍 반천리 534 복산주차장(제3자 이성학)내 보관,"2,600,000","1,820,000",낙찰,"2,355,000",90.6%,2023-11-15,2023_4Q,3
울산 4계 2023-3744,차량,기타토지,기타토지,울산,울주군,울산 울주군 청량읍 덕하리 414-3 백양주차장내 보관,"12,500,000","8,750,000",낙찰,"10,250,000",82.0%,2023-12-13,2023_4Q,3
울산 7계 2023-4129,중기,기타토지,기타토지,울산,울주군,"울산 울주군 언양읍 반천리 534 복산주차장내 보관(제3자 이성학에게 보관,010-3852-4467)","38,000,000","26,600,000",낙찰,"32,345,000",85.1%,2023-10-05,2023_4Q,3
울산 10계 2023-5108,아파트,아파트,아파트,울산,동구,"울산 동구 동부동 150 ,150-1,218-1,592-20 현대패밀리동부 102동 10층 1001호","100,000,000","70,000,000",낙찰,"82,000,000",82.0%,2023-12-28,2023_4Q,3
울산 2계 2023-100065,단독주택,단독,단독주택,울산,남구,울산 남구 상개동 154-43,"54,233,600","26,575,000",낙찰,"26,580,000",49.0%,2023-11-29,2023_4Q,3
울산 5계 2023-100140,다세대,다세대주택,다세대,울산,남구,울산 남구 무거동 563-9 화성그린빌라 C동 2층 202호,"159,000,000","77,910,000",낙찰,"100,888,000",63.5%,2023-11-02,2023_4Q,3
울산 7계 2023-100447,차량,기타토지,기타토지,울산,울주군,"울산 울주군 언양읍 반천리 534 복산주차장(제3자이성학,010-3852-4467)내 보관","17,500,000","12,250,000",낙찰,"17,088,000",97.6%,2023-07-20,2023_3Q,3
울산 1계 2023-100461,다세대,다세대주택,다세대,울산,남구,울산 남구 달동 639-8 우농빌라 2층 101호,"169,000,000","118,300,000",낙찰,"145,880,000",86.3%,2023-10-10,2023_4Q,3
울산 2계 2023-100478,중기,기타토지,기타토지,울산,울주군,울산 울주군 언양읍 반천리 534 복산주차장내 보관(제3자 이성학에게 보관),"120,000,000","84,000,000",낙찰,"110,010,000",91.7%,2023-09-13,2023_3Q,3
울산 2계 2023-100560,아파트,아파트,아파트,울산,북구,"울산 북구 상안동 381-1 ,369-6,371-11,1204-21,천곡동 409,1022-12 쌍용아진그린타운 203동 2층 201호","153,000,000","107,100,000",낙찰,"113,700,000",74.3%,2023-11-29,2023_4Q,3
울산 9계 2023-100607(2),아파트,아파트,아파트,울산,동구,울산 동구 화정동 851-6 대하크리스탈 102동 15층 1506호,"126,000,000","126,000,000",낙찰,"130,000,000",103.2%,2023-12-05,2023_4Q,3
울산 8계 2023-100737,아파트,아파트,아파트,울산,동구,"울산 동구 화정동 854-4 ,854-7,854-9,854-10 상아 5층 501호","96,000,000","67,200,000",낙찰,"67,737,000",70.6%,2023-10-26,2023_4Q,3
울산 8계 2023-100829,아파트,아파트,아파트,울산,동구,"울산 동구 서부동 257-4 ,249-8 현대패밀리서부 107동 11층 1103호","95,000,000","66,500,000",낙찰,"73,800,000",77.7%,2023-10-26,2023_4Q,3
울산 9계 2023-100836,차량,기타토지,기타토지,울산,울주군,울산 울주군 청량읍 덕하리 414-3 백양주차장내(제3자 이길연에게) 보관,"10,500,000","7,350,000",낙찰,"9,130,000",87.0%,2023-08-22,2023_3Q,3
울산 8계 2023-100898,아파트,아파트,아파트,울산,북구,울산 북구 천곡동 940-1 우방 104동 2층 211호,"60,000,000","42,000,000",낙찰,"53,725,000",89.5%,2023-10-26,2023_4Q,3
울산 8계 2023-100966,아파트,아파트,아파트,울산,울주군,"울산 울주군 언양읍 동부리 363-2 ,363-18 센텀 4층 402호","184,000,000","128,800,000",낙찰,"180,000,000",97.8%,2023-10-26,2023_4Q,3
울산 5계 2023-101013,아파트,아파트,아파트,울산,동구,"울산 동구 서부동 257-4 ,249-8 현대패밀리서부 108동 7층 706호","101,000,000","70,700,000",낙찰,"78,005,000",77.2%,2023-11-02,2023_4Q,3
울산 8계 2023-101112,아파트,아파트,아파트,울산,중구,울산 중구 성안동 492-1 라인에이미 4층 405호,"218,000,000","152,600,000",낙찰,"184,100,000",84.4%,2023-11-30,2023_4Q,3
울산 3계 2023-101303,아파트,아파트,아파트,울산,북구,"울산 북구 천곡동 402 ,408,1021-8 원동현대 102동 11층 1106호","99,000,000","99,000,000",낙찰,"100,600,000",101.6%,2023-11-28,2023_4Q,3
울산 5계 2023-101327,차량,기타토지,기타토지,울산,울주군,울산 울주군 언양읍 반천리 534 복산주차장내 보관,"19,000,000","13,300,000",낙찰,"15,828,000",83.3%,2023-08-23,2023_3Q,3
울산 3계 2023-101402,차량,기타토지,기타토지,울산,남구,울산 남구 두왕동 453-7 현대주차장내 보관,"8,000,000","5,600,000",낙찰,"6,010,000",75.1%,2023-07-12,2023_3Q,3
울산 6계 2023-101518,차량,기타토지,기타토지,울산,울주군,울산 울주군 언양읍 반천리 534 내보관(제3자 이성학(010-3852-4467)에게 보관),"19,500,000","19,500,000",낙찰,"19,890,000",102.0%,2023-10-12,2023_4Q,3
울산 6계 2023-101631,아파트,아파트,아파트,울산,남구,울산 남구 달동 1330-1 삼산선경 4동 8층 802호,"295,000,000","206,500,000",낙찰,"236,000,000",80.0%,2023-11-16,2023_4Q,3
울산 6계 2023-101747,오피스텔,오피스텔,오피스텔(업무용),울산,북구,울산 북구 구유동 232 신한정자 3층 307호,"109,000,000","76,300,000",낙찰,"86,410,000",79.3%,2023-11-16,2023_4Q,3
울산 1계 2023-101839,연립,연립주택,연립·빌라,울산,울주군,울산 울주군 범서읍 천상리 657-12 천상더힐 주건축물 1동 5층 연립A503호,"192,000,000","134,400,000",낙찰,"147,510,000",76.8%,2023-12-20,2023_4Q,3
울산 8계 2023-101921,아파트,아파트,아파트,울산,울주군,울산 울주군 청량읍 상남리 696-1 울산덕하 신일해피트리 110동 11층 1101호,"310,000,000","217,000,000",낙찰,"225,550,000",72.8%,2023-10-26,2023_4Q,3
울산 1계 2023-102177,차량,기타토지,기타토지,울산,울주군,울산 울주군 언양읍 반천리 534 내 보관(제3자 이성학 보관),"45,000,000","31,500,000",낙찰,"41,900,000",93.1%,2023-07-25,2023_3Q,3
울산 10계 2023-102221,근린상가,근린상가,근린상가,울산,동구,"울산 동구 동부동 303-3 ,316 남목시티프라자 4층 401호","666,000,000","326,340,000",낙찰,"341,770,000",51.3%,2023-11-23,2023_4Q,3
울산 5계 2023-102351,아파트,아파트,아파트,울산,북구,울산 북구 산하동 1033-1 울산블루마시티2차푸르지오 103동 3층 302호,"309,000,000","216,300,000",낙찰,"240,010,000",77.7%,2023-11-02,2023_4Q,3
울산 6계 2023-102368,아파트,아파트,아파트,울산,북구,울산 북구 천곡동 940-1 우방 102동 3층 313호,"65,000,000","45,500,000",낙찰,"51,850,000",79.8%,2023-12-21,2023_4Q,3
울산 9계 2023-102436,아파트,아파트,아파트,울산,울주군,"울산 울주군 삼남읍 교동리 1678 ,1679 영남알프스타운 111동 7층 703호","77,000,000","53,900,000",낙찰,"61,610,000",80.0%,2023-12-05,2023_4Q,3
울산 3계 2023-102467,아파트,아파트,아파트,울산,북구,울산 북구 효문동 1039 효문코오롱하늘채 105동 15층 1502호,"361,000,000","252,700,000",낙찰,"287,550,000",79.7%,2023-11-28,2023_4Q,3
울산 4계 2023-102474,차량,기타토지,기타토지,울산,울주군,울산 울주군 언양읍 반천리 534 복산주차장내 보관,"5,500,000","5,500,000",낙찰,"5,500,000",100.0%,2023-07-26,2023_3Q,3
울산 10계 2023-102535(1),주상복합(주거),기타토지,기타토지,울산,중구,"울산 중구 성안동 372-7 ,372-8 로얄팰리스 7층 701호","281,000,000","196,700,000",낙찰,"203,725,000",72.5%,2023-10-19,2023_4Q,3
울산 10계 2023-102535(2),주상복합(주거),기타토지,기타토지,울산,중구,"울산 중구 성안동 372-7 ,372-8 로얄팰리스 7층 702호","212,000,000","103,880,000",낙찰,"163,880,000",77.3%,2023-11-23,2023_4Q,3
울산 1계 2023-102559,아파트,아파트,아파트,울산,남구,"울산 남구 달동 775-6 ,792-1,1373-2,1374-1 어울림 101동 2층 206호","310,000,000","217,000,000",낙찰,"232,900,000",75.1%,2023-12-20,2023_4Q,3
울산 5계 2023-102863,차량,기타토지,기타토지,울산,울주군,울산 울주군 언양읍 반천리 534 내 보관,"10,500,000","10,500,000",낙찰,"10,606,000",101.0%,2023-09-27,2023_3Q,3
울산 8계 2023-102870,아파트,아파트,아파트,울산,북구,울산 북구 매곡동 917 오토밸리로효성해링턴플레이스 107동 12층 1202호,"339,000,000","237,300,000",낙찰,"318,880,000",94.1%,2023-10-26,2023_4Q,3
울산 6계 2023-102887,답,답,답,울산,울주군,울산 울주군 두동면 만화리 1124,"429,975,000","300,983,000",낙찰,"315,000,000",73.3%,2023-12-21,2023_4Q,3
울산 3계 2023-102948,차량,기타토지,기타토지,울산,남구,울산 남구 두왕동 453-7 현대주차장내 보관,"55,000,000","38,500,000",낙찰,"48,490,000",88.2%,2023-10-24,2023_4Q,3
울산 2계 2023-103262,차량,기타토지,기타토지,울산,울주군,울산 울주군 청량읍 덕하리 414-3 백양주기장내(제3자 이길연에게) 보관,"26,500,000","18,550,000",낙찰,"23,855,000",90.0%,2023-08-09,2023_3Q,3
울산 5계 2023-103392(1),도로,기타토지,기타토지,울산,울주군,울산 울주군 온양읍 발리 산81-3,"2,804,460","1,963,000",낙찰,"2,100,000",74.9%,2023-12-06,2023_4Q,3
울산 5계 2023-103392(4),도로,기타토지,기타토지,울산,울주군,울산 울주군 온양읍 발리 산80-5,"884,500","884,500",낙찰,"1,061,400",120.0%,2023-11-02,2023_4Q,3
울산 5계 2023-103392(5),도로,기타토지,기타토지,울산,울주군,울산 울주군 온양읍 발리 산81-11,"2,247,000","2,247,000",낙찰,"2,820,000",125.5%,2023-11-02,2023_4Q,3
울산 5계 2023-103484,아파트상가,아파트상가,근린상가,울산,북구,울산 북구 화봉동 894-1 청우그린파크 상가106동 1층 103호,"57,000,000","39,900,000",낙찰,"42,330,000",74.3%,2023-12-06,2023_4Q,3
울산 1계 2023-103514,아파트,아파트,아파트,울산,북구,울산 북구 신천동 430-1 신동 101동 10층 1002호,"158,000,000","110,600,000",낙찰,"115,980,000",73.4%,2023-12-20,2023_4Q,3
울산 3계 2023-103538,아파트,아파트,아파트,울산,중구,울산 중구 남외동 500 일신에일린의뜰 109동 1층 101호,"510,000,000","357,000,000",낙찰,"421,750,000",82.7%,2023-11-28,2023_4Q,3
울산 5계 2023-103699,차량,기타토지,기타토지,울산,울주군,울산 울주군 온산읍 처용리 589 볼보트럭코리아울산사업소내 보관,"110,000,000","53,900,000",낙찰,"54,500,000",49.5%,2023-11-02,2023_4Q,3
울산 10계 2023-103903(2),오피스텔(주거),오피스텔,오피스텔(업무용),울산,남구,"울산 남구 신정동 580-1 ,580-18 신정센텀메르빌 17층 1703호","234,000,000","163,800,000",낙찰,"180,000,000",76.9%,2023-11-23,2023_4Q,3
울산 10계 2023-104425,주상복합(주거),기타토지,기타토지,울산,동구,울산 동구 화정동 645-11 대호비치 11층 1102호,"205,000,000","100,450,000",낙찰,"145,989,000",71.2%,2023-12-28,2023_4Q,3
울산 5계 2023-104487,아파트,아파트,아파트,울산,북구,울산 북구 산하동 1033-1 울산블루마시티2차푸르지오 102동 27층 2701호,"329,000,000","230,300,000",낙찰,"270,300,000",82.2%,2023-12-06,2023_4Q,3
울산 10계 2023-104579,연립,연립주택,연립·빌라,울산,울주군,울산 울주군 삼남읍 교동리 110 울산센트레빌더테라스 113동 3층 304호,"504,000,000","352,800,000",낙찰,"380,110,000",75.4%,2023-11-23,2023_4Q,3
울산 2계 2023-104715,아파트,아파트,아파트,울산,동구,울산 동구 화정동 949 힐스테이트 이스턴베이 103동 3층 303호,"335,000,000","335,000,000",낙찰,"336,100,000",100.3%,2023-11-29,2023_4Q,3
울산 10계 2023-106711,차량,기타토지,기타토지,울산,남구,울산 남구 두왕동 453-7 현대주차장내 보관(제3자 손영숙에게 보관),"15,000,000","10,500,000",낙찰,"13,845,000",92.3%,2023-10-19,2023_4Q,3
울산 10계 2023-106865,아파트,아파트,아파트,울산,동구,"울산 동구 동부동 150 ,150-1,218-1,592-20 현대패밀리동부 115동 9층 903호","101,000,000","70,700,000",낙찰,"70,700,000",70.0%,2023-12-28,2023_4Q,3
울산 1계 2023-107974,선박,기타토지,기타토지,울산,남구,울산 남구 장생포동 87-16 장생포항내 보관(제3자 (주)와이제이마린 대표 채영재 보관),"261,292,800","261,292,800",낙찰,"320,000,000",122.5%,2023-11-15,2023_4Q,3
울산 7계 2023-110215,아파트,아파트,아파트,울산,중구,울산 중구 학성동 379 남운학성타운 102동 1층 108호,"302,000,000","211,400,000",낙찰,"220,000,000",72.8%,2023-12-14,2023_4Q,3
서부 5계 2023-35586,차량,기타토지,기타토지,울산,남구,울산 남구 두왕동 453-7 내 보관,"32,000,000","22,400,000",낙찰,"28,250,000",88.3%,2023-11-14,2023_4Q,3
울산 5계 2020-6148,근린상가,근린상가,근린상가,울산,남구,"울산 남구 신정동 1126-5 ,1126-6,1126-9,1127-51 패션밸리씨.1020 3층 3-51호","725,000,000","41,795,000",낙찰,"52,210,000",7.2%,2024-05-29,2024_2Q,3
울산 1계 2020-8502(3),답,답,답,울산,울주군,울산 울주군 웅촌면 곡천리 730-6,"12,650,000","8,855,000",낙찰,"9,010,000",71.2%,2024-02-06,2024_1Q,3
울산 2계 2020-111156,아파트,아파트,아파트,울산,남구,울산 남구 달동 758 달동삼성 202동 25층 2502호,"255,000,000","255,000,000",낙찰,"278,777,000",109.3%,2024-03-13,2024_1Q,3
울산 7계 2021-635,임야,임야,임야,울산,울주군,울산 울주군 두서면 내와리 산147,"63,746,215","31,235,000",낙찰,"31,850,000",50.0%,2024-01-18,2024_1Q,3
울산 4계 2021-1188,근린주택,근린주택,근린주택,울산,중구,울산 중구 성안동 400-10,"1,080,784,650","529,584,000",낙찰,"617,230,000",57.1%,2024-02-20,2024_1Q,3
울산 9계 2021-1447(1),근린주택,근린주택,근린주택,울산,울주군,울산 울주군 범서읍 천상리 644-8,"996,311,180","488,193,000",낙찰,"697,525,000",70.0%,2024-02-21,2024_1Q,3
울산 8계 2021-4422(16),주상복합(상가),기타토지,기타토지,울산,동구,울산 동구 방어동 1083-14 에스코빌Ⅷ 2층 201호,"154,000,000","75,460,000",낙찰,"78,610,000",51.0%,2024-02-15,2024_1Q,3
울산 8계 2021-6251,임야,임야,임야,울산,울주군,울산 울주군 두동면 구미리 744-21,"415,540,800","99,772,000",낙찰,"111,000,000",26.7%,2024-02-15,2024_1Q,3
울산 3계 2021-7872(1),임야,임야,임야,울산,울주군,울산 울주군 상북면 등억알프스리 산37,"610,564,000","209,424,000",낙찰,"213,400,000",35.0%,2024-04-23,2024_2Q,3
울산 5계 2021-8066(1),근린상가,근린상가,근린상가,울산,중구,울산 중구 서동 599-7 새천년빌딩 1층 105호,"318,000,000","155,820,000",낙찰,"162,100,000",51.0%,2024-05-29,2024_2Q,3
울산 5계 2021-8066(2),근린상가,근린상가,근린상가,울산,중구,울산 중구 서동 599-7 새천년빌딩 2층 201호,"258,000,000","126,420,000",낙찰,"135,210,000",52.4%,2024-05-29,2024_2Q,3
울산 3계 2021-8301(1),전,전,전,울산,북구,울산 북구 무룡동 521,"176,900,000","42,474,000",낙찰,"52,092,500",29.4%,2024-04-23,2024_2Q,3
울산 10계 2021-8509,목장용지,기타토지,목장용지,울산,울주군,울산 울주군 범서읍 척과리 311-3,"3,601,884,000","423,758,000",낙찰,"628,880,000",17.5%,2024-04-11,2024_2Q,3
울산 5계 2021-9182(3),아파트상가,아파트상가,근린상가,울산,남구,"울산 남구 신정동 1880 ,1883,1884 태화강풍림엑슬루타워 판매시설동 3층 316-L호","133,000,000","45,619,000",낙찰,"45,619,000",34.3%,2024-01-10,2024_1Q,3
울산 1계 2021-105400,전,전,전,울산,남구,울산 남구 장생포동 292,"2,174,160,000","745,737,000",낙찰,"789,000,000",36.3%,2024-03-12,2024_1Q,3
울산 6계 2021-109013,아파트,아파트,아파트,울산,북구,울산 북구 중산동 200 중산디아채 204동 3층 302호,"251,000,000","175,700,000",낙찰,"204,989,000",81.7%,2024-02-29,2024_1Q,3
울산 5계 2021-112231,주상복합(주거),기타토지,기타토지,울산,동구,"울산 동구 방어동 74-12 ,74-13 영보메르빌 102동 5층 502호","207,000,000","144,900,000",낙찰,"145,010,000",70.1%,2024-03-06,2024_1Q,3
울산 7계 2021-112767(2),근린상가,근린상가,근린상가,울산,북구,울산 북구 상안동 357-11 1층 102호,"1,067,000,000","256,187,000",낙찰,"381,600,000",35.8%,2024-03-28,2024_1Q,3
울산 7계 2021-112767(3),근린상가,근린상가,근린상가,울산,북구,울산 북구 상안동 357-11 1층 104호,"614,000,000","210,602,000",낙찰,"218,719,000",35.6%,2024-02-22,2024_1Q,3
울산 7계 2021-112767(6),근린상가,근린상가,근린상가,울산,북구,울산 북구 상안동 357-11 3층 301호,"1,078,000,000","258,828,000",낙찰,"260,550,000",24.2%,2024-03-28,2024_1Q,3
울산 7계 2021-112767(7),근린상가,근린상가,근린상가,울산,북구,울산 북구 상안동 357-11 4층 401호,"1,078,000,000","369,754,000",낙찰,"375,000,000",34.8%,2024-02-22,2024_1Q,3
울산 8계 2022-687,임야,임야,임야,울산,울주군,울산 울주군 서생면 대송리 345-29,"366,553,000","256,587,000",낙찰,"282,100,000",77.0%,2024-01-11,2024_1Q,3
울산 10계 2022-861,단독주택,단독,단독주택,울산,북구,울산 북구 호계동 736-3,"7,399,580","7,399,580",낙찰,"29,648,947",400.7%,2024-03-07,2024_1Q,3
울산 3계 2022-1147,아파트,아파트,아파트,울산,울주군,울산 울주군 온양읍 망양리 8 회야리버 104동 5층 503호,"71,000,000","49,700,000",낙찰,"60,888,000",85.8%,2024-02-13,2024_1Q,3
울산 5계 2022-1192(2),임야,임야,임야,울산,울주군,울산 울주군 삼남읍 상천리 668-6,"3,038,005,000","1,488,623,000",낙찰,"1,610,000,000",53.0%,2024-05-29,2024_2Q,3
울산 7계 2022-1567(1),임야,임야,임야,울산,북구,울산 북구 천곡동 877-4,"1,230,889,000","206,876,000",낙찰,"302,880,000",24.6%,2024-02-22,2024_1Q,3
울산 3계 2022-4009(1),과수원,과수원,과수원,울산,울주군,울산 울주군 웅촌면 석천리 245-6,"306,393,000","51,496,000",낙찰,"74,500,000",24.3%,2024-05-28,2024_2Q,3
울산 6계 2022-4023,관광휴계시설,기타건물,기타건물,울산,울주군,울산 울주군 상북면 덕현리 1340,"1,539,557,760","528,068,000",낙찰,"695,049,760",45.1%,2024-02-29,2024_1Q,3
울산 7계 2022-4238(2),임야,임야,임야,울산,울주군,울산 울주군 삼동면 출강리 산132,"149,152,000","17,548,000",낙찰,"19,100,000",12.8%,2024-02-22,2024_1Q,3
울산 7계 2022-4474,아파트,아파트,아파트,울산,남구,울산 남구 삼산동 1461-1 우성 103동 8층 805호,"389,000,000","190,610,000",낙찰,"282,000,000",72.5%,2024-05-02,2024_2Q,3
울산 9계 2022-4948(2),전,전,전,울산,울주군,울산 울주군 언양읍 다개리 760,"162,030,000","79,395,000",낙찰,"83,100,000",51.3%,2024-01-17,2024_1Q,3
울산 6계 2022-5033(1),임야,임야,임야,울산,북구,울산 북구 달천동 산153,"1,596,101,000","547,463,000",낙찰,"630,000,000",39.5%,2024-01-25,2024_1Q,3
울산 6계 2022-5033(2),임야,임야,임야,울산,북구,울산 북구 대안동 산140,"544,470,000","130,727,000",낙찰,"174,000,000",32.0%,2024-02-29,2024_1Q,3
울산 6계 2022-5033(4),임야,임야,임야,울산,북구,울산 북구 어물동 산36,"515,710,000","86,675,000",낙찰,"117,327,000",22.8%,2024-06-13,2024_2Q,3
울산 8계 2022-5255,공장,공장(지식산업센터 업무시설),공장,울산,울주군,울산 울주군 웅촌면 고연리 987-7,"2,487,609,210","1,218,928,000",낙찰,"1,450,000,000",58.3%,2024-01-11,2024_1Q,3
울산 7계 2022-5361,아파트,아파트,아파트,울산,울주군,울산 울주군 삼남읍 가천리 90-4 대원그린파크 1층 110호,"48,000,000","23,520,000",낙찰,"31,300,000",65.2%,2024-01-18,2024_1Q,3
울산 6계 2022-5859,다가구,다가구,다가구,울산,동구,울산 동구 일산동 530-44,"1,489,438,240","729,825,000",낙찰,"862,895,000",57.9%,2024-02-29,2024_1Q,3
울산 7계 2022-5866,다가구,다가구,다가구,울산,동구,울산 동구 일산동 530-13 코지빌 A동,"1,563,979,600","536,445,000",낙찰,"783,880,000",50.1%,2024-02-22,2024_1Q,3
울산 5계 2022-5972,답,답,답,울산,울주군,울산 울주군 두서면 전읍리 1070-1,"11,468,000","1,928,000",낙찰,"2,565,000",22.4%,2024-05-29,2024_2Q,3
울산 5계 2022-6081(1),축사,기타토지,기타토지,울산,울주군,울산 울주군 두동면 만화리 986 2호,"815,635,200","279,763,000",낙찰,"306,500,000",37.6%,2024-01-10,2024_1Q,3
울산 2계 2022-6258,답,답,답,울산,울주군,울산 울주군 범서읍 두산리 8-1,"350,730,000","84,211,000",낙찰,"102,530,000",29.2%,2024-01-03,2024_1Q,3
울산 9계 2022-6371,임야,임야,임야,울산,중구,울산 중구 성안동 산272,"257,822,000","30,332,000",낙찰,"36,500,000",14.2%,2024-01-17,2024_1Q,3
울산 7계 2022-6586,아파트,아파트,아파트,울산,울주군,울산 울주군 상북면 향산리 603-47 청구골든맨션 나동 3층 304호,"90,000,000","44,100,000",낙찰,"65,500,000",72.8%,2024-02-22,2024_1Q,3
울산 7계 2022-6678,아파트,아파트,아파트,울산,북구,"울산 북구 중산동 1277-1 ,1277-2,1277-3 울산오토밸리로줌파크 102동 20층 2003호","178,000,000","124,600,000",낙찰,"124,600,000",70.0%,2024-01-18,2024_1Q,3
울산 7계 2022-6906,아파트,아파트,아파트,울산,중구,울산 중구 성안동 383-3 대동실크로드 8층 804호,"296,000,000","207,200,000",낙찰,"210,379,000",71.1%,2024-06-05,2024_2Q,3
울산 6계 2022-6944,다세대,다세대주택,다세대,울산,동구,울산 동구 화정동 148-4 정훈빌라 3층 301호,"95,000,000","46,550,000",낙찰,"50,770,000",53.4%,2024-01-25,2024_1Q,3
울산 7계 2022-7077,아파트,아파트,아파트,울산,동구,"울산 동구 동부동 150 ,150-1,218-1,592-20 현대패밀리동부 102동 4층 402호","116,000,000","56,840,000",낙찰,"71,500,000",61.6%,2024-02-22,2024_1Q,3
울산 10계 2022-7114,임야,임야,임야,울산,울주군,울산 울주군 삼동면 하잠리 산221-2,"155,382,000","26,115,000",낙찰,"35,000,000",22.5%,2024-02-01,2024_1Q,3
울산 3계 2022-7206,다세대,다세대주택,다세대,울산,울주군,울산 울주군 범서읍 구영리 373-2 소현빌라 2층 201호,"207,000,000","101,430,000",낙찰,"131,900,000",63.7%,2024-01-09,2024_1Q,3
울산 7계 2022-7305,단독주택,단독,단독주택,울산,동구,울산 동구 방어동 1047-2,"1,102,127,800","378,029,000",낙찰,"598,880,000",54.3%,2024-05-02,2024_2Q,3
울산 8계 2022-7336,임야,임야,임야,울산,울주군,울산 울주군 청량읍 중리 산12-1,"40,144,640","9,639,000",낙찰,"12,001,000",29.9%,2024-04-25,2024_2Q,3
울산 3계 2022-7466,답,답,답,울산,울주군,울산 울주군 온양읍 발리 596,"1,461,100,000","715,939,000",낙찰,"1,201,000,000",82.2%,2024-01-09,2024_1Q,3
울산 9계 2022-7619(1),전,전,전,울산,울주군,울산 울주군 삼남읍 교동리 1368-2,"573,260,000","280,897,000",낙찰,"315,295,000",55.0%,2024-01-17,2024_1Q,3
울산 9계 2022-7619(2),임야,임야,임야,울산,울주군,울산 울주군 삼남읍 가천리 1050-1,"212,784,000","104,264,000",낙찰,"142,100,000",66.8%,2024-01-17,2024_1Q,3
울산 4계 2022-7879,근린주택,근린주택,근린주택,울산,동구,울산 동구 방어동 317-10,"924,489,720","317,100,000",낙찰,"385,500,000",41.7%,2024-01-16,2024_1Q,3
울산 9계 2022-7886(1),위락시설,기타건물,기타건물,울산,중구,"울산 중구 태화동 38-5 ,38-10 지하1층","360,000,000","123,480,000",낙찰,"125,010,000",34.7%,2024-05-01,2024_2Q,3
울산 9계 2022-7886(2),문화집회시설,기타건물,기타건물,울산,중구,"울산 중구 태화동 38-5 ,38-10 4층","774,000,000","265,482,000",낙찰,"313,999,900",40.6%,2024-05-01,2024_2Q,3
울산 9계 2022-7886(3),문화집회시설,기타건물,기타건물,울산,중구,"울산 중구 태화동 38-5 ,38-10 5층","774,000,000","265,482,000",낙찰,"312,999,900",40.4%,2024-05-01,2024_2Q,3
울산 10계 2022-7893,자동차시설,기타건물,기타건물,울산,중구,"울산 중구 태화동 38-5 ,38-10 울산빌딩 1층","310,000,000","151,900,000",낙찰,"164,459,999",53.1%,2024-04-11,2024_2Q,3
울산 1계 2022-7909,근린상가,근린상가,근린상가,울산,중구,"울산 중구 태화동 38-5 ,38-10 울산빌딩 3층","789,000,000","270,627,000",낙찰,"321,110,000",40.7%,2024-05-21,2024_2Q,3
울산 2계 2022-7916,문화집회시설,기타건물,기타건물,울산,중구,"울산 중구 태화동 38-5 ,38-10 6층","700,000,000","240,100,000",낙찰,"268,010,000",38.3%,2024-04-17,2024_2Q,3
울산 3계 2022-7923(1),근린상가,근린상가,근린상가,울산,중구,"울산 중구 태화동 38-5 ,38-10 울산빌딩 7층","657,000,000","225,351,000",낙찰,"235,095,599",35.8%,2024-03-19,2024_1Q,3
울산 3계 2022-7923(2),근린상가,근린상가,근린상가,울산,중구,"울산 중구 태화동 38-5 ,38-10 울산빌딩 8층","657,000,000","225,351,000",낙찰,"245,190,000",37.3%,2024-03-19,2024_1Q,3
울산 5계 2022-7947,임야,임야,임야,울산,울주군,울산 울주군 상북면 덕현리 780,"759,395,000","260,473,000",낙찰,"334,176,000",44.0%,2024-05-29,2024_2Q,3
울산 3계 2022-7978(1),근린상가,근린상가,근린상가,울산,중구,"울산 중구 태화동 38-5 ,38-10 울산빌딩 9층","653,000,000","223,979,000",낙찰,"236,500,000",36.2%,2024-05-28,2024_2Q,3
울산 3계 2022-7978(2),근린상가,근린상가,근린상가,울산,중구,"울산 중구 태화동 38-5 ,38-10 울산빌딩 10층","653,000,000","223,979,000",낙찰,"236,599,999",36.2%,2024-05-28,2024_2Q,3
울산 3계 2022-7978(4),근린상가,근린상가,근린상가,울산,중구,"울산 중구 태화동 38-5 ,38-10 울산빌딩 12층","653,000,000","223,979,000",낙찰,"320,077,000",49.0%,2024-05-28,2024_2Q,3
울산 3계 2022-7978(5),근린상가,근린상가,근린상가,울산,중구,"울산 중구 태화동 38-5 ,38-10 울산빌딩 13층","471,000,000","161,553,000",낙찰,"164,500,000",34.9%,2024-05-28,2024_2Q,3
울산 7계 2022-8018,주상복합(주거),기타토지,기타토지,울산,남구,울산 남구 신정동 570-12 정무하이빌 10층 1002호,"252,000,000","176,400,000",낙찰,"230,000,000",91.3%,2024-01-18,2024_1Q,3
울산 10계 2022-8117,아파트,아파트,아파트,울산,울주군,"울산 울주군 온산읍 덕신리 336 ,336-1 무궁화 113동 1층 108호","75,000,000","52,500,000",낙찰,"68,116,811",90.8%,2024-02-01,2024_1Q,3
울산 9계 2022-8131,대지,나대지,나대지,울산,울주군,울산 울주군 삼남읍 교동리 1713-6,"1,867,788,000","640,651,000",낙찰,"766,650,000",41.0%,2024-03-27,2024_1Q,3
울산 4계 2022-8193,목욕시설,기타건물,기타건물,울산,북구,울산 북구 화봉동 650-2,"1,494,879,600","512,744,000",낙찰,"652,000,000",43.6%,2024-01-16,2024_1Q,3
울산 8계 2022-8414,임야,임야,임야,울산,울주군,울산 울주군 범서읍 두산리 313-12,"145,061,000","34,829,000",낙찰,"35,000,000",24.1%,2024-02-15,2024_1Q,3
울산 9계 2022-8421,전,전,전,울산,울주군,울산 울주군 범서읍 두산리 311-4,"122,540,000","42,032,000",낙찰,"42,040,000",34.3%,2024-03-27,2024_1Q,3
울산 6계 2022-101177,단독주택,단독,단독주택,울산,울주군,울산 울주군 서생면 나사리 272,"546,267,500","382,387,000",낙찰,"505,000,000",92.4%,2024-05-09,2024_2Q,3
울산 3계 2022-101375,다세대,다세대주택,다세대,울산,울주군,울산 울주군 삼남읍 교동리 565-3 남주빌리지 1동 3층 302호,"201,000,000","68,943,000",낙찰,"95,888,000",47.7%,2024-03-19,2024_1Q,3
울산 8계 2022-101528,근린상가,근린상가,근린상가,울산,중구,울산 중구 약사동 596-5,"1,403,240,400","982,268,000",낙찰,"1,050,000,000",74.8%,2024-02-15,2024_1Q,3
울산 3계 2022-102309,아파트,아파트,아파트,울산,남구,울산 남구 신정동 319 강변센트럴하이츠 103동 7층 704호,"1,023,000,000","501,270,000",낙찰,"697,770,000",68.2%,2024-01-09,2024_1Q,3
울산 3계 2022-102385,단독주택,단독,단독주택,울산,중구,울산 중구 반구동 625-28,"324,586,720","159,048,000",낙찰,"171,380,000",52.8%,2024-01-09,2024_1Q,3
울산 5계 2022-104794,아파트,아파트,아파트,울산,동구,울산 동구 서부동 284-1 한아름현대 102동 3층 303호,"152,000,000","74,480,000",낙찰,"98,210,010",64.6%,2024-05-29,2024_2Q,3
울산 5계 2022-105247(1),임야,임야,임야,울산,울주군,울산 울주군 청량읍 중리 산48-4,"13,420,000","2,255,000",낙찰,"3,250,000",24.2%,2024-04-24,2024_2Q,3
울산 5계 2022-105247(2),임야,임야,임야,울산,울주군,울산 울주군 청량읍 중리 산48-8,"660,400","158,000",낙찰,"160,000",24.2%,2024-03-06,2024_1Q,3
울산 5계 2022-105421,다세대,다세대주택,다세대,울산,북구,"울산 북구 양정동 561-8 ,산111 동일빌라 3층 302호","81,000,000","27,783,000",낙찰,"31,200,090",38.5%,2024-01-10,2024_1Q,3
울산 1계 2022-105490,잡종지,잡종지,잡종지,울산,북구,울산 북구 신천동 222-21,"327,868,800","112,459,000",낙찰,"166,500,000",50.8%,2024-02-06,2024_1Q,3
울산 4계 2022-106318,전,전,전,울산,울주군,울산 울주군 두서면 인보리 867-1,"210,007,000","35,296,000",낙찰,"41,200,000",19.6%,2024-01-16,2024_1Q,3
울산 6계 2022-106479(1),임야,임야,임야,울산,북구,울산 북구 중산동 산121-5,"4,194,460","1,007,000",낙찰,"1,250,000",29.8%,2024-01-25,2024_1Q,3
울산 8계 2022-107243,아파트,아파트,아파트,울산,북구,울산 북구 중산동 1166-18 이화제일그린파크 4층 408호,"82,500,000","40,425,000",낙찰,"43,725,000",53.0%,2024-01-11,2024_1Q,3
울산 4계 2022-107472,아파트,아파트,아파트,울산,동구,울산 동구 동부동 120-1 한라오로라타워 12층 1207호,"105,000,000","73,500,000",낙찰,"81,790,000",77.9%,2024-02-20,2024_1Q,3
울산 4계 2022-107878,임야,임야,임야,울산,울주군,울산 울주군 온산읍 덕신리 69-16,"1,699,608,000","408,076,000",낙찰,"541,000,000",31.8%,2024-04-30,2024_2Q,3
울산 3계 2022-108109(1),임야,임야,임야,울산,울주군,울산 울주군 범서읍 사연리 산52-1,"110,932,260","26,635,000",낙찰,"26,699,900",24.1%,2024-02-13,2024_1Q,3
울산 7계 2022-108420,주상복합(주거),기타토지,기타토지,울산,남구,울산 남구 신정동 1877 두산위브더제니스 37층 101-3702호,"618,000,000","302,820,000",낙찰,"334,000,000",54.0%,2024-02-22,2024_1Q,3
울산 4계 2022-108987(1),전,전,전,울산,울주군,울산 울주군 두동면 은편리 155,"299,175,000","102,617,000",낙찰,"117,690,000",39.3%,2024-02-20,2024_1Q,3
울산 1계 2022-109218,단독주택,단독,단독주택,울산,울주군,울산 울주군 삼남읍 가천리 146-11,"3,966,000","1,943,000",낙찰,"3,110,000",78.4%,2024-02-06,2024_1Q,3
울산 7계 2022-109591,아파트,아파트,아파트,울산,중구,울산 중구 우정동 723-1 청우하이츠맨션 101동 18층 1803호,"166,000,000","116,200,000",낙찰,"120,828,200",72.8%,2024-01-18,2024_1Q,3
울산 7계 2022-109676,단독주택,단독,단독주택,울산,북구,울산 북구 정자동 434-12,"250,128,200","175,090,000",낙찰,"181,154,529",72.4%,2024-05-02,2024_2Q,3
울산 3계 2022-109737,근린상가,근린상가,근린상가,울산,남구,울산 남구 삼산동 1541-6,"2,948,940,000","1,444,981,000",낙찰,"1,682,000,000",57.0%,2024-04-23,2024_2Q,3
울산 8계 2022-110126,단독주택,단독,단독주택,울산,동구,울산 동구 방어동 170-3 1호,"110,780,780","37,998,000",낙찰,"37,998,000",34.3%,2024-03-21,2024_1Q,3
울산 6계 2022-110461,아파트,아파트,아파트,울산,울주군,"울산 울주군 청량읍 삼정리 755 ,753-3,755-4,755-5,755-7,901 쌍용하나빌리지 202동 10층 1003호","123,000,000","86,100,000",낙찰,"93,600,000",76.1%,2024-05-09,2024_2Q,3
울산 3계 2022-110652,연립,연립주택,연립·빌라,울산,동구,울산 동구 방어동 912-16 주신하이빌 4층 401호,"138,000,000","67,620,000",낙찰,"86,100,000",62.4%,2024-01-09,2024_1Q,3
울산 4계 2022-110706,대지,나대지,나대지,울산,울주군,울산 울주군 서생면 신암리 287-1,"353,430,000","121,227,000",낙찰,"174,100,000",49.3%,2024-04-30,2024_2Q,3
울산 4계 2022-111075,아파트,아파트,아파트,울산,남구,울산 남구 신정동 751-1 새울산맨션 5층 506호,"460,000,000","157,780,000",낙찰,"178,190,000",38.7%,2024-06-04,2024_2Q,3
울산 2계 2022-111280,아파트,아파트,아파트,울산,중구,울산 중구 성안동 496-6 힐그린스위트 6층 603호,"212,000,000","148,400,000",낙찰,"166,890,000",78.7%,2024-02-07,2024_1Q,3
울산 6계 2022-111365,아파트,아파트,아파트,울산,중구,"울산 중구 학산동 15-1 ,15-2,15-6 동남하이빌4차 5층 501호","315,000,000","220,500,000",낙찰,"250,999,990",79.7%,2024-06-13,2024_2Q,3
울산 8계 2022-111518,아파트,아파트,아파트,울산,남구,울산 남구 삼산동 1403-3 태화강더뷰 8층 801호,"94,000,000","22,569,000",낙찰,"23,100,000",24.6%,2024-01-11,2024_1Q,3
울산 9계 2022-111525(1),대지,나대지,나대지,울산,울주군,울산 울주군 언양읍 반천리 1106-20,"470,235,000","161,291,000",낙찰,"231,000,000",49.1%,2024-05-01,2024_2Q,3
울산 9계 2022-111525(2),대지,나대지,나대지,울산,울주군,울산 울주군 언양읍 반천리 1106-19,"470,670,000","161,440,000",낙찰,"231,000,000",49.1%,2024-05-01,2024_2Q,3
울산 9계 2022-111525(3),대지,나대지,나대지,울산,울주군,울산 울주군 언양읍 반천리 1106-8,"741,240,000","254,246,000",낙찰,"371,000,000",50.1%,2024-05-01,2024_2Q,3
울산 9계 2022-111525(4),대지,나대지,나대지,울산,울주군,울산 울주군 언양읍 반천리 1106-21,"594,978,000","204,078,000",낙찰,"266,000,000",44.7%,2024-05-01,2024_2Q,3
울산 7계 2022-111983,다세대,다세대주택,다세대,울산,북구,울산 북구 호계동 654-1 태웅하이트빌라 가동 1층 102호,"82,400,000","57,680,000",낙찰,"65,999,990",80.1%,2024-01-18,2024_1Q,3
울산 4계 2022-112108,대지,나대지,나대지,울산,동구,울산 동구 화정동 157-1,"208,463,100","71,503,000",낙찰,"77,200,000",37.0%,2024-01-16,2024_1Q,3
울산 7계 2022-112221,아파트,아파트,아파트,울산,동구,울산 동구 화정동 870-5 남경피오레 4층 404호,"209,000,000","146,300,000",낙찰,"163,599,900",78.3%,2024-03-28,2024_1Q,3
울산 5계 2022-112283,대지,나대지,나대지,울산,중구,울산 중구 남외동 299-4,"431,680,000","72,552,000",낙찰,"86,599,000",20.1%,2024-03-06,2024_1Q,3
울산 5계 2022-112382(2),단독주택,단독,단독주택,울산,울주군,울산 울주군 두서면 활천리 331-2,"257,659,000","61,864,000",낙찰,"73,190,000",28.4%,2024-04-24,2024_2Q,3
울산 9계 2022-112498,아파트,아파트,아파트,울산,중구,울산 중구 성안동 860-3 성안그린빌 B동 1층 101호,"180,000,000","88,200,000",낙찰,"123,099,790",68.4%,2024-01-17,2024_1Q,3
울산 8계 2022-112566,다세대,다세대주택,다세대,울산,남구,울산 남구 신정동 1156-2 4층 402호,"126,000,000","88,200,000",낙찰,"112,100,000",89.0%,2024-01-11,2024_1Q,3
울산 2계 2022-112641(1),전,전,전,울산,울주군,울산 울주군 웅촌면 검단리 1001,"75,255,000","18,069,000",낙찰,"22,495,000",29.9%,2024-02-07,2024_1Q,3
울산 2계 2022-112641(3),전,전,전,울산,울주군,울산 울주군 웅촌면 검단리 784,"338,140,000","115,982,000",낙찰,"145,400,800",43.0%,2024-01-03,2024_1Q,3
울산 2계 2022-112641(4),전,전,전,울산,울주군,울산 울주군 웅촌면 검단리 1000,"76,884,000","18,460,000",낙찰,"24,701,000",32.1%,2024-02-07,2024_1Q,3
울산 7계 2022-112719,단독주택,단독,단독주택,울산,중구,울산 중구 남외동 166,"435,456,360","304,819,000",낙찰,"397,700,000",91.3%,2024-01-18,2024_1Q,3
울산 9계 2022-112733,다세대,다세대주택,다세대,울산,중구,울산 중구 반구동 592-20 정우빌라 3층 301호,"144,000,000","70,560,000",낙찰,"97,000,000",67.4%,2024-02-21,2024_1Q,3
울산 10계 2022-112900,아파트,아파트,아파트,울산,울주군,"울산 울주군 삼남읍 교동리 1678 ,1679 영남알프스타운 107동 11층 1104호","97,000,000","67,900,000",낙찰,"76,135,000",78.5%,2024-03-07,2024_1Q,3
울산 1계 2022-113248,임야,임야,임야,울산,울주군,울산 울주군 두서면 내와리 산164,"60,413,900","14,505,000",낙찰,"17,555,000",29.1%,2024-04-16,2024_2Q,3
울산 9계 2022-113446,아파트,아파트,아파트,울산,북구,울산 북구 송정동 1237-2 울산송정반도유보라아이비파크 107동 23층 2303호,"626,000,000","438,200,000",낙찰,"530,000,000",84.7%,2024-01-17,2024_1Q,3
울산 8계 2022-113507,오피스텔(주거),오피스텔,오피스텔(업무용),울산,북구,울산 북구 명촌동 870-1 씨앤펠리스파크 2층 201호,"266,000,000","91,238,000",낙찰,"135,989,000",51.1%,2024-01-11,2024_1Q,3
울산 7계 2023-35,아파트,아파트,아파트,울산,울주군,"울산 울주군 언양읍 동부리 363-2 ,363-18 센텀 7층 702호","186,000,000","130,200,000",낙찰,"155,150,000",83.4%,2024-02-22,2024_1Q,3
울산 9계 2023-59,단독주택,단독,단독주택,울산,남구,울산 남구 신정동 533-27,"1,212,070,960","415,741,000",낙찰,"581,090,000",47.9%,2024-06-12,2024_2Q,3
울산 1계 2023-66,아파트,아파트,아파트,울산,북구,"울산 북구 산하동 969-1 ,969-2 울산블루마시티서희스타힐스블루원 108동 27층 2702호","344,000,000","240,800,000",낙찰,"278,900,000",81.1%,2024-06-25,2024_2Q,3
울산 2계 2023-73,숙박시설,숙박시설,숙박시설,울산,울주군,울산 울주군 상북면 등억알프스리 534-2,"2,982,797,500","716,170,000",낙찰,"906,999,000",30.4%,2024-02-07,2024_1Q,3
울산 7계 2023-110,다가구,다가구,다가구,울산,남구,울산 남구 무거동 1481-10,"716,498,720","351,084,000",낙찰,"439,900,000",61.4%,2024-03-28,2024_1Q,3
울산 8계 2023-127(1),답,답,답,울산,울주군,울산 울주군 상북면 궁근정리 89,"16,340,000","2,747,000",낙찰,"2,753,000",16.8%,2024-03-21,2024_1Q,3
울산 8계 2023-127(2),답,답,답,울산,울주군,울산 울주군 상북면 궁근정리 90,"31,104,000","3,660,000",낙찰,"6,720,000",21.6%,2024-04-25,2024_2Q,3
울산 8계 2023-127(3),답,답,답,울산,울주군,울산 울주군 상북면 궁근정리 91,"130,645,000","21,958,000",낙찰,"25,150,000",19.3%,2024-03-21,2024_1Q,3
울산 8계 2023-127(4),답,답,답,울산,울주군,울산 울주군 상북면 궁근정리 92,"29,516,000","7,087,000",낙찰,"7,110,000",24.1%,2024-02-15,2024_1Q,3
울산 1계 2023-158,연구소,사무실,사무실,울산,동구,울산 동구 화정동 160-18,"1,255,216,000","615,056,000",낙찰,"728,350,000",58.0%,2024-04-16,2024_2Q,3
울산 2계 2023-165,아파트,아파트,아파트,울산,중구,울산 중구 태화동 110 한라궁전 B동 8층 802호,"226,000,000","158,200,000",낙찰,"164,999,000",73.0%,2024-01-03,2024_1Q,3
울산 8계 2023-196,오피스텔(상가),근린상가,오피스텔(업무용),울산,북구,"울산 북구 산하동 972-6 ,972-7 뉴타운 1동 1층 105호","471,000,000","113,087,000",낙찰,"135,110,000",28.7%,2024-02-15,2024_1Q,3
울산 9계 2023-295,다세대,다세대주택,다세대,울산,중구,울산 중구 서동 58-6 우리빌라 5층 501호,"130,000,000","63,700,000",낙찰,"95,888,000",73.8%,2024-05-01,2024_2Q,3
울산 8계 2023-332,임야,임야,임야,울산,울주군,울산 울주군 청량읍 중리 산278-7,"451,132,128","75,822,000",낙찰,"77,777,700",17.2%,2024-03-21,2024_1Q,3
울산 9계 2023-349(2),단독주택,단독,단독주택,울산,남구,울산 남구 신정동 741-2,"725,922,320","508,146,000",낙찰,"521,090,000",71.8%,2024-03-27,2024_1Q,3
울산 9계 2023-349(3),단독주택,단독,단독주택,울산,남구,울산 남구 신정동 731,"3,916,087,200","1,918,883,000",낙찰,"2,276,140,000",58.1%,2024-05-01,2024_2Q,3
울산 9계 2023-431,근린상가,근린상가,근린상가,울산,동구,울산 동구 동부동 201-85,"769,449,685","377,031,000",낙찰,"420,111,000",54.6%,2024-02-21,2024_1Q,3
울산 6계 2023-448(1),점포,근린상가,점포상가,울산,북구,울산 북구 대안동 34-1,"3,382,647,030","1,657,497,000",낙찰,"1,669,000,000",49.3%,2024-02-29,2024_1Q,3
울산 6계 2023-448(2),전,전,전,울산,북구,울산 북구 대안동 36-17,"523,398,000","179,526,000",낙찰,"180,026,000",34.4%,2024-04-04,2024_2Q,3
울산 6계 2023-448(3),답,답,답,울산,울주군,울산 울주군 삼남읍 방기리 768,"1,295,140,000","444,233,000",낙찰,"537,000,000",41.5%,2024-04-04,2024_2Q,3
울산 5계 2023-493,근린상가,근린상가,근린상가,울산,북구,울산 북구 호계동 895-3,"1,294,896,000","634,499,000",낙찰,"836,500,000",64.6%,2024-04-24,2024_2Q,3
울산 6계 2023-585,연립,연립주택,연립·빌라,울산,동구,울산 동구 전하동 649-9 동명 B동 2층 208호,"43,000,000","14,749,000",낙찰,"17,000,000",39.5%,2024-01-25,2024_1Q,3
울산 7계 2023-615,아파트,아파트,아파트,울산,동구,울산 동구 화정동 949 힐스테이트 이스턴베이 101동 14층 1404호,"281,000,000","281,000,000",낙찰,"281,100,000",100.0%,2024-03-28,2024_1Q,3
울산 1계 2023-684,대지,나대지,나대지,울산,울주군,울산 울주군 두동면 월평리 637-2,"266,290,000","91,337,000",낙찰,"93,567,000",35.1%,2024-02-06,2024_1Q,3
울산 2계 2023-769,단독주택,단독,단독주택,울산,동구,울산 동구 전하동 300-196 빈엔찬하우스,"428,904,320","210,163,000",낙찰,"233,999,000",54.6%,2024-01-03,2024_1Q,3
울산 7계 2023-813,오피스텔(주거),오피스텔,오피스텔(업무용),울산,동구,울산 동구 방어동 929-3 해움 9층 901호,"216,000,000","105,840,000",낙찰,"142,565,252",66.0%,2024-03-28,2024_1Q,3
울산 7계 2023-899,단독주택,단독,단독주택,울산,울주군,울산 울주군 온양읍 운화리 3-27,"1,172,835,360","574,690,000",낙찰,"756,300,000",64.5%,2024-06-05,2024_2Q,3
울산 9계 2023-912,아파트,아파트,아파트,울산,남구,울산 남구 옥동 257 옥동서광 101동 12층 1206호,"659,000,000","461,300,000",낙찰,"544,190,000",82.6%,2024-01-17,2024_1Q,3
울산 7계 2023-974,아파트,아파트,아파트,울산,남구,울산 남구 삼산동 1529-2 울산삼산푸르지오 104동 2층 201호,"432,000,000","302,400,000",낙찰,"333,000,000",77.1%,2024-02-22,2024_1Q,3
울산 8계 2023-981,주상복합(주거),기타토지,기타토지,울산,울주군,"울산 울주군 범서읍 천상리 653-1 ,653-2 5층 501호","140,000,000","33,614,000",낙찰,"34,000,000",24.3%,2024-04-25,2024_2Q,3
울산 2계 2023-1021,오피스텔(주거),오피스텔,오피스텔(업무용),울산,남구,울산 남구 신정동 1222-7 신정반트펠리시아 10층 1001호,"304,000,000","148,960,000",낙찰,"185,300,000",61.0%,2024-01-03,2024_1Q,3
울산 3계 2023-1038,오피스텔,오피스텔,오피스텔(업무용),울산,남구,울산 남구 신정동 1222-7 신정반트펠리시아 15층 1502호,"307,000,000","150,430,000",낙찰,"192,000,000",62.5%,2024-01-09,2024_1Q,3
울산 4계 2023-1045,오피스텔(주거),오피스텔,오피스텔(업무용),울산,남구,울산 남구 신정동 1222-7 신정반트펠리시아 18층 1803호,"176,000,000","86,240,000",낙찰,"120,990,000",68.7%,2024-01-16,2024_1Q,3
울산 8계 2023-1106,다세대,다세대주택,다세대,울산,울주군,울산 울주군 삼남읍 교동리 565-3 남주빌리지 1동 4층 402호,"167,000,000","81,830,000",낙찰,"88,008,000",52.7%,2024-03-21,2024_1Q,3
울산 9계 2023-1113,다세대,다세대주택,다세대,울산,울주군,울산 울주군 삼남읍 교동리 565-3 1동 4층 401호,"175,000,000","60,025,000",낙찰,"83,300,000",47.6%,2024-06-12,2024_2Q,3
울산 9계 2023-1151,아파트,아파트,아파트,울산,남구,울산 남구 삼산동 1538-2 평창3차현대 606동 1층 103호,"556,000,000","272,440,000",낙찰,"435,287,000",78.3%,2024-02-21,2024_1Q,3
울산 7계 2023-1274,아파트,아파트,아파트,울산,남구,울산 남구 삼산동 172-1 세양청구마을 102동 3층 309호,"274,000,000","191,800,000",낙찰,"259,999,000",94.9%,2024-02-22,2024_1Q,3
울산 9계 2023-1298,답,답,답,울산,울주군,울산 울주군 상북면 산전리 202,"864,880,000","296,654,000",낙찰,"357,700,000",41.4%,2024-06-12,2024_2Q,3
울산 7계 2023-1335,단독주택,단독,단독주택,울산,울주군,울산 울주군 온양읍 삼광리 913-1,"491,414,580","240,793,000",낙찰,"251,100,000",51.1%,2024-03-28,2024_1Q,3
울산 9계 2023-1359,아파트,아파트,아파트,울산,동구,울산 동구 동부동 350-1 아성오우션맨션 102동 13층 1306호,"81,000,000","56,700,000",낙찰,"70,110,000",86.6%,2024-03-27,2024_1Q,3
울산 6계 2023-1489(1),아파트,아파트,아파트,울산,동구,울산 동구 방어동 929-3 해움 4층 402호,"245,000,000","120,050,000",낙찰,"150,100,000",61.3%,2024-01-25,2024_1Q,3
울산 6계 2023-1489(3),아파트,아파트,아파트,울산,동구,울산 동구 방어동 929-3 해움 6층 601호,"250,000,000","122,500,000",낙찰,"135,770,000",54.3%,2024-01-25,2024_1Q,3
울산 6계 2023-1489(4),아파트,아파트,아파트,울산,동구,울산 동구 방어동 929-3 해움 6층 602호,"250,000,000","122,500,000",낙찰,"159,770,000",63.9%,2024-01-25,2024_1Q,3
울산 7계 2023-1502,오피스텔(주거),오피스텔,오피스텔(업무용),울산,남구,울산 남구 신정동 1875 극동스타클래스 5층 504호,"171,000,000","83,790,000",낙찰,"111,160,000",65.0%,2024-03-28,2024_1Q,3
울산 8계 2023-1519,답,답,답,울산,울주군,울산 울주군 삼남읍 신화리 1469-6,"78,540,000","26,940,000",낙찰,"31,700,000",40.4%,2024-01-11,2024_1Q,3
울산 1계 2023-1540(1),답,답,답,울산,울주군,울산 울주군 두서면 인보리 1075,"382,422,000","91,820,000",낙찰,"131,150,000",34.3%,2024-04-16,2024_2Q,3
울산 1계 2023-1540(2),답,답,답,울산,울주군,울산 울주군 두서면 인보리 1076-3,"177,456,000","60,867,000",낙찰,"76,350,000",43.0%,2024-03-12,2024_1Q,3
울산 8계 2023-1632,아파트,아파트,아파트,울산,동구,"울산 동구 전하동 549-14 ,549-40,550-158,581-2,301-1,301-16 현대패밀리전하 104동 10층 1001호","186,000,000","130,200,000",낙찰,"136,299,990",73.3%,2024-01-11,2024_1Q,3
울산 10계 2023-1762,아파트,아파트,아파트,울산,울주군,울산 울주군 온양읍 대안리 418 미도파 106동 12층 1202호,"168,000,000","117,600,000",낙찰,"138,000,000",82.1%,2024-06-11,2024_2Q,3
울산 4계 2023-1809,아파트,아파트,아파트,울산,북구,울산 북구 염포동 304 신전 4층 407호,"49,000,000","24,010,000",낙찰,"31,100,000",63.5%,2024-02-20,2024_1Q,3
울산 2계 2023-1854,다세대,다세대주택,다세대,울산,동구,울산 동구 방어동 480-47 2층 201호,"111,000,000","77,700,000",낙찰,"81,030,000",73.0%,2024-01-03,2024_1Q,3
울산 3계 2023-1861,대지,나대지,나대지,울산,울주군,울산 울주군 서생면 진하리 418-4,"650,601,600","318,795,000",낙찰,"321,000,000",49.3%,2024-01-09,2024_1Q,3
울산 8계 2023-1885,임야,임야,임야,울산,울주군,울산 울주군 범서읍 두산리 산479-12,"21,780,000","3,660,000",낙찰,"4,871,000",22.4%,2024-05-30,2024_2Q,3
울산 1계 2023-1915(1),답,답,답,울산,울주군,울산 울주군 온산읍 삼평리 253,"133,866,000","65,594,000",낙찰,"65,650,000",49.0%,2024-02-06,2024_1Q,3
울산 1계 2023-1915(2),답,답,답,울산,울주군,울산 울주군 온산읍 삼평리 253-1,"159,728,000","54,787,000",낙찰,"81,199,000",50.8%,2024-04-16,2024_2Q,3
울산 2계 2023-1922,주상복합(주거),기타토지,기타토지,울산,동구,울산 동구 방어동 925-10 하우스토리 7층 702호,"265,000,000","129,850,000",낙찰,"182,850,000",69.0%,2024-01-03,2024_1Q,3
울산 9계 2023-2024(1),근린상가,근린상가,근린상가,울산,중구,울산 중구 서동 612-7 굿프라임1 4층 404호,"365,576,400","125,392,000",낙찰,"146,231,000",40.0%,2024-06-12,2024_2Q,3
울산 9계 2023-2024(2),근린상가,근린상가,근린상가,울산,중구,울산 중구 서동 612-7 굿프라임1 4층 405호,"365,576,400","125,392,000",낙찰,"146,231,000",40.0%,2024-06-12,2024_2Q,3
울산 9계 2023-2024(3),근린상가,근린상가,근린상가,울산,중구,울산 중구 서동 612-7 굿프라임1 4층 406호,"417,801,600","143,306,000",낙찰,"167,121,000",40.0%,2024-06-12,2024_2Q,3
울산 9계 2023-2024(4),근린상가,근린상가,근린상가,울산,중구,울산 중구 서동 612-7 굿프라임1 4층 407호,"417,801,600","143,306,000",낙찰,"167,121,000",40.0%,2024-06-12,2024_2Q,3
울산 8계 2023-2048,아파트,아파트,아파트,울산,북구,"울산 북구 매곡동 682 ,800-1 대하그린파크 101동 15층 1510호","95,000,000","66,500,000",낙찰,"83,180,000",87.6%,2024-01-11,2024_1Q,3
울산 7계 2023-2130(1),답,답,답,울산,울주군,울산 울주군 두서면 인보리 987,"11,644,000","5,706,000",낙찰,"5,799,900",49.8%,2024-06-05,2024_2Q,3
울산 7계 2023-2130(2),답,답,답,울산,울주군,울산 울주군 두서면 인보리 1010,"8,976,000","4,398,000",낙찰,"4,499,000",50.1%,2024-06-05,2024_2Q,3
울산 1계 2023-2208,선박,기타토지,기타토지,울산,동구,울산 동구 방어동 175-6 방어진항내 정박,"1,106,286,800","542,081,000",낙찰,"631,100,000",57.0%,2024-02-06,2024_1Q,3
울산 2계 2023-2260(1),단독주택,단독,단독주택,울산,동구,울산 동구 방어동 1044-19,"402,451,480","138,041,000",낙찰,"151,000,000",37.5%,2024-02-07,2024_1Q,3
울산 3계 2023-2277,공장,공장(지식산업센터 업무시설),공장,울산,북구,울산 북구 진장동 524-1,"1,067,091,000","522,875,000",낙찰,"683,989,000",64.1%,2024-03-19,2024_1Q,3
울산 5계 2023-2291,차량,기타토지,기타토지,울산,남구,울산 남구 두왕동 453-7 현대주차장내 보관,"8,500,000","5,950,000",낙찰,"6,200,000",72.9%,2024-01-10,2024_1Q,3
울산 6계 2023-2307,연립,연립주택,연립·빌라,울산,동구,울산 동구 서부동 500-6 한솔빌라 4층 401호,"89,000,000","43,610,000",낙찰,"54,199,990",60.9%,2024-01-25,2024_1Q,3
울산 3계 2023-2352(1),다세대,다세대주택,다세대,울산,울주군,울산 울주군 웅촌면 대복리 316-2 대복빌라 B동 1층 102호,"52,000,000","17,836,000",낙찰,"24,699,000",47.5%,2024-02-13,2024_1Q,3
울산 3계 2023-2352(3),다세대,다세대주택,다세대,울산,울주군,울산 울주군 웅촌면 대복리 316-2 대복빌라 B동 2층 203호,"58,000,000","19,894,000",낙찰,"23,499,000",40.5%,2024-02-13,2024_1Q,3
울산 3계 2023-2352(4),다세대,다세대주택,다세대,울산,울주군,울산 울주군 웅촌면 대복리 316-2 대복빌라 B동 3층 302호,"58,000,000","19,894,000",낙찰,"22,799,000",39.3%,2024-02-13,2024_1Q,3
울산 3계 2023-2352(5),다세대,다세대주택,다세대,울산,울주군,울산 울주군 웅촌면 대복리 316-2 대복빌라 A동 2층 201호,"64,000,000","31,360,000",낙찰,"36,880,000",57.6%,2024-01-09,2024_1Q,3
울산 3계 2023-2352(6),다세대,다세대주택,다세대,울산,울주군,울산 울주군 웅촌면 대복리 316-2 대복빌라 A동 2층 202호,"64,000,000","7,529,000",낙찰,"7,529,000",11.8%,2024-05-28,2024_2Q,3
울산 4계 2023-2369,다세대,다세대주택,다세대,울산,울주군,울산 울주군 웅촌면 대복리 316-2 대복빌라 B동 3층 303호,"52,000,000","17,836,000",낙찰,"25,370,000",48.8%,2024-03-26,2024_1Q,3
울산 5계 2023-2376,다세대,다세대주택,다세대,울산,울주군,울산 울주군 웅촌면 대복리 316-2 대복빌라 B동 1층 103호,"52,000,000","17,836,000",낙찰,"21,199,000",40.8%,2024-03-06,2024_1Q,3
울산 6계 2023-2383,다세대,다세대주택,다세대,울산,울주군,울산 울주군 웅촌면 대복리 316-2 대복빌라 B동 2층 201호,"58,000,000","19,894,000",낙찰,"25,010,000",43.1%,2024-04-04,2024_2Q,3
울산 9계 2023-2413,다세대,다세대주택,다세대,울산,남구,울산 남구 야음동 351-20 미소스마일 3층 301호,"193,000,000","135,100,000",낙찰,"173,880,000",90.1%,2024-03-27,2024_1Q,3
울산 4계 2023-2437,오피스텔(주거),오피스텔,오피스텔(업무용),울산,울주군,울산 울주군 언양읍 동부리 363-4 나이스빌 2층 202호,"148,000,000","72,520,000",낙찰,"99,023,600",66.9%,2024-02-20,2024_1Q,3
울산 10계 2023-2475,선박,기타토지,기타토지,울산,동구,울산 동구 방어동 방어진항내 정박,"1,476,498,100","354,507,000",낙찰,"360,120,000",24.4%,2024-04-11,2024_2Q,3
울산 8계 2023-2512,아파트,아파트,아파트,울산,동구,"울산 동구 동부동 150 ,150-1,218-1,592-20 현대패밀리동부 111동 13층 1302호","106,000,000","51,940,000",낙찰,"76,111,111",71.8%,2024-02-15,2024_1Q,3
울산 3계 2023-2598,전,전,전,울산,울주군,울산 울주군 서생면 대송리 45,"628,480,000","215,569,000",낙찰,"261,000,000",41.5%,2024-02-13,2024_1Q,3
울산 8계 2023-2659,대지,나대지,나대지,울산,울주군,울산 울주군 두서면 내와리 46,"184,080,000","128,856,000",낙찰,"156,010,000",84.8%,2024-01-11,2024_1Q,3
울산 10계 2023-2673,답,답,답,울산,울주군,울산 울주군 두서면 인보리 193,"434,511,000","149,038,000",낙찰,"183,880,000",42.3%,2024-03-07,2024_1Q,3
울산 7계 2023-2710,임야,임야,임야,울산,울주군,울산 울주군 두동면 만화리 산118-2,"131,796,000","45,206,000",낙찰,"66,300,000",50.3%,2024-06-05,2024_2Q,3
울산 4계 2023-2758,임야,임야,임야,울산,울주군,울산 울주군 두동면 만화리 산169,"46,287,500","15,877,000",낙찰,"16,000,000",34.6%,2024-03-26,2024_1Q,3
울산 6계 2023-2772(1),근린상가,근린상가,근린상가,울산,동구,울산 동구 일산동 579-24 센트럴나인 B1층 101호,"329,000,000","161,210,000",낙찰,"162,000,000",49.2%,2024-02-29,2024_1Q,3
울산 3계 2023-2789,임야,임야,임야,울산,울주군,울산 울주군 온산읍 덕신리 산48-2,"135,464,000","46,465,000",낙찰,"61,570,000",45.5%,2024-05-28,2024_2Q,3
울산 4계 2023-2796,아파트,아파트,아파트,울산,북구,울산 북구 연암동 402-1 성원 2동 2층 208호,"130,000,000","91,000,000",낙찰,"111,550,000",85.8%,2024-01-16,2024_1Q,3
울산 2계 2023-2802,오피스텔,오피스텔,오피스텔(업무용),울산,남구,울산 남구 삼산동 1612-2 나인파크삼산 5층 525호,"234,000,000","163,800,000",낙찰,"170,000,001",72.6%,2024-06-26,2024_2Q,3
울산 3계 2023-2819,아파트상가,아파트상가,근린상가,울산,남구,울산 남구 무거동 1594 무거위브자이 701상가동 3층 301호,"1,279,000,000","626,710,000",낙찰,"730,999,999",57.2%,2024-02-13,2024_1Q,3
울산 7계 2023-2918,오피스텔,오피스텔,오피스텔(업무용),울산,남구,울산 남구 신정동 156-2 제니스아트빌 6층 602호,"209,000,000","102,410,000",낙찰,"155,441,000",74.4%,2024-06-05,2024_2Q,3
울산 9계 2023-2932,오피스텔,오피스텔,오피스텔(업무용),울산,울주군,울산 울주군 삼남읍 신화리 1605-1 센트로2 6-10층 1004호,"92,000,000","64,400,000",낙찰,"66,000,000",71.7%,2024-01-17,2024_1Q,3
울산 6계 2023-2956,아파트,아파트,아파트,울산,남구,"울산 남구 야음동 594-37 ,594-10,신정동 851-20,851-21 신정현대홈타운 105동 18층 1807호","152,000,000","106,400,000",낙찰,"137,081,000",90.2%,2024-01-25,2024_1Q,3
울산 7계 2023-2963,전,전,전,울산,북구,울산 북구 가대동 471-10,"544,246,000","266,680,000",낙찰,"312,000,000",57.3%,2024-06-05,2024_2Q,3
울산 8계 2023-2970,대지,나대지,나대지,울산,북구,울산 북구 매곡동 899-3,"3,206,890,000","1,099,963,000",낙찰,"1,410,000,000",44.0%,2024-05-30,2024_2Q,3
울산 5계 2023-3003,숙박시설,숙박시설,숙박시설,울산,동구,울산 동구 일산동 552-18,"602,091,120","206,518,000",낙찰,"353,838,000",58.8%,2024-05-29,2024_2Q,3
울산 3계 2023-3027,답,답,답,울산,울주군,울산 울주군 삼남읍 상천리 941,"1,206,828,040","591,346,000",낙찰,"600,000,000",49.7%,2024-02-13,2024_1Q,3
울산 5계 2023-3065,공장,공장(지식산업센터 업무시설),공장,울산,울주군,울산 울주군 상북면 거리 1158-1 1동,"1,254,138,000","877,897,000",낙찰,"1,000,000,000",79.7%,2024-01-10,2024_1Q,3
울산 6계 2023-3072,아파트,아파트,아파트,울산,중구,"울산 중구 우정동 284-1 ,284-4,284-30,284-31 동원 가동 5층 607호","250,000,000","122,500,000",낙찰,"139,100,000",55.6%,2024-05-09,2024_2Q,3
울산 8계 2023-3133,답,답,답,울산,울주군,울산 울주군 두서면 미호리 326-5,"316,313,000","108,495,000",낙찰,"155,000,000",49.0%,2024-03-21,2024_1Q,3
울산 1계 2023-3188,아파트,아파트,아파트,울산,남구,울산 남구 삼산동 172-1 세양청구마을 108동 18층 1807호,"319,000,000","223,300,000",낙찰,"285,888,000",89.6%,2024-02-06,2024_1Q,3
울산 3계 2023-3201,아파트,아파트,아파트,울산,북구,울산 북구 명촌동 895-3 리비에르1차 110동 4층 402호,"293,000,000","205,100,000",낙찰,"262,240,205",89.5%,2024-02-13,2024_1Q,3
울산 4계 2023-3218,임야,임야,임야,울산,울주군,울산 울주군 두동면 이전리 산72,"260,268,000","62,490,000",낙찰,"76,800,000",29.5%,2024-04-30,2024_2Q,3
울산 4계 2023-3263,아파트,아파트,아파트,울산,중구,울산 중구 동동 116-1 홍일 A동 4층 401호,"71,000,000","34,790,000",낙찰,"50,208,000",70.7%,2024-02-20,2024_1Q,3
울산 9계 2023-3300,아파트,아파트,아파트,울산,울주군,울산 울주군 삼남읍 가천리 90-4 대원그린파크 3층 314호,"40,000,000","28,000,000",낙찰,"30,200,000",75.5%,2024-03-27,2024_1Q,3
울산 1계 2023-3324,아파트,아파트,아파트,울산,중구,울산 중구 유곡동 260 우정혁신도시푸르지오 501동 3층 301호,"394,000,000","394,000,000",낙찰,"467,000,000",118.5%,2024-03-12,2024_1Q,3
울산 5계 2023-3355(1),단독주택,단독,단독주택,울산,중구,울산 중구 학성동 154-16,"415,696,860","290,988,000",낙찰,"306,100,000",73.6%,2024-03-06,2024_1Q,3
울산 1계 2023-3416,다세대,다세대주택,다세대,울산,중구,울산 중구 서동 44-2 중앙파크 B동 3층 301호,"62,500,000","30,625,000",낙찰,"36,025,000",57.6%,2024-05-21,2024_2Q,3
울산 2계 2023-3423,아파트,아파트,아파트,울산,동구,울산 동구 방어동 906-2 현우피닉스 5층 605호,"90,000,000","44,100,000",낙찰,"58,888,000",65.4%,2024-03-13,2024_1Q,3
울산 3계 2023-3454,근린상가,근린상가,근린상가,울산,울주군,울산 울주군 온양읍 대안리 490-5,"1,402,335,320","687,145,000",낙찰,"701,167,000",50.0%,2024-03-19,2024_1Q,3
울산 8계 2023-3539,근린상가,근린상가,근린상가,울산,중구,울산 중구 성안동 872-9 썬시티빌 지하1층 B101호,"118,000,000","40,474,000",낙찰,"45,700,000",38.7%,2024-03-21,2024_1Q,3
울산 9계 2023-3546,다세대,다세대주택,다세대,울산,중구,울산 중구 성안동 872-9 썬시티빌 2층 202호,"251,000,000","122,990,000",낙찰,"160,640,000",64.0%,2024-05-01,2024_2Q,3
울산 2계 2023-3577,오피스텔(주거),오피스텔,오피스텔(업무용),울산,중구,울산 중구 성안동 872-9 썬시티빌 6층 601호,"216,000,000","105,840,000",낙찰,"133,998,800",62.0%,2024-02-07,2024_1Q,3
울산 3계 2023-3584,오피스텔(주거),오피스텔,오피스텔(업무용),울산,중구,울산 중구 성안동 872-9 썬시티빌 6층 602호,"216,000,000","105,840,000",낙찰,"144,888,000",67.1%,2024-04-23,2024_2Q,3
울산 4계 2023-3591,오피스텔(주거),오피스텔,오피스텔(업무용),울산,중구,울산 중구 성안동 872-9 썬시티빌 7층 701호,"216,000,000","105,840,000",낙찰,"128,870,000",59.7%,2024-02-20,2024_1Q,3
울산 5계 2023-3607,오피스텔(주거),오피스텔,오피스텔(업무용),울산,중구,울산 중구 성안동 872-9 썬시티빌 7층 702호,"216,000,000","105,840,000",낙찰,"131,010,000",60.7%,2024-05-29,2024_2Q,3
울산 4계 2023-3720,답,답,답,울산,울주군,울산 울주군 청량읍 상남리 225,"331,474,000","232,032,000",낙찰,"255,780,000",77.2%,2024-02-20,2024_1Q,3
울산 6계 2023-3768,아파트,아파트,아파트,울산,남구,울산 남구 신정동 942-10 영보가든맨션 8층 809호,"202,000,000","141,400,000",낙찰,"155,000,000",76.7%,2024-06-13,2024_2Q,3
울산 5계 2023-3799(2),점포,근린상가,점포상가,울산,동구,울산 동구 전하동 690-11,"334,993,650","164,147,000",낙찰,"211,769,000",63.2%,2024-03-06,2024_1Q,3
울산 4계 2023-3812,답,답,답,울산,울주군,울산 울주군 상북면 향산리 576-11,"18,001,000","8,821,000",낙찰,"8,950,000",49.7%,2024-02-20,2024_1Q,3
울산 6계 2023-4112,단독주택,단독,단독주택,울산,동구,울산 동구 화정동 155-7,"379,997,160","130,339,000",낙찰,"178,888,000",47.1%,2024-05-09,2024_2Q,3
울산 10계 2023-4167(1),대지,나대지,나대지,울산,울주군,울산 울주군 상북면 산전리 85,"133,789,000","93,652,000",낙찰,"95,110,000",71.1%,2024-03-07,2024_1Q,3
울산 10계 2023-4167(2),전,전,전,울산,울주군,울산 울주군 상북면 산전리 86,"41,065,000","28,746,000",낙찰,"29,110,000",70.9%,2024-03-07,2024_1Q,3
울산 1계 2023-4174,대지,나대지,나대지,울산,울주군,울산 울주군 상북면 산전리 171,"279,279,000","136,847,000",낙찰,"157,000,000",56.2%,2024-06-25,2024_2Q,3
울산 4계 2023-4204,하천,기타토지,기타토지,울산,울주군,울산 울주군 상북면 양등리 600-3,"66,283,000","22,735,000",낙찰,"26,666,000",40.2%,2024-04-30,2024_2Q,3
울산 5계 2023-4211(1),대지,나대지,나대지,울산,울주군,울산 울주군 언양읍 평리 368-19,"812,889,000","278,821,000",낙찰,"351,700,000",43.3%,2024-03-06,2024_1Q,3
울산 5계 2023-4211(2),대지,나대지,나대지,울산,울주군,울산 울주군 언양읍 평리 368-8,"932,104,000","319,712,000",낙찰,"378,000,000",40.6%,2024-03-06,2024_1Q,3
울산 10계 2023-4235,공장,공장(지식산업센터 업무시설),공장,울산,동구,울산 동구 방어동 1047,"4,449,490,440","2,180,250,000",낙찰,"2,550,000,000",57.3%,2024-06-11,2024_2Q,3
울산 4계 2023-4242,전,전,전,울산,북구,울산 북구 신천동 228-3,"335,350,000","115,025,000",낙찰,"148,000,000",44.1%,2024-04-30,2024_2Q,3
울산 6계 2023-4266,임야,임야,임야,울산,울주군,울산 울주군 온산읍 덕신리 산320-3,"258,336,000","180,835,000",낙찰,"186,666,000",72.3%,2024-02-29,2024_1Q,3
울산 10계 2023-4297,아파트,아파트,아파트,울산,중구,"울산 중구 태화동 412-35 ,412-48,426 일신 103동 4층 406호","275,000,000","192,500,000",낙찰,"242,819,000",88.3%,2024-02-01,2024_1Q,3
울산 5계 2023-4396,아파트,아파트,아파트,울산,남구,울산 남구 선암동 537-1 삼익세라믹 1동 1층 111호,"177,000,000","123,900,000",낙찰,"145,989,000",82.5%,2024-03-06,2024_1Q,3
울산 6계 2023-4402,단독주택,단독,단독주택,울산,울주군,울산 울주군 청량읍 상남리 730-1,"760,517,360","532,362,000",낙찰,"555,888,000",73.1%,2024-02-29,2024_1Q,3
울산 2계 2023-4440,아파트,아파트,아파트,울산,남구,"울산 남구 야음동 594-37 ,594-10,신정동 851-20,851-21 신정현대홈타운 103동 19층 1910호","240,000,000","240,000,000",낙찰,"248,200,000",103.4%,2024-01-03,2024_1Q,3
울산 1계 2023-4556,답,답,답,울산,북구,울산 북구 구유동 54,"950,184,400","325,913,000",낙찰,"401,010,000",42.2%,2024-06-25,2024_2Q,3
울산 9계 2023-4600(1),근린상가,근린상가,근린상가,울산,동구,"울산 동구 일산동 579-8 ,579-9,579-38,579-52,579-53,579-54,579-55 세인트에스타워 지하층 비101호","301,000,000","147,490,000",낙찰,"152,220,000",50.6%,2024-06-12,2024_2Q,3
울산 9계 2023-4600(2),근린상가,근린상가,근린상가,울산,동구,"울산 동구 일산동 579-8 ,579-9,579-38,579-52,579-53,579-54,579-55 세인트에스타워 지하층 비102호","382,000,000","187,180,000",낙찰,"192,220,000",50.3%,2024-06-12,2024_2Q,3
울산 1계 2023-4624,다세대,다세대주택,다세대,울산,남구,울산 남구 무거동 1235-6 강동빌라 2층 202호,"78,000,000","38,220,000",낙찰,"45,992,000",59.0%,2024-06-25,2024_2Q,3
울산 9계 2023-4648,단독주택,단독,단독주택,울산,울주군,울산 울주군 웅촌면 곡천리 665,"806,878,000","806,878,000",낙찰,"854,000,000",105.8%,2024-05-01,2024_2Q,3
울산 1계 2023-4662,답,답,답,울산,울주군,울산 울주군 웅촌면 대대리 180-1,"180,405,000","88,399,000",낙찰,"90,100,000",49.9%,2024-06-25,2024_2Q,3
울산 3계 2023-4693,근린상가,근린상가,근린상가,울산,북구,"울산 북구 산하동 1037-1 ,1037-4,1037-5 블루마시티KCC스위첸 201동 1층 105호","618,000,000","302,820,000",낙찰,"393,320,000",63.6%,2024-03-19,2024_1Q,3
울산 5계 2023-4723,아파트,아파트,아파트,울산,북구,"울산 북구 중산동 546-6 ,546-7,546-8 대암훼미리 102동 4층 404호","81,000,000","56,700,000",낙찰,"60,275,000",74.4%,2024-01-10,2024_1Q,3
울산 8계 2023-4754,사무실,사무실,사무실,울산,남구,울산 남구 옥동 277-1 울산법조빌딩 1동 4층 404호,"375,000,000","262,500,000",낙찰,"351,228,000",93.7%,2024-05-30,2024_2Q,3
울산 7계 2023-4761,아파트,아파트,아파트,울산,중구,울산 중구 서동 613 우정혁신도시케이씨씨스위첸 211동 2층 201호,"455,000,000","318,500,000",낙찰,"392,999,000",86.4%,2024-06-05,2024_2Q,3
울산 1계 2023-4945,아파트,아파트,아파트,울산,남구,울산 남구 신정동 1639-51 문수로아이파크 201동 7층 704호,"1,020,000,000","714,000,000",낙찰,"835,117,000",81.9%,2024-06-25,2024_2Q,3
울산 2계 2023-4969,숙박시설,숙박시설,숙박시설,울산,울주군,울산 울주군 웅촌면 대복리 635-3 A동호,"1,131,778,980","388,200,000",낙찰,"453,000,000",40.0%,2024-05-23,2024_2Q,3
울산 3계 2023-4976,아파트,아파트,아파트,울산,울주군,울산 울주군 언양읍 서부리 205 스타골든캐슬 101동 3층 301호,"262,000,000","183,400,000",낙찰,"212,390,000",81.1%,2024-02-13,2024_1Q,3
울산 10계 2023-5047,임야,임야,임야,울산,울주군,울산 울주군 삼동면 하잠리 산281-5,"33,711,000","3,966,000",낙찰,"4,510,000",13.4%,2024-06-11,2024_2Q,3
울산 8계 2023-5061,아파트,아파트,아파트,울산,북구,"울산 북구 천곡동 402 ,408,1021-8 원동현대 101동 4층 406호","125,000,000","87,500,000",낙찰,"106,000,000",84.8%,2024-04-25,2024_2Q,3
울산 2계 2023-5191(2),근린상가,근린상가,근린상가,울산,중구,울산 중구 서동 602-1 경영빌딩 3층 301호,"263,000,000","128,870,000",낙찰,"137,000,000",52.1%,2024-03-13,2024_1Q,3
울산 2계 2023-5191(3),근린상가,근린상가,근린상가,울산,중구,울산 중구 서동 602-1 경영빌딩 3층 303호,"611,000,000","146,701,000",낙찰,"164,359,000",26.9%,2024-05-23,2024_2Q,3
울산 6계 2023-5245,아파트,아파트,아파트,울산,북구,울산 북구 화봉동 1485-2 울산송정금강펜테리움그린테라스1차 101동 17층 1701호,"500,000,000","350,000,000",낙찰,"492,990,000",98.6%,2024-02-29,2024_1Q,3
울산 4계 2023-5368,아파트,아파트,아파트,울산,중구,울산 중구 성안동 792-3 대협팔레스 102동 4층 402호,"183,000,000","128,100,000",낙찰,"161,990,000",88.5%,2024-02-20,2024_1Q,3
울산 4계 2023-5399,아파트,아파트,아파트,울산,동구,울산 동구 화정동 851 현대 702동 7층 701호,"127,000,000","88,900,000",낙찰,"108,888,000",85.7%,2024-02-20,2024_1Q,3
울산 2계 2023-5511,다세대,다세대주택,다세대,울산,동구,울산 동구 방어동 1164-10 청학퍼펙트빌 B동 2층 202호,"90,000,000","44,100,000",낙찰,"63,757,500",70.8%,2024-04-17,2024_2Q,3
울산 10계 2023-5702(1),근린상가,근린상가,근린상가,울산,북구,"울산 북구 산하동 978-19 ,978-20 지하1층 비-104호","518,000,000","362,600,000",낙찰,"376,000,000",72.6%,2024-04-11,2024_2Q,3
울산 10계 2023-5702(2),근린상가,근린상가,근린상가,울산,북구,"울산 북구 산하동 978-19 ,978-20 지하1층 비-105호","518,000,000","362,600,000",낙찰,"399,000,000",77.0%,2024-04-11,2024_2Q,3
울산 1계 2023-5719,아파트,아파트,아파트,울산,동구,울산 동구 화정동 136 대송현대 302동 3층 303호,"80,600,000","56,420,000",낙찰,"71,090,000",88.2%,2024-05-21,2024_2Q,3
울산 4계 2023-5801,다세대,다세대주택,다세대,울산,북구,울산 북구 연암동 487 행운아트빌 4층 402호,"172,000,000","84,280,000",낙찰,"105,990,000",61.6%,2024-03-26,2024_1Q,3
울산 2계 2023-5931,아파트,아파트,아파트,울산,중구,울산 중구 우정동 723-1 청우하이츠맨션 101동 20층 2003호,"140,000,000","98,000,000",낙찰,"107,999,000",77.1%,2024-06-26,2024_2Q,3
울산 2계 2023-5979,임야,임야,임야,울산,울주군,울산 울주군 웅촌면 곡천리 630-15,"76,200,000","76,200,000",낙찰,"88,600,000",116.3%,2024-05-23,2024_2Q,3
울산 7계 2023-6088,차량,기타토지,기타토지,울산,울주군,"울산 울주군 온산읍 우봉리 313-8 (제3자오현석,010-7116-4523)내 보관","40,000,000","19,600,000",낙찰,"23,150,000",57.9%,2024-02-22,2024_1Q,3
울산 10계 2023-6125(1),답,답,답,울산,울주군,울산 울주군 두서면 미호리 458,"105,788,000","36,285,000",낙찰,"41,250,000",39.0%,2024-05-16,2024_2Q,3
울산 10계 2023-6125(2),답,답,답,울산,울주군,울산 울주군 두서면 미호리 468-1,"249,912,000","85,720,000",낙찰,"85,720,000",34.3%,2024-05-16,2024_2Q,3
울산 10계 2023-6170,답,답,답,울산,울주군,울산 울주군 상북면 산전리 945-3,"816,501,000","280,060,000",낙찰,"337,300,000",41.3%,2024-05-16,2024_2Q,3
울산 4계 2023-6217(2),답,답,답,울산,울주군,울산 울주군 삼남읍 교동리 342-3,"343,200,000","168,168,000",낙찰,"202,000,000",58.9%,2024-04-30,2024_2Q,3
울산 8계 2023-6255,아파트,아파트,아파트,울산,중구,울산 중구 반구동 106-3 소담팰리스 3층 304호,"85,000,000","59,500,000",낙찰,"70,000,000",82.4%,2024-05-30,2024_2Q,3
울산 10계 2023-6279(3),대지,나대지,나대지,울산,북구,울산 북구 무룡동 351-25,"312,732,000","153,238,000",낙찰,"187,700,000",60.0%,2024-06-11,2024_2Q,3
울산 10계 2023-6316,아파트,아파트,아파트,울산,북구,울산 북구 중산동 200 중산디아채 201동 13층 1304호,"216,000,000","151,200,000",낙찰,"206,200,000",95.5%,2024-03-07,2024_1Q,3
울산 1계 2023-6323,아파트,아파트,아파트,울산,중구,울산 중구 복산동 776 복산아이파크 102동 1층 103호,"459,000,000","321,300,000",낙찰,"408,600,000",89.0%,2024-06-25,2024_2Q,3
울산 9계 2023-6545,아파트,아파트,아파트,울산,중구,울산 중구 우정동 385 선경 9동 7층 704호,"195,000,000","136,500,000",낙찰,"175,600,001",90.1%,2024-06-12,2024_2Q,3
울산 8계 2023-6743,아파트,아파트,아파트,울산,동구,울산 동구 전하동 630-1 e편한세상전하 102동 3층 304호,"387,000,000","270,900,000",낙찰,"361,200,000",93.3%,2024-05-30,2024_2Q,3
울산 5계 2023-7029,아파트,아파트,아파트,울산,남구,"울산 남구 야음동 789-9 ,789-6 동부 105동 4층 405호","263,000,000","184,100,000",낙찰,"243,100,000",92.4%,2024-04-24,2024_2Q,3
울산 3계 2023-7074,답,답,답,울산,울주군,울산 울주군 두동면 봉계리 1066-1,"129,428,000","90,600,000",낙찰,"90,670,000",70.1%,2024-05-28,2024_2Q,3
울산 8계 2023-7159,주상복합(주거),기타토지,기타토지,울산,동구,울산 동구 전하동 682-1 삼전아이필하모니 101동 18층 1805호,"201,000,000","140,700,000",낙찰,"180,520,000",89.8%,2024-05-30,2024_2Q,3
울산 3계 2023-7371,오피스텔,오피스텔,오피스텔(업무용),울산,중구,울산 중구 반구동 448-3 반구신동아파밀리에 105동 14층 1406호,"68,000,000","68,000,000",낙찰,"70,000,000",102.9%,2024-05-28,2024_2Q,3
울산 4계 2023-7388,차량,기타토지,기타토지,울산,울주군,울산 울주군 온산읍 우봉리 313-8,"42,000,000","29,400,000",낙찰,"35,898,000",85.5%,2024-02-20,2024_1Q,3
울산 8계 2023-7432,아파트,아파트,아파트,울산,남구,울산 남구 야음동 748-2 진달래가든 2층 207호,"159,000,000","111,300,000",낙찰,"140,888,000",88.6%,2024-04-25,2024_2Q,3
울산 4계 2023-7463,아파트,아파트,아파트,울산,동구,울산 동구 동부동 672 남목현대 101동 7층 704호,"126,000,000","88,200,000",낙찰,"88,630,000",70.3%,2024-04-30,2024_2Q,3
울산 4계 2023-7739,오피스텔(주거),오피스텔,오피스텔(업무용),울산,남구,울산 남구 신정동 1875 극동스타클래스 3층 314호,"301,000,000","147,490,000",낙찰,"192,050,000",63.8%,2024-06-04,2024_2Q,3
울산 4계 2023-7821,아파트,아파트,아파트,울산,동구,울산 동구 화정동 851 현대 701동 2층 309호,"125,000,000","87,500,000",낙찰,"108,125,000",86.5%,2024-04-30,2024_2Q,3
울산 4계 2023-8138,다가구,다가구,다가구,울산,중구,울산 중구 성안동 804-2,"1,699,543,800","832,777,000",낙찰,"875,310,000",51.5%,2024-06-04,2024_2Q,3
울산 10계 2023-8220,근린상가,근린상가,근린상가,울산,울주군,울산 울주군 온산읍 삼평리 516-20,"807,588,480","395,718,000",낙찰,"477,777,779",59.2%,2024-05-16,2024_2Q,3
울산 10계 2023-8572,아파트,아파트,아파트,울산,동구,울산 동구 전하동 550-6 현대3단지 4동 3층 301호,"246,000,000","120,540,000",낙찰,"173,999,999",70.7%,2024-05-16,2024_2Q,3
울산 10계 2023-8596,점포,근린상가,점포상가,울산,동구,울산 동구 일산동 530-2,"561,023,640","392,717,000",낙찰,"393,999,990",70.2%,2024-04-11,2024_2Q,3
울산 5계 2023-8756,아파트,아파트,아파트,울산,남구,"울산 남구 옥동 129-6 ,131-26,140-10 대공원현대 101동 8층 804호","271,000,000","271,000,000",낙찰,"273,150,000",100.8%,2024-04-24,2024_2Q,3
울산 5계 2023-8855,아파트,아파트,아파트,울산,중구,울산 중구 성안동 393-8 금광예다움 5층 501호,"240,000,000","168,000,000",낙찰,"196,500,000",81.9%,2024-05-29,2024_2Q,3
울산 10계 2023-9025,주상복합(주거),기타토지,기타토지,울산,동구,울산 동구 방어동 925-10 하우스토리 6층 602호,"270,000,000","189,000,000",낙찰,"191,500,000",70.9%,2024-04-11,2024_2Q,3
울산 10계 2023-9070,오피스텔(주거),오피스텔,오피스텔(업무용),울산,남구,울산 남구 신정동 627-3 더렉스 11층 1102호,"220,000,000","107,800,000",낙찰,"190,000,000",86.4%,2024-05-16,2024_2Q,3
울산 10계 2023-9162,아파트,아파트,아파트,울산,울주군,울산 울주군 범서읍 굴화리 132-1 아담프라임빌 101동 5층 501호,"334,000,000","233,800,000",낙찰,"270,800,000",81.1%,2024-04-11,2024_2Q,3
울산 10계 2023-9940,차량,기타토지,기타토지,울산,울주군,울산 울주군 언양읍 반천리 534 복산주차장내 보관(제3자 이성학에게 보관),"34,000,000","23,800,000",낙찰,"31,130,000",91.6%,2024-03-07,2024_1Q,3
울산 2계 2023-10148,차량,기타토지,기타토지,울산,울주군,울산 울주군 언양읍 반천리 534 복산주차장(제3자이성학)내 보관,"36,000,000","25,200,000",낙찰,"30,100,000",83.6%,2024-03-13,2024_1Q,3
울산 10계 2023-10230,주상복합(주거),기타토지,기타토지,울산,중구,울산 중구 반구동 797-4 남경 102동 2층 206호,"138,000,000","96,600,000",낙찰,"110,999,999",80.4%,2024-05-16,2024_2Q,3
울산 10계 2023-10773,아파트,아파트,아파트,울산,남구,울산 남구 신정동 1639-51 문수로아이파크 209동 17층 1702호,"1,400,000,000","686,000,000",낙찰,"956,999,999",68.4%,2024-06-11,2024_2Q,3
울산 9계 2023-10919,차량,기타토지,기타토지,울산,울주군,울산 울주군 언양읍 반천리 534 복산주차장(제3자 이성학)내 보관,"33,000,000","33,000,000",낙찰,"33,320,000",101.0%,2024-03-27,2024_1Q,3
울산 4계 2023-100027,공장,공장(지식산업센터 업무시설),공장,울산,울주군,울산 울주군 삼동면 보은리 359-2 1동,"1,304,893,994","913,426,000",낙찰,"1,006,999,000",77.2%,2024-04-30,2024_2Q,3
울산 9계 2023-100034,도로,기타토지,기타토지,울산,중구,울산 중구 남외동 53-8,"15,506,250","15,506,250",낙찰,"17,010,000",109.7%,2024-02-21,2024_1Q,3
울산 1계 2023-100058(1),답,답,답,울산,울주군,울산 울주군 언양읍 직동리 1218,"132,232,800","15,557,000",낙찰,"20,000,000",15.1%,2024-05-21,2024_2Q,3
울산 1계 2023-100058(2),임야,임야,임야,울산,울주군,울산 울주군 언양읍 직동리 산7-8,"128,551,600","21,606,000",낙찰,"27,890,000",21.7%,2024-04-16,2024_2Q,3
울산 5계 2023-100089,공장,공장(지식산업센터 업무시설),공장,울산,북구,"울산 북구 진장동 1046 ,효문동 1045 1호","3,800,565,840","2,660,396,000",낙찰,"3,360,000,000",88.4%,2024-03-06,2024_1Q,3
울산 4계 2023-100188,근린상가,근린상가,근린상가,울산,북구,울산 북구 송정동 1232-5 어썸플레이스1 1동 1층 106호,"1,280,000,000","439,040,000",낙찰,"491,000,000",38.4%,2024-03-26,2024_1Q,3
울산 2계 2023-100270,점포,근린상가,점포상가,울산,동구,울산 동구 일산동 972-3,"42,194,250","10,131,000",낙찰,"10,360,000",24.6%,2024-03-13,2024_1Q,3
울산 3계 2023-100317,임야,임야,임야,울산,울주군,울산 울주군 두서면 인보리 산86,"58,312,800","9,801,000",낙찰,"11,580,000",19.9%,2024-03-19,2024_1Q,3
울산 4계 2023-100324,아파트,아파트,아파트,울산,중구,울산 중구 성안동 375-1 힐그린파크 3층 303호,"218,000,000","106,820,000",낙찰,"185,900,000",85.3%,2024-02-20,2024_1Q,3
울산 9계 2023-100539,임야,임야,임야,울산,울주군,울산 울주군 범서읍 구영리 산194-26,"127,365,000","30,580,000",낙찰,"35,000,000",27.5%,2024-06-12,2024_2Q,3
울산 3계 2023-100584,임야,임야,임야,울산,북구,울산 북구 정자동 산73-2,"376,884,000","129,271,000",낙찰,"157,700,000",41.8%,2024-01-09,2024_1Q,3
울산 9계 2023-100607(1),하천,기타토지,기타토지,울산,울주군,울산 울주군 두동면 천전리 952,"330,176,000","55,493,000",낙찰,"57,100,000",17.3%,2024-06-12,2024_2Q,3
울산 9계 2023-100607(3),근린상가,근린상가,근린상가,울산,중구,울산 중구 우정동 500-5 맨하탄시티 5층 503호,"580,000,000","97,481,000",낙찰,"105,500,000",18.2%,2024-06-12,2024_2Q,3
울산 9계 2023-100607(4),근린상가,근린상가,근린상가,울산,중구,울산 중구 우정동 500-5 맨하탄시티 5층 506호,"331,000,000","55,631,000",낙찰,"61,500,000",18.6%,2024-06-12,2024_2Q,3
울산 1계 2023-100621,임야,임야,임야,울산,울주군,울산 울주군 범서읍 척과리 산105,"298,716,000","35,144,000",낙찰,"37,500,000",12.6%,2024-05-21,2024_2Q,3
울산 3계 2023-100645,단독주택,단독,단독주택,울산,울주군,울산 울주군 웅촌면 초천리 155-11,"417,076,220","204,367,000",낙찰,"231,890,000",55.6%,2024-02-13,2024_1Q,3
울산 4계 2023-100652,다가구,다가구,다가구,울산,중구,울산 중구 태화동 923-11,"951,517,160","326,370,000",낙찰,"512,100,000",53.8%,2024-03-26,2024_1Q,3
울산 6계 2023-100676(1),임야,임야,임야,울산,울주군,울산 울주군 언양읍 반천리 산88-1,"52,292,000","12,555,000",낙찰,"29,100,000",55.6%,2024-02-29,2024_1Q,3
울산 6계 2023-100676(2),임야,임야,임야,울산,울주군,울산 울주군 언양읍 반천리 산88-4,"13,240,000","3,179,000",낙찰,"5,950,000",44.9%,2024-02-29,2024_1Q,3
울산 9계 2023-101129,다세대,다세대주택,다세대,울산,울주군,울산 울주군 삼남읍 교동리 1575-12 주건축물 1동 5층 501호,"131,000,000","91,700,000",낙찰,"102,370,000",78.1%,2024-02-21,2024_1Q,3
울산 10계 2023-101136,임야,임야,임야,울산,울주군,울산 울주군 범서읍 굴화리 산140,"306,237,900","51,470,000",낙찰,"86,000,000",28.1%,2024-03-07,2024_1Q,3
울산 2계 2023-101167,근린상가,근린상가,근린상가,울산,동구,"울산 동구 주전동 136-6 ,132-2 빌라드씨 105동 2층 203호","151,000,000","51,793,000",낙찰,"61,000,000",40.4%,2024-02-07,2024_1Q,3
울산 3계 2023-101211,임야,임야,임야,울산,울주군,울산 울주군 범서읍 구영리 산194-22,"84,640,000","14,225,000",낙찰,"21,000,000",24.8%,2024-04-23,2024_2Q,3
울산 4계 2023-101310,숙박시설,숙박시설,숙박시설,울산,북구,울산 북구 호계동 752-8,"931,580,650","319,532,000",낙찰,"431,000,000",46.3%,2024-03-26,2024_1Q,3
울산 3계 2023-101365,단독주택,단독,단독주택,울산,중구,울산 중구 장현동 143-7,"871,427,680","609,999,000",낙찰,"670,000,000",76.9%,2024-01-09,2024_1Q,3
울산 4계 2023-101372,도로,기타토지,기타토지,울산,중구,울산 중구 남외동 467-25,"36,834,000","25,784,000",낙찰,"28,599,000",77.6%,2024-01-16,2024_1Q,3
울산 6계 2023-101433(1),근린상가,근린상가,근린상가,울산,울주군,울산 울주군 두서면 전읍리 219-3,"1,156,437,260","396,658,000",낙찰,"466,700,000",40.4%,2024-04-04,2024_2Q,3
울산 2계 2023-101594,아파트,아파트,아파트,울산,동구,"울산 동구 방어동 120-10 ,120-11 등대국민 3층 306호","73,000,000","35,770,000",낙찰,"56,940,000",78.0%,2024-01-03,2024_1Q,3
울산 5계 2023-101624,주상복합(상가),기타토지,기타토지,울산,울주군,"울산 울주군 언양읍 동부리 363-2 ,363-18 센텀 1층 102호","405,000,000","283,500,000",낙찰,"341,900,000",84.4%,2024-01-10,2024_1Q,3
울산 9계 2023-102078,아파트,아파트,아파트,울산,울주군,울산 울주군 삼남읍 교동리 1522-5 태봉파크 103동 3층 306호,"69,000,000","48,300,000",낙찰,"60,220,000",87.3%,2024-01-17,2024_1Q,3
울산 3계 2023-102115,오피스텔(주거),오피스텔,오피스텔(업무용),울산,남구,울산 남구 신정동 1875 극동스타클래스 5층 507호,"307,000,000","150,430,000",낙찰,"187,800,000",61.2%,2024-01-09,2024_1Q,3
울산 2계 2023-102245,근린상가,근린상가,근린상가,울산,울주군,"울산 울주군 온양읍 대안리 192-15 ,192-14","2,187,749,160","1,071,997,000",낙찰,"1,335,000,000",61.0%,2024-01-03,2024_1Q,3
울산 6계 2023-102283,위락시설,기타건물,기타건물,울산,남구,울산 남구 달동 1249-6,"2,871,750,580","985,011,000",낙찰,"1,417,000,000",49.3%,2024-05-09,2024_2Q,3
울산 8계 2023-102306,답,답,답,울산,북구,울산 북구 중산동 359-2,"210,059,000","72,050,000",낙찰,"86,020,000",41.0%,2024-03-21,2024_1Q,3
울산 8계 2023-102511,아파트,아파트,아파트,울산,남구,"울산 남구 야음동 594-10 ,594-37,신정동 851-20,851-21 신정현대홈타운 201동 7층 707호","270,000,000","189,000,000",낙찰,"241,777,000",89.5%,2024-01-11,2024_1Q,3
울산 4계 2023-102818,다세대,다세대주택,다세대,울산,남구,울산 남구 무거동 1004-2 다흥그린빌3차 3층 301호,"165,000,000","115,500,000",낙찰,"121,990,000",73.9%,2024-01-16,2024_1Q,3
울산 7계 2023-102894,아파트,아파트,아파트,울산,남구,"울산 남구 달동 775-6 ,792-1,1373-2,1374-1 어울림 103동 15층 1504호","272,000,000","190,400,000",낙찰,"231,050,000",84.9%,2024-03-28,2024_1Q,3
울산 8계 2023-102900,주상복합(주거),기타토지,기타토지,울산,남구,울산 남구 달동 1364-1 울산센트럴자이 102동 18층 1802호,"608,000,000","425,600,000",낙찰,"461,600,000",75.9%,2024-05-30,2024_2Q,3
울산 1계 2023-103064,오피스텔(주거),오피스텔,오피스텔(업무용),울산,남구,울산 남구 신정동 155-3 펠리시떼 6층 601호,"247,000,000","121,030,000",낙찰,"168,990,000",68.4%,2024-03-12,2024_1Q,3
울산 2계 2023-103163,아파트형공장,공장(지식산업센터 업무시설),공장,울산,북구,울산 북구 효문동 812-1 울산 1동 9층 908-8호,"240,000,000","82,320,000",낙찰,"120,210,000",50.1%,2024-05-23,2024_2Q,3
울산 4계 2023-103286(1),임야,임야,임야,울산,울주군,울산 울주군 온양읍 동상리 산83-8,"19,671,000","9,639,000",낙찰,"12,199,000",62.0%,2024-02-20,2024_1Q,3
울산 4계 2023-103286(2),임야,임야,임야,울산,울주군,울산 울주군 온양읍 동상리 산83-12,"22,968,000","11,255,000",낙찰,"13,500,000",58.8%,2024-02-20,2024_1Q,3
울산 8계 2023-103323,아파트,아파트,아파트,울산,중구,울산 중구 태화동 169-2 동현빌리지 4층 401호,"310,000,000","151,900,000",낙찰,"228,800,000",73.8%,2024-02-15,2024_1Q,3
울산 5계 2023-103392(2),임야,임야,임야,울산,울주군,울산 울주군 온양읍 발리 산71,"24,484,350","11,997,000",낙찰,"12,251,000",50.0%,2024-01-10,2024_1Q,3
울산 5계 2023-103392(3),도로,기타토지,기타토지,울산,울주군,울산 울주군 온양읍 발리 산80-2,"1,142,390","560,000",낙찰,"600,000",52.5%,2024-01-10,2024_1Q,3
울산 8계 2023-103422,연립,연립주택,연립·빌라,울산,중구,울산 중구 성안동 873-4 세영파크홈(솔마을) 4층 405호,"173,000,000","84,770,000",낙찰,"110,000,009",63.6%,2024-02-15,2024_1Q,3
울산 9계 2023-103439,아파트,아파트,아파트,울산,동구,울산 동구 방어동 1040-8 한빛화이트빌 5층 501호,"218,000,000","106,820,000",낙찰,"133,000,000",61.0%,2024-05-01,2024_2Q,3
울산 3계 2023-103460,아파트,아파트,아파트,울산,울주군,"울산 울주군 범서읍 천상리 324-2 ,324-15,324-27 경동태원하이빌 105동 6층 601호","118,000,000","82,600,000",낙찰,"86,700,000",73.5%,2024-02-13,2024_1Q,3
울산 4계 2023-103477,아파트,아파트,아파트,울산,북구,울산 북구 명촌동 684 평창리비에르3차 304동 7층 702호,"300,000,000","210,000,000",낙찰,"225,778,999",75.3%,2024-01-16,2024_1Q,3
울산 2계 2023-103590,아파트,아파트,아파트,울산,중구,울산 중구 유곡동 271-2 에일린의뜰3차 305동 5층 504호,"745,000,000","521,500,000",낙찰,"671,983,000",90.2%,2024-01-03,2024_1Q,3
울산 2계 2023-103668,답,답,답,울산,울주군,울산 울주군 범서읍 천상리 92,"441,666,000","216,416,000",낙찰,"258,530,000",58.5%,2024-06-26,2024_2Q,3
울산 3계 2023-103675,오피스텔(주거),오피스텔,오피스텔(업무용),울산,북구,울산 북구 명촌동 870-1 씨앤펠리스파크 5층 502호,"251,000,000","86,093,000",낙찰,"90,000,000",35.9%,2024-03-19,2024_1Q,3
울산 6계 2023-103866,임야,임야,임야,울산,울주군,울산 울주군 언양읍 다개리 1005-23,"261,226,000","128,001,000",낙찰,"132,100,000",50.6%,2024-02-29,2024_1Q,3
울산 2계 2023-103958,아파트,아파트,아파트,울산,북구,울산 북구 염포동 326 외 28필지 염포성원상떼빌 106동 23층 2303호,"255,000,000","178,500,000",낙찰,"190,999,000",74.9%,2024-06-26,2024_2Q,3
울산 4계 2023-103972,오피스텔(주거),오피스텔,오피스텔(업무용),울산,남구,울산 남구 신정동 1875 극동스타클래스 4층 409호,"191,000,000","133,700,000",낙찰,"144,750,000",75.8%,2024-01-16,2024_1Q,3
울산 8계 2023-104012,다세대,다세대주택,다세대,울산,북구,울산 북구 신현동 538 센텀빌 B동 2층 202호,"192,000,000","65,856,000",낙찰,"81,000,000",42.2%,2024-03-21,2024_1Q,3
울산 9계 2023-104036,아파트,아파트,아파트,울산,동구,울산 동구 방어동 363-4 트윈 9층 901호,"104,000,000","72,800,000",낙찰,"100,100,000",96.3%,2024-02-21,2024_1Q,3
울산 3계 2023-104074,오피스텔(주거),오피스텔,오피스텔(업무용),울산,남구,울산 남구 신정동 1875 극동스타클래스 3층 305호,"266,000,000","186,200,000",낙찰,"187,310,000",70.4%,2024-01-09,2024_1Q,3
울산 4계 2023-104081,오피스텔(주거),오피스텔,오피스텔(업무용),울산,남구,울산 남구 신정동 1875 극동스타클래스 3층 307호,"276,000,000","135,240,000",낙찰,"190,508,000",69.0%,2024-02-20,2024_1Q,3
울산 2계 2023-104128,아파트,아파트,아파트,울산,북구,울산 북구 매곡동 917 오토밸리로효성해링턴플레이스 107동 10층 1001호,"320,000,000","224,000,000",낙찰,"303,619,900",94.9%,2024-01-03,2024_1Q,3
울산 8계 2023-104203,아파트,아파트,아파트,울산,동구,"울산 동구 방어동 907-2 ,907-3,907-9 삼양비둘기 4층 403호","100,000,000","49,000,000",낙찰,"70,333,000",70.3%,2024-02-15,2024_1Q,3
울산 2계 2023-104241,아파트,아파트,아파트,울산,동구,울산 동구 서부동 257-4 현대패밀리서부 105동 6층 606호,"96,000,000","47,040,000",낙찰,"66,999,999",69.8%,2024-02-07,2024_1Q,3
울산 8계 2023-104357,선박,기타토지,기타토지,울산,동구,울산 동구 방어동 방어진항(방어진조선소인근)남방파제해상내 정박,"84,186,000","14,149,000",낙찰,"27,550,000",32.7%,2024-04-25,2024_2Q,3
울산 10계 2023-104371,임야,임야,임야,울산,울주군,울산 울주군 서생면 신암리 산36,"299,048,000","102,574,000",낙찰,"113,100,000",37.8%,2024-02-01,2024_1Q,3
울산 2계 2023-104456,연립,연립주택,연립·빌라,울산,동구,울산 동구 방어동 458-48 동경빌라 4층 502호,"123,000,000","60,270,000",낙찰,"68,881,000",56.0%,2024-03-13,2024_1Q,3
울산 1계 2023-104586,아파트,아파트,아파트,울산,북구,"울산 북구 산하동 969-1 ,969-2 울산블루마시티서희스타힐스블루원 110동 14층 1402호","270,000,000","132,300,000",낙찰,"213,333,000",79.0%,2024-02-06,2024_1Q,3
울산 2계 2023-104647,아파트,아파트,아파트,울산,울주군,울산 울주군 온양읍 대안리 561-2 대경 6층 607호,"95,000,000","46,550,000",낙찰,"65,600,000",69.1%,2024-02-07,2024_1Q,3
울산 4계 2023-104661,아파트,아파트,아파트,울산,북구,울산 북구 신천동 244 무지개타운 101동 4층 404호,"136,000,000","95,200,000",낙찰,"121,129,900",89.1%,2024-01-16,2024_1Q,3
울산 4계 2023-104753,아파트,아파트,아파트,울산,동구,울산 동구 화정동 872-1 송정타워맨션1 C동 1층 107호,"74,000,000","51,800,000",낙찰,"62,999,000",85.1%,2024-01-16,2024_1Q,3
울산 7계 2023-104845,아파트,아파트,아파트,울산,북구,울산 북구 신천동 486-1 호계청구타운 101동 20층 2005호,"116,000,000","81,200,000",낙찰,"93,000,000",80.2%,2024-05-02,2024_2Q,3
울산 9계 2023-104975,아파트,아파트,아파트,울산,남구,울산 남구 옥동 1385-4 도성타운 15동 14층 1402호,"200,000,000","140,000,000",낙찰,"163,800,000",81.9%,2024-02-21,2024_1Q,3
울산 7계 2023-105015,아파트,아파트,아파트,울산,울주군,울산 울주군 온양읍 발리 1311 울산온양서희스타힐스 105동 21층 2102호,"389,000,000","272,300,000",낙찰,"370,000,000",95.1%,2024-05-02,2024_2Q,3
울산 7계 2023-105183,다세대,다세대주택,다세대,울산,중구,울산 중구 학성동 305-2 금강연립 3층 302호,"18,800,000","13,160,000",낙찰,"19,607,000",104.3%,2024-06-05,2024_2Q,3
울산 8계 2023-105190,아파트,아파트,아파트,울산,남구,울산 남구 신정동 318 울산신정푸르지오 101동 21층 2105호,"535,000,000","535,000,000",낙찰,"548,300,000",102.5%,2024-01-11,2024_1Q,3
울산 1계 2023-105220,주상복합(주거),기타토지,기타토지,울산,울주군,울산 울주군 상북면 궁근정리 830-1 삼진금탑 5층 511호,"41,000,000","20,090,000",낙찰,"21,240,000",51.8%,2024-03-12,2024_1Q,3
울산 3계 2023-105299,답,답,답,울산,울주군,울산 울주군 두서면 활천리 1,"312,219,000","74,964,000",낙찰,"81,111,000",26.0%,2024-04-23,2024_2Q,3
울산 4계 2023-105312,다세대,다세대주택,다세대,울산,북구,울산 북구 호계동 393 안국빌라 3층 302호,"88,000,000","43,120,000",낙찰,"55,100,000",62.6%,2024-02-20,2024_1Q,3
울산 10계 2023-105473,단독주택,단독,단독주택,울산,중구,울산 중구 서동 317,"1,204,409,000","413,112,000",낙찰,"561,000,000",46.6%,2024-04-11,2024_2Q,3
울산 2계 2023-105695,주차장용지,기타토지,주차장용지,울산,북구,울산 북구 호계동 987-1,"3,267,533,000","1,120,764,000",낙찰,"1,581,000,000",48.4%,2024-05-23,2024_2Q,3
울산 9계 2023-105718,아파트,아파트,아파트,울산,북구,"울산 북구 매곡동 682 ,800-1 대하그린파크 103동 7층 706호","139,000,000","97,300,000",낙찰,"126,799,999",91.2%,2024-06-12,2024_2Q,3
울산 3계 2023-105787,아파트,아파트,아파트,울산,북구,울산 북구 효문동 1039 효문코오롱하늘채 109동 13층 1305호,"324,000,000","226,800,000",낙찰,"276,888,888",85.5%,2024-01-09,2024_1Q,3
울산 10계 2023-105848,점포,근린상가,점포상가,울산,울주군,울산 울주군 언양읍 송대리 170-2,"716,820,000","351,242,000",낙찰,"425,000,000",59.3%,2024-03-07,2024_1Q,3
울산 1계 2023-105855,아파트,아파트,아파트,울산,남구,"울산 남구 야음동 878 ,881 울산롯데캐슬골드 112동 8층 802호","407,000,000","284,900,000",낙찰,"395,699,000",97.2%,2024-03-12,2024_1Q,3
울산 3계 2023-105879,아파트,아파트,아파트,울산,북구,울산 북구 중산동 730 삼우타운 102동 2층 208호,"70,000,000","49,000,000",낙찰,"49,200,000",70.3%,2024-02-13,2024_1Q,3
울산 4계 2023-105886(1),답,답,답,울산,울주군,울산 울주군 범서읍 망성리 227,"12,963,000","9,074,000",낙찰,"12,964,000",100.0%,2024-04-30,2024_2Q,3
울산 4계 2023-105886(2),답,답,답,울산,울주군,울산 울주군 범서읍 망성리 228-3,"141,969,000","141,969,000",낙찰,"145,100,000",102.2%,2024-03-26,2024_1Q,3
울산 4계 2023-105886(3),전,전,전,울산,울주군,울산 울주군 범서읍 망성리 399,"562,532,000","275,640,000",낙찰,"278,800,000",49.6%,2024-06-04,2024_2Q,3
울산 2계 2023-105930,아파트,아파트,아파트,울산,북구,울산 북구 중산동 688-3 대암파크랜드 101동 1층 109호,"55,000,000","38,500,000",낙찰,"43,214,000",78.6%,2024-02-07,2024_1Q,3
울산 4계 2023-106056,단독주택,단독,단독주택,울산,남구,울산 남구 야음동 381-39,"124,721,850","124,721,850",낙찰,"125,492,000",100.6%,2024-01-16,2024_1Q,3
울산 7계 2023-106094,대지,나대지,나대지,울산,울주군,울산 울주군 온양읍 남창리 218-3,"10,960,000","7,672,000",낙찰,"15,000,000",136.9%,2024-06-05,2024_2Q,3
울산 6계 2023-106155,다세대,다세대주택,다세대,울산,동구,울산 동구 화정동 858-8 해븐빌라 1층 101호,"87,000,000","42,630,000",낙찰,"47,630,000",54.7%,2024-04-04,2024_2Q,3
울산 8계 2023-106216,아파트,아파트,아파트,울산,북구,울산 북구 양정동 500-33 양정힐스테이트 101동 19층 1902호,"245,000,000","171,500,000",낙찰,"200,001,818",81.6%,2024-04-25,2024_2Q,3
울산 6계 2023-106254,단독주택,단독,단독주택,울산,울주군,울산 울주군 두서면 전읍리 1133-1 A동호,"708,761,800","496,133,000",낙찰,"700,000,000",98.8%,2024-01-25,2024_1Q,3
울산 10계 2023-106261,답,답,답,울산,울주군,울산 울주군 두서면 미호리 23-1,"199,392,000","97,702,000",낙찰,"115,199,000",57.8%,2024-05-16,2024_2Q,3
울산 1계 2023-106278,답,답,답,울산,울주군,울산 울주군 두서면 구량리 443-2,"162,253,000","55,653,000",낙찰,"76,900,000",47.4%,2024-05-21,2024_2Q,3
울산 2계 2023-106353,오피스텔,오피스텔,오피스텔(업무용),울산,중구,울산 중구 학성동 429-6 2층 202호,"90,000,000","63,000,000",낙찰,"64,110,000",71.2%,2024-02-07,2024_1Q,3
울산 4계 2023-106377,아파트,아파트,아파트,울산,남구,울산 남구 신정동 1412-12 남산맨션 4층 403호,"304,000,000","148,960,000",낙찰,"255,000,000",83.9%,2024-03-26,2024_1Q,3
울산 6계 2023-106551(1),답,답,답,울산,울주군,울산 울주군 두동면 천전리 585,"74,169,000","36,343,000",낙찰,"37,777,000",50.9%,2024-04-04,2024_2Q,3
울산 7계 2023-106568,아파트,아파트,아파트,울산,울주군,"울산 울주군 삼남읍 교동리 1678 ,1679 영남알프스타운 103동 13층 1306호","83,000,000","58,100,000",낙찰,"71,488,000",86.1%,2024-06-05,2024_2Q,3
울산 10계 2023-106599(1),다세대,다세대주택,다세대,울산,울주군,울산 울주군 웅촌면 곡천리 282-31 태웅빌 1층 101호,"137,000,000","32,894,000",낙찰,"45,100,000",32.9%,2024-04-11,2024_2Q,3
울산 10계 2023-106599(2),다세대,다세대주택,다세대,울산,울주군,울산 울주군 웅촌면 곡천리 282-31 태웅빌 2층 202호,"128,000,000","43,904,000",낙찰,"54,700,000",42.7%,2024-03-07,2024_1Q,3
울산 10계 2023-106599(3),다세대,다세대주택,다세대,울산,울주군,울산 울주군 웅촌면 곡천리 282-31 태웅빌 3층 301호,"145,000,000","71,050,000",낙찰,"72,700,000",50.1%,2024-02-01,2024_1Q,3
울산 10계 2023-106599(4),다세대,다세대주택,다세대,울산,울주군,울산 울주군 웅촌면 곡천리 282-31 태웅빌 3층 302호,"131,000,000","64,190,000",낙찰,"65,500,000",50.0%,2024-02-01,2024_1Q,3
울산 10계 2023-106650,대지,나대지,나대지,울산,울주군,울산 울주군 서생면 진하리 304-3,"24,198,300","11,857,000",낙찰,"15,670,000",64.8%,2024-02-01,2024_1Q,3
울산 2계 2023-106803,아파트,아파트,아파트,울산,울주군,울산 울주군 온양읍 발리 1311 울산온양서희스타힐스 108동 8층 803호,"373,000,000","261,100,000",낙찰,"325,600,000",87.3%,2024-02-07,2024_1Q,3
울산 4계 2023-106827,단독주택,단독,단독주택,울산,북구,"울산 북구 염포동 994-12 ,994-13","588,742,200","201,939,000",낙찰,"234,999,990",39.9%,2024-04-30,2024_2Q,3
울산 4계 2023-106964,다세대,다세대주택,다세대,울산,울주군,울산 울주군 상북면 궁근정리 830-1 삼진금탑 1층 111호,"41,000,000","28,700,000",낙찰,"28,910,000",70.5%,2024-02-20,2024_1Q,3
울산 5계 2023-106971,아파트,아파트,아파트,울산,울주군,울산 울주군 언양읍 반천리 1023-51 현대 102동 19층 1901호,"144,000,000","70,560,000",낙찰,"103,100,000",71.6%,2024-04-24,2024_2Q,3
울산 3계 2023-107004,아파트,아파트,아파트,울산,동구,울산 동구 전하동 768 늘푸른 102동 2층 205호,"89,000,000","62,300,000",낙찰,"66,100,000",74.3%,2024-02-13,2024_1Q,3
울산 10계 2023-107097,아파트,아파트,아파트,울산,남구,울산 남구 무거동 1594 무거위브자이 101동 7층 702호,"620,000,000","620,000,000",낙찰,"661,990,000",106.8%,2024-06-11,2024_2Q,3
울산 10계 2023-107158,아파트,아파트,아파트,울산,울주군,"울산 울주군 삼남읍 교동리 1678 ,1679 영남알프스타운 116동 1층 103호","91,000,000","63,700,000",낙찰,"70,988,000",78.0%,2024-02-01,2024_1Q,3
울산 2계 2023-107172,아파트,아파트,아파트,울산,동구,울산 동구 서부동 248-24 외17필지 서부성원상떼빌 101동 11층 1101호,"271,000,000","189,700,000",낙찰,"214,150,000",79.0%,2024-02-07,2024_1Q,3
울산 3계 2023-107264,아파트,아파트,아파트,울산,울주군,울산 울주군 청량읍 상남리 696-1 울산덕하 신일해피트리 101동 3층 301호,"288,000,000","201,600,000",낙찰,"213,990,000",74.3%,2024-05-28,2024_2Q,3
울산 4계 2023-107271,아파트,아파트,아파트,울산,동구,"울산 동구 방어동 1022-3 ,1022-4 예채2차 5층 501호","221,000,000","108,290,000",낙찰,"151,777,777",68.7%,2024-06-04,2024_2Q,3
울산 10계 2023-107318,아파트,아파트,아파트,울산,북구,"울산 북구 산하동 969-1 ,969-2 서희스타힐스블루원 105동 3층 303호","386,000,000","270,200,000",낙찰,"293,310,000",76.0%,2024-02-01,2024_1Q,3
울산 5계 2023-107356,오피스텔(주거),오피스텔,오피스텔(업무용),울산,중구,울산 중구 반구동 106-3 소담팰리스 4층 410호,"85,000,000","85,000,000",낙찰,"85,000,000",100.0%,2024-01-10,2024_1Q,3
울산 2계 2023-107455,아파트,아파트,아파트,울산,울주군,울산 울주군 범서읍 구영리 204-1 구영1차우미린 302동 8층 801호,"341,000,000","238,700,000",낙찰,"328,765,000",96.4%,2024-06-26,2024_2Q,3
울산 10계 2023-107486,아파트,아파트,아파트,울산,울주군,"울산 울주군 청량읍 삼정리 755 ,755-4,755-5,755-7,753-3,901 쌍용하나빌리지 107동 13층 1302호","175,000,000","122,500,000",낙찰,"136,280,000",77.9%,2024-02-01,2024_1Q,3
울산 1계 2023-107561,아파트,아파트,아파트,울산,남구,울산 남구 삼산동 1529-2 울산삼산푸르지오 103동 3층 304호,"421,000,000","294,700,000",낙찰,"370,437,900",88.0%,2024-05-21,2024_2Q,3
울산 8계 2023-107660,오피스텔(주거),오피스텔,오피스텔(업무용),울산,중구,울산 중구 반구동 448-3 반구신동아파밀리에 105동 16층 1606호,"67,000,000","46,900,000",낙찰,"61,888,000",92.4%,2024-05-30,2024_2Q,3
울산 9계 2023-107677,다세대,다세대주택,다세대,울산,남구,"울산 남구 야음동 832-5 ,832-20,832-23 효제로즈빌 4층 401호","226,000,000","158,200,000",낙찰,"185,280,000",82.0%,2024-05-01,2024_2Q,3
울산 4계 2023-107936,아파트,아파트,아파트,울산,동구,"울산 동구 서부동 257-4 ,249-8 현대패밀리서부 114동 3층 305호","98,000,000","68,600,000",낙찰,"73,290,000",74.8%,2024-02-20,2024_1Q,3
울산 2계 2023-107981,답,답,답,울산,울주군,울산 울주군 삼동면 하잠리 1038,"23,121,000","16,185,000",낙찰,"16,186,000",70.0%,2024-06-26,2024_2Q,3
울산 5계 2023-108083(2),도로,기타토지,기타토지,울산,남구,울산 남구 삼산동 1377-96,"1,516,718","1,516,718",낙찰,"1,600,000",105.5%,2024-01-10,2024_1Q,3
울산 5계 2023-108144,오피스텔(주거),오피스텔,오피스텔(업무용),울산,중구,울산 중구 옥교동 166 어반펠리체 15층 1502호,"31,000,000","15,190,000",낙찰,"15,340,000",49.5%,2024-05-29,2024_2Q,3
울산 4계 2023-108182,아파트,아파트,아파트,울산,울주군,울산 울주군 범서읍 천상리 605 천상국태그린빌 101동 2층 203호,"100,000,000","70,000,000",낙찰,"78,400,000",78.4%,2024-03-26,2024_1Q,3
울산 7계 2023-108212,아파트,아파트,아파트,울산,울주군,울산 울주군 범서읍 굴화리 739 문수마을 수필 101동 1층 104호,"350,000,000","245,000,000",낙찰,"292,990,000",83.7%,2024-01-18,2024_1Q,3
울산 9계 2023-108236,점포,근린상가,점포상가,울산,북구,울산 북구 어물동 273-1,"390,387,500","273,271,000",낙찰,"332,810,225",85.3%,2024-06-12,2024_2Q,3
울산 10계 2023-108397,오피스텔,오피스텔,오피스텔(업무용),울산,중구,울산 중구 태화동 37-7 리버스위트 10층 1002호,"185,000,000","90,650,000",낙찰,"133,888,000",72.4%,2024-03-07,2024_1Q,3
울산 3계 2023-108427,아파트,아파트,아파트,울산,중구,울산 중구 반구동 877-1 아담 2동 1층 113호,"108,000,000","75,600,000",낙찰,"105,600,000",97.8%,2024-05-28,2024_2Q,3
울산 4계 2023-108434,아파트,아파트,아파트,울산,북구,울산 북구 중산동 566-1 이화한라동아 12층 1204호,"70,000,000","49,000,000",낙찰,"60,010,000",85.7%,2024-03-26,2024_1Q,3
울산 2계 2023-108595,차량,기타토지,기타토지,울산,남구,울산 남구 두왕동 453-7 제3자현대주차장에게보관,"36,000,000","25,200,000",낙찰,"32,760,000",91.0%,2024-04-17,2024_2Q,3
울산 7계 2023-108656,차량,기타토지,기타토지,울산,울주군,울산 울주군 언양읍 반천리 534 복산주차장(이성학(010-3852-4467)보관,"6,000,000","2,940,000",낙찰,"4,111,000",68.5%,2024-01-18,2024_1Q,3
울산 1계 2023-108700,아파트,아파트,아파트,울산,북구,울산 북구 신천동 799 신천효성해링턴플레이스 105동 2층 202호,"314,000,000","219,800,000",낙찰,"267,770,000",85.3%,2024-06-25,2024_2Q,3
울산 5계 2023-108748,아파트,아파트,아파트,울산,중구,울산 중구 태화동 24-10 경성 A동 1층 102호,"189,000,000","132,300,000",낙찰,"164,890,000",87.2%,2024-04-24,2024_2Q,3
울산 4계 2023-108786,차량,기타토지,기타토지,울산,울주군,울산 울주군 언양읍 반천리 534 복산주차장내 보관,"12,500,000","6,125,000",낙찰,"8,230,000",65.8%,2024-03-26,2024_1Q,3
울산 5계 2023-108793,아파트,아파트,아파트,울산,남구,울산 남구 신정동 872-55 한라백조 101동 4층 409호,"211,000,000","147,700,000",낙찰,"173,550,000",82.3%,2024-04-24,2024_2Q,3
울산 3계 2023-108878,아파트,아파트,아파트,울산,북구,"울산 북구 매곡동 896 ,897 드림인시티에일린의뜰1차 104동 12층 1202호","425,000,000","297,500,000",낙찰,"381,600,000",89.8%,2024-05-28,2024_2Q,3
울산 10계 2023-108915,단독주택,단독,단독주택,울산,북구,울산 북구 창평동 503-3,"123,097,370","60,318,000",낙찰,"97,000,000",78.8%,2024-03-07,2024_1Q,3
울산 4계 2023-108960,빌딩,기타건물,기타건물,울산,남구,울산 남구 달동 1299-18,"7,906,559,500","2,711,950,000",낙찰,"3,874,000,000",49.0%,2024-04-30,2024_2Q,3
울산 10계 2023-109123,단독주택,단독,단독주택,울산,동구,울산 동구 일산동 575-45,"185,053,940","90,677,000",낙찰,"138,500,000",74.8%,2024-04-11,2024_2Q,3
울산 10계 2023-109192,아파트,아파트,아파트,울산,울주군,울산 울주군 온산읍 덕신리 1329-4 덕신동백 102동 6층 603호,"84,000,000","58,800,000",낙찰,"70,670,000",84.1%,2024-03-07,2024_1Q,3
울산 6계 2023-109239,차량,기타토지,기타토지,울산,울주군,"울산 울주군 언양읍 반천리 534 복산주차장(제3자이성학,010-3852-4467)내 보관","12,000,000","5,880,000",낙찰,"6,050,000",50.4%,2024-02-29,2024_1Q,3
울산 3계 2023-109307,아파트,아파트,아파트,울산,남구,울산 남구 신정동 650-17 이안신정 101동 20층 2002호,"469,000,000","328,300,000",낙찰,"423,858,000",90.4%,2024-05-28,2024_2Q,3
울산 1계 2023-109345,아파트,아파트,아파트,울산,남구,울산 남구 신정동 1334-38 남산포스코더샾 103동 4층 404호,"336,000,000","235,200,000",낙찰,"289,000,000",86.0%,2024-06-25,2024_2Q,3
울산 9계 2023-109406,아파트,아파트,아파트,울산,울주군,울산 울주군 범서읍 천상리 600 천상그린코아 101동 11층 1113호,"113,000,000","79,100,000",낙찰,"84,515,000",74.8%,2024-06-12,2024_2Q,3
울산 10계 2023-109413(1),임야,임야,임야,울산,울주군,울산 울주군 두동면 천전리 산144,"105,189,000","36,079,000",낙찰,"45,678,900",43.4%,2024-06-11,2024_2Q,3
울산 10계 2023-109413(2),임야,임야,임야,울산,울주군,울산 울주군 두동면 천전리 산140-27,"13,214,000","4,533,000",낙찰,"10,710,000",81.1%,2024-06-11,2024_2Q,3
울산 5계 2023-109451,아파트,아파트,아파트,울산,중구,울산 중구 다운동 768 다운 103동 5층 515호,"110,000,000","77,000,000",낙찰,"94,500,000",85.9%,2024-04-24,2024_2Q,3
울산 9계 2023-109642,차량,기타토지,기타토지,울산,울주군,울산 울주군 청량읍 덕하리 414-3 백양주차장내 보관(제3자이길연에게보관),"34,000,000","23,800,000",낙찰,"31,555,000",92.8%,2024-01-17,2024_1Q,3
울산 8계 2023-109796,아파트,아파트,아파트,울산,울주군,"울산 울주군 청량읍 삼정리 755 ,755-4,755-5,755-7,753-3,901 쌍용하나빌리지 302동 13층 1304호","133,000,000","93,100,000",낙찰,"98,989,000",74.4%,2024-04-25,2024_2Q,3
울산 1계 2023-109826,아파트,아파트,아파트,울산,울주군,울산 울주군 청량읍 상남리 696-2 덕하한양수자인 104동 7층 701호,"273,000,000","191,100,000",낙찰,"226,789,999",83.1%,2024-06-25,2024_2Q,3
울산 5계 2023-109871,차량,기타토지,기타토지,울산,남구,울산 남구 두왕동 453-7 현대주차장내 보관,"50,000,000","35,000,000",낙찰,"45,120,000",90.2%,2024-04-24,2024_2Q,3
울산 4계 2023-109949,아파트,아파트,아파트,울산,북구,"울산 북구 매곡동 896 ,897 드림인시티에일린의뜰1차 111동 30층 3002호","440,000,000","308,000,000",낙찰,"413,999,000",94.1%,2024-06-04,2024_2Q,3
울산 7계 2023-109987,차량,기타토지,기타토지,울산,울주군,"울산 울주군 언양읍 반천리 534 (제3자이성학,010-3852-4467)내 보관","12,000,000","5,880,000",낙찰,"6,000,000",50.0%,2024-02-22,2024_1Q,3
울산 5계 2023-110086,아파트,아파트,아파트,울산,북구,울산 북구 중산동 730 삼우타운 102동 11층 1110호,"63,000,000","44,100,000",낙찰,"49,510,000",78.6%,2024-04-24,2024_2Q,3
울산 5계 2023-110147,아파트,아파트,아파트,울산,남구,울산 남구 옥동 185 서강파크 C동 7층 807호,"296,000,000","207,200,000",낙찰,"236,880,000",80.0%,2024-05-29,2024_2Q,3
울산 2계 2023-110277(2),임야,임야,임야,울산,울주군,울산 울주군 서생면 화산리 산110-11,"60,720,000","29,568,000",낙찰,"32,300,000",53.2%,2024-06-26,2024_2Q,3
울산 2계 2023-110352,아파트,아파트,아파트,울산,북구,"울산 북구 상안동 381-1 ,369-6,371-11,1204-21,천곡동 409,1022-12 쌍용아진그린타운 210동 1층 102호","186,000,000","130,200,000",낙찰,"132,650,000",71.3%,2024-06-26,2024_2Q,3
울산 10계 2023-110581,차량,기타토지,기타토지,울산,울주군,울산 울주군 언양읍 반천리 534 복산주차장(제3자이성학)보관,"16,000,000","11,200,000",낙찰,"13,510,000",84.4%,2024-02-01,2024_1Q,3
울산 10계 2023-110666,다세대,다세대주택,다세대,울산,울주군,울산 울주군 언양읍 서부리 257-7 하이테크빌 5층 501호,"113,000,000","55,370,000",낙찰,"71,550,000",63.3%,2024-05-16,2024_2Q,3
울산 4계 2023-110765,아파트,아파트,아파트,울산,울주군,"울산 울주군 삼남읍 교동리 1678 ,1679 영남알프스타운 110동 3층 302호","75,000,000","52,500,000",낙찰,"63,500,000",84.7%,2024-06-04,2024_2Q,3
울산 5계 2023-110963,아파트,아파트,아파트,울산,울주군,울산 울주군 청량읍 상남리 696-2 덕하한양수자인 102동 4층 404호,"264,000,000","184,800,000",낙찰,"220,000,000",83.3%,2024-05-29,2024_2Q,3
울산 5계 2023-111003,아파트,아파트,아파트,울산,남구,울산 남구 무거동 488-13 옥현으뜸마을 주공3단지 302동 8층 803호,"430,000,000","301,000,000",낙찰,"428,100,000",99.6%,2024-05-29,2024_2Q,3
울산 10계 2023-111164(1),주상복합(주거),기타토지,기타토지,울산,남구,울산 남구 신정동 480-1 지움포유 10층 1004호,"227,000,000","158,900,000",낙찰,"183,200,000",80.7%,2024-06-11,2024_2Q,3
울산 10계 2023-111164(2),주상복합(주거),기타토지,기타토지,울산,남구,울산 남구 신정동 480-1 지움포유 14층 1404호,"232,000,000","162,400,000",낙찰,"197,890,000",85.3%,2024-06-11,2024_2Q,3
울산 8계 2023-111270,임야,임야,임야,울산,울주군,울산 울주군 온산읍 덕신리 산313-3,"8,980,320","8,980,320",낙찰,"8,980,320",100.0%,2024-05-30,2024_2Q,3
울산 8계 2023-111409,차량,기타토지,기타토지,울산,울주군,울산 울주군 언양읍 반천리 534 복산주차장내 보관,"18,000,000","12,600,000",낙찰,"17,000,000",94.4%,2024-01-11,2024_1Q,3
울산 10계 2023-111423,전,전,전,울산,울주군,울산 울주군 삼남읍 방기리 361-3,"39,560,000","39,560,000",낙찰,"70,000,000",176.9%,2024-03-07,2024_1Q,3
울산 7계 2023-111676,차량,기타토지,기타토지,울산,울주군,"울산 울주군 언양읍 반천리 534 복산주차장(제3자이성학,010-3852-4467)내 보관","35,000,000","24,500,000",낙찰,"31,590,000",90.3%,2024-01-18,2024_1Q,3
울산 8계 2023-111782,대지,나대지,나대지,울산,울주군,울산 울주군 범서읍 천상리 608-8,"1,561,930,000","765,346,000",낙찰,"780,010,000",49.9%,2024-03-21,2024_1Q,3
울산 9계 2023-111843,차량,기타토지,기타토지,울산,울주군,울산 울주군 언양읍 반천리 534 복산주차장(제3자 이성학)내 보관,"11,000,000","7,700,000",낙찰,"8,780,000",79.8%,2024-05-01,2024_2Q,3
울산 10계 2023-111980,다세대,다세대주택,다세대,울산,남구,울산 남구 달동 1389-1 월평빌라 4층 401호,"189,000,000","92,610,000",낙찰,"124,999,000",66.1%,2024-05-16,2024_2Q,3
울산 10계 2023-112143,근린상가,근린상가,근린상가,울산,중구,울산 중구 우정동 512-5 우정혁신타워 1층 101호,"651,000,000","318,990,000",낙찰,"393,000,000",60.4%,2024-05-16,2024_2Q,3
울산 7계 2023-112273,중기,기타토지,기타토지,울산,울주군,"울산 울주군 언양읍 반천리 534 복산주차장(제3자이성학,010-3852-4467)내 보관","21,000,000","10,290,000",낙찰,"10,570,000",50.3%,2024-02-22,2024_1Q,3
울산 10계 2023-112747,아파트,아파트,아파트,울산,중구,울산 중구 성안동 370-1 성안청구타운 109동 4층 405호,"160,000,000","112,000,000",낙찰,"137,699,990",86.1%,2024-05-16,2024_2Q,3
울산 2계 2023-112839,아파트,아파트,아파트,울산,중구,울산 중구 다운동 702 다운동아큰마을 102동 2층 201호,"233,000,000","233,000,000",낙찰,"233,110,000",100.0%,2024-06-26,2024_2Q,3
울산 10계 2023-112969,아파트,아파트,아파트,울산,울주군,울산 울주군 범서읍 구영리 881-2 신한디아채 102동 2층 201호,"216,000,000","151,200,000",낙찰,"175,680,000",81.3%,2024-05-16,2024_2Q,3
울산 10계 2023-113078,아파트,아파트,아파트,울산,북구,울산 북구 달천동 1-5 달천아이파크1차 109동 12층 1204호,"470,000,000","329,000,000",낙찰,"432,990,000",92.1%,2024-05-16,2024_2Q,3
울산 10계 2023-113245,대지,나대지,나대지,울산,울주군,울산 울주군 웅촌면 대대리 243-3,"53,066,000","53,066,000",낙찰,"56,010,000",105.5%,2024-05-16,2024_2Q,3
울산 10계 2023-113894,아파트,아파트,아파트,울산,남구,울산 남구 신정동 1334-11 아르떼에코하임 2층 207호,"229,000,000","160,300,000",낙찰,"174,990,000",76.4%,2024-05-16,2024_2Q,3
울산 8계 2023-113993,차량,기타토지,기타토지,울산,울주군,울산 울주군 언양읍 반천리 534 복산주차장내보관,"7,500,000","5,250,000",낙찰,"6,671,000",88.9%,2024-03-21,2024_1Q,3
울산 3계 2023-114057,아파트,아파트,아파트,울산,중구,울산 중구 복산동 776 복산아이파크 102동 8층 802호,"494,000,000","345,800,000",낙찰,"464,440,000",94.0%,2024-04-23,2024_2Q,3
울산 4계 2023-114095,차량,기타토지,기타토지,울산,울주군,울산 울주군 온산읍 우봉리 313-8 내 보관,"13,500,000","9,450,000",낙찰,"11,120,000",82.4%,2024-06-04,2024_2Q,3
울산 10계 2023-114156,다세대,다세대주택,다세대,울산,중구,울산 중구 서동 62-6 태극빌라 5층 501호,"123,000,000","60,270,000",낙찰,"60,300,000",49.0%,2024-06-11,2024_2Q,3
울산 2계 2023-114477,차량,기타토지,기타토지,울산,울주군,울산 울주군 언양읍 반천리 534 복산주차장내 보관(제3자 이성학 보관),"7,000,000","4,900,000",낙찰,"5,500,000",78.6%,2024-05-23,2024_2Q,3
울산 10계 2023-115036,차량,기타토지,기타토지,울산,울주군,울산 울주군 언양읍 반천리 534 복산주차장내 보관(제3자 이성학 보관),"26,000,000","18,200,000",낙찰,"21,570,000",83.0%,2024-05-16,2024_2Q,3
울산 7계 2023-115296,차량,기타토지,기타토지,울산,울주군,울산 울주군 언양읍 반천리 534 복산주차장내 보관(제3자 이성학(010-3852-4467)에게 보관),"12,000,000","8,400,000",낙찰,"9,230,000",76.9%,2024-06-05,2024_2Q,3
울산 10계 2023-115326,오피스텔,오피스텔,오피스텔(업무용),울산,중구,울산 중구 우정동 529 타워더모스트우정혁신도시 19층 1926호,"111,000,000","77,700,000",낙찰,"85,150,000",76.7%,2024-05-16,2024_2Q,3
울산 3계 2023-115920,차량,기타토지,기타토지,울산,남구,울산 남구 두왕동 453-7 현대주차장내 보관,"12,000,000","8,400,000",낙찰,"10,717,000",89.3%,2024-04-23,2024_2Q,3
울산 4계 2023-115937,차량,기타토지,기타토지,울산,남구,울산 남구 두왕동 453-7 현대주차장내 보관,"9,500,000","6,650,000",낙찰,"7,610,000",80.1%,2024-06-04,2024_2Q,3
울산 10계 2023-116459(2),대지,나대지,나대지,울산,북구,울산 북구 호계동 1020-13,"7,612,800","5,329,000",낙찰,"5,350,000",70.3%,2024-06-11,2024_2Q,3
울산 10계 2023-116541,차량,기타토지,기타토지,울산,울주군,울산 울주군 언양읍 반천리 534 내 보관(제3자 이성학 보관),"13,000,000","13,000,000",낙찰,"13,210,000",101.6%,2024-04-11,2024_2Q,3
울산 10계 2023-116695,아파트,아파트,아파트,울산,중구,울산 중구 약사동 1101 약사아이파크 111동 9층 901호,"430,000,000","301,000,000",낙찰,"401,200,000",93.3%,2024-06-11,2024_2Q,3
울산 2계 2024-100123,차량,기타토지,기타토지,울산,울주군,울산 울주군 언양읍 반천리 534 내 보관(제3자 이성학 보관),"20,000,000","14,000,000",낙찰,"15,100,000",75.5%,2024-05-23,2024_2Q,3
울산 6계 2024-100253,차량,기타토지,기타토지,울산,울주군,울산 울주군 언양읍 반천리 534 복산주차장(제3자 이성학)내 보관,"9,500,000","6,650,000",낙찰,"8,321,000",87.6%,2024-06-13,2024_2Q,3
울산 5계 2024-101003,차량,기타토지,기타토지,울산,울주군,울산 울주군 언양읍 반천리 534 복산주차장내 보관,"7,000,000","4,900,000",낙찰,"6,510,000",93.0%,2024-05-29,2024_2Q,3
울산 1계 2020-8502(2),답,답,답,울산,울주군,울산 울주군 웅촌면 곡천리 730-5,"37,113,000","12,730,000",낙찰,"15,300,000",41.2%,2024-07-30,2024_3Q,3
울산 1계 2020-12211,단독주택,단독,단독주택,울산,울주군,울산 울주군 서생면 대송리 345-27 주건축물 1동,"518,471,040","254,051,000",낙찰,"314,000,000",60.6%,2024-10-08,2024_4Q,3
울산 5계 2020-14224,단독주택,단독,단독주택,울산,북구,울산 북구 정자동 320-2,"1,507,527,030","517,082,000",낙찰,"678,912,000",45.0%,2024-07-10,2024_3Q,3
울산 8계 2021-1454,점포,근린상가,점포상가,울산,울주군,울산 울주군 두동면 구미리 549-16,"922,559,360","316,438,000",낙찰,"386,900,000",41.9%,2024-09-12,2024_3Q,3
울산 8계 2021-4422(1),오피스텔(주거),오피스텔,오피스텔(업무용),울산,동구,울산 동구 방어동 290-41 에스코빌Ⅵ 2층 201호,"158,000,000","37,936,000",낙찰,"52,240,000",33.1%,2024-09-12,2024_3Q,3
울산 8계 2021-4422(2),오피스텔(주거),오피스텔,오피스텔(업무용),울산,동구,울산 동구 방어동 290-41 에스코빌Ⅵ 2층 202호,"176,000,000","42,258,000",낙찰,"60,200,000",34.2%,2024-09-12,2024_3Q,3
울산 8계 2021-4422(3),오피스텔(주거),오피스텔,오피스텔(업무용),울산,동구,울산 동구 방어동 290-41 에스코빌Ⅵ 3층 301호,"168,000,000","40,337,000",낙찰,"53,790,000",32.0%,2024-11-21,2024_4Q,3
울산 8계 2021-4422(4),오피스텔(주거),오피스텔,오피스텔(업무용),울산,동구,울산 동구 방어동 290-41 에스코빌Ⅵ 3층 302호,"187,000,000","44,899,000",낙찰,"59,890,000",32.0%,2024-11-21,2024_4Q,3
울산 8계 2021-4422(5),오피스텔(주거),오피스텔,오피스텔(업무용),울산,동구,울산 동구 방어동 290-41 에스코빌Ⅵ 4층 401호,"168,000,000","40,337,000",낙찰,"52,480,000",31.2%,2024-09-12,2024_3Q,3
울산 8계 2021-4422(6),오피스텔(주거),오피스텔,오피스텔(업무용),울산,동구,울산 동구 방어동 290-41 에스코빌Ⅵ 4층 402호,"187,000,000","64,141,000",낙찰,"64,500,000",34.5%,2024-08-08,2024_3Q,3
울산 8계 2021-4422(7),오피스텔(주거),오피스텔,오피스텔(업무용),울산,동구,울산 동구 방어동 290-41 에스코빌Ⅵ 5층 501호,"168,000,000","40,337,000",낙찰,"53,790,000",32.0%,2024-11-21,2024_4Q,3
울산 8계 2021-4422(8),오피스텔(주거),오피스텔,오피스텔(업무용),울산,동구,울산 동구 방어동 290-41 에스코빌Ⅵ 5층 502호,"187,000,000","64,141,000",낙찰,"66,990,000",35.8%,2024-08-08,2024_3Q,3
울산 8계 2021-4422(9),주상복합(주거),기타토지,기타토지,울산,동구,울산 동구 방어동 290-41 에스코빌Ⅵ 6층 601호,"95,000,000","22,810,000",낙찰,"35,159,000",37.0%,2024-09-12,2024_3Q,3
울산 8계 2021-4422(10),주상복합(주거),기타토지,기타토지,울산,동구,울산 동구 방어동 290-41 에스코빌Ⅵ 6층 604호,"117,000,000","40,131,000",낙찰,"42,780,100",36.6%,2024-08-08,2024_3Q,3
울산 8계 2021-4422(11),주상복합(주거),기타토지,기타토지,울산,동구,울산 동구 방어동 290-41 에스코빌Ⅵ 7층 704호,"117,000,000","40,131,000",낙찰,"42,780,100",36.6%,2024-08-08,2024_3Q,3
울산 8계 2021-4422(12),주상복합(주거),기타토지,기타토지,울산,동구,울산 동구 방어동 290-41 에스코빌Ⅵ 8층 804호,"117,000,000","40,131,000",낙찰,"42,780,100",36.6%,2024-08-08,2024_3Q,3
울산 8계 2021-4422(13),주상복합(주거),기타토지,기타토지,울산,동구,울산 동구 방어동 290-41 에스코빌Ⅵ 9층 901호,"95,000,000","32,585,000",낙찰,"32,990,000",34.7%,2024-08-08,2024_3Q,3
울산 8계 2021-4422(14),주상복합(주거),기타토지,기타토지,울산,동구,울산 동구 방어동 290-41 에스코빌Ⅵ 9층 903호,"80,000,000","27,440,000",낙찰,"28,280,000",35.4%,2024-08-08,2024_3Q,3
울산 8계 2021-4422(15),주상복합(주거),기타토지,기타토지,울산,동구,울산 동구 방어동 290-41 에스코빌Ⅵ 9층 904호,"117,000,000","40,131,000",낙찰,"42,780,100",36.6%,2024-08-08,2024_3Q,3
울산 8계 2021-5074,아파트,아파트,아파트,울산,동구,울산 동구 동부동 350-1 아성오우션맨션 101동 1층 111호,"113,000,000","55,370,000",낙찰,"63,880,000",56.5%,2024-10-17,2024_4Q,3
울산 8계 2021-7254,과수원,과수원,과수원,울산,울주군,울산 울주군 서생면 신암리 499-1,"425,569,750","102,179,000",낙찰,"103,100,000",24.2%,2024-10-17,2024_4Q,3
울산 7계 2021-8615,임야,임야,임야,울산,울주군,울산 울주군 삼남읍 교동리 산142-13,"268,740,000","45,168,000",낙찰,"52,100,000",19.4%,2024-08-14,2024_3Q,3
울산 7계 2021-9809,아파트,아파트,아파트,울산,중구,울산 중구 태화동 207-2 우정혁신LH3단지 302동 8층 802호,"430,000,000","301,000,000",낙찰,"324,400,000",75.4%,2024-10-31,2024_4Q,3
울산 3계 2021-104322,아파트,아파트,아파트,울산,남구,울산 남구 무거동 1543-1 무거한라3차 10층 1006호,"272,000,000","190,400,000",낙찰,"226,000,000",83.1%,2024-11-27,2024_4Q,3
울산 8계 2021-112569,아파트,아파트,아파트,울산,울주군,"울산 울주군 온산읍 덕신리 336-1 ,336 무궁화 112동 1층 107호","67,000,000","46,900,000",낙찰,"55,100,000",82.2%,2024-12-26,2024_4Q,3
울산 5계 2022-1284,임야,임야,임야,울산,울주군,울산 울주군 두동면 월평리 산176,"384,400,000","64,606,000",낙찰,"71,880,000",18.7%,2024-10-22,2024_4Q,3
울산 9계 2022-4504,다세대,다세대주택,다세대,울산,남구,울산 남구 야음동 669-3 원방하이츠빌라 가동 2층 202호,"144,000,000","70,560,000",낙찰,"100,260,000",69.6%,2024-12-11,2024_4Q,3
울산 6계 2022-5033(3),임야,임야,임야,울산,북구,울산 북구 당사동 산126-1,"1,067,623,000","125,605,000",낙찰,"150,013,000",14.1%,2024-07-18,2024_3Q,3
울산 5계 2022-5088,공장,공장(지식산업센터 업무시설),공장,울산,울주군,울산 울주군 상북면 향산리 516-6,"1,200,334,100","411,715,000",낙찰,"498,888,888",41.6%,2024-09-24,2024_3Q,3
울산 6계 2022-7763,선박,기타토지,기타토지,울산,동구,울산 동구 방어동 175-6 울산수협방어진위판장냉동공장앞(채권자울산수협) 보관,"663,533,310","111,520,000",낙찰,"115,100,000",17.3%,2024-12-04,2024_4Q,3
울산 3계 2022-7824,아파트,아파트,아파트,울산,동구,울산 동구 화정동 851 현대 703동 5층 507호,"112,000,000","54,880,000",낙찰,"67,211,090",60.0%,2024-07-02,2024_3Q,3
울산 1계 2022-8155,주상복합(주거),기타토지,기타토지,울산,중구,"울산 중구 성안동 862-7 ,862-8 아름빌 5층 501호","166,000,000","81,340,000",낙찰,"97,815,500",58.9%,2024-07-30,2024_3Q,3
울산 8계 2022-100792,임야,임야,임야,울산,북구,울산 북구 양정동 556-31,"537,941,000","263,591,000",낙찰,"501,000,000",93.1%,2024-08-08,2024_3Q,3
울산 7계 2022-102934(2),아파트,아파트,아파트,울산,울주군,울산 울주군 언양읍 동부리 498 신울산경남아너스빌 105동 13층 1301호,"325,000,000","227,500,000",낙찰,"270,550,000",83.2%,2024-10-31,2024_4Q,3
울산 5계 2022-110331,아파트,아파트,아파트,울산,북구,"울산 북구 중산동 546-6 ,546-7,546-8 대암훼미리 102동 1층 106호","70,000,000","34,300,000",낙찰,"42,150,000",60.2%,2024-10-22,2024_4Q,3
울산 9계 2022-110379,아파트,아파트,아파트,울산,남구,울산 남구 신정동 1623-49 드림펠리스 3층 301호,"253,000,000","177,100,000",낙찰,"228,000,000",90.1%,2024-12-11,2024_4Q,3
울산 5계 2022-110522(1),근린상가,근린상가,근린상가,울산,남구,울산 남구 매암동 1402 인스타어스빌딩 1층 101호,"1,423,000,000","697,270,000",낙찰,"996,100,000",70.0%,2024-11-26,2024_4Q,3
울산 5계 2022-110522(2),근린상가,근린상가,근린상가,울산,남구,울산 남구 매암동 1402 인스타어스빌딩 3층 301호,"622,000,000","435,400,000",낙찰,"435,400,000",70.0%,2024-10-22,2024_4Q,3
울산 5계 2022-110522(3),근린상가,근린상가,근린상가,울산,남구,울산 남구 매암동 1402 인스타어스빌딩 2층 201호,"919,000,000","450,310,000",낙찰,"643,300,000",70.0%,2024-11-26,2024_4Q,3
울산 3계 2022-112023,임야,임야,임야,울산,북구,울산 북구 어물동 산159,"749,754,000","126,011,000",낙찰,"137,620,000",18.4%,2024-07-02,2024_3Q,3
울산 6계 2022-112214,답,답,답,울산,울주군,울산 울주군 상북면 산전리 627,"2,739,488,000","460,426,000",낙찰,"671,666,600",24.5%,2024-12-04,2024_4Q,3
울산 7계 2022-112559,아파트,아파트,아파트,울산,울주군,울산 울주군 범서읍 천상리 645 신한천상다솜 101동 15층 1507호,"203,000,000","142,100,000",낙찰,"166,600,000",82.1%,2024-09-26,2024_3Q,3
울산 7계 2022-112672,아파트,아파트,아파트,울산,북구,울산 북구 명촌동 진장명촌토지구획정리지구115블럭1-1롯트 평창리비에르3차 311동 8층 805호,"282,000,000","282,000,000",낙찰,"285,200,000",101.1%,2024-10-31,2024_4Q,3
울산 9계 2022-112979,답,답,답,울산,북구,울산 북구 진장동 425,"3,923,018,000","1,345,595,000",낙찰,"2,995,000,000",76.3%,2024-10-02,2024_4Q,3
울산 9계 2022-113057,아파트,아파트,아파트,울산,남구,울산 남구 신정동 1101-3 부성 6층 602호,"539,000,000","264,110,000",낙찰,"358,888,000",66.6%,2024-07-17,2024_3Q,3
울산 9계 2023-998,답,답,답,울산,울주군,울산 울주군 언양읍 다개리 1-5,"764,478,000","183,552,000",낙찰,"184,000,000",24.1%,2024-07-17,2024_3Q,3
울산 5계 2023-1052,다세대,다세대주택,다세대,울산,울주군,울산 울주군 삼남읍 교동리 565-3 남주빌리지 주건축물 1동 1층 101호,"160,000,000","54,880,000",낙찰,"73,870,000",46.2%,2024-10-22,2024_4Q,3
울산 6계 2023-1076,다세대,다세대주택,다세대,울산,울주군,울산 울주군 삼남읍 교동리 565-3 남주빌리지 1동 2층 202호,"168,000,000","57,624,000",낙찰,"75,121,100",44.7%,2024-08-22,2024_3Q,3
울산 7계 2023-1083,다세대,다세대주택,다세대,울산,울주군,울산 울주군 삼남읍 교동리 565-3 남주빌리지 1동 3층 301호,"175,000,000","85,750,000",낙찰,"108,600,000",62.1%,2024-10-31,2024_4Q,3
울산 1계 2023-1410,임야,임야,임야,울산,울주군,울산 울주군 삼남읍 가천리 산252-5,"24,701,649","2,906,000",낙찰,"4,153,000",16.8%,2024-10-08,2024_4Q,3
울산 7계 2023-1625,숙박시설,숙박시설,숙박시설,울산,남구,울산 남구 삼산동 224-9,"5,194,169,760","3,635,919,000",낙찰,"4,830,000,000",93.0%,2024-10-31,2024_4Q,3
울산 7계 2023-1724,전,전,전,울산,북구,울산 북구 호계동 570-23,"679,124,000","332,771,000",낙찰,"350,000,000",51.5%,2024-10-31,2024_4Q,3
울산 7계 2023-2314,주상복합(주거),기타토지,기타토지,울산,동구,울산 동구 전하동 636-8 장보펠리스 3층 304호,"123,000,000","42,189,000",낙찰,"55,100,000",44.8%,2024-08-14,2024_3Q,3
울산 3계 2023-2352(2),다세대,다세대주택,다세대,울산,울주군,울산 울주군 웅촌면 대복리 316-2 대복빌라 B동 2층 202호,"52,000,000","12,485,000",낙찰,"13,000,000",25.0%,2024-08-06,2024_3Q,3
울산 7계 2023-2390,다세대,다세대주택,다세대,울산,울주군,울산 울주군 웅촌면 대복리 316-2 대복빌라 A동 3층 301호,"63,000,000","21,609,000",낙찰,"27,110,000",43.0%,2024-08-14,2024_3Q,3
울산 5계 2023-2444,창고,기타건물,창고,울산,울주군,울산 울주군 웅촌면 고연리 644-2 A동호,"98,853,280","16,615,000",낙찰,"27,100,000",27.4%,2024-10-22,2024_4Q,3
울산 6계 2023-2550,잡종지,잡종지,잡종지,울산,울주군,울산 울주군 상북면 명촌리 334-2,"6,758,854,710","2,318,287,000",낙찰,"3,311,800,000",49.0%,2024-07-18,2024_3Q,3
울산 7계 2023-2703,단독주택,단독,단독주택,울산,남구,울산 남구 신정동 1405-7,"88,252,830","43,244,000",낙찰,"43,744,000",49.6%,2024-08-14,2024_3Q,3
울산 4계 2023-2994,임야,임야,임야,울산,울주군,울산 울주군 삼동면 둔기리 산13,"795,817,000","133,753,000",낙찰,"141,230,000",17.7%,2024-08-13,2024_3Q,3
울산 9계 2023-3164,다세대,다세대주택,다세대,울산,동구,울산 동구 방어동 1160-4 해인골든비치 A동 5층 501호,"121,000,000","41,503,000",낙찰,"59,600,000",49.3%,2024-07-17,2024_3Q,3
울산 5계 2023-3355(2),창고,기타건물,창고,울산,북구,울산 북구 상안동 335-1,"201,487,000","98,729,000",낙찰,"127,870,000",63.5%,2024-10-22,2024_4Q,3
울산 1계 2023-3560,오피스텔(주거),오피스텔,오피스텔(업무용),울산,중구,울산 중구 성안동 872-9 썬시티빌 5층 502호,"216,000,000","105,840,000",낙찰,"118,000,000",54.6%,2024-07-30,2024_3Q,3
울산 5계 2023-3799(1),단독주택,단독,단독주택,울산,동구,울산 동구 전하동 690-8,"205,487,760","49,337,000",낙찰,"78,430,000",38.2%,2024-10-22,2024_4Q,3
울산 1계 2023-3911,답,답,답,울산,울주군,울산 울주군 온양읍 발리 708-1,"139,000,000","33,374,000",낙찰,"45,500,000",32.7%,2024-09-03,2024_3Q,3
울산 2계 2023-3928,근린상가,근린상가,근린상가,울산,중구,울산 중구 서동 612-7 굿프라임1 2층 202호,"395,000,000","66,388,000",낙찰,"75,600,000",19.1%,2024-11-20,2024_4Q,3
울산 9계 2023-4099,근린상가,근린상가,근린상가,울산,울주군,"울산 울주군 범서읍 중리 51-1 ,51-2,58-1 가동호","1,244,169,680","298,725,000",낙찰,"380,000,000",30.5%,2024-10-02,2024_4Q,3
울산 7계 2023-4273,전,전,전,울산,울주군,울산 울주군 서생면 신암리 18-1,"280,540,000","196,378,000",낙찰,"198,100,000",70.6%,2024-07-11,2024_3Q,3
울산 8계 2023-4280(1),주상복합(상가),기타토지,기타토지,울산,울주군,울산 울주군 범서읍 구영리 810-1 1동 지하1층 비01호,"222,000,000","76,146,000",낙찰,"77,210,000",34.8%,2024-07-04,2024_3Q,3
울산 8계 2023-4280(2),주상복합(상가),기타토지,기타토지,울산,울주군,울산 울주군 범서읍 구영리 810-1 1동 지하1층 비02호,"232,000,000","79,576,000",낙찰,"80,610,000",34.7%,2024-07-04,2024_3Q,3
울산 8계 2023-4280(3),주상복합(상가),기타토지,기타토지,울산,울주군,울산 울주군 범서읍 구영리 810-1 1동 지하1층 비03호,"328,000,000","112,504,000",낙찰,"113,510,000",34.6%,2024-07-04,2024_3Q,3
울산 8계 2023-4280(4),주상복합(상가),기타토지,기타토지,울산,울주군,울산 울주군 범서읍 구영리 810-1 1동 지하1층 비04호,"297,000,000","101,871,000",낙찰,"102,910,000",34.6%,2024-07-04,2024_3Q,3
울산 8계 2023-4280(5),주상복합(상가),기타토지,기타토지,울산,울주군,울산 울주군 범서읍 구영리 810-1 1동 지하1층 비05호,"179,000,000","61,397,000",낙찰,"62,410,000",34.9%,2024-07-04,2024_3Q,3
울산 8계 2023-4280(6),주상복합(상가),기타토지,기타토지,울산,울주군,울산 울주군 범서읍 구영리 810-1 1동 지하1층 비06호,"157,000,000","53,851,000",낙찰,"54,810,000",34.9%,2024-07-04,2024_3Q,3
울산 8계 2023-4280(7),주상복합(상가),기타토지,기타토지,울산,울주군,울산 울주군 범서읍 구영리 810-1 1동 지하1층 비07호,"259,000,000","88,837,000",낙찰,"102,510,000",39.6%,2024-07-04,2024_3Q,3
울산 1계 2023-4310,임야,임야,임야,울산,울주군,울산 울주군 온산읍 덕신리 103-9,"1,230,926,000","603,154,000",낙찰,"849,150,000",69.0%,2024-09-03,2024_3Q,3
울산 1계 2023-4433,근린상가,근린상가,근린상가,울산,중구,울산 중구 남외동 483-11 스카이엠빌딩 8층 802호,"719,000,000","246,617,000",낙찰,"476,660,000",66.3%,2024-07-30,2024_3Q,3
울산 4계 2023-4464,아파트형공장,공장(지식산업센터 업무시설),공장,울산,중구,울산 중구 서동 639 세영이노세븐지식산업센터 10층 B1024호,"120,000,000","41,160,000",낙찰,"60,880,000",50.7%,2024-08-13,2024_3Q,3
울산 3계 2023-4549(1),과수원,과수원,과수원,울산,울주군,울산 울주군 청량읍 문죽리 505-1,"969,450,000","332,522,000",낙찰,"385,000,000",39.7%,2024-09-10,2024_3Q,3
울산 3계 2023-4549(2),아파트,아파트,아파트,울산,남구,울산 남구 야음동 748-2 진달래가든 5층 509호,"145,000,000","71,050,000",낙찰,"102,330,000",70.6%,2024-09-10,2024_3Q,3
울산 7계 2023-4587,대지,나대지,나대지,울산,울주군,울산 울주군 온산읍 덕신리 563-3,"177,415,000","177,415,000",낙찰,"181,444,400",102.3%,2024-08-14,2024_3Q,3
울산 2계 2023-4631(1),아파트상가,아파트상가,근린상가,울산,남구,울산 남구 신정동 318 울산신정푸르지오 502동 2층 201호,"221,000,000","154,700,000",낙찰,"205,000,000",92.8%,2024-09-04,2024_3Q,3
울산 2계 2023-4631(2),아파트상가,아파트상가,근린상가,울산,남구,울산 남구 신정동 318 울산신정푸르지오 502동 2층 202호,"190,000,000","133,000,000",낙찰,"175,000,000",92.1%,2024-09-04,2024_3Q,3
울산 8계 2023-4877,점포,근린상가,점포상가,울산,울주군,울산 울주군 서생면 화산리 586-2 1동,"1,727,461,200","592,519,000",낙찰,"610,000,000",35.3%,2024-10-17,2024_4Q,3
울산 7계 2023-4990,하천,기타토지,기타토지,울산,북구,울산 북구 달천동 475-3,"17,404,410","12,183,000",낙찰,"13,130,000",75.4%,2024-08-14,2024_3Q,3
울산 9계 2023-5023,다가구,다가구,다가구,울산,울주군,울산 울주군 상북면 소호리 137-101,"100,339,200","34,416,000",낙찰,"51,178,900",51.0%,2024-11-06,2024_4Q,3
울산 8계 2023-5122,근린주택,근린주택,근린주택,울산,동구,울산 동구 화정동 878-5,"986,333,350","483,303,000",낙찰,"485,000,000",49.2%,2024-09-12,2024_3Q,3
울산 9계 2023-5139,주상복합(상가),기타토지,기타토지,울산,동구,울산 동구 화정동 866-1 동산프라자 1층 138호,"54,000,000","18,522,000",낙찰,"21,590,000",40.0%,2024-08-21,2024_3Q,3
울산 1계 2023-5184,근린상가,근린상가,근린상가,울산,중구,울산 중구 서동 602-1 경영빌딩 4층 401호,"251,000,000","86,093,000",낙찰,"111,000,000",44.2%,2024-07-30,2024_3Q,3
울산 2계 2023-5191(1),근린상가,근린상가,근린상가,울산,중구,울산 중구 서동 602-1 경영빌딩 2층 202호,"858,000,000","144,204,000",낙찰,"162,000,000",18.9%,2024-09-04,2024_3Q,3
울산 8계 2023-5269,전,전,전,울산,울주군,울산 울주군 웅촌면 검단리 206-5,"47,916,000","8,054,000",낙찰,"9,000,000",18.8%,2024-12-26,2024_4Q,3
울산 3계 2023-5382,다세대,다세대주택,다세대,울산,동구,울산 동구 방어동 900-6 다운주택 A동 3층 301호,"104,000,000","50,960,000",낙찰,"61,360,000",59.0%,2024-07-02,2024_3Q,3
울산 6계 2023-5412,연립,연립주택,연립·빌라,울산,중구,울산 중구 반구동 704-1 명동선라이즈빌라 2층 203호,"145,000,000","101,500,000",낙찰,"103,100,000",71.1%,2024-10-30,2024_4Q,3
울산 7계 2023-5573,아파트,아파트,아파트,울산,중구,울산 중구 교동 216-1 교동 A동 1층 101호,"240,000,000","117,600,000",낙찰,"168,100,000",70.0%,2024-12-05,2024_4Q,3
울산 8계 2023-5580,아파트,아파트,아파트,울산,북구,"울산 북구 천곡동 940-6 ,940-7,940-9 농소대동한마음타운 105동 8층 809호","92,000,000","45,080,000",낙찰,"62,660,000",68.1%,2024-10-17,2024_4Q,3
울산 9계 2023-5597,대지,나대지,나대지,울산,북구,울산 북구 산하동 976-4,"1,216,000,000","417,088,000",낙찰,"451,100,000",37.1%,2024-07-17,2024_3Q,3
울산 10계 2023-5603,대지,나대지,나대지,울산,북구,울산 북구 산하동 973-8,"1,698,675,000","407,852,000",낙찰,"585,090,000",34.4%,2024-10-10,2024_4Q,3
울산 1계 2023-5672,답,답,답,울산,울주군,울산 울주군 두서면 미호리 639-5,"755,760,000","181,458,000",낙찰,"202,778,800",26.8%,2024-09-03,2024_3Q,3
울산 6계 2023-5726,점포,근린상가,점포상가,울산,울주군,"울산 울주군 서생면 나사리 384-3 ,384-13,396-17 1동","2,580,311,000","885,047,000",낙찰,"1,330,000,000",51.5%,2024-09-25,2024_3Q,3
울산 6계 2023-5825,점포,근린상가,점포상가,울산,울주군,울산 울주군 두동면 봉계리 925-16,"99,331,440","16,694,000",낙찰,"17,000,000",17.1%,2024-09-25,2024_3Q,3
울산 2계 2023-5849,아파트,아파트,아파트,울산,중구,울산 중구 성안동 792-3 대협팔레스 102동 6층 601호,"182,000,000","127,400,000",낙찰,"164,900,000",90.6%,2024-11-20,2024_4Q,3
울산 8계 2023-5870,전,전,전,울산,울주군,울산 울주군 상북면 산전리 479-4,"118,500,000","58,065,000",낙찰,"67,065,111",56.6%,2024-07-04,2024_3Q,3
울산 8계 2023-6101,아파트,아파트,아파트,울산,동구,울산 동구 화정동 949 힐스테이트 이스턴베이 115동 27층 2702호,"301,000,000","210,700,000",낙찰,"288,538,000",95.9%,2024-07-04,2024_3Q,3
울산 4계 2023-6217(1),답,답,답,울산,울주군,울산 울주군 삼남읍 교동리 341-2,"618,120,000","212,015,000",낙찰,"265,455,000",42.9%,2024-11-05,2024_4Q,3
울산 7계 2023-6248,임야,임야,임야,울산,울주군,울산 울주군 언양읍 다개리 산133-10,"130,561,000","31,348,000",낙찰,"40,050,000",30.7%,2024-12-05,2024_4Q,3
울산 9계 2023-6262,근린상가,근린상가,근린상가,울산,북구,"울산 북구 산하동 979-1 ,979-2 1층 102호","306,000,000","149,940,000",낙찰,"171,000,000",55.9%,2024-07-17,2024_3Q,3
울산 10계 2023-6279(1),대지,나대지,나대지,울산,북구,울산 북구 무룡동 351-19,"303,876,000","104,229,000",낙찰,"156,000,000",51.3%,2024-07-25,2024_3Q,3
울산 10계 2023-6279(2),대지,나대지,나대지,울산,북구,울산 북구 무룡동 351-22,"308,448,000","105,798,000",낙찰,"158,900,000",51.5%,2024-07-25,2024_3Q,3
울산 9계 2023-6309,근린상가,근린상가,근린상가,울산,남구,"울산 남구 상개동 240 ,238","381,895,680","267,327,000",낙찰,"340,560,000",89.2%,2024-07-17,2024_3Q,3
울산 5계 2023-6354,근린상가,근린상가,근린상가,울산,남구,울산 남구 무거동 1545-5 우주빌딩 지하층 1호,"289,000,000","99,127,000",낙찰,"151,100,000",52.3%,2024-07-10,2024_3Q,3
울산 2계 2023-6460,다가구,다가구,다가구,울산,북구,울산 북구 연암동 297-15,"336,076,200","235,253,000",낙찰,"290,000,000",86.3%,2024-07-31,2024_3Q,3
울산 3계 2023-6477,근린상가,근린상가,근린상가,울산,북구,울산 북구 정자동 673,"751,859,600","526,302,000",낙찰,"560,888,000",74.6%,2024-09-10,2024_3Q,3
울산 1계 2023-6569,아파트,아파트,아파트,울산,북구,"울산 북구 매곡동 682 ,800-1 대하그린파크 103동 3층 305호","140,000,000","98,000,000",낙찰,"127,100,000",90.8%,2024-07-30,2024_3Q,3
울산 7계 2023-6675,답,답,답,울산,울주군,울산 울주군 삼남읍 가천리 105-5,"962,150,000","330,018,000",낙찰,"360,010,000",37.4%,2024-12-05,2024_4Q,3
울산 2계 2023-6682,아파트,아파트,아파트,울산,북구,"울산 북구 산하동 969-1 ,969-2 울산블루마시티서희스타힐스블루원 102동 8층 801호","320,000,000","224,000,000",낙찰,"251,204,247",78.5%,2024-07-31,2024_3Q,3
울산 6계 2023-6729,아파트,아파트,아파트,울산,동구,"울산 동구 방어동 120-10 ,120-11 등대국민 4층 505호","85,000,000","29,155,000",낙찰,"41,700,000",49.1%,2024-08-22,2024_3Q,3
울산 7계 2023-6736,임야,임야,임야,울산,울주군,울산 울주군 두동면 월평리 산40,"1,344,792,260","658,949,000",낙찰,"770,000,000",57.3%,2024-10-31,2024_4Q,3
울산 2계 2023-6811,답,답,답,울산,울주군,울산 울주군 웅촌면 검단리 1090-1,"153,374,000","75,153,000",낙찰,"91,110,000",59.4%,2024-07-31,2024_3Q,3
울산 1계 2023-7012,다세대,다세대주택,다세대,울산,울주군,울산 울주군 언양읍 서부리 260-13 참좋은가 주건축물 1동 3층 302호,"192,000,000","94,080,000",낙찰,"150,000,000",78.1%,2024-09-03,2024_3Q,3
울산 6계 2023-7142(1),오피스텔(주거),오피스텔,오피스텔(업무용),울산,울주군,울산 울주군 삼남읍 신화리 1611-2 울산태왕아너스퍼스티안 24층 2422호,"102,000,000","49,980,000",낙찰,"66,000,000",64.7%,2024-08-22,2024_3Q,3
울산 6계 2023-7142(2),오피스텔(주거),오피스텔,오피스텔(업무용),울산,울주군,울산 울주군 삼남읍 신화리 1611-2 울산태왕아너스퍼스티안 24층 2424호,"102,000,000","49,980,000",낙찰,"58,880,000",57.7%,2024-08-22,2024_3Q,3
울산 9계 2023-7166,아파트,아파트,아파트,울산,동구,울산 동구 동부동 350-1 아성오우션맨션 102동 5층 501호,"77,000,000","53,900,000",낙찰,"54,123,450",70.3%,2024-07-17,2024_3Q,3
울산 2계 2023-7234,답,답,답,울산,울주군,울산 울주군 온양읍 대안리 24-2,"132,456,880","92,720,000",낙찰,"94,300,000",71.2%,2024-10-16,2024_4Q,3
울산 1계 2023-7289,아파트,아파트,아파트,울산,남구,"울산 남구 달동 775-6 ,792-1,1373-2,1374-1 어울림 101동 13층 1301호","271,000,000","189,700,000",낙찰,"260,300,000",96.1%,2024-07-30,2024_3Q,3
울산 9계 2023-7531,연립,연립주택,연립·빌라,울산,북구,울산 북구 중산동 954 태웅그린빌라 4층 402호,"76,000,000","37,240,000",낙찰,"43,000,000",56.6%,2024-08-21,2024_3Q,3
울산 10계 2023-7548(1),근린상가,근린상가,근린상가,울산,남구,울산 남구 야음동 789-14 울산스퀘어 1층 101호,"2,382,000,000","817,026,000",낙찰,"951,989,000",40.0%,2024-12-19,2024_4Q,3
울산 10계 2023-7548(2),근린상가,근린상가,근린상가,울산,남구,울산 남구 야음동 789-14 울산스퀘어 3층 301호,"3,042,000,000","1,490,580,000",낙찰,"1,532,075,570",50.4%,2024-08-29,2024_3Q,3
울산 8계 2023-7579,전,전,전,울산,울주군,울산 울주군 온양읍 삼광리 566,"76,160,000","26,123,000",낙찰,"30,100,000",39.5%,2024-12-26,2024_4Q,3
울산 6계 2023-7845,아파트,아파트,아파트,울산,남구,울산 남구 옥동 196 한양코아 101동 15층 1503호,"349,000,000","349,000,000",낙찰,"388,888,800",111.4%,2024-08-22,2024_3Q,3
울산 8계 2023-7883,아파트,아파트,아파트,울산,동구,울산 동구 동부동 661 한신 1동 11층 1108호,"145,000,000","101,500,000",낙찰,"130,199,000",89.8%,2024-07-04,2024_3Q,3
울산 1계 2023-7920,임야,임야,임야,울산,울주군,울산 울주군 두서면 구량리 297-6,"37,980,000","13,027,000",낙찰,"15,987,000",42.1%,2024-11-19,2024_4Q,3
울산 5계 2023-7975,아파트,아파트,아파트,울산,울주군,울산 울주군 온양읍 망양리 794 이편한세상울산온양 111동 4층 402호,"288,000,000","201,600,000",낙찰,"251,100,009",87.2%,2024-07-10,2024_3Q,3
울산 7계 2023-8039,공장,공장(지식산업센터 업무시설),공장,울산,울주군,울산 울주군 삼남읍 신화리 751,"2,749,993,000","1,924,995,000",낙찰,"2,117,000,000",77.0%,2024-12-05,2024_4Q,3
울산 6계 2023-8046,대지,나대지,나대지,울산,북구,울산 북구 매곡동 922-14,"828,208,000","284,075,000",낙찰,"370,000,000",44.7%,2024-10-30,2024_4Q,3
울산 8계 2023-8060,답,답,답,울산,울주군,울산 울주군 온양읍 삼광리 156-3,"504,744,000","247,325,000",낙찰,"281,000,000",55.7%,2024-09-12,2024_3Q,3
울산 9계 2023-8077,아파트,아파트,아파트,울산,북구,울산 북구 염포동 61-1 염포현대 3층 313호,"71,000,000","49,700,000",낙찰,"51,500,000",72.5%,2024-08-21,2024_3Q,3
울산 8계 2023-8084,공장,공장(지식산업센터 업무시설),공장,울산,남구,"울산 남구 선암동 176-1 ,176-5 1동","2,656,049,500","1,859,235,000",낙찰,"2,040,000,000",76.8%,2024-10-17,2024_4Q,3
울산 2계 2023-8114(2),전,전,전,울산,울주군,울산 울주군 두서면 전읍리 36-6,"177,956,800","87,199,000",낙찰,"88,199,000",49.6%,2024-11-20,2024_4Q,3
울산 3계 2023-8121,아파트,아파트,아파트,울산,남구,울산 남구 무거동 927-6 남운그린힐 7층 716호,"105,000,000","73,500,000",낙찰,"87,181,210",83.0%,2024-07-02,2024_3Q,3
울산 6계 2023-8152,점포,근린상가,점포상가,울산,중구,울산 중구 다운동 587-2 가동,"1,759,375,920","1,231,563,000",낙찰,"1,251,563,000",71.1%,2024-09-25,2024_3Q,3
울산 1계 2023-8237,단독주택,단독,단독주택,울산,북구,울산 북구 호계동 571-1,"521,734,080","365,214,000",낙찰,"381,000,000",73.0%,2024-11-19,2024_4Q,3
울산 3계 2023-8251,다세대,다세대주택,다세대,울산,남구,울산 남구 무거동 1227-4 보국빌라 4층 401호,"75,000,000","25,725,000",낙찰,"33,111,000",44.1%,2024-09-10,2024_3Q,3
울산 5계 2023-8282(1),답,답,답,울산,울주군,울산 울주군 서생면 신암리 125,"573,126,000","280,832,000",낙찰,"345,000,000",60.2%,2024-08-20,2024_3Q,3
울산 5계 2023-8282(2),답,답,답,울산,울주군,울산 울주군 서생면 신암리 125-28,"125,452,000","61,471,000",낙찰,"75,000,000",59.8%,2024-08-20,2024_3Q,3
울산 6계 2023-8299,아파트,아파트,아파트,울산,중구,울산 중구 약사동 1101 약사아이파크 101동 13층 1301호,"589,000,000","412,300,000",낙찰,"590,300,000",100.2%,2024-07-18,2024_3Q,3
울산 3계 2023-8343,아파트,아파트,아파트,울산,동구,울산 동구 화정동 851 현대 703동 11층 1213호,"84,000,000","58,800,000",낙찰,"71,590,000",85.2%,2024-07-02,2024_3Q,3
울산 4계 2023-8350,아파트,아파트,아파트,울산,북구,"울산 북구 천곡동 674 ,1054-21 천곡웰빙 101동 2층 204호","118,000,000","82,600,000",낙찰,"102,500,000",86.9%,2024-07-09,2024_3Q,3
울산 4계 2023-8473,임야,임야,임야,울산,울주군,울산 울주군 웅촌면 대복리 31-25,"488,892,000","167,690,000",낙찰,"182,000,000",37.2%,2024-11-05,2024_4Q,3
울산 3계 2023-8626(1),대지,나대지,나대지,울산,울주군,울산 울주군 삼남읍 방기리 964-10,"481,854,600","236,109,000",낙찰,"240,000,000",49.8%,2024-09-10,2024_3Q,3
울산 3계 2023-8626(2),대지,나대지,나대지,울산,울주군,울산 울주군 삼남읍 방기리 964-17,"514,805,400","252,255,000",낙찰,"351,000,000",68.2%,2024-09-10,2024_3Q,3
울산 4계 2023-8633,임야,임야,임야,울산,울주군,울산 울주군 범서읍 사연리 산115-2,"103,587,980","50,758,000",낙찰,"50,800,000",49.0%,2024-11-05,2024_4Q,3
울산 7계 2023-8718,아파트,아파트,아파트,울산,북구,울산 북구 신천동 394-1 한라신천지타운 101동 10층 1014호,"105,000,000","73,500,000",낙찰,"75,100,000",71.5%,2024-09-26,2024_3Q,3
울산 3계 2023-8732,아파트,아파트,아파트,울산,북구,"울산 북구 중산동 533 ,546-1 대암훼미리 101동 6층 606호","85,000,000","59,500,000",낙찰,"69,190,000",81.4%,2024-07-02,2024_3Q,3
울산 4계 2023-8749,다세대,다세대주택,다세대,울산,울주군,울산 울주군 온산읍 덕신리 193-6 정보빌라 301호,"102,000,000","71,400,000",낙찰,"93,888,000",92.0%,2024-07-09,2024_3Q,3
울산 1계 2023-8794,아파트,아파트,아파트,울산,동구,"울산 동구 서부동 257-4 ,249-8 현대패밀리서부 113동 4층 402호","97,000,000","67,900,000",낙찰,"78,900,000",81.3%,2024-10-08,2024_4Q,3
울산 2계 2023-8817,전,전,전,울산,울주군,울산 울주군 청량읍 율리 1113,"690,356,000","690,356,000",낙찰,"721,120,000",104.5%,2024-10-16,2024_4Q,3
울산 8계 2023-8909,대지,나대지,나대지,울산,북구,울산 북구 염포동 1000-1,"269,144,000","131,881,000",낙찰,"161,050,000",59.8%,2024-08-08,2024_3Q,3
울산 10계 2023-8923,임야,임야,임야,울산,울주군,울산 울주군 웅촌면 은현리 산238-2,"82,600,000","6,802,000",낙찰,"10,101,000",12.2%,2024-11-14,2024_4Q,3
울산 9계 2023-8930(1),오피스텔,오피스텔,오피스텔(업무용),울산,남구,울산 남구 달동 881-10 쁘띠팔레드시티 2층 201호,"393,000,000","134,799,000",낙찰,"167,000,000",42.5%,2024-11-06,2024_4Q,3
울산 9계 2023-8930(2),오피스텔,오피스텔,오피스텔(업무용),울산,남구,울산 남구 달동 881-10 쁘띠팔레드시티 2층 202호,"292,000,000","100,156,000",낙찰,"125,550,000",43.0%,2024-11-06,2024_4Q,3
울산 6계 2023-8947,오피스텔(주거),오피스텔,오피스텔(업무용),울산,중구,울산 중구 남외동 508-1 삼환나우빌아파트2단지 105동 7층 702호,"100,000,000","34,300,000",낙찰,"34,500,000",34.5%,2024-09-25,2024_3Q,3
울산 10계 2023-8961,공장,공장(지식산업센터 업무시설),공장,울산,울주군,울산 울주군 삼남읍 방기리 964-8 1동호,"457,655,200","320,359,000",낙찰,"406,000,000",88.7%,2024-07-25,2024_3Q,3
울산 6계 2023-8985,아파트,아파트,아파트,울산,울주군,울산 울주군 온양읍 대안리 409-3 한그린 1층 103호,"85,000,000","41,650,000",낙찰,"57,860,000",68.1%,2024-08-22,2024_3Q,3
울산 2계 2023-9100,오피스텔(주거),오피스텔,오피스텔(업무용),울산,남구,"울산 남구 신정동 1230-9 ,1230-10 더위미 5층 501호","221,000,000","154,700,000",낙찰,"160,100,000",72.4%,2024-07-31,2024_3Q,3
울산 4계 2023-9223,오피스텔(주거),오피스텔,오피스텔(업무용),울산,남구,울산 남구 신정동 1875 극동스타클래스 4층 405호,"261,000,000","182,700,000",낙찰,"191,500,000",73.4%,2024-08-13,2024_3Q,3
울산 5계 2023-9230,오피스텔(주거),오피스텔,오피스텔(업무용),울산,남구,울산 남구 신정동 1875 극동스타클래스 5층 505호,"271,000,000","189,700,000",낙찰,"191,170,000",70.5%,2024-07-10,2024_3Q,3
울산 7계 2023-9254,주상복합(주거),기타토지,기타토지,울산,남구,울산 남구 달동 1364-1 울산센트럴자이 102동 26층 2602호,"529,000,000","370,300,000",낙찰,"471,100,000",89.1%,2024-10-31,2024_4Q,3
울산 3계 2023-9261,점포,근린상가,점포상가,울산,남구,울산 남구 야음동 795-7,"615,574,220","301,631,000",낙찰,"372,800,000",60.6%,2024-09-10,2024_3Q,3
울산 5계 2023-9292,아파트상가,아파트상가,근린상가,울산,중구,울산 중구 반구동 797-4 남경 102동 2층 202호,"120,000,000","58,800,000",낙찰,"66,100,000",55.1%,2024-08-20,2024_3Q,3
울산 2계 2023-9384,아파트,아파트,아파트,울산,북구,"울산 북구 천곡동 410-1 ,410-12,421-2,421-9,1030 쌍용아진그린타운4차 408동 6층 605호","95,000,000","66,500,000",낙찰,"72,760,000",76.6%,2024-07-31,2024_3Q,3
울산 4계 2023-9407,답,답,답,울산,울주군,울산 울주군 청량읍 문죽리 424,"207,754,000","71,260,000",낙찰,"93,600,000",45.1%,2024-12-10,2024_4Q,3
울산 5계 2023-9421,대지,나대지,나대지,울산,중구,울산 중구 학산동 11-30,"224,370,000","109,941,000",낙찰,"131,050,000",58.4%,2024-08-20,2024_3Q,3
울산 4계 2023-9445,과수원,과수원,과수원,울산,울주군,울산 울주군 서생면 신암리 130-9,"428,268,000","299,788,000",낙찰,"312,000,000",72.9%,2024-08-13,2024_3Q,3
울산 4계 2023-9506,다세대,다세대주택,다세대,울산,동구,울산 동구 방어동 1038-9 아산빌 5층 501호,"70,000,000","34,300,000",낙찰,"40,100,009",57.3%,2024-11-05,2024_4Q,3
울산 5계 2023-9513,아파트,아파트,아파트,울산,북구,울산 북구 매곡동 865 월드메르디앙 월드시티 210동 9층 903호,"422,000,000","295,400,000",낙찰,"349,990,000",82.9%,2024-07-10,2024_3Q,3
울산 6계 2023-9520,아파트,아파트,아파트,울산,동구,울산 동구 방어동 193-1 나래골든맨션 101동 11층 1101호,"100,000,000","100,000,000",낙찰,"100,500,000",100.5%,2024-07-18,2024_3Q,3
울산 6계 2023-9551,아파트,아파트,아파트,울산,북구,울산 북구 중산동 730 삼우타운 102동 12층 1212호,"64,000,000","44,800,000",낙찰,"45,810,000",71.6%,2024-12-04,2024_4Q,3
울산 5계 2023-9599,답,답,답,울산,울주군,울산 울주군 상북면 길천리 1033,"238,070,000","81,658,000",낙찰,"93,700,000",39.4%,2024-09-24,2024_3Q,3
울산 9계 2023-9636,오피스텔,오피스텔,오피스텔(업무용),울산,남구,울산 남구 삼산동 1478-3 더블리안 1동 10층 1002호,"140,000,000","68,600,000",낙찰,"74,670,000",53.3%,2024-10-02,2024_4Q,3
울산 2계 2023-9674,아파트,아파트,아파트,울산,남구,울산 남구 삼산동 324-15 한화꿈에그린 103동 16층 1604호,"585,000,000","409,500,000",낙찰,"491,000,100",83.9%,2024-10-16,2024_4Q,3
울산 5계 2023-9711,오피스텔(주거),오피스텔,오피스텔(업무용),울산,동구,울산 동구 방어동 928-25 도해노블빌 2층 202호,"105,000,000","36,015,000",낙찰,"41,989,000",40.0%,2024-11-26,2024_4Q,3
울산 6계 2023-9803,임야,임야,임야,울산,울주군,울산 울주군 상북면 천전리 산42-12,"120,547,000","59,068,000",낙찰,"69,730,300",57.8%,2024-12-04,2024_4Q,3
울산 4계 2023-9865,아파트,아파트,아파트,울산,남구,울산 남구 무거동 828-3 청구하이츠 8층 805호,"203,000,000","142,100,000",낙찰,"158,980,000",78.3%,2024-08-13,2024_3Q,3
울산 8계 2023-9933,답,답,답,울산,울주군,울산 울주군 두동면 봉계리 231-1,"60,816,000","14,602,000",낙찰,"14,612,000",24.0%,2024-11-21,2024_4Q,3
울산 2계 2023-10063(1),아파트,아파트,아파트,울산,동구,울산 동구 방어동 1064 현대중공업(주)외국인 104동 3층 302호,"372,000,000","182,280,000",낙찰,"219,100,000",58.9%,2024-11-20,2024_4Q,3
울산 3계 2023-10087,차량,기타토지,기타토지,울산,울주군,울산 울주군 언양읍 반천리 534 복산주차장내 보관,"22,000,000","15,400,000",낙찰,"18,370,000",83.5%,2024-08-06,2024_3Q,3
울산 3계 2023-10155,다세대,다세대주택,다세대,울산,남구,울산 남구 달동 582-8 동인아트빌2차 4층 401호,"168,000,000","82,320,000",낙찰,"103,700,000",61.7%,2024-09-10,2024_3Q,3
울산 1계 2023-10247,오피스텔(주거),오피스텔,오피스텔(업무용),울산,동구,울산 동구 방어동 928-25 도해노블빌 2층 206호,"101,000,000","34,643,000",낙찰,"35,100,000",34.8%,2024-11-19,2024_4Q,3
울산 1계 2023-10292,아파트,아파트,아파트,울산,북구,울산 북구 신천동 799 신천효성해링턴플레이스 105동 25층 2503호,"330,000,000","231,000,000",낙찰,"310,600,000",94.1%,2024-10-08,2024_4Q,3
울산 4계 2023-10322(2),전,전,전,울산,울주군,울산 울주군 서생면 위양리 537-1,"70,635,000","49,445,000",낙찰,"54,050,000",76.5%,2024-12-10,2024_4Q,3
울산 5계 2023-10339,과수원,과수원,과수원,울산,울주군,울산 울주군 서생면 신암리 126-10,"152,685,000","36,660,000",낙찰,"38,000,000",24.9%,2024-10-22,2024_4Q,3
울산 5계 2023-10414,다세대,다세대주택,다세대,울산,중구,울산 중구 성안동 401-11 햇님빌라 3층 301호,"121,000,000","84,700,000",낙찰,"95,410,000",78.9%,2024-07-10,2024_3Q,3
울산 5계 2023-10445,단독주택,단독,단독주택,울산,울주군,"울산 울주군 언양읍 구수리 347 ,348","423,792,840","296,655,000",낙찰,"351,000,000",82.8%,2024-07-10,2024_3Q,3
울산 4계 2023-10476,답,답,답,울산,울주군,울산 울주군 청량읍 율리 572,"118,038,000","82,627,000",낙찰,"93,280,000",79.0%,2024-12-10,2024_4Q,3
울산 5계 2023-10483(1),단독주택,단독,단독주택,울산,울주군,울산 울주군 온산읍 덕신리 103-4,"752,561,000","368,755,000",낙찰,"481,780,000",64.0%,2024-08-20,2024_3Q,3
울산 5계 2023-10483(2),임야,임야,임야,울산,울주군,울산 울주군 온산읍 덕신리 103-7,"903,168,000","442,553,000",낙찰,"555,580,000",61.5%,2024-08-20,2024_3Q,3
울산 4계 2023-10520,아파트,아파트,아파트,울산,동구,울산 동구 동부동 665 영진청구 102동 4층 403호,"122,000,000","85,400,000",낙찰,"92,390,000",75.7%,2024-11-05,2024_4Q,3
울산 1계 2023-10551,오피스텔(주거),오피스텔,오피스텔(업무용),울산,중구,울산 중구 남외동 508-1 삼환나우빌아파트2단지 105동 6층 602호,"100,000,000","70,000,000",낙찰,"73,999,000",74.0%,2024-10-08,2024_4Q,3
울산 10계 2023-10568(2),답,답,답,울산,북구,울산 북구 가대동 95,"554,508,000","190,196,000",낙찰,"253,320,000",45.7%,2024-10-10,2024_4Q,3
울산 10계 2023-10568(1),전,전,전,울산,북구,울산 북구 호계동 718-7,"407,820,000","199,832,000",낙찰,"201,100,000",49.3%,2024-10-10,2024_4Q,3
울산 2계 2023-10582,오피스텔,오피스텔,오피스텔(업무용),울산,남구,울산 남구 신정동 569-2 문수로드림파크 101동 4층 413호,"237,000,000","165,900,000",낙찰,"200,550,000",84.6%,2024-10-16,2024_4Q,3
울산 1계 2023-10599,아파트상가,아파트상가,근린상가,울산,북구,"울산 북구 매곡동 896 ,897 드림인시티에일린의뜰1차 상가동 지하1층 비20호","514,000,000","251,860,000",낙찰,"288,000,000",56.0%,2024-11-19,2024_4Q,3
울산 2계 2023-10605,아파트,아파트,아파트,울산,남구,울산 남구 신정동 319 강변센트럴하이츠 105동 15층 1502호,"780,000,000","546,000,000",낙찰,"726,180,000",93.1%,2024-10-16,2024_4Q,3
울산 5계 2023-10704,근린주택,근린주택,근린주택,울산,남구,울산 남구 신정동 145-33 1동,"961,846,990","471,305,000",낙찰,"634,520,000",66.0%,2024-09-24,2024_3Q,3
울산 7계 2023-10735,아파트,아파트,아파트,울산,동구,울산 동구 화정동 872-1 송정타워맨션1 C동 6층 608호,"95,000,000","66,500,000",낙찰,"71,120,000",74.9%,2024-10-31,2024_4Q,3
울산 8계 2023-10742,오피스텔(주거),오피스텔,오피스텔(업무용),울산,남구,울산 남구 삼산동 1478-3 더블리안 1동 15층 1501호,"135,000,000","46,305,000",낙찰,"66,500,000",49.3%,2024-10-17,2024_4Q,3
울산 1계 2023-10810,근린주택,근린주택,근린주택,울산,남구,울산 남구 무거동 1462-16,"659,842,540","323,323,000",낙찰,"457,600,000",69.3%,2024-12-24,2024_4Q,3
울산 8계 2023-10858,연립,연립주택,연립·빌라,울산,북구,울산 북구 양정동 539-4 양정빌라 2층 203호,"39,300,000","39,300,000",낙찰,"45,100,000",114.8%,2024-09-12,2024_3Q,3
울산 1계 2023-10964,아파트,아파트,아파트,울산,동구,울산 동구 방어동 480-7 백화맨션 6층 706호,"117,000,000","81,900,000",낙찰,"88,000,000",75.2%,2024-10-08,2024_4Q,3
울산 3계 2023-10988,아파트,아파트,아파트,울산,동구,"울산 동구 서부동 238-29 ,238-28 현대패밀리명덕 108동 5층 503호","147,000,000","102,900,000",낙찰,"106,890,000",72.7%,2024-09-10,2024_3Q,3
울산 8계 2023-11073,아파트,아파트,아파트,울산,동구,울산 동구 방어동 1064 현대중공업(주)외국인 104동 6층 601호,"311,000,000","217,700,000",낙찰,"218,155,800",70.1%,2024-09-12,2024_3Q,3
울산 7계 2023-11110,다세대,다세대주택,다세대,울산,중구,울산 중구 남외동 10-10 효성빌라 B동 3층 301호,"95,000,000","46,550,000",낙찰,"61,355,000",64.6%,2024-12-05,2024_4Q,3
울산 9계 2023-11158,오피스텔(주거),오피스텔,오피스텔(업무용),울산,중구,울산 중구 반구동 106-3 소담팰리스 2층 216호,"68,000,000","68,000,000",낙찰,"68,500,000",100.7%,2024-11-06,2024_4Q,3
울산 10계 2023-11233,임야,임야,임야,울산,남구,울산 남구 옥동 산130,"1,244,497,500","298,804,000",낙찰,"321,000,000",25.8%,2024-10-10,2024_4Q,3
울산 1계 2023-11240,아파트,아파트,아파트,울산,남구,"울산 남구 신정동 508-14 ,508-8 렉스프리미엄 1동 11층 1102호","267,000,000","186,900,000",낙찰,"235,000,001",88.0%,2024-10-08,2024_4Q,3
울산 2계 2023-11257,아파트,아파트,아파트,울산,북구,울산 북구 송정동 1237-2 울산송정반도유보라아이비파크 109동 16층 1601호,"591,000,000","413,700,000",낙찰,"542,010,000",91.7%,2024-10-16,2024_4Q,3
울산 3계 2023-11271,주상복합(주거),기타토지,기타토지,울산,남구,울산 남구 신정동 633-9 까르띠에 8층 801호,"366,000,000","256,200,000",낙찰,"282,538,000",77.2%,2024-09-10,2024_3Q,3
울산 4계 2023-11356,아파트,아파트,아파트,울산,중구,울산 중구 반구동 106-3 소담팰리스 6층 604호,"85,000,000","59,500,000",낙찰,"59,500,000",70.0%,2024-12-10,2024_4Q,3
울산 8계 2023-11431,오피스텔,오피스텔,오피스텔(업무용),울산,북구,울산 북구 구유동 232 신한정자 6층 603호,"75,000,000","52,500,000",낙찰,"65,000,000",86.7%,2024-09-12,2024_3Q,3
울산 8계 2023-11509,아파트,아파트,아파트,울산,중구,울산 중구 다운동 702 다운동아큰마을 101동 17층 1703호,"179,000,000","125,300,000",낙찰,"154,099,000",86.1%,2024-09-12,2024_3Q,3
울산 5계 2023-100416,임야,임야,임야,울산,울주군,울산 울주군 두서면 인보리 산174-1,"554,906,400","190,333,000",낙찰,"251,000,000",45.2%,2024-08-20,2024_3Q,3
울산 5계 2023-100508(2),아파트,아파트,아파트,울산,남구,울산 남구 삼산동 1605-3 현대문화 101동 5층 510호,"175,000,000","122,500,000",낙찰,"139,600,000",79.8%,2024-07-10,2024_3Q,3
울산 5계 2023-100669,아파트,아파트,아파트,울산,중구,울산 중구 복산동 671 신한그린맨션 9층 901호,"106,000,000","8,730,000",낙찰,"12,000,000",11.3%,2024-10-22,2024_4Q,3
울산 1계 2023-101280,근린상가,근린상가,근린상가,울산,북구,울산 북구 산하동 1001-3 센트럴플레이스 2층 201호,"566,000,000","135,897,000",낙찰,"400,000,000",70.7%,2024-07-30,2024_3Q,3
울산 7계 2023-102290,근린상가,근린상가,근린상가,울산,북구,울산 북구 산하동 999-2 오션파크 1동 5층 501호,"309,000,000","36,354,000",낙찰,"46,515,000",15.1%,2024-07-11,2024_3Q,3
울산 8계 2023-103750,주상복합(주거),기타토지,기타토지,울산,동구,울산 동구 화정동 856-6 1층 101호,"3,878,000,000","931,108,000",낙찰,"1,341,999,900",34.6%,2024-11-21,2024_4Q,3
울산 8계 2023-104555,아파트,아파트,아파트,울산,북구,울산 북구 효문동 1039 효문코오롱하늘채 107동 8층 802호,"331,000,000","231,700,000",낙찰,"320,001,000",96.7%,2024-07-04,2024_3Q,3
울산 6계 2023-104685,전,전,전,울산,울주군,울산 울주군 온양읍 발리 924,"21,080,000","5,061,000",낙찰,"10,900,000",51.7%,2024-09-25,2024_3Q,3
울산 9계 2023-104906,답,답,답,울산,울주군,울산 울주군 서생면 나사리 49,"824,972,000","404,236,000",낙찰,"425,300,000",51.6%,2024-07-17,2024_3Q,3
울산 7계 2023-105329,도로,기타토지,기타토지,울산,중구,울산 중구 동동 791-9,"12,800,000","3,073,000",낙찰,"3,100,000",24.2%,2024-09-26,2024_3Q,3
울산 9계 2023-105480,공장용지,공장(지식산업센터 업무시설),공장,울산,울주군,울산 울주군 두서면 활천리 817-3,"4,953,118,000","2,427,028,000",낙찰,"2,768,000,000",55.9%,2024-12-11,2024_4Q,3
울산 6계 2023-105633,아파트,아파트,아파트,울산,울주군,울산 울주군 온양읍 대안리 266-2 우주그린가든 102동 9층 905호,"152,000,000","74,480,000",낙찰,"90,180,000",59.3%,2024-10-30,2024_4Q,3
울산 9계 2023-105664,오피스텔(주거),오피스텔,오피스텔(업무용),울산,남구,"울산 남구 신정동 1230-9 ,1230-10 더위미 2층 201호","221,000,000","53,062,000",낙찰,"53,100,000",24.0%,2024-08-21,2024_3Q,3
울산 8계 2023-105732,임야,임야,임야,울산,울주군,울산 울주군 언양읍 다개리 산41,"32,988,500","11,315,000",낙찰,"13,210,000",40.0%,2024-07-04,2024_3Q,3
울산 9계 2023-105831,답,답,답,울산,울주군,울산 울주군 두동면 천전리 688,"338,109,000","115,971,000",낙찰,"160,000,000",47.3%,2024-07-17,2024_3Q,3
울산 7계 2023-106209,아파트,아파트,아파트,울산,중구,울산 중구 태화동 412-2 진영동부 105동 9층 902호,"392,000,000","192,080,000",낙찰,"251,990,000",64.3%,2024-07-11,2024_3Q,3
울산 3계 2023-106520,아파트,아파트,아파트,울산,울주군,울산 울주군 삼남읍 교동리 1678-1 우성스마트시티뷰 101동 24층 2404호,"402,000,000","281,400,000",낙찰,"356,109,990",88.6%,2024-09-10,2024_3Q,3
울산 8계 2023-106575,의료시설,병원,병원,울산,울주군,울산 울주군 언양읍 서부리 291-2 1층 108호,"253,000,000","86,779,000",낙찰,"108,880,000",43.0%,2024-09-12,2024_3Q,3
울산 7계 2023-106629,아파트,아파트,아파트,울산,북구,울산 북구 천곡동 1152 새천곡한신휴플러스 102동 2층 202호,"258,000,000","180,600,000",낙찰,"235,888,000",91.4%,2024-07-11,2024_3Q,3
울산 9계 2023-106643,숙박시설,숙박시설,숙박시설,울산,중구,울산 중구 학산동 75-26 엘레강스모텔,"5,654,850,500","1,939,614,000",낙찰,"3,100,000,000",54.8%,2024-12-11,2024_4Q,3
울산 4계 2023-106667,근린상가,근린상가,근린상가,울산,동구,울산 동구 전하동 639-8 전하동에스오션타워 4층 403호,"183,000,000","30,757,000",낙찰,"32,000,000",17.5%,2024-07-09,2024_3Q,3
울산 5계 2023-106674,오피스텔(주거),오피스텔,오피스텔(업무용),울산,남구,울산 남구 삼산동 187-5 내일네스트 9층 902호,"254,000,000","177,800,000",낙찰,"185,899,000",73.2%,2024-07-10,2024_3Q,3
울산 4계 2023-107011,아파트,아파트,아파트,울산,중구,울산 중구 유곡동 259 우정혁신도시1차동원로얄듀크 104동 16층 1605호,"473,000,000","473,000,000",낙찰,"473,100,000",100.0%,2024-08-13,2024_3Q,3
울산 7계 2023-107042,단독주택,단독,단독주택,울산,중구,울산 중구 다운동 602-3,"414,338,480","203,026,000",낙찰,"340,000,000",82.1%,2024-10-31,2024_4Q,3
울산 5계 2023-107547,임야,임야,임야,울산,울주군,울산 울주군 언양읍 다개리 519-84,"24,272,000","4,080,000",낙찰,"5,346,000",22.0%,2024-08-20,2024_3Q,3
울산 1계 2023-108052,오피스텔(주거),오피스텔,오피스텔(업무용),울산,동구,울산 동구 전하동 639-8 전하동에스오션타워 14층 1401호,"90,000,000","44,100,000",낙찰,"50,000,000",55.6%,2024-07-30,2024_3Q,3
울산 5계 2023-108083(1),도로,기타토지,기타토지,울산,남구,울산 남구 삼산동 1377-83,"100,387,265","11,810,000",낙찰,"11,810,000",11.8%,2024-11-26,2024_4Q,3
울산 4계 2023-108137,아파트,아파트,아파트,울산,북구,울산 북구 화봉동 1491-3 울산송정 푸르지오 101동 19층 1902호,"600,000,000","420,000,000",낙찰,"556,199,000",92.7%,2024-12-10,2024_4Q,3
울산 6계 2023-108250,다세대,다세대주택,다세대,울산,울주군,울산 울주군 웅촌면 대복리 316-2 대복빌라 A동 1층 101호,"60,000,000","20,580,000",낙찰,"27,279,000",45.5%,2024-08-22,2024_3Q,3
울산 7계 2023-108267,다세대,다세대주택,다세대,울산,울주군,울산 울주군 웅촌면 대복리 316-2 대복빌라 B동 3층 301호,"54,000,000","18,522,000",낙찰,"22,000,000",40.7%,2024-10-31,2024_4Q,3
울산 10계 2023-108298,아파트,아파트,아파트,울산,북구,울산 북구 효문동 1039 효문코오롱하늘채 107동 12층 1205호,"281,000,000","196,700,000",낙찰,"285,000,000",101.4%,2024-08-29,2024_3Q,3
울산 2계 2023-108533,아파트,아파트,아파트,울산,중구,울산 중구 장현동 191 에일린의뜰2차 113동 13층 1302호,"440,000,000","308,000,000",낙찰,"433,190,000",98.5%,2024-07-31,2024_3Q,3
울산 4계 2023-108557,오피스텔(주거),오피스텔,오피스텔(업무용),울산,남구,울산 남구 신정동 1875 극동스타클래스 4층 401호,"171,000,000","83,790,000",낙찰,"96,789,000",56.6%,2024-07-09,2024_3Q,3
울산 3계 2023-108724,오피스텔(주거),오피스텔,오피스텔(업무용),울산,남구,울산 남구 달동 881-10 쁘띠팔레드시티 6층 601호,"248,000,000","121,520,000",낙찰,"151,000,000",60.9%,2024-07-02,2024_3Q,3
울산 9계 2023-108908,아파트,아파트,아파트,울산,북구,울산 북구 명촌동 790-1 진장명촌지구내126블럭1-1롯트 평창리비에르2차 223동 14층 1401호,"348,000,000","243,600,000",낙찰,"343,678,000",98.8%,2024-07-17,2024_3Q,3
울산 10계 2023-109017,아파트,아파트,아파트,울산,중구,"울산 중구 성안동 871-3 ,871-4 희재베네스트빌 4층 401호","166,000,000","116,200,000",낙찰,"137,800,000",83.0%,2024-12-19,2024_4Q,3
울산 4계 2023-109055,임야,임야,임야,울산,울주군,울산 울주군 언양읍 반천리 426,"419,470,000","100,715,000",낙찰,"137,770,000",32.8%,2024-11-05,2024_4Q,3
울산 9계 2023-109116,임야,임야,임야,울산,울주군,울산 울주군 범서읍 척과리 582-26,"361,580,000","86,815,000",낙찰,"122,000,000",33.7%,2024-10-02,2024_4Q,3
울산 6계 2023-109154,주상복합(주거),기타토지,기타토지,울산,남구,울산 남구 달동 1364-1 울산센트럴자이 102동 28층 2802호,"525,000,000","367,500,000",낙찰,"470,000,000",89.5%,2024-12-04,2024_4Q,3
울산 9계 2023-109185,아파트,아파트,아파트,울산,남구,울산 남구 달동 1411 달동월드메르디앙 104동 1층 101호,"540,000,000","378,000,000",낙찰,"465,000,000",86.1%,2024-08-21,2024_3Q,3
울산 3계 2023-109437,연립,연립주택,연립·빌라,울산,중구,"울산 중구 성안동 829-7 ,829-13,829-14 헤리티지B 2층 203호","210,000,000","102,900,000",낙찰,"157,380,000",74.9%,2024-07-02,2024_3Q,3
울산 8계 2023-109482,아파트,아파트,아파트,울산,남구,"울산 남구 신정동 851-21 ,851-20,야음동 594-10,594-37,신정동 851-40 신정현대홈타운 301동 25층 2505호","383,000,000","268,100,000",낙찰,"361,055,000",94.3%,2024-07-04,2024_3Q,3
울산 10계 2023-109505(1),오피스텔,오피스텔,오피스텔(업무용),울산,울주군,울산 울주군 삼남읍 교동리 1678-3 울산역신도시동문디이스트 201동 5층 502호,"203,000,000","142,100,000",낙찰,"149,999,999",73.9%,2024-11-14,2024_4Q,3
울산 6계 2023-109673,아파트,아파트,아파트,울산,동구,"울산 동구 전하동 618 ,624 한라한빛타운 102동 1층 106호","265,000,000","185,500,000",낙찰,"193,400,000",73.0%,2024-12-04,2024_4Q,3
울산 7계 2023-109680,답,답,답,울산,북구,울산 북구 화봉동 1153-5,"445,916,000","218,499,000",낙찰,"263,232,900",59.0%,2024-10-31,2024_4Q,3
울산 8계 2023-109697,아파트,아파트,아파트,울산,북구,울산 북구 염포동 326 외24 염포성원상떼빌 121동 15층 1501호,"132,000,000","64,680,000",낙찰,"91,100,000",69.0%,2024-08-08,2024_3Q,3
울산 2계 2023-109734,아파트,아파트,아파트,울산,울주군,"울산 울주군 두동면 봉계리 618-2 ,618-3 화목팰리스 1동 10층 1002호","145,000,000","71,050,000",낙찰,"76,500,000",52.8%,2024-07-31,2024_3Q,3
울산 8계 2023-109888,다세대,다세대주택,다세대,울산,남구,울산 남구 무거동 1257-10 유림빌라 4층 501호,"22,800,000","11,172,000",낙찰,"15,500,000",68.0%,2024-08-08,2024_3Q,3
울산 1계 2023-109918,답,답,답,울산,울주군,울산 울주군 삼남읍 상천리 1028-11,"205,288,000","70,414,000",낙찰,"100,111,111",48.8%,2024-10-08,2024_4Q,3
울산 2계 2023-109970,오피스텔,오피스텔,오피스텔(업무용),울산,남구,"울산 남구 신정동 1880 ,1883,1884 태화강풍림엑슬루타워 오피스텔동 6층 602호","157,000,000","76,930,000",낙찰,"83,050,100",52.9%,2024-07-31,2024_3Q,3
울산 6계 2023-110024,아파트,아파트,아파트,울산,중구,"울산 중구 교동 181 ,112-1,112-2,112-3,113-1,113-2,179,411-11 전원 5층 505호","81,000,000","27,783,000",낙찰,"40,166,000",49.6%,2024-09-25,2024_3Q,3
울산 7계 2023-110031,창고용지,기타건물,창고,울산,북구,울산 북구 달천동 705-1,"258,704,000","181,093,000",낙찰,"270,000,000",104.4%,2024-10-31,2024_4Q,3
울산 1계 2023-110079,아파트,아파트,아파트,울산,남구,"울산 남구 옥동 191-58 ,191-59 성도 7층 706호","282,000,000","138,180,000",낙찰,"211,821,000",75.1%,2024-09-03,2024_3Q,3
울산 4계 2023-110208,임야,임야,임야,울산,울주군,울산 울주군 온산읍 화산리 산102-1,"70,910,400","11,918,000",낙찰,"20,200,000",28.5%,2024-12-10,2024_4Q,3
울산 2계 2023-110277(1),임야,임야,임야,울산,울주군,울산 울주군 서생면 화산리 산110-13,"43,560,000","21,344,000",낙찰,"25,550,000",58.7%,2024-07-31,2024_3Q,3
울산 1계 2023-110307,아파트,아파트,아파트,울산,남구,울산 남구 신정동 1401-15 신정동크로바 3동 4층 401호,"216,000,000","151,200,000",낙찰,"173,890,000",80.5%,2024-07-30,2024_3Q,3
울산 2계 2023-110413,아파트,아파트,아파트,울산,남구,울산 남구 야음동 591-2 영진 3층 305호,"21,000,000","14,700,000",낙찰,"16,277,000",77.5%,2024-07-31,2024_3Q,3
울산 5계 2023-110444,대지,나대지,나대지,울산,동구,울산 동구 방어동 462-2,"11,676,000","8,173,000",낙찰,"8,173,000",70.0%,2024-09-24,2024_3Q,3
울산 4계 2023-110505,답,답,답,울산,울주군,울산 울주군 삼남읍 교동리 656-1,"454,650,000","155,945,000",낙찰,"181,788,800",40.0%,2024-11-05,2024_4Q,3
울산 5계 2023-110512,답,답,답,울산,울주군,울산 울주군 삼남읍 상천리 295-2,"201,807,000","69,220,000",낙찰,"84,474,900",41.9%,2024-11-26,2024_4Q,3
울산 1계 2023-110673,아파트,아파트,아파트,울산,울주군,울산 울주군 범서읍 굴화리 6-1 굴화주공강변그린빌3단지 304동 3층 302호,"468,000,000","327,600,000",낙찰,"382,210,673",81.7%,2024-07-30,2024_3Q,3
울산 7계 2023-110703,대지,나대지,나대지,울산,동구,울산 동구 일산동 953-1,"75,819,500","37,152,000",낙찰,"51,250,000",67.6%,2024-12-05,2024_4Q,3
울산 3계 2023-110758,다세대,다세대주택,다세대,울산,중구,울산 중구 성안동 499-8 힐링파크 2층 301호,"121,000,000","84,700,000",낙찰,"98,100,000",81.1%,2024-09-10,2024_3Q,3
울산 3계 2023-110857,근린상가,근린상가,근린상가,울산,북구,울산 북구 산하동 971-6 3층 303호,"259,000,000","62,186,000",낙찰,"62,186,000",24.0%,2024-11-27,2024_4Q,3
울산 10계 2023-110901,선박,기타토지,기타토지,울산,동구,울산 동구 방어동 175-6 방어진공동어시장앞바다((제3자울산수협) 보관,"607,725,000","102,141,000",낙찰,"146,500,000",24.1%,2024-07-25,2024_3Q,3
울산 4계 2023-110956,답,답,답,울산,울주군,울산 울주군 두서면 차리 31,"151,635,000","52,011,000",낙찰,"55,777,888",36.8%,2024-08-13,2024_3Q,3
울산 4계 2023-110994,임야,임야,임야,울산,울주군,울산 울주군 상북면 지내리 산78,"450,555,600","154,540,000",낙찰,"201,110,000",44.6%,2024-11-05,2024_4Q,3
울산 6계 2023-111010,아파트,아파트,아파트,울산,중구,울산 중구 서동 62-4 구룡골든맨션 7층 704호,"110,000,000","53,900,000",낙찰,"79,500,000",72.3%,2024-08-22,2024_3Q,3
울산 7계 2023-111027,단독주택,단독,단독주택,울산,남구,울산 남구 야음동 402-12,"45,909,740","22,496,000",낙찰,"30,370,000",66.2%,2024-12-05,2024_4Q,3
울산 3계 2023-111126,아파트,아파트,아파트,울산,중구,"울산 중구 다운동 620 ,515-20 다운동삼성 103동 2층 206호","251,000,000","175,700,000",낙찰,"193,800,000",77.2%,2024-08-06,2024_3Q,3
울산 5계 2023-111140,오피스텔(주거),오피스텔,오피스텔(업무용),울산,중구,울산 중구 태화동 37-7 리버스위트 12층 1202호,"185,000,000","90,650,000",낙찰,"116,550,000",63.0%,2024-07-10,2024_3Q,3
울산 10계 2023-111164(3),주상복합(주거),기타토지,기타토지,울산,남구,울산 남구 신정동 480-1 지움포유 14층 1401호,"232,000,000","113,680,000",낙찰,"205,599,000",88.6%,2024-07-25,2024_3Q,3
울산 6계 2023-111225,아파트,아파트,아파트,울산,북구,울산 북구 달천동 1-5 달천아이파크1차 114동 4층 401호,"350,000,000","245,000,000",낙찰,"323,190,000",92.3%,2024-10-30,2024_4Q,3
울산 10계 2023-111294(2),근린상가,근린상가,근린상가,울산,울주군,울산 울주군 삼남읍 교동리 1678-3 울산역신도시동문디이스트 301동 1층 130호,"559,000,000","134,216,000",낙찰,"141,686,980",25.3%,2024-10-10,2024_4Q,3
울산 2계 2023-111317,아파트,아파트,아파트,울산,남구,울산 남구 신정동 1909 대공원대명루첸 102동 29층 2902호,"700,000,000","700,000,000",낙찰,"705,000,000",100.7%,2024-09-04,2024_3Q,3
울산 3계 2023-111324,아파트,아파트,아파트,울산,중구,울산 중구 복산동 186-2 남운럭키맨션 4동 14층 1407호,"152,000,000","106,400,000",낙찰,"130,399,999",85.8%,2024-09-10,2024_3Q,3
울산 1계 2023-111362(3),오피스텔(주거),오피스텔,오피스텔(업무용),울산,중구,울산 중구 반구동 55-5 반구동파크오시오 14층 1402호,"104,000,000","72,800,000",낙찰,"73,170,000",70.4%,2024-12-24,2024_4Q,3
울산 1계 2023-111362(8),오피스텔(주거),오피스텔,오피스텔(업무용),울산,중구,울산 중구 반구동 55-5 반구동파크오시오 13층 1301호,"104,000,000","72,800,000",낙찰,"73,170,000",70.4%,2024-12-24,2024_4Q,3
울산 9계 2023-111416,묘지,기타토지,기타토지,울산,울주군,울산 울주군 온산읍 삼평리 1449-1,"120,015,000","41,166,000",낙찰,"51,000,000",42.5%,2024-08-21,2024_3Q,3
울산 8계 2023-111539,임야,임야,임야,울산,울주군,울산 울주군 두동면 구미리 산261-2,"71,424,000","12,004,000",낙찰,"16,600,000",23.2%,2024-11-21,2024_4Q,3
울산 4계 2023-111591,아파트,아파트,아파트,울산,북구,울산 북구 화봉동 1492-2 울산송정한라비발디캠퍼스 102동 4층 401호,"506,000,000","354,200,000",낙찰,"543,800,000",107.5%,2024-07-09,2024_3Q,3
울산 7계 2023-111621,답,답,답,울산,울주군,울산 울주군 상북면 등억알프스리 390-7,"617,634,520","617,634,520",낙찰,"645,100,000",104.4%,2024-07-11,2024_3Q,3
울산 8계 2023-111638,아파트,아파트,아파트,울산,남구,울산 남구 무거동 927-6 남운그린힐 13층 1301호,"112,000,000","78,400,000",낙찰,"87,366,380",78.0%,2024-08-08,2024_3Q,3
울산 5계 2023-111652,아파트,아파트,아파트,울산,울주군,울산 울주군 온양읍 대안리 575 럭키남창 1동 10층 1012호,"88,000,000","61,600,000",낙찰,"80,020,000",90.9%,2024-08-20,2024_3Q,3
울산 9계 2023-111706,공장,공장(지식산업센터 업무시설),공장,울산,울주군,울산 울주군 삼남읍 가천리 866-13,"640,514,440","448,360,000",낙찰,"456,000,000",71.2%,2024-08-21,2024_3Q,3
울산 5계 2023-111751,전,전,전,울산,울주군,울산 울주군 범서읍 구영리 255-1,"211,670,380","148,169,000",낙찰,"148,270,000",70.0%,2024-09-24,2024_3Q,3
울산 7계 2023-111775,오피스텔(주거),오피스텔,오피스텔(업무용),울산,울주군,울산 울주군 삼남읍 신화리 1611-2 울산태왕아너스퍼스티안 22층 2212호,"102,000,000","49,980,000",낙찰,"70,300,000",68.9%,2024-10-31,2024_4Q,3
울산 6계 2023-111812,아파트,아파트,아파트,울산,북구,"울산 북구 천곡동 940-6 ,940-7,940-9,940-14 농소대동한마음타운 103동 16층 1603호","103,000,000","72,100,000",낙찰,"75,705,000",73.5%,2024-09-25,2024_3Q,3
울산 10계 2023-111935,임야,임야,임야,울산,울주군,울산 울주군 언양읍 평리 434,"1,041,554,000","357,253,000",낙찰,"451,999,000",43.4%,2024-08-29,2024_3Q,3
울산 9계 2023-112136,아파트,아파트,아파트,울산,울주군,울산 울주군 온양읍 대안리 750 울산온양일동미라주 105동 7층 701호,"351,000,000","245,700,000",낙찰,"288,280,000",82.1%,2024-08-21,2024_3Q,3
울산 1계 2023-112211,아파트,아파트,아파트,울산,중구,울산 중구 반구동 679 이편한세상강변 111동 1층 106호,"468,000,000","327,600,000",낙찰,"441,979,200",94.4%,2024-09-03,2024_3Q,3
울산 5계 2023-112259(1),근린상가,근린상가,근린상가,울산,중구,울산 중구 우정동 512-5 우정혁신타워 4층 404호,"492,000,000","241,080,000",낙찰,"280,000,000",56.9%,2024-07-10,2024_3Q,3
울산 1계 2023-112303,사무실,사무실,사무실,울산,중구,"울산 중구 학성동 468-7 ,468-8 프리미엄빌리지 8층 802호","266,000,000","130,340,000",낙찰,"181,190,000",68.1%,2024-10-08,2024_4Q,3
울산 9계 2023-112365,아파트,아파트,아파트,울산,중구,"울산 중구 반구동 290-2 ,292,297-4 한라그랜드맨션 7층 705호","135,000,000","94,500,000",낙찰,"120,055,000",88.9%,2024-08-21,2024_3Q,3
울산 4계 2023-112495,아파트,아파트,아파트,울산,울주군,울산 울주군 범서읍 천상리 646 한라그린피스맨션 102동 1층 103호,"105,000,000","73,500,000",낙찰,"78,750,000",75.0%,2024-08-13,2024_3Q,3
울산 3계 2023-112631,대지,나대지,나대지,울산,북구,울산 북구 신천동 814-7,"3,987,819,000","1,954,031,000",낙찰,"2,120,000,000",53.2%,2024-09-10,2024_3Q,3
울산 9계 2023-112679,다세대,다세대주택,다세대,울산,남구,울산 남구 무거동 1259-4 정민빌라 4층 402호,"70,000,000","24,010,000",낙찰,"36,110,000",51.6%,2024-12-11,2024_4Q,3
울산 3계 2023-112921,주상복합(주거),기타토지,기타토지,울산,동구,울산 동구 전하동 449-6 전하동정림명가의아침 1동 7층 701호,"200,000,000","140,000,000",낙찰,"170,999,000",85.5%,2024-08-06,2024_3Q,3
울산 2계 2023-112990,임야,임야,임야,울산,울주군,울산 울주군 범서읍 중리 산28,"123,691,000","60,609,000",낙찰,"62,589,000",50.6%,2024-11-20,2024_4Q,3
울산 5계 2023-113023,아파트,아파트,아파트,울산,남구,울산 남구 무거동 833-1 선경 4층 405호,"144,000,000","100,800,000",낙찰,"116,499,900",80.9%,2024-07-10,2024_3Q,3
울산 9계 2023-113061,다세대,다세대주택,다세대,울산,남구,울산 남구 야음동 564 석정빌라 3층 301호,"118,000,000","57,820,000",낙찰,"60,199,990",51.0%,2024-10-02,2024_4Q,3
울산 6계 2023-113108,아파트,아파트,아파트,울산,남구,울산 남구 삼산동 324-15 한화꿈에그린 105동 2층 201호,"559,000,000","391,300,000",낙찰,"476,388,000",85.2%,2024-08-22,2024_3Q,3
울산 9계 2023-113238,아파트,아파트,아파트,울산,중구,울산 중구 학성동 156-2 금강 2층 209호,"157,000,000","109,900,000",낙찰,"114,444,456",72.9%,2024-08-21,2024_3Q,3
울산 2계 2023-113351,차량,기타토지,기타토지,울산,남구,울산 남구 두왕동 453-7 현대주차장내 보관,"8,500,000","5,950,000",낙찰,"8,595,000",101.1%,2024-07-31,2024_3Q,3
울산 1계 2023-113405,아파트,아파트,아파트,울산,중구,울산 중구 성안동 405-12 아드리아3차 2층 201호,"188,000,000","131,600,000",낙찰,"171,660,000",91.3%,2024-09-03,2024_3Q,3
울산 7계 2023-113429,다세대,다세대주택,다세대,울산,남구,울산 남구 신정동 690-6 좋은집 동선빌라 1층 102호,"342,000,000","239,400,000",낙찰,"252,000,000",73.7%,2024-10-31,2024_4Q,3
울산 2계 2023-113481,오피스텔,오피스텔,오피스텔(업무용),울산,중구,울산 중구 성안동 400-4 아이리스2차 2층 201호,"258,000,000","126,420,000",낙찰,"173,300,000",67.2%,2024-09-04,2024_3Q,3
울산 4계 2023-113597,아파트,아파트,아파트,울산,남구,울산 남구 옥동 1385-4 도성타운 16동 5층 503호,"191,000,000","133,700,000",낙찰,"146,071,990",76.5%,2024-11-05,2024_4Q,3
울산 1계 2023-113702,아파트,아파트,아파트,울산,동구,"울산 동구 전하동 660-1 ,660-11 울산전하푸르지오 103동 16층 1605호","494,000,000","345,800,000",낙찰,"461,356,000",93.4%,2024-09-03,2024_3Q,3
울산 2계 2023-113719,주상복합(주거),기타토지,기타토지,울산,남구,"울산 남구 신정동 535-3 ,535-12,535-14 세한신정프리빌II 1동 10층 1001호","281,000,000","196,700,000",낙찰,"251,870,000",89.6%,2024-09-04,2024_3Q,3
울산 9계 2023-113818,주상복합(주거),기타토지,기타토지,울산,동구,"울산 동구 방어동 220-2 ,218-3,220-4,220-5 에스코빌세븐 8층 801호","163,000,000","114,100,000",낙찰,"121,000,000",74.2%,2024-11-06,2024_4Q,3
울산 2계 2023-113917,오피스텔(주거),오피스텔,오피스텔(업무용),울산,남구,울산 남구 신정동 627-3 더렉스 4층 401호,"210,000,000","102,900,000",낙찰,"125,000,000",59.5%,2024-11-20,2024_4Q,3
울산 5계 2023-114101,다세대,다세대주택,다세대,울산,울주군,울산 울주군 삼남읍 교동리 1588-4 9층 902호,"146,000,000","102,200,000",낙찰,"127,410,000",87.3%,2024-08-20,2024_3Q,3
울산 6계 2023-114118,오피스텔(주거),오피스텔,오피스텔(업무용),울산,남구,"울산 남구 신정동 580-1 ,580-18 신정센텀메르빌 11층 1102호","239,000,000","117,110,000",낙찰,"135,000,000",56.5%,2024-10-30,2024_4Q,3
울산 4계 2023-114231,과수원,과수원,과수원,울산,북구,울산 북구 효문동 130,"141,522,700","69,346,000",낙찰,"75,999,900",53.7%,2024-12-10,2024_4Q,3
울산 5계 2023-114248,아파트,아파트,아파트,울산,동구,울산 동구 화정동 645-1 신원그린빌 12층 1201호,"161,000,000","78,890,000",낙찰,"114,150,000",70.9%,2024-08-20,2024_3Q,3
울산 5계 2023-114354,아파트,아파트,아파트,울산,울주군,"울산 울주군 청량읍 삼정리 755 ,755-4,755-5,755-7,753-3,901 쌍용하나빌리지 107동 8층 803호","167,000,000","116,900,000",낙찰,"136,900,000",82.0%,2024-07-10,2024_3Q,3
울산 6계 2023-114361,차량,기타토지,기타토지,울산,울주군,"울산 울주군 언양읍 반천리 534 복산주차장(제3자이성학,010-3852-4467)내 보관","22,000,000","15,400,000",낙찰,"18,150,000",82.5%,2024-07-18,2024_3Q,3
울산 10계 2023-114453,단독주택,단독,단독주택,울산,중구,울산 중구 태화동 893-2,"189,445,120","64,980,000",낙찰,"81,210,000",42.9%,2024-07-25,2024_3Q,3
울산 1계 2023-114460,전,전,전,울산,북구,울산 북구 신현동 630-2,"190,431,000","65,318,000",낙찰,"65,318,000",34.3%,2024-12-24,2024_4Q,3
울산 7계 2023-114491,아파트,아파트,아파트,울산,북구,"울산 북구 천곡동 410-1 ,410-12,421-2,421-9,1030 쌍용아진그린타운4차 405동 14층 1405호","212,000,000","148,400,000",낙찰,"161,600,000",76.2%,2024-10-31,2024_4Q,3
울산 10계 2023-114521,임야,임야,임야,울산,울주군,울산 울주군 두서면 전읍리 산213,"303,827,700","35,745,000",낙찰,"47,574,500",15.7%,2024-12-19,2024_4Q,3
울산 1계 2023-114538,아파트,아파트,아파트,울산,중구,울산 중구 태화동 431-10 전원타운 3동 4층 406호,"172,000,000","172,000,000",낙찰,"187,090,000",108.8%,2024-09-03,2024_3Q,3
울산 2계 2023-114613,주상복합(주거),기타토지,기타토지,울산,북구,울산 북구 명촌동 진장명촌지구118블럭6롯트 엘리제빌2차 9층 902호,"153,000,000","107,100,000",낙찰,"133,497,000",87.3%,2024-09-04,2024_3Q,3
울산 1계 2023-114729,다세대,다세대주택,다세대,울산,중구,울산 중구 반구동 237-24 한울빌라 1동 4층 401호,"125,000,000","61,250,000",낙찰,"75,275,200",60.2%,2024-11-19,2024_4Q,3
울산 6계 2023-114750,아파트,아파트,아파트,울산,중구,울산 중구 남외동 1028-7 경진 나동 2층 205호,"90,000,000","63,000,000",낙찰,"76,780,000",85.3%,2024-12-04,2024_4Q,3
울산 2계 2023-114781,아파트,아파트,아파트,울산,동구,울산 동구 화정동 949 힐스테이트 이스턴베이 111동 2층 202호,"376,000,000","263,200,000",낙찰,"347,000,000",92.3%,2024-09-04,2024_3Q,3
울산 9계 2023-114859,아파트,아파트,아파트,울산,남구,울산 남구 야음동 564-4 우방유화 1동 6층 606호,"194,000,000","135,800,000",낙찰,"168,800,000",87.0%,2024-11-06,2024_4Q,3
울산 7계 2023-114903,아파트,아파트,아파트,울산,북구,울산 북구 매곡동 855 매곡푸르지오2단지 203동 3층 303호,"133,000,000","93,100,000",낙찰,"114,921,200",86.4%,2024-10-31,2024_4Q,3
울산 8계 2023-115012,아파트,아파트,아파트,울산,동구,울산 동구 화정동 949 힐스테이트 이스턴베이 103동 8층 803호,"362,000,000","253,400,000",낙찰,"335,820,000",92.8%,2024-08-08,2024_3Q,3
울산 9계 2023-115029,아파트,아파트,아파트,울산,중구,울산 중구 복산동 186-2 남운럭키맨션 1동 14층 1410호,"227,000,000","158,900,000",낙찰,"180,828,200",79.7%,2024-11-06,2024_4Q,3
울산 4계 2023-115159,아파트,아파트,아파트,울산,동구,"울산 동구 전하동 640-1 ,641-1 전하아이파크 107동 3층 303호","363,000,000","254,100,000",낙찰,"350,007,777",96.4%,2024-12-10,2024_4Q,3
울산 8계 2023-115302,근린상가,근린상가,근린상가,울산,울주군,"울산 울주군 범서읍 천상리 300 ,312,313 센트로시티 2층 204호","348,000,000","119,364,000",낙찰,"123,210,000",35.4%,2024-12-26,2024_4Q,3
울산 6계 2023-115456,아파트,아파트,아파트,울산,북구,울산 북구 상안동 358-1 쌍용아진그린타운 105동 2층 201호,"123,000,000","86,100,000",낙찰,"107,207,000",87.2%,2024-10-30,2024_4Q,3
울산 2계 2023-115524,아파트,아파트,아파트,울산,남구,울산 남구 야음동 596-5 동서그린맨션 13층 1305호,"208,000,000","145,600,000",낙찰,"155,237,550",74.6%,2024-10-16,2024_4Q,3
울산 4계 2023-115708,아파트,아파트,아파트,울산,북구,울산 북구 중산동 730 삼우타운 101동 15층 1507호,"62,800,000","43,960,000",낙찰,"45,812,000",72.9%,2024-11-05,2024_4Q,3
울산 8계 2023-115746,아파트,아파트,아파트,울산,동구,울산 동구 화정동 161-1 대송현대 203동 3층 301호,"149,000,000","104,300,000",낙찰,"105,790,000",71.0%,2024-09-12,2024_3Q,3
울산 5계 2023-115814,대지,나대지,나대지,울산,울주군,울산 울주군 삼남읍 교동리 1708-9,"851,760,000","596,232,000",낙찰,"650,000,000",76.3%,2024-07-10,2024_3Q,3
울산 6계 2023-115821,아파트,아파트,아파트,울산,동구,"울산 동구 서부동 398-6 ,398-9,398-62,398-63 아름 2층 206호","81,000,000","39,690,000",낙찰,"48,100,900",59.4%,2024-12-04,2024_4Q,3
울산 5계 2023-115944,아파트,아파트,아파트,울산,중구,"울산 중구 성안동 863-9 ,863-10 오블리제 5층 602호","254,000,000","177,800,000",낙찰,"231,100,000",91.0%,2024-07-10,2024_3Q,3
울산 5계 2023-116046,아파트,아파트,아파트,울산,울주군,울산 울주군 온양읍 망양리 794 이편한세상울산온양 103동 18층 1804호,"256,000,000","179,200,000",낙찰,"209,925,550",82.0%,2024-08-20,2024_3Q,3
울산 2계 2023-116107,묘지,기타토지,기타토지,울산,울주군,울산 울주군 웅촌면 대대리 1452,"19,854,000","11,813,000",낙찰,"11,813,000",59.5%,2024-11-20,2024_4Q,3
울산 4계 2023-116121,아파트,아파트,아파트,울산,남구,울산 남구 신정동 1845-1 서강파크 4층 408호,"419,000,000","293,300,000",낙찰,"321,500,000",76.7%,2024-12-10,2024_4Q,3
울산 2계 2023-116251,전,전,전,울산,울주군,울산 울주군 삼동면 작동리 130-3,"35,848,260","25,094,000",낙찰,"29,090,000",81.1%,2024-10-16,2024_4Q,3
울산 8계 2023-116367,아파트,아파트,아파트,울산,북구,울산 북구 화봉동 1492-2 울산송정한라비발디캠퍼스 103동 20층 2004호,"532,000,000","532,000,000",낙찰,"536,210,000",100.8%,2024-10-17,2024_4Q,3
울산 1계 2023-116398,아파트,아파트,아파트,울산,남구,"울산 남구 신정동 508-11 ,508-4,508-5 대상웰리움 4층 403호","270,000,000","189,000,000",낙찰,"225,000,000",83.3%,2024-10-08,2024_4Q,3
울산 9계 2023-116442,연립,연립주택,연립·빌라,울산,남구,울산 남구 신정동 1839-1 청운 3층 307호,"138,000,000","96,600,000",낙찰,"131,230,000",95.1%,2024-11-06,2024_4Q,3
울산 10계 2023-116459(1),대지,나대지,나대지,울산,북구,울산 북구 호계동 1010-10,"22,542,300","11,046,000",낙찰,"11,099,000",49.2%,2024-10-10,2024_4Q,3
울산 1계 2023-116466(1),주상복합(주거),기타토지,기타토지,울산,남구,울산 남구 삼산동 1537-16 세원위 2층 201호,"189,000,000","64,827,000",낙찰,"100,100,000",53.0%,2024-12-24,2024_4Q,3
울산 1계 2023-116466(2),주상복합(주거),기타토지,기타토지,울산,남구,울산 남구 삼산동 1537-16 세원위 2층 202호,"285,000,000","139,650,000",낙찰,"152,000,000",53.3%,2024-11-19,2024_4Q,3
울산 1계 2023-116466(4),주상복합(상가),기타토지,기타토지,울산,남구,울산 남구 삼산동 1537-16 세원위 2층 204호,"647,000,000","221,921,000",낙찰,"228,000,000",35.2%,2024-12-24,2024_4Q,3
울산 6계 2023-116824,아파트,아파트,아파트,울산,중구,울산 중구 성안동 371-2 벽산이빌리지 101동 9층 903호,"230,000,000","112,700,000",낙찰,"190,000,000",82.6%,2024-12-04,2024_4Q,3
울산 1계 2023-116886,아파트,아파트,아파트,울산,울주군,울산 울주군 상북면 천전리 532-19 경동청구타운 104동 6층 601호,"81,000,000","56,700,000",낙찰,"60,799,000",75.1%,2024-10-08,2024_4Q,3
울산 3계 2024-209,아파트,아파트,아파트,울산,남구,"울산 남구 옥동 129-6 ,131-26,140-10 대공원현대 101동 11층 1104호","292,000,000","204,400,000",낙찰,"273,199,000",93.6%,2024-09-10,2024_3Q,3
울산 8계 2024-407,아파트,아파트,아파트,울산,남구,울산 남구 무거동 834 현대문수팰리스 10층 1002호,"419,000,000","293,300,000",낙찰,"368,240,205",87.9%,2024-10-17,2024_4Q,3
울산 1계 2024-490,아파트,아파트,아파트,울산,남구,"울산 남구 신정동 1880 ,1883,1884 태화강풍림엑슬루타워 A동 29층 2904호","605,000,000","423,500,000",낙찰,"484,500,000",80.1%,2024-11-19,2024_4Q,3
울산 4계 2024-520,주상복합(주거),기타토지,기타토지,울산,울주군,울산 울주군 언양읍 동부리 252-6 대승하이츠빌라1차 3층 302호,"166,000,000","116,200,000",낙찰,"116,999,999",70.5%,2024-12-10,2024_4Q,3
울산 1계 2024-841,오피스텔(주거),오피스텔,오피스텔(업무용),울산,남구,울산 남구 신정동 569-2 문수로드림파크 101동 13층 1309호,"164,000,000","114,800,000",낙찰,"126,000,999",76.8%,2024-12-24,2024_4Q,3
울산 8계 2024-1028,아파트,아파트,아파트,울산,울주군,울산 울주군 청량읍 율리 1472-1 문수데시앙1단지 104동 17층 1704호,"320,000,000","224,000,000",낙찰,"311,580,000",97.4%,2024-11-21,2024_4Q,3
울산 1계 2024-1189,아파트,아파트,아파트,울산,울주군,울산 울주군 삼남읍 교동리 840-2 대진그린피아 1동 2층 209호,"136,000,000","95,200,000",낙찰,"108,090,000",79.5%,2024-12-24,2024_4Q,3
울산 8계 2024-1349,주상복합(주거),기타토지,기타토지,울산,동구,울산 동구 방어동 508 장보아이빌 3층 304호,"179,000,000","125,300,000",낙찰,"142,400,000",79.6%,2024-11-21,2024_4Q,3
울산 10계 2024-1363,아파트,아파트,아파트,울산,남구,울산 남구 신정동 1577-8 청실 1층 107호,"353,000,000","247,100,000",낙찰,"290,000,000",82.2%,2024-10-10,2024_4Q,3
울산 8계 2024-1493,대지,나대지,나대지,울산,울주군,울산 울주군 언양읍 반곡리 551,"166,520,000","81,595,000",낙찰,"92,000,000",55.2%,2024-12-26,2024_4Q,3
울산 10계 2024-1578,아파트,아파트,아파트,울산,중구,울산 중구 약사동 1101 약사아이파크 108동 3층 301호,"426,000,000","298,200,000",낙찰,"397,700,000",93.4%,2024-10-10,2024_4Q,3
울산 10계 2024-1738,아파트,아파트,아파트,울산,남구,울산 남구 달동 1378-3 달동신한원룸 10층 1011호,"75,000,000","36,750,000",낙찰,"54,110,000",72.1%,2024-11-14,2024_4Q,3
울산 10계 2024-1813,오피스텔,오피스텔,오피스텔(업무용),울산,남구,울산 남구 삼산동 1612-2 나인파크삼산 13층 1305호,"235,000,000","164,500,000",낙찰,"167,000,000",71.1%,2024-11-14,2024_4Q,3
울산 3계 2024-1837,오피스텔(주거),오피스텔,오피스텔(업무용),울산,남구,울산 남구 삼산동 1478-3 더블리안 1동 14층 1401호,"135,000,000","94,500,000",낙찰,"120,000,000",88.9%,2024-11-27,2024_4Q,3
울산 8계 2024-1868,아파트,아파트,아파트,울산,북구,"울산 북구 매곡동 532 ,542-23,542-24,542-25 매곡현대 101동 2층 202호","83,000,000","58,100,000",낙찰,"77,190,000",93.0%,2024-11-21,2024_4Q,3
울산 3계 2024-2076,아파트,아파트,아파트,울산,중구,울산 중구 성안동 855-3 경동햇빛마을 202동 3층 307호,"164,000,000","114,800,000",낙찰,"149,675,999",91.3%,2024-10-15,2024_4Q,3
울산 10계 2024-2144,아파트,아파트,아파트,울산,중구,울산 중구 복산동 671 신한그린맨션 1층 105호,"154,000,000","107,800,000",낙찰,"136,666,000",88.7%,2024-11-14,2024_4Q,3
울산 2계 2024-2359,차량,기타토지,기타토지,울산,울주군,울산 울주군 언양읍 반천리 534 복산주차장내 보관(제3자 이성학에게 보관),"24,000,000","16,800,000",낙찰,"21,100,000",87.9%,2024-10-16,2024_4Q,3
울산 10계 2024-2557,아파트,아파트,아파트,울산,남구,울산 남구 신정동 1603-5 우수 1층 105호,"190,000,000","133,000,000",낙찰,"162,500,000",85.5%,2024-11-14,2024_4Q,3
울산 4계 2024-3420,차량,기타토지,기타토지,울산,울주군,울산 울주군 언양읍 반천리 534 복산주차장내보관,"37,000,000","25,900,000",낙찰,"28,100,000",75.9%,2024-08-13,2024_3Q,3
울산 5계 2024-3567(1),차량,기타토지,기타토지,울산,울주군,울산 울주군 언양읍 반천리 534 내 보관,"11,000,000","7,700,000",낙찰,"9,130,000",83.0%,2024-08-20,2024_3Q,3
울산 5계 2024-3567(2),차량,기타토지,기타토지,울산,울주군,울산 울주군 언양읍 반천리 534 내 보관,"9,000,000","6,300,000",낙찰,"6,780,000",75.3%,2024-08-20,2024_3Q,3
울산 3계 2024-3703,아파트,아파트,아파트,울산,북구,"울산 북구 천곡동 940-1 ,940-15 우방 101동 9층 911호","67,000,000","46,900,000",낙찰,"62,000,000",92.5%,2024-11-27,2024_4Q,3
울산 1계 2024-100109,다세대,다세대주택,다세대,울산,울주군,울산 울주군 온산읍 덕신리 439-5 창조빌라 4층 402호,"53,000,000","25,970,000",낙찰,"31,990,000",60.4%,2024-11-19,2024_4Q,3
울산 10계 2024-100185,오피스텔(주거),오피스텔,오피스텔(업무용),울산,남구,울산 남구 달동 881-10 쁘띠팔레드시티 3층 302호,"238,000,000","57,144,000",낙찰,"60,000,000",25.2%,2024-12-19,2024_4Q,3
울산 10계 2024-100277,주상복합(주거),기타토지,기타토지,울산,동구,울산 동구 일산동 456-9 삼성힐스파크 9층 902호,"330,000,000","231,000,000",낙찰,"238,899,000",72.4%,2024-07-25,2024_3Q,3
울산 3계 2024-100314,아파트,아파트,아파트,울산,북구,울산 북구 산하동 977-1 블루마시티효성해링턴플레이스2단지 203동 10층 1003호,"210,000,000","147,000,000",낙찰,"191,110,000",91.0%,2024-10-15,2024_4Q,3
울산 1계 2024-100437,아파트,아파트,아파트,울산,동구,울산 동구 방어동 934-1 다운6차 4층 505호,"150,000,000","73,500,000",낙찰,"101,199,900",67.5%,2024-12-24,2024_4Q,3
울산 9계 2024-100581,임야,임야,임야,울산,울주군,울산 울주군 언양읍 반송리 344-21,"3,168,000","3,168,000",낙찰,"3,170,000",100.1%,2024-12-11,2024_4Q,3
울산 6계 2024-100703,차량,기타토지,기타토지,울산,울주군,울산 울주군 언양읍 반천리 534 복산주차장(제3자이성학)내 보관,"45,000,000","31,500,000",낙찰,"36,000,000",80.0%,2024-07-18,2024_3Q,3
울산 1계 2024-100758,다세대,다세대주택,다세대,울산,중구,울산 중구 반구동 781-20 선진빌라 4층 401호,"145,000,000","71,050,000",낙찰,"100,000,000",69.0%,2024-12-24,2024_4Q,3
울산 8계 2024-100796,아파트,아파트,아파트,울산,울주군,울산 울주군 청량읍 상남리 878-1 울주상남골드클래스 103동 20층 2002호,"331,000,000","231,700,000",낙찰,"284,800,000",86.0%,2024-10-17,2024_4Q,3
울산 1계 2024-100895,아파트,아파트,아파트,울산,울주군,울산 울주군 삼남읍 방기리 565-2 삼아 102동 5층 508호,"52,000,000","36,400,000",낙찰,"75,000,000",144.2%,2024-12-24,2024_4Q,3
울산 2계 2024-100901,아파트,아파트,아파트,울산,울주군,울산 울주군 범서읍 굴화리 758 울산문수산더샵 109동 22층 2202호,"506,000,000","354,200,000",낙찰,"462,675,000",91.4%,2024-11-20,2024_4Q,3
울산 8계 2024-101102,아파트,아파트,아파트,울산,동구,"울산 동구 전하동 301-24 ,301-25,301-44,301-53 전하현대홈타운 102동 2층 202호","266,000,000","186,200,000",낙찰,"195,100,000",73.3%,2024-10-17,2024_4Q,3
울산 8계 2024-101201,아파트,아파트,아파트,울산,울주군,울산 울주군 범서읍 구영리 211-1 호반베르디움 101동 3층 301호,"363,000,000","254,100,000",낙찰,"342,400,700",94.3%,2024-10-17,2024_4Q,3
울산 7계 2024-101331,차량,기타토지,기타토지,울산,울주군,울산 울주군 언양읍 반천리 534 복산주차장(이성학(010-3852-4467))내 보관,"9,500,000","4,655,000",낙찰,"5,100,000",53.7%,2024-08-14,2024_3Q,3
울산 10계 2024-101362,숙박시설,숙박시설,숙박시설,울산,남구,울산 남구 무거동 1523-1,"2,751,057,260","1,348,018,000",낙찰,"1,424,050,000",51.8%,2024-10-10,2024_4Q,3
울산 1계 2024-101669,차량,기타토지,기타토지,울산,남구,울산 남구 두왕동 453-7 현대주차장내 보관,"14,500,000","10,150,000",낙찰,"11,610,000",80.1%,2024-10-08,2024_4Q,3
울산 6계 2024-101751,아파트,아파트,아파트,울산,남구,울산 남구 옥동 183 고려청구파크 7층 709호,"230,000,000","161,000,000",낙찰,"181,750,000",79.0%,2024-12-04,2024_4Q,3
울산 6계 2024-102051,차량,기타토지,기타토지,울산,남구,울산 남구 두왕동 453-7 현대주차장(제3자손영숙)내 보관,"6,700,000","3,283,000",낙찰,"5,299,999",79.1%,2024-09-25,2024_3Q,3
울산 10계 2024-102099,오피스텔(주거),오피스텔,오피스텔(업무용),울산,남구,울산 남구 달동 881-10 쁘띠팔레드시티 11층 1101호,"263,000,000","128,870,000",낙찰,"161,590,000",61.4%,2024-10-10,2024_4Q,3
울산 1계 2024-102266,차량,기타토지,기타토지,울산,남구,울산 남구 두왕동 453-7 현대주차장(제3자 손영숙)내 보관,"7,000,000","4,900,000",낙찰,"5,880,000",84.0%,2024-09-03,2024_3Q,3
울산 3계 2024-102327,다세대,다세대주택,다세대,울산,울주군,울산 울주군 삼남읍 방기리 591-1 아람방기빌라 A동 4층 402호,"57,000,000","27,930,000",낙찰,"37,288,000",65.4%,2024-11-27,2024_4Q,3
울산 3계 2024-102426,다세대,다세대주택,다세대,울산,울주군,울산 울주군 언양읍 서부리 242-7 아침뜰안빌라 2층 에이201호,"165,000,000","80,850,000",낙찰,"116,999,000",70.9%,2024-11-27,2024_4Q,3
울산 10계 2024-102693,아파트,아파트,아파트,울산,동구,"울산 동구 전하동 640-1 ,641-1 전하아이파크 109동 16층 1601호","350,000,000","245,000,000",낙찰,"326,100,000",93.2%,2024-10-10,2024_4Q,3
울산 1계 2024-102709(2),아파트,아파트,아파트,울산,남구,울산 남구 달동 578-1 번영로코아루더클래식 1동 28층 2802호,"464,000,000","324,800,000",낙찰,"374,300,000",80.7%,2024-12-24,2024_4Q,3
울산 10계 2024-102839,아파트,아파트,아파트,울산,북구,울산 북구 중산동 622 현대 201동 20층 2009호,"108,000,000","75,600,000",낙찰,"78,999,999",73.1%,2024-10-10,2024_4Q,3
울산 3계 2024-102877,오피스텔(주거),오피스텔,오피스텔(업무용),울산,남구,"울산 남구 선암동 선암1지구12블럭5롯트,선암지구1지구12블럭5-1롯트 드림하우스빌 6층 602호","181,000,000","88,690,000",낙찰,"126,798,800",70.1%,2024-11-27,2024_4Q,3
울산 10계 2024-103115,아파트,아파트,아파트,울산,북구,울산 북구 매곡동 895 드림인시티에일린의뜰2차 206동 20층 2001호,"445,000,000","311,500,000",낙찰,"414,550,000",93.2%,2024-10-10,2024_4Q,3
울산 3계 2024-103337,아파트,아파트,아파트,울산,남구,울산 남구 선암동 723 선암에코하이츠 105동 20층 2001호,"412,000,000","288,400,000",낙찰,"391,234,567",95.0%,2024-10-15,2024_4Q,3
울산 3계 2024-103412,공장,공장(지식산업센터 업무시설),공장,울산,울주군,울산 울주군 온양읍 외광리 745-4,"2,308,408,000","1,615,886,000",낙찰,"2,280,000,000",98.8%,2024-11-27,2024_4Q,3
울산 3계 2024-103429,아파트,아파트,아파트,울산,동구,울산 동구 방어동 1113 정림 8층 804호,"116,000,000","81,200,000",낙찰,"90,790,000",78.3%,2024-10-15,2024_4Q,3
울산 2계 2024-103498,아파트,아파트,아파트,울산,동구,울산 동구 동부동 산146-7 현대하이야트맨션 201동 3층 309호,"87,000,000","60,900,000",낙찰,"63,690,000",73.2%,2024-11-20,2024_4Q,3
울산 10계 2024-103696,차량,기타토지,기타토지,울산,울주군,울산 울주군 언양읍 반천리 534 복산주차장내 보관(제3자 이성학에게 보관),"18,000,000","12,600,000",낙찰,"18,020,000",100.1%,2024-10-10,2024_4Q,3
울산 7계 2024-104088,차량,기타토지,기타토지,울산,울주군,울산 울주군 언양읍 반천리 534 복산주차장(제3자이성학)내 보관,"12,000,000","8,400,000",낙찰,"9,783,000",81.5%,2024-08-14,2024_3Q,3
울산 3계 2024-104217,아파트,아파트,아파트,울산,북구,울산 북구 산하동 968-2 힐스테이트강동 103동 4층 401호,"317,000,000","221,900,000",낙찰,"252,697,000",79.7%,2024-11-27,2024_4Q,3
울산 3계 2024-104354,단독주택,단독,단독주택,울산,중구,울산 중구 태화동 853-4,"414,750,810","290,326,000",낙찰,"333,880,000",80.5%,2024-11-27,2024_4Q,3
울산 3계 2024-104583,아파트,아파트,아파트,울산,울주군,울산 울주군 범서읍 천상리 268 문수애시앙 107동 19층 1903호,"530,000,000","371,000,000",낙찰,"430,000,000",81.1%,2024-11-27,2024_4Q,3
울산 1계 2024-104743,차량,기타토지,기타토지,울산,울주군,울산 울주군 언양읍 반천리 534 북산주차장내 보관(제3자 이성학 보관),"28,000,000","19,600,000",낙찰,"24,120,000",86.1%,2024-07-30,2024_3Q,3
울산 2계 2024-104750,차량,기타토지,기타토지,울산,남구,울산 남구 두왕동 453-7 현대주차장(제3자 손영숙)내 보관,"19,500,000","13,650,000",낙찰,"16,289,900",83.5%,2024-07-31,2024_3Q,3
울산 9계 2024-104866,차량,기타토지,기타토지,울산,울주군,울산 울주군 언양읍 반천리 534 복산주차장내 보관(제3자 이성학에게 보관),"25,000,000","17,500,000",낙찰,"19,500,000",78.0%,2024-08-21,2024_3Q,3
울산 10계 2024-105081,아파트,아파트,아파트,울산,남구,"울산 남구 신정동 1676 ,1675-6,1675-7,1635-26 대공원아이파크 202동 3층 308호","250,000,000","175,000,000",낙찰,"210,050,000",84.0%,2024-12-19,2024_4Q,3
울산 7계 2024-105128,차량,기타토지,기타토지,울산,남구,울산 남구 두왕동 453-7 현대주차장내 보관(제3자 손영숙에게 보관),"8,500,000","4,165,000",낙찰,"5,589,000",65.8%,2024-10-31,2024_4Q,3
울산 8계 2024-105449,아파트,아파트,아파트,울산,울주군,"울산 울주군 범서읍 천상리 324-2 ,324-15,324-27 경동태원하이빌 107동 11층 1108호","111,000,000","77,700,000",낙찰,"93,300,000",84.1%,2024-12-26,2024_4Q,3
울산 8계 2024-105470,차량,기타토지,기타토지,울산,남구,울산 남구 두왕동 453-7 현대주차장내 보관,"16,000,000","11,200,000",낙찰,"13,600,000",85.0%,2024-09-12,2024_3Q,3
울산 8계 2024-105753,주상복합(주거),기타토지,기타토지,울산,남구,"울산 남구 상개동 산110-1 ,산109-1 크로바전원빌라 1동 2층 205호","165,000,000","115,500,000",낙찰,"135,000,000",81.8%,2024-12-26,2024_4Q,3
울산 1계 2024-106992,차량,기타토지,기타토지,울산,울주군,울산 울주군 언양읍 반천리 534 내 보관(제3자 이성학에게 보관),"22,000,000","15,400,000",낙찰,"20,143,000",91.6%,2024-10-08,2024_4Q,3
울산 2계 2024-107643,차량,기타토지,기타토지,울산,울주군,울산 울주군 언양읍 반천리 534 내 보관(제3자 이성학에게 보관),"21,000,000","14,700,000",낙찰,"18,800,000",89.5%,2024-09-04,2024_3Q,3
울산 5계 2024-107988,차량,기타토지,기타토지,울산,울주군,울산 울주군 언양읍 반천리 534 복산주차장내 보관,"10,000,000","10,000,000",낙찰,"10,010,000",100.1%,2024-09-24,2024_3Q,3
울산 10계 2024-108189,차량,기타토지,기타토지,울산,울주군,울산 울주군 언양읍 반천리 534 내 보관,"27,000,000","18,900,000",낙찰,"22,832,000",84.6%,2024-12-19,2024_4Q,3
울산 3계 2024-108264,아파트,아파트,아파트,울산,북구,울산 북구 신천동 486-1 호계청구타운 101동 12층 1203호,"132,000,000","92,400,000",낙찰,"100,300,000",76.0%,2024-11-27,2024_4Q,3
울산 9계 2024-108608,차량,기타토지,기타토지,울산,남구,울산 남구 두왕동 453-7 현대주차장내 보관(제3자 손영숙에게 보관),"16,500,000","11,550,000",낙찰,"13,780,000",83.5%,2024-11-06,2024_4Q,3
울산 9계 2024-108806,차량,기타토지,기타토지,울산,중구,울산 중구 약사동 633-10 주차장내 보관(채권자 현대캐피탈(주)에게 보관),"25,000,000","17,500,000",낙찰,"21,580,000",86.3%,2024-11-06,2024_4Q,3
울산 5계 2024-109380,차량,기타토지,기타토지,울산,울주군,울산 울주군 언양읍 반천리 534 복산주차장(제3자이성학)내 보관,"18,000,000","12,600,000",낙찰,"16,830,000",93.5%,2024-11-26,2024_4Q,3
울산 2계 2024-109458,차량,기타토지,기타토지,울산,울주군,울산 울주군 언양읍 반천리 534 복산주차장내 보관(제3자 이성학에게 보관),"16,000,000","11,200,000",낙찰,"12,733,000",79.6%,2024-11-20,2024_4Q,3
울산 4계 2024-109588,차량,기타토지,기타토지,울산,울주군,울산 울주군 언양읍 반천리 534 복산주차장내 보관,"40,000,000","28,000,000",낙찰,"34,411,000",86.0%,2024-12-10,2024_4Q,3
울산 6계 2024-109670,차량,기타토지,기타토지,울산,울주군,울산 울주군 언양읍 반천리 534 복산주차장내 보관(제3자이성학에게보관),"15,000,000","10,500,000",낙찰,"11,000,000",73.3%,2024-12-04,2024_4Q,3
울산 10계 2024-109717,차량,기타토지,기타토지,울산,울주군,울산 울주군 언양읍 반천리 534 내 보관,"8,500,000","5,950,000",낙찰,"6,720,000",79.1%,2024-12-19,2024_4Q,3
울산 2계 2024-110618,차량,기타토지,기타토지,울산,울주군,울산 울주군 언양읍 반천리 534 복산주차장내 보관(제3자 이성학에게 보관),"22,000,000","22,000,000",낙찰,"22,010,000",100.0%,2024-10-16,2024_4Q,3
울산 3계 2024-112188,차량,기타토지,기타토지,울산,울주군,울산 울주군 언양읍 반천리 534 복산주차장내 보관,"43,000,000","30,100,000",낙찰,"36,500,000",84.9%,2024-11-27,2024_4Q,3
울산 3계 2024-113488,차량,기타토지,기타토지,울산,울주군,울산 울주군 언양읍 반천리 534 복산주차장내 보관,"23,000,000","16,100,000",낙찰,"20,500,000",89.1%,2024-11-27,2024_4Q,3
울산 4계 2020-100668,공장,공장(지식산업센터 업무시설),공장,울산,울주군,"울산 울주군 웅촌면 대복리 490-3 ,-4 A동","2,891,920,300","1,417,041,000",낙찰,"1,750,000,000",60.5%,2025-02-18,2025_1Q,3
울산 3계 2021-7872(2),임야,임야,임야,울산,울주군,울산 울주군 상북면 등억알프스리 산37-5,"180,288,000","30,301,000",낙찰,"36,666,000",20.3%,2025-03-18,2025_1Q,2
울산 3계 2021-8301(2),전,전,전,울산,북구,울산 북구 무룡동 527-2,"64,824,000","31,764,000",낙찰,"31,764,000",49.0%,2025-02-11,2025_1Q,3
울산 1계 2022-2683,공장,공장(지식산업센터 업무시설),공장,울산,북구,"울산 북구 대안동 277-1 ,277-2,277-3,277-6","14,006,552,760","9,804,587,000",낙찰,"10,211,000,000",72.9%,2025-01-21,2025_1Q,3
울산 4계 2022-4528,근린상가,근린상가,근린상가,울산,울주군,울산 울주군 삼남읍 교동리 1626-7,"1,018,093,340","349,206,000",낙찰,"505,880,000",49.7%,2025-04-29,2025_2Q,2
울산 1계 2022-5828,다세대,다세대주택,다세대,울산,북구,울산 북구 염포동 88-1 세우빌라 1층 101호,"78,000,000","26,754,000",낙찰,"43,200,000",55.4%,2025-06-17,2025_2Q,2
울산 5계 2022-5958,답,답,답,울산,북구,울산 북구 상안동 62-1,"295,872,000","144,977,000",낙찰,"166,790,000",56.4%,2025-05-21,2025_2Q,2
울산 7계 2022-7169(1),전,전,전,울산,울주군,울산 울주군 범서읍 사연리 178,"277,200,000","95,080,000",낙찰,"96,000,000",34.6%,2025-02-20,2025_1Q,3
울산 1계 2022-111259(1),공장,공장(지식산업센터 업무시설),공장,울산,울주군,울산 울주군 웅촌면 고연리 407-2,"2,092,068,000","1,464,448,000",낙찰,"1,532,000,000",73.2%,2025-01-21,2025_1Q,3
울산 1계 2022-111259(2),공장,공장(지식산업센터 업무시설),공장,울산,울주군,"울산 울주군 웅촌면 고연리 982-2 ,394-13 4동","789,805,800","552,864,000",낙찰,"565,000,000",71.5%,2025-01-21,2025_1Q,3
울산 10계 2023-547,단독주택,단독,단독주택,울산,울주군,울산 울주군 상북면 덕현리 370-38,"5,526,737,400","1,895,671,000",낙찰,"2,700,000,000",48.9%,2025-06-12,2025_2Q,2
울산 7계 2023-592,아파트,아파트,아파트,울산,동구,"울산 동구 방어동 1046-4 ,596-14,598-4,604-70,604-108 아름다운집 7층 702호","175,000,000","122,500,000",낙찰,"125,399,000",71.7%,2025-03-27,2025_1Q,2
울산 4계 2023-1441,근린상가,근린상가,근린상가,울산,동구,울산 동구 일산동 462-21,"2,321,007,940","1,137,294,000",낙찰,"1,247,800,000",53.8%,2025-03-25,2025_1Q,2
울산 6계 2023-1618,다가구,다가구,다가구,울산,동구,울산 동구 방어동 991-3,"1,010,142,640","40,763,000",낙찰,"66,989,000",6.6%,2025-03-19,2025_1Q,2
울산 7계 2023-2000(1),근린상가,근린상가,근린상가,울산,중구,울산 중구 서동 612-7 굿프라임1 1층 105호,"804,000,000","135,128,000",낙찰,"161,000,000",20.0%,2025-02-20,2025_1Q,3
울산 7계 2023-2000(2),근린상가,근린상가,근린상가,울산,중구,울산 중구 서동 612-6 울산굿프라임빌딩2 1층 101호,"857,000,000","144,036,000",낙찰,"172,000,000",20.1%,2025-02-20,2025_1Q,3
울산 7계 2023-2000(3),근린상가,근린상가,근린상가,울산,중구,울산 중구 서동 612-6 울산굿프라임빌딩2 1층 110호,"885,000,000","148,742,000",낙찰,"178,000,000",20.1%,2025-02-20,2025_1Q,3
울산 7계 2023-2000(4),근린상가,근린상가,근린상가,울산,중구,울산 중구 서동 612-6 울산굿프라임빌딩2 2층 203호,"277,000,000","46,556,000",낙찰,"62,220,000",22.5%,2025-02-20,2025_1Q,3
울산 7계 2023-2000(5),근린상가,근린상가,근린상가,울산,중구,울산 중구 서동 612-6 울산굿프라임빌딩2 4층 402호,"190,000,000","45,619,000",낙찰,"52,000,000",27.4%,2025-01-16,2025_1Q,3
울산 7계 2023-2000(6),근린상가,근린상가,근린상가,울산,중구,울산 중구 서동 612-6 울산굿프라임빌딩2 4층 407호,"355,000,000","85,236,000",낙찰,"92,661,000",26.1%,2025-01-16,2025_1Q,3
울산 7계 2023-2000(7),근린상가,근린상가,근린상가,울산,중구,울산 중구 서동 612-6 울산굿프라임빌딩2 4층 408호,"282,000,000","67,708,000",낙찰,"68,000,000",24.1%,2025-01-16,2025_1Q,3
울산 7계 2023-2000(8),근린상가,근린상가,근린상가,울산,중구,울산 중구 서동 612-6 울산굿프라임빌딩2 4층 409호,"280,000,000","67,228,000",낙찰,"98,000,000",35.0%,2025-01-16,2025_1Q,3
울산 7계 2023-2628,근린주택,근린주택,근린주택,울산,남구,울산 남구 신정동 617-3,"867,381,660","607,167,000",낙찰,"641,930,000",74.0%,2025-01-16,2025_1Q,3
울산 9계 2023-2666,임야,임야,임야,울산,울주군,울산 울주군 두서면 미호리 632-3,"179,559,000","43,112,000",낙찰,"43,123,000",24.0%,2025-01-15,2025_1Q,3
울산 1계 2023-2680,단독주택,단독,단독주택,울산,울주군,울산 울주군 웅촌면 은현리 262-1,"748,867,840","256,862,000",낙찰,"321,000,000",42.9%,2025-02-25,2025_1Q,3
울산 5계 2023-2833,아파트,아파트,아파트,울산,북구,울산 북구 명촌동 진장명촌지구내126블럭1-1롯트 평창리비에르2차 212동 18층 1801호,"314,000,000","219,800,000",낙찰,"275,100,000",87.6%,2025-05-21,2025_2Q,2
울산 6계 2023-2901(1),단독주택,단독,단독주택,울산,울주군,울산 울주군 두동면 봉계리 191-2,"320,809,420","110,038,000",낙찰,"121,989,000",38.0%,2025-05-28,2025_2Q,2
울산 6계 2023-2901(2),전,전,전,울산,울주군,울산 울주군 두동면 봉계리 112,"53,618,000","37,533,000",낙찰,"39,850,000",74.3%,2025-01-08,2025_1Q,3
울산 6계 2023-2901(3),전,전,전,울산,울주군,울산 울주군 두동면 봉계리 175-1,"139,150,556","33,410,000",낙찰,"39,000,900",28.0%,2025-04-23,2025_2Q,2
울산 3계 2023-3935,근린상가,근린상가,근린상가,울산,중구,울산 중구 서동 612-7 굿프라임1 2층 203호,"395,000,000","66,388,000",낙찰,"83,100,000",21.0%,2025-03-18,2025_1Q,2
울산 6계 2023-3966,근린상가,근린상가,근린상가,울산,중구,울산 중구 서동 612-7 굿프라임1 2층 206호,"395,000,000","66,388,000",낙찰,"87,010,000",22.0%,2025-04-23,2025_2Q,2
울산 7계 2023-3973,근린상가,근린상가,근린상가,울산,중구,울산 중구 서동 612-7 굿프라임1 2층 207호,"395,000,000","66,388,000",낙찰,"86,660,000",21.9%,2025-03-27,2025_1Q,2
울산 8계 2023-3980,근린상가,근린상가,근린상가,울산,중구,울산 중구 서동 612-7 굿프라임1 2층 208호,"395,000,000","66,388,000",낙찰,"81,600,000",20.7%,2025-02-06,2025_1Q,3
울산 9계 2023-3997,근린상가,근린상가,근린상가,울산,중구,울산 중구 서동 612-7 굿프라임1 3층 302호,"347,000,000","83,315,000",낙찰,"111,000,000",32.0%,2025-01-15,2025_1Q,3
울산 3계 2023-4020,근린상가,근린상가,근린상가,울산,중구,울산 중구 서동 612-7 굿프라임1 3층 306호,"420,000,000","100,842,000",낙찰,"145,100,000",34.5%,2025-04-22,2025_2Q,2
울산 3계 2023-4037,근린상가,근린상가,근린상가,울산,중구,울산 중구 서동 612-7 굿프라임1 3층 307호,"420,000,000","100,842,000",낙찰,"145,100,000",34.5%,2025-04-22,2025_2Q,2
울산 5계 2023-4051,근린상가,근린상가,근린상가,울산,중구,울산 중구 서동 612-7 굿프라임1 4층 408호,"580,000,000","139,258,000",낙찰,"157,300,000",27.1%,2025-03-12,2025_1Q,2
울산 6계 2023-4068,근린상가,근린상가,근린상가,울산,중구,울산 중구 서동 612-7 굿프라임1 4층 409호,"366,000,000","87,877,000",낙찰,"102,100,000",27.9%,2025-03-19,2025_1Q,2
울산 8계 2023-4082,근린상가,근린상가,근린상가,울산,중구,울산 중구 서동 612-7 굿프라임1 4층 414호,"390,000,000","93,639,000",낙찰,"120,000,000",30.8%,2025-04-17,2025_2Q,2
울산 6계 2023-4365,근린주택,근린주택,근린주택,울산,울주군,울산 울주군 온양읍 대안리 183-3,"2,153,872,000","738,778,000",낙찰,"805,000,000",37.4%,2025-05-28,2025_2Q,2
울산 7계 2023-5115,임야,임야,임야,울산,울주군,울산 울주군 언양읍 평리 425-5,"707,968,000","242,834,000",낙찰,"291,100,000",41.1%,2025-03-27,2025_1Q,2
울산 6계 2023-5290(1),잡종지,잡종지,잡종지,울산,울주군,울산 울주군 웅촌면 검단리 123-5,"457,824,000","109,924,000",낙찰,"118,100,000",25.8%,2025-03-19,2025_1Q,2
울산 6계 2023-5290(2),단독주택,단독,단독주택,울산,동구,울산 동구 전하동 762-14,"359,461,200","86,307,000",낙찰,"111,989,000",31.2%,2025-01-08,2025_1Q,3
울산 9계 2023-5467,아파트,아파트,아파트,울산,남구,울산 남구 무거동 477-1 울산옥현1주공 106동 14층 1403호,"257,000,000","179,900,000",낙찰,"236,599,000",92.1%,2025-01-15,2025_1Q,3
울산 2계 2023-5542,아파트,아파트,아파트,울산,울주군,울산 울주군 범서읍 천상리 605 천상국태그린빌 102동 2층 213호,"120,000,000","58,800,000",낙찰,"93,456,000",77.9%,2025-01-09,2025_1Q,3
울산 8계 2023-5771,분뇨쓰레기처리시설,기타건물,기타건물,울산,울주군,울산 울주군 삼남읍 상천리 946-5,"4,406,276,700","1,511,353,000",낙찰,"2,060,500,000",46.8%,2025-02-06,2025_1Q,3
울산 3계 2023-5948,아파트,아파트,아파트,울산,중구,울산 중구 성안동 806-6 성안센트럴빌 4층 401호,"315,000,000","220,500,000",낙찰,"245,000,000",77.8%,2025-05-27,2025_2Q,2
울산 6계 2023-6392,답,답,답,울산,울주군,울산 울주군 범서읍 천상리 985-5,"154,973,000","26,046,000",낙찰,"37,510,000",24.2%,2025-02-12,2025_1Q,3
울산 1계 2023-6804(1),임야,임야,임야,울산,울주군,울산 울주군 서생면 위양리 813-16,"61,248,000","21,008,000",낙찰,"24,490,000",40.0%,2025-02-25,2025_1Q,3
울산 1계 2023-6804(3),임야,임야,임야,울산,울주군,울산 울주군 서생면 위양리 산81-21,"14,784,000","1,740,000",낙찰,"1,950,000",13.2%,2025-06-17,2025_2Q,2
울산 8계 2023-7050(1),전,전,전,울산,북구,울산 북구 매곡동 745-2,"5,657,400,000","1,940,488,000",낙찰,"1,951,000,000",34.5%,2025-04-17,2025_2Q,2
울산 3계 2023-7302,아파트,아파트,아파트,울산,동구,울산 동구 화정동 851-5 현대 706동 10층 1001호,"124,000,000","60,760,000",낙찰,"67,000,000",54.0%,2025-01-07,2025_1Q,3
울산 7계 2023-7364,근린상가,근린상가,근린상가,울산,남구,"울산 남구 삼산동 1487-8 ,1487-9,1487-12","5,040,991,270","3,528,694,000",낙찰,"3,528,694,000",70.0%,2025-01-16,2025_1Q,3
울산 7계 2023-7517,단독주택,단독,단독주택,울산,울주군,"울산 울주군 두서면 전읍리 1203 ,1203-8","294,481,520","144,296,000",낙찰,"187,300,000",63.6%,2025-02-20,2025_1Q,3
울산 5계 2023-7852,공장,공장(지식산업센터 업무시설),공장,울산,울주군,"울산 울주군 웅촌면 고연리 968-3 ,987-6","624,031,250","436,822,000",낙찰,"452,300,000",72.5%,2025-03-12,2025_1Q,2
울산 6계 2023-7982,근린상가,근린상가,근린상가,울산,울주군,울산 울주군 언양읍 서부리 96-3,"1,541,008,750","755,094,000",낙찰,"1,000,980,000",65.0%,2025-04-23,2025_2Q,2
울산 4계 2023-8268,과수원,과수원,과수원,울산,울주군,울산 울주군 서생면 위양리 136,"373,844,000","62,832,000",낙찰,"76,000,000",20.3%,2025-02-18,2025_1Q,3
울산 4계 2023-8312,단독주택,단독,단독주택,울산,북구,울산 북구 당사동 503 2호,"4,233,728,550","1,452,169,000",낙찰,"1,581,363,000",37.4%,2025-02-18,2025_1Q,3
울산 6계 2023-8336,연립,연립주택,연립·빌라,울산,동구,울산 동구 방어동 1146-31 신라그린타워 3층 301호,"191,946,000","65,837,000",낙찰,"75,888,000",39.5%,2025-01-08,2025_1Q,3
울산 6계 2023-8497,단독주택,단독,단독주택,울산,북구,울산 북구 정자동 262,"788,711,100","386,469,000",낙찰,"529,000,000",67.1%,2025-02-12,2025_1Q,3
울산 1계 2023-8602,단독주택,단독,단독주택,울산,동구,울산 동구 일산동 530-34,"218,175,400","36,669,000",낙찰,"42,000,000",19.3%,2025-05-13,2025_2Q,2
울산 2계 2023-8619,단독주택,단독,단독주택,울산,남구,울산 남구 야음동 381-24,"345,503,340","241,852,000",낙찰,"265,550,000",76.9%,2025-01-09,2025_1Q,3
울산 7계 2023-8770,선박,기타토지,기타토지,울산,동구,울산 동구 방어동 울산방어진항내 보관,"2,629,354,000","631,308,000",낙찰,"721,308,000",27.4%,2025-01-16,2025_1Q,3
울산 7계 2023-8893,대지,나대지,나대지,울산,동구,울산 동구 화정동 642-2,"424,362,000","145,556,000",낙찰,"161,000,000",37.9%,2025-01-16,2025_1Q,3
울산 9계 2023-8916,과수원,과수원,과수원,울산,울주군,울산 울주군 서생면 위양리 158,"946,518,000","227,259,000",낙찰,"281,225,000",29.7%,2025-01-15,2025_1Q,3
울산 8계 2023-9001,근린주택,근린주택,근린주택,울산,울주군,울산 울주군 서생면 진하리 82-5,"681,711,480","233,827,000",낙찰,"335,000,000",49.1%,2025-02-06,2025_1Q,3
울산 6계 2023-9247,전,전,전,울산,북구,울산 북구 달천동 706-6,"1,134,460,000","555,885,000",낙찰,"629,500,000",55.5%,2025-01-08,2025_1Q,3
울산 4계 2023-9414(1),주상복합(상가),기타토지,기타토지,울산,남구,울산 남구 신정동 1911 신정지웰 1층 106호,"368,000,000","126,224,000",낙찰,"147,000,000",39.9%,2025-02-18,2025_1Q,3
울산 4계 2023-9414(2),주상복합(상가),기타토지,기타토지,울산,남구,울산 남구 신정동 1911 신정지웰 1층 111호,"206,000,000","70,658,000",낙찰,"77,000,000",37.4%,2025-02-18,2025_1Q,3
울산 7계 2023-9575,답,답,답,울산,울주군,울산 울주군 서생면 화산리 730,"42,364,000","10,172,000",낙찰,"10,200,000",24.1%,2025-02-20,2025_1Q,3
울산 6계 2023-9605(1),대지,나대지,나대지,울산,북구,울산 북구 신현동 131,"283,544,000","97,256,000",낙찰,"119,190,000",42.0%,2025-05-28,2025_2Q,2
울산 6계 2023-9605(2),전,전,전,울산,북구,울산 북구 신현동 131-2,"71,073,000","34,826,000",낙찰,"34,900,000",49.1%,2025-02-12,2025_1Q,3
울산 6계 2023-9728,오피스텔(주거),오피스텔,오피스텔(업무용),울산,동구,울산 동구 방어동 928-25 도해노블빌 2층 201호,"87,000,000","29,841,000",낙찰,"29,842,000",34.3%,2025-03-19,2025_1Q,2
울산 7계 2023-9810,임야,임야,임야,울산,북구,울산 북구 매곡동 산53,"338,742,000","116,188,000",낙찰,"117,000,000",34.5%,2025-03-27,2025_1Q,2
울산 4계 2023-9896,자동차시설,기타건물,기타건물,울산,북구,울산 북구 산하동 1019-1 신한마린스퀘어 3층 주차장호,"1,227,000,000","294,603,000",낙찰,"305,800,000",24.9%,2025-01-14,2025_1Q,3
울산 2계 2023-10063(2),아파트,아파트,아파트,울산,동구,울산 동구 방어동 1064 현대중공업(주)외국인 104동 3층 301호,"372,000,000","127,596,000",낙찰,"185,999,000",50.0%,2025-01-09,2025_1Q,3
울산 4계 2023-10094,다세대,다세대주택,다세대,울산,울주군,울산 울주군 범서읍 구영리 392-2 대동하이츠빌 2층 202호,"158,000,000","77,420,000",낙찰,"91,780,000",58.1%,2025-03-25,2025_1Q,2
울산 10계 2023-10117,숙박시설,숙박시설,숙박시설,울산,울주군,"울산 울주군 상북면 덕현리 46-4 ,1225-57,1225-60","1,713,220,740","411,345,000",낙찰,"545,000,000",31.8%,2025-02-27,2025_1Q,3
울산 1계 2023-10131,아파트,아파트,아파트,울산,동구,울산 동구 방어동 1064 현대중공업(주)외국인 104동 2층 201호,"372,000,000","89,317,000",낙찰,"186,250,100",50.1%,2025-06-17,2025_2Q,2
울산 2계 2023-10162,단독주택,단독,단독주택,울산,동구,"울산 동구 방어동 368-9 ,368-10","353,395,010","121,215,000",낙찰,"123,100,000",34.8%,2025-04-24,2025_2Q,2
울산 9계 2023-10223(1),단독주택,단독,단독주택,울산,울주군,울산 울주군 두동면 이전리 345,"115,667,300","80,967,000",낙찰,"98,500,000",85.2%,2025-01-15,2025_1Q,3
울산 2계 2023-10254,오피스텔(주거),오피스텔,오피스텔(업무용),울산,동구,울산 동구 방어동 928-25 도해노블빌 2층 204호,"103,000,000","35,329,000",낙찰,"45,000,000",43.7%,2025-01-09,2025_1Q,3
울산 3계 2023-10261,오피스텔(주거),오피스텔,오피스텔(업무용),울산,동구,울산 동구 방어동 928-25 도해노블빌 2층 203호,"82,000,000","19,688,000",낙찰,"27,780,000",33.9%,2025-02-11,2025_1Q,3
울산 4계 2023-10278,오피스텔(주거),오피스텔,오피스텔(업무용),울산,동구,울산 동구 방어동 928-25 도해노블빌 2층 205호,"75,000,000","25,725,000",낙찰,"33,799,999",45.1%,2025-01-14,2025_1Q,3
울산 4계 2023-10322(1),단독주택,단독,단독주택,울산,울주군,울산 울주군 서생면 위양리 536,"493,426,300","241,779,000",낙찰,"280,000,000",56.7%,2025-01-14,2025_1Q,3
울산 6계 2023-10346,과수원,과수원,과수원,울산,울주군,울산 울주군 서생면 신암리 130-22,"978,182,000","335,516,000",낙찰,"385,516,000",39.4%,2025-03-19,2025_1Q,2
울산 4계 2023-10360,임야,임야,임야,울산,울주군,울산 울주군 언양읍 다개리 산133-7,"615,019,000","147,666,000",낙찰,"166,100,000",27.0%,2025-02-18,2025_1Q,3
울산 4계 2023-10407,대지,나대지,나대지,울산,울주군,울산 울주군 서생면 용리 298,"142,964,000","49,037,000",낙찰,"53,690,000",37.6%,2025-01-14,2025_1Q,3
울산 2계 2023-10827,오피스텔(상가),근린상가,오피스텔(업무용),울산,중구,울산 중구 우정동 529 타워더모스트우정혁신도시 1층 에스127호,"1,240,000,000","208,407,000",낙찰,"260,000,000",21.0%,2025-04-24,2025_2Q,2
울산 7계 2023-10841,근린상가,근린상가,근린상가,울산,울주군,울산 울주군 웅촌면 은현리 548-1,"986,328,800","483,301,000",낙찰,"540,000,000",54.7%,2025-06-05,2025_2Q,2
울산 9계 2023-11080,단독주택,단독,단독주택,울산,울주군,울산 울주군 온양읍 대안리 199-5,"460,666,560","225,727,000",낙찰,"232,930,000",50.6%,2025-02-19,2025_1Q,3
울산 9계 2023-11134,오피스텔(주거),오피스텔,오피스텔(업무용),울산,북구,울산 북구 명촌동 870-1 씨앤펠리스파크 8층 801호,"246,000,000","59,065,000",낙찰,"59,065,000",24.0%,2025-04-30,2025_2Q,2
울산 2계 2023-11202,답,답,답,울산,북구,울산 북구 중산동 335-2,"421,200,000","144,472,000",낙찰,"155,989,000",37.0%,2025-01-09,2025_1Q,3
울산 4계 2023-11288,단독주택,단독,단독주택,울산,울주군,울산 울주군 청량읍 상남리 413-16,"333,961,300","114,549,000",낙찰,"140,300,000",42.0%,2025-04-29,2025_2Q,2
울산 7계 2023-11424,주상복합(상가),기타토지,기타토지,울산,북구,울산 북구 명촌동 742-10 세원위 2층 202호,"390,000,000","93,639,000",낙찰,"122,000,000",31.3%,2025-03-27,2025_1Q,2
울산 3계 2023-11448,답,답,답,울산,중구,울산 중구 성안동 1025,"300,509,000","72,152,000",낙찰,"91,000,000",30.3%,2025-01-07,2025_1Q,3
울산 2계 2023-11486(1),답,답,답,울산,울주군,울산 울주군 언양읍 반천리 617,"555,844,000","133,459,000",낙찰,"144,000,000",25.9%,2025-04-24,2025_2Q,2
울산 2계 2023-11486(2),답,답,답,울산,울주군,울산 울주군 언양읍 반천리 618,"549,477,000","131,930,000",낙찰,"142,000,000",25.8%,2025-04-24,2025_2Q,2
울산 7계 2023-11493,도로,기타토지,기타토지,울산,울주군,울산 울주군 온양읍 발리 551-2,"33,605,000","11,527,000",낙찰,"16,527,000",49.2%,2025-02-20,2025_1Q,3
울산 9계 2023-11516,근린상가,근린상가,근린상가,울산,중구,울산 중구 서동 600 1층 101호,"268,000,000","64,347,000",낙찰,"79,899,990",29.8%,2025-04-30,2025_2Q,2
울산 6계 2023-11578,전,전,전,울산,울주군,울산 울주군 삼남읍 방기리 68,"59,247,000","14,225,000",낙찰,"15,500,000",26.2%,2025-03-19,2025_1Q,2
울산 7계 2023-101259,임야,임야,임야,울산,중구,울산 중구 유곡동 산119-8,"729,030,000","60,039,000",낙찰,"80,200,000",11.0%,2025-01-16,2025_1Q,3
울산 9계 2023-102917,아파트,아파트,아파트,울산,울주군,울산 울주군 언양읍 송대리 53-1 양우내안애더퍼스트 108동 12층 1202호,"260,000,000","182,000,000",낙찰,"212,220,000",81.6%,2025-06-04,2025_2Q,2
울산 9계 2023-103637,과수원,과수원,과수원,울산,중구,울산 중구 성안동 943,"327,936,000","160,689,000",낙찰,"187,000,000",57.0%,2025-01-15,2025_1Q,3
울산 1계 2023-103651,근린상가,근린상가,근린상가,울산,울주군,울산 울주군 언양읍 구수리 848,"1,078,173,880","369,814,000",낙찰,"469,000,000",43.5%,2025-01-21,2025_1Q,3
울산 9계 2023-103767,중기,기타토지,기타토지,울산,울주군,울산 울주군 언양읍 반천리 534-3 복산주차장내보관,"26,000,000","8,918,000",낙찰,"10,110,000",38.9%,2025-02-19,2025_1Q,3
울산 1계 2023-104173,아파트,아파트,아파트,울산,남구,울산 남구 옥동 191-1 옥서홈타운 12층 1203호,"306,000,000","214,200,000",낙찰,"275,100,000",89.9%,2025-05-13,2025_2Q,2
울산 1계 2023-104449(1),아파트,아파트,아파트,울산,중구,울산 중구 남외동 500 일신에일린의뜰 101동 2층 206호,"584,000,000","408,800,000",낙찰,"479,700,000",82.1%,2025-01-21,2025_1Q,3
울산 6계 2023-105176,답,답,답,울산,북구,울산 북구 신명동 234-1,"1,664,943,000","571,075,000",낙찰,"921,000,000",55.3%,2025-03-19,2025_1Q,2
울산 2계 2023-105862,아파트,아파트,아파트,울산,북구,울산 북구 양정동 500-33 양정힐스테이트 112동 14층 1404호,"218,000,000","152,600,000",낙찰,"188,009,999",86.2%,2025-01-09,2025_1Q,3
울산 9계 2023-106117,대지,나대지,나대지,울산,울주군,울산 울주군 서생면 신암리 114-2,"707,439,000","242,652,000",낙찰,"253,000,000",35.8%,2025-01-15,2025_1Q,3
울산 5계 2023-106346(1),공장,공장(지식산업센터 업무시설),공장,울산,울주군,"울산 울주군 두서면 전읍리 46-1 ,46-2,47-3","1,244,034,890","426,704,000",낙찰,"500,000,000",40.2%,2025-04-16,2025_2Q,2
울산 5계 2023-106346(2),답,답,답,울산,울주군,울산 울주군 두서면 전읍리 47-1,"822,150,000","197,399,000",낙찰,"198,399,000",24.1%,2025-05-21,2025_2Q,2
울산 7계 2023-106476,공장,공장(지식산업센터 업무시설),공장,울산,울주군,울산 울주군 두서면 활천리 810-20 1동,"1,819,178,140","891,398,000",낙찰,"1,300,000,000",71.5%,2025-02-20,2025_1Q,3
울산 5계 2023-106544,연립,연립주택,연립·빌라,울산,울주군,울산 울주군 언양읍 동부리 365-15 아담빌라 103동 2층 201호,"186,000,000","130,200,000",낙찰,"144,040,000",77.4%,2025-02-05,2025_1Q,3
울산 6계 2023-106551(2),전,전,전,울산,울주군,울산 울주군 두동면 천전리 991,"68,874,000","11,576,000",낙찰,"11,599,000",16.8%,2025-01-08,2025_1Q,3
울산 1계 2023-107141,공장,공장(지식산업센터 업무시설),공장,울산,울주군,울산 울주군 온양읍 내광리 863-6 가동,"4,538,122,310","2,223,680,000",낙찰,"2,750,000,000",60.6%,2025-06-17,2025_2Q,2
울산 1계 2023-107493,아파트,아파트,아파트,울산,북구,울산 북구 산하동 1033-1 울산블루마시티2차푸르지오 102동 30층 3004호,"234,000,000","163,800,000",낙찰,"203,899,999",87.1%,2025-06-17,2025_2Q,2
울산 2계 2023-107844,오피스텔,오피스텔,오피스텔(업무용),울산,동구,울산 동구 일산동 579-24 센트럴나인 15층 1502호,"175,000,000","7,062,000",낙찰,"7,850,000",4.5%,2025-05-29,2025_2Q,2
울산 7계 2023-108168,임야,임야,임야,울산,울주군,울산 울주군 온산읍 덕신리 산242-2,"221,984,000","37,309,000",낙찰,"47,000,000",21.2%,2025-01-16,2025_1Q,3
울산 1계 2023-108403,아파트,아파트,아파트,울산,중구,울산 중구 우정동 218-2 우정코아루웰메이드 101동 26층 2603호,"400,000,000","280,000,000",낙찰,"403,001,500",100.8%,2025-05-13,2025_2Q,2
울산 1계 2023-108694,근린상가,근린상가,근린상가,울산,남구,"울산 남구 신정동 1880 ,1883,1884 태화강풍림엑슬루타워 판매시설동 2층 216-케이호","262,000,000","62,906,000",낙찰,"70,090,000",26.8%,2025-02-25,2025_1Q,3
울산 6계 2023-108755,대지,나대지,나대지,울산,동구,울산 동구 주전동 151-5,"743,580,000","364,354,000",낙찰,"403,190,000",54.2%,2025-03-19,2025_1Q,2
울산 6계 2023-109468,점포,근린상가,점포상가,울산,중구,울산 중구 성안동 803-5,"747,104,000","256,257,000",낙찰,"353,666,000",47.3%,2025-03-19,2025_1Q,2
울산 10계 2023-109505(3),아파트상가,아파트상가,근린상가,울산,울주군,울산 울주군 삼남읍 교동리 1678-3 울산역신도시동문디이스트 301동 1층 132호,"362,000,000","42,589,000",낙찰,"52,110,001",14.4%,2025-02-27,2025_1Q,3
울산 10계 2023-109505(4),아파트상가,아파트상가,근린상가,울산,울주군,울산 울주군 삼남읍 교동리 1678-3 울산역신도시동문디이스트 301동 1층 133호,"362,000,000","42,589,000",낙찰,"52,110,001",14.4%,2025-02-27,2025_1Q,3
울산 10계 2023-109505(5),아파트상가,아파트상가,근린상가,울산,울주군,울산 울주군 삼남읍 교동리 1678-3 울산역신도시동문디이스트 301동 1층 134호,"391,000,000","46,001,000",낙찰,"56,112,000",14.4%,2025-02-27,2025_1Q,3
울산 10계 2023-109505(2),아파트상가,아파트상가,근린상가,울산,울주군,울산 울주군 삼남읍 교동리 1678-3 울산역신도시동문디이스트 301동 1층 111호,"351,000,000","58,993,000",낙찰,"59,113,000",16.8%,2025-02-27,2025_1Q,3
울산 6계 2023-109963,아파트,아파트,아파트,울산,남구,"울산 남구 야음동 878 ,881 울산롯데캐슬골드 105동 10층 1001호","559,000,000","391,300,000",낙찰,"515,030,100",92.1%,2025-02-12,2025_1Q,3
울산 2계 2023-110482(1),답,답,답,울산,울주군,울산 울주군 삼남읍 교동리 642-5,"649,926,000","222,925,000",낙찰,"303,000,000",46.6%,2025-02-13,2025_1Q,3
울산 2계 2023-110482(2),답,답,답,울산,울주군,울산 울주군 삼남읍 교동리 666-1,"295,932,000","101,504,000",낙찰,"124,350,000",42.0%,2025-02-13,2025_1Q,3
울산 6계 2023-110529,답,답,답,울산,울주군,울산 울주군 삼남읍 교동리 702-1,"853,553,000","292,769,000",낙찰,"365,405,000",42.8%,2025-03-19,2025_1Q,2
울산 7계 2023-110536,답,답,답,울산,울주군,울산 울주군 온양읍 내광리 181-2,"499,130,000","83,889,000",낙찰,"91,100,000",18.3%,2025-02-20,2025_1Q,3
울산 7계 2023-110550,대지,나대지,나대지,울산,동구,울산 동구 화정동 655-4,"3,671,621,600","881,557,000",낙찰,"1,251,000,000",34.1%,2025-01-16,2025_1Q,3
울산 6계 2023-110789,단독주택,단독,단독주택,울산,동구,울산 동구 방어동 336-8,"172,836,000","29,049,000",낙찰,"70,000,100",40.5%,2025-05-28,2025_2Q,2
울산 7계 2023-110871,임야,임야,임야,울산,울주군,울산 울주군 상북면 등억알프스리 산51-8,"199,004,000","47,781,000",낙찰,"50,100,000",25.2%,2025-01-16,2025_1Q,3
울산 9계 2023-110895,임야,임야,임야,울산,중구,울산 중구 성안동 산5-5,"38,940,000","4,582,000",낙찰,"6,500,000",16.7%,2025-01-15,2025_1Q,3
울산 1계 2023-110918(1),주상복합(상가),기타토지,기타토지,울산,남구,울산 남구 신정동 350 제니스타워 2층 201호,"123,000,000","60,270,000",낙찰,"65,500,000",53.3%,2025-01-21,2025_1Q,3
울산 1계 2023-110918(2),주상복합(상가),기타토지,기타토지,울산,남구,울산 남구 신정동 350 제니스타워 2층 202호,"141,000,000","48,363,000",낙찰,"53,888,000",38.2%,2025-02-25,2025_1Q,3
울산 1계 2023-110918(3),주상복합(상가),기타토지,기타토지,울산,남구,울산 남구 신정동 350 제니스타워 2층 203호,"88,000,000","30,184,000",낙찰,"46,888,000",53.3%,2025-02-25,2025_1Q,3
울산 1계 2023-110918(4),주상복합(상가),기타토지,기타토지,울산,남구,울산 남구 신정동 350 제니스타워 3층 301호,"369,000,000","126,567,000",낙찰,"147,000,000",39.8%,2025-02-25,2025_1Q,3
울산 1계 2023-110918(5),주상복합(상가),기타토지,기타토지,울산,남구,울산 남구 신정동 350 제니스타워 4층 401호,"369,000,000","126,567,000",낙찰,"134,999,900",36.6%,2025-02-25,2025_1Q,3
울산 2계 2023-110970(1),대지,나대지,나대지,울산,울주군,울산 울주군 상북면 길천리 219,"359,685,600","123,372,000",낙찰,"131,999,000",36.7%,2025-05-29,2025_2Q,2
울산 2계 2023-110970(2),답,답,답,울산,울주군,울산 울주군 상북면 지내리 531,"587,998,000","288,119,000",낙찰,"325,000,000",55.3%,2025-04-24,2025_2Q,2
울산 2계 2023-110970(3),답,답,답,울산,울주군,울산 울주군 상북면 지내리 759,"103,024,000","50,482,000",낙찰,"60,484,500",58.7%,2025-04-24,2025_2Q,2
울산 2계 2023-110970(4),답,답,답,울산,울주군,울산 울주군 상북면 지내리 759-5,"126,277,000","88,394,000",낙찰,"90,310,000",71.5%,2025-02-13,2025_1Q,3
울산 1계 2023-111560,단독주택,단독,단독주택,울산,울주군,울산 울주군 온산읍 덕신리 439-3,"683,657,600","334,992,000",낙찰,"377,000,000",55.1%,2025-02-25,2025_1Q,3
울산 1계 2023-111997,답,답,답,울산,울주군,울산 울주군 청량읍 삼정리 576,"65,884,000","11,073,000",낙찰,"14,800,000",22.5%,2025-02-25,2025_1Q,3
울산 2계 2023-112006,단독주택,단독,단독주택,울산,동구,울산 동구 방어동 1133-8,"409,180,360","200,498,000",낙찰,"252,278,000",61.7%,2025-05-29,2025_2Q,2
울산 5계 2023-112259(2),근린상가,근린상가,근린상가,울산,중구,울산 중구 우정동 512-5 우정혁신타워 11층 1107호,"273,000,000","93,639,000",낙찰,"133,800,000",49.0%,2025-02-05,2025_1Q,3
울산 2계 2023-112440,임야,임야,임야,울산,울주군,울산 울주군 온산읍 삼평리 산149-3,"77,376,000","13,005,000",낙찰,"15,110,000",19.5%,2025-04-24,2025_2Q,2
울산 7계 2023-112884,단독주택,단독,단독주택,울산,동구,울산 동구 방어동 921-7,"256,885,800","61,678,000",낙찰,"77,300,000",30.1%,2025-02-20,2025_1Q,3
울산 6계 2023-113412,공장,공장(지식산업센터 업무시설),공장,울산,울주군,"울산 울주군 웅촌면 검단리 557-5 ,557-7,산557-1 A동호","5,823,296,260","4,076,307,000",낙찰,"5,118,000,000",87.9%,2025-03-19,2025_1Q,2
울산 8계 2023-113634,오피스텔(주거),오피스텔,오피스텔(업무용),울산,북구,울산 북구 명촌동 870-1 씨앤펠리스파크 4층 401호,"259,000,000","88,837,000",낙찰,"89,000,000",34.4%,2025-04-17,2025_2Q,2
울산 5계 2023-113726,아파트,아파트,아파트,울산,중구,울산 중구 복산동 776 복산아이파크 103동 13층 1301호,"400,000,000","400,000,000",낙찰,"400,209,999",100.1%,2025-02-05,2025_1Q,3
울산 7계 2023-113740,주상복합(주거),기타토지,기타토지,울산,동구,울산 동구 방어동 928-25 도해노블빌 2층 208호,"103,000,000","35,329,000",낙찰,"40,010,000",38.8%,2025-01-16,2025_1Q,3
울산 9계 2023-113764(1),임야,임야,임야,울산,울주군,울산 울주군 범서읍 중리 산29-1,"202,779,000","48,687,000",낙찰,"51,640,000",25.5%,2025-04-30,2025_2Q,2
울산 9계 2023-113764(2),답,답,답,울산,울주군,울산 울주군 범서읍 중리 51,"451,233,000","108,341,000",낙찰,"114,300,000",25.3%,2025-04-30,2025_2Q,2
울산 9계 2023-113764(3),답,답,답,울산,울주군,울산 울주군 범서읍 중리 57,"38,745,000","9,303,000",낙찰,"9,400,000",24.3%,2025-04-30,2025_2Q,2
울산 9계 2023-113764(4),답,답,답,울산,울주군,울산 울주군 범서읍 중리 57-3,"95,274,000","22,875,000",낙찰,"23,000,000",24.1%,2025-04-30,2025_2Q,2
울산 9계 2023-113764(5),묘지,기타토지,기타토지,울산,울주군,울산 울주군 범서읍 중리 58,"278,225,000","66,802,000",낙찰,"70,000,000",25.2%,2025-04-30,2025_2Q,2
울산 9계 2023-113764(6),전,전,전,울산,울주군,울산 울주군 범서읍 중리 72,"90,300,000","21,681,000",낙찰,"22,000,000",24.4%,2025-04-30,2025_2Q,2
울산 9계 2023-113764(7),묘지,기타토지,기타토지,울산,울주군,울산 울주군 범서읍 중리 73,"204,468,000","49,093,000",낙찰,"56,010,000",27.4%,2025-04-30,2025_2Q,2
울산 9계 2023-113764(8),임야,임야,임야,울산,울주군,울산 울주군 범서읍 중리 산59,"35,700,000","8,572,000",낙찰,"8,600,000",24.1%,2025-04-30,2025_2Q,2
울산 9계 2023-114286,아파트,아파트,아파트,울산,남구,울산 남구 선암동 589-1 신선산휴먼빌 103동 4층 402호,"275,000,000","192,500,000",낙찰,"222,590,000",80.9%,2025-06-04,2025_2Q,2
울산 9계 2023-114583,도로,기타토지,기타토지,울산,울주군,울산 울주군 두동면 봉계리 924-16,"78,561,000","18,863,000",낙찰,"21,700,000",27.6%,2025-04-30,2025_2Q,2
울산 7계 2023-114835(2),임야,임야,임야,울산,울주군,울산 울주군 웅촌면 곡천리 산2-2,"66,741,420","11,217,000",낙찰,"13,621,000",20.4%,2025-06-05,2025_2Q,2
울산 6계 2023-115173,점포,근린상가,점포상가,울산,북구,울산 북구 매곡동 669,"851,533,280","596,073,000",낙찰,"651,000,000",76.5%,2025-04-23,2025_2Q,2
울산 4계 2023-115364,아파트,아파트,아파트,울산,북구,울산 북구 산하동 1033-1 울산블루마시티2차푸르지오 103동 4층 402호,"304,000,000","212,800,000",낙찰,"247,775,000",81.5%,2025-02-18,2025_1Q,3
울산 5계 2023-115371,대지,나대지,나대지,울산,북구,울산 북구 산하동 908,"91,374,000","63,962,000",낙찰,"65,000,000",71.1%,2025-04-16,2025_2Q,2
울산 7계 2023-115654,아파트,아파트,아파트,울산,동구,울산 동구 전하동 554-1 남호그린파크맨션 10층 1005호,"130,000,000","63,700,000",낙찰,"86,670,000",66.7%,2025-01-16,2025_1Q,3
울산 4계 2023-115883,주상복합(상가),기타토지,기타토지,울산,남구,울산 남구 신정동 13-1 삼산파로스빌 2층 202호,"207,000,000","101,430,000",낙찰,"105,666,000",51.0%,2025-01-14,2025_1Q,3
울산 9계 2023-116176,주상복합(주거),기타토지,기타토지,울산,남구,울산 남구 신정동 480-1 지움포유 4층 403호,"245,000,000","171,500,000",낙찰,"205,000,000",83.7%,2025-06-04,2025_2Q,2
울산 5계 2023-116206,답,답,답,울산,울주군,울산 울주군 두서면 내와리 474,"59,166,800","59,166,800",낙찰,"71,577,700",121.0%,2025-03-12,2025_1Q,2
울산 7계 2023-116305,오피스텔(주거),오피스텔,오피스텔(업무용),울산,남구,"울산 남구 신정동 1230-9 ,1230-10 더위미 16층 1602호","265,000,000","129,850,000",낙찰,"180,000,000",67.9%,2025-01-16,2025_1Q,3
울산 7계 2023-116350(2),임야,임야,임야,울산,울주군,울산 울주군 삼동면 보은리 산232-16,"163,404,000","39,234,000",낙찰,"40,111,111",24.5%,2025-03-27,2025_1Q,2
울산 9계 2023-116374,주상복합(상가),기타토지,기타토지,울산,남구,울산 남구 옥동 252-17 대공원 비앤채 지하층 101호,"73,000,000","25,039,000",낙찰,"35,150,000",48.2%,2025-06-04,2025_2Q,2
울산 2계 2023-116404,답,답,답,울산,울주군,울산 울주군 상북면 명촌리 10-2,"620,165,000","434,116,000",낙찰,"450,000,000",72.6%,2025-04-24,2025_2Q,2
울산 8계 2023-116435,근린주택,근린주택,근린주택,울산,중구,울산 중구 학성동 191-15,"389,746,000","133,683,000",낙찰,"152,100,000",39.0%,2025-04-17,2025_2Q,2
울산 1계 2023-116466(3),주상복합(주거),기타토지,기타토지,울산,남구,울산 남구 삼산동 1537-16 세원위 2층 203호,"285,000,000","97,755,000",낙찰,"140,015,000",49.1%,2025-05-13,2025_2Q,2
울산 3계 2023-116664,근린상가,근린상가,근린상가,울산,동구,울산 동구 전하동 621-2 스타타워 2층 201호,"1,790,000,000","429,779,000",낙찰,"500,000,000",27.9%,2025-05-27,2025_2Q,2
울산 6계 2023-116732,오피스텔(주거),오피스텔,오피스텔(업무용),울산,동구,울산 동구 일산동 579-24 센트럴나인 20층 2003호,"192,000,000","65,856,000",낙찰,"145,000,000",75.5%,2025-03-19,2025_1Q,2
울산 10계 2023-116770,숙박시설,숙박시설,숙박시설,울산,울주군,울산 울주군 상북면 등억알프스리 535-11 1동호,"3,344,738,200","1,147,245,000",낙찰,"1,342,789,000",40.1%,2025-01-23,2025_1Q,3
울산 4계 2023-116923,연립,연립주택,연립·빌라,울산,북구,울산 북구 천곡동 473-2 신영빌라 1층 102호,"132,000,000","45,276,000",낙찰,"51,989,000",39.4%,2025-02-18,2025_1Q,3
울산 7계 2023-116954,단독주택,단독,단독주택,울산,북구,울산 북구 양정동 556-19,"222,138,140","53,336,000",낙찰,"66,090,000",29.8%,2025-06-05,2025_2Q,2
울산 10계 2024-32,근린상가,근린상가,근린상가,울산,남구,울산 남구 달동 875-12,"6,435,440,520","4,504,808,000",낙찰,"4,572,000,000",71.0%,2025-02-27,2025_1Q,3
울산 8계 2024-87,전,전,전,울산,동구,울산 동구 방어동 167-64,"220,222,000","75,536,000",낙찰,"76,000,000",34.5%,2025-04-17,2025_2Q,2
울산 8계 2024-100,임야,임야,임야,울산,울주군,울산 울주군 범서읍 두산리 산389,"58,076,800","13,945,000",낙찰,"14,000,000",24.1%,2025-02-06,2025_1Q,3
울산 9계 2024-117,아파트,아파트,아파트,울산,북구,"울산 북구 상안동 381-1 ,369-6,371-11,1204-21,천곡동 409,1022-12 쌍용아진그린타운 209동 1층 101호","184,000,000","128,800,000",낙찰,"139,999,999",76.1%,2025-01-15,2025_1Q,3
울산 6계 2024-384,다세대,다세대주택,다세대,울산,북구,울산 북구 신천동 280 예담리치빌 101동 3층 301호,"160,000,000","112,000,000",낙찰,"112,090,000",70.1%,2025-02-12,2025_1Q,3
울산 7계 2024-452,아파트,아파트,아파트,울산,남구,울산 남구 옥동 1386 도성타운 6동 6층 603호,"258,000,000","180,600,000",낙찰,"195,150,000",75.6%,2025-01-16,2025_1Q,3
울산 6계 2024-629,답,답,답,울산,울주군,울산 울주군 상북면 산전리 241-1,"1,371,857,000","329,383,000",낙찰,"352,890,000",25.7%,2025-05-28,2025_2Q,2
울산 7계 2024-636,다세대,다세대주택,다세대,울산,남구,울산 남구 신정동 1645-3 우일빌라 3층 302호,"1,068,000,000","523,320,000",낙찰,"600,000,000",56.2%,2025-02-20,2025_1Q,3
울산 6계 2024-711,아파트,아파트,아파트,울산,동구,울산 동구 화정동 161-1 대송현대 201동 1층 105호,"141,000,000","69,090,000",낙찰,"91,800,000",65.1%,2025-02-12,2025_1Q,3
울산 1계 2024-780,오피스텔(주거),오피스텔,오피스텔(업무용),울산,남구,"울산 남구 신정동 1230-9 ,1230-10 더위미 8층 801호","245,000,000","120,050,000",낙찰,"178,333,000",72.8%,2025-01-21,2025_1Q,3
울산 6계 2024-810,오피스텔,오피스텔,오피스텔(업무용),울산,중구,울산 중구 반구동 106-3 소담팰리스 3층 307호,"80,000,000","80,000,000",낙찰,"80,000,990",100.0%,2025-01-08,2025_1Q,3
울산 7계 2024-827,오피스텔(주거),오피스텔,오피스텔(업무용),울산,울주군,울산 울주군 범서읍 구영리 716-3 엣지타워 6층 1102호,"132,000,000","64,680,000",낙찰,"73,598,000",55.8%,2025-05-01,2025_2Q,2
울산 3계 2024-858,근린상가,근린상가,근린상가,울산,울주군,울산 울주군 언양읍 동부리 250-7,"924,862,000","317,227,000",낙찰,"408,850,000",44.2%,2025-04-22,2025_2Q,2
울산 5계 2024-896,전,전,전,울산,울주군,울산 울주군 언양읍 구수리 882-7,"551,970,000","386,379,000",낙찰,"452,000,000",81.9%,2025-02-05,2025_1Q,3
울산 3계 2024-933(1),아파트,아파트,아파트,울산,동구,울산 동구 방어동 1064 현대중공업(주)외국인 101동 3층 302호,"186,000,000","91,140,000",낙찰,"129,999,000",69.9%,2025-04-22,2025_2Q,2
울산 3계 2024-933(2),아파트,아파트,아파트,울산,동구,울산 동구 방어동 1064 현대중공업(주)외국인 101동 3층 303호,"184,000,000","90,160,000",낙찰,"111,400,000",60.5%,2025-04-22,2025_2Q,2
울산 3계 2024-933(3),아파트,아파트,아파트,울산,동구,울산 동구 방어동 1064 현대중공업(주)외국인 101동 4층 402호,"186,000,000","91,140,000",낙찰,"130,399,000",70.1%,2025-04-22,2025_2Q,2
울산 4계 2024-940,단독주택,단독,단독주택,울산,북구,울산 북구 진장동 635-2,"1,208,970,200","592,395,000",낙찰,"760,100,000",62.9%,2025-04-29,2025_2Q,2
울산 5계 2024-957,근린상가,근린상가,근린상가,울산,남구,울산 남구 달동 1299-7 대광빌딩,"3,519,293,360","1,724,454,000",낙찰,"2,166,989,000",61.6%,2025-05-21,2025_2Q,2
울산 1계 2024-988,아파트,아파트,아파트,울산,울주군,울산 울주군 언양읍 동부리 498 신울산경남아너스빌 103동 3층 301호,"293,000,000","205,100,000",낙찰,"251,300,000",85.8%,2025-05-13,2025_2Q,2
울산 1계 2024-1066,오피스텔(주거),오피스텔,오피스텔(업무용),울산,남구,"울산 남구 신정동 580-1 ,580-18 신정센텀메르빌 17층 1704호","229,000,000","112,210,000",낙찰,"165,000,000",72.1%,2025-01-21,2025_1Q,3
울산 6계 2024-1073,숙박시설,숙박시설,숙박시설,울산,남구,울산 남구 무거동 1529-7,"4,365,760,180","2,139,222,000",낙찰,"2,824,000,000",64.7%,2025-02-12,2025_1Q,3
울산 7계 2024-1080,아파트,아파트,아파트,울산,동구,울산 동구 동부동 346-3 동서국민 1층 103호,"58,000,000","40,600,000",낙찰,"41,100,000",70.9%,2025-01-16,2025_1Q,3
울산 9계 2024-1103,아파트,아파트,아파트,울산,울주군,울산 울주군 범서읍 구영리 807-8 서영골든맨션 1층 110호,"194,000,000","135,800,000",낙찰,"153,652,400",79.2%,2025-04-30,2025_2Q,2
울산 6계 2024-1110,근린상가,근린상가,근린상가,울산,북구,울산 북구 호계동 279-11,"857,396,200","420,124,000",낙찰,"518,730,000",60.5%,2025-05-28,2025_2Q,2
울산 10계 2024-1172,단독주택,단독,단독주택,울산,동구,울산 동구 방어동 1037-12,"508,419,640","174,388,000",낙찰,"218,500,000",43.0%,2025-02-27,2025_1Q,3
울산 3계 2024-1196,주상복합(주거),기타토지,기타토지,울산,울주군,울산 울주군 청량읍 상남리 762-9 상남모던힐 4층 401호,"203,000,000","142,100,000",낙찰,"183,000,000",90.1%,2025-01-07,2025_1Q,3
울산 5계 2024-1233,아파트,아파트,아파트,울산,북구,울산 북구 중산동 1318 유-스타시티일동미라주더스타1단지 107동 16층 1601호,"365,000,000","255,500,000",낙찰,"325,580,000",89.2%,2025-02-05,2025_1Q,3
울산 1계 2024-1370(2),대지,나대지,나대지,울산,남구,울산 남구 달동 573-6,"85,635,900","59,945,000",낙찰,"76,000,000",88.7%,2025-05-13,2025_2Q,2
울산 3계 2024-1387,근린상가,근린상가,근린상가,울산,남구,"울산 남구 삼산동 1617-14 ,1617-10,1617-16 삼산동옥산빌딩 6층 601호","805,000,000","276,115,000",낙찰,"373,910,000",46.4%,2025-01-07,2025_1Q,3
울산 4계 2024-1394,사무실,사무실,사무실,울산,남구,"울산 남구 삼산동 1617-14 ,1617-10,1617-16 삼산동옥산빌딩 6층 602호","284,000,000","139,160,000",낙찰,"145,010,000",51.1%,2025-02-18,2025_1Q,3
울산 4계 2024-1516,대지,나대지,나대지,울산,북구,울산 북구 송정동 708,"601,470,000","294,720,000",낙찰,"301,304,950",50.1%,2025-02-18,2025_1Q,3
울산 9계 2024-1639,단독주택,단독,단독주택,울산,중구,울산 중구 동동 471-134,"282,571,490","138,460,000",낙찰,"165,000,000",58.4%,2025-06-04,2025_2Q,2
울산 6계 2024-1660,다세대,다세대주택,다세대,울산,남구,울산 남구 무거동 1250-2 광화빌라 3층 301호,"47,000,000","32,900,000",낙찰,"33,010,000",70.2%,2025-05-28,2025_2Q,2
울산 8계 2024-1707,답,답,답,울산,울주군,울산 울주군 서생면 화산리 167,"156,370,000","53,635,000",낙찰,"55,190,000",35.3%,2025-03-13,2025_1Q,2
울산 1계 2024-1745,대지,나대지,나대지,울산,동구,울산 동구 방어동 1159-15,"393,352,500","94,444,000",낙찰,"97,474,000",24.8%,2025-06-17,2025_2Q,2
울산 3계 2024-1769,근린상가,근린상가,근린상가,울산,북구,울산 북구 명촌동 930-10,"1,152,923,500","564,932,000",낙찰,"620,000,000",53.8%,2025-01-07,2025_1Q,3
울산 10계 2024-1783,공장용지,공장(지식산업센터 업무시설),공장,울산,북구,울산 북구 매곡동 395-12,"195,849,000","67,176,000",낙찰,"68,110,000",34.8%,2025-04-03,2025_2Q,2
울산 1계 2024-1790,공장용지,공장(지식산업센터 업무시설),공장,울산,북구,울산 북구 매곡동 395-9,"235,725,000","115,506,000",낙찰,"135,210,000",57.4%,2025-04-01,2025_2Q,2
울산 9계 2024-1806,오피스텔,오피스텔,오피스텔(업무용),울산,남구,울산 남구 삼산동 1612-2 나인파크삼산 14층 1405호,"235,000,000","164,500,000",낙찰,"174,589,000",74.3%,2025-01-15,2025_1Q,3
울산 7계 2024-1851,근린상가,근린상가,근린상가,울산,중구,울산 중구 학성동 432-372,"733,308,608","733,308,608",낙찰,"745,000,000",101.6%,2025-01-16,2025_1Q,3
울산 3계 2024-1905,전,전,전,울산,중구,울산 중구 동동 504-5,"646,400,000","155,201,000",낙찰,"175,100,000",27.1%,2025-03-18,2025_1Q,2
울산 9계 2024-1974,아파트,아파트,아파트,울산,중구,울산 중구 학성동 429-6 우송팰리스 6층 601호,"236,000,000","165,200,000",낙찰,"201,999,000",85.6%,2025-01-15,2025_1Q,3
울산 1계 2024-2052,아파트,아파트,아파트,울산,남구,울산 남구 무거동 477-1 울산옥현1주공 102동 1층 101호,"228,000,000","159,600,000",낙찰,"188,000,000",82.5%,2025-02-25,2025_1Q,3
울산 8계 2024-2113,근린상가,근린상가,근린상가,울산,동구,울산 동구 일산동 971-8,"3,504,761,000","1,717,333,000",낙찰,"2,040,000,000",58.2%,2025-02-06,2025_1Q,3
울산 9계 2024-2120,대지,나대지,나대지,울산,울주군,울산 울주군 삼남읍 방기리 195,"168,601,500","57,831,000",낙찰,"100,000,000",59.3%,2025-06-04,2025_2Q,2
울산 3계 2024-2175,다세대,다세대주택,다세대,울산,울주군,울산 울주군 삼남읍 교동리 1575-11 굿파크빌 1동 2층 201호,"129,000,000","90,300,000",낙찰,"95,199,000",73.8%,2025-01-07,2025_1Q,3
울산 4계 2024-2243,아파트,아파트,아파트,울산,중구,울산 중구 반구동 448-3 반구신동아파밀리에 103동 9층 904호,"387,000,000","270,900,000",낙찰,"355,500,000",91.9%,2025-03-25,2025_1Q,2
울산 6계 2024-2281,아파트상가,아파트상가,근린상가,울산,남구,"울산 남구 무거동 832-2 ,842,843 무거현대 상가2동 1층 101호","285,000,000","139,650,000",낙찰,"147,270,000",51.7%,2025-04-23,2025_2Q,2
울산 8계 2024-2304,주상복합(상가),기타토지,기타토지,울산,울주군,"울산 울주군 온양읍 운화리 8-9 ,8-7,8-8,8-10,8-11 태영빌라 A동 1층 지하호","101,000,000","24,250,000",낙찰,"27,660,000",27.4%,2025-06-26,2025_2Q,2
울산 9계 2024-2311,임야,임야,임야,울산,울주군,울산 울주군 언양읍 반연리 산159,"255,425,000","87,611,000",낙찰,"88,010,000",34.5%,2025-03-26,2025_1Q,2
울산 7계 2024-2410,아파트,아파트,아파트,울산,중구,울산 중구 서동 34-2 서동현대 102동 6층 610호,"128,000,000","89,600,000",낙찰,"104,960,000",82.0%,2025-02-20,2025_1Q,3
울산 9계 2024-2434,전,전,전,울산,울주군,울산 울주군 상북면 길천리 557-1,"77,572,000","38,010,000",낙찰,"41,666,000",53.7%,2025-03-26,2025_1Q,2
울산 7계 2024-2472,아파트,아파트,아파트,울산,북구,울산 북구 양정동 500-33 양정힐스테이트 105동 11층 1101호,"228,000,000","159,600,000",낙찰,"190,000,000",83.3%,2025-02-20,2025_1Q,3
울산 5계 2024-2496,아파트,아파트,아파트,울산,북구,"울산 북구 매곡동 532 ,542-23,542-24,542-25 매곡현대 103동 15층 1507호","95,000,000","66,500,000",낙찰,"78,280,000",82.4%,2025-03-12,2025_1Q,2
울산 10계 2024-2564,전,전,전,울산,중구,울산 중구 동동 504-25,"1,032,130,000","354,021,000",낙찰,"361,200,000",35.0%,2025-02-27,2025_1Q,3
울산 5계 2024-2625,단독주택,단독,단독주택,울산,동구,울산 동구 전하동 765-1 더퍼스트하우스,"461,878,000","226,321,000",낙찰,"341,827,000",74.0%,2025-04-16,2025_2Q,2
울산 1계 2024-2649(1),오피스텔,오피스텔,오피스텔(업무용),울산,울주군,울산 울주군 삼남읍 신화리 1609 금아드림팰리스 202동 28층 2805호,"171,000,000","83,790,000",낙찰,"117,333,000",68.6%,2025-06-17,2025_2Q,2
울산 10계 2024-2731,임야,임야,임야,울산,울주군,울산 울주군 두동면 구미리 729-16,"902,225,000","442,091,000",낙찰,"471,197,000",52.2%,2025-01-23,2025_1Q,3
울산 1계 2024-2779,아파트,아파트,아파트,울산,북구,"울산 북구 염포동 64 ,57-1,57-2,57-4,57-6,59-2,89,90-4 현대2차 2동 2층 204호","103,000,000","50,470,000",낙찰,"70,130,000",68.1%,2025-05-13,2025_2Q,2
울산 2계 2024-2786,아파트,아파트,아파트,울산,울주군,울산 울주군 범서읍 굴화리 353 굴화강변월드메르디앙 107동 12층 1202호,"604,000,000","422,800,000",낙찰,"602,110,000",99.7%,2025-02-13,2025_1Q,3
울산 4계 2024-2809,아파트,아파트,아파트,울산,울주군,"울산 울주군 범서읍 천상리 324-2 ,324-15,324-27 경동태원하이빌 107동 16층 1604호","129,000,000","90,300,000",낙찰,"94,510,000",73.3%,2025-03-25,2025_1Q,2
울산 5계 2024-2878,아파트,아파트,아파트,울산,울주군,울산 울주군 온양읍 발리 1311 울산온양서희스타힐스 106동 2층 201호,"349,000,000","244,300,000",낙찰,"304,890,000",87.4%,2025-03-12,2025_1Q,2
울산 3계 2024-2939,연립,연립주택,연립·빌라,울산,울주군,울산 울주군 삼남읍 상천리 162-1 리치빌 3층 304호,"155,000,000","75,950,000",낙찰,"76,499,000",49.4%,2025-03-18,2025_1Q,2
울산 2계 2024-2960,답,답,답,울산,울주군,울산 울주군 온양읍 대안리 82-3,"70,140,000","49,098,000",낙찰,"52,880,000",75.4%,2025-01-09,2025_1Q,3
울산 3계 2024-2984,근린상가,근린상가,근린상가,울산,중구,울산 중구 남외동 483-11 스카이엠빌딩 9층 901호,"1,300,000,000","445,900,000",낙찰,"550,000,000",42.3%,2025-04-22,2025_2Q,2
울산 1계 2024-3093,아파트,아파트,아파트,울산,울주군,울산 울주군 웅촌면 대복리 302 한솔그린빌 707동 7층 703호,"67,000,000","46,900,000",낙찰,"58,222,222",86.9%,2025-05-13,2025_2Q,2
울산 3계 2024-3123(1),점포,근린상가,점포상가,울산,울주군,"울산 울주군 서생면 화산리 611-4 ,611-28 주건축물 1동","305,543,040","104,801,000",낙찰,"125,410,000",41.0%,2025-04-22,2025_2Q,2
울산 3계 2024-3123(2),점포,근린상가,점포상가,울산,울주군,"울산 울주군 서생면 화산리 611-37 ,611-42 주건축물 1동","309,347,040","74,274,000",낙찰,"91,090,000",29.4%,2025-05-27,2025_2Q,2
울산 3계 2024-3123(3),과수원,과수원,과수원,울산,울주군,울산 울주군 서생면 화산리 611-25,"169,415,000","40,677,000",낙찰,"48,800,000",28.8%,2025-05-27,2025_2Q,2
울산 4계 2024-3130,아파트,아파트,아파트,울산,북구,"울산 북구 염포동 201 ,202 현대 5동 5층 501호","110,000,000","77,000,000",낙찰,"78,210,000",71.1%,2025-04-29,2025_2Q,2
울산 7계 2024-3161,아파트,아파트,아파트,울산,남구,울산 남구 신정동 1889 문수로2차아이파크 101동 6층 602호,"903,000,000","632,100,000",낙찰,"827,000,000",91.6%,2025-02-20,2025_1Q,3
울산 5계 2024-3178,오피스텔(주거),오피스텔,오피스텔(업무용),울산,남구,울산 남구 달동 881-10 쁘띠팔레드시티 8층 802호,"248,000,000","59,545,000",낙찰,"143,770,000",58.0%,2025-03-12,2025_1Q,2
울산 3계 2024-3192,아파트,아파트,아파트,울산,동구,울산 동구 방어동 1064 현대중공업(주)외국인 102동 5층 502호,"190,000,000","93,100,000",낙찰,"120,050,000",63.2%,2025-01-07,2025_1Q,3
울산 7계 2024-3215,아파트,아파트,아파트,울산,남구,울산 남구 삼산동 1605-3 현대문화 101동 9층 903호,"159,000,000","111,300,000",낙찰,"145,000,000",91.2%,2025-05-01,2025_2Q,2
울산 6계 2024-3369,아파트,아파트,아파트,울산,동구,울산 동구 방어동 505 현대비치 104동 4층 403호,"155,000,000","108,500,000",낙찰,"128,590,000",83.0%,2025-04-23,2025_2Q,2
울산 7계 2024-3376,아파트,아파트,아파트,울산,울주군,울산 울주군 삼남읍 교동리 1366 새진흥 A동 3층 302호,"53,000,000","37,100,000",낙찰,"39,750,000",75.0%,2025-05-01,2025_2Q,2
울산 9계 2024-3390,아파트,아파트,아파트,울산,남구,울산 남구 무거동 927-6 남운그린힐 1층 106호,"96,000,000","67,200,000",낙찰,"85,000,000",88.5%,2025-06-04,2025_2Q,2
울산 5계 2024-3437,근린상가,근린상가,근린상가,울산,북구,울산 북구 화봉동 1491-3 지웰푸르지오 근린시설동 지하1층 124호,"299,000,000","71,790,000",낙찰,"100,380,000",33.6%,2025-06-25,2025_2Q,2
울산 10계 2024-3611,답,답,답,울산,울주군,울산 울주군 서생면 대송리 313-1,"104,640,000","25,124,000",낙찰,"25,290,000",24.2%,2025-05-08,2025_2Q,2
울산 10계 2024-3659,아파트,아파트,아파트,울산,북구,"울산 북구 천곡동 410-1 ,410-12,421-2,421-9,1030 쌍용아진그린타운4차 411동 12층 1201호","100,000,000","70,000,000",낙찰,"71,610,270",71.6%,2025-01-23,2025_1Q,3
울산 1계 2024-3666,대지,나대지,나대지,울산,중구,울산 중구 동동 275-1,"67,000,000","32,830,000",낙찰,"40,400,000",60.3%,2025-06-17,2025_2Q,2
울산 3계 2024-3680,임야,임야,임야,울산,울주군,울산 울주군 온산읍 덕신리 산113,"989,551,000","484,880,000",낙찰,"510,000,000",51.5%,2025-02-11,2025_1Q,3
울산 2계 2024-3697,아파트,아파트,아파트,울산,북구,울산 북구 산하동 968-2 힐스테이트강동 104동 21층 2103호,"294,000,000","205,800,000",낙찰,"267,120,000",90.9%,2025-02-13,2025_1Q,3
울산 5계 2024-3727,오피스텔(주거),오피스텔,오피스텔(업무용),울산,울주군,울산 울주군 웅촌면 곡천리 895-4 화목캐슬타운 1차 8층 804호,"139,000,000","97,300,000",낙찰,"102,500,000",73.7%,2025-04-16,2025_2Q,2
울산 8계 2024-3789(1),오피스텔(주거),오피스텔,오피스텔(업무용),울산,남구,울산 남구 달동 881-10 쁘띠팔레드시티 3층 303호,"227,000,000","77,861,000",낙찰,"77,861,000",34.3%,2025-03-13,2025_1Q,2
울산 10계 2024-3802,아파트,아파트,아파트,울산,남구,울산 남구 삼산동 1605-3 현대문화 101동 7층 703호,"157,000,000","109,900,000",낙찰,"141,899,990",90.4%,2025-06-12,2025_2Q,2
울산 5계 2024-3857,아파트,아파트,아파트,울산,북구,울산 북구 상안동 358-1 쌍용아진그린타운 107동 14층 1401호,"273,000,000","191,100,000",낙찰,"205,120,000",75.1%,2025-04-16,2025_2Q,2
울산 7계 2024-4027,아파트,아파트,아파트,울산,중구,울산 중구 우정동 385 선경 3동 1층 101호,"330,000,000","231,000,000",낙찰,"296,548,800",89.9%,2025-05-01,2025_2Q,2
울산 3계 2024-4072,단독주택,단독,단독주택,울산,동구,울산 동구 화정동 156-33,"396,217,560","95,131,000",낙찰,"131,110,000",33.1%,2025-05-27,2025_2Q,2
울산 7계 2024-4119,전,전,전,울산,남구,울산 남구 장생포동 261,"64,672,000","31,689,000",낙찰,"34,999,000",54.1%,2025-06-05,2025_2Q,2
울산 10계 2024-4157,단독주택,단독,단독주택,울산,울주군,울산 울주군 온산읍 덕신리 1318-9,"361,950,240","124,149,000",낙찰,"166,780,000",46.1%,2025-05-08,2025_2Q,2
울산 3계 2024-4164,다세대,다세대주택,다세대,울산,북구,울산 북구 신천동 280 예담리치빌 102동 4층 402호,"166,000,000","81,340,000",낙찰,"113,380,000",68.3%,2025-02-11,2025_1Q,3
울산 1계 2024-4188,선박,기타토지,기타토지,울산,동구,울산 동구 방어동 방어진항내 정박,"1,073,840,000","126,336,000",낙찰,"147,520,000",13.7%,2025-06-17,2025_2Q,2
울산 5계 2024-4195,아파트,아파트,아파트,울산,울주군,울산 울주군 온양읍 대안리 542 현대 104동 7층 708호,"102,000,000","71,400,000",낙찰,"89,200,000",87.5%,2025-05-21,2025_2Q,2
울산 8계 2024-4300,임야,임야,임야,울산,울주군,울산 울주군 서생면 화산리 산84-25,"160,438,000","78,615,000",낙찰,"88,770,000",55.3%,2025-03-13,2025_1Q,2
울산 3계 2024-4447,주상복합(주거),기타토지,기타토지,울산,동구,울산 동구 화정동 644-15 모든스카이빌라트 5층 502호,"226,000,000","110,740,000",낙찰,"136,520,000",60.4%,2025-03-18,2025_1Q,2
울산 10계 2024-4485,대지,나대지,나대지,울산,북구,울산 북구 산하동 1024-4,"2,017,342,000","691,948,000",낙찰,"1,040,000,000",51.6%,2025-06-12,2025_2Q,2
울산 10계 2024-4515,아파트,아파트,아파트,울산,북구,울산 북구 명촌동 750-1 리치멤버스 5층 501호,"226,000,000","158,200,000",낙찰,"220,260,000",97.5%,2025-02-27,2025_1Q,3
울산 2계 2024-4553,아파트,아파트,아파트,울산,북구,"울산 북구 천곡동 410-1 ,410-12,421-2,421-9,1030 쌍용아진그린타운4차 411동 1층 102호","143,000,000","70,070,000",낙찰,"70,070,000",49.0%,2025-05-29,2025_2Q,2
울산 2계 2024-4560(1),오피스텔(주거),오피스텔,오피스텔(업무용),울산,남구,울산 남구 신정동 770-15 유씨티 5층 511호,"99,000,000","69,300,000",낙찰,"79,100,000",79.9%,2025-04-24,2025_2Q,2
울산 2계 2024-4560(2),오피스텔(주거),오피스텔,오피스텔(업무용),울산,남구,울산 남구 신정동 770-15 유씨티 6층 611호,"99,000,000","69,300,000",낙찰,"76,100,000",76.9%,2025-04-24,2025_2Q,2
울산 2계 2024-4560(3),오피스텔(주거),오피스텔,오피스텔(업무용),울산,남구,울산 남구 신정동 770-15 유씨티 7층 703호,"119,000,000","83,300,000",낙찰,"95,880,000",80.6%,2025-04-24,2025_2Q,2
울산 5계 2024-4607,아파트,아파트,아파트,울산,울주군,"울산 울주군 범서읍 천상리 324-2 ,324-15,324-27 경동태원하이빌 101동 3층 307호","116,000,000","81,200,000",낙찰,"100,020,000",86.2%,2025-05-21,2025_2Q,2
울산 5계 2024-4621,아파트,아파트,아파트,울산,중구,울산 중구 다운동 702 다운동아큰마을 106동 9층 901호,"220,000,000","154,000,000",낙찰,"201,300,000",91.5%,2025-06-25,2025_2Q,2
울산 8계 2024-4669,주상복합(상가),기타토지,기타토지,울산,남구,울산 남구 신정동 1874 동문아뮤티 1층 106호,"133,000,000","65,170,000",낙찰,"93,100,000",70.0%,2025-04-17,2025_2Q,2
울산 10계 2024-4683,주상복합(주거),기타토지,기타토지,울산,남구,울산 남구 신정동 1874 동문아뮤티 8층 102-806호,"483,000,000","338,100,000",낙찰,"428,899,900",88.8%,2025-01-23,2025_1Q,3
울산 5계 2024-4775,오피스텔(주거),오피스텔,오피스텔(업무용),울산,남구,울산 남구 신정동 1334-11 아르떼에코하임 9층 906호,"317,000,000","221,900,000",낙찰,"242,339,000",76.4%,2025-06-25,2025_2Q,2
울산 3계 2024-4874,단독주택,단독,단독주택,울산,남구,울산 남구 달동 1316-14,"1,324,613,760","649,061,000",낙찰,"821,999,990",62.1%,2025-02-11,2025_1Q,3
울산 9계 2024-5020,아파트,아파트,아파트,울산,남구,울산 남구 무거동 1183-1 삼호 103동 2층 202호,"157,000,000","109,900,000",낙찰,"121,989,000",77.7%,2025-03-26,2025_1Q,2
울산 3계 2024-5037,아파트,아파트,아파트,울산,울주군,울산 울주군 상북면 향산리 603-22 청구가든 D동 1층 105호,"64,000,000","44,800,000",낙찰,"58,256,000",91.0%,2025-05-27,2025_2Q,2
울산 5계 2024-5075,답,답,답,울산,울주군,울산 울주군 청량읍 상남리 287,"241,780,000","169,246,000",낙찰,"181,000,000",74.9%,2025-06-25,2025_2Q,2
울산 5계 2024-5129,아파트,아파트,아파트,울산,중구,"울산 중구 반구동 565-1 ,565-3 현대글로리아맨션 6층 608호","171,000,000","119,700,000",낙찰,"147,900,000",86.5%,2025-06-25,2025_2Q,2
울산 10계 2024-5235,근린주택,근린주택,근린주택,울산,동구,울산 동구 화정동 604-26,"97,423,980","47,738,000",낙찰,"51,000,000",52.3%,2025-04-03,2025_2Q,2
울산 7계 2024-5297(2),대지,나대지,나대지,울산,울주군,울산 울주군 온산읍 삼평리 539-1,"38,001,250","18,621,000",낙찰,"20,190,000",53.1%,2025-06-05,2025_2Q,2
울산 7계 2024-5297(3),도로,기타토지,기타토지,울산,울주군,울산 울주군 온산읍 삼평리 539-2,"21,442,250","10,507,000",낙찰,"12,150,000",56.7%,2025-06-05,2025_2Q,2
울산 7계 2024-5297(4),대지,나대지,나대지,울산,울주군,울산 울주군 온산읍 삼평리 539-3,"1,641,250","804,000",낙찰,"1,050,000",64.0%,2025-06-05,2025_2Q,2
울산 10계 2024-5365,임야,임야,임야,울산,울주군,울산 울주군 서생면 신암리 114-6,"267,102,000","130,880,000",낙찰,"146,910,000",55.0%,2025-06-12,2025_2Q,2
울산 5계 2024-5587,다세대,다세대주택,다세대,울산,중구,울산 중구 성안동 798-7 청정위너스빌 102동 6층 602호,"183,000,000","128,100,000",낙찰,"155,219,700",84.8%,2025-06-25,2025_2Q,2
울산 3계 2024-5716,선박,기타토지,기타토지,울산,동구,울산 동구 방어동 1530 방어진항(방어진어시장맞은편채낚기부두서측)내 보관,"1,403,811,000","481,508,000",낙찰,"530,000,000",37.8%,2025-04-22,2025_2Q,2
울산 7계 2024-5754,아파트,아파트,아파트,울산,북구,"울산 북구 중산동 617 ,621,622-3,622-4,1200-26,1200-27 현대글로리아 102동 18층 1804호","65,100,000","45,570,000",낙찰,"50,158,500",77.0%,2025-06-05,2025_2Q,2
울산 3계 2024-5853,다세대,다세대주택,다세대,울산,남구,울산 남구 무거동 1228-14 진양빌라 3층 302호,"109,000,000","53,410,000",낙찰,"61,170,000",56.1%,2025-04-22,2025_2Q,2
울산 10계 2024-6054,대지,나대지,나대지,울산,남구,울산 남구 야음동 380-6,"478,936,000","335,255,000",낙찰,"335,300,000",70.0%,2025-05-08,2025_2Q,2
울산 4계 2024-6160,선박,기타토지,기타토지,울산,동구,울산 동구 방어동 방어진항내 정박,"1,653,529,000","810,229,000",낙찰,"868,129,200",52.5%,2025-04-29,2025_2Q,2
울산 3계 2024-6252,다세대,다세대주택,다세대,울산,울주군,울산 울주군 웅촌면 대복리 316-2 대복빌라 B동 1층 101호,"50,000,000","24,500,000",낙찰,"24,600,000",49.2%,2025-04-22,2025_2Q,2
울산 3계 2024-6382,다세대,다세대주택,다세대,울산,동구,울산 동구 방어동 458-42 일원빌라 3층 401호,"129,000,000","44,247,000",낙찰,"66,399,000",51.5%,2025-05-27,2025_2Q,2
울산 10계 2024-6757,아파트,아파트,아파트,울산,북구,울산 북구 신천동 430-1 신동 102동 4층 407호,"92,600,000","64,820,000",낙찰,"78,300,000",84.6%,2025-06-12,2025_2Q,2
울산 3계 2024-6924,아파트,아파트,아파트,울산,남구,"울산 남구 옥동 191-58 ,191-59 성도 103동 6층 615호","350,000,000","245,000,000",낙찰,"280,092,200",80.0%,2025-05-27,2025_2Q,2
울산 7계 2024-7057,아파트,아파트,아파트,울산,북구,울산 북구 천곡동 940-10 대동황토방 203동 5층 502호,"75,000,000","52,500,000",낙찰,"61,600,000",82.1%,2025-06-05,2025_2Q,2
울산 7계 2024-7392,아파트,아파트,아파트,울산,남구,울산 남구 야음동 570-1 번영로롯데인벤스스위트 101동 19층 1904호,"399,000,000","279,300,000",낙찰,"352,824,000",88.4%,2025-06-05,2025_2Q,2
울산 7계 2024-7453,아파트,아파트,아파트,울산,울주군,울산 울주군 온양읍 발리 1311 울산온양서희스타힐스 108동 6층 604호,"371,000,000","259,700,000",낙찰,"323,200,000",87.1%,2025-06-05,2025_2Q,2
울산 10계 2024-7491,아파트,아파트,아파트,울산,동구,"울산 동구 서부동 257-4 ,249-8 현대패밀리서부 101동 7층 703호","95,000,000","66,500,000",낙찰,"72,010,000",75.8%,2025-06-12,2025_2Q,2
울산 3계 2024-7705,중기,기타토지,기타토지,울산,울주군,울산 울주군 언양읍 반천리 534 복산주차장내 보관,"75,000,000","25,725,000",낙찰,"34,666,000",46.2%,2025-05-27,2025_2Q,2
울산 7계 2024-8166,아파트,아파트,아파트,울산,울주군,"울산 울주군 범서읍 천상리 324-2 ,324-15,324-27 경동태원하이빌 101동 4층 406호","119,000,000","119,000,000",낙찰,"120,000,000",100.8%,2025-05-01,2025_2Q,2
울산 7계 2024-8272,차량,기타토지,기타토지,울산,울주군,울산 울주군 언양읍 반천리 534 복산주차장(제3자 이성학)내 보관,"14,000,000","3,361,000",낙찰,"4,480,000",32.0%,2025-05-01,2025_2Q,2
울산 7계 2024-8395,대지,나대지,나대지,울산,동구,울산 동구 일산동 217,"152,110,000","106,477,000",낙찰,"110,010,000",72.3%,2025-06-05,2025_2Q,2
울산 9계 2024-9268,중기,기타토지,기타토지,울산,울주군,울산 울주군 언양읍 반천리 534 복산주자창내 보관(제3자 이성학에게 보관),"18,000,000","12,600,000",낙찰,"18,290,000",101.6%,2025-03-26,2025_1Q,2
울산 8계 2024-9466,임야,임야,임야,울산,울주군,울산 울주군 웅촌면 은현리 산111-1,"36,576,000","36,576,000",낙찰,"38,576,000",105.5%,2025-06-26,2025_2Q,2
울산 4계 2024-9671,차량,기타토지,기타토지,울산,울주군,울산 울주군 언양읍 반천리 534 복산주차장내 보관,"6,500,000","4,550,000",낙찰,"5,199,000",80.0%,2025-03-25,2025_1Q,2
울산 5계 2024-100079,근린주택,근린주택,근린주택,울산,남구,울산 남구 신정동 164-6,"1,226,829,800","858,781,000",낙찰,"859,137,000",70.0%,2025-02-05,2025_1Q,3
울산 4계 2024-100147,아파트,아파트,아파트,울산,중구,울산 중구 성안동 479-4 성림아이빌 3층 302호,"189,000,000","132,300,000",낙찰,"153,800,000",81.4%,2025-01-14,2025_1Q,3
울산 3계 2024-100222,근린주택,근린주택,근린주택,울산,북구,울산 북구 화봉동 1504-1,"1,246,404,840","872,483,000",낙찰,"1,007,070,000",80.8%,2025-01-07,2025_1Q,3
울산 2계 2024-100307,아파트,아파트,아파트,울산,중구,울산 중구 복산동 677-9 동덕 B동 1층 107호,"176,000,000","86,240,000",낙찰,"131,827,000",74.9%,2025-02-13,2025_1Q,3
울산 5계 2024-100338,대지,나대지,나대지,울산,동구,울산 동구 방어동 416-39,"1,337,420,000","655,336,000",낙찰,"725,337,100",54.2%,2025-04-16,2025_2Q,2
울산 6계 2024-100345,아파트,아파트,아파트,울산,북구,"울산 북구 산하동 969-1 ,969-2 울산블루마시티서희스타힐스블루원 105동 13층 1302호","359,000,000","251,300,000",낙찰,"308,177,700",85.8%,2025-03-19,2025_1Q,2
울산 9계 2024-100512,아파트,아파트,아파트,울산,울주군,울산 울주군 범서읍 굴화리 6-1 굴화주공강변그린빌3단지 303동 10층 1005호,"423,000,000","296,100,000",낙찰,"393,900,000",93.1%,2025-01-15,2025_1Q,3
울산 10계 2024-100680,임야,임야,임야,울산,북구,울산 북구 가대동 228,"20,492,000","4,920,000",낙찰,"6,300,000",30.7%,2025-01-23,2025_1Q,3
울산 2계 2024-100765,단독주택,단독,단독주택,울산,중구,울산 중구 학성동 322-8,"229,095,040","78,580,000",낙찰,"95,000,000",41.5%,2025-04-24,2025_2Q,2
울산 3계 2024-100772,주상복합(주거),기타토지,기타토지,울산,남구,울산 남구 신정동 158-3 두레빌라트 7층 702호,"159,000,000","54,537,000",낙찰,"55,000,000",34.6%,2025-03-18,2025_1Q,2
울산 1계 2024-100833,숙박시설,숙박시설,숙박시설,울산,중구,울산 중구 옥교동 159-2,"2,189,696,240","1,072,951,000",낙찰,"1,075,001,000",49.1%,2025-04-01,2025_2Q,2
울산 10계 2024-100888,아파트,아파트,아파트,울산,남구,울산 남구 야음동 564-4 우방유화맨션 2동 14층 1401호,"230,000,000","161,000,000",낙찰,"195,880,000",85.2%,2025-01-23,2025_1Q,3
울산 4계 2024-100994,주상복합(주거),기타토지,기타토지,울산,동구,울산 동구 방어동 929-7 동구미소지움 9층 906호,"241,000,000","168,700,000",낙찰,"168,800,000",70.0%,2025-01-14,2025_1Q,3
울산 7계 2024-101195,다가구,다가구,다가구,울산,중구,울산 중구 반구동 594-3,"1,354,413,100","663,662,000",낙찰,"815,989,000",60.2%,2025-03-27,2025_1Q,2
울산 6계 2024-101225,공장,공장(지식산업센터 업무시설),공장,울산,북구,울산 북구 매곡동 347-2 가동,"4,596,508,560","3,217,556,000",낙찰,"3,543,000,000",77.1%,2025-05-28,2025_2Q,2
울산 5계 2024-101317,아파트,아파트,아파트,울산,울주군,울산 울주군 온양읍 대안리 750 울산온양일동미라주 103동 20층 2005호,"409,000,000","286,300,000",낙찰,"365,010,000",89.2%,2025-03-12,2025_1Q,2
울산 8계 2024-101348,아파트,아파트,아파트,울산,북구,"울산 북구 천곡동 940-6 ,940-7,940-9,940-14 농소대동한마음타운 103동 3층 308호","92,000,000","64,400,000",낙찰,"78,990,000",85.9%,2025-02-06,2025_1Q,3
울산 9계 2024-101355,아파트,아파트,아파트,울산,남구,울산 남구 무거동 1603 무거동한신휴플러스 103동 3층 301호,"606,000,000","424,200,000",낙찰,"512,450,000",84.6%,2025-01-15,2025_1Q,3
울산 4계 2024-101423,답,답,답,울산,울주군,울산 울주군 온양읍 대안리 38-3,"36,053,010","25,237,000",낙찰,"25,237,000",70.0%,2025-01-14,2025_1Q,3
울산 5계 2024-101430,다세대,다세대주택,다세대,울산,남구,울산 남구 달동 1302-12 유일원룸 2층 203호,"56,000,000","39,200,000",낙찰,"39,490,000",70.5%,2025-02-05,2025_1Q,3
울산 4계 2024-101508(1),오피스텔(주거),오피스텔,오피스텔(업무용),울산,동구,울산 동구 방어동 931-7 명성블루빌2차 3층 303호,"138,000,000","47,334,000",낙찰,"75,000,000",54.3%,2025-04-29,2025_2Q,2
울산 4계 2024-101508(2),오피스텔(주거),오피스텔,오피스텔(업무용),울산,동구,울산 동구 방어동 931-7 명성블루빌2차 2층 203호,"138,000,000","67,620,000",낙찰,"67,621,600",49.0%,2025-03-25,2025_1Q,2
울산 4계 2024-101508(3),오피스텔(주거),오피스텔,오피스텔(업무용),울산,동구,울산 동구 방어동 931-7 명성블루빌2차 4층 403호,"140,000,000","48,020,000",낙찰,"75,000,000",53.6%,2025-04-29,2025_2Q,2
울산 4계 2024-101508(4),오피스텔(주거),오피스텔,오피스텔(업무용),울산,동구,울산 동구 방어동 931-7 명성블루빌2차 5층 503호,"140,000,000","48,020,000",낙찰,"75,000,000",53.6%,2025-04-29,2025_2Q,2
울산 4계 2024-101508(5),오피스텔(주거),오피스텔,오피스텔(업무용),울산,동구,울산 동구 방어동 931-7 명성블루빌2차 6층 603호,"140,000,000","48,020,000",낙찰,"75,000,000",53.6%,2025-04-29,2025_2Q,2
울산 4계 2024-101508(6),오피스텔(주거),오피스텔,오피스텔(업무용),울산,동구,울산 동구 방어동 931-7 명성블루빌2차 7층 703호,"140,000,000","48,020,000",낙찰,"71,337,800",51.0%,2025-04-29,2025_2Q,2
울산 4계 2024-101508(7),오피스텔(주거),오피스텔,오피스텔(업무용),울산,동구,울산 동구 방어동 931-7 명성블루빌2차 8층 803호,"140,000,000","48,020,000",낙찰,"75,000,000",53.6%,2025-04-29,2025_2Q,2
울산 4계 2024-101508(8),오피스텔(주거),오피스텔,오피스텔(업무용),울산,동구,울산 동구 방어동 931-7 명성블루빌2차 11층 1103호,"138,000,000","47,334,000",낙찰,"71,337,800",51.7%,2025-04-29,2025_2Q,2
울산 4계 2024-101508(9),오피스텔(주거),오피스텔,오피스텔(업무용),울산,동구,울산 동구 방어동 931-7 명성블루빌2차 12층 1203호,"138,000,000","47,334,000",낙찰,"75,000,000",54.3%,2025-04-29,2025_2Q,2
울산 8계 2024-101638,오피스텔(주거),오피스텔,오피스텔(업무용),울산,동구,울산 동구 전하동 639-8 전하동에스오션타워 11층 1104호,"88,000,000","43,120,000",낙찰,"58,599,000",66.6%,2025-05-22,2025_2Q,2
울산 9계 2024-101645,아파트,아파트,아파트,울산,울주군,울산 울주군 삼남읍 교동리 1555-1 울산교동리슈빌 103동 7층 703호,"255,000,000","178,500,000",낙찰,"231,800,000",90.9%,2025-01-15,2025_1Q,3
울산 2계 2024-101676,근린상가,근린상가,근린상가,울산,남구,울산 남구 선암동 673-1 가람빌딩,"4,124,126,700","2,020,822,000",낙찰,"2,305,000,000",55.9%,2025-04-24,2025_2Q,2
울산 4계 2024-101690,아파트,아파트,아파트,울산,남구,"울산 남구 옥동 157-5 ,신정동 1629-7 현대대륙 102동 5층 506호","374,000,000","261,800,000",낙찰,"322,000,010",86.1%,2025-01-14,2025_1Q,3
울산 10계 2024-101775,아파트,아파트,아파트,울산,북구,울산 북구 천곡동 1136 벽산블루밍 107동 9층 903호,"359,000,000","251,300,000",낙찰,"346,380,000",96.5%,2025-01-23,2025_1Q,3
울산 1계 2024-101782,아파트,아파트,아파트,울산,동구,"울산 동구 서부동 238-29 ,238-28 현대패밀리명덕 110동 6층 601호","28,067,000","19,647,000",낙찰,"20,100,000",71.6%,2025-05-13,2025_2Q,2
울산 7계 2024-101843,다세대,다세대주택,다세대,울산,중구,울산 중구 남외동 463-2 동일우방빌라 B동 4층 504호,"136,000,000","66,640,000",낙찰,"90,100,000",66.3%,2025-02-20,2025_1Q,3
울산 7계 2024-101935,근린주택,근린주택,근린주택,울산,동구,울산 동구 방어동 1015-8,"683,282,280","478,298,000",낙찰,"587,899,000",86.0%,2025-06-05,2025_2Q,2
울산 6계 2024-102112,잡종지,잡종지,잡종지,울산,울주군,울산 울주군 서생면 진하리 337-17,"868,350,000","425,492,000",낙찰,"446,200,000",51.4%,2025-02-12,2025_1Q,3
울산 7계 2024-102129,아파트,아파트,아파트,울산,북구,울산 북구 천곡동 940-10 대동황토방 201동 17층 1704호,"155,000,000","108,500,000",낙찰,"130,500,000",84.2%,2025-02-20,2025_1Q,3
울산 6계 2024-102167,아파트,아파트,아파트,울산,남구,울산 남구 선암동 723 선암에코하이츠 102동 2층 203호,"262,000,000","183,400,000",낙찰,"248,350,000",94.8%,2025-01-08,2025_1Q,3
울산 8계 2024-102235,임야,임야,임야,울산,울주군,울산 울주군 상북면 명촌리 산7-8,"309,727,000","106,236,000",낙찰,"106,236,000",34.3%,2025-02-06,2025_1Q,3
울산 9계 2024-102242,아파트,아파트,아파트,울산,울주군,울산 울주군 상북면 천전리 532-19 경동청구타운 103동 9층 903호,"42,000,000","29,400,000",낙찰,"32,000,000",76.2%,2025-01-15,2025_1Q,3
울산 4계 2024-102518,아파트형공장,공장(지식산업센터 업무시설),공장,울산,북구,울산 북구 효문동 812-1 울산아파트형공장 1동 4층 419호,"110,000,000","77,000,000",낙찰,"80,500,000",73.2%,2025-01-14,2025_1Q,3
울산 4계 2024-102525,아파트,아파트,아파트,울산,동구,"울산 동구 동부동 150 ,150-1,218-1,592-20 현대패밀리동부 101동 7층 704호","105,000,000","51,450,000",낙찰,"74,999,000",71.4%,2025-02-18,2025_1Q,3
울산 10계 2024-102655,숙박시설,숙박시설,숙박시설,울산,울주군,울산 울주군 상북면 덕현리 134,"628,869,440","150,991,000",낙찰,"155,500,000",24.7%,2025-06-12,2025_2Q,2
울산 1계 2024-102662,전,전,전,울산,울주군,울산 울주군 온양읍 동상리 785-2,"66,364,000","46,455,000",낙찰,"56,532,000",85.2%,2025-02-25,2025_1Q,3
울산 9계 2024-102686,오피스텔(주거),오피스텔,오피스텔(업무용),울산,울주군,울산 울주군 범서읍 구영리 716-3 엣지타워 5층 903호,"132,000,000","92,400,000",낙찰,"110,150,000",83.4%,2025-01-15,2025_1Q,3
울산 1계 2024-102709(1),아파트,아파트,아파트,울산,남구,울산 남구 달동 1403-1 현대하이야트 13층 1303호,"374,000,000","183,260,000",낙찰,"285,010,270",76.2%,2025-01-21,2025_1Q,3
울산 4계 2024-102723,아파트,아파트,아파트,울산,북구,"울산 북구 천곡동 410-1 ,410-12,421-2,421-9,1030 쌍용아진그린타운4차 410동 4층 402호","298,000,000","208,600,000",낙찰,"232,000,000",77.9%,2025-02-18,2025_1Q,3
울산 9계 2024-102822,아파트,아파트,아파트,울산,북구,"울산 북구 천곡동 411 ,412,1022-15,상안동 773-13 쌍용아진그린타운 302동 3층 305호","131,000,000","91,700,000",낙찰,"113,299,999",86.5%,2025-01-15,2025_1Q,3
울산 4계 2024-102884,오피스텔(주거),오피스텔,오피스텔(업무용),울산,남구,"울산 남구 선암동 566-9 ,566-26 드림하우스빌 7층 702호","154,000,000","75,460,000",낙찰,"108,990,000",70.8%,2025-03-25,2025_1Q,2
울산 5계 2024-102891,다세대,다세대주택,다세대,울산,남구,울산 남구 선암동 566-9 드림하우스빌 2층 201호,"159,000,000","77,910,000",낙찰,"101,999,000",64.2%,2025-03-12,2025_1Q,2
울산 7계 2024-102914,아파트,아파트,아파트,울산,동구,울산 동구 서부동 290-6 신광그린파크 7층 707호,"114,000,000","55,860,000",낙찰,"79,150,000",69.4%,2025-03-27,2025_1Q,2
울산 9계 2024-102938,아파트,아파트,아파트,울산,동구,울산 동구 동부동 424-1 남목그린타워 4층 412호,"78,000,000","26,754,000",낙찰,"47,099,999",60.4%,2025-06-04,2025_2Q,2
울산 3계 2024-102983(1),단독주택,단독,단독주택,울산,울주군,울산 울주군 두동면 이전리 286-4,"414,484,500","203,097,000",낙찰,"254,989,000",61.5%,2025-02-11,2025_1Q,3
울산 3계 2024-102983(2),단독주택,단독,단독주택,울산,울주군,울산 울주군 두동면 이전리 286-5,"299,466,000","146,738,000",낙찰,"180,099,900",60.1%,2025-02-11,2025_1Q,3
울산 4계 2024-102990,점포,근린상가,점포상가,울산,울주군,울산 울주군 상북면 덕현리 72-1 A동,"1,166,719,640","571,693,000",낙찰,"591,200,000",50.7%,2025-03-25,2025_1Q,2
울산 5계 2024-103009,다세대,다세대주택,다세대,울산,동구,"울산 동구 주전동 291-11 ,291-12 남북빌 2층 202호","185,000,000","90,650,000",낙찰,"95,200,000",51.5%,2025-03-12,2025_1Q,2
울산 9계 2024-103108,아파트,아파트,아파트,울산,울주군,울산 울주군 범서읍 구영리 796-2 한신 203동 13층 1306호,"135,000,000","94,500,000",낙찰,"102,130,000",75.7%,2025-01-15,2025_1Q,3
울산 6계 2024-103160,아파트,아파트,아파트,울산,동구,"울산 동구 전하동 660-1 ,660-11 울산전하푸르지오 109동 8층 802호","198,000,000","138,600,000",낙찰,"163,300,000",82.5%,2025-02-12,2025_1Q,3
울산 4계 2024-103344,아파트,아파트,아파트,울산,울주군,울산 울주군 언양읍 송대리 53-1 언양송대지구비4 양우내안애더퍼스트 104동 19층 1905호,"272,000,000","190,400,000",낙찰,"210,999,990",77.6%,2025-02-18,2025_1Q,3
울산 5계 2024-103351,아파트,아파트,아파트,울산,울주군,울산 울주군 범서읍 천상리 646 한라그린피스맨션 102동 9층 905호,"128,000,000","89,600,000",낙찰,"103,100,000",80.5%,2025-02-05,2025_1Q,3
울산 10계 2024-103375,단독주택,단독,단독주택,울산,울주군,울산 울주군 서생면 신암리 294-5,"338,843,760","116,224,000",낙찰,"125,550,000",37.1%,2025-04-03,2025_2Q,2
울산 5계 2024-103443,아파트,아파트,아파트,울산,중구,울산 중구 성안동 832-6 성안디아채 101동 3층 315호,"80,000,000","56,000,000",낙찰,"70,699,999",88.4%,2025-02-05,2025_1Q,3
울산 5계 2024-103580,아파트,아파트,아파트,울산,울주군,울산 울주군 범서읍 천상리 259-5 극동 102동 1층 102호,"204,000,000","99,960,000",낙찰,"155,990,000",76.5%,2025-03-12,2025_1Q,2
울산 9계 2024-103627,대지,나대지,나대지,울산,울주군,울산 울주군 온양읍 망양리 761-2,"751,881,000","368,422,000",낙찰,"373,880,000",49.7%,2025-03-26,2025_1Q,2
울산 8계 2024-103672,오피스텔(상가),근린상가,오피스텔(업무용),울산,동구,울산 동구 전하동 639-8 전하동에스오션타워 2층 202호,"306,000,000","73,471,000",낙찰,"98,119,000",32.1%,2025-05-22,2025_2Q,2
울산 2계 2024-103719,아파트,아파트,아파트,울산,북구,울산 북구 화봉동 1463 화봉쌍용예가 101동 6층 604호,"432,000,000","302,400,000",낙찰,"409,200,000",94.7%,2025-01-09,2025_1Q,3
울산 3계 2024-103726,단독주택,단독,단독주택,울산,중구,울산 중구 동동 279,"206,920,800","49,682,000",낙찰,"72,100,000",34.8%,2025-05-27,2025_2Q,2
울산 5계 2024-103818,아파트,아파트,아파트,울산,동구,"울산 동구 전하동 301-24 ,301-25,301-44,301-53 전하현대홈타운 101동 1층 102호","234,000,000","114,660,000",낙찰,"152,800,000",65.3%,2025-03-12,2025_1Q,2
울산 1계 2024-103955,아파트,아파트,아파트,울산,동구,울산 동구 전하동 631-1 이편한세상전하 111동 4층 402호,"369,000,000","369,000,000",낙찰,"375,990,000",101.9%,2025-01-21,2025_1Q,3
울산 1계 2024-104026,아파트,아파트,아파트,울산,동구,울산 동구 서부동 284-1 한아름현대 103동 9층 906호,"87,000,000","60,900,000",낙찰,"68,750,000",79.0%,2025-04-01,2025_2Q,2
울산 4계 2024-104118,아파트,아파트,아파트,울산,북구,울산 북구 연암동 402-1 성원 2동 7층 707호,"149,000,000","104,300,000",낙찰,"122,159,900",82.0%,2025-03-25,2025_1Q,2
울산 1계 2024-104194,아파트,아파트,아파트,울산,중구,울산 중구 다운동 590 다운현대 103동 5층 506호,"268,000,000","187,600,000",낙찰,"230,300,000",85.9%,2025-04-01,2025_2Q,2
울산 2계 2024-104200,주상복합(상가),기타토지,기타토지,울산,남구,울산 남구 신정동 1874 동문아뮤티 4층 403호,"280,000,000","137,200,000",낙찰,"171,000,000",61.1%,2025-02-13,2025_1Q,3
울산 1계 2024-104231,단독주택,단독,단독주택,울산,중구,울산 중구 성안동 102,"321,842,000","225,289,000",낙찰,"276,989,000",86.1%,2025-05-13,2025_2Q,2
울산 7계 2024-104286,아파트형공장,공장(지식산업센터 업무시설),공장,울산,북구,울산 북구 효문동 812-1 1동 1층 113호,"140,000,000","140,000,000",낙찰,"140,001,000",100.0%,2025-02-20,2025_1Q,3
울산 8계 2024-104309,아파트,아파트,아파트,울산,울주군,"울산 울주군 삼남읍 교동리 1678 ,1679 영남알프스타운 101동 1층 107호","118,000,000","57,820,000",낙찰,"75,200,000",63.7%,2025-02-06,2025_1Q,3
울산 9계 2024-104316,아파트,아파트,아파트,울산,울주군,울산 울주군 온양읍 운화리 14 영원 11층 1108호,"87,000,000","60,900,000",낙찰,"68,000,000",78.2%,2025-02-19,2025_1Q,3
울산 2계 2024-104347,오피스텔,오피스텔,오피스텔(업무용),울산,북구,"울산 북구 산하동 972-6 ,972-7 뉴타운 1동 10층 1009호","130,000,000","63,700,000",낙찰,"73,500,000",56.5%,2025-02-13,2025_1Q,3
울산 1계 2024-104361,아파트,아파트,아파트,울산,동구,울산 동구 화정동 161-1 대송현대 202동 6층 605호,"151,000,000","105,700,000",낙찰,"111,200,000",73.6%,2025-05-13,2025_2Q,2
울산 4계 2024-104392,아파트,아파트,아파트,울산,북구,울산 북구 중산동 1318 유-스타시티일동미라주더스타1단지 102동 11층 1102호,"270,000,000","189,000,000",낙찰,"258,795,000",95.9%,2025-03-25,2025_1Q,2
울산 5계 2024-104538,단독주택,단독,단독주택,울산,동구,울산 동구 일산동 554-7,"214,817,010","51,577,000",낙찰,"77,800,000",36.2%,2025-06-25,2025_2Q,2
울산 4계 2024-104590,아파트,아파트,아파트,울산,울주군,"울산 울주군 청량읍 삼정리 755 ,755-4,755-5,755-7,753-3,901 쌍용하나빌리지 206동 5층 501호","171,000,000","119,700,000",낙찰,"126,770,000",74.1%,2025-03-25,2025_1Q,2
울산 2계 2024-104651,점포,근린상가,점포상가,울산,동구,울산 동구 일산동 464-3,"1,391,429,880","477,261,000",낙찰,"558,888,880",40.2%,2025-05-29,2025_2Q,2
울산 4계 2024-104675,주상복합(주거),기타토지,기타토지,울산,남구,울산 남구 신정동 1874 동문아뮤티 10층 102-1003호,"462,000,000","323,400,000",낙찰,"460,000,000",99.6%,2025-03-25,2025_1Q,2
울산 9계 2024-104729,아파트,아파트,아파트,울산,북구,"울산 북구 매곡동 896 ,897 드림인시티에일린의뜰1차 107동 27층 2701호","430,000,000","301,000,000",낙찰,"416,888,000",97.0%,2025-02-19,2025_1Q,3
울산 5계 2024-104781,단독주택,단독,단독주택,울산,남구,울산 남구 달동 582-29,"343,527,800","117,830,000",낙찰,"122,500,000",35.7%,2025-05-21,2025_2Q,2
울산 5계 2024-104828,아파트,아파트,아파트,울산,남구,"울산 남구 야음동 594-10 ,594-37,신정동 851-20,851-21 신정현대홈타운 205동 18층 1801호","302,000,000","211,400,000",낙찰,"282,000,000",93.4%,2025-03-12,2025_1Q,2
울산 6계 2024-104835,아파트,아파트,아파트,울산,울주군,"울산 울주군 온산읍 덕신리 336 ,336-1 무궁화 113동 1층 109호","93,000,000","45,570,000",낙찰,"65,889,000",70.8%,2025-04-23,2025_2Q,2
울산 1계 2024-104880,다세대,다세대주택,다세대,울산,동구,울산 동구 방어동 1117-4 금동주택 나동 4층 402호,"106,000,000","74,200,000",낙찰,"75,000,000",70.8%,2025-05-13,2025_2Q,2
울산 9계 2024-104934,임야,임야,임야,울산,울주군,울산 울주군 청량읍 덕하리 산82,"65,450,000","22,450,000",낙찰,"27,210,000",41.6%,2025-04-30,2025_2Q,2
울산 1계 2024-104965,아파트,아파트,아파트,울산,북구,울산 북구 효문동 1039 효문코오롱하늘채 110동 9층 902호,"320,000,000","320,000,000",낙찰,"335,000,000",104.7%,2025-04-01,2025_2Q,2
울산 6계 2024-104972,다세대,다세대주택,다세대,울산,중구,울산 중구 반구동 592-24 우남빌라3차 B동 4층 601호,"96,000,000","67,200,000",낙찰,"70,200,000",73.1%,2025-03-19,2025_1Q,2
울산 2계 2024-105005,오피스텔(주거),오피스텔,오피스텔(업무용),울산,남구,울산 남구 삼산동 1478-3 더블리안 1동 6층 603호,"137,000,000","67,130,000",낙찰,"83,570,000",61.0%,2025-05-29,2025_2Q,2
울산 5계 2024-105036,근린상가,근린상가,근린상가,울산,동구,"울산 동구 주전동 279-4 ,279-7,761-27","1,450,449,430","497,505,000",낙찰,"671,200,000",46.3%,2025-05-21,2025_2Q,2
울산 8계 2024-105210,전,전,전,울산,북구,울산 북구 당사동 44,"265,050,000","129,875,000",낙찰,"197,799,000",74.6%,2025-03-13,2025_1Q,2
울산 10계 2024-105241,오피스텔,오피스텔,오피스텔(업무용),울산,남구,"울산 남구 신정동 1880 ,1883,1884 태화강풍림엑슬루타워 오피스텔동 6층 604호","144,000,000","100,800,000",낙찰,"120,000,000",83.3%,2025-01-23,2025_1Q,3
울산 7계 2024-105296(3),오피스텔(주거),오피스텔,오피스텔(업무용),울산,울주군,울산 울주군 삼남읍 신화리 1605-1 센트로Ⅱ 6층 601호,"197,000,000","96,530,000",낙찰,"97,158,000",49.3%,2025-06-05,2025_2Q,2
울산 1계 2024-105333,주상복합(상가),기타토지,기타토지,울산,남구,울산 남구 신정동 510-3 행운파크 1동 1층 101호,"118,000,000","57,820,000",낙찰,"70,700,070",59.9%,2025-06-17,2025_2Q,2
울산 2계 2024-105340,전,전,전,울산,울주군,울산 울주군 서생면 대송리 174-3,"402,325,000","137,998,000",낙찰,"152,893,500",38.0%,2025-04-24,2025_2Q,2
울산 4계 2024-105401,아파트,아파트,아파트,울산,남구,울산 남구 선암동 542-5 강남그린맨션 1동 3층 311호,"152,000,000","74,480,000",낙찰,"128,800,000",84.7%,2025-04-29,2025_2Q,2
울산 6계 2024-105425,아파트,아파트,아파트,울산,중구,울산 중구 우정동 218-2 우정코아루웰메이드 102동 8층 803호,"365,000,000","255,500,000",낙찰,"355,500,000",97.4%,2025-04-23,2025_2Q,2
울산 7계 2024-105432,아파트,아파트,아파트,울산,동구,울산 동구 동부동 424-1 남목그린타워 9층 910호,"96,000,000","67,200,000",낙찰,"80,660,000",84.0%,2025-05-01,2025_2Q,2
울산 9계 2024-105463,아파트,아파트,아파트,울산,남구,울산 남구 옥동 182-9 옥동현대 101동 8층 808호,"633,000,000","443,100,000",낙찰,"474,300,000",74.9%,2025-03-26,2025_1Q,2
울산 1계 2024-105500,다세대,다세대주택,다세대,울산,중구,울산 중구 서동 56-14 새봄파크빌 B동 1층 101호,"140,000,000","68,600,000",낙찰,"82,655,990",59.0%,2025-06-17,2025_2Q,2
울산 2계 2024-105579,단독주택,단독,단독주택,울산,울주군,울산 울주군 상북면 천전리 496,"319,776,000","156,690,000",낙찰,"166,200,000",52.0%,2025-04-24,2025_2Q,2
울산 8계 2024-105609,오피스텔(주거),오피스텔,오피스텔(업무용),울산,남구,울산 남구 신정동 627-3 더렉스 12층 1203호,"220,000,000","154,000,000",낙찰,"193,000,000",87.7%,2025-06-26,2025_2Q,2
울산 2계 2024-105654,아파트,아파트,아파트,울산,북구,울산 북구 중산동 730 삼우타운 102동 15층 1511호,"68,000,000","33,320,000",낙찰,"46,599,990",68.5%,2025-04-24,2025_2Q,2
울산 1계 2024-105685,아파트,아파트,아파트,울산,남구,울산 남구 무거동 841-2 도원 1동 2층 205호,"132,000,000","92,400,000",낙찰,"101,600,000",77.0%,2025-05-13,2025_2Q,2
울산 2계 2024-105692,과수원,과수원,과수원,울산,울주군,울산 울주군 상북면 소호리 320,"98,882,000","33,916,000",낙찰,"35,100,000",35.5%,2025-04-24,2025_2Q,2
울산 5계 2024-105968,아파트,아파트,아파트,울산,북구,울산 북구 산하동 968-1 울산블루마시티푸르지오 102동 18층 1801호,"210,000,000","147,000,000",낙찰,"181,009,000",86.2%,2025-04-16,2025_2Q,2
울산 9계 2024-105999,아파트,아파트,아파트,울산,남구,울산 남구 신정동 318 울산신정푸르지오 108동 11층 1102호,"501,000,000","501,000,000",낙찰,"505,200,000",100.8%,2025-06-04,2025_2Q,2
울산 3계 2024-106077,오피스텔(주거),오피스텔,오피스텔(업무용),울산,남구,"울산 남구 신정동 508-4 ,508-5,508-11 대상웰리움 2층 202호","200,000,000","98,000,000",낙찰,"138,900,000",69.5%,2025-01-07,2025_1Q,3
울산 7계 2024-106114,아파트,아파트,아파트,울산,울주군,울산 울주군 청량읍 상남리 696-2 덕하한양수자인 103동 18층 1803호,"347,000,000","242,900,000",낙찰,"298,000,000",85.9%,2025-05-01,2025_2Q,2
울산 8계 2024-106121,아파트,아파트,아파트,울산,울주군,울산 울주군 언양읍 서부리 247-12 이즈빌 B동 9층 901호,"170,000,000","83,300,000",낙찰,"110,150,000",64.8%,2025-02-06,2025_1Q,3
울산 1계 2024-106336,아파트,아파트,아파트,울산,남구,울산 남구 삼산동 172-1 세양청구마을 105동 16층 1601호,"233,000,000","163,100,000",낙찰,"217,000,000",93.1%,2025-06-17,2025_2Q,2
울산 7계 2024-106398,오피스텔,오피스텔,오피스텔(업무용),울산,울주군,울산 울주군 삼남읍 신화리 1609 금아드림팰리스 202동 18층 1805호,"164,000,000","114,800,000",낙찰,"120,000,000",73.2%,2025-05-01,2025_2Q,2
울산 3계 2024-106589,단독주택,단독,단독주택,울산,동구,울산 동구 방어동 1045-2,"1,130,712,460","554,049,000",낙찰,"600,000,000",53.1%,2025-01-07,2025_1Q,3
울산 3계 2024-106671,아파트,아파트,아파트,울산,남구,울산 남구 삼산동 182-1 아데라움 103동 13층 1306호,"268,000,000","268,000,000",낙찰,"268,000,900",100.0%,2025-01-07,2025_1Q,3
울산 10계 2024-106756,아파트,아파트,아파트,울산,울주군,"울산 울주군 청량읍 삼정리 755 ,755-4,755-5,755-7,753-3,901 쌍용하나빌리지 107동 14층 1401호","170,000,000","119,000,000",낙찰,"142,590,000",83.9%,2025-01-23,2025_1Q,3
울산 10계 2024-107001,선박,기타토지,기타토지,울산,남구,울산 남구 매암동 579-19 울산지방해양수산청항로표지관리센터100m정박중),"271,890,000","65,281,000",낙찰,"68,100,000",25.0%,2025-06-12,2025_2Q,2
울산 4계 2024-107032,아파트,아파트,아파트,울산,동구,"울산 동구 화정동 854-4 ,854-7,854-9,854-10 상아 3층 305호","79,000,000","55,300,000",낙찰,"71,098,900",90.0%,2025-04-29,2025_2Q,2
울산 7계 2024-107117,아파트,아파트,아파트,울산,북구,울산 북구 염포동 326 외28 염포성원상떼빌 111동 25층 2502호,"243,000,000","170,100,000",낙찰,"196,400,000",80.8%,2025-05-01,2025_2Q,2
울산 8계 2024-107124,차량,기타토지,기타토지,울산,울주군,울산 울주군 언양읍 반천리 534 복산주차장내 보관,"15,000,000","10,500,000",낙찰,"10,843,000",72.3%,2025-02-06,2025_1Q,3
울산 2계 2024-107179,아파트,아파트,아파트,울산,울주군,울산 울주군 범서읍 구영리 796-2 한신 202동 11층 1102호,"191,000,000","133,700,000",낙찰,"178,199,000",93.3%,2025-04-24,2025_2Q,2
울산 3계 2024-107414,아파트,아파트,아파트,울산,동구,울산 동구 방어동 1064 현대중공업(주)외국인 102동 6층 604호,"194,000,000","95,060,000",낙찰,"133,419,000",68.8%,2025-01-07,2025_1Q,3
울산 10계 2024-107629,아파트,아파트,아파트,울산,북구,울산 북구 연암동 402-1 성원 1동 8층 804호,"148,000,000","103,600,000",낙찰,"121,699,000",82.2%,2025-01-23,2025_1Q,3
울산 1계 2024-107636,아파트,아파트,아파트,울산,남구,울산 남구 신정동 725-3 신포 3층 301호,"201,000,000","140,700,000",낙찰,"176,360,000",87.7%,2025-06-17,2025_2Q,2
울산 3계 2024-107711(1),답,답,답,울산,중구,울산 중구 성안동 604,"660,303,000","226,484,000",낙찰,"312,000,000",47.3%,2025-04-22,2025_2Q,2
울산 3계 2024-107711(2),답,답,답,울산,중구,울산 중구 성안동 605,"44,920,000","44,920,000",낙찰,"44,950,000",100.1%,2025-01-07,2025_1Q,3
울산 3계 2024-107711(3),전,전,전,울산,중구,울산 중구 성안동 634-2,"177,885,000","87,164,000",낙찰,"136,001,000",76.5%,2025-03-18,2025_1Q,2
울산 4계 2024-107728,아파트,아파트,아파트,울산,동구,울산 동구 서부동 284-1 한아름현대 103동 7층 701호,"89,000,000","62,300,000",낙찰,"71,100,000",79.9%,2025-04-29,2025_2Q,2
울산 5계 2024-107735,오피스텔(주거),오피스텔,오피스텔(업무용),울산,북구,울산 북구 양정동 547-1 기화빌 102동 2층 202호,"182,000,000","89,180,000",낙찰,"130,000,000",71.4%,2025-06-25,2025_2Q,2
울산 7계 2024-108004,아파트,아파트,아파트,울산,남구,울산 남구 신정동 1401-25 신정동크로바 2동 4층 403호,"193,000,000","135,100,000",낙찰,"166,300,000",86.2%,2025-05-01,2025_2Q,2
울산 7계 2024-108066,주상복합(주거),기타토지,기타토지,울산,남구,울산 남구 신정동 569-2 문수로드림파크 102동 12층 1202호,"290,000,000","203,000,000",낙찰,"267,287,000",92.2%,2025-05-01,2025_2Q,2
울산 10계 2024-108097,주상복합(주거),기타토지,기타토지,울산,동구,울산 동구 방어동 1077-13 아네스빌 4층 402호,"202,000,000","141,400,000",낙찰,"142,590,000",70.6%,2025-01-23,2025_1Q,3
울산 5계 2024-108134,아파트,아파트,아파트,울산,중구,울산 중구 성안동 858-1 성안금호타운 104동 3층 302호,"159,000,000","111,300,000",낙찰,"137,500,000",86.5%,2025-05-21,2025_2Q,2
울산 8계 2024-108219,차량,기타토지,기타토지,울산,울주군,울산 울주군 언양읍 반천리 534 복산주차장내 보관,"20,000,000","9,800,000",낙찰,"15,600,000",78.0%,2025-02-06,2025_1Q,3
울산 4계 2024-108271,아파트,아파트,아파트,울산,북구,울산 북구 천곡동 1020-21 일지리버 1층 103호,"61,000,000","42,700,000",낙찰,"42,700,000",70.0%,2025-04-29,2025_2Q,2
울산 5계 2024-108325,차량,기타토지,기타토지,울산,울주군,울산 울주군 언양읍 반천리 534 복산주차장내보관,"15,000,000","10,500,000",낙찰,"12,780,000",85.2%,2025-03-12,2025_1Q,2
울산 7계 2024-108356,오피스텔(주거),오피스텔,오피스텔(업무용),울산,중구,울산 중구 남외동 508-1 삼환나우빌아파트2단지 105동 11층 1102호,"115,000,000","80,500,000",낙찰,"80,500,000",70.0%,2025-05-01,2025_2Q,2
울산 3계 2024-108554,단독주택,단독,단독주택,울산,울주군,울산 울주군 온산읍 덕신리 275-2,"728,113,280","356,775,000",낙찰,"437,530,000",60.1%,2025-03-18,2025_1Q,2
울산 7계 2024-108660,아파트,아파트,아파트,울산,울주군,울산 울주군 범서읍 천상리 645 신한천상다솜 101동 12층 1201호,"230,000,000","161,000,000",낙찰,"189,000,000",82.2%,2025-05-01,2025_2Q,2
울산 7계 2024-108783,아파트,아파트,아파트,울산,중구,울산 중구 학성동 429-6 우송팰리스 8층 802호,"236,000,000","165,200,000",낙찰,"211,230,000",89.5%,2025-05-01,2025_2Q,2
울산 9계 2024-108844,아파트,아파트,아파트,울산,중구,울산 중구 태화동 21-1 태화 3층 303호,"140,000,000","98,000,000",낙찰,"131,000,000",93.6%,2025-06-04,2025_2Q,2
울산 3계 2024-108882,아파트,아파트,아파트,울산,북구,울산 북구 산하동 977-1 블루마시티효성해링턴플레이스2단지 202동 10층 1001호,"273,000,000","191,100,000",낙찰,"254,000,000",93.0%,2025-01-07,2025_1Q,3
울산 10계 2024-109014,아파트,아파트,아파트,울산,북구,울산 북구 천곡동 418 삼성ㆍ코아루 116동 3층 302호,"194,000,000","135,800,000",낙찰,"175,720,000",90.6%,2025-02-27,2025_1Q,3
울산 4계 2024-109250,아파트,아파트,아파트,울산,남구,"울산 남구 달동 696 ,809-1 달동에스케이뷰 102동 13층 1302호","278,000,000","278,000,000",낙찰,"295,855,000",106.4%,2025-04-29,2025_2Q,2
울산 10계 2024-109335,차량,기타토지,기타토지,울산,울주군,울산 울주군 언양읍 반천리 534 내 보관,"28,000,000","13,720,000",낙찰,"15,150,000",54.1%,2025-01-23,2025_1Q,3
울산 5계 2024-109595,아파트,아파트,아파트,울산,북구,울산 북구 신천동 786 울산신천엠코타운 103동 4층 402호,"302,000,000","211,400,000",낙찰,"302,450,000",100.1%,2025-06-25,2025_2Q,2
울산 7계 2024-109618,아파트,아파트,아파트,울산,중구,울산 중구 성안동 370-1 성안청구타운 109동 3층 302호,"171,000,000","119,700,000",낙찰,"136,085,850",79.6%,2025-05-01,2025_2Q,2
울산 4계 2024-110557,차량,기타토지,기타토지,울산,울주군,울산 울주군 언양읍 반천리 534 복산주차장내 보관,"8,000,000","3,920,000",낙찰,"4,580,000",57.3%,2025-01-14,2025_1Q,3
울산 3계 2024-110625,점포,근린상가,점포상가,울산,동구,울산 동구 화정동 867-15,"832,104,480","407,731,000",낙찰,"467,100,000",56.1%,2025-03-18,2025_1Q,2
울산 7계 2024-110731,주상복합(주거),기타토지,기타토지,울산,남구,울산 남구 신정동 1877 두산위브더제니스 40층 102-4001호,"520,000,000","364,000,000",낙찰,"437,210,000",84.1%,2025-05-01,2025_2Q,2
울산 3계 2024-110878,아파트,아파트,아파트,울산,중구,울산 중구 약사동 707-42 래미안2차 409동 6층 603호,"727,000,000","508,900,000",낙찰,"665,880,000",91.6%,2025-02-11,2025_1Q,3
울산 10계 2024-110892,오피스텔,오피스텔,오피스텔(업무용),울산,동구,울산 동구 방어동 930-20 서원 1층 101호,"151,000,000","73,990,000",낙찰,"82,010,000",54.3%,2025-06-12,2025_2Q,2
울산 10계 2024-111093,주상복합(주거),기타토지,기타토지,울산,중구,울산 중구 성안동 404-7 도원오케이빌 7층 701호,"179,000,000","125,300,000",낙찰,"148,990,000",83.2%,2025-04-03,2025_2Q,2
울산 7계 2024-111208,아파트,아파트,아파트,울산,남구,울산 남구 신정동 1843-1 우주가든 6층 608호,"354,000,000","247,800,000",낙찰,"306,900,000",86.7%,2025-05-01,2025_2Q,2
울산 10계 2024-111239,아파트,아파트,아파트,울산,울주군,울산 울주군 언양읍 어음리 253 장원그랜져맨션 14층 1405호,"104,000,000","72,800,000",낙찰,"74,640,515",71.8%,2025-04-03,2025_2Q,2
울산 3계 2024-111406,주상복합(주거),기타토지,기타토지,울산,남구,울산 남구 신정동 480-1 지움포유 4층 401호,"235,000,000","164,500,000",낙찰,"190,400,000",81.0%,2025-05-27,2025_2Q,2
울산 10계 2024-111475,오피스텔(주거),오피스텔,오피스텔(업무용),울산,남구,"울산 남구 신정동 508-11 ,508-4,508-5 대상웰리움 4층 401호","225,000,000","110,250,000",낙찰,"159,150,000",70.7%,2025-05-08,2025_2Q,2
울산 7계 2024-111536(1),아파트,아파트,아파트,울산,동구,울산 동구 방어동 1064 현대중공업(주)외국인 101동 1층 104호,"184,000,000","128,800,000",낙찰,"131,989,000",71.7%,2025-06-05,2025_2Q,2
울산 7계 2024-111536(2),아파트,아파트,아파트,울산,동구,울산 동구 방어동 1064 현대중공업(주)외국인 101동 3층 304호,"186,000,000","130,200,000",낙찰,"141,989,000",76.3%,2025-06-05,2025_2Q,2
울산 7계 2024-111536(3),아파트,아파트,아파트,울산,동구,울산 동구 방어동 1064 현대중공업(주)외국인 101동 2층 204호,"186,000,000","130,200,000",낙찰,"133,989,000",72.0%,2025-06-05,2025_2Q,2
울산 4계 2024-111598,중기,기타토지,기타토지,울산,울주군,울산 울주군 언양읍 반천리 534 복산주차장내 보관,"54,000,000","26,460,000",낙찰,"33,400,000",61.9%,2025-02-18,2025_1Q,3
울산 6계 2024-111697,연립,연립주택,연립·빌라,울산,동구,"울산 동구 전하동 300-82 ,300-83 동남하이츠빌라 2층 201호","181,000,000","88,690,000",낙찰,"101,000,000",55.8%,2025-03-19,2025_1Q,2
울산 9계 2024-111871,차량,기타토지,기타토지,울산,남구,울산 남구 두왕동 453-7 현대주차장내 보관,"62,000,000","43,400,000",낙찰,"58,680,000",94.6%,2025-01-15,2025_1Q,3
울산 3계 2024-111970,아파트,아파트,아파트,울산,중구,울산 중구 서동 34-2 서동현대 101동 6층 611호,"130,000,000","91,000,000",낙찰,"105,410,000",81.1%,2025-05-27,2025_2Q,2
울산 10계 2024-112157,아파트,아파트,아파트,울산,동구,울산 동구 화정동 949 힐스테이트이스턴베이 102동 9층 903호,"361,000,000","252,700,000",낙찰,"380,710,000",105.5%,2025-05-08,2025_2Q,2
울산 10계 2024-112393,근린상가,근린상가,근린상가,울산,북구,"울산 북구 송정동 1232-1 ,1232-7 골드테라스Ⅰ 8층 805호","1,090,000,000","534,100,000",낙찰,"564,230,000",51.8%,2025-06-12,2025_2Q,2
울산 7계 2024-112515,아파트,아파트,아파트,울산,남구,울산 남구 신정동 1868 대공원월드메르디앙 106동 5층 501호,"1,270,000,000","889,000,000",낙찰,"1,020,040,000",80.3%,2025-06-05,2025_2Q,2
울산 7계 2024-112744,아파트,아파트,아파트,울산,북구,"울산 북구 상안동 381-1 ,369-6,371-11,1204-21,천곡동 409,1022-12 쌍용아진그린타운 207동 10층 1004호","255,000,000","178,500,000",낙찰,"213,888,000",83.9%,2025-06-05,2025_2Q,2
울산 10계 2024-112829,아파트,아파트,아파트,울산,동구,울산 동구 화정동 949 힐스테이트이스턴베이 115동 4층 401호,"295,000,000","206,500,000",낙찰,"287,100,000",97.3%,2025-05-08,2025_2Q,2
울산 3계 2024-113044,아파트,아파트,아파트,울산,북구,울산 북구 매곡동 865 월드메르디앙 월드시티 203동 7층 703호,"383,000,000","268,100,000",낙찰,"357,000,000",93.2%,2025-05-27,2025_2Q,2
울산 1계 2024-113617,차량,기타토지,기타토지,울산,울주군,울산 울주군 언양읍 반천리 534 주차장(제3자이성학에게)내보관,"10,000,000","4,900,000",낙찰,"6,100,000",61.0%,2025-02-25,2025_1Q,3
울산 4계 2024-113723,차량,기타토지,기타토지,울산,남구,울산 남구 두왕동 453-7 현대주차장내 보관,"11,000,000","5,390,000",낙찰,"6,470,000",58.8%,2025-03-25,2025_1Q,2
울산 3계 2024-114139,차량,기타토지,기타토지,울산,남구,울산 남구 두왕동 453-7 내 보관,"18,500,000","12,950,000",낙찰,"13,120,000",70.9%,2025-01-07,2025_1Q,3
울산 7계 2024-114825(1),아파트,아파트,아파트,울산,울주군,울산 울주군 언양읍 송대리 53-1 양우내안애더퍼스트 116동 5층 505호,"248,000,000","173,600,000",낙찰,"211,550,000",85.3%,2025-06-05,2025_2Q,2
울산 8계 2024-115064,차량,기타토지,기타토지,울산,울주군,울산 울주군 언양읍 반천리 534 복산주차장내 보관,"24,000,000","11,760,000",낙찰,"13,666,000",56.9%,2025-04-17,2025_2Q,2
울산 10계 2024-115088,아파트,아파트,아파트,울산,중구,울산 중구 태화동 207-2 우정혁신엘에이치3단지 303동 6층 602호,"344,000,000","344,000,000",낙찰,"346,000,000",100.6%,2025-05-08,2025_2Q,2
울산 7계 2024-115156,아파트,아파트,아파트,울산,남구,울산 남구 신정동 58-5 남경노블랜드 12층 1203호,"244,000,000","244,000,000",낙찰,"264,610,000",108.4%,2025-06-05,2025_2Q,2
울산 6계 2024-115408,차량,기타토지,기타토지,울산,울주군,울산 울주군 언양읍 반천리 534 복산주차장내(제3자 이성학) 보관,"11,500,000","5,635,000",낙찰,"6,830,000",59.4%,2025-03-19,2025_1Q,2
울산 1계 2024-115453,차량,기타토지,기타토지,울산,남구,울산 남구 두왕동 453-7 현대주차장(제2자손영숙에게)내보관,"19,000,000","13,300,000",낙찰,"16,500,000",86.8%,2025-01-21,2025_1Q,3
울산 5계 2024-115538,차량,기타토지,기타토지,울산,울주군,울산 울주군 언양읍 반천리 534 복산주차장내보관,"5,000,000","3,500,000",낙찰,"3,850,000",77.0%,2025-03-12,2025_1Q,2
울산 1계 2024-116999,대지,나대지,나대지,울산,북구,울산 북구 송정동 1225-3,"900,240,000","630,168,000",낙찰,"756,000,000",84.0%,2025-04-01,2025_2Q,2
울산 3계 2024-117015,중기,기타토지,기타토지,울산,울주군,울산 울주군 언양읍 반천리 534 복산주차장내 보관,"185,000,000","129,500,000",낙찰,"156,200,000",84.4%,2025-02-11,2025_1Q,3
울산 8계 2024-117176,차량,기타토지,기타토지,울산,남구,울산 남구 두왕동 453-7 현대주차장내보관,"25,000,000","17,500,000",낙찰,"20,824,002",83.3%,2025-04-17,2025_2Q,2
울산 1계 2024-117565,차량,기타토지,기타토지,울산,울주군,울산 울주군 언양읍 반천리 534 복산주차장(제3자 이성학)내 보관,"13,000,000","6,370,000",낙찰,"8,533,000",65.6%,2025-05-13,2025_2Q,2
울산 1계 2024-117633,차량,기타토지,기타토지,울산,남구,울산 남구 두왕동 453-7 현대주차장내 보관,"6,000,000","6,000,000",낙찰,"6,510,000",108.5%,2025-05-13,2025_2Q,2
울산 1계 2024-117862,중기,기타토지,기타토지,울산,남구,울산 남구 두왕동 453-7 현대주차장(제3자 손영숙)내 보관,"110,000,000","77,000,000",낙찰,"77,510,000",70.5%,2025-06-17,2025_2Q,2
울산 9계 2024-117923,차량,기타토지,기타토지,울산,울주군,울산 울주군 언양읍 반천리 534 복산주차장내 보관(제3자 이성학에게 보관),"40,000,000","28,000,000",낙찰,"35,550,000",88.9%,2025-04-30,2025_2Q,2
울산 10계 2024-118056,차량,기타토지,기타토지,울산,울주군,울산 울주군 언양읍 반천리 534 복산주차장내 보관,"13,500,000","9,450,000",낙찰,"10,530,000",78.0%,2025-05-08,2025_2Q,2
울산 8계 2024-118926,아파트,아파트,아파트,울산,북구,울산 북구 매곡동 917 오토밸리로효성해링턴플레이스 109동 16층 1606호,"316,000,000","316,000,000",낙찰,"316,761,000",100.2%,2025-06-26,2025_2Q,2
울산 10계 2024-118940,차량,기타토지,기타토지,울산,울주군,울산 울주군 언양읍 반천리 534 복산주차장내 보관,"22,000,000","15,400,000",낙찰,"18,800,000",85.5%,2025-05-08,2025_2Q,2
울산 5계 2024-119547,차량,기타토지,기타토지,울산,남구,울산 남구 두왕동 453-7 현대주차장내 보관,"27,000,000","18,900,000",낙찰,"23,510,000",87.1%,2025-04-16,2025_2Q,2
울산 6계 2024-120042,차량,기타토지,기타토지,울산,남구,울산 남구 두왕동 453-7 현대주차장(제2자손영숙에게)내보관,"22,000,000","15,400,000",낙찰,"18,750,000",85.2%,2025-05-28,2025_2Q,2
울산 5계 2013-9828,임야,임야,임야,울산,울주군,울산 울주군 두서면 차리 산23,"316,620,000","42,496,000",낙찰,"42,520,000",13.4%,2025-11-19,2025_4Q,1
울산 2계 2017-106345,아파트,아파트,아파트,울산,중구,울산 중구 동동 116-1 홍일 A동 3층 306호,"74,000,000","25,382,000",낙찰,"31,999,990",43.2%,2025-11-06,2025_4Q,1
울산 7계 2021-100733,전,전,전,울산,울주군,울산 울주군 청량읍 용암리 366,"9,914,400","1,667,000",낙찰,"3,500,000",35.3%,2025-10-23,2025_4Q,1
울산 8계 2021-107154,아파트,아파트,아파트,울산,중구,울산 중구 성안동 799-9 세영파크홈3차 7층 704호,"205,000,000","100,450,000",낙찰,"160,159,990",78.1%,2025-09-04,2025_3Q,2
울산 4계 2022-3761(2),전,전,전,울산,울주군,울산 울주군 삼동면 둔기리 590-4,"345,126,000","118,378,000",낙찰,"118,500,000",34.3%,2025-07-08,2025_3Q,2
울산 4계 2022-3761(3),임야,임야,임야,울산,울주군,울산 울주군 삼동면 둔기리 산282-1,"445,888,000","107,058,000",낙찰,"111,120,000",24.9%,2025-08-12,2025_3Q,2
울산 4계 2022-104732,단독주택,단독,단독주택,울산,북구,울산 북구 진장동 736-1,"1,672,019,200","819,289,000",낙찰,"1,171,999,000",70.1%,2025-07-08,2025_3Q,2
울산 6계 2023-3362(2),아파트,아파트,아파트,울산,남구,울산 남구 삼산동 1403-3 태화강더뷰 11층 1113호,"85,000,000","59,500,000",낙찰,"81,190,000",95.5%,2025-10-01,2025_4Q,1
울산 7계 2023-3621(1),공장,공장(지식산업센터 업무시설),공장,울산,울주군,울산 울주군 상북면 길천리 20,"1,865,857,000","914,270,000",낙찰,"1,034,100,000",55.4%,2025-10-23,2025_4Q,1
울산 4계 2023-3942,근린상가,근린상가,근린상가,울산,중구,울산 중구 서동 612-7 굿프라임1 2층 204호,"458,000,000","53,883,000",낙찰,"83,500,000",18.2%,2025-08-12,2025_3Q,2
울산 5계 2023-3959,근린상가,근린상가,근린상가,울산,중구,울산 중구 서동 612-7 굿프라임1 2층 205호,"458,000,000","53,883,000",낙찰,"88,888,880",19.4%,2025-09-03,2025_3Q,2
울산 10계 2023-4006(1),근린상가,근린상가,근린상가,울산,중구,울산 중구 서동 612-7 굿프라임1 3층 303호,"373,000,000","89,557,000",낙찰,"95,000,000",25.5%,2025-07-16,2025_3Q,2
울산 10계 2023-4006(2),근린상가,근린상가,근린상가,울산,중구,울산 중구 서동 612-7 굿프라임1 3층 304호,"351,000,000","120,393,000",낙찰,"125,000,000",35.6%,2025-09-25,2025_3Q,1
울산 7계 2023-4075,근린상가,근린상가,근린상가,울산,중구,울산 중구 서동 612-7 굿프라임Ⅰ 4층 413호,"393,000,000","66,051,000",낙찰,"90,210,000",23.0%,2025-08-14,2025_3Q,2
울산 1계 2023-4488(1),공장,공장(지식산업센터 업무시설),공장,울산,울주군,"울산 울주군 온산읍 삼평리 574 ,574-2,587","2,876,954,600","1,409,708,000",낙찰,"2,040,000,000",70.9%,2025-08-26,2025_3Q,2
울산 1계 2023-4488(2),답,답,답,울산,울주군,울산 울주군 온산읍 삼평리 587-4,"11,826,000","4,057,000",낙찰,"4,057,000",34.3%,2025-11-04,2025_4Q,1
울산 9계 2023-4983,창고,기타건물,창고,울산,북구,울산 북구 염포동 314-4,"584,063,000","140,234,000",낙찰,"155,100,000",26.6%,2025-08-13,2025_3Q,2
울산 8계 2023-6538,아파트,아파트,아파트,울산,울주군,"울산 울주군 온양읍 망양리 2지구5블럭1롯트,2지구5블록2롯트,2지구9블럭1롯트,2지구9블럭2롯트,2지구9블럭3롯트,2지구9블럭4롯트,2지구9블럭5롯트 회야리버 104동 12층 1209호","79,000,000","55,300,000",낙찰,"70,988,000",89.9%,2025-10-14,2025_4Q,1
울산 1계 2023-6804(2),임야,임야,임야,울산,울주군,울산 울주군 서생면 위양리 산81-17,"46,592,000","2,686,000",낙찰,"3,100,000",6.7%,2025-08-26,2025_3Q,2
울산 4계 2023-7098(1),숙박시설,숙박시설,숙박시설,울산,중구,"울산 중구 성남동 191-6 ,191-21 울산호텔리버사이드 지하1층 1호","446,000,000","52,472,000",낙찰,"56,780,000",12.7%,2025-11-25,2025_4Q,1
울산 4계 2023-7098(3),숙박시설,숙박시설,숙박시설,울산,중구,"울산 중구 성남동 191-6 ,191-21 울산호텔리버사이드 10층 1001호","163,000,000","39,136,000",낙찰,"42,999,990",26.4%,2025-09-16,2025_3Q,1
울산 4계 2023-7098(4),숙박시설,숙박시설,숙박시설,울산,중구,"울산 중구 성남동 191-6 ,191-21 울산호텔리버사이드 16층 1603호","187,000,000","44,899,000",낙찰,"46,999,990",25.1%,2025-09-16,2025_3Q,1
울산 6계 2023-7418,다가구,다가구,다가구,울산,동구,울산 동구 방어동 1005-4,"1,437,544,040","493,078,000",낙찰,"750,001,000",52.2%,2025-11-05,2025_4Q,1
울산 7계 2023-7425,숙박시설,숙박시설,숙박시설,울산,울주군,"울산 울주군 상북면 등억알프스리 산220-2 A1동,A2동,A3동,A4동,A5동,A6동,A7동,B1동,B2동,B3동호","9,148,295,130","1,537,554,000",낙찰,"1,600,050,000",17.5%,2025-11-27,2025_4Q,1
울산 2계 2023-8114(1),전,전,전,울산,울주군,울산 울주군 두서면 전읍리 36,"776,622,000","130,527,000",낙찰,"171,100,000",22.0%,2025-10-02,2025_4Q,1
울산 6계 2023-8763,임야,임야,임야,울산,울주군,울산 울주군 상북면 덕현리 780-1,"300,548,000","103,088,000",낙찰,"114,200,000",38.0%,2025-10-01,2025_4Q,1
울산 8계 2023-9056,근린상가,근린상가,근린상가,울산,울주군,울산 울주군 삼남읍 교동리 1709-12,"1,537,626,670","753,437,000",낙찰,"918,889,000",59.8%,2025-11-18,2025_4Q,1
울산 5계 2023-9872,아파트,아파트,아파트,울산,울주군,울산 울주군 범서읍 구영리 796-2 한신 201동 18층 1802호,"182,000,000","127,400,000",낙찰,"182,000,000",100.0%,2025-09-03,2025_3Q,2
울산 7계 2023-9926,아파트,아파트,아파트,울산,동구,울산 동구 방어동 120-5 방어진 5층 606호,"81,000,000","27,783,000",낙찰,"29,598,900",36.5%,2025-09-11,2025_3Q,1
울산 10계 2023-10544,다세대,다세대주택,다세대,울산,울주군,울산 울주군 범서읍 구영리 400-1 지엠그린하우스 4층 401호,"187,000,000","130,900,000",낙찰,"175,758,000",94.0%,2025-08-21,2025_3Q,2
울산 10계 2023-11189(1),대지,나대지,나대지,울산,동구,울산 동구 방어동 1137-2,"773,094,000","185,620,000",낙찰,"187,000,000",24.2%,2025-10-30,2025_4Q,1
울산 10계 2023-11189(2),근린상가,근린상가,근린상가,울산,동구,울산 동구 방어동 1137-3 문현시장형상가 나동 2층 201호,"22,000,000","5,282,000",낙찰,"6,680,000",30.4%,2025-12-04,2025_4Q,1
울산 10계 2023-11189(3),근린상가,근린상가,근린상가,울산,동구,울산 동구 방어동 1137-1 문현시장형상가 다동 1층 109호,"60,000,000","20,580,000",낙찰,"21,777,000",36.3%,2025-10-30,2025_4Q,1
울산 7계 2023-11394,대지,나대지,나대지,울산,북구,울산 북구 산하동 980-5,"763,686,000","261,944,000",낙찰,"389,848,000",51.0%,2025-11-27,2025_4Q,1
울산 7계 2023-11585,주상복합(상가),기타토지,기타토지,울산,남구,울산 남구 신정동 1873 대공원코오롱파크폴리스 2층 206호,"800,000,000","392,000,000",낙찰,"512,000,000",64.0%,2025-10-23,2025_4Q,1
울산 5계 2023-100195,아파트,아파트,아파트,울산,북구,울산 북구 매곡동 842 매곡푸르지오1단지 109동 4층 401호,"345,000,000","241,500,000",낙찰,"311,500,000",90.3%,2025-12-23,2025_4Q,0
울산 6계 2023-103408,다세대,다세대주택,다세대,울산,남구,울산 남구 무거동 1005-27 대현빌라 3층 301호,"214,000,000","8,636,000",낙찰,"10,011,000",4.7%,2025-07-23,2025_3Q,2
울산 10계 2023-103934,단독주택,단독,단독주택,울산,울주군,울산 울주군 범서읍 구영리 396-4,"1,143,710,800","560,419,000",낙찰,"750,000,000",65.6%,2025-07-16,2025_3Q,2
울산 7계 2023-105459(1),오피스텔(주거),오피스텔,오피스텔(업무용),울산,남구,울산 남구 삼산동 1478-3 더블리안 1동 2층 201호,"132,000,000","45,276,000",낙찰,"71,190,000",53.9%,2025-10-23,2025_4Q,1
울산 7계 2023-105459(2),오피스텔(주거),오피스텔,오피스텔(업무용),울산,남구,울산 남구 삼산동 1478-3 더블리안 1동 2층 202호,"137,000,000","46,991,000",낙찰,"71,190,000",52.0%,2025-10-23,2025_4Q,1
울산 7계 2023-105459(3),오피스텔(주거),오피스텔,오피스텔(업무용),울산,남구,울산 남구 삼산동 1478-3 더블리안 1동 2층 203호,"137,000,000","67,130,000",낙찰,"72,510,001",52.9%,2025-11-27,2025_4Q,1
울산 7계 2023-105459(4),오피스텔(주거),오피스텔,오피스텔(업무용),울산,남구,울산 남구 삼산동 1478-3 더블리안 1동 2층 204호,"132,000,000","45,276,000",낙찰,"71,190,000",53.9%,2025-10-23,2025_4Q,1
울산 7계 2023-105459(5),오피스텔(주거),오피스텔,오피스텔(업무용),울산,남구,울산 남구 삼산동 1478-3 더블리안 1동 3층 301호,"137,000,000","67,130,000",낙찰,"68,280,000",49.8%,2025-09-11,2025_3Q,1
울산 7계 2023-105459(6),오피스텔(주거),오피스텔,오피스텔(업무용),울산,남구,울산 남구 삼산동 1478-3 더블리안 1동 3층 302호,"143,000,000","70,070,000",낙찰,"70,351,900",49.2%,2025-09-11,2025_3Q,1
울산 7계 2023-105459(7),오피스텔(주거),오피스텔,오피스텔(업무용),울산,남구,울산 남구 삼산동 1478-3 더블리안 1동 3층 303호,"143,000,000","70,070,000",낙찰,"70,350,000",49.2%,2025-09-11,2025_3Q,1
울산 7계 2023-105459(8),오피스텔(주거),오피스텔,오피스텔(업무용),울산,남구,울산 남구 삼산동 1478-3 더블리안 1동 3층 304호,"137,000,000","67,130,000",낙찰,"68,280,000",49.8%,2025-09-11,2025_3Q,1
울산 7계 2023-105459(9),오피스텔(주거),오피스텔,오피스텔(업무용),울산,남구,울산 남구 삼산동 1478-3 더블리안 1동 4층 401호,"132,000,000","45,276,000",낙찰,"73,190,000",55.4%,2025-10-23,2025_4Q,1
울산 7계 2023-105459(10),오피스텔(주거),오피스텔,오피스텔(업무용),울산,남구,울산 남구 삼산동 1478-3 더블리안 1동 4층 402호,"137,000,000","67,130,000",낙찰,"76,000,000",55.5%,2025-11-27,2025_4Q,1
울산 7계 2023-105459(12),오피스텔(주거),오피스텔,오피스텔(업무용),울산,남구,울산 남구 삼산동 1478-3 더블리안 1동 4층 404호,"132,000,000","64,680,000",낙찰,"72,100,000",54.6%,2025-11-27,2025_4Q,1
울산 7계 2023-105459(13),오피스텔(주거),오피스텔,오피스텔(업무용),울산,남구,울산 남구 삼산동 1478-3 더블리안 1동 5층 501호,"133,000,000","65,170,000",낙찰,"76,000,000",57.1%,2025-11-27,2025_4Q,1
울산 7계 2023-105459(14),오피스텔(주거),오피스텔,오피스텔(업무용),울산,남구,울산 남구 삼산동 1478-3 더블리안 1동 5층 502호,"138,000,000","67,620,000",낙찰,"74,190,000",53.8%,2025-10-23,2025_4Q,1
울산 7계 2023-105459(15),오피스텔(주거),오피스텔,오피스텔(업무용),울산,남구,울산 남구 삼산동 1478-3 더블리안 1동 5층 503호,"138,000,000","67,620,000",낙찰,"69,600,000",50.4%,2025-09-11,2025_3Q,1
울산 7계 2023-105459(16),오피스텔(주거),오피스텔,오피스텔(업무용),울산,남구,울산 남구 삼산동 1478-3 더블리안 1동 5층 504호,"133,000,000","65,170,000",낙찰,"76,660,000",57.6%,2025-09-11,2025_3Q,1
울산 7계 2023-105459(17),오피스텔(주거),오피스텔,오피스텔(업무용),울산,남구,울산 남구 삼산동 1478-3 더블리안 1동 6층 601호,"133,000,000","65,170,000",낙찰,"65,670,100",49.4%,2025-09-11,2025_3Q,1
울산 7계 2023-105459(19),오피스텔(주거),오피스텔,오피스텔(업무용),울산,남구,울산 남구 삼산동 1478-3 더블리안 1동 6층 604호,"133,000,000","65,170,000",낙찰,"76,000,000",57.1%,2025-11-27,2025_4Q,1
울산 7계 2023-105459(20),오피스텔(주거),오피스텔,오피스텔(업무용),울산,남구,울산 남구 삼산동 1478-3 더블리안 1동 7층 701호,"133,000,000","65,170,000",낙찰,"77,000,000",57.9%,2025-11-27,2025_4Q,1
울산 7계 2023-105459(22),오피스텔(주거),오피스텔,오피스텔(업무용),울산,남구,울산 남구 삼산동 1478-3 더블리안 1동 7층 703호,"138,000,000","67,620,000",낙찰,"78,220,000",56.7%,2025-11-27,2025_4Q,1
울산 7계 2023-105459(24),오피스텔(주거),오피스텔,오피스텔(업무용),울산,남구,울산 남구 삼산동 1478-3 더블리안 1동 8층 801호,"133,000,000","65,170,000",낙찰,"74,999,000",56.4%,2025-11-27,2025_4Q,1
울산 7계 2023-105459(25),오피스텔(주거),오피스텔,오피스텔(업무용),울산,남구,울산 남구 삼산동 1478-3 더블리안 1동 8층 802호,"138,000,000","67,620,000",낙찰,"76,660,000",55.6%,2025-09-11,2025_3Q,1
울산 7계 2023-105459(27),오피스텔(주거),오피스텔,오피스텔(업무용),울산,남구,울산 남구 삼산동 1478-3 더블리안 1동 8층 804호,"133,000,000","65,170,000",낙찰,"75,790,000",57.0%,2025-11-27,2025_4Q,1
울산 7계 2023-105459(28),오피스텔(주거),오피스텔,오피스텔(업무용),울산,남구,울산 남구 삼산동 1478-3 더블리안 1동 9층 901호,"134,000,000","65,660,000",낙찰,"76,660,000",57.2%,2025-09-11,2025_3Q,1
울산 7계 2023-105459(30),오피스텔(주거),오피스텔,오피스텔(업무용),울산,남구,울산 남구 삼산동 1478-3 더블리안 1동 9층 903호,"139,000,000","68,110,000",낙찰,"76,660,000",55.2%,2025-09-11,2025_3Q,1
울산 7계 2023-105459(32),오피스텔(주거),오피스텔,오피스텔(업무용),울산,남구,울산 남구 삼산동 1478-3 더블리안 1동 10층 1001호,"142,000,000","69,580,000",낙찰,"74,900,000",52.7%,2025-11-27,2025_4Q,1
울산 7계 2023-105459(34),오피스텔(주거),오피스텔,오피스텔(업무용),울산,남구,울산 남구 삼산동 1478-3 더블리안 1동 10층 1004호,"134,000,000","65,660,000",낙찰,"76,690,000",57.2%,2025-10-23,2025_4Q,1
울산 7계 2023-105459(35),오피스텔(주거),오피스텔,오피스텔(업무용),울산,남구,울산 남구 삼산동 1478-3 더블리안 1동 11층 1101호,"134,000,000","65,660,000",낙찰,"76,660,000",57.2%,2025-09-11,2025_3Q,1
울산 7계 2023-105459(36),오피스텔(주거),오피스텔,오피스텔(업무용),울산,남구,울산 남구 삼산동 1478-3 더블리안 1동 11층 1102호,"139,000,000","68,110,000",낙찰,"76,660,000",55.2%,2025-09-11,2025_3Q,1
울산 7계 2023-105459(39),오피스텔(주거),오피스텔,오피스텔(업무용),울산,남구,울산 남구 삼산동 1478-3 더블리안 1동 12층 1201호,"142,000,000","69,580,000",낙찰,"75,000,000",52.8%,2025-11-27,2025_4Q,1
울산 7계 2023-105459(40),오피스텔(주거),오피스텔,오피스텔(업무용),울산,남구,울산 남구 삼산동 1478-3 더블리안 1동 12층 1202호,"139,000,000","68,110,000",낙찰,"76,660,000",55.2%,2025-09-11,2025_3Q,1
울산 7계 2023-105459(41),오피스텔(주거),오피스텔,오피스텔(업무용),울산,남구,울산 남구 삼산동 1478-3 더블리안 1동 12층 1203호,"139,000,000","68,110,000",낙찰,"78,990,000",56.8%,2025-09-11,2025_3Q,1
울산 7계 2023-105459(42),오피스텔(주거),오피스텔,오피스텔(업무용),울산,남구,울산 남구 삼산동 1478-3 더블리안 1동 12층 1204호,"134,000,000","65,660,000",낙찰,"78,190,000",58.4%,2025-11-27,2025_4Q,1
울산 7계 2023-105459(43),오피스텔(주거),오피스텔,오피스텔(업무용),울산,남구,울산 남구 삼산동 1478-3 더블리안 1동 13층 1301호,"134,000,000","65,660,000",낙찰,"75,000,000",56.0%,2025-11-27,2025_4Q,1
울산 7계 2023-105459(44),오피스텔(주거),오피스텔,오피스텔(업무용),울산,남구,울산 남구 삼산동 1478-3 더블리안 1동 13층 1302호,"139,000,000","68,110,000",낙찰,"75,000,000",54.0%,2025-11-27,2025_4Q,1
울산 7계 2023-105459(45),오피스텔(주거),오피스텔,오피스텔(업무용),울산,남구,울산 남구 삼산동 1478-3 더블리안 1동 13층 1303호,"139,000,000","68,110,000",낙찰,"75,000,000",54.0%,2025-11-27,2025_4Q,1
울산 7계 2023-105459(46),오피스텔(주거),오피스텔,오피스텔(업무용),울산,남구,울산 남구 삼산동 1478-3 더블리안 1동 13층 1304호,"134,000,000","65,660,000",낙찰,"78,190,000",58.4%,2025-11-27,2025_4Q,1
울산 7계 2023-105459(47),오피스텔(주거),오피스텔,오피스텔(업무용),울산,남구,울산 남구 삼산동 1478-3 더블리안 1동 14층 1402호,"139,000,000","68,110,000",낙찰,"77,700,000",55.9%,2025-11-27,2025_4Q,1
울산 7계 2023-105459(48),오피스텔(주거),오피스텔,오피스텔(업무용),울산,남구,울산 남구 삼산동 1478-3 더블리안 1동 14층 1404호,"134,000,000","65,660,000",낙찰,"78,190,000",58.4%,2025-11-27,2025_4Q,1
울산 7계 2023-105459(50),오피스텔(주거),오피스텔,오피스텔(업무용),울산,남구,울산 남구 삼산동 1478-3 더블리안 1동 15층 1503호,"139,000,000","68,110,000",낙찰,"68,500,100",49.3%,2025-09-11,2025_3Q,1
울산 7계 2023-105459(51),오피스텔(주거),오피스텔,오피스텔(업무용),울산,남구,울산 남구 삼산동 1478-3 더블리안 1동 15층 1504호,"134,000,000","65,660,000",낙찰,"69,120,000",51.6%,2025-09-11,2025_3Q,1
울산 7계 2023-105459(52),오피스텔(주거),오피스텔,오피스텔(업무용),울산,남구,울산 남구 삼산동 1478-3 더블리안 1동 16층 1601호,"134,000,000","65,660,000",낙찰,"75,500,000",56.3%,2025-11-27,2025_4Q,1
울산 7계 2023-105459(53),오피스텔(주거),오피스텔,오피스텔(업무용),울산,남구,울산 남구 삼산동 1478-3 더블리안 1동 16층 1602호,"139,000,000","68,110,000",낙찰,"68,999,999",49.6%,2025-09-11,2025_3Q,1
울산 7계 2023-105459(54),오피스텔(주거),오피스텔,오피스텔(업무용),울산,남구,울산 남구 삼산동 1478-3 더블리안 1동 16층 1604호,"134,000,000","65,660,000",낙찰,"78,190,000",58.4%,2025-11-27,2025_4Q,1
울산 7계 2023-105459(57),오피스텔(주거),오피스텔,오피스텔(업무용),울산,남구,울산 남구 삼산동 1478-3 더블리안 1동 18층 1801호,"255,000,000","87,465,000",낙찰,"134,000,000",52.5%,2025-10-23,2025_4Q,1
울산 7계 2023-105459(58),오피스텔(주거),오피스텔,오피스텔(업무용),울산,남구,울산 남구 삼산동 1478-3 더블리안 1동 18층 1802호,"263,000,000","128,870,000",낙찰,"141,110,000",53.7%,2025-09-11,2025_3Q,1
울산 7계 2023-105459(11),오피스텔(주거),오피스텔,오피스텔(업무용),울산,남구,울산 남구 삼산동 1478-3 더블리안 1동 4층 403호,"137,000,000","67,130,000",낙찰,"76,000,000",55.5%,2025-11-27,2025_4Q,1
울산 7계 2023-105459(18),오피스텔(주거),오피스텔,오피스텔(업무용),울산,남구,울산 남구 삼산동 1478-3 더블리안 1동 6층 602호,"138,000,000","67,620,000",낙찰,"76,000,000",55.1%,2025-11-27,2025_4Q,1
울산 7계 2023-105459(21),오피스텔(주거),오피스텔,오피스텔(업무용),울산,남구,울산 남구 삼산동 1478-3 더블리안 1동 7층 702호,"138,000,000","67,620,000",낙찰,"78,230,000",56.7%,2025-11-27,2025_4Q,1
울산 7계 2023-105459(23),오피스텔(주거),오피스텔,오피스텔(업무용),울산,남구,울산 남구 삼산동 1478-3 더블리안 1동 7층 704호,"133,000,000","65,170,000",낙찰,"76,000,000",57.1%,2025-11-27,2025_4Q,1
울산 7계 2023-105459(29),오피스텔(주거),오피스텔,오피스텔(업무용),울산,남구,울산 남구 삼산동 1478-3 더블리안 1동 9층 902호,"139,000,000","68,110,000",낙찰,"68,900,000",49.6%,2025-11-27,2025_4Q,1
울산 7계 2023-105459(31),오피스텔(주거),오피스텔,오피스텔(업무용),울산,남구,울산 남구 삼산동 1478-3 더블리안 1동 9층 904호,"134,000,000","65,660,000",낙찰,"76,790,000",57.3%,2025-11-27,2025_4Q,1
울산 7계 2023-105459(37),오피스텔(주거),오피스텔,오피스텔(업무용),울산,남구,울산 남구 삼산동 1478-3 더블리안 1동 11층 1103호,"139,000,000","68,110,000",낙찰,"74,900,000",53.9%,2025-11-27,2025_4Q,1
울산 7계 2023-105459(38),오피스텔(주거),오피스텔,오피스텔(업무용),울산,남구,울산 남구 삼산동 1478-3 더블리안 1동 11층 1104호,"134,000,000","65,660,000",낙찰,"75,000,000",56.0%,2025-11-27,2025_4Q,1
울산 7계 2023-105459(49),오피스텔(주거),오피스텔,오피스텔(업무용),울산,남구,울산 남구 삼산동 1478-3 더블리안 1동 15층 1502호,"139,000,000","68,110,000",낙찰,"75,545,900",54.3%,2025-11-27,2025_4Q,1
울산 7계 2023-105459(55),오피스텔(주거),오피스텔,오피스텔(업무용),울산,남구,울산 남구 삼산동 1478-3 더블리안 1동 17층 1701호,"255,000,000","124,950,000",낙찰,"162,220,000",63.6%,2025-11-27,2025_4Q,1
울산 7계 2023-105459(56),오피스텔(주거),오피스텔,오피스텔(업무용),울산,남구,울산 남구 삼산동 1478-3 더블리안 1동 17층 1702호,"263,000,000","128,870,000",낙찰,"131,290,000",49.9%,2025-11-27,2025_4Q,1
울산 9계 2023-106001,아파트,아파트,아파트,울산,북구,"울산 북구 중산동 1277-1 ,1277-2,1277-3 울산오토밸리로줌파크 103동 20층 2004호","270,000,000","270,000,000",낙찰,"275,880,000",102.2%,2025-10-22,2025_4Q,1
울산 7계 2023-106407,아파트,아파트,아파트,울산,남구,울산 남구 야음동 725-1 일동미라주 102동 14층 1401호,"363,000,000","29,894,000",낙찰,"45,890,000",12.6%,2025-09-11,2025_3Q,1
울산 8계 2023-106414,아파트,아파트,아파트,울산,동구,울산 동구 서부동 491-32 한양 C동 3층 302호,"80,000,000","39,200,000",낙찰,"56,750,000",70.9%,2025-07-31,2025_3Q,2
울산 2계 2023-107257,아파트,아파트,아파트,울산,중구,울산 중구 장현동 191 에일린의뜰2차 101동 13층 1304호,"393,000,000","393,000,000",낙찰,"440,080,000",112.0%,2025-07-03,2025_3Q,2
울산 6계 2023-107776,근린상가,근린상가,근린상가,울산,울주군,울산 울주군 삼동면 조일리 1074-6,"6,444,179,320","2,210,354,000",낙찰,"2,250,000,000",34.9%,2025-08-27,2025_3Q,2
울산 8계 2023-108090,아파트,아파트,아파트,울산,울주군,"울산 울주군 청량읍 삼정리 755 ,755-4,755-5,755-7,753-3,901 쌍용하나빌리지 204동 7층 704호","126,000,000","88,200,000",낙찰,"88,989,000",70.6%,2025-11-18,2025_4Q,1
울산 1계 2023-109246,공장,공장(지식산업센터 업무시설),공장,울산,울주군,"울산 울주군 삼동면 조일리 1313-22 ,1313-14,1313-20 A동","3,645,881,510","1,786,482,000",낙찰,"2,300,000,000",63.1%,2025-11-04,2025_4Q,1
울산 4계 2023-109444,근린상가,근린상가,근린상가,울산,울주군,울산 울주군 두서면 전읍리 723-1,"2,357,210,440","808,523,000",낙찰,"1,155,033,000",49.0%,2025-08-12,2025_3Q,2
울산 9계 2023-109499,임야,임야,임야,울산,울주군,울산 울주군 웅촌면 대대리 1637-23,"940,072,590","225,712,000",낙찰,"225,800,000",24.0%,2025-07-09,2025_3Q,2
울산 1계 2023-109727,임야,임야,임야,울산,울주군,울산 울주군 서생면 화산리 산121-7,"74,033,600","12,443,000",낙찰,"14,560,000",19.7%,2025-11-04,2025_4Q,1
울산 10계 2023-111058,아파트,아파트,아파트,울산,중구,"울산 중구 반구동 290-2 ,292,297-4 한라그랜드맨션 10층 1010호","135,000,000","94,500,000",낙찰,"104,290,000",77.3%,2025-07-16,2025_3Q,2
울산 6계 2023-111485,아파트,아파트,아파트,울산,울주군,울산 울주군 온양읍 대안리 575 럭키남창 B동 4층 409호,"85,000,000","59,500,000",낙찰,"85,559,000",100.7%,2025-10-01,2025_4Q,1
울산 9계 2023-111928,오피스텔,오피스텔,오피스텔(업무용),울산,북구,"울산 북구 산하동 972-6 ,972-7 뉴타운 1동 6층 608호","110,000,000","53,900,000",낙찰,"65,000,000",59.1%,2025-07-09,2025_3Q,2
울산 2계 2023-112310,답,답,답,울산,울주군,울산 울주군 서생면 명산리 463-1,"1,351,747,000","298,202,000",낙찰,"432,700,000",32.0%,2025-08-28,2025_3Q,2
울산 8계 2023-112723,단독주택,단독,단독주택,울산,동구,울산 동구 화정동 847-18,"378,319,000","185,376,000",낙찰,"190,120,000",50.3%,2025-07-31,2025_3Q,2
울산 3계 2023-112853,오피스텔(주거),오피스텔,오피스텔(업무용),울산,북구,울산 북구 명촌동 870-1 씨앤펠리스파크 3층 302호,"257,000,000","30,236,000",낙찰,"30,236,000",11.8%,2025-07-15,2025_3Q,2
울산 1계 2023-113566(2),근린상가,근린상가,근린상가,울산,중구,울산 중구 약사동 349-2 동명프라자 1층 111호,"239,000,000","57,384,000",낙찰,"71,090,000",29.7%,2025-07-22,2025_3Q,2
울산 1계 2023-113566(1),자동차시설,기타건물,기타건물,울산,중구,"울산 중구 약사동 349-2 동명프라자 1,2,3층 피1호","18,000,000","4,322,000",낙찰,"4,322,000",24.0%,2025-07-22,2025_3Q,2
울산 7계 2023-113627,근린상가,근린상가,근린상가,울산,동구,"울산 동구 서부동 244-5 ,244-7,산162-30,산162-49 세운상가 지하층 근린생활시설호","224,000,000","53,782,000",낙찰,"77,077,779",34.4%,2025-09-11,2025_3Q,1
울산 9계 2023-113641,오피스텔(주거),오피스텔,오피스텔(업무용),울산,남구,울산 남구 신정동 627-3 더렉스 8층 803호,"215,000,000","105,350,000",낙찰,"143,720,000",66.8%,2025-07-09,2025_3Q,2
울산 9계 2023-113764(9),단독주택,단독,단독주택,울산,울주군,울산 울주군 범서읍 중리 52,"112,087,600","54,923,000",낙찰,"56,580,000",50.5%,2025-07-09,2025_3Q,2
울산 9계 2023-113764(10),단독주택,단독,단독주택,울산,울주군,울산 울주군 범서읍 중리 56,"296,715,000","101,774,000",낙찰,"125,200,000",42.2%,2025-08-13,2025_3Q,2
울산 7계 2023-113856,다세대,다세대주택,다세대,울산,남구,울산 남구 달동 625-8 달동 1동 5층 502호,"256,000,000","125,440,000",낙찰,"189,000,000",73.8%,2025-07-10,2025_3Q,2
울산 8계 2023-114040,아파트,아파트,아파트,울산,중구,울산 중구 우정동 225-11 드림캐슬 6층 601호,"238,000,000","166,600,000",낙찰,"250,890,000",105.4%,2025-07-31,2025_3Q,2
울산 8계 2023-114132,근린주택,근린주택,근린주택,울산,동구,울산 동구 방어동 1146-27,"370,471,100","127,072,000",낙찰,"144,900,000",39.1%,2025-11-18,2025_4Q,1
울산 6계 2023-114255,아파트,아파트,아파트,울산,중구,울산 중구 옥교동 82-1 태화강엑소디움 102동 37층 3701호,"639,000,000","447,300,000",낙찰,"605,758,000",94.8%,2025-08-27,2025_3Q,2
울산 8계 2023-114279,단독주택,단독,단독주택,울산,울주군,울산 울주군 상북면 궁근정리 1194-6,"602,516,700","206,663,000",낙찰,"331,000,000",54.9%,2025-09-04,2025_3Q,2
울산 9계 2023-114415,답,답,답,울산,울주군,울산 울주군 두동면 월평리 283-3,"24,422,000","2,874,000",낙찰,"3,100,000",12.7%,2025-08-13,2025_3Q,2
울산 9계 2023-114965(1),임야,임야,임야,울산,남구,울산 남구 옥동 산110,"2,552,023,800","1,250,492,000",낙찰,"2,022,150,000",79.2%,2025-10-22,2025_4Q,1
울산 9계 2023-114965(2),임야,임야,임야,울산,남구,울산 남구 옥동 산113-5,"1,627,721,000","1,139,405,000",낙찰,"1,196,500,000",73.5%,2025-09-17,2025_3Q,1
울산 9계 2023-114965(3),임야,임야,임야,울산,남구,울산 남구 옥동 산113-1,"2,580,760,000","1,264,572,000",낙찰,"1,309,000,000",50.7%,2025-10-22,2025_4Q,1
울산 9계 2023-114965(4),임야,임야,임야,울산,동구,울산 동구 동부동 산162,"4,998,000","3,499,000",낙찰,"3,553,000",71.1%,2025-09-17,2025_3Q,1
울산 9계 2023-114965(6),임야,임야,임야,울산,남구,울산 남구 옥동 산112-13,"1,693,368,000","829,751,000",낙찰,"859,000,000",50.7%,2025-10-22,2025_4Q,1
울산 8계 2023-115081,아파트,아파트,아파트,울산,남구,울산 남구 야음동 462-1 외170 번영로하늘채센트럴파크 108동 10층 1001호,"672,000,000","470,400,000",낙찰,"624,999,000",93.0%,2025-10-14,2025_4Q,1
울산 2계 2023-115135,임야,임야,임야,울산,울주군,울산 울주군 삼남읍 교동리 산154-8,"514,917,790","176,616,000",낙찰,"180,300,000",35.0%,2025-07-03,2025_3Q,2
울산 4계 2023-115432,근린상가,근린상가,근린상가,울산,울주군,울산 울주군 범서읍 구영리 387-1,"2,395,362,020","821,609,000",낙찰,"1,198,980,000",50.1%,2025-08-12,2025_3Q,2
울산 8계 2023-115470,근린상가,근린상가,근린상가,울산,북구,울산 북구 산하동 1026-2 아너스빌딩 1층 104호,"560,000,000","94,119,000",낙찰,"115,550,000",20.6%,2025-07-31,2025_3Q,2
울산 1계 2023-115517(1),근린상가,근린상가,근린상가,울산,북구,울산 북구 신천동 334-11 필그린 지하층 101호,"580,000,000","68,237,000",낙찰,"71,120,000",12.3%,2025-07-22,2025_3Q,2
울산 1계 2023-115517(2),근린상가,근린상가,근린상가,울산,북구,울산 북구 신천동 334-11 필그린 지하층 31호,"12,000,000","988,000",낙찰,"1,010,000",8.4%,2025-09-30,2025_3Q,1
울산 3계 2023-115876,다세대,다세대주택,다세대,울산,동구,울산 동구 방어동 1094-8 성광빌라 3층 301호,"110,000,000","77,000,000",낙찰,"110,000,000",100.0%,2025-12-02,2025_4Q,1
울산 8계 2023-115982,근린상가,근린상가,근린상가,울산,울주군,울산 울주군 언양읍 동부리 372-10,"1,122,948,268","550,245,000",낙찰,"578,700,000",51.5%,2025-07-03,2025_3Q,2
울산 5계 2023-116138,아파트,아파트,아파트,울산,북구,울산 북구 명촌동 울산강변효성해링턴플레이스(84블럭) 402동 2층 202호,"429,000,000","300,300,000",낙찰,"412,989,000",96.3%,2025-11-19,2025_4Q,1
울산 7계 2023-116350(1),임야,임야,임야,울산,울주군,울산 울주군 삼동면 보은리 산232-15,"185,538,000","44,548,000",낙찰,"45,111,111",24.3%,2025-09-11,2025_3Q,1
울산 2계 2023-116794,단독주택,단독,단독주택,울산,울주군,울산 울주군 두동면 구미리 139-1 1동,"1,394,503,600","976,153,000",낙찰,"1,200,000,000",86.1%,2025-10-02,2025_4Q,1
울산 7계 2024-391(2),아파트,아파트,아파트,울산,동구,"울산 동구 동부동 150 ,150-1,218-1,592-20 현대패밀리동부 113동 2층 205호","92,000,000","5,303,000",낙찰,"5,400,000",5.9%,2025-09-11,2025_3Q,1
울산 10계 2024-421(3),답,답,답,울산,울주군,울산 울주군 청량읍 문죽리 794-1,"8,372,000","5,860,000",낙찰,"6,020,000",71.9%,2025-07-16,2025_3Q,2
울산 10계 2024-421(4),전,전,전,울산,울주군,울산 울주군 청량읍 문죽리 1054,"39,035,000","19,128,000",낙찰,"20,120,000",51.5%,2025-08-21,2025_3Q,2
울산 6계 2024-445,대지,나대지,나대지,울산,울주군,울산 울주군 상북면 등억알프스리 534-7,"1,357,161,400","228,098,000",낙찰,"333,888,777",24.6%,2025-11-05,2025_4Q,1
울산 9계 2024-476,단독주택,단독,단독주택,울산,울주군,울산 울주군 두서면 차리 375-8,"277,731,800","136,088,000",낙찰,"173,000,000",62.3%,2025-10-22,2025_4Q,1
울산 8계 2024-551,공장,공장(지식산업센터 업무시설),공장,울산,울주군,울산 울주군 두서면 구량리 617,"3,292,566,640","1,617,600,000",낙찰,"1,800,000,000",54.7%,2025-10-14,2025_4Q,1
울산 9계 2024-650,단독주택,단독,단독주택,울산,울주군,울산 울주군 두서면 활천리 331-9,"293,851,600","143,987,000",낙찰,"165,000,000",56.2%,2025-07-09,2025_3Q,2
울산 8계 2024-735,아파트,아파트,아파트,울산,동구,울산 동구 방어동 1064 현대중공업(주)외국인 101동 4층 404호,"186,000,000","91,140,000",낙찰,"169,900,000",91.3%,2025-07-31,2025_3Q,2
울산 10계 2024-902,숙박시설,숙박시설,숙박시설,울산,울주군,울산 울주군 삼남읍 가천리 305-4 에이동호,"2,961,532,000","1,451,150,000",낙찰,"1,469,150,000",49.6%,2025-12-04,2025_4Q,1
울산 8계 2024-1158,근린주택,근린주택,근린주택,울산,중구,울산 중구 서동 41-9,"861,132,320","295,369,000",낙찰,"388,900,000",45.2%,2025-10-14,2025_4Q,1
울산 7계 2024-1257,아파트,아파트,아파트,울산,북구,울산 북구 매곡동 864 월드메르디앙 월드시티 108동 16층 1602호,"323,000,000","323,000,000",낙찰,"335,888,000",104.0%,2025-08-14,2025_3Q,2
울산 1계 2024-1448,자동차시설,기타건물,기타건물,울산,중구,울산 중구 장현동 124-11,"4,876,394,280","1,170,822,000",낙찰,"1,651,900,000",33.9%,2025-07-22,2025_3Q,2
울산 5계 2024-1523,단독주택,단독,단독주택,울산,중구,울산 중구 옥교동 308-16,"754,896,920","369,900,000",낙찰,"410,400,000",54.4%,2025-09-03,2025_3Q,2
울산 10계 2024-1646,단독주택,단독,단독주택,울산,울주군,"울산 울주군 언양읍 직동리 1132-23 ,1132-26","433,322,390","104,041,000",낙찰,"148,630,000",34.3%,2025-09-25,2025_3Q,1
울산 7계 2024-1691,근린상가,근린상가,근린상가,울산,남구,울산 남구 신정동 533-5,"1,662,134,480","570,112,000",낙찰,"620,200,000",37.3%,2025-09-11,2025_3Q,1
울산 9계 2024-1721,임야,임야,임야,울산,울주군,울산 울주군 상북면 소호리 1121-9,"194,097,000","32,622,000",낙찰,"40,200,000",20.7%,2025-08-13,2025_3Q,2
울산 1계 2024-1820,대지,나대지,나대지,울산,울주군,울산 울주군 서생면 진하리 74-5,"766,800,000","375,732,000",낙찰,"440,000,200",57.4%,2025-07-22,2025_3Q,2
울산 6계 2024-1844(1),근린상가,근린상가,근린상가,울산,북구,"울산 북구 송정동 1232-1 ,1232-7 골드테라스1 3층 305호","1,520,000,000","521,360,000",낙찰,"525,050,000",34.5%,2025-08-27,2025_3Q,2
울산 5계 2024-1929,임야,임야,임야,울산,남구,울산 남구 옥동 474-1,"100,488,000","49,239,000",낙찰,"61,788,500",61.5%,2025-07-30,2025_3Q,2
울산 8계 2024-1967,주상복합(상가),기타토지,기타토지,울산,남구,울산 남구 달동 578-1 번영로코아루더클래식 1층 111호,"305,000,000","104,615,000",낙찰,"113,000,000",37.0%,2025-09-04,2025_3Q,2
울산 7계 2024-2298(1),점포,근린상가,점포상가,울산,울주군,울산 울주군 온양읍 망양리 776-3,"867,015,360","297,387,000",낙찰,"401,999,000",46.4%,2025-11-27,2025_4Q,1
울산 7계 2024-2298(2),점포,근린상가,점포상가,울산,울주군,울산 울주군 온양읍 망양리 776-4,"780,804,750","382,594,000",낙찰,"426,858,888",54.7%,2025-10-23,2025_4Q,1
울산 4계 2024-2380,단독주택,단독,단독주택,울산,울주군,울산 울주군 온산읍 덕신리 1356-3,"378,420,170","129,798,000",낙찰,"130,599,999",34.5%,2025-08-12,2025_3Q,2
울산 3계 2024-2601,근린상가,근린상가,근린상가,울산,북구,울산 북구 산하동 995-1 효성엠타운 2층 202호,"138,000,000","33,134,000",낙찰,"43,800,000",31.7%,2025-09-23,2025_3Q,1
울산 1계 2024-2649(2),답,답,답,울산,울주군,울산 울주군 웅촌면 곡천리 462,"45,318,000","10,881,000",낙찰,"12,222,000",27.0%,2025-08-26,2025_3Q,2
울산 1계 2024-2649(3),임야,임야,임야,울산,울주군,울산 울주군 상북면 명촌리 산15-6,"13,240,000","2,225,000",낙찰,"2,225,000",16.8%,2025-09-30,2025_3Q,1
울산 1계 2024-2694,전,전,전,울산,울주군,울산 울주군 웅촌면 석천리 414,"91,872,000","31,512,000",낙찰,"36,999,900",40.3%,2025-08-26,2025_3Q,2
울산 4계 2024-2830,근린상가,근린상가,근린상가,울산,울주군,울산 울주군 삼남읍 교동리 1624-6,"1,008,986,580","494,404,000",낙찰,"510,050,000",50.6%,2025-08-12,2025_3Q,2
울산 1계 2024-2915,답,답,답,울산,울주군,울산 울주군 온산읍 삼평리 207,"166,348,000","57,058,000",낙찰,"57,550,000",34.6%,2025-07-22,2025_3Q,2
울산 5계 2024-3048,아파트,아파트,아파트,울산,북구,울산 북구 명촌동 진장명촌지구내126블럭1-1롯트 평창리비에르2차 211동 6층 602호,"335,000,000","164,150,000",낙찰,"223,333,000",66.7%,2025-09-03,2025_3Q,2
울산 6계 2024-3055,전,전,전,울산,중구,울산 중구 동동 407,"86,904,000","20,866,000",낙찰,"21,100,000",24.3%,2025-08-27,2025_3Q,2
울산 7계 2024-3062,답,답,답,울산,울주군,울산 울주군 삼남읍 교동리 1178,"296,370,000","49,811,000",낙찰,"71,300,000",24.1%,2025-09-11,2025_3Q,1
울산 2계 2024-3109(1),대지,나대지,나대지,울산,울주군,울산 울주군 두동면 봉계리 48,"1,020,025,100","244,908,000",낙찰,"277,000,000",27.2%,2025-08-28,2025_3Q,2
울산 2계 2024-3109(2),전,전,전,울산,울주군,울산 울주군 두동면 봉계리 49-5,"20,808,000","4,996,000",낙찰,"5,250,000",25.2%,2025-08-28,2025_3Q,2
울산 5계 2024-3147,답,답,답,울산,울주군,울산 울주군 상북면 지내리 245-6,"457,150,000","156,803,000",낙찰,"171,200,000",37.4%,2025-09-03,2025_3Q,2
울산 6계 2024-3154,묘지,기타토지,기타토지,울산,울주군,울산 울주군 상북면 거리 555,"121,212,000","29,103,000",낙찰,"32,100,000",26.5%,2025-11-05,2025_4Q,1
울산 7계 2024-3307(1),과수원,과수원,과수원,울산,울주군,울산 울주군 서생면 나사리 314-13,"277,564,000","95,205,000",낙찰,"96,410,000",34.7%,2025-08-14,2025_3Q,2
울산 7계 2024-3307(2),답,답,답,울산,울주군,울산 울주군 서생면 나사리 314-16,"581,486,000","139,615,000",낙찰,"151,000,000",26.0%,2025-11-27,2025_4Q,1
울산 7계 2024-3406,주유소,기타건물,주유소,울산,울주군,"울산 울주군 웅촌면 대복리 652 ,651-2 A동호","1,006,048,320","492,964,000",낙찰,"720,000,000",71.6%,2025-10-23,2025_4Q,1
울산 9계 2024-3413,선박,기타토지,기타토지,울산,동구,울산 동구 방어동 방어진항정박중,"1,154,614,000","565,761,000",낙찰,"571,100,000",49.5%,2025-10-22,2025_4Q,1
울산 4계 2024-3499,전,전,전,울산,중구,울산 중구 약사동 11-3,"308,335,000","151,085,000",낙찰,"181,500,000",58.9%,2025-08-12,2025_3Q,2
울산 7계 2024-3536,아파트,아파트,아파트,울산,동구,울산 동구 화정동 851 현대 701동 6층 604호,"180,000,000","126,000,000",낙찰,"132,999,900",73.9%,2025-08-14,2025_3Q,2
울산 6계 2024-3765,아파트,아파트,아파트,울산,동구,"울산 동구 동부동 150 ,150-1,218-1,592-20 현대패밀리동부 109동 15층 1502호","137,000,000","95,900,000",낙찰,"98,498,900",71.9%,2025-10-01,2025_4Q,1
울산 7계 2024-3772,단독주택,단독,단독주택,울산,북구,울산 북구 양정동 484-66,"258,480,480","88,659,000",낙찰,"98,799,000",38.2%,2025-07-10,2025_3Q,2
울산 4계 2024-4171,아파트상가,아파트상가,근린상가,울산,남구,"울산 남구 신정동 1880 ,1883,1884 태화강풍림엑슬루타워판매시설동 3층 316-케이호","262,000,000","62,906,000",낙찰,"85,000,000",32.4%,2025-10-21,2025_4Q,1
울산 9계 2024-4317,답,답,답,울산,울주군,울산 울주군 서생면 화산리 801-2,"228,420,000","54,844,000",낙찰,"55,107,000",24.1%,2025-10-22,2025_4Q,1
울산 4계 2024-4355,답,답,답,울산,울주군,울산 울주군 삼남읍 상천리 949-18,"96,600,000","33,134,000",낙찰,"43,000,000",44.5%,2025-09-16,2025_3Q,1
울산 6계 2024-4379,아파트,아파트,아파트,울산,울주군,울산 울주군 웅촌면 대복리 302 한솔그린빌 701동 3층 304호,"66,000,000","46,200,000",낙찰,"48,850,000",74.0%,2025-10-01,2025_4Q,1
울산 2계 2024-4430,아파트,아파트,아파트,울산,중구,울산 중구 성안동 370-1 성안청구타운 110동 8층 809호,"150,000,000","105,000,000",낙찰,"118,005,430",78.7%,2025-08-28,2025_3Q,2
울산 4계 2024-4584,단독주택,단독,단독주택,울산,울주군,울산 울주군 청량읍 율리 1249,"226,236,720","110,856,000",낙찰,"142,780,000",63.1%,2025-07-08,2025_3Q,2
울산 6계 2024-4614,임야,임야,임야,울산,울주군,울산 울주군 언양읍 반송리 산118,"354,796,000","173,850,000",낙찰,"600,000,000",169.1%,2025-12-10,2025_4Q,1
울산 9계 2024-4676(1),근린상가,근린상가,근린상가,울산,남구,"울산 남구 삼산동 1617-14 ,1617-10,1617-16 삼산동옥산빌딩 4층 401호","809,000,000","277,487,000",낙찰,"400,500,000",49.5%,2025-10-22,2025_4Q,1
울산 9계 2024-4676(2),근린상가,근린상가,근린상가,울산,남구,"울산 남구 삼산동 1617-14 ,1617-10,1617-16 삼산동옥산빌딩 4층 402호","285,000,000","97,755,000",낙찰,"131,800,000",46.2%,2025-10-22,2025_4Q,1
울산 1계 2024-4690,근린상가,근린상가,근린상가,울산,동구,"울산 동구 일산동 905-10 대왕암공원내상가 A동 1,2층 2호","810,000,000","567,000,000",낙찰,"613,000,000",75.7%,2025-07-22,2025_3Q,2
울산 1계 2024-4737(1),답,답,답,울산,울주군,울산 울주군 두서면 서하리 48-2,"75,525,000","25,906,000",낙찰,"25,915,000",34.3%,2025-09-30,2025_3Q,1
울산 1계 2024-4737(2),답,답,답,울산,울주군,울산 울주군 두서면 서하리 48-7,"73,248,000","25,124,000",낙찰,"25,135,000",34.3%,2025-09-30,2025_3Q,1
울산 4계 2024-4768,대지,나대지,나대지,울산,울주군,울산 울주군 두동면 구미리 938,"115,611,000","27,759,000",낙찰,"31,200,000",27.0%,2025-10-21,2025_4Q,1
울산 1계 2024-4850,아파트,아파트,아파트,울산,울주군,울산 울주군 언양읍 반천리 1023-51 현대 105동 20층 2004호,"86,000,000","42,140,000",낙찰,"63,900,000",74.3%,2025-08-26,2025_3Q,2
울산 2계 2024-4867,아파트,아파트,아파트,울산,남구,"울산 남구 야음동 878 ,881 울산롯데캐슬골드 104동 19층 1903호","643,000,000","450,100,000",낙찰,"620,500,000",96.5%,2025-12-18,2025_4Q,0
울산 7계 2024-4980,오피스텔(주거),오피스텔,오피스텔(업무용),울산,북구,울산 북구 구유동 232 신한정자 1층 105호,"93,400,000","32,036,000",낙찰,"43,999,999",47.1%,2025-07-10,2025_3Q,2
울산 8계 2024-4997,다세대,다세대주택,다세대,울산,남구,울산 남구 신정동 146-8 장우아트 5층 502호,"159,000,000","77,910,000",낙찰,"101,999,000",64.2%,2025-11-18,2025_4Q,1
울산 8계 2024-5013,연립,연립주택,연립·빌라,울산,남구,울산 남구 옥동 285-4 아정빌라 4층 402호,"452,000,000","316,400,000",낙찰,"317,000,000",70.1%,2025-09-04,2025_3Q,2
울산 4계 2024-5112,연립,연립주택,연립·빌라,울산,남구,울산 남구 신정동 628-19 한일맨숀 5층 601호,"81,492,880","27,952,000",낙찰,"37,100,000",45.5%,2025-09-16,2025_3Q,1
울산 7계 2024-5167,근린상가,근린상가,근린상가,울산,중구,울산 중구 약사동 537,"5,764,152,600","2,824,435,000",낙찰,"4,109,000,000",71.3%,2025-10-23,2025_4Q,1
울산 1계 2024-5198,오피스텔(주거),오피스텔,오피스텔(업무용),울산,울주군,울산 울주군 삼남읍 신화리 1610-3 케이티엑스월드메르디앙12 14층 1402호,"115,000,000","56,350,000",낙찰,"64,900,000",56.4%,2025-08-26,2025_3Q,2
울산 1계 2024-5242,단독주택,단독,단독주택,울산,남구,울산 남구 장생포동 59,"205,877,600","100,880,000",낙찰,"103,880,000",50.5%,2025-09-30,2025_3Q,1
울산 4계 2024-5259,임야,임야,임야,울산,울주군,울산 울주군 상북면 등억알프스리 산51-14,"575,244,000","402,671,000",낙찰,"463,000,000",80.5%,2025-07-08,2025_3Q,2
울산 7계 2024-5297(1),답,답,답,울산,울주군,울산 울주군 온산읍 삼평리 533-4,"8,975,575","3,079,000",낙찰,"3,079,000",34.3%,2025-07-10,2025_3Q,2
울산 7계 2024-5297(5),전,전,전,울산,울주군,울산 울주군 온산읍 삼평리 609,"6,880,000","2,360,000",낙찰,"2,360,000",34.3%,2025-07-10,2025_3Q,2
울산 7계 2024-5297(6),대지,나대지,나대지,울산,울주군,울산 울주군 온산읍 삼평리 610-1,"72,098,000","24,730,000",낙찰,"70,000,000",97.1%,2025-07-10,2025_3Q,2
울산 7계 2024-5419(2),점포,근린상가,점포상가,울산,중구,"울산 중구 반구동 443-10 ,734-14","956,640,800","669,649,000",낙찰,"682,110,000",71.3%,2025-07-10,2025_3Q,2
울산 9계 2024-5532,대지,나대지,나대지,울산,울주군,울산 울주군 삼남읍 교동리 1708-13,"1,371,500,000","470,425,000",낙찰,"508,880,000",37.1%,2025-11-26,2025_4Q,1
울산 2계 2024-5556,다세대,다세대주택,다세대,울산,북구,울산 북구 호계동 252-12 동대하이펠리온 4층 402호,"176,000,000","123,200,000",낙찰,"137,300,000",78.0%,2025-07-03,2025_3Q,2
울산 4계 2024-5570,아파트,아파트,아파트,울산,중구,울산 중구 성안동 798-8 아이리스 10층 1001호,"223,000,000","156,100,000",낙찰,"191,780,900",86.0%,2025-07-08,2025_3Q,2
울산 6계 2024-5594,전,전,전,울산,중구,울산 중구 유곡동 129-12,"16,962,000","11,873,000",낙찰,"12,699,000",74.9%,2025-11-05,2025_4Q,1
울산 4계 2024-5617,다세대,다세대주택,다세대,울산,남구,울산 남구 선암동 566-9 드림하우스빌 4층 401호,"139,000,000","97,300,000",낙찰,"130,890,000",94.2%,2025-07-08,2025_3Q,2
울산 9계 2024-5662,전,전,전,울산,남구,울산 남구 선암동 673-6,"690,958,000","236,999,000",낙찰,"237,390,000",34.4%,2025-11-26,2025_4Q,1
울산 4계 2024-5686,대지,나대지,나대지,울산,동구,울산 동구 일산동 940-2,"3,330,000,000","1,142,190,000",낙찰,"1,170,000,000",35.1%,2025-09-16,2025_3Q,1
울산 6계 2024-5709,근린주택,근린주택,근린주택,울산,울주군,울산 울주군 범서읍 구영리 111-3,"878,721,740","615,105,000",낙찰,"615,108,880",70.0%,2025-10-01,2025_4Q,1
울산 8계 2024-5761,아파트,아파트,아파트,울산,중구,울산 중구 유곡동 69 울산유곡푸르지오 102동 18층 1803호,"580,000,000","406,000,000",낙찰,"572,600,000",98.7%,2025-07-31,2025_3Q,2
울산 4계 2024-5815,다세대,다세대주택,다세대,울산,울주군,울산 울주군 상북면 궁근정리 566 대성아파트 A동 4층 401호,"55,000,000","18,865,000",낙찰,"23,628,400",43.0%,2025-09-16,2025_3Q,1
울산 2계 2024-5846,아파트,아파트,아파트,울산,동구,울산 동구 화정동 851-3 현대 705동 2층 312호,"155,000,000","108,500,000",낙찰,"128,159,900",82.7%,2025-07-03,2025_3Q,2
울산 4계 2024-5860,아파트,아파트,아파트,울산,중구,울산 중구 성안동 860-3 성안그린빌 B동 3층 302호,"180,000,000","126,000,000",낙찰,"130,058,600",72.3%,2025-07-08,2025_3Q,2
울산 5계 2024-5877,대지,나대지,나대지,울산,북구,울산 북구 산하동 1019-17,"1,657,600,000","568,557,000",낙찰,"632,100,000",38.1%,2025-10-15,2025_4Q,1
울산 8계 2024-5914,다세대,다세대주택,다세대,울산,중구,울산 중구 서동 64-10 대우빌라 4층 401호,"95,000,000","46,550,000",낙찰,"50,500,000",53.2%,2025-09-04,2025_3Q,2
울산 9계 2024-5921,아파트,아파트,아파트,울산,울주군,울산 울주군 범서읍 구영리 807-8 서영골든맨션 15층 1505호,"131,000,000","91,700,000",낙찰,"99,990,000",76.3%,2025-11-26,2025_4Q,1
울산 1계 2024-5976,단독주택,단독,단독주택,울산,울주군,울산 울주군 두서면 미호리 639-1,"312,912,000","107,329,000",낙찰,"125,100,000",40.0%,2025-11-04,2025_4Q,1
울산 8계 2024-6023,아파트,아파트,아파트,울산,남구,울산 남구 삼산동 1547 평창2차현대 503동 10층 1004호,"349,000,000","244,300,000",낙찰,"342,430,000",98.1%,2025-10-14,2025_4Q,1
울산 10계 2024-6047(1),점포,근린상가,점포상가,울산,울주군,울산 울주군 서생면 명산리 117-1,"276,375,000","94,797,000",낙찰,"111,750,000",40.4%,2025-08-21,2025_3Q,2
울산 10계 2024-6047(2),점포,근린상가,점포상가,울산,울주군,울산 울주군 서생면 명산리 117-2,"288,864,000","99,081,000",낙찰,"122,200,000",42.3%,2025-09-25,2025_3Q,1
울산 7계 2024-6092,아파트,아파트,아파트,울산,북구,울산 북구 신천동 358-9 협성노블리스 102동 5층 506호,"182,000,000","127,400,000",낙찰,"171,000,000",94.0%,2025-11-27,2025_4Q,1
울산 8계 2024-6108,아파트,아파트,아파트,울산,중구,울산 중구 동동 470-6 현대골든타워 7층 703호,"132,000,000","92,400,000",낙찰,"115,800,000",87.7%,2025-09-04,2025_3Q,2
울산 1계 2024-6214,아파트,아파트,아파트,울산,남구,"울산 남구 옥동 256 ,255-2 옥동삼익 102동 7층 708호","414,000,000","414,000,000",낙찰,"425,999,000",102.9%,2025-12-09,2025_4Q,1
울산 6계 2024-6320,아파트,아파트,아파트,울산,동구,울산 동구 동부동 665 영진청구 102동 14층 1410호,"129,000,000","90,300,000",낙찰,"92,770,000",71.9%,2025-11-05,2025_4Q,1
울산 7계 2024-6337,근린상가,근린상가,근린상가,울산,울주군,"울산 울주군 서생면 명산리 226 ,227-1","5,166,770,000","1,772,202,000",낙찰,"1,812,202,000",35.1%,2025-10-23,2025_4Q,1
울산 7계 2024-6351,오피스텔(주거),오피스텔,오피스텔(업무용),울산,동구,울산 동구 방어동 931-7 명성블루빌2차 10층 1003호,"140,000,000","68,600,000",낙찰,"76,110,000",54.4%,2025-07-10,2025_3Q,2
울산 1계 2024-6467,아파트,아파트,아파트,울산,중구,울산 중구 성안동 499-1 대신파래스 2층 304호,"185,000,000","129,500,000",낙찰,"151,950,000",82.1%,2025-08-26,2025_3Q,2
울산 6계 2024-6535,전,전,전,울산,북구,울산 북구 매곡동 483-11,"721,500,000","721,500,000",낙찰,"758,370,000",105.1%,2025-10-01,2025_4Q,1
울산 7계 2024-6542,임야,임야,임야,울산,울주군,울산 울주군 웅촌면 고연리 1689-7,"121,016,000","59,298,000",낙찰,"60,320,000",49.8%,2025-07-10,2025_3Q,2
울산 1계 2024-6641,다세대,다세대주택,다세대,울산,울주군,울산 울주군 언양읍 서부리 172-4 하이야트 A동 4층 402호,"185,000,000","129,500,000",낙찰,"151,285,559",81.8%,2025-12-09,2025_4Q,1
울산 5계 2024-6801,단독주택,단독,단독주택,울산,중구,울산 중구 동동 579,"216,871,200","74,387,000",낙찰,"107,190,000",49.4%,2025-11-19,2025_4Q,1
울산 8계 2024-6832,아파트,아파트,아파트,울산,북구,울산 북구 매곡동 864 월드메르디앙 월드시티 102동 27층 2702호,"434,000,000","303,800,000",낙찰,"395,999,990",91.2%,2025-07-31,2025_3Q,2
울산 10계 2024-6856,답,답,답,울산,울주군,울산 울주군 두동면 천전리 667-2,"213,548,000","73,247,000",낙찰,"83,000,000",38.9%,2025-09-25,2025_3Q,1
울산 1계 2024-6900,아파트,아파트,아파트,울산,동구,울산 동구 동부동 661 한신 1동 11층 1107호,"141,000,000","98,700,000",낙찰,"110,090,000",78.1%,2025-12-09,2025_4Q,1
울산 2계 2024-6917,아파트,아파트,아파트,울산,남구,울산 남구 삼산동 1605-3 현대문화 101동 25층 2516호,"167,000,000","116,900,000",낙찰,"151,971,000",91.0%,2025-07-03,2025_3Q,2
울산 7계 2024-6993,근린상가,근린상가,근린상가,울산,북구,울산 북구 창평동 1174 오피스웨이 울산지점,"1,199,818,800","411,538,000",낙찰,"522,200,000",43.5%,2025-08-14,2025_3Q,2
울산 8계 2024-7033,연립,연립주택,연립·빌라,울산,남구,울산 남구 신정동 1401-6 삼부아파트 1동 3층 303호,"292,000,000","143,080,000",낙찰,"210,240,000",72.0%,2025-09-04,2025_3Q,2
울산 5계 2024-7149,연립,연립주택,연립·빌라,울산,남구,울산 남구 달동 586-2 송암아트빌라 4층 401호,"286,000,000","200,200,000",낙찰,"266,052,000",93.0%,2025-09-03,2025_3Q,2
울산 7계 2024-7170,아파트,아파트,아파트,울산,북구,울산 북구 중산동 1276 오토밸리한양립스포레스트 104동 2층 204호,"274,000,000","191,800,000",낙찰,"241,600,888",88.2%,2025-10-23,2025_4Q,1
울산 9계 2024-7194,오피스텔,오피스텔,오피스텔(업무용),울산,북구,울산 북구 명촌동 688 진장명촌지구109블럭5롯트 솔레미움 3층 오에프302호,"94,000,000","46,060,000",낙찰,"46,500,000",49.5%,2025-11-26,2025_4Q,1
울산 10계 2024-7200,단독주택,단독,단독주택,울산,중구,울산 중구 동동 65-36,"208,434,580","71,493,000",낙찰,"88,888,000",42.6%,2025-09-25,2025_3Q,1
울산 2계 2024-7279,오피스텔,오피스텔,오피스텔(업무용),울산,울주군,울산 울주군 삼남읍 신화리 1611-2 울산태왕아너스퍼스티안 26층 2615호,"102,000,000","49,980,000",낙찰,"64,599,999",63.3%,2025-10-02,2025_4Q,1
울산 3계 2024-7286,오피스텔(주거),오피스텔,오피스텔(업무용),울산,울주군,울산 울주군 삼남읍 신화리 1611-2 울산태왕아너스퍼스티안 26층 2624호,"106,000,000","51,940,000",낙찰,"67,300,000",63.5%,2025-07-15,2025_3Q,2
울산 10계 2024-7422,대지,나대지,나대지,울산,울주군,울산 울주군 웅촌면 은현리 135,"411,411,000","141,114,000",낙찰,"151,200,000",36.8%,2025-08-21,2025_3Q,2
울산 10계 2024-7484,근린주택,근린주택,근린주택,울산,북구,"울산 북구 진장동 193-1 ,193-2","2,427,927,400","832,779,000",낙찰,"838,500,000",34.5%,2025-08-21,2025_3Q,2
울산 9계 2024-7538(1),오피스텔,오피스텔,오피스텔(업무용),울산,울주군,울산 울주군 삼남읍 신화리 1611-2 울산태왕아너스퍼스티안 17층 1715호,"100,000,000","49,000,000",낙찰,"62,500,000",62.5%,2025-09-17,2025_3Q,1
울산 9계 2024-7538(2),오피스텔,오피스텔,오피스텔(업무용),울산,울주군,울산 울주군 삼남읍 신화리 1611-2 울산태왕아너스퍼스티안 24층 2415호,"102,000,000","49,980,000",낙찰,"63,500,000",62.3%,2025-09-17,2025_3Q,1
울산 4계 2024-7712,목장용지,기타토지,목장용지,울산,울주군,울산 울주군 두동면 이전리 100-1,"110,790,000","38,001,000",낙찰,"48,170,000",43.5%,2025-10-21,2025_4Q,1
울산 10계 2024-7767,아파트,아파트,아파트,울산,울주군,울산 울주군 범서읍 천상리 300-3 천상 필그린 101동 9층 906호,"264,000,000","184,800,000",낙찰,"228,700,000",86.6%,2025-07-16,2025_3Q,2
울산 2계 2024-7798,아파트,아파트,아파트,울산,동구,"울산 동구 전하동 625-11 처용빌리트 B동 10,11층 1002호","345,000,000","118,335,000",낙찰,"179,400,000",52.0%,2025-12-18,2025_4Q,0
울산 3계 2024-7842,아파트,아파트,아파트,울산,북구,울산 북구 달천동 107-1 그린카운티 201동 5층 503호,"218,000,000","152,600,000",낙찰,"202,347,700",92.8%,2025-12-02,2025_4Q,1
울산 10계 2024-7873,다세대,다세대주택,다세대,울산,중구,울산 중구 남외동 280 나나빌리지 3층 304호,"185,000,000","129,500,000",낙찰,"152,090,000",82.2%,2025-07-16,2025_3Q,2
울산 2계 2024-7897,근린주택,근린주택,근린주택,울산,울주군,울산 울주군 온산읍 덕신리 413-6,"721,398,820","247,440,000",낙찰,"361,500,000",50.1%,2025-12-18,2025_4Q,0
울산 2계 2024-7965,아파트,아파트,아파트,울산,남구,울산 남구 무거동 1553 신복현대 103동 11층 1106호,"140,000,000","98,000,000",낙찰,"121,000,000",86.4%,2025-10-02,2025_4Q,1
울산 4계 2024-7972,공장,공장(지식산업센터 업무시설),공장,울산,울주군,"울산 울주군 온산읍 원산리 1216 ,1221-1 1동호","19,860,644,580","9,731,716,000",낙찰,"12,102,000,000",60.9%,2025-09-16,2025_3Q,1
울산 10계 2024-8081,임야,임야,임야,울산,북구,울산 북구 달천동 산190,"139,372,550","23,425,000",낙찰,"35,100,000",25.2%,2025-12-04,2025_4Q,1
울산 7계 2024-8159,임야,임야,임야,울산,울주군,울산 울주군 언양읍 직동리 산13-3,"191,776,000","46,045,000",낙찰,"47,002,000",24.5%,2025-09-11,2025_3Q,1
울산 5계 2024-8197,다세대,다세대주택,다세대,울산,북구,울산 북구 신천동 280 예담리치빌 101동 2층 201호,"159,000,000","111,300,000",낙찰,"117,890,000",74.1%,2025-10-15,2025_4Q,1
울산 4계 2024-8241,다세대,다세대주택,다세대,울산,울주군,울산 울주군 언양읍 동부리 365-1 백산그린빌주건축물 1동 5층 501호,"109,000,000","76,300,000",낙찰,"86,100,000",79.0%,2025-09-16,2025_3Q,1
울산 5계 2024-8258,다세대,다세대주택,다세대,울산,울주군,울산 울주군 언양읍 동부리 365-1 백산그린빌주건축물 1동 2층 201호,"111,000,000","77,700,000",낙찰,"88,888,888",80.1%,2025-10-15,2025_4Q,1
울산 9계 2024-8333,선박,기타토지,기타토지,울산,동구,울산 동구 방어동 850-1 방어진항남방파제(제3자(주)와이제이마린에게)보관,"33,480,960","33,480,960",낙찰,"36,210,000",108.2%,2025-08-13,2025_3Q,2
울산 4계 2024-8364,오피스텔,오피스텔,오피스텔(업무용),울산,울주군,울산 울주군 삼남읍 신화리 1606-3 위너스프라자 6층 602호,"124,000,000","42,532,000",낙찰,"51,550,000",41.6%,2025-11-25,2025_4Q,1
울산 2계 2024-8500,주상복합(주거),기타토지,기타토지,울산,남구,울산 남구 달동 630-18 현대아트빌 4층 402호,"206,000,000","144,200,000",낙찰,"195,550,000",94.9%,2025-10-02,2025_4Q,1
울산 7계 2024-8562,다세대,다세대주택,다세대,울산,중구,"울산 중구 약사동 868 ,867 한신빌라 2층 202호","125,000,000","61,250,000",낙찰,"81,500,000",65.2%,2025-07-10,2025_3Q,2
울산 7계 2024-8760,오피스텔,오피스텔,오피스텔(업무용),울산,남구,"울산 남구 달동 650-2 ,650-3 무성다채움 10층 1001호","287,000,000","140,630,000",낙찰,"161,600,000",56.3%,2025-07-10,2025_3Q,2
울산 3계 2024-8906,선박,기타토지,기타토지,울산,울주군,울산 울주군 온산읍 강양리 강양항 정박,"209,996,000","72,029,000",낙찰,"80,000,000",38.1%,2025-09-23,2025_3Q,1
울산 4계 2024-8913,선박,기타토지,기타토지,울산,동구,울산 동구 방어동 175-23 동진항((주)YJ마린)내 보관,"44,000,000","44,000,000",낙찰,"51,210,000",116.4%,2025-07-08,2025_3Q,2
울산 4계 2024-8944,임야,임야,임야,울산,울주군,울산 울주군 서생면 명산리 395-3,"966,640,000","331,558,000",낙찰,"488,880,000",50.6%,2025-11-25,2025_4Q,1
울산 9계 2024-9091,임야,임야,임야,울산,북구,울산 북구 대안동 산2-1,"95,874,000","95,874,000",낙찰,"210,000,000",219.0%,2025-11-26,2025_4Q,1
울산 10계 2024-9107,근린주택,근린주택,근린주택,울산,중구,울산 중구 다운동 574-7,"529,564,200","259,487,000",낙찰,"358,277,000",67.7%,2025-09-25,2025_3Q,1
울산 7계 2024-9244,아파트,아파트,아파트,울산,울주군,울산 울주군 범서읍 구영리 205 동문굿모닝힐 103동 4층 405호,"339,000,000","237,300,000",낙찰,"327,685,000",96.7%,2025-08-14,2025_3Q,2
울산 10계 2024-9329,아파트,아파트,아파트,울산,중구,"울산 중구 성안동 503-11 ,503-12 루미나리에 2층 202호","205,000,000","143,500,000",낙찰,"171,000,000",83.4%,2025-09-25,2025_3Q,1
울산 3계 2024-9374,임야,임야,임야,울산,울주군,울산 울주군 삼동면 보은리 산251-6,"221,450,000","53,171,000",낙찰,"53,211,111",24.0%,2025-12-02,2025_4Q,1
울산 4계 2024-9381,오피스텔(주거),오피스텔,오피스텔(업무용),울산,북구,울산 북구 명촌동 870-1 씨앤펠리스파크 3층 301호,"242,000,000","118,580,000",낙찰,"120,000,000",49.6%,2025-11-25,2025_4Q,1
울산 8계 2024-9558,답,답,답,울산,울주군,울산 울주군 서생면 서생리 74-3,"188,500,000","64,656,000",낙찰,"87,899,990",46.6%,2025-12-30,2025_4Q,0
울산 3계 2024-9800,근린주택,근린주택,근린주택,울산,중구,울산 중구 성안동 376-6,"1,161,581,760","569,175,000",낙찰,"780,000,000",67.1%,2025-12-02,2025_4Q,1
울산 4계 2024-9817,임야,임야,임야,울산,울주군,울산 울주군 서생면 대송리 산60-8,"136,532,000","136,532,000",낙찰,"300,000,000",219.7%,2025-11-25,2025_4Q,1
울산 10계 2024-10084,다가구,다가구,다가구,울산,동구,울산 동구 일산동 530-19,"504,360,600","247,136,000",낙찰,"335,009,000",66.4%,2025-12-04,2025_4Q,1
울산 7계 2024-10176,창고,기타건물,창고,울산,울주군,울산 울주군 범서읍 망성리 373-1,"516,975,650","177,323,000",낙찰,"185,000,000",35.8%,2025-10-23,2025_4Q,1
울산 3계 2024-10312,아파트,아파트,아파트,울산,동구,"울산 동구 화정동 854-4 ,854-7,854-9,854-10 상아 10층 1001호","92,500,000","64,750,000",낙찰,"76,100,000",82.3%,2025-10-28,2025_4Q,1
울산 5계 2024-10381,오피스텔,오피스텔,오피스텔(업무용),울산,남구,울산 남구 삼산동 1612-2 나인파크삼산 4층 420호,"122,000,000","85,400,000",낙찰,"89,000,000",73.0%,2025-10-15,2025_4Q,1
울산 5계 2024-100383,숙박시설,숙박시설,숙박시설,울산,울주군,울산 울주군 상북면 등억알프스리 540-4 A동호,"3,225,728,400","542,149,000",낙찰,"546,600,000",16.9%,2025-12-23,2025_4Q,0
울산 9계 2024-100734,단독주택,단독,단독주택,울산,중구,울산 중구 동동 817,"207,295,000","101,575,000",낙찰,"108,500,000",52.3%,2025-07-09,2025_3Q,2
울산 1계 2024-100963(1),도로,기타토지,기타토지,울산,울주군,울산 울주군 서생면 신암리 412-1,"62,310,000","30,532,000",낙찰,"36,971,000",59.3%,2025-12-09,2025_4Q,1
울산 7계 2024-101454,아파트,아파트,아파트,울산,중구,울산 중구 유곡동 259 우정혁신도시1차동원로얄듀크 101동 12층 1202호,"504,000,000","352,800,000",낙찰,"510,055,000",101.2%,2025-07-10,2025_3Q,2
울산 10계 2024-101652,단독주택,단독,단독주택,울산,울주군,울산 울주군 웅촌면 대복리 776,"493,577,460","345,504,000",낙찰,"386,518,000",78.3%,2025-12-04,2025_4Q,1
울산 4계 2024-101737,점포,근린상가,점포상가,울산,울주군,울산 울주군 삼동면 조일리 493-4,"1,236,298,000","424,050,000",낙찰,"601,500,000",48.7%,2025-09-16,2025_3Q,1
울산 8계 2024-102013,아파트,아파트,아파트,울산,울주군,울산 울주군 언양읍 송대리 언양송대지구비4 양우내안애더퍼스트 109동 9층 903호,"273,000,000","191,100,000",낙찰,"221,000,000",81.0%,2025-10-14,2025_4Q,1
울산 9계 2024-102037,단독주택,단독,단독주택,울산,동구,울산 동구 주전동 697,"44,073,158","15,117,000",낙찰,"16,210,000",36.8%,2025-09-17,2025_3Q,1
울산 7계 2024-102068,답,답,답,울산,울주군,울산 울주군 두동면 봉계리 1015-3,"2,609,112,000","438,514,000",낙찰,"551,000,000",21.1%,2025-10-23,2025_4Q,1
울산 8계 2024-102075,근린상가,근린상가,근린상가,울산,남구,울산 남구 달동 881-10 1층 101호,"1,240,000,000","425,320,000",낙찰,"502,535,500",40.5%,2025-09-04,2025_3Q,2
울산 1계 2024-102105,임야,임야,임야,울산,울주군,울산 울주군 범서읍 천상리 산23,"139,872,000","11,519,000",낙찰,"11,600,000",8.3%,2025-09-30,2025_3Q,1
울산 6계 2024-102556(2),임야,임야,임야,울산,울주군,울산 울주군 온양읍 동상리 산148-3,"647,268,000","76,150,000",낙찰,"108,880,000",16.8%,2025-08-27,2025_3Q,2
울산 6계 2024-102556(1),임야,임야,임야,울산,울주군,울산 울주군 온양읍 동상리 산148-1,"341,640,000","117,183,000",낙찰,"125,100,000",36.6%,2025-11-05,2025_4Q,1
울산 6계 2024-102761,전,전,전,울산,북구,울산 북구 신명동 137,"2,638,988,000","905,173,000",낙찰,"1,111,111,000",42.1%,2025-11-05,2025_4Q,1
울산 7계 2024-103467,임야,임야,임야,울산,동구,울산 동구 서부동 산218,"464,000,000","26,748,000",낙찰,"28,500,000",6.1%,2025-10-23,2025_4Q,1
울산 6계 2024-103658(1),단독주택,단독,단독주택,울산,중구,울산 중구 학성동 36-11,"1,059,957,700","363,565,000",낙찰,"513,385,555",48.4%,2025-12-10,2025_4Q,1
울산 6계 2024-103658(2),점포,근린상가,점포상가,울산,중구,울산 중구 학성동 36-13,"431,168,000","301,818,000",낙찰,"307,700,000",71.4%,2025-10-01,2025_4Q,1
울산 9계 2024-103689,아파트,아파트,아파트,울산,남구,울산 남구 신정동 576-2 남경신정마을 9층 903호,"37,890,000","26,523,000",낙찰,"33,620,000",88.7%,2025-10-22,2025_4Q,1
울산 4계 2024-103801,답,답,답,울산,울주군,울산 울주군 상북면 궁근정리 1165-1,"356,694,000","59,949,000",낙찰,"72,000,000",20.2%,2025-09-16,2025_3Q,1
울산 8계 2024-104439,중기,기타토지,기타토지,울산,울주군,울산 울주군 언양읍 반천리 534 복산주차장내 보관,"60,000,000","60,000,000",낙찰,"68,888,000",114.8%,2025-07-31,2025_3Q,2
울산 7계 2024-104620,주상복합(주거),기타토지,기타토지,울산,남구,울산 남구 신정동 480-1 지움포유 3층 301호,"235,000,000","164,500,000",낙찰,"192,750,000",82.0%,2025-09-11,2025_3Q,1
울산 6계 2024-104699,점포,근린상가,점포상가,울산,울주군,울산 울주군 온양읍 대안리 192-1,"1,162,637,300","569,692,000",낙찰,"591,000,000",50.8%,2025-07-23,2025_3Q,2
울산 9계 2024-105074,다세대,다세대주택,다세대,울산,중구,울산 중구 옥교동 318-1 베스트홈 2층 201호,"125,000,000","87,500,000",낙찰,"90,500,000",72.4%,2025-11-26,2025_4Q,1
울산 7계 2024-105203,단독주택,단독,단독주택,울산,북구,울산 북구 구유동 40-1,"235,828,170","165,080,000",낙찰,"195,010,000",82.7%,2025-09-11,2025_3Q,1
울산 7계 2024-105296(1),근린상가,근린상가,근린상가,울산,북구,울산 북구 산하동 1017-11 센트로블루빌딩 지1층 비102호,"114,000,000","19,160,000",낙찰,"19,178,000",16.8%,2025-09-11,2025_3Q,1
울산 7계 2024-105296(2),근린상가,근린상가,근린상가,울산,북구,울산 북구 산하동 1017-11 센트로블루빌딩 4층 401호,"200,000,000","68,600,000",낙찰,"82,000,000",41.0%,2025-07-10,2025_3Q,2
울산 10계 2024-105326,오피스텔(주거),오피스텔,오피스텔(업무용),울산,남구,울산 남구 신정동 181-4 그린뜰 4층 402호,"275,000,000","15,854,000",낙찰,"22,800,900",8.3%,2025-08-21,2025_3Q,2
울산 2계 2024-105517,아파트,아파트,아파트,울산,남구,"울산 남구 신정동 851-20 ,851-21,851-40,야음동 594-10,594-37 신정현대홈타운 404동 6층 607호","425,000,000","425,000,000",낙찰,"430,060,000",101.2%,2025-12-18,2025_4Q,0
울산 9계 2024-105890,아파트,아파트,아파트,울산,남구,울산 남구 삼산동 1529-1 벽산강변타운 103동 14층 1403호,"230,000,000","161,000,000",낙찰,"213,700,000",92.9%,2025-07-09,2025_3Q,2
울산 1계 2024-106053,오피스텔(주거),오피스텔,오피스텔(업무용),울산,남구,"울산 남구 신정동 508-11 ,508-4,508-5 대상웰리움 2층 201호","206,000,000","100,940,000",낙찰,"117,000,000",56.8%,2025-12-09,2025_4Q,1
울산 2계 2024-106060,오피스텔(주거),오피스텔,오피스텔(업무용),울산,남구,"울산 남구 신정동 508-11 ,508-4,508-5 대상웰리움 3층 301호","235,000,000","115,150,000",낙찰,"121,600,000",51.7%,2025-11-06,2025_4Q,1
울산 4계 2024-106084,전,전,전,울산,울주군,울산 울주군 삼남읍 가천리 866-8,"1,588,678,000","544,917,000",낙찰,"561,360,000",35.3%,2025-08-12,2025_3Q,2
울산 9계 2024-106138,아파트,아파트,아파트,울산,북구,"울산 북구 중산동 1277-1 ,1277-2,1277-3 울산오토밸리로줌파크 108동 3층 303호","216,000,000","216,000,000",낙찰,"216,010,000",100.0%,2025-10-22,2025_4Q,1
울산 6계 2024-106282,대지,나대지,나대지,울산,중구,울산 중구 동동 268,"158,004,000","37,937,000",낙찰,"43,000,000",27.2%,2025-11-05,2025_4Q,1
울산 5계 2024-106435,답,답,답,울산,중구,울산 중구 태화동 113-3,"32,353,060","11,097,000",낙찰,"12,300,000",38.0%,2025-07-30,2025_3Q,2
울산 6계 2024-106510,임야,임야,임야,울산,북구,울산 북구 시례동 산168-2,"74,375,000","36,444,000",낙찰,"41,300,000",55.5%,2025-08-27,2025_3Q,2
울산 5계 2024-106701,아파트,아파트,아파트,울산,남구,울산 남구 신정동 1323-50 수아지오시티 2층 207호,"165,000,000","80,850,000",낙찰,"117,290,000",71.1%,2025-12-23,2025_4Q,0
울산 6계 2024-106718,아파트,아파트,아파트,울산,울주군,울산 울주군 삼남읍 교동리 1348-3 수산로얄팰리스 101동 10층 1010호,"161,000,000","112,700,000",낙찰,"117,310,000",72.9%,2025-07-23,2025_3Q,2
울산 8계 2024-106824,단독주택,단독,단독주택,울산,울주군,울산 울주군 온양읍 운화리 4-31 샬롬빌,"620,984,970","304,282,000",낙찰,"424,000,000",68.3%,2025-12-30,2025_4Q,0
울산 6계 2024-106947,아파트,아파트,아파트,울산,남구,울산 남구 삼산동 1529-1 벽산강변타운 102동 2층 201호,"322,000,000","225,400,000",낙찰,"303,190,000",94.2%,2025-10-01,2025_4Q,1
울산 5계 2024-107094,차량,기타토지,기타토지,울산,울주군,울산 울주군 온산읍 우봉리 313-8 동경주차장내 보관,"14,000,000","9,800,000",낙찰,"11,728,300",83.8%,2025-12-23,2025_4Q,0
울산 8계 2024-107230,임야,임야,임야,울산,울주군,울산 울주군 두동면 구미리 산24,"443,005,200","52,119,000",낙찰,"65,199,990",14.7%,2025-07-31,2025_3Q,2
울산 6계 2024-107285,아파트,아파트,아파트,울산,중구,울산 중구 장현동 181 골드클래스 102동 6층 602호,"380,000,000","380,000,000",낙찰,"395,200,000",104.0%,2025-11-05,2025_4Q,1
울산 2계 2024-107469,주상복합(주거),기타토지,기타토지,울산,동구,울산 동구 방어동 929-7 동구미소지움 14층 1408호,"214,000,000","35,967,000",낙찰,"36,001,000",16.8%,2025-10-02,2025_4Q,1
울산 7계 2024-107780(1),주상복합(상가),기타토지,기타토지,울산,동구,울산 동구 화정동 866-1 동산프라자 지하1층 110호,"254,300,000","29,919,000",낙찰,"33,000,000",13.0%,2025-10-23,2025_4Q,1
울산 8계 2024-107834,아파트,아파트,아파트,울산,동구,울산 동구 서부동 284-1 한아름현대 101동 7층 702호,"109,000,000","53,410,000",낙찰,"77,606,000",71.2%,2025-09-04,2025_3Q,2
울산 8계 2024-108073,아파트,아파트,아파트,울산,남구,"울산 남구 신정동 851-21 ,851-20,851-40,야음동 594-37,594-10 신정현대홈타운 303동 19층 1903호","424,000,000","296,800,000",낙찰,"400,500,000",94.5%,2025-07-31,2025_3Q,2
울산 1계 2024-108103,주상복합(주거),기타토지,기타토지,울산,동구,울산 동구 전하동 681-1 베스티안 101동 8층 802호,"361,000,000","176,890,000",낙찰,"227,500,000",63.0%,2025-07-22,2025_3Q,2
울산 6계 2024-108141,아파트,아파트,아파트,울산,북구,울산 북구 중산동 1318 유-스타시티일동미라주더스타1단지 104동 1층 101호,"340,000,000","238,000,000",낙찰,"311,500,000",91.6%,2025-08-27,2025_3Q,2
울산 10계 2024-108363,아파트,아파트,아파트,울산,동구,울산 동구 전하동 630-1 이편한세상전하 102동 5층 503호,"401,000,000","401,000,000",낙찰,"405,889,000",101.2%,2025-09-25,2025_3Q,1
울산 8계 2024-108509,아파트,아파트,아파트,울산,북구,울산 북구 신천동 244 무지개타운 102동 12층 1203호,"109,000,000","76,300,000",낙찰,"90,900,000",83.4%,2025-07-31,2025_3Q,2
울산 1계 2024-108578,아파트,아파트,아파트,울산,남구,울산 남구 삼산동 182-1 아데라움 108동 20층 2001호,"653,000,000","457,100,000",낙찰,"548,520,000",84.0%,2025-09-30,2025_3Q,1
울산 10계 2024-108615,오피스텔(주거),오피스텔,오피스텔(업무용),울산,남구,울산 남구 신정동 1110 리더스파크 17층 1708호,"240,000,000","40,337,000",낙찰,"61,989,000",25.8%,2025-08-21,2025_3Q,2
울산 8계 2024-108684,아파트,아파트,아파트,울산,울주군,울산 울주군 청량읍 덕하리 404-7 유림 101동 21층 2107호,"125,000,000","87,500,000",낙찰,"95,000,000",76.0%,2025-07-31,2025_3Q,2
울산 1계 2024-108868,아파트,아파트,아파트,울산,남구,울산 남구 야음동 811-3 신선산아드리아 6층 601호,"308,000,000","150,920,000",낙찰,"255,000,000",82.8%,2025-08-26,2025_3Q,2
울산 4계 2024-108905,아파트,아파트,아파트,울산,북구,울산 북구 중산동 622 현대 202동 17층 1709호,"82,000,000","57,400,000",낙찰,"71,100,000",86.7%,2025-07-08,2025_3Q,2
울산 6계 2024-108929,아파트,아파트,아파트,울산,북구,울산 북구 매곡동 864 월드메르디앙 월드시티 111동 25층 2501호,"340,000,000","340,000,000",낙찰,"340,176,000",100.1%,2025-08-27,2025_3Q,2
울산 6계 2024-109007,오피스텔,오피스텔,오피스텔(업무용),울산,중구,울산 중구 반구동 106-3 소담팰리스 4층 402호,"78,000,000","78,000,000",낙찰,"78,000,000",100.0%,2025-08-27,2025_3Q,2
울산 1계 2024-109021,아파트,아파트,아파트,울산,북구,울산 북구 명촌동 진장명촌지구118블럭6롯트 엘리제빌2차 7층 701호,"174,000,000","121,800,000",낙찰,"145,490,000",83.6%,2025-07-22,2025_3Q,2
울산 5계 2024-109045,다가구,다가구,다가구,울산,동구,울산 동구 화정동 603-34,"378,967,340","129,986,000",낙찰,"145,500,010",38.4%,2025-10-15,2025_4Q,1
울산 8계 2024-109076,아파트,아파트,아파트,울산,북구,울산 북구 신천동 430-1 신동 101동 3층 302호,"150,000,000","105,000,000",낙찰,"136,100,000",90.7%,2025-11-18,2025_4Q,1
울산 7계 2024-109106(1),아파트,아파트,아파트,울산,남구,울산 남구 신정동 1639-51 문수로아이파크 207동 12층 1201호,"1,400,000,000","980,000,000",낙찰,"1,018,880,000",72.8%,2025-08-14,2025_3Q,2
울산 7계 2024-109106(2),아파트,아파트,아파트,울산,울주군,울산 울주군 범서읍 천상리 259-5 극동 101동 16층 1601호,"214,000,000","149,800,000",낙찰,"180,116,990",84.2%,2025-11-27,2025_4Q,1
울산 2계 2024-109205,임야,임야,임야,울산,울주군,울산 울주군 서생면 위양리 산61-6,"34,980,000","2,881,000",낙찰,"3,500,000",10.0%,2025-12-18,2025_4Q,0
울산 8계 2024-109229,아파트,아파트,아파트,울산,북구,울산 북구 중산동 1070-2 효연 3동 5층 504호,"32,000,000","15,680,000",낙찰,"18,040,010",56.4%,2025-09-04,2025_3Q,2
울산 5계 2024-109304,임야,임야,임야,울산,북구,울산 북구 천곡동 산45-3,"2,737,532,000","322,068,000",낙찰,"352,100,000",12.9%,2025-12-23,2025_4Q,0
울산 9계 2024-109427,아파트,아파트,아파트,울산,중구,울산 중구 성안동 863-4 장한리치빌5차 5층 501호,"152,000,000","106,400,000",낙찰,"131,550,000",86.5%,2025-08-13,2025_3Q,2
울산 2계 2024-109472(2),공장,공장(지식산업센터 업무시설),공장,울산,울주군,울산 울주군 상북면 길천리 1237-2 1동,"7,991,377,200","7,991,377,200",낙찰,"7,991,377,200",100.0%,2025-11-06,2025_4Q,1
울산 6계 2024-109502,다세대,다세대주택,다세대,울산,중구,울산 중구 성안동 791-13 청형제빌라 3층 301호,"135,000,000","94,500,000",낙찰,"100,300,000",74.3%,2025-10-01,2025_4Q,1
울산 1계 2024-109557,임야,임야,임야,울산,북구,울산 북구 무룡동 산27-2,"2,074,067,000","1,016,293,000",낙찰,"1,081,110,000",52.1%,2025-09-30,2025_3Q,1
울산 9계 2024-109700(2),답,답,답,울산,울주군,울산 울주군 서생면 신암리 136-1,"79,104,000","38,761,000",낙찰,"43,500,000",55.0%,2025-11-26,2025_4Q,1
울산 1계 2024-109724,아파트,아파트,아파트,울산,울주군,울산 울주군 온양읍 발리 1307 여울목 104동 6층 605호,"285,000,000","199,500,000",낙찰,"264,090,000",92.7%,2025-07-22,2025_3Q,2
울산 1계 2024-109861,아파트,아파트,아파트,울산,남구,울산 남구 무거동 1520-9 무거1차신세대 2층 203호,"125,000,000","87,500,000",낙찰,"115,000,000",92.0%,2025-07-22,2025_3Q,2
울산 9계 2024-110076,다세대,다세대주택,다세대,울산,중구,울산 중구 서동 54-12 성정빌라 A동 2층 201호,"100,000,000","70,000,000",낙찰,"70,120,000",70.1%,2025-08-13,2025_3Q,2
울산 2계 2024-110151,노유자시설,기타건물,노유자시설,울산,울주군,"울산 울주군 온양읍 망양리 480-42 ,산30-5","560,079,950","274,439,000",낙찰,"315,555,000",56.3%,2025-10-02,2025_4Q,1
울산 3계 2024-110168,대지,나대지,나대지,울산,중구,울산 중구 교동 257-12,"25,160,000","17,612,000",낙찰,"21,190,000",84.2%,2025-12-02,2025_4Q,1
울산 4계 2024-110298,오피스텔(주거),오피스텔,오피스텔(업무용),울산,남구,울산 남구 신정동 643-1 휴먼블루드빌 3층 315호,"119,000,000","58,310,000",낙찰,"69,800,000",58.7%,2025-10-21,2025_4Q,1
울산 5계 2024-110380,오피스텔(주거),오피스텔,오피스텔(업무용),울산,남구,울산 남구 신정동 627-3 더렉스 9층 901호,"201,000,000","68,943,000",낙찰,"157,780,000",78.5%,2025-10-15,2025_4Q,1
울산 6계 2024-110397,오피스텔(주거),오피스텔,오피스텔(업무용),울산,남구,울산 남구 달동 881-10 쁘띠팔레드시티 6층 602호,"268,000,000","91,924,000",낙찰,"132,000,000",49.3%,2025-12-10,2025_4Q,1
울산 10계 2024-110526,아파트,아파트,아파트,울산,남구,울산 남구 옥동 162 대륙현대 102동 3층 308호,"298,000,000","208,600,000",낙찰,"241,600,000",81.1%,2025-07-16,2025_3Q,2
울산 1계 2024-110533,아파트,아파트,아파트,울산,북구,"울산 북구 염포동 57-1 ,57-2,57-4,57-6,59-2,64,89,90-4 현대2차 5동 5층 504호","120,000,000","58,800,000",낙찰,"61,570,000",51.3%,2025-08-26,2025_3Q,2
울산 4계 2024-110632,다세대,다세대주택,다세대,울산,동구,울산 동구 방어동 922-11 청암아트빌라 B동 1층 102호,"98,000,000","48,020,000",낙찰,"51,550,000",52.6%,2025-08-12,2025_3Q,2
울산 6계 2024-110823,아파트,아파트,아파트,울산,북구,울산 북구 중산동 688-3 대암파크랜드 101동 3층 308호,"58,000,000","40,600,000",낙찰,"51,367,800",88.6%,2025-12-10,2025_4Q,1
울산 5계 2024-110939,아파트,아파트,아파트,울산,남구,"울산 남구 옥동 191-58 ,191-59 성도 103동 14층 1415호","345,000,000","241,500,000",낙찰,"310,000,000",89.9%,2025-07-30,2025_3Q,2
울산 4계 2024-111031,아파트,아파트,아파트,울산,북구,울산 북구 산하동 1033-1 울산블루마시티2차푸르지오 109동 20층 2004호,"326,000,000","228,200,000",낙찰,"276,005,000",84.7%,2025-07-08,2025_3Q,2
울산 4계 2024-111178(1),주상복합(상가),기타토지,기타토지,울산,남구,울산 남구 신정동 547-8 신정동풀비체 1층 103호,"913,000,000","447,370,000",낙찰,"448,870,000",49.2%,2025-10-21,2025_4Q,1
울산 5계 2024-111185,전,전,전,울산,울주군,울산 울주군 언양읍 반천리 561-9,"13,440,000","2,259,000",낙찰,"2,260,000",16.8%,2025-12-23,2025_4Q,0
울산 6계 2024-111192,아파트,아파트,아파트,울산,울주군,울산 울주군 청량읍 덕하리 404-7 유림 101동 16층 1605호,"125,000,000","87,500,000",낙찰,"107,500,000",86.0%,2025-11-05,2025_4Q,1
울산 3계 2024-111253,아파트,아파트,아파트,울산,울주군,울산 울주군 언양읍 동부리 384-5 삼성월드빌 1층 102호,"146,000,000","71,540,000",낙찰,"115,400,000",79.0%,2025-07-15,2025_3Q,2
울산 2계 2024-111390,오피스텔(주거),오피스텔,오피스텔(업무용),울산,남구,"울산 남구 신정동 508-11 ,508-4,508-5 대상웰리움 12층 1204호","112,000,000","78,400,000",낙찰,"85,700,000",76.5%,2025-08-28,2025_3Q,2
울산 8계 2024-111451,아파트,아파트,아파트,울산,남구,"울산 남구 야음동 789-9 ,789-6 동부 206동 16층 1603호","280,000,000","196,000,000",낙찰,"259,150,000",92.6%,2025-10-14,2025_4Q,1
울산 2계 2024-111482,아파트,아파트,아파트,울산,남구,울산 남구 신정동 318 울산신정푸르지오 105동 17층 1701호,"704,000,000","492,800,000",낙찰,"645,999,000",91.8%,2025-07-03,2025_3Q,2
울산 2계 2024-111574,단독주택,단독,단독주택,울산,울주군,울산 울주군 웅촌면 은현리 759-1,"393,864,450","192,994,000",낙찰,"240,000,000",60.9%,2025-10-02,2025_4Q,1
울산 3계 2024-111581(1),아파트,아파트,아파트,울산,동구,울산 동구 방어동 1064 현대중공업(주)외국인 101동 6층 603호,"187,000,000","130,900,000",낙찰,"138,500,000",74.1%,2025-07-15,2025_3Q,2
울산 3계 2024-111581(2),아파트,아파트,아파트,울산,동구,울산 동구 방어동 1064 현대중공업(주)외국인 101동 5층 502호,"193,000,000","135,100,000",낙찰,"161,000,000",83.4%,2025-07-15,2025_3Q,2
울산 6계 2024-111611,아파트,아파트,아파트,울산,중구,울산 중구 다운동 768 다운 101동 1층 111호,"118,000,000","57,820,000",낙찰,"63,377,300",53.7%,2025-12-10,2025_4Q,1
울산 9계 2024-111628,아파트,아파트,아파트,울산,북구,울산 북구 상안동 358-1 쌍용아진그린타운 102동 7층 702호,"148,000,000","103,600,000",낙찰,"123,680,000",83.6%,2025-08-13,2025_3Q,2
울산 4계 2024-111666,아파트,아파트,아파트,울산,동구,울산 동구 화정동 150-20 르네상스빌 1층 101호,"184,000,000","90,160,000",낙찰,"119,000,000",64.7%,2025-08-12,2025_3Q,2
울산 7계 2024-111710,연립,연립주택,연립·빌라,울산,울주군,울산 울주군 삼남읍 교동리 110 울산센트레빌더테라스 109동 1층 103호,"519,000,000","363,300,000",낙찰,"440,000,000",84.8%,2025-11-27,2025_4Q,1
울산 7계 2024-111765(1),근린상가,근린상가,근린상가,울산,울주군,울산 울주군 삼남읍 신화리 1606-7 골드테라스타워 10층 1004호,"92,100,000","31,590,000",낙찰,"42,222,000",45.8%,2025-08-14,2025_3Q,2
울산 7계 2024-111765(2),근린상가,근린상가,근린상가,울산,울주군,울산 울주군 삼남읍 신화리 1606-7 골드테라스타워 1층 110호,"420,000,000","144,060,000",낙찰,"150,999,000",36.0%,2025-08-14,2025_3Q,2
울산 7계 2024-111765(3),근린상가,근린상가,근린상가,울산,울주군,울산 울주군 삼남읍 신화리 1606-7 골드테라스타워 1층 103호,"460,000,000","157,780,000",낙찰,"161,900,900",35.2%,2025-08-14,2025_3Q,2
울산 5계 2024-111833,아파트,아파트,아파트,울산,울주군,울산 울주군 온양읍 대안리 417 미도파 102동 14층 1405호,"105,000,000","73,500,000",낙찰,"83,110,000",79.2%,2025-07-30,2025_3Q,2
울산 1계 2024-111956,아파트,아파트,아파트,울산,북구,울산 북구 화봉동 1485-2 울산송정금강펜테리움그린테라스1차 103동 4층 406호,"497,000,000","497,000,000",낙찰,"503,796,800",101.4%,2025-07-22,2025_3Q,2
울산 4계 2024-111987,아파트,아파트,아파트,울산,북구,울산 북구 중산동 622 현대 202동 4층 402호,"110,000,000","77,000,000",낙찰,"95,500,000",86.8%,2025-07-08,2025_3Q,2
울산 5계 2024-111994,아파트,아파트,아파트,울산,북구,울산 북구 산하동 968-1 울산블루마시티푸르지오 105동 31층 3103호,"282,000,000","197,400,000",낙찰,"220,430,000",78.2%,2025-07-30,2025_3Q,2
울산 10계 2024-112010,아파트,아파트,아파트,울산,동구,울산 동구 동부동 산146 현대하이야트맨션 201동 1층 105호,"84,000,000","41,160,000",낙찰,"54,660,000",65.1%,2025-07-16,2025_3Q,2
울산 7계 2024-112089,다세대,다세대주택,다세대,울산,울주군,울산 울주군 삼남읍 교동리 944 광원빌라 1층 102호,"85,000,000","20,409,000",낙찰,"25,551,000",30.1%,2025-10-23,2025_4Q,1
울산 4계 2024-112096,아파트,아파트,아파트,울산,동구,울산 동구 화정동 949 힐스테이트 이스턴베이 113동 10층 1004호,"300,000,000","210,000,000",낙찰,"325,100,000",108.4%,2025-07-08,2025_3Q,2
울산 8계 2024-112133,주상복합(주거),기타토지,기타토지,울산,남구,울산 남구 신정동 1334-11 아르떼에코하임 18층 1806호,"374,000,000","261,800,000",낙찰,"316,240,205",84.6%,2025-09-04,2025_3Q,2
울산 2계 2024-112232,아파트,아파트,아파트,울산,북구,울산 북구 염포동 326 외24 염포성원상떼빌 114동 3층 302호,"204,000,000","142,800,000",낙찰,"178,989,000",87.7%,2025-08-28,2025_3Q,2
울산 4계 2024-112256,다가구,다가구,다가구,울산,동구,울산 동구 방어동 994-7,"1,219,076,400","418,143,000",낙찰,"590,100,000",48.4%,2025-09-16,2025_3Q,1
울산 7계 2024-112287(1),아파트,아파트,아파트,울산,울주군,울산 울주군 범서읍 천상리 268 문수애시앙 109동 2층 201호,"534,000,000","373,800,000",낙찰,"436,200,000",81.7%,2025-09-11,2025_3Q,1
울산 7계 2024-112287(2),연립,연립주택,연립·빌라,울산,남구,울산 남구 신정동 861-2 진원빌라 가동 2층 202호,"167,000,000","116,900,000",낙찰,"143,211,000",85.8%,2025-09-11,2025_3Q,1
울산 7계 2024-112287(3),연립,연립주택,연립·빌라,울산,남구,울산 남구 신정동 861 진원빌라 나동 4층 502호,"158,000,000","110,600,000",낙찰,"147,777,000",93.5%,2025-09-11,2025_3Q,1
울산 9계 2024-112300,아파트,아파트,아파트,울산,북구,울산 북구 화봉동 639-1 효성삼환 109동 3층 305호,"215,000,000","150,500,000",낙찰,"195,700,000",91.0%,2025-10-22,2025_4Q,1
울산 4계 2024-112331,답,답,답,울산,남구,울산 남구 용연동 570-12,"219,480,000","36,888,000",낙찰,"41,414,100",18.9%,2025-11-25,2025_4Q,1
울산 5계 2024-112348,근린상가,근린상가,근린상가,울산,남구,울산 남구 신정동 1268-5,"701,622,050","343,795,000",낙찰,"350,080,000",49.9%,2025-11-19,2025_4Q,1
울산 4계 2024-112430,다세대,다세대주택,다세대,울산,남구,울산 남구 달동 593-12 에스타운베스트홈 4층 401호,"174,000,000","121,800,000",낙찰,"121,800,000",70.0%,2025-08-12,2025_3Q,2
울산 6계 2024-112508,아파트,아파트,아파트,울산,북구,울산 북구 매곡동 917 오토밸리로효성해링턴플레이스 105동 2층 202호,"339,000,000","237,300,000",낙찰,"347,830,000",102.6%,2025-11-05,2025_4Q,1
울산 1계 2024-112553,아파트,아파트,아파트,울산,북구,울산 북구 송정동 1236-4 울산송정제일풍경채레이크뷰 104동 9층 907호,"583,000,000","408,100,000",낙찰,"558,210,000",95.7%,2025-08-26,2025_3Q,2
울산 2계 2024-112560,오피스텔(주거),오피스텔,오피스텔(업무용),울산,남구,울산 남구 신정동 643-1 휴먼블루드빌 7층 715호,"119,000,000","83,300,000",낙찰,"108,500,000",91.2%,2025-10-02,2025_4Q,1
울산 3계 2024-112577,아파트,아파트,아파트,울산,동구,"울산 동구 방어동 917-3 ,917-4 한양코아맨션 4층 407호","93,000,000","45,570,000",낙찰,"56,740,000",61.0%,2025-07-15,2025_3Q,2
울산 4계 2024-112584,아파트,아파트,아파트,울산,남구,"울산 남구 야음동 937 ,신정동 1914,1915,1916-2 힐스테이트수암1단지 102동 14층 1403호","679,000,000","679,000,000",낙찰,"710,770,000",104.7%,2025-07-08,2025_3Q,2
울산 7계 2024-112676,연립,연립주택,연립·빌라,울산,중구,울산 중구 남외동 394-6 대성 2층 203호,"45,000,000","22,050,000",낙찰,"26,190,000",58.2%,2025-07-10,2025_3Q,2
울산 4계 2024-112713,아파트,아파트,아파트,울산,남구,울산 남구 두왕동 748 대공원호반베르디움 102동 15층 1502호,"457,000,000","319,900,000",낙찰,"475,880,000",104.1%,2025-11-25,2025_4Q,1
울산 6계 2024-112782,단독주택,단독,단독주택,울산,동구,울산 동구 전하동 758-4,"260,056,820","127,428,000",낙찰,"127,428,900",49.0%,2025-12-10,2025_4Q,1
울산 8계 2024-112904,아파트,아파트,아파트,울산,북구,"울산 북구 산하동 969-1 ,969-2 울산블루마시티서희스타힐스블루원 104동 18층 1801호","350,000,000","245,000,000",낙찰,"321,550,000",91.9%,2025-07-31,2025_3Q,2
울산 3계 2024-113112,오피스텔(주거),오피스텔,오피스텔(업무용),울산,남구,울산 남구 신정동 703-12 선샤인Ⅰ주건축물 1동 4층 401호,"255,000,000","124,950,000",낙찰,"202,220,000",79.3%,2025-10-28,2025_4Q,1
울산 8계 2024-113167,아파트,아파트,아파트,울산,울주군,울산 울주군 온산읍 덕신리 184 덕신천지 103동 6층 602호,"134,000,000","93,800,000",낙찰,"130,100,000",97.1%,2025-09-04,2025_3Q,2
울산 1계 2024-113198,다세대,다세대주택,다세대,울산,중구,울산 중구 성안동 791-12 여명재빌라 2층 201호,"120,000,000","84,000,000",낙찰,"99,500,000",82.9%,2025-08-26,2025_3Q,2
울산 8계 2024-113297,단독주택,단독,단독주택,울산,울주군,울산 울주군 청량읍 상남리 810-10,"496,798,040","347,759,000",낙찰,"358,989,000",72.3%,2025-11-18,2025_4Q,1
울산 5계 2024-113327,아파트,아파트,아파트,울산,중구,울산 중구 복산동 186-2 남운럭키맨션 4동 1층 113호,"142,000,000","99,400,000",낙찰,"113,690,000",80.1%,2025-07-30,2025_3Q,2
울산 7계 2024-113457,아파트,아파트,아파트,울산,남구,"울산 남구 야음동 594-37 ,594-10,신정동 851-20,851-21 신정현대홈타운 105동 3층 306호","361,000,000","252,700,000",낙찰,"332,100,000",92.0%,2025-10-23,2025_4Q,1
울산 5계 2024-113501,답,답,답,울산,울주군,울산 울주군 서생면 위양리 882,"34,578,000","16,944,000",낙찰,"16,950,000",49.0%,2025-10-15,2025_4Q,1
울산 4계 2024-113549,근린상가,근린상가,근린상가,울산,울주군,"울산 울주군 범서읍 구영리 378-1 ,378-9 3층 301호","650,000,000","222,950,000",낙찰,"255,000,000",39.2%,2025-11-25,2025_4Q,1
울산 6계 2024-113563,아파트,아파트,아파트,울산,울주군,울산 울주군 온산읍 덕신리 1329-2 온산동원 101동 5층 503호,"128,000,000","89,600,000",낙찰,"119,700,000",93.5%,2025-11-05,2025_4Q,1
울산 7계 2024-113587(1),임야,임야,임야,울산,울주군,울산 울주군 언양읍 반천리 산104-15,"7,282,000","2,498,000",낙찰,"3,300,000",45.3%,2025-10-23,2025_4Q,1
울산 7계 2024-113587(2),임야,임야,임야,울산,울주군,울산 울주군 언양읍 구수리 산279-2,"7,854,000","1,886,000",낙찰,"5,100,000",64.9%,2025-09-11,2025_3Q,1
울산 7계 2024-113587(3),임야,임야,임야,울산,울주군,울산 울주군 상북면 산전리 596-27,"8,584,000","2,061,000",낙찰,"2,600,000",30.3%,2025-09-11,2025_3Q,1
울산 7계 2024-113587(4),임야,임야,임야,울산,울주군,울산 울주군 상북면 명촌리 산61-7,"13,780,000","2,316,000",낙찰,"3,350,000",24.3%,2025-10-23,2025_4Q,1
울산 5계 2024-113662(1),근린상가,근린상가,근린상가,울산,북구,울산 북구 상안동 367-7 맑은샘빌딩 2층 204호,"222,000,000","108,780,000",낙찰,"115,630,000",52.1%,2025-10-15,2025_4Q,1
울산 5계 2024-113662(2),근린상가,근린상가,근린상가,울산,북구,울산 북구 상안동 367-7 맑은샘빌딩 3층 301호,"378,000,000","185,220,000",낙찰,"192,700,000",51.0%,2025-10-15,2025_4Q,1
울산 10계 2024-113808,전,전,전,울산,중구,울산 중구 유곡동 816,"74,052,000","25,400,000",낙찰,"27,010,000",36.5%,2025-08-21,2025_3Q,2
울산 2계 2024-113822,아파트,아파트,아파트,울산,동구,"울산 동구 서부동 257-4 ,249-8 현대패밀리서부 101동 10층 1001호","97,000,000","67,900,000",낙찰,"73,390,000",75.7%,2025-11-06,2025_4Q,1
울산 3계 2024-113914,아파트,아파트,아파트,울산,남구,울산 남구 삼산동 1605-3 현대문화 101동 2층 215호,"165,000,000","115,500,000",낙찰,"140,190,000",85.0%,2025-07-15,2025_3Q,2
울산 5계 2024-113952,아파트,아파트,아파트,울산,남구,울산 남구 달동 758 달동삼성 201동 2층 205호,"279,000,000","195,300,000",낙찰,"242,339,000",86.9%,2025-09-03,2025_3Q,2
울산 2계 2024-114207,과수원,과수원,과수원,울산,북구,울산 북구 신현동 121,"524,879,000","180,034,000",낙찰,"190,000,000",36.2%,2025-12-18,2025_4Q,0
울산 3계 2024-114214,주상복합(주거),기타토지,기타토지,울산,남구,울산 남구 신정동 1911 신정지웰 102동 12층 1203호,"415,000,000","290,500,000",낙찰,"390,510,000",94.1%,2025-07-15,2025_3Q,2
울산 8계 2024-114269,아파트,아파트,아파트,울산,동구,울산 동구 화정동 949 힐스테이트 이스턴베이 103동 17층 1701호,"378,000,000","129,654,000",낙찰,"385,000,000",101.9%,2025-11-18,2025_4Q,1
울산 4계 2024-114351,오피스텔(주거),오피스텔,오피스텔(업무용),울산,남구,울산 남구 달동 881-10 쁘띠팔레드시티 13층 1301호,"276,000,000","135,240,000",낙찰,"178,500,000",64.7%,2025-11-25,2025_4Q,1
울산 10계 2024-114399,아파트,아파트,아파트,울산,남구,울산 남구 신정동 1323-50 수아지오시티 2층 208호,"170,000,000","83,300,000",낙찰,"111,120,000",65.4%,2025-12-04,2025_4Q,1
울산 7계 2024-114498,아파트,아파트,아파트,울산,북구,울산 북구 양정동 500-33 양정힐스테이트 107동 5층 504호,"251,000,000","175,700,000",낙찰,"229,990,000",91.6%,2025-07-10,2025_3Q,2
울산 8계 2024-114504,아파트,아파트,아파트,울산,남구,울산 남구 무거동 276-1 굴화주공 201동 1층 101호,"163,000,000","114,100,000",낙찰,"135,300,000",83.0%,2025-07-31,2025_3Q,2
울산 9계 2024-114511,아파트,아파트,아파트,울산,중구,울산 중구 태화동 산26 국제강변 A동 6층 607호,"181,000,000","126,700,000",낙찰,"157,989,000",87.3%,2025-09-17,2025_3Q,1
울산 4계 2024-114634,오피스텔(주거),오피스텔,오피스텔(업무용),울산,남구,울산 남구 달동 881-10 쁘띠팔레드시티 12층 1203호,"262,000,000","128,380,000",낙찰,"170,000,000",64.9%,2025-09-16,2025_3Q,1
울산 9계 2024-114733,아파트,아파트,아파트,울산,북구,"울산 북구 천곡동 940-6 ,940-7,940-9,940-14 농소대동한마음타운 103동 2층 202호","89,000,000","62,300,000",낙찰,"64,400,000",72.4%,2025-08-13,2025_3Q,2
울산 2계 2024-114764,오피스텔(주거),오피스텔,오피스텔(업무용),울산,남구,울산 남구 신정동 1110 리더스파크 4층 407호,"135,000,000","94,500,000",낙찰,"110,000,000",81.5%,2025-10-02,2025_4Q,1
울산 4계 2024-114795,다세대,다세대주택,다세대,울산,울주군,"울산 울주군 삼남읍 방기리 835 ,832-1 청호빌라 3층 303호","40,000,000","13,720,000",낙찰,"13,825,700",34.6%,2025-10-21,2025_4Q,1
울산 6계 2024-114818,아파트,아파트,아파트,울산,중구,울산 중구 태화동 169-4 (주)사현대미포조선소직장주택조합 101동 6층 604호,"151,000,000","105,700,000",낙찰,"130,481,800",86.4%,2025-11-05,2025_4Q,1
울산 7계 2024-114832,아파트,아파트,아파트,울산,동구,울산 동구 전하동 691-1 정우스위트파크 4층 401호,"180,000,000","88,200,000",낙찰,"160,000,000",88.9%,2025-07-10,2025_3Q,2
울산 5계 2024-114962,다세대,다세대주택,다세대,울산,울주군,울산 울주군 삼남읍 교동리 1575-12 주건축물 1동 4층 402호,"128,000,000","89,600,000",낙찰,"110,000,000",85.9%,2025-10-15,2025_4Q,1
울산 8계 2024-114993,전,전,전,울산,울주군,울산 울주군 삼남읍 교동리 788-1,"1,383,135,000","474,416,000",낙찰,"552,000,000",39.9%,2025-12-30,2025_4Q,0
울산 9계 2024-115071,다세대,다세대주택,다세대,울산,울주군,울산 울주군 온양읍 운화리 49-24 경북빌라 A동 1층 202호,"37,000,000","25,900,000",낙찰,"26,000,000",70.3%,2025-08-13,2025_3Q,2
울산 3계 2024-115118(1),전,전,전,울산,북구,울산 북구 창평동 606-1,"153,510,000","153,510,000",낙찰,"160,000,000",104.2%,2025-10-28,2025_4Q,1
울산 3계 2024-115118(2),대지,나대지,나대지,울산,북구,울산 북구 창평동 606-2,"272,776,000","272,776,000",낙찰,"275,000,000",100.8%,2025-10-28,2025_4Q,1
울산 3계 2024-115118(3),답,답,답,울산,북구,울산 북구 창평동 605,"615,671,000","430,970,000",낙찰,"446,250,000",72.5%,2025-12-02,2025_4Q,1
울산 6계 2024-115149,아파트,아파트,아파트,울산,북구,"울산 북구 중산동 676-1 ,1166-68,1200-20 현우파크맨션 10층 1102호","70,000,000","49,000,000",낙찰,"49,330,000",70.5%,2025-11-05,2025_4Q,1
울산 4계 2024-115170,아파트,아파트,아파트,울산,남구,울산 남구 신정동 650-17 이안신정 102동 2층 202호,"313,000,000","219,100,000",낙찰,"300,000,000",95.8%,2025-08-12,2025_3Q,2
울산 9계 2024-115224,아파트,아파트,아파트,울산,울주군,울산 울주군 온양읍 대안리 417 미도파 103동 1층 106호,"105,000,000","73,500,000",낙찰,"75,470,000",71.9%,2025-11-26,2025_4Q,1
울산 3계 2024-115279,아파트,아파트,아파트,울산,중구,울산 중구 우정동 369-1 선경2차 212동 5층 504호,"353,000,000","247,100,000",낙찰,"355,000,000",100.6%,2025-08-19,2025_3Q,2
울산 10계 2024-115378,다세대,다세대주택,다세대,울산,동구,울산 동구 화정동 873-20 장원빌라 3층 302호,"105,000,000","51,450,000",낙찰,"68,100,000",64.9%,2025-08-21,2025_3Q,2
울산 8계 2024-115569,아파트,아파트,아파트,울산,북구,울산 북구 산하동 968-2 힐스테이트강동 103동 8층 803호,"301,000,000","210,700,000",낙찰,"255,000,000",84.7%,2025-10-14,2025_4Q,1
울산 9계 2024-115576,근린주택,근린주택,근린주택,울산,남구,울산 남구 신정동 467-31 주건축물 1동,"1,087,801,840","761,461,000",낙찰,"888,888,000",81.7%,2025-10-22,2025_4Q,1
울산 8계 2024-115613,아파트,아파트,아파트,울산,북구,"울산 북구 염포동 282-1 ,282-2 성은 B동 3층 306호","78,000,000","38,220,000",낙찰,"48,110,000",61.7%,2025-09-04,2025_3Q,2
울산 5계 2024-115668,아파트,아파트,아파트,울산,북구,"울산 북구 신천동 346-5 ,호계동 196 성우현대 101동 15층 1502호","171,000,000","119,700,000",낙찰,"146,589,000",85.7%,2025-11-19,2025_4Q,1
울산 1계 2024-115729,아파트,아파트,아파트,울산,북구,"울산 북구 천곡동 402 ,408,1021-8 원동현대 101동 1층 101호","110,000,000","77,000,000",낙찰,"97,888,888",89.0%,2025-11-04,2025_4Q,1
울산 2계 2024-115873,아파트,아파트,아파트,울산,울주군,울산 울주군 서생면 진하리 70-20 오션팰리스 9층 901호,"168,000,000","117,600,000",낙찰,"140,913,000",83.9%,2025-10-02,2025_4Q,1
울산 10계 2024-116067,다세대,다세대주택,다세대,울산,동구,울산 동구 서부동 383-9 은빛에베로힐 103동 4층 402호,"145,000,000","71,050,000",낙찰,"98,759,000",68.1%,2025-08-21,2025_3Q,2
울산 2계 2024-116159,오피스텔(주거),오피스텔,오피스텔(업무용),울산,남구,울산 남구 신정동 628-7 미래 3층 304호,"56,000,000","39,200,000",낙찰,"41,100,000",73.4%,2025-10-02,2025_4Q,1
울산 4계 2024-116173,아파트,아파트,아파트,울산,북구,울산 북구 중산동 730 삼우타운 101동 2층 205호,"58,000,000","40,600,000",낙찰,"41,777,000",72.0%,2025-09-16,2025_3Q,1
울산 7계 2024-116210,아파트,아파트,아파트,울산,울주군,울산 울주군 온양읍 발리 1311 울산온양서희스타힐스 101동 2층 203호,"294,000,000","205,800,000",낙찰,"268,787,000",91.4%,2025-07-10,2025_3Q,2
울산 7계 2024-116265,아파트,아파트,아파트,울산,울주군,"울산 울주군 온양읍 발리 626-12 ,대안리 252-1 성림그린빌 102동 12층 1202호","150,000,000","105,000,000",낙찰,"131,385,000",87.6%,2025-07-10,2025_3Q,2
울산 9계 2024-116289,아파트,아파트,아파트,울산,동구,"울산 동구 서부동 257-30 ,269-7 현대패밀리서부2차 209동 3층 306호","210,000,000","147,000,000",낙찰,"178,990,000",85.2%,2025-09-17,2025_3Q,1
울산 2계 2024-116593(1),오피스텔(주거),오피스텔,오피스텔(업무용),울산,남구,"울산 남구 신정동 1230-9 ,1230-10 더위미 7층 701호","263,000,000","128,870,000",낙찰,"174,200,000",66.2%,2025-12-18,2025_4Q,0
울산 2계 2024-116593(2),오피스텔(주거),오피스텔,오피스텔(업무용),울산,남구,"울산 남구 신정동 1230-9 ,1230-10 더위미 9층 902호","209,000,000","102,410,000",낙찰,"131,120,000",62.7%,2025-12-18,2025_4Q,0
울산 2계 2024-116593(3),오피스텔(주거),오피스텔,오피스텔(업무용),울산,남구,"울산 남구 신정동 1230-9 ,1230-10 더위미 12층 1201호","268,000,000","187,600,000",낙찰,"190,100,000",70.9%,2025-11-06,2025_4Q,1
울산 2계 2024-116715,아파트,아파트,아파트,울산,중구,울산 중구 성안동 793-2 창진토파즈빌 9층 901호,"130,000,000","63,700,000",낙찰,"91,599,000",70.5%,2025-11-06,2025_4Q,1
울산 4계 2024-116869,아파트,아파트,아파트,울산,북구,울산 북구 중산동 730 삼우타운 102동 5층 508호,"65,000,000","45,500,000",낙찰,"47,890,000",73.7%,2025-09-16,2025_3Q,1
울산 8계 2024-116951,아파트,아파트,아파트,울산,울주군,울산 울주군 온양읍 대안리 409-3 한그린 12층 1210호,"91,000,000","63,700,000",낙찰,"71,200,000",78.2%,2025-07-31,2025_3Q,2
울산 2계 2024-117008,아파트,아파트,아파트,울산,남구,울산 남구 신정동 1443-1 삼부 B동 2층 206호,"270,000,000","270,000,000",낙찰,"317,989,000",117.8%,2025-10-02,2025_4Q,1
울산 10계 2024-117046,다세대,다세대주택,다세대,울산,동구,울산 동구 방어동 901-10 골드빌라 2층 202호,"110,000,000","77,000,000",낙찰,"88,599,000",80.5%,2025-07-16,2025_3Q,2
울산 8계 2024-117121,아파트,아파트,아파트,울산,동구,"울산 동구 전하동 549-14 ,549-40,550-158,581-2,301-1,301-16 현대패밀리전하 102동 9층 909호","165,000,000","115,500,000",낙찰,"153,560,000",93.1%,2025-10-14,2025_4Q,1
울산 5계 2024-117145,다세대,다세대주택,다세대,울산,동구,울산 동구 방어동 974-1 코리아빌3차 3층 302호,"128,000,000","62,720,000",낙찰,"68,888,888",53.8%,2025-12-23,2025_4Q,0
울산 8계 2024-117268,오피스텔,오피스텔,오피스텔(업무용),울산,동구,"울산 동구 방어동 239-17 ,239-18,239-6 2층 202호","107,000,000","74,900,000",낙찰,"88,888,888",83.1%,2025-10-14,2025_4Q,1
울산 10계 2024-117381(1),대지,나대지,나대지,울산,중구,울산 중구 서동 254-1,"196,560,000","137,592,000",낙찰,"184,172,667",93.7%,2025-07-16,2025_3Q,2
울산 10계 2024-117381(2),대지,나대지,나대지,울산,중구,울산 중구 서동 247-2,"154,700,000","108,290,000",낙찰,"143,889,000",93.0%,2025-07-16,2025_3Q,2
울산 4계 2024-117466,주상복합(주거),기타토지,기타토지,울산,남구,울산 남구 달동 866-12 동인킹덤빌리지 4층 402호,"219,000,000","153,300,000",낙찰,"191,989,000",87.7%,2025-10-21,2025_4Q,1
울산 3계 2024-117596(1),주상복합(상가),기타토지,기타토지,울산,남구,울산 남구 무거동 825-1 무거시장 3층 12호,"102,000,000","102,000,000",낙찰,"103,990,000",102.0%,2025-10-28,2025_4Q,1
울산 3계 2024-117596(2),주상복합(상가),기타토지,기타토지,울산,남구,울산 남구 무거동 825-1 무거시장 3층 1호,"37,000,000","37,000,000",낙찰,"38,990,000",105.4%,2025-10-28,2025_4Q,1
울산 5계 2024-117671,관리사,기타건물,기타건물,울산,울주군,"울산 울주군 삼남읍 교동리 151-2 ,150-1,150-3 다동","1,862,563,280","1,862,563,280",낙찰,"2,028,890,000",108.9%,2025-12-23,2025_4Q,0
울산 10계 2024-117718,아파트,아파트,아파트,울산,울주군,울산 울주군 언양읍 동부리 360-1 언양동부주공 105동 3층 305호,"134,000,000","93,800,000",낙찰,"111,890,000",83.5%,2025-08-21,2025_3Q,2
울산 5계 2024-117763,아파트,아파트,아파트,울산,중구,울산 중구 성안동 872-8 청산아르미 4층 401호,"183,000,000","128,100,000",낙찰,"146,666,666",80.1%,2025-11-19,2025_4Q,1
울산 10계 2024-117930,아파트,아파트,아파트,울산,동구,울산 동구 동부동 668-1 현대파크맨션 2층 203호,"115,000,000","80,500,000",낙찰,"82,100,000",71.4%,2025-08-21,2025_3Q,2
울산 8계 2024-118032,오피스텔,오피스텔,오피스텔(업무용),울산,남구,"울산 남구 신정동 1230-9 ,1230-10 더위미 17층 1701호","266,000,000","186,200,000",낙찰,"196,000,000",73.7%,2025-10-14,2025_4Q,1
울산 2계 2024-118131(1),오피스텔(주거),오피스텔,오피스텔(업무용),울산,남구,울산 남구 달동 611-16 동부햇살채 6층 701호,"268,000,000","131,320,000",낙찰,"158,070,000",59.0%,2025-12-18,2025_4Q,0
울산 2계 2024-118131(2),오피스텔(주거),오피스텔,오피스텔(업무용),울산,남구,울산 남구 달동 611-16 동부햇살채 6층 702호,"268,000,000","131,320,000",낙찰,"150,100,000",56.0%,2025-12-18,2025_4Q,0
울산 4계 2024-118155,아파트,아파트,아파트,울산,동구,울산 동구 화정동 851 현대 703동 7층 813호,"81,000,000","56,700,000",낙찰,"64,290,000",79.4%,2025-11-25,2025_4Q,1
울산 6계 2024-118230,차량,기타토지,기타토지,울산,남구,울산 남구 두왕동 453-7 현대주차장(제3자손영숙에게)내보관,"19,000,000","9,310,000",낙찰,"9,700,000",51.1%,2025-07-23,2025_3Q,2
울산 5계 2024-118698,아파트,아파트,아파트,울산,남구,울산 남구 신정동 1639-1 문수로아이파크 108동 5층 502호,"830,000,000","830,000,000",낙찰,"857,900,000",103.4%,2025-11-19,2025_4Q,1
울산 7계 2024-118711,아파트,아파트,아파트,울산,중구,울산 중구 성안동 851-19 에일린5차 B동 5층 501호,"260,000,000","182,000,000",낙찰,"245,550,000",94.4%,2025-08-14,2025_3Q,2
울산 8계 2024-118728,아파트,아파트,아파트,울산,울주군,울산 울주군 서생면 진하리 70-20 오션팰리스 2층 203호,"160,000,000","112,000,000",낙찰,"133,000,000",83.1%,2025-11-18,2025_4Q,1
울산 10계 2024-119127,다세대,다세대주택,다세대,울산,중구,울산 중구 서동 44-2 중앙파크 B동 3층 301호,"112,000,000","54,880,000",낙찰,"71,200,000",63.6%,2025-10-30,2025_4Q,1
울산 6계 2024-119165,오피스텔(주거),오피스텔,오피스텔(업무용),울산,남구,울산 남구 신정동 627-3 더렉스 7층 701호,"196,000,000","137,200,000",낙찰,"150,000,000",76.5%,2025-12-10,2025_4Q,1
울산 1계 2024-119219,차량,기타토지,기타토지,울산,남구,울산 남구 두왕동 453-7 현대주차장(제3자손영숙)내 보관,"4,500,000","1,544,000",낙찰,"1,888,000",42.0%,2025-11-04,2025_4Q,1
울산 2계 2024-119226,차량,기타토지,기타토지,울산,울주군,울산 울주군 언양읍 반천리 534 복산주차장내 보관( 제3자이상학에게보관),"37,000,000","18,130,000",낙찰,"25,170,000",68.0%,2025-07-03,2025_3Q,2
울산 10계 2024-119295,다세대,다세대주택,다세대,울산,울주군,울산 울주군 두서면 인보리 459-82 더뷰파크빌주1 5층 502호,"111,000,000","54,390,000",낙찰,"57,620,000",51.9%,2025-10-30,2025_4Q,1
울산 7계 2024-119332,근린상가,근린상가,근린상가,울산,동구,울산 동구 일산동 538-10 1층 1호,"1,740,830,600","853,007,000",낙찰,"876,568,000",50.4%,2025-09-11,2025_3Q,1
울산 3계 2024-119448,차량,기타토지,기타토지,울산,울주군,울산 울주군 언양읍 반천리 534 복산주차장내 보관,"11,000,000","7,700,000",낙찰,"9,477,300",86.2%,2025-07-15,2025_3Q,2
울산 2계 2024-119530,차량,기타토지,기타토지,울산,울주군,울산 울주군 언양읍 반천리 534 이든컴퍼니주차장(제3자이상학)내 보관,"30,000,000","14,700,000",낙찰,"19,550,000",65.2%,2025-10-02,2025_4Q,1
울산 10계 2024-119639(1),오피스텔,오피스텔,오피스텔(업무용),울산,울주군,울산 울주군 삼남읍 신화리 1611-2 울산태왕아너스퍼스티안 23층 2307호,"125,000,000","61,250,000",낙찰,"65,099,000",52.1%,2025-10-30,2025_4Q,1
울산 10계 2024-119639(2),오피스텔,오피스텔,오피스텔(업무용),울산,울주군,울산 울주군 삼남읍 신화리 1611-2 울산태왕아너스퍼스티안 23층 2319호,"125,000,000","61,250,000",낙찰,"65,099,000",52.1%,2025-10-30,2025_4Q,1
울산 7계 2024-119691,근린상가,근린상가,근린상가,울산,울주군,울산 울주군 삼남읍 신화리 1606-7 골드테라스타워 9층 905호,"102,000,000","34,986,000",낙찰,"46,800,000",45.9%,2025-10-23,2025_4Q,1
울산 10계 2024-119875,다세대,다세대주택,다세대,울산,울주군,울산 울주군 삼남읍 방기리 967-12 공동주택(김은정) 1동 7층 702호,"102,000,000","71,400,000",낙찰,"85,890,000",84.2%,2025-10-30,2025_4Q,1
울산 4계 2024-119882,아파트,아파트,아파트,울산,중구,울산 중구 약사동 612-38 래미안1차 101동 1층 101호,"471,000,000","471,000,000",낙찰,"471,100,000",100.0%,2025-09-16,2025_3Q,1
울산 5계 2024-120035,대지,나대지,나대지,울산,울주군,울산 울주군 서생면 진하리 304-3,"160,816,000","78,800,000",낙찰,"90,000,000",56.0%,2025-12-23,2025_4Q,0
울산 10계 2024-120370,아파트,아파트,아파트,울산,울주군,울산 울주군 온산읍 덕신리 1329-4 덕신동백 105동 6층 606호,"85,000,000","59,500,000",낙찰,"75,770,000",89.1%,2025-09-25,2025_3Q,1
울산 8계 2024-120561,오피스텔,오피스텔,오피스텔(업무용),울산,남구,"울산 남구 신정동 167-33 ,167-15 동해 2동 5층 501호","58,000,000","40,600,000",낙찰,"45,100,000",77.8%,2025-07-31,2025_3Q,2
울산 9계 2024-120646,차량,기타토지,기타토지,울산,남구,울산 남구 두왕동 453-7 현대주차장내 보관,"12,000,000","8,400,000",낙찰,"9,676,200",80.6%,2025-07-09,2025_3Q,2
울산 2계 2024-120677,아파트,아파트,아파트,울산,남구,"울산 남구 신정동 851-20 ,851-21,851-40,야음동 594-10,594-37 신정현대홈타운 402동 10층 1004호","386,000,000","386,000,000",낙찰,"415,800,000",107.7%,2025-12-18,2025_4Q,0
울산 9계 2025-282,오피스텔,오피스텔,오피스텔(업무용),울산,남구,울산 남구 신정동 1323-50 수아지오시티 10층 1006호,"154,000,000","107,800,000",낙찰,"132,500,000",86.0%,2025-10-22,2025_4Q,1
울산 6계 2025-874,선박,기타토지,기타토지,울산,동구,울산 동구 방어동 방어진항내 정박,"495,873,000","119,060,000",낙찰,"135,500,000",27.3%,2025-11-05,2025_4Q,1
울산 3계 2025-896,아파트,아파트,아파트,울산,동구,울산 동구 방어동 1007-4 스카이빌리지 8층 801호,"116,000,000","81,200,000",낙찰,"95,500,000",82.3%,2025-10-28,2025_4Q,1
울산 7계 2025-923,답,답,답,울산,울주군,울산 울주군 상북면 덕현리 122,"99,960,000","34,286,000",낙찰,"36,169,000",36.2%,2025-11-27,2025_4Q,1
울산 7계 2025-933,아파트,아파트,아파트,울산,북구,울산 북구 천곡동 940-10 대동황토방 202동 12층 1203호,"140,000,000","98,000,000",낙찰,"107,000,000",76.4%,2025-09-11,2025_3Q,1
울산 8계 2025-963,아파트,아파트,아파트,울산,울주군,울산 울주군 상북면 천전리 532-19 경동청구타운 104동 1층 111호,"84,000,000","58,800,000",낙찰,"63,921,000",76.1%,2025-12-30,2025_4Q,0
울산 2계 2025-995(1),차량,기타토지,기타토지,울산,남구,울산 남구 두왕동 453-7 현대주차장내보관,"7,500,000","7,500,000",낙찰,"10,855,000",144.7%,2025-08-28,2025_3Q,2
울산 2계 2025-995(2),차량,기타토지,기타토지,울산,남구,울산 남구 두왕동 453-7 현대주차장내보관,"10,000,000","10,000,000",낙찰,"10,500,000",105.0%,2025-08-28,2025_3Q,2
울산 2계 2025-995(3),차량,기타토지,기타토지,울산,남구,울산 남구 두왕동 453-7 현대주차장내 보관,"6,000,000","2,940,000",낙찰,"3,975,000",66.3%,2025-11-06,2025_4Q,1
울산 2계 2025-995(4),차량,기타토지,기타토지,울산,남구,울산 남구 두왕동 453-7 현대주차장내보관,"12,000,000","12,000,000",낙찰,"13,088,000",109.1%,2025-08-28,2025_3Q,2
울산 2계 2025-995(5),중기,기타토지,기타토지,울산,남구,울산 남구 두왕동 453-7 현대주차장내보관,"60,000,000","60,000,000",낙찰,"73,765,000",122.9%,2025-08-28,2025_3Q,2
울산 7계 2025-1004,차량,기타토지,기타토지,울산,남구,울산 남구 두왕동 453-7 현대주차장내 보관,"8,500,000","5,950,000",낙찰,"7,410,000",87.2%,2025-08-14,2025_3Q,2
울산 2계 2025-1103,차량,기타토지,기타토지,울산,울주군,울산 울주군 언양읍 반천리 534 복산주차장(제3자이성학)내 보관,"15,200,000","10,640,000",낙찰,"13,300,100",87.5%,2025-10-02,2025_4Q,1
울산 5계 2025-1105,중기,기타토지,기타토지,울산,울주군,울산 울주군 언양읍 반천리 534 복산주차장내 보관,"12,000,000","8,400,000",낙찰,"9,500,000",79.2%,2025-10-15,2025_4Q,1
울산 7계 2025-1214,아파트,아파트,아파트,울산,남구,울산 남구 신정동 1323-50 수아지오시티 4층 403호,"162,000,000","162,000,000",낙찰,"162,000,000",100.0%,2025-11-27,2025_4Q,1
울산 6계 2025-10005,차량,기타토지,기타토지,울산,남구,울산 남구 두왕동 453-7 현대주차장내 보관,"12,000,000","5,880,000",낙찰,"8,048,000",67.1%,2025-10-01,2025_4Q,1
울산 8계 2025-10227,아파트,아파트,아파트,울산,남구,"울산 남구 무거동 832-2 ,842,843 무거현대 101동 4층 407호","147,000,000","102,900,000",낙찰,"136,780,000",93.0%,2025-11-18,2025_4Q,1
울산 1계 2025-10258,차량,기타토지,기타토지,울산,울주군,울산 울주군 언양읍 반천리 534 복산주차장내 보관(제3자이성학에게보관),"24,000,000","16,800,000",낙찰,"19,530,000",81.4%,2025-07-22,2025_3Q,2
울산 3계 2025-10494,연립,연립주택,연립·빌라,울산,동구,"울산 동구 전하동 636-5 ,636-6 산성 G동 1층 101호","75,000,000","52,500,000",낙찰,"54,088,000",72.1%,2025-12-02,2025_4Q,1
울산 4계 2025-10500,차량,기타토지,기타토지,울산,울주군,울산 울주군 언양읍 반천리 534 복산주차장내 보관,"16,600,000","11,620,000",낙찰,"15,760,000",94.9%,2025-10-21,2025_4Q,1
울산 8계 2025-10814,아파트,아파트,아파트,울산,동구,"울산 동구 동부동 150 ,150-1,218-1,592-20 현대패밀리동부 112동 7층 708호","106,000,000","51,940,000",낙찰,"71,790,000",67.7%,2025-12-30,2025_4Q,0
울산 4계 2025-11046,차량,기타토지,기타토지,울산,울주군,울산 울주군 언양읍 반천리 534 복산주차장내 보관,"19,000,000","13,300,000",낙찰,"18,030,000",94.9%,2025-10-21,2025_4Q,1
울산 3계 2025-11152,주상복합(주거),기타토지,기타토지,울산,남구,울산 남구 신정동 1831-13 남해스위트빌 14층 1402호,"245,000,000","171,500,000",낙찰,"219,000,000",89.4%,2025-12-02,2025_4Q,1
울산 9계 2025-11287,차량,기타토지,기타토지,울산,울주군,울산 울주군 언양읍 반천리 534 내 보관,"23,000,000","11,270,000",낙찰,"15,500,000",67.4%,2025-09-17,2025_3Q,1
울산 3계 2025-11291,아파트,아파트,아파트,울산,남구,울산 남구 삼산동 172-1 세양청구마을 111동 10층 1002호,"252,000,000","176,400,000",낙찰,"247,989,000",98.4%,2025-12-02,2025_4Q,1
울산 7계 2025-11295,아파트,아파트,아파트,울산,북구,울산 북구 중산동 200 중산디아채 106동 11층 1101호,"250,000,000","175,000,000",낙찰,"202,200,000",80.9%,2025-09-11,2025_3Q,1
울산 1계 2025-11296,차량,기타토지,기타토지,울산,울주군,울산 울주군 언양읍 반천리 534 복산주차장내 보관(제3자이성학에게보관),"18,000,000","12,600,000",낙찰,"16,000,100",88.9%,2025-09-30,2025_3Q,1
울산 3계 2025-11305,차량,기타토지,기타토지,울산,울주군,울산 울주군 언양읍 반천리 534 복산주차장(보관자이성학에게)내보관,"15,000,000","10,500,000",낙찰,"12,500,000",83.3%,2025-09-23,2025_3Q,1
울산 9계 2025-11325,차량,기타토지,기타토지,울산,울주군,울산 울주군 언양읍 반천리 534 복산주차장내보관,"30,000,000","30,000,000",낙찰,"31,111,000",103.7%,2025-08-13,2025_3Q,2
울산 9계 2025-11336,차량,기타토지,기타토지,울산,울주군,울산 울주군 언양읍 반천리 534 복산주차장내 보관,"24,500,000","17,150,000",낙찰,"18,609,000",76.0%,2025-11-26,2025_4Q,1
울산 7계 2025-11365,아파트,아파트,아파트,울산,북구,"울산 북구 천곡동 940-6 ,940-7,940-9 농소대동한마음타운 105동 5층 512호","90,000,000","63,000,000",낙찰,"76,610,000",85.1%,2025-09-11,2025_3Q,1
울산 5계 2025-11388,차량,기타토지,기타토지,울산,울주군,울산 울주군 언양읍 반천리 534 복산주차장내 보관,"12,000,000","4,116,000",낙찰,"5,000,000",41.7%,2025-10-15,2025_4Q,1
울산 8계 2025-11392,아파트,아파트,아파트,울산,북구,"울산 북구 천곡동 940-6 ,940-7,940-9 농소대동한마음타운 105동 2층 210호","86,000,000","60,200,000",낙찰,"65,990,000",76.7%,2025-12-30,2025_4Q,0
울산 7계 2025-11406,임야,임야,임야,울산,울주군,울산 울주군 상북면 등억알프스리 4-8,"913,540,000","639,478,000",낙찰,"639,500,000",70.0%,2025-09-11,2025_3Q,1
울산 5계 2025-11474,차량,기타토지,기타토지,울산,울주군,울산 울주군 언양읍 반천리 534 복산주차장내 보관,"12,000,000","5,880,000",낙찰,"8,178,000",68.2%,2025-10-15,2025_4Q,1
울산 7계 2025-11496,오피스텔(주거),오피스텔,오피스텔(업무용),울산,남구,울산 남구 삼산동 1624-1 코아루벨라채 9층 927호,"100,000,000","70,000,000",낙찰,"88,688,800",88.7%,2025-10-23,2025_4Q,1
울산 9계 2025-11523,차량,기타토지,기타토지,울산,울주군,울산 울주군 언양읍 반천리 534 내 보관,"33,000,000","23,100,000",낙찰,"27,246,200",82.6%,2025-07-09,2025_3Q,2
울산 1계 2025-11568,차량,기타토지,기타토지,울산,울주군,울산 울주군 언양읍 반천리 534 복산주차장내 보관(제3자 이성학에게 보관),"50,000,000","35,000,000",낙찰,"35,355,000",70.7%,2025-11-04,2025_4Q,1
울산 7계 2025-11620,아파트,아파트,아파트,울산,중구,울산 중구 성안동 390-4 다솜까사미아 6층 602호,"187,000,000","130,900,000",낙찰,"170,089,000",91.0%,2025-11-27,2025_4Q,1
울산 1계 2025-11694,차량,기타토지,기타토지,울산,울주군,울산 울주군 언양읍 반천리 534 복산주차장내 보관(제3자이성학에게보관),"21,000,000","14,700,000",낙찰,"15,322,000",73.0%,2025-09-30,2025_3Q,1
울산 3계 2025-11709,차량,기타토지,기타토지,울산,울주군,울산 울주군 언양읍 반천리 534 현대주차장내 보관(제3자 이성학에게 보관),"15,000,000","10,500,000",낙찰,"14,251,187",95.0%,2025-09-23,2025_3Q,1
울산 2계 2025-11750,차량,기타토지,기타토지,울산,울주군,울산 울주군 언양읍 반천리 534 복산주차장내 보관(제3자 이성학 보관),"17,000,000","11,900,000",낙찰,"12,900,000",75.9%,2025-12-18,2025_4Q,0
울산 7계 2025-11756,임야,임야,임야,울산,울주군,울산 울주군 서생면 서생리 산23-10,"202,401,000","141,681,000",낙찰,"142,001,000",70.2%,2025-11-27,2025_4Q,1
울산 6계 2025-11789,중기,기타토지,기타토지,울산,남구,울산 남구 두왕동 453-7 현대주차장내 보관,"210,000,000","102,900,000",낙찰,"115,000,001",54.8%,2025-11-05,2025_4Q,1
울산 7계 2025-11790,차량,기타토지,기타토지,울산,울주군,울산 울주군 언양읍 반천리 534 내 보관,"7,500,000","7,500,000",낙찰,"10,419,000",138.9%,2025-11-27,2025_4Q,1
울산 8계 2025-11800,중기,기타토지,기타토지,울산,울주군,울산 울주군 언양읍 반천리 534 복산주차장(제3자이성학)내 보관,"105,000,000","73,500,000",낙찰,"75,100,000",71.5%,2025-11-18,2025_4Q,1
울산 4계 2025-11843,차량,기타토지,기타토지,울산,남구,울산 남구 두왕동 453-7 현대주차장내 보관,"19,000,000","13,300,000",낙찰,"17,850,000",93.9%,2025-09-16,2025_3Q,1
울산 8계 2025-11847,차량,기타토지,기타토지,울산,울주군,울산 울주군 언양읍 반천리 534 복산주차장내 보관,"6,000,000","2,940,000",낙찰,"5,030,000",83.8%,2025-11-18,2025_4Q,1
울산 2계 2025-11854,차량,기타토지,기타토지,울산,남구,울산 남구 두왕동 453-7 현대주차장내 보관(제3자 손영숙 보관),"21,000,000","14,700,000",낙찰,"16,389,000",78.0%,2025-12-18,2025_4Q,0
울산 10계 2025-11966,차량,기타토지,기타토지,울산,울주군,울산 울주군 언양읍 반천리 534 복산주차장내 보관,"29,000,000","20,300,000",낙찰,"25,888,000",89.3%,2025-12-04,2025_4Q,1
울산 9계 2025-11988,차량,기타토지,기타토지,울산,울주군,울산 울주군 언양읍 반천리 534 내 보관,"7,000,000","3,430,000",낙찰,"5,160,000",73.7%,2025-11-26,2025_4Q,1
울산 2계 2025-12477,차량,기타토지,기타토지,울산,울주군,울산 울주군 언양읍 반천리 534 복산주차장내 보관(제3자 이성학 보관),"20,000,000","14,000,000",낙찰,"15,469,900",77.3%,2025-12-18,2025_4Q,0
울산 8계 2025-12501,차량,기타토지,기타토지,울산,울주군,울산 울주군 언양읍 반천리 534 복산주차장(제3자이성학)내 보관,"4,500,000","4,500,000",낙찰,"4,915,000",109.2%,2025-11-18,2025_4Q,1
울산 1계 2020-5794(2),전,전,전,울산,울주군,울산 울주군 삼남읍 상천리 111-12,"216,195,000","105,936,000",낙찰,"133,300,000",61.7%,2026-02-26,2026_1Q,0
울산 7계 2021-112767(9),근린상가,근린상가,근린상가,울산,북구,울산 북구 상안동 357-11 6층 601호,"847,000,000","203,365,000",낙찰,"215,000,000",25.4%,2026-02-24,2026_1Q,0
울산 8계 2022-8339,근린상가,근린상가,근린상가,울산,북구,"울산 북구 산하동 995-14 ,995-15 강동블루마더테라스 4층 403호","201,000,000","23,647,000",낙찰,"23,715,000",11.8%,2026-03-10,2026_1Q,0
울산 10계 2022-8353,근린상가,근린상가,근린상가,울산,북구,"울산 북구 산하동 995-14 ,995-15 강동블루마더테라스 4층 405호","209,000,000","24,589,000",낙찰,"27,555,000",13.2%,2026-01-08,2026_1Q,0
울산 3계 2022-105636,아파트,아파트,아파트,울산,울주군,울산 울주군 범서읍 구영리 796-2 한신 202동 10층 1005호,"273,000,000","191,100,000",낙찰,"213,600,000",78.2%,2026-02-13,2026_1Q,0
울산 9계 2023-9971(1),오피스텔,오피스텔,오피스텔(업무용),울산,울주군,울산 울주군 범서읍 구영리 716-3 엣지타워 2층 302호,"128,000,000","62,720,000",낙찰,"82,400,000",64.4%,2026-02-25,2026_1Q,0
울산 9계 2023-9971(2),오피스텔,오피스텔,오피스텔(업무용),울산,울주군,울산 울주군 범서읍 구영리 716-3 엣지타워 3층 501호,"127,000,000","62,230,000",낙찰,"79,800,000",62.8%,2026-02-25,2026_1Q,0
울산 9계 2023-9971(4),오피스텔(주거),오피스텔,오피스텔(업무용),울산,울주군,울산 울주군 범서읍 구영리 716-3 엣지타워 6층 1101호,"130,000,000","63,700,000",낙찰,"88,001,000",67.7%,2026-02-25,2026_1Q,0
울산 9계 2023-9971(6),오피스텔(주거),오피스텔,오피스텔(업무용),울산,울주군,울산 울주군 범서읍 구영리 716-3 엣지타워 7층 1302호,"131,000,000","91,700,000",낙찰,"91,700,000",70.0%,2026-01-07,2026_1Q,0
울산 9계 2023-9971(8),오피스텔(주거),오피스텔,오피스텔(업무용),울산,울주군,울산 울주군 범서읍 구영리 716-3 엣지타워 8층 1501호,"130,000,000","63,700,000",낙찰,"87,930,000",67.6%,2026-02-25,2026_1Q,0
울산 9계 2023-10940,근린상가,근린상가,근린상가,울산,울주군,울산 울주군 온산읍 덕신리 402-2,"1,710,353,480","838,073,000",낙찰,"1,021,118,000",59.7%,2026-01-07,2026_1Q,0
울산 8계 2023-11127,아파트,아파트,아파트,울산,북구,울산 북구 천곡동 418 삼성ㆍ코아루 113동 5층 504호,"349,000,000","244,300,000",낙찰,"315,999,000",90.5%,2026-02-03,2026_1Q,0
울산 8계 2023-11592(1),주상복합(상가),기타토지,기타토지,울산,남구,울산 남구 신정동 1874 동문아뮤티 4층 407호,"118,000,000","57,820,000",낙찰,"57,900,000",49.1%,2026-03-10,2026_1Q,0
울산 8계 2023-11592(2),주상복합(상가),기타토지,기타토지,울산,남구,울산 남구 신정동 1874 동문아뮤티 4층 408호,"186,000,000","91,140,000",낙찰,"91,900,000",49.4%,2026-03-10,2026_1Q,0
울산 8계 2023-11592(3),주상복합(상가),기타토지,기타토지,울산,남구,울산 남구 신정동 1874 동문아뮤티 4층 409호,"199,000,000","97,510,000",낙찰,"97,900,000",49.2%,2026-03-10,2026_1Q,0
울산 2계 2023-111072(2),임야,임야,임야,울산,울주군,울산 울주군 상북면 덕현리 157-13,"2,010,561","690,000",낙찰,"751,000",37.4%,2026-02-19,2026_1Q,0
울산 6계 2023-111157,공장,공장(지식산업센터 업무시설),공장,울산,울주군,울산 울주군 두서면 전읍리 1385-2 1동,"3,166,963,800","1,551,813,000",낙찰,"1,856,999,999",58.6%,2026-03-04,2026_1Q,0
울산 7계 2023-111829,아파트,아파트,아파트,울산,동구,울산 동구 화정동 851-6 대하크리스탈 102동 7층 711호,"112,000,000","54,880,000",낙찰,"78,400,500",70.0%,2026-02-24,2026_1Q,0
울산 3계 2023-112105,다가구,다가구,다가구,울산,동구,울산 동구 방어동 1000-15,"753,438,240","369,185,000",낙찰,"406,500,000",54.0%,2026-02-13,2026_1Q,0
울산 10계 2024-421(1),답,답,답,울산,울주군,울산 울주군 청량읍 문죽리 240,"172,791,000","120,954,000",낙찰,"157,890,000",91.4%,2026-01-08,2026_1Q,0
울산 10계 2024-421(2),임야,임야,임야,울산,울주군,울산 울주군 청량읍 문죽리 산317,"54,483,000","13,082,000",낙찰,"18,698,000",34.3%,2026-02-12,2026_1Q,0
울산 9계 2024-797(2),임야,임야,임야,울산,울주군,울산 울주군 두서면 내와리 산68-2,"28,892,700","14,158,000",낙찰,"14,158,000",49.0%,2026-02-25,2026_1Q,0
울산 6계 2024-1202(1),공장,공장(지식산업센터 업무시설),공장,울산,울주군,울산 울주군 언양읍 반천리 1104-19 1동,"9,261,761,080","4,538,263,000",낙찰,"5,523,599,999",59.6%,2026-01-21,2026_1Q,0
울산 6계 2024-1202(2),공장용지,공장(지식산업센터 업무시설),공장,울산,울주군,울산 울주군 언양읍 반천리 1104-25,"4,731,942,800","2,318,652,000",낙찰,"2,576,000,000",54.4%,2026-01-21,2026_1Q,0
울산 6계 2024-1240,대지,나대지,나대지,울산,울주군,울산 울주군 서생면 서생리 289,"843,143,050","141,707,000",낙찰,"212,600,000",25.2%,2026-01-21,2026_1Q,0
울산 6계 2024-1844(2),근린상가,근린상가,근린상가,울산,북구,"울산 북구 송정동 1232-1 ,1232-7 골드테라스1 8층 806호","728,000,000","174,793,000",낙찰,"261,899,000",36.0%,2026-01-21,2026_1Q,0
울산 6계 2024-2267(1),임야,임야,임야,울산,울주군,울산 울주군 웅촌면 통천리 786-3,"66,480,000","46,536,000",낙찰,"47,100,000",70.8%,2026-03-04,2026_1Q,0
울산 4계 2024-2618,근린상가,근린상가,근린상가,울산,북구,울산 북구 산하동 995-1 2층 203호,"157,000,000","37,696,000",낙찰,"40,250,000",25.6%,2026-01-13,2026_1Q,0
울산 2계 2024-2922,답,답,답,울산,울주군,울산 울주군 온산읍 삼평리 1205,"59,946,000","10,075,000",낙찰,"11,510,000",19.2%,2026-02-19,2026_1Q,0
울산 6계 2024-3208(1),아파트,아파트,아파트,울산,동구,울산 동구 방어동 1064 현대중공업(주)외국인 101동 1층 101호,"184,000,000","128,800,000",낙찰,"133,100,000",72.3%,2026-03-04,2026_1Q,0
울산 6계 2024-3208(2),아파트,아파트,아파트,울산,동구,울산 동구 방어동 1064 현대중공업(주)외국인 101동 3층 301호,"186,000,000","130,200,000",낙찰,"161,000,000",86.6%,2026-03-04,2026_1Q,0
울산 4계 2024-4133,공장,공장(지식산업센터 업무시설),공장,울산,울주군,울산 울주군 웅촌면 은현리 1-40,"1,117,175,370","547,416,000",낙찰,"561,000,000",50.2%,2026-02-11,2026_1Q,0
울산 6계 2024-4904,임야,임야,임야,울산,울주군,울산 울주군 범서읍 척과리 152-10,"124,912,000","29,992,000",낙찰,"32,690,000",26.2%,2026-03-04,2026_1Q,0
울산 7계 2024-5419(1),의료시설,병원,병원,울산,중구,"울산 중구 반구동 265-10 ,443-2,443-3,734","8,566,022,720","4,197,351,000",낙찰,"5,500,000,000",64.2%,2026-02-24,2026_1Q,0
울산 3계 2024-5457,오피스텔(주거),오피스텔,오피스텔(업무용),울산,북구,"울산 북구 명촌동 742-2 ,742-8,742-9 엘리제빌 7층 703호","220,000,000","154,000,000",낙찰,"180,000,000",81.8%,2026-01-09,2026_1Q,0
울산 7계 2024-5518,답,답,답,울산,울주군,울산 울주군 삼동면 하잠리 50,"48,070,000","2,771,000",낙찰,"4,000,000",8.3%,2026-02-24,2026_1Q,0
울산 8계 2024-5525,분뇨쓰레기처리시설,기타건물,기타건물,울산,울주군,울산 울주군 청량읍 상남리 195-4 1동,"617,672,800","211,862,000",낙찰,"232,989,000",37.7%,2026-02-03,2026_1Q,0
울산 9계 2024-6115,단독주택,단독,단독주택,울산,북구,"울산 북구 중산동 780-1 ,778-4,778-6,780-3,780-4","980,881,730","480,632,000",낙찰,"582,000,000",59.3%,2026-02-25,2026_1Q,0
울산 2계 2024-6245,아파트,아파트,아파트,울산,남구,울산 남구 무거동 275-1 두레마을 주공 107동 10층 1002호,"214,000,000","149,800,000",낙찰,"220,000,000",102.8%,2026-01-15,2026_1Q,0
울산 5계 2024-6429(1),임야,임야,임야,울산,울주군,울산 울주군 온양읍 동상리 산84-2,"216,006,000","105,843,000",낙찰,"125,943,500",58.3%,2026-01-28,2026_1Q,0
울산 5계 2024-6429(2),임야,임야,임야,울산,울주군,울산 울주군 온양읍 동상리 산20-7,"58,905,000","28,864,000",낙찰,"35,865,500",60.9%,2026-01-28,2026_1Q,0
울산 10계 2024-6528,오피스텔(주거),오피스텔,오피스텔(업무용),울산,남구,"울산 남구 신정동 580-1 ,580-18 신정센텀메르빌 5층 504호","180,000,000","30,253,000",낙찰,"30,253,000",16.8%,2026-01-08,2026_1Q,0
울산 8계 2024-6610,아파트,아파트,아파트,울산,동구,"울산 동구 서부동 257-30 ,269-7 현대패밀리서부2차 202동 15층 1504호","145,000,000","101,500,000",낙찰,"103,689,000",71.5%,2026-02-03,2026_1Q,0
울산 6계 2024-6818,다세대,다세대주택,다세대,울산,중구,울산 중구 동동 219-21 태화빌라 B동 1층 201호,"51,800,000","17,767,000",낙찰,"21,770,000",42.0%,2026-01-21,2026_1Q,0
울산 6계 2024-6962,아파트,아파트,아파트,울산,북구,"울산 북구 천곡동 410-1 ,410-12,421-2,421-9,1030 쌍용아진그린타운4차 410동 2층 202호","291,000,000","203,700,000",낙찰,"221,000,000",75.9%,2026-03-04,2026_1Q,0
울산 1계 2024-7439,다세대,다세대주택,다세대,울산,울주군,울산 울주군 언양읍 동부리 257-14 동부 2층 201호,"62,000,000","30,380,000",낙찰,"33,500,000",54.0%,2026-02-26,2026_1Q,0
울산 6계 2024-7446,임야,임야,임야,울산,울주군,울산 울주군 서생면 나사리 산19-13,"41,962,500","10,075,000",낙찰,"11,000,000",26.2%,2026-03-04,2026_1Q,0
울산 1계 2024-7576,아파트,아파트,아파트,울산,중구,울산 중구 유곡동 271-2 에일린의뜰3차 309동 8층 801호,"585,000,000","409,500,000",낙찰,"567,450,000",97.0%,2026-01-14,2026_1Q,0
울산 9계 2024-7637(1),하천,기타토지,기타토지,울산,울주군,울산 울주군 청량읍 용암리 61-3,"50,948,000","24,965,000",낙찰,"25,100,000",49.3%,2026-02-25,2026_1Q,0
울산 9계 2024-7637(2),하천,기타토지,기타토지,울산,울주군,울산 울주군 청량읍 상남리 20,"61,852,000","30,307,000",낙찰,"31,313,100",50.6%,2026-02-25,2026_1Q,0
울산 10계 2024-7941,숙박시설,숙박시설,숙박시설,울산,울주군,울산 울주군 삼남읍 신화리 1607-12,"11,175,151,720","5,475,824,000",낙찰,"6,760,000,000",60.5%,2026-02-12,2026_1Q,0
울산 9계 2024-8180,다가구,다가구,다가구,울산,중구,울산 중구 학성동 131,"1,002,230,400","701,561,000",낙찰,"722,700,000",72.1%,2026-01-07,2026_1Q,0
울산 8계 2024-8227,아파트,아파트,아파트,울산,동구,울산 동구 화정동 876-1 화정동명성블루빌3차 9층 902호,"290,000,000","203,000,000",낙찰,"250,000,000",86.2%,2026-02-03,2026_1Q,0
울산 2계 2024-8234(1),아파트,아파트,아파트,울산,동구,울산 동구 전하동 449-6 전하동정림명가의아침 1동 4층 401호,"200,000,000","140,000,000",낙찰,"171,170,000",85.6%,2026-01-15,2026_1Q,0
울산 6계 2024-8265,아파트,아파트,아파트,울산,동구,"울산 동구 서부동 257-4 ,249-8 현대패밀리서부 122동 2층 206호","80,700,000","56,490,000",낙찰,"64,888,800",80.4%,2026-03-04,2026_1Q,0
울산 2계 2024-8432,아파트,아파트,아파트,울산,남구,울산 남구 삼산동 1564-1 삼산동대성스카이렉스 101동 35층 3502호,"536,000,000","536,000,000",낙찰,"573,990,000",107.1%,2026-01-15,2026_1Q,0
울산 3계 2024-8449(1),대지,나대지,나대지,울산,북구,울산 북구 호계동 1018-5,"848,349,500","415,692,000",낙찰,"456,000,000",53.8%,2026-02-13,2026_1Q,0
울산 3계 2024-8449(2),근린상가,근린상가,근린상가,울산,북구,"울산 북구 호계동 1019-5 ,1019-6","3,922,516,400","1,922,033,000",낙찰,"1,922,090,000",49.0%,2026-02-13,2026_1Q,0
울산 3계 2024-8517,과수원,과수원,과수원,울산,울주군,울산 울주군 서생면 화산리 383-9,"144,570,000","49,587,000",낙찰,"55,200,000",38.2%,2026-02-13,2026_1Q,0
울산 2계 2024-8661,답,답,답,울산,울주군,울산 울주군 두동면 은편리 441-3,"638,044,000","107,236,000",낙찰,"144,200,000",22.6%,2026-02-19,2026_1Q,0
울산 6계 2024-8777,아파트,아파트,아파트,울산,동구,"울산 동구 서부동 238-29 ,238-28 현대패밀리명덕 103동 11층 1105호","143,000,000","100,100,000",낙찰,"108,955,000",76.2%,2026-01-21,2026_1Q,0
울산 8계 2024-8852,점포,근린상가,점포상가,울산,울주군,울산 울주군 서생면 대송리 303,"3,911,030,000","1,916,405,000",낙찰,"1,938,800,000",49.6%,2026-03-10,2026_1Q,0
울산 6계 2024-8968,다세대,다세대주택,다세대,울산,중구,"울산 중구 남외동 296 ,297 뉴그린빌라 1동 3층 301호","69,000,000","33,810,000",낙찰,"38,170,000",55.3%,2026-03-04,2026_1Q,0
울산 3계 2024-8999(1),오피스텔,오피스텔,오피스텔(업무용),울산,동구,울산 동구 일산동 579-24 센트럴나인 4층 401호,"70,000,000","34,300,000",낙찰,"46,100,000",65.9%,2026-02-13,2026_1Q,0
울산 3계 2024-8999(2),오피스텔(주거),오피스텔,오피스텔(업무용),울산,동구,울산 동구 일산동 579-24 센트럴나인 4층 402호,"70,000,000","34,300,000",낙찰,"46,100,000",65.9%,2026-02-13,2026_1Q,0
울산 3계 2024-8999(3),오피스텔(주거),오피스텔,오피스텔(업무용),울산,동구,울산 동구 일산동 579-24 센트럴나인 4층 403호,"84,000,000","58,800,000",낙찰,"60,770,000",72.3%,2026-01-09,2026_1Q,0
울산 3계 2024-8999(4),오피스텔(주거),오피스텔,오피스텔(업무용),울산,동구,울산 동구 일산동 579-24 센트럴나인 4층 404호,"97,000,000","67,900,000",낙찰,"72,970,000",75.2%,2026-01-09,2026_1Q,0
울산 3계 2024-8999(5),오피스텔(주거),오피스텔,오피스텔(업무용),울산,동구,울산 동구 일산동 579-24 센트럴나인 4층 405호,"85,000,000","59,500,000",낙찰,"61,999,999",72.9%,2026-01-09,2026_1Q,0
울산 3계 2024-8999(6),오피스텔(주거),오피스텔,오피스텔(업무용),울산,동구,울산 동구 일산동 579-24 센트럴나인 4층 406호,"84,000,000","58,800,000",낙찰,"61,299,999",73.0%,2026-01-09,2026_1Q,0
울산 3계 2024-8999(7),오피스텔,오피스텔,오피스텔(업무용),울산,동구,울산 동구 일산동 579-24 센트럴나인 4층 407호,"79,000,000","38,710,000",낙찰,"49,100,000",62.2%,2026-02-13,2026_1Q,0
울산 3계 2024-8999(8),오피스텔(주거),오피스텔,오피스텔(업무용),울산,동구,울산 동구 일산동 579-24 센트럴나인 4층 408호,"92,000,000","45,080,000",낙찰,"62,586,000",68.0%,2026-02-13,2026_1Q,0
울산 3계 2024-8999(9),오피스텔(주거),오피스텔,오피스텔(업무용),울산,동구,울산 동구 일산동 579-24 센트럴나인 4층 409호,"80,000,000","56,000,000",낙찰,"58,770,000",73.5%,2026-01-09,2026_1Q,0
울산 3계 2024-8999(10),오피스텔(주거),오피스텔,오피스텔(업무용),울산,동구,울산 동구 일산동 579-24 센트럴나인 4층 410호,"79,000,000","55,300,000",낙찰,"56,770,000",71.9%,2026-01-09,2026_1Q,0
울산 4계 2024-9008(1),오피스텔,오피스텔,오피스텔(업무용),울산,동구,울산 동구 일산동 579-24 센트럴나인 3층 301호,"70,000,000","34,300,000",낙찰,"36,400,000",52.0%,2026-01-13,2026_1Q,0
울산 4계 2024-9008(2),오피스텔,오피스텔,오피스텔(업무용),울산,동구,울산 동구 일산동 579-24 센트럴나인 3층 302호,"70,000,000","34,300,000",낙찰,"41,300,000",59.0%,2026-01-13,2026_1Q,0
울산 4계 2024-9008(3),오피스텔(주거),오피스텔,오피스텔(업무용),울산,동구,울산 동구 일산동 579-24 센트럴나인 3층 303호,"85,000,000","41,650,000",낙찰,"48,459,990",57.0%,2026-01-13,2026_1Q,0
울산 4계 2024-9008(4),오피스텔(주거),오피스텔,오피스텔(업무용),울산,동구,울산 동구 일산동 579-24 센트럴나인 3층 304호,"85,000,000","41,650,000",낙찰,"62,555,000",73.6%,2026-01-13,2026_1Q,0
울산 4계 2024-9008(5),오피스텔,오피스텔,오피스텔(업무용),울산,동구,울산 동구 일산동 579-24 센트럴나인 3층 305호,"93,000,000","45,570,000",낙찰,"50,019,990",53.8%,2026-01-13,2026_1Q,0
울산 4계 2024-9008(6),오피스텔(주거),오피스텔,오피스텔(업무용),울산,동구,울산 동구 일산동 579-24 센트럴나인 3층 306호,"85,000,000","41,650,000",낙찰,"62,583,000",73.6%,2026-01-13,2026_1Q,0
울산 4계 2024-9008(7),오피스텔(주거),오피스텔,오피스텔(업무용),울산,동구,울산 동구 일산동 579-24 센트럴나인 3층 307호,"80,000,000","39,200,000",낙찰,"45,699,990",57.1%,2026-01-13,2026_1Q,0
울산 4계 2024-9008(8),오피스텔,오피스텔,오피스텔(업무용),울산,동구,울산 동구 일산동 579-24 센트럴나인 3층 308호,"80,000,000","39,200,000",낙찰,"44,160,000",55.2%,2026-01-13,2026_1Q,0
울산 4계 2024-9008(9),오피스텔(주거),오피스텔,오피스텔(업무용),울산,동구,울산 동구 일산동 579-24 센트럴나인 3층 309호,"88,000,000","43,120,000",낙찰,"50,169,990",57.0%,2026-01-13,2026_1Q,0
울산 4계 2024-9008(10),오피스텔(주거),오피스텔,오피스텔(업무용),울산,동구,울산 동구 일산동 579-24 센트럴나인 3층 310호,"80,000,000","39,200,000",낙찰,"48,510,000",60.6%,2026-01-13,2026_1Q,0
울산 9계 2024-9213,아파트,아파트,아파트,울산,울주군,울산 울주군 언양읍 반천리 1023-51 현대 105동 2층 206호,"81,000,000","56,700,000",낙찰,"60,151,000",74.3%,2026-02-25,2026_1Q,0
울산 8계 2024-9305(1),점포,근린상가,점포상가,울산,울주군,울산 울주군 언양읍 반송리 941,"718,646,200","352,136,000",낙찰,"419,000,000",58.3%,2026-03-10,2026_1Q,0
울산 8계 2024-9305(2),임야,임야,임야,울산,울주군,울산 울주군 언양읍 반송리 산136-14,"50,257,000","24,626,000",낙찰,"29,000,000",57.7%,2026-03-10,2026_1Q,0
울산 6계 2024-9442,다가구,다가구,다가구,울산,동구,"울산 동구 방어동 424-11 ,418-9","1,008,400,000","494,116,000",낙찰,"630,000,000",62.5%,2026-03-04,2026_1Q,0
울산 8계 2024-9497,아파트,아파트,아파트,울산,북구,"울산 북구 상안동 381-1 ,369-6,371-11,1204-21,천곡동 409,1022-12 쌍용아진그린타운 205동 10층 1003호","139,000,000","139,000,000",낙찰,"143,000,000",102.9%,2026-02-03,2026_1Q,0
울산 4계 2024-9701,아파트,아파트,아파트,울산,남구,울산 남구 삼산동 1607-1 현대문화 201동 14층 1409호,"165,000,000","80,850,000",낙찰,"150,000,000",90.9%,2026-02-11,2026_1Q,0
울산 5계 2024-9718,오피스텔(주거),오피스텔,오피스텔(업무용),울산,남구,울산 남구 달동 881-10 쁘띠팔레드시티 14층 1402호,"275,000,000","66,028,000",낙찰,"178,500,000",64.9%,2026-01-28,2026_1Q,0
울산 2계 2024-9787,단독주택,단독,단독주택,울산,울주군,울산 울주군 두서면 인보리 230-2,"167,359,700","117,152,000",낙찰,"131,780,009",78.7%,2026-02-19,2026_1Q,0
울산 9계 2024-9824,주상복합(주거),기타토지,기타토지,울산,동구,울산 동구 방어동 261-13 렉스 10층 1003호,"200,000,000","140,000,000",낙찰,"170,010,000",85.0%,2026-02-25,2026_1Q,0
울산 8계 2024-10107,오피스텔,오피스텔,오피스텔(업무용),울산,중구,울산 중구 유곡동 205 리더스오피스텔 7층 707호,"92,000,000","45,080,000",낙찰,"50,000,000",54.3%,2026-03-10,2026_1Q,0
울산 7계 2024-10237,아파트상가,아파트상가,근린상가,울산,동구,울산 동구 동부동 661 한신 상가동 2층,"103,000,000","24,730,000",낙찰,"27,888,000",27.1%,2026-02-24,2026_1Q,0
울산 2계 2024-10244,다세대,다세대주택,다세대,울산,중구,울산 중구 복산동 40-27 신안빌라 에이동 4층 402호,"92,000,000","64,400,000",낙찰,"70,700,000",76.8%,2026-01-15,2026_1Q,0
울산 8계 2024-10251,근린상가,근린상가,근린상가,울산,중구,울산 중구 학성동 56,"1,717,228,040","589,009,000",낙찰,"852,000,000",49.6%,2026-02-03,2026_1Q,0
울산 5계 2024-10343,근린상가,근린상가,근린상가,울산,동구,울산 동구 일산동 945 울산일산동테라스파크 1동 3층 비303호,"327,000,000","112,161,000",낙찰,"120,000,000",36.7%,2026-03-05,2026_1Q,0
울산 4계 2024-10374,아파트,아파트,아파트,울산,남구,울산 남구 삼산동 1564-1 삼산동대성스카이렉스 102동 26층 2602호,"517,000,000","361,900,000",낙찰,"505,610,000",97.8%,2026-01-13,2026_1Q,0
울산 8계 2024-100574,아파트,아파트,아파트,울산,동구,울산 동구 방어동 992-2 풍성비치타운 1동 7층 702호,"114,000,000","55,860,000",낙찰,"83,990,000",73.7%,2026-02-03,2026_1Q,0
울산 1계 2024-100963(2),도로,기타토지,기타토지,울산,울주군,울산 울주군 서생면 신암리 산69-2,"265,862,000","91,190,000",낙찰,"120,300,000",45.2%,2026-01-14,2026_1Q,0
울산 6계 2024-101010(2),근린상가,근린상가,근린상가,울산,북구,울산 북구 산하동 1019-1 신한마린스퀘어 2층 209호,"624,000,000","149,822,000",낙찰,"155,100,000",24.9%,2026-03-04,2026_1Q,0
울산 2계 2024-101591,아파트,아파트,아파트,울산,울주군,울산 울주군 언양읍 동부리 498 신울산경남아너스빌 104동 17층 1704호,"396,000,000","277,200,000",낙찰,"330,000,000",83.3%,2026-02-19,2026_1Q,0
울산 6계 2024-102556(3),임야,임야,임야,울산,울주군,울산 울주군 온양읍 동상리 산148-7,"5,148,000","1,766,000",낙찰,"1,800,100",35.0%,2026-03-04,2026_1Q,0
울산 7계 2024-102617,공장,공장(지식산업센터 업무시설),공장,울산,북구,울산 북구 진장동 819-2,"2,670,588,370","1,308,588,000",낙찰,"2,040,000,000",76.4%,2026-02-24,2026_1Q,0
울산 8계 2024-103061,단독주택,단독,단독주택,울산,울주군,울산 울주군 삼남읍 상천리 427-628 1동호,"3,304,173,600","2,312,922,000",낙찰,"2,800,000,000",84.7%,2026-02-03,2026_1Q,0
울산 8계 2024-104811,아파트,아파트,아파트,울산,울주군,울산 울주군 범서읍 천상리 578 천상청구그린타운 101동 1층 106호,"195,000,000","136,500,000",낙찰,"137,001,000",70.3%,2026-03-10,2026_1Q,0
울산 1계 2024-105258,공장,공장(지식산업센터 업무시설),공장,울산,울주군,울산 울주군 언양읍 반천리 1116-1 A공장동,"2,394,557,140","1,676,190,000",낙찰,"1,850,000,000",77.3%,2026-01-14,2026_1Q,0
울산 5계 2024-106190(1),대지,나대지,나대지,울산,북구,울산 북구 호계동 987-7,"554,592,000","271,750,000",낙찰,"276,000,000",49.8%,2026-01-28,2026_1Q,0
울산 5계 2024-106190(2),대지,나대지,나대지,울산,북구,울산 북구 호계동 987-8,"554,592,000","271,750,000",낙찰,"332,000,000",59.9%,2026-01-28,2026_1Q,0
울산 5계 2024-106886,오피스텔(주거),오피스텔,오피스텔(업무용),울산,남구,울산 남구 신정동 627-3 더렉스 7층 702호,"200,000,000","16,471,000",낙찰,"16,471,900",8.2%,2026-03-05,2026_1Q,0
울산 8계 2024-106961,오피스텔(주거),오피스텔,오피스텔(업무용),울산,남구,울산 남구 신정동 627-3 더렉스 8층 802호,"210,000,000","17,295,000",낙찰,"17,295,000",8.2%,2026-03-10,2026_1Q,0
울산 9계 2024-107544,주상복합(주거),기타토지,기타토지,울산,동구,울산 동구 전하동 303-1 웰빙타워 4층 403호,"184,000,000","90,160,000",낙찰,"123,778,000",67.3%,2026-02-25,2026_1Q,0
울산 4계 2024-107568(1),다세대,다세대주택,다세대,울산,동구,울산 동구 동부동 366-3 1동 2층 4호,"95,000,000","11,177,000",낙찰,"11,700,000",12.3%,2026-02-11,2026_1Q,0
울산 9계 2024-108172,전,전,전,울산,울주군,울산 울주군 서생면 나사리 211,"952,000,000","326,536,000",낙찰,"336,336,000",35.3%,2026-01-07,2026_1Q,0
울산 6계 2024-108318,공장,공장(지식산업센터 업무시설),공장,울산,울주군,울산 울주군 언양읍 반천리 1105-2 1동,"4,113,016,700","2,879,112,000",낙찰,"3,290,413,500",80.0%,2026-03-04,2026_1Q,0
울산 9계 2024-108516,임야,임야,임야,울산,울주군,울산 울주군 범서읍 굴화리 164-9,"16,940,000","4,068,000",낙찰,"4,120,000",24.3%,2026-01-07,2026_1Q,0
울산 9계 2024-108936,목욕시설,기타건물,기타건물,울산,울주군,"울산 울주군 온산읍 덕신리 362-3 ,362-4,362-2","1,992,865,310","683,553,000",낙찰,"817,777,000",41.0%,2026-01-07,2026_1Q,0
울산 9계 2024-109113,주유소,기타건물,주유소,울산,중구,울산 중구 복산동 264-2 수성제일셀프주유소 가동,"3,835,530,800","3,835,530,800",낙찰,"4,000,000,000",104.3%,2026-01-07,2026_1Q,0
울산 8계 2024-109311(2),오피스텔(주거),오피스텔,오피스텔(업무용),울산,울주군,울산 울주군 삼남읍 신화리 1605-1 센트로2 6-10층 902호,"80,000,000","39,200,000",낙찰,"41,220,000",51.5%,2026-03-10,2026_1Q,0
울산 8계 2024-109311(4),오피스텔(주거),오피스텔,오피스텔(업무용),울산,울주군,울산 울주군 삼남읍 신화리 1605-1 센트로2 6-10층 905호,"80,000,000","39,200,000",낙찰,"47,378,900",59.2%,2026-03-10,2026_1Q,0
울산 8계 2024-109311(6),오피스텔(주거),오피스텔,오피스텔(업무용),울산,울주군,울산 울주군 삼남읍 신화리 1605-1 센트로2 6-10층 1005호,"80,000,000","39,200,000",낙찰,"50,378,000",63.0%,2026-03-10,2026_1Q,0
울산 7계 2024-109403,오피스텔(주거),오피스텔,오피스텔(업무용),울산,남구,울산 남구 신정동 703-12 선샤인Ⅰ주건축물 1동 5층 501호,"252,000,000","29,648,000",낙찰,"230,000,000",91.3%,2026-01-06,2026_1Q,0
울산 9계 2024-109700(1),과수원,과수원,과수원,울산,울주군,울산 울주군 서생면 신암리 133,"87,772,000","21,074,000",낙찰,"27,850,000",31.7%,2026-02-25,2026_1Q,0
울산 2계 2024-109748,오피스텔(주거),오피스텔,오피스텔(업무용),울산,남구,울산 남구 신정동 627-3 더렉스 7층 703호,"195,000,000","16,059,000",낙찰,"19,700,000",10.1%,2026-02-19,2026_1Q,0
울산 10계 2024-109854,숙박시설,숙박시설,숙박시설,울산,울주군,울산 울주군 서생면 진하리 72-10,"4,636,817,400","1,590,428,000",낙찰,"2,210,000,000",47.7%,2026-02-12,2026_1Q,0
울산 6계 2024-111055,임야,임야,임야,울산,울주군,울산 울주군 청량읍 개곡리 산111,"312,004,000","107,017,000",낙찰,"120,000,000",38.5%,2026-01-21,2026_1Q,0
울산 8계 2024-111079,임야,임야,임야,울산,울주군,울산 울주군 상북면 산전리 산106-15,"322,632,000","110,662,000",낙찰,"151,000,000",46.8%,2026-02-03,2026_1Q,0
울산 2계 2024-111130,임야,임야,임야,울산,울주군,울산 울주군 두동면 은편리 275-34,"212,296,000","50,973,000",낙찰,"61,110,000",28.8%,2026-01-15,2026_1Q,0
울산 2계 2024-111154,답,답,답,울산,중구,울산 중구 성안동 574-2,"9,683,200","1,140,000",낙찰,"1,140,000",11.8%,2026-02-19,2026_1Q,0
울산 8계 2024-111772,전,전,전,울산,북구,울산 북구 중산동 544-1,"39,347,000","9,447,000",낙찰,"9,710,000",24.7%,2026-03-10,2026_1Q,0
울산 6계 2024-112072,아파트,아파트,아파트,울산,북구,울산 북구 명촌동 진장명촌토지구획정리지구115블럭1-1롯트 평창리비에르3차 309동 12층 1202호,"254,000,000","177,800,000",낙찰,"236,251,106",93.0%,2026-03-04,2026_1Q,0
울산 8계 2024-112522,근린주택,근린주택,근린주택,울산,남구,울산 남구 삼산동 1557-11,"1,641,724,120","804,445,000",낙찰,"968,000,000",59.0%,2026-03-10,2026_1Q,0
울산 9계 2024-112768,전,전,전,울산,울주군,울산 울주군 범서읍 망성리 373-2,"44,477,000","10,679,000",낙찰,"17,800,000",40.0%,2026-01-07,2026_1Q,0
울산 5계 2024-113693(2),주상복합(상가),기타토지,기타토지,울산,남구,울산 남구 신정동 547-8 신정동풀비체 2층 205호,"164,000,000","80,360,000",낙찰,"81,000,000",49.4%,2026-01-28,2026_1Q,0
울산 4계 2024-114047(1),근린상가,근린상가,근린상가,울산,중구,울산 중구 서동 612-7 굿프라임Ⅰ 1층 101호,"496,000,000","83,363,000",낙찰,"125,000,000",25.2%,2026-01-13,2026_1Q,0
울산 4계 2024-114047(2),근린상가,근린상가,근린상가,울산,중구,울산 중구 서동 612-7 굿프라임Ⅰ 1층 102호,"479,000,000","80,506,000",낙찰,"105,681,000",22.1%,2026-01-13,2026_1Q,0
울산 5계 2024-114054(1),임야,임야,임야,울산,울주군,울산 울주군 삼동면 조일리 산37,"44,986,200","7,561,000",낙찰,"8,111,112",18.0%,2026-03-05,2026_1Q,0
울산 5계 2024-114054(2),임야,임야,임야,울산,울주군,울산 울주군 삼동면 조일리 산123,"92,887,200","15,612,000",낙찰,"16,111,112",17.3%,2026-03-05,2026_1Q,0
울산 4계 2024-114436,다세대,다세대주택,다세대,울산,중구,울산 중구 동동 471-7 고은빌라 지하층 101호,"46,000,000","7,732,000",낙찰,"12,010,000",26.1%,2026-01-13,2026_1Q,0
울산 5계 2024-114474,주상복합(주거),기타토지,기타토지,울산,동구,울산 동구 화정동 650-3 정우6차센트럴빌 5층 502호,"225,000,000","110,250,000",낙찰,"153,999,000",68.4%,2026-01-28,2026_1Q,0
울산 2계 2024-114931,연립,연립주택,연립·빌라,울산,중구,울산 중구 동동 471-125 신화연립 B동 1층 203호,"70,000,000","34,300,000",낙찰,"36,000,000",51.4%,2026-02-19,2026_1Q,0
울산 2계 2024-115101,아파트,아파트,아파트,울산,동구,울산 동구 동부동 421 벽산유토피아 101동 3층 308호,"153,000,000","107,100,000",낙찰,"107,115,910",70.0%,2026-01-15,2026_1Q,0
울산 10계 2024-115309(3),대지,나대지,나대지,울산,동구,울산 동구 방어동 925-12,"2,268,874,400","544,757,000",낙찰,"555,000,000",24.5%,2026-02-12,2026_1Q,0
울산 5계 2024-115347,오피스텔(주거),오피스텔,오피스텔(업무용),울산,울주군,울산 울주군 범서읍 구영리 716-3 엣지타워 2층 301호,"128,000,000","43,904,000",낙찰,"58,777,777",45.9%,2026-01-28,2026_1Q,0
울산 8계 2024-115354,임야,임야,임야,울산,북구,울산 북구 염포동 산61,"72,730,800","17,463,000",낙찰,"21,800,000",30.0%,2026-03-10,2026_1Q,0
울산 5계 2024-115583,아파트,아파트,아파트,울산,북구,"울산 북구 중산동 1277-1 ,1277-2,1277-3 울산오토밸리로줌파크 107동 1층 104호","208,000,000","208,000,000",낙찰,"208,900,000",100.4%,2026-03-05,2026_1Q,0
울산 5계 2024-116074,공장,공장(지식산업센터 업무시설),공장,울산,울주군,울산 울주군 두동면 봉계리 656 1동,"3,707,785,380","2,595,450,000",낙찰,"2,753,000,000",74.2%,2026-03-05,2026_1Q,0
울산 5계 2024-116104,다세대,다세대주택,다세대,울산,울주군,울산 울주군 삼남읍 교동리 530-1 한신빌라 101동 4층 402호,"110,000,000","37,730,000",낙찰,"46,781,127",42.5%,2026-01-28,2026_1Q,0
울산 8계 2024-116302,임야,임야,임야,울산,중구,울산 중구 우정동 산5,"57,348,000","19,671,000",낙찰,"19,690,000",34.3%,2026-02-03,2026_1Q,0
울산 9계 2024-116333,다세대,다세대주택,다세대,울산,북구,"울산 북구 염포동 999-13 ,999-14 초원빌라 3동 3층 302호","87,000,000","60,900,000",낙찰,"70,999,000",81.6%,2026-01-07,2026_1Q,0
울산 1계 2024-116586(1),오피스텔(주거),오피스텔,오피스텔(업무용),울산,남구,울산 남구 달동 881-10 쁘띠팔레드시티 17층 1702호,"250,000,000","175,000,000",낙찰,"200,000,000",80.0%,2026-01-14,2026_1Q,0
울산 1계 2024-116586(2),오피스텔(주거),오피스텔,오피스텔(업무용),울산,남구,울산 남구 달동 881-10 쁘띠팔레드시티 15층 1501호,"242,000,000","169,400,000",낙찰,"189,000,000",78.1%,2026-01-14,2026_1Q,0
울산 9계 2024-117374,아파트,아파트,아파트,울산,울주군,"울산 울주군 삼남읍 교동리 1678 ,1679 영남알프스타운 113동 10층 1004호","80,000,000","56,000,000",낙찰,"66,110,000",82.6%,2026-01-07,2026_1Q,0
울산 1계 2024-117398,오피스텔,오피스텔,오피스텔(업무용),울산,중구,울산 중구 학성동 470-4 울산트리지움 2층 202호,"290,000,000","203,000,000",낙찰,"223,000,000",76.9%,2026-01-14,2026_1Q,0
울산 9계 2024-117411,주상복합(주거),기타토지,기타토지,울산,남구,울산 남구 신정동 1874 동문아뮤티 20층 101-2003호,"500,000,000","350,000,000",낙찰,"458,888,000",91.8%,2026-01-07,2026_1Q,0
울산 1계 2024-117435,다세대,다세대주택,다세대,울산,북구,울산 북구 호계동 393 안국빌라 1층 102호,"85,000,000","41,650,000",낙찰,"54,310,000",63.9%,2026-01-14,2026_1Q,0
울산 3계 2024-117459,임야,임야,임야,울산,울주군,울산 울주군 두동면 삼정리 산12,"79,874,400","9,398,000",낙찰,"10,000,000",12.5%,2026-02-13,2026_1Q,0
울산 8계 2024-117695,단독주택,단독,단독주택,울산,동구,울산 동구 화정동 607-4,"245,186,640","41,208,000",낙찰,"59,090,000",24.1%,2026-03-10,2026_1Q,0
울산 10계 2024-117855,오피스텔(주거),오피스텔,오피스텔(업무용),울산,남구,"울산 남구 신정동 1230-9 ,1230-10 더위미 13층 1302호","270,000,000","31,765,000",낙찰,"32,000,000",11.9%,2026-02-12,2026_1Q,0
울산 6계 2024-118179,임야,임야,임야,울산,북구,울산 북구 무룡동 산33-22,"14,608,000","7,158,000",낙찰,"10,100,000",69.1%,2026-03-04,2026_1Q,0
울산 6계 2024-118391,오피스텔(주거),오피스텔,오피스텔(업무용),울산,남구,울산 남구 신정동 480-16 성안리더스 6층 600호,"253,000,000","123,970,000",낙찰,"165,555,000",65.4%,2026-03-04,2026_1Q,0
울산 9계 2024-118421,아파트,아파트,아파트,울산,울주군,울산 울주군 범서읍 천상리 259-5 극동 102동 1층 108호,"140,000,000","98,000,000",낙찰,"98,110,010",70.1%,2026-01-07,2026_1Q,0
울산 10계 2024-118476,아파트,아파트,아파트,울산,북구,울산 북구 산하동 968-2 힐스테이트강동 106동 6층 602호,"316,000,000","221,200,000",낙찰,"273,580,000",86.6%,2026-01-08,2026_1Q,0
울산 4계 2024-118643,아파트,아파트,아파트,울산,북구,"울산 북구 천곡동 402 ,408,1021-8 원동현대 104동 14층 1404호","108,000,000","75,600,000",낙찰,"81,800,000",75.7%,2026-01-13,2026_1Q,0
울산 9계 2024-118841,임야,임야,임야,울산,울주군,울산 울주군 상북면 이천리 22,"18,564,000","9,097,000",낙찰,"9,100,000",49.0%,2026-02-25,2026_1Q,0
울산 7계 2024-118919,답,답,답,울산,울주군,울산 울주군 웅촌면 검단리 174-6,"36,656,000","6,161,000",낙찰,"6,500,000",17.7%,2026-01-06,2026_1Q,0
울산 3계 2024-118957,아파트,아파트,아파트,울산,남구,"울산 남구 야음동 594-37 ,594-10,신정동 851-20,851-21 신정현대홈타운 103동 23층 2301호","420,000,000","294,000,000",낙찰,"460,000,000",109.5%,2026-01-09,2026_1Q,0
울산 4계 2024-119011,근린주택,근린주택,근린주택,울산,울주군,울산 울주군 온산읍 덕신리 1336-3 1동호,"514,810,720","360,368,000",낙찰,"376,560,000",73.1%,2026-01-13,2026_1Q,0
울산 9계 2024-119196,다세대,다세대주택,다세대,울산,남구,울산 남구 달동 1302-12 유일원룸 3층 306호,"61,000,000","29,890,000",낙찰,"31,999,990",52.5%,2026-02-25,2026_1Q,0
울산 8계 2024-119431,근린상가,근린상가,근린상가,울산,울주군,"울산 울주군 삼동면 작동리 208-52 ,208-1","1,256,721,870","615,794,000",낙찰,"750,000,000",59.7%,2026-03-10,2026_1Q,0
울산 9계 2024-119493,오피스텔(주거),오피스텔,오피스텔(업무용),울산,중구,울산 중구 반구동 106-3 소담팰리스 3층 316호,"68,000,000","68,000,000",낙찰,"68,000,000",100.0%,2026-01-07,2026_1Q,0
울산 3계 2024-119615,답,답,답,울산,울주군,울산 울주군 두서면 미호리 469,"723,820,000","248,270,000",낙찰,"251,500,000",34.7%,2026-01-09,2026_1Q,0
울산 5계 2024-119721(1),임야,임야,임야,울산,북구,울산 북구 구유동 산101-1,"152,724,000","36,670,000",낙찰,"37,777,000",24.7%,2026-03-05,2026_1Q,0
울산 6계 2024-119738,아파트,아파트,아파트,울산,울주군,울산 울주군 청량읍 상남리 696-1 울산덕하신일해피트리 106동 4층 403호,"387,000,000","270,900,000",낙찰,"361,999,000",93.5%,2026-01-21,2026_1Q,0
울산 9계 2024-120189,아파트,아파트,아파트,울산,남구,울산 남구 선암동 선암1지구29블럭1롯트 신선산휴먼빌 103동 18층 1802호,"318,000,000","222,600,000",낙찰,"287,980,821",90.6%,2026-02-25,2026_1Q,0
울산 9계 2024-120578,오피스텔,오피스텔,오피스텔(업무용),울산,남구,"울산 남구 선암동 선암1지구12블럭5롯트,12블럭5-1롯트 드림하우스-빌 7층 701호","170,000,000","119,000,000",낙찰,"120,200,000",70.7%,2026-02-25,2026_1Q,0
울산 1계 2024-120660,아파트,아파트,아파트,울산,울주군,울산 울주군 범서읍 천상리 574-1 천상청구그린타운 201동 12층 1205호,"107,000,000","74,900,000",낙찰,"100,000,000",93.5%,2026-02-26,2026_1Q,0
울산 4계 2024-120691,다가구,다가구,다가구,울산,중구,울산 중구 성안동 861-6,"855,948,280","419,415,000",낙찰,"419,500,000",49.0%,2026-02-11,2026_1Q,0
울산 9계 2024-120721(1),답,답,답,울산,중구,울산 중구 약사동 151,"63,840,000","44,688,000",낙찰,"44,700,000",70.0%,2026-02-25,2026_1Q,0
울산 1계 2024-120745,근린주택,근린주택,근린주택,울산,남구,울산 남구 무거동 586-9,"3,283,872,900","2,298,711,000",낙찰,"2,317,000,000",70.6%,2026-02-26,2026_1Q,0
울산 3계 2025-15,단독주택,단독,단독주택,울산,울주군,울산 울주군 두동면 은편리 23-3 1동,"559,922,840","274,362,000",낙찰,"289,362,000",51.7%,2026-01-09,2026_1Q,0
울산 10계 2025-60(2),답,답,답,울산,북구,울산 북구 무룡동 50,"273,333,000","133,933,000",낙찰,"189,000,000",69.1%,2026-02-12,2026_1Q,0
울산 5계 2025-145,오피스텔(주거),오피스텔,오피스텔(업무용),울산,남구,울산 남구 신정동 1222-7 신정반트펠리시아 19층 1902호,"204,000,000","142,800,000",낙찰,"200,000,000",98.0%,2026-01-28,2026_1Q,0
울산 8계 2025-329,다가구,다가구,다가구,울산,중구,울산 중구 다운동 821-11,"512,248,340","251,002,000",낙찰,"360,020,000",70.3%,2026-03-10,2026_1Q,0
울산 9계 2025-336,아파트,아파트,아파트,울산,남구,울산 남구 삼산동 183-1 삼산리버뷰웰가 102동 4층 405호,"315,000,000","315,000,000",낙찰,"315,799,000",100.3%,2026-02-25,2026_1Q,0
울산 6계 2025-398,오피스텔(주거),오피스텔,오피스텔(업무용),울산,남구,"울산 남구 신정동 1230-9 ,1230-10 더위미 8층 802호","195,000,000","136,500,000",낙찰,"183,666,000",94.2%,2026-03-04,2026_1Q,0
울산 9계 2025-657,아파트,아파트,아파트,울산,중구,울산 중구 반구동 106-3 소담팰리스 5층 506호,"73,000,000","73,000,000",낙찰,"73,000,000",100.0%,2026-02-25,2026_1Q,0
울산 10계 2025-899,아파트,아파트,아파트,울산,북구,"울산 북구 중산동 676-1 ,1166-68,1200-20 현우파크맨션 1층 105호","67,000,000","46,900,000",낙찰,"52,000,000",77.6%,2026-01-08,2026_1Q,0
울산 5계 2025-921,아파트,아파트,아파트,울산,동구,"울산 동구 서부동 257-4 ,249-8 현대패밀리서부 107동 9층 903호","96,200,000","67,340,000",낙찰,"74,000,000",76.9%,2026-01-28,2026_1Q,0
울산 8계 2025-924,임야,임야,임야,울산,울주군,울산 울주군 두동면 월평리 산194,"656,670,000","321,768,000",낙찰,"322,000,000",49.0%,2026-03-10,2026_1Q,0
울산 8계 2025-939,아파트형공장,공장(지식산업센터 업무시설),공장,울산,중구,울산 중구 서동 639 세영이노세븐지식산업센터 8층 시805호,"275,000,000","94,325,000",낙찰,"95,420,000",34.7%,2026-02-03,2026_1Q,0
울산 5계 2025-946,단독주택,단독,단독주택,울산,중구,울산 중구 반구동 52-20,"334,766,880","164,036,000",낙찰,"268,001,000",80.1%,2026-03-05,2026_1Q,0
울산 7계 2025-971,대지,나대지,나대지,울산,울주군,울산 울주군 상북면 등억알프스리 538-8,"325,760,000","78,215,000",낙찰,"98,000,000",30.1%,2026-02-24,2026_1Q,0
울산 3계 2025-985,오피스텔(주거),오피스텔,오피스텔(업무용),울산,남구,울산 남구 신정동 1201-7 펠리체 6층 602호,"285,000,000","199,500,000",낙찰,"230,989,000",81.0%,2026-02-13,2026_1Q,0
울산 8계 2025-988,아파트,아파트,아파트,울산,남구,울산 남구 삼산동 172-1 세양청구마을 102동 12층 1208호,"330,000,000","231,000,000",낙찰,"324,852,000",98.4%,2026-03-10,2026_1Q,0
울산 5계 2025-1012,아파트,아파트,아파트,울산,울주군,울산 울주군 온양읍 망양리 794 이편한세상울산온양 105동 24층 2401호,"329,000,000","230,300,000",낙찰,"312,915,812",95.1%,2026-03-05,2026_1Q,0
울산 7계 2025-1018,대지,나대지,나대지,울산,북구,울산 북구 창평동 450-5,"472,430,000","330,701,000",낙찰,"376,020,000",79.6%,2026-02-24,2026_1Q,0
울산 3계 2025-1031(1),답,답,답,울산,북구,울산 북구 천곡동 331-1,"320,751,000","157,168,000",낙찰,"190,600,000",59.4%,2026-02-13,2026_1Q,0
울산 3계 2025-1031(2),답,답,답,울산,북구,울산 북구 천곡동 331-2,"376,635,000","184,552,000",낙찰,"210,000,000",55.8%,2026-02-13,2026_1Q,0
울산 8계 2025-1236,아파트,아파트,아파트,울산,남구,울산 남구 무거동 1183-1 삼호 102동 11층 1103호,"163,000,000","163,000,000",낙찰,"169,600,000",104.0%,2026-03-10,2026_1Q,0
울산 6계 2025-1274,차량,기타토지,기타토지,울산,울주군,울산 울주군 언양읍 반천리 534 복산주차장내 보관,"7,500,000","5,250,000",낙찰,"6,719,000",89.6%,2026-01-21,2026_1Q,0
울산 10계 2025-10043,오피스텔(주거),오피스텔,오피스텔(업무용),울산,남구,울산 남구 달동 881-10 쁘띠팔레드시티 9층 903호,"252,000,000","176,400,000",낙찰,"210,000,000",83.3%,2026-01-08,2026_1Q,0
울산 2계 2025-10203,아파트,아파트,아파트,울산,동구,울산 동구 화정동 851-6 대하크리스탈 102동 9층 912호,"104,000,000","72,800,000",낙찰,"82,999,990",79.8%,2026-01-15,2026_1Q,0
울산 3계 2025-10326,아파트,아파트,아파트,울산,남구,울산 남구 선암동 559-12 선암서광 101동 23층 2302호,"150,000,000","105,000,000",낙찰,"148,560,000",99.0%,2026-01-09,2026_1Q,0
울산 4계 2025-10333,아파트,아파트,아파트,울산,남구,"울산 남구 야음동 881 ,878 울산롯데캐슬골드 203동 9층 904호","573,000,000","401,100,000",낙찰,"552,989,000",96.5%,2026-02-11,2026_1Q,0
울산 5계 2025-10340,다세대,다세대주택,다세대,울산,중구,울산 중구 성안동 504-19 금풍빌라 1층 101호,"122,000,000","85,400,000",낙찰,"101,090,000",82.9%,2026-01-28,2026_1Q,0
울산 6계 2025-10357(1),주상복합(주거),기타토지,기타토지,울산,남구,"울산 남구 신정동 1133-8 ,1133-9 힐그린뷰 주건축물 1동 6층 602호","308,000,000","215,600,000",낙찰,"285,999,000",92.9%,2026-03-04,2026_1Q,0
울산 2계 2025-10555,아파트,아파트,아파트,울산,북구,울산 북구 천곡동 940-10 대동황토방 202동 13층 1302호,"153,000,000","107,100,000",낙찰,"135,497,000",88.6%,2026-01-15,2026_1Q,0
울산 4계 2025-10586,점포,근린상가,점포상가,울산,중구,울산 중구 성안동 806-13,"335,999,040","235,199,000",낙찰,"237,200,000",70.6%,2026-02-11,2026_1Q,0
울산 5계 2025-10593,아파트,아파트,아파트,울산,북구,"울산 북구 중산동 617 ,621,622-3,622-4,1200-26,1200-27 현대글로리아 101동 17층 1707호","112,000,000","78,400,000",낙찰,"78,660,000",70.2%,2026-01-28,2026_1Q,0
울산 5계 2025-10623,아파트,아파트,아파트,울산,동구,"울산 동구 전하동 549-14 ,549-40,550-158,581-2,301-1,301-16 현대패밀리전하 102동 2층 203호","163,000,000","114,100,000",낙찰,"127,000,500",77.9%,2026-01-28,2026_1Q,0
울산 4계 2025-10722,연립,연립주택,연립·빌라,울산,남구,울산 남구 신정동 703-12 선샤인1주건축물 1동 8층 802호,"285,000,000","199,500,000",낙찰,"260,000,000",91.2%,2026-02-11,2026_1Q,0
울산 2계 2025-10869,아파트,아파트,아파트,울산,북구,울산 북구 상안동 358-1 쌍용아진그린타운 103동 13층 1310호,"133,000,000","93,100,000",낙찰,"117,988,000",88.7%,2026-02-19,2026_1Q,0
울산 3계 2025-10876,오피스텔(주거),오피스텔,오피스텔(업무용),울산,남구,울산 남구 달동 881-10 쁘띠팔레드시티 4층 401호,"257,000,000","125,930,000",낙찰,"133,999,999",52.1%,2026-01-09,2026_1Q,0
울산 2계 2025-11401,아파트,아파트,아파트,울산,남구,"울산 남구 신정동 851-20 ,851-21,851-40,야음동 594-10,594-37 신정현대홈타운 304동 21층 2106호","389,000,000","389,000,000",낙찰,"393,390,000",101.1%,2026-01-15,2026_1Q,0
울산 5계 2025-11457,아파트,아파트,아파트,울산,동구,울산 동구 화정동 162 대송현대 103동 15층 1609호,"109,000,000","109,000,000",낙찰,"112,989,000",103.7%,2026-01-28,2026_1Q,0
울산 3계 2025-11527,아파트,아파트,아파트,울산,동구,울산 동구 방어동 120-5 방어진 1층 103호,"86,000,000","60,200,000",낙찰,"61,200,000",71.2%,2026-01-09,2026_1Q,0
울산 3계 2025-11539,점포,근린상가,점포상가,울산,중구,울산 중구 성남동 84-4 1동,"526,450,000","257,961,000",낙찰,"285,600,000",54.3%,2026-02-13,2026_1Q,0
울산 10계 2025-11543,오피스텔(주거),오피스텔,오피스텔(업무용),울산,남구,울산 남구 신정동 1222-7 신정반트펠리시아 9층 902호,"213,000,000","213,000,000",낙찰,"216,500,000",101.6%,2026-01-08,2026_1Q,0
울산 8계 2025-11562,오피스텔(주거),오피스텔,오피스텔(업무용),울산,남구,울산 남구 신정동 1323-50 수아지오시티 11층 1108호,"180,000,000","88,200,000",낙찰,"173,500,000",96.4%,2026-02-03,2026_1Q,0
울산 3계 2025-11588,아파트,아파트,아파트,울산,동구,"울산 동구 방어동 971-1 ,972 삼전아이필2차 101동 8층 806호","159,000,000","111,300,000",낙찰,"120,020,000",75.5%,2026-01-09,2026_1Q,0
울산 6계 2025-11593,다세대,다세대주택,다세대,울산,북구,울산 북구 산하동 1001-3 강동산하지구52블록3로트 센트럴 플레이스 6층 601호,"506,000,000","247,940,000",낙찰,"334,000,000",66.0%,2026-03-04,2026_1Q,0
울산 10계 2025-11596,임야,임야,임야,울산,남구,울산 남구 옥동 산79-1,"361,136,000","361,136,000",낙찰,"505,000,000",139.8%,2026-02-12,2026_1Q,0
울산 2계 2025-11626,차량,기타토지,기타토지,울산,남구,울산 남구 두왕동 453-7 현대주차장내 보관(제3자 손영숙 보관),"10,500,000","5,145,000",낙찰,"5,670,000",54.0%,2026-01-15,2026_1Q,0
울산 10계 2025-11640,차량,기타토지,기타토지,울산,울주군,울산 울주군 언양읍 반천리 534 복산주차장내 보관,"19,000,000","13,300,000",낙찰,"13,878,000",73.0%,2026-01-08,2026_1Q,0
울산 7계 2025-11655,단독주택,단독,단독주택,울산,동구,울산 동구 주전동 142-5,"74,356,600","36,435,000",낙찰,"38,977,000",52.4%,2026-01-06,2026_1Q,0
울산 3계 2025-11679,단독주택,단독,단독주택,울산,북구,울산 북구 무룡동 466-3,"225,194,840","157,636,000",낙찰,"183,989,000",81.7%,2026-02-13,2026_1Q,0
울산 8계 2025-11703,다세대,다세대주택,다세대,울산,북구,울산 북구 연암동 388-16 공원그린빌라 2층 102호,"130,000,000","91,000,000",낙찰,"105,500,000",81.2%,2026-03-10,2026_1Q,0
울산 1계 2025-11858,차량,기타토지,기타토지,울산,울주군,울산 울주군 언양읍 반천리 534 복산주차장내 보관(제3자 이성학에게 보관),"30,000,000","14,700,000",낙찰,"16,710,000",55.7%,2026-02-26,2026_1Q,0
울산 5계 2025-11889,차량,기타토지,기타토지,울산,울주군,울산 울주군 언양읍 반천리 534 복산주차장내 보관,"16,000,000","11,200,000",낙찰,"13,077,000",81.7%,2026-01-28,2026_1Q,0
울산 7계 2025-11907,단독주택,단독,단독주택,울산,중구,울산 중구 약사동 345-7,"762,105,120","533,474,000",낙찰,"642,100,000",84.3%,2026-02-24,2026_1Q,0
울산 10계 2025-11989,차량,기타토지,기타토지,울산,남구,울산 남구 두왕동 453-7 현대주차장내 보관,"25,000,000","17,500,000",낙찰,"21,790,000",87.2%,2026-01-08,2026_1Q,0
울산 7계 2025-12073,아파트,아파트,아파트,울산,울주군,울산 울주군 삼남읍 교동리 1522-5 태봉파크 102동 8층 810호,"78,000,000","54,600,000",낙찰,"55,888,000",71.7%,2026-02-24,2026_1Q,0
울산 5계 2025-12155,차량,기타토지,기타토지,울산,울주군,울산 울주군 언양읍 반천리 534 내 보관,"48,000,000","33,600,000",낙찰,"38,600,000",80.4%,2026-03-05,2026_1Q,0
울산 7계 2025-12186,근린상가,근린상가,근린상가,울산,북구,울산 북구 매곡동 349-6,"3,052,502,080","2,136,751,000",낙찰,"2,202,555,000",72.2%,2026-02-24,2026_1Q,0
울산 7계 2025-12194,아파트,아파트,아파트,울산,남구,"울산 남구 야음동 878 ,881 울산롯데캐슬골드 205동 12층 1201호","572,000,000","400,400,000",낙찰,"570,888,000",99.8%,2026-02-24,2026_1Q,0
울산 9계 2025-12217,차량,기타토지,기타토지,울산,울주군,울산 울주군 언양읍 반천리 534 복산주차장내 보관,"14,000,000","9,800,000",낙찰,"12,702,000",90.7%,2026-01-07,2026_1Q,0
울산 3계 2025-12230,차량,기타토지,기타토지,울산,울주군,울산 울주군 언양읍 반천리 534 복산주차장내 보관(이성학 보관),"11,000,000","5,390,000",낙찰,"7,880,000",71.6%,2026-02-13,2026_1Q,0
울산 6계 2025-12286,차량,기타토지,기타토지,울산,울주군,울산 울주군 언양읍 반천리 534 복산주차장내 보관,"13,000,000","9,100,000",낙찰,"9,570,000",73.6%,2026-01-21,2026_1Q,0
울산 8계 2025-12289,차량,기타토지,기타토지,울산,울주군,울산 울주군 언양읍 반천리 534 복산주차장내 보관(제3자 이성학에게 보관),"7,000,000","3,430,000",낙찰,"4,501,000",64.3%,2026-03-10,2026_1Q,0
울산 4계 2025-12349,차량,기타토지,기타토지,울산,남구,울산 남구 두왕동 453-7 현대주차장내 보관,"9,000,000","6,300,000",낙찰,"8,000,000",88.9%,2026-01-13,2026_1Q,0
울산 6계 2025-12358,차량,기타토지,기타토지,울산,울주군,울산 울주군 언양읍 반천리 534 복산주차장내 보관,"27,000,000","18,900,000",낙찰,"23,150,000",85.7%,2026-03-04,2026_1Q,0
울산 10계 2025-12362,차량,기타토지,기타토지,울산,울주군,울산 울주군 언양읍 반천리 534 복산주차장내 보관,"30,000,000","21,000,000",낙찰,"26,810,000",89.4%,2026-02-12,2026_1Q,0
울산 10계 2025-12423,차량,기타토지,기타토지,울산,울주군,울산 울주군 언양읍 반천리 534 복산주차장내 보관,"14,000,000","6,860,000",낙찰,"8,888,000",63.5%,2026-01-08,2026_1Q,0
울산 4계 2025-12554,차량,기타토지,기타토지,울산,울주군,울산 울주군 언양읍 반천리 534 복산주차장내 보관,"21,000,000","14,700,000",낙찰,"16,799,999",80.0%,2026-02-11,2026_1Q,0
울산 8계 2025-12574,차량,기타토지,기타토지,울산,울주군,울산 울주군 언양읍 반천리 534 복산주차장내 보관(제3자 이성학에게 보관),"9,000,000","6,300,000",낙찰,"7,510,000",83.4%,2026-02-03,2026_1Q,0
울산 10계 2025-12584,차량,기타토지,기타토지,울산,울주군,울산 울주군 언양읍 반천리 534 복산주차장내 보관,"40,000,000","28,000,000",낙찰,"34,590,000",86.5%,2026-02-12,2026_1Q,0
울산 5계 2025-12591,단독주택,단독,단독주택,울산,중구,울산 중구 성안동 794-7,"588,307,800","588,307,800",낙찰,"588,307,800",100.0%,2026-01-28,2026_1Q,0
울산 5계 2025-12615,차량,기타토지,기타토지,울산,울주군,울산 울주군 언양읍 반천리 534 복산주차장내 보관,"11,500,000","8,050,000",낙찰,"11,189,000",97.3%,2026-01-28,2026_1Q,0
울산 10계 2025-12657,차량,기타토지,기타토지,울산,울주군,울산 울주군 언양읍 반천리 534 복산주차장내 보관,"30,000,000","30,000,000",낙찰,"30,588,000",102.0%,2026-01-08,2026_1Q,0
울산 2계 2025-12659,차량,기타토지,기타토지,울산,울주군,울산 울주군 언양읍 반천리 534 복산주차장내 보관(제3자 이성학에게 보관),"23,000,000","23,000,000",낙찰,"23,520,000",102.3%,2026-02-19,2026_1Q,0
울산 5계 2025-12835,차량,기타토지,기타토지,울산,울주군,울산 울주군 언양읍 반천리 534 내 보관,"42,000,000","29,400,000",낙찰,"31,810,000",75.7%,2026-03-05,2026_1Q,0
